solid OpenSCAD_Model
  facet normal -0.555432 0 0.831562
    outer loop
      vertex -57.9192 3 156.396
      vertex -57.5 0 156.676
      vertex -57.5 3 156.676
    endloop
  endfacet
  facet normal -0.555213 0 0.831708
    outer loop
      vertex -57.9941 0 156.346
      vertex -57.9192 3 156.396
      vertex -57.9941 3 156.346
    endloop
  endfacet
  facet normal -0.555399 6.73211e-06 0.831584
    outer loop
      vertex -57.9192 3 156.396
      vertex -57.9941 0 156.346
      vertex -57.5 0 156.676
    endloop
  endfacet
  facet normal 0.441945 0 0.897042
    outer loop
      vertex 56.9134 3 156.965
      vertex 57.5 0 156.676
      vertex 57.5 3 156.676
    endloop
  endfacet
  facet normal 0.441945 0 0.897042
    outer loop
      vertex 57.5 0 156.676
      vertex 56.9134 3 156.965
      vertex 56.9134 0 156.965
    endloop
  endfacet
  facet normal -1 0 0
    outer loop
      vertex -60 0 -16
      vertex -60 9 15
      vertex -60 9 -16
    endloop
  endfacet
  facet normal -1 0 0
    outer loop
      vertex -60 5.5 20.4
      vertex -60 3 45
      vertex -60 5.5 45
    endloop
  endfacet
  facet normal -1 -0 0
    outer loop
      vertex -60 9 15
      vertex -60 0 -16
      vertex -60 5.5 20.4
    endloop
  endfacet
  facet normal -1 0 0
    outer loop
      vertex -60 0 156.346
      vertex -60 3 45
      vertex -60 0 -16
    endloop
  endfacet
  facet normal -1 -0 0
    outer loop
      vertex -60 5.5 20.4
      vertex -60 0 -16
      vertex -60 3 45
    endloop
  endfacet
  facet normal -1 0 0
    outer loop
      vertex -60 92 48
      vertex -60 95 15
      vertex -60 92 24
    endloop
  endfacet
  facet normal -1 0 0
    outer loop
      vertex -60 95 15
      vertex -60 46 24
      vertex -60 92 24
    endloop
  endfacet
  facet normal -1 0 0
    outer loop
      vertex -60 43.5 40
      vertex -60 46 24
      vertex -60 43.5 20.4
    endloop
  endfacet
  facet normal -1 0 0
    outer loop
      vertex -60 95 15
      vertex -60 43.5 20.4
      vertex -60 46 24
    endloop
  endfacet
  facet normal -1 0 0
    outer loop
      vertex -60 9 15
      vertex -60 43.5 20.4
      vertex -60 95 15
    endloop
  endfacet
  facet normal -1 -0 0
    outer loop
      vertex -60 43.5 20.4
      vertex -60 9 15
      vertex -60 5.5 20.4
    endloop
  endfacet
  facet normal -1 0 0
    outer loop
      vertex -60 127 146.396
      vertex -60 132 148.682
      vertex -60 127 146.346
    endloop
  endfacet
  facet normal -1 0 0
    outer loop
      vertex -60 95 69.3349
      vertex -60 127 146.346
      vertex -60 132 148.682
    endloop
  endfacet
  facet normal -1 0 0
    outer loop
      vertex -60 95 15
      vertex -60 92 48
      vertex -60 95 69.3349
    endloop
  endfacet
  facet normal -1 0 0
    outer loop
      vertex -60 37 69.3349
      vertex -60 92 48
      vertex -60 37 48
    endloop
  endfacet
  facet normal -1 0 0
    outer loop
      vertex -60 92 48
      vertex -60 37 69.3349
      vertex -60 95 69.3349
    endloop
  endfacet
  facet normal -1 0 0
    outer loop
      vertex -60 12 146.346
      vertex -60 95 69.3349
      vertex -60 37 69.3349
    endloop
  endfacet
  facet normal -1 0 0
    outer loop
      vertex -60 95 69.3349
      vertex -60 12 146.346
      vertex -60 127 146.346
    endloop
  endfacet
  facet normal -1 0 0
    outer loop
      vertex -60 3 142.248
      vertex -60 12 146.396
      vertex -60 12 146.346
    endloop
  endfacet
  facet normal -1 -0 0
    outer loop
      vertex -60 12 146.396
      vertex -60 3 142.248
      vertex -60 12 150.396
    endloop
  endfacet
  facet normal -1 0 0
    outer loop
      vertex -60 3 142.248
      vertex -60 12 146.346
      vertex -60 37 69.3349
    endloop
  endfacet
  facet normal -1 0 0
    outer loop
      vertex -60 127 150.396
      vertex -60 132 148.682
      vertex -60 127 146.396
    endloop
  endfacet
  facet normal -1 0 0
    outer loop
      vertex -60 132 148.682
      vertex -60 127 150.396
      vertex -60 132 156.346
    endloop
  endfacet
  facet normal -1 0 0
    outer loop
      vertex -60 12 150.396
      vertex -60 132 156.346
      vertex -60 127 150.396
    endloop
  endfacet
  facet normal -1 0 0
    outer loop
      vertex -60 12 150.396
      vertex -60 0 156.346
      vertex -60 132 156.346
    endloop
  endfacet
  facet normal -1 0 0
    outer loop
      vertex -60 3 142.248
      vertex -60 0 156.346
      vertex -60 12 150.396
    endloop
  endfacet
  facet normal -1 0 0
    outer loop
      vertex -60 3 45
      vertex -60 0 156.346
      vertex -60 3 142.248
    endloop
  endfacet
  facet normal -1 0 0
    outer loop
      vertex -60 46 24
      vertex -60 43.5 40
      vertex -60 46 40
    endloop
  endfacet
  facet normal -0 0 1
    outer loop
      vertex -55 3 157.346
      vertex 55 0 157.346
      vertex 55 3 157.346
    endloop
  endfacet
  facet normal 0 0 1
    outer loop
      vertex 55 0 157.346
      vertex -55 3 157.346
      vertex -55 0 157.346
    endloop
  endfacet
  facet normal 1 0 0
    outer loop
      vertex 60 3 142.248
      vertex 60 0 148.682
      vertex 60 3 45
    endloop
  endfacet
  facet normal 1 0 0
    outer loop
      vertex 60 5.5 45
      vertex 60 3 45
      vertex 60 5.5 20.4
    endloop
  endfacet
  facet normal 1 0 0
    outer loop
      vertex 60 46 40
      vertex 60 43.5 40
      vertex 60 46 24
    endloop
  endfacet
  facet normal 1 0 0
    outer loop
      vertex 60 92 24
      vertex 60 95 48
      vertex 60 92 48
    endloop
  endfacet
  facet normal 1 0 0
    outer loop
      vertex 60 95 48
      vertex 60 92 24
      vertex 60 95 15
    endloop
  endfacet
  facet normal 1 -0 0
    outer loop
      vertex 60 46 24
      vertex 60 95 15
      vertex 60 92 24
    endloop
  endfacet
  facet normal 1 0 0
    outer loop
      vertex 60 43.5 20.4
      vertex 60 46 24
      vertex 60 43.5 40
    endloop
  endfacet
  facet normal 1 -0 0
    outer loop
      vertex 60 43.5 20.4
      vertex 60 95 15
      vertex 60 46 24
    endloop
  endfacet
  facet normal 1 0 0
    outer loop
      vertex 60 43.5 20.4
      vertex 60 9 15
      vertex 60 95 15
    endloop
  endfacet
  facet normal 1 -0 0
    outer loop
      vertex 60 5.5 20.4
      vertex 60 9 15
      vertex 60 43.5 20.4
    endloop
  endfacet
  facet normal 1 0 0
    outer loop
      vertex 60 0 -16
      vertex 60 9 15
      vertex 60 5.5 20.4
    endloop
  endfacet
  facet normal 1 0 0
    outer loop
      vertex 60 0 -16
      vertex 60 5.5 20.4
      vertex 60 3 45
    endloop
  endfacet
  facet normal 1 0 0
    outer loop
      vertex 60 9 15
      vertex 60 0 -16
      vertex 60 9 -16
    endloop
  endfacet
  facet normal 1 0 0
    outer loop
      vertex 60 0 -16
      vertex 60 3 45
      vertex 60 0 148.682
    endloop
  endfacet
  facet normal 0.321132 0 0.947034
    outer loop
      vertex 56.2941 3 157.175
      vertex 56.9134 0 156.965
      vertex 56.9134 3 156.965
    endloop
  endfacet
  facet normal 0.321132 0 0.947034
    outer loop
      vertex 56.9134 0 156.965
      vertex 56.2941 3 157.175
      vertex 56.2941 0 157.175
    endloop
  endfacet
  facet normal 0 0 -1
    outer loop
      vertex -60 0 -16
      vertex 60 9 -16
      vertex 60 0 -16
    endloop
  endfacet
  facet normal -0 0 -1
    outer loop
      vertex 60 9 -16
      vertex -60 0 -16
      vertex -60 9 -16
    endloop
  endfacet
  facet normal -0.441945 0 0.897042
    outer loop
      vertex -57.5 3 156.676
      vertex -56.9134 0 156.965
      vertex -56.9134 3 156.965
    endloop
  endfacet
  facet normal -0.441945 0 0.897042
    outer loop
      vertex -56.9134 0 156.965
      vertex -57.5 3 156.676
      vertex -57.5 0 156.676
    endloop
  endfacet
  facet normal 0 -1 0
    outer loop
      vertex -64 3 159.996
      vertex -55 3 157.346
      vertex 64 3 159.996
    endloop
  endfacet
  facet normal 0 -1 0
    outer loop
      vertex -64 3 159.996
      vertex -55.6526 3 157.303
      vertex -55 3 157.346
    endloop
  endfacet
  facet normal 0 -1 0
    outer loop
      vertex -64 3 159.996
      vertex -56.2941 3 157.175
      vertex -55.6526 3 157.303
    endloop
  endfacet
  facet normal 0 -1 0
    outer loop
      vertex -64 3 159.996
      vertex -56.9134 3 156.965
      vertex -56.2941 3 157.175
    endloop
  endfacet
  facet normal 0 -1 0
    outer loop
      vertex -64 3 159.996
      vertex -57.5 3 156.676
      vertex -56.9134 3 156.965
    endloop
  endfacet
  facet normal 0 -1 0
    outer loop
      vertex -64 3 159.996
      vertex -60.4 3 156.396
      vertex -57.5 3 156.676
    endloop
  endfacet
  facet normal 0 -1 0
    outer loop
      vertex -64 3 142.396
      vertex -60.4 3 156.396
      vertex -64 3 159.996
    endloop
  endfacet
  facet normal 0 -1 -0
    outer loop
      vertex -60.4 3 156.396
      vertex -64 3 142.396
      vertex -60.4 3 142.396
    endloop
  endfacet
  facet normal 0 -1 0
    outer loop
      vertex 55 3 157.346
      vertex 64 3 159.996
      vertex -55 3 157.346
    endloop
  endfacet
  facet normal 0 -1 0
    outer loop
      vertex 55.6526 3 157.303
      vertex 64 3 159.996
      vertex 55 3 157.346
    endloop
  endfacet
  facet normal 0 -1 0
    outer loop
      vertex 56.2941 3 157.175
      vertex 64 3 159.996
      vertex 55.6526 3 157.303
    endloop
  endfacet
  facet normal 0 -1 0
    outer loop
      vertex 56.9134 3 156.965
      vertex 64 3 159.996
      vertex 56.2941 3 157.175
    endloop
  endfacet
  facet normal 0 -1 0
    outer loop
      vertex 57.5 3 156.676
      vertex 64 3 159.996
      vertex 56.9134 3 156.965
    endloop
  endfacet
  facet normal 0 -1 0
    outer loop
      vertex 60.4 3 156.396
      vertex 57.5 3 156.676
      vertex 57.9192 3 156.396
    endloop
  endfacet
  facet normal 0 -1 0
    outer loop
      vertex 57.5 3 156.676
      vertex 60.4 3 156.396
      vertex 64 3 159.996
    endloop
  endfacet
  facet normal 0 -1 0
    outer loop
      vertex 64 3 142.396
      vertex 60.4 3 156.396
      vertex 60.4 3 142.396
    endloop
  endfacet
  facet normal 0 -1 0
    outer loop
      vertex 60.4 3 156.396
      vertex 64 3 142.396
      vertex 64 3 159.996
    endloop
  endfacet
  facet normal 0 -1 0
    outer loop
      vertex -57.5 3 156.676
      vertex -60.4 3 156.396
      vertex -57.9192 3 156.396
    endloop
  endfacet
  facet normal 0 1 -0
    outer loop
      vertex 54.55 3 149.347
      vertex 54.1 3 156.346
      vertex 54.55 3 156.346
    endloop
  endfacet
  facet normal 0 1 0
    outer loop
      vertex 54.1 3 156.346
      vertex 54.55 3 149.347
      vertex 54.1 3 149.347
    endloop
  endfacet
  facet normal 0 1 0
    outer loop
      vertex 54.55 3 156.346
      vertex 57.9192 3 156.396
      vertex 57.9941 3 156.346
    endloop
  endfacet
  facet normal 0 1 0
    outer loop
      vertex 54.1 3 156.346
      vertex 57.9192 3 156.396
      vertex 54.55 3 156.346
    endloop
  endfacet
  facet normal 0 1 0
    outer loop
      vertex 57.9192 3 156.396
      vertex 54.1 3 156.346
      vertex -57.9192 3 156.396
    endloop
  endfacet
  facet normal 0 1 0
    outer loop
      vertex -57.9192 3 156.396
      vertex 54.1 3 156.346
      vertex -57.9941 3 156.346
    endloop
  endfacet
  facet normal 0 1 -0
    outer loop
      vertex 4 3 45
      vertex -4 3 85.2
      vertex 4 3 85.2
    endloop
  endfacet
  facet normal 0 1 0
    outer loop
      vertex -4 3 85.2
      vertex 4 3 45
      vertex -4 3 45
    endloop
  endfacet
  facet normal 0 1 0
    outer loop
      vertex 30.8 3 85.2
      vertex 57.05 3 142.248
      vertex 60 3 142.248
    endloop
  endfacet
  facet normal 0 1 0
    outer loop
      vertex 57.05 3 142.248
      vertex 30.8 3 85.2
      vertex 57 3 142.248
    endloop
  endfacet
  facet normal 0 1 0
    outer loop
      vertex 57 3 142.248
      vertex 30.8 3 85.2
      vertex 4 3 85.2
    endloop
  endfacet
  facet normal 0 1 0
    outer loop
      vertex 60 3 142.248
      vertex 47.1716 3 68.8284
      vertex 30.8 3 85.2
    endloop
  endfacet
  facet normal 0 1 0
    outer loop
      vertex 60 3 142.248
      vertex 47.5166 3 68.435
      vertex 47.1716 3 68.8284
    endloop
  endfacet
  facet normal 0 1 0
    outer loop
      vertex 60 3 142.248
      vertex 47.8072 3 68
      vertex 47.5166 3 68.435
    endloop
  endfacet
  facet normal 0 1 0
    outer loop
      vertex 60 3 142.248
      vertex 48.0387 3 67.5307
      vertex 47.8072 3 68
    endloop
  endfacet
  facet normal 0 1 0
    outer loop
      vertex 60 3 142.248
      vertex 48.2068 3 67.0353
      vertex 48.0387 3 67.5307
    endloop
  endfacet
  facet normal 0 1 -0
    outer loop
      vertex 60 3 45
      vertex 48.2068 3 67.0353
      vertex 60 3 142.248
    endloop
  endfacet
  facet normal 0 1 0
    outer loop
      vertex 48.2068 3 67.0353
      vertex 60 3 45
      vertex 48.3089 3 66.5221
    endloop
  endfacet
  facet normal 0 1 0
    outer loop
      vertex 48.3089 3 66.5221
      vertex 60 3 45
      vertex 48.3431 3 66
    endloop
  endfacet
  facet normal 0 1 0
    outer loop
      vertex 48.3431 3 66
      vertex 60 3 45
      vertex 48.3089 3 65.4779
    endloop
  endfacet
  facet normal 0 1 0
    outer loop
      vertex 60 3 45
      vertex 48.2068 3 64.9647
      vertex 48.3089 3 65.4779
    endloop
  endfacet
  facet normal 0 1 0
    outer loop
      vertex 60 3 45
      vertex 48.0387 3 64.4693
      vertex 48.2068 3 64.9647
    endloop
  endfacet
  facet normal 0 1 0
    outer loop
      vertex 60 3 45
      vertex 47.8072 3 64
      vertex 48.0387 3 64.4693
    endloop
  endfacet
  facet normal 0 1 0
    outer loop
      vertex 60 3 45
      vertex 47.5166 3 63.565
      vertex 47.8072 3 64
    endloop
  endfacet
  facet normal 0 1 0
    outer loop
      vertex 60 3 45
      vertex 47.1716 3 63.1716
      vertex 47.5166 3 63.565
    endloop
  endfacet
  facet normal 0 1 0
    outer loop
      vertex 60 3 45
      vertex 29.1716 3 45.1716
      vertex 47.1716 3 63.1716
    endloop
  endfacet
  facet normal 0 1 0
    outer loop
      vertex 29.1716 3 45.1716
      vertex 60 3 45
      vertex 28.9759 3 45
    endloop
  endfacet
  facet normal 0 1 -0
    outer loop
      vertex 57.05 3 142.248
      vertex 57 3 149.347
      vertex 57.05 3 149.347
    endloop
  endfacet
  facet normal 0 1 0
    outer loop
      vertex 57 3 149.347
      vertex 57.05 3 142.248
      vertex 57 3 142.248
    endloop
  endfacet
  facet normal 0 1 0
    outer loop
      vertex -4 3 85.2
      vertex 57 3 142.248
      vertex 4 3 85.2
    endloop
  endfacet
  facet normal 0 1 0
    outer loop
      vertex 57 3 142.248
      vertex -4 3 85.2
      vertex -60 3 142.248
    endloop
  endfacet
  facet normal 0 1 -0
    outer loop
      vertex -30.8 3 85.2
      vertex -60 3 142.248
      vertex -4 3 85.2
    endloop
  endfacet
  facet normal 0 1 -0
    outer loop
      vertex -47.1716 3 68.8284
      vertex -60 3 142.248
      vertex -30.8 3 85.2
    endloop
  endfacet
  facet normal 0 1 -0
    outer loop
      vertex -47.5166 3 68.435
      vertex -60 3 142.248
      vertex -47.1716 3 68.8284
    endloop
  endfacet
  facet normal 0 1 -0
    outer loop
      vertex -47.8072 3 68
      vertex -60 3 142.248
      vertex -47.5166 3 68.435
    endloop
  endfacet
  facet normal 0 1 -0
    outer loop
      vertex -48.0387 3 67.5307
      vertex -60 3 142.248
      vertex -47.8072 3 68
    endloop
  endfacet
  facet normal 0 1 -0
    outer loop
      vertex -48.2068 3 67.0353
      vertex -60 3 142.248
      vertex -48.0387 3 67.5307
    endloop
  endfacet
  facet normal 0 1 0
    outer loop
      vertex -60 3 45
      vertex -48.2068 3 67.0353
      vertex -48.3089 3 66.5221
    endloop
  endfacet
  facet normal 0 1 0
    outer loop
      vertex -60 3 45
      vertex -48.3089 3 66.5221
      vertex -48.3431 3 66
    endloop
  endfacet
  facet normal 0 1 0
    outer loop
      vertex -60 3 45
      vertex -48.3431 3 66
      vertex -48.3089 3 65.4779
    endloop
  endfacet
  facet normal 0 1 0
    outer loop
      vertex -48.2068 3 67.0353
      vertex -60 3 45
      vertex -60 3 142.248
    endloop
  endfacet
  facet normal 0 1 0
    outer loop
      vertex -48.2068 3 64.9647
      vertex -60 3 45
      vertex -48.3089 3 65.4779
    endloop
  endfacet
  facet normal 0 1 0
    outer loop
      vertex -48.0387 3 64.4693
      vertex -60 3 45
      vertex -48.2068 3 64.9647
    endloop
  endfacet
  facet normal 0 1 0
    outer loop
      vertex -47.8072 3 64
      vertex -60 3 45
      vertex -48.0387 3 64.4693
    endloop
  endfacet
  facet normal 0 1 0
    outer loop
      vertex -47.5166 3 63.565
      vertex -60 3 45
      vertex -47.8072 3 64
    endloop
  endfacet
  facet normal 0 1 0
    outer loop
      vertex -47.1716 3 63.1716
      vertex -60 3 45
      vertex -47.5166 3 63.565
    endloop
  endfacet
  facet normal 0 1 0
    outer loop
      vertex -29.1716 3 45.1716
      vertex -60 3 45
      vertex -47.1716 3 63.1716
    endloop
  endfacet
  facet normal 0 1 0
    outer loop
      vertex -60 3 45
      vertex -29.1716 3 45.1716
      vertex -28.9759 3 45
    endloop
  endfacet
  facet normal 0.0657477 0 0.997836
    outer loop
      vertex 55 3 157.346
      vertex 55.6526 0 157.303
      vertex 55.6526 3 157.303
    endloop
  endfacet
  facet normal 0.0657477 0 0.997836
    outer loop
      vertex 55.6526 0 157.303
      vertex 55 3 157.346
      vertex 55 0 157.346
    endloop
  endfacet
  facet normal 0.555213 0 0.831708
    outer loop
      vertex 57.9192 3 156.396
      vertex 57.9941 0 156.346
      vertex 57.9941 3 156.346
    endloop
  endfacet
  facet normal 0.555432 -0 0.831562
    outer loop
      vertex 57.5 0 156.676
      vertex 57.9192 3 156.396
      vertex 57.5 3 156.676
    endloop
  endfacet
  facet normal 0.555399 6.73211e-06 0.831584
    outer loop
      vertex 57.9192 3 156.396
      vertex 57.5 0 156.676
      vertex 57.9941 0 156.346
    endloop
  endfacet
  facet normal -0.195675 0 0.980669
    outer loop
      vertex -56.2941 3 157.175
      vertex -55.6526 0 157.303
      vertex -55.6526 3 157.303
    endloop
  endfacet
  facet normal -0.195675 0 0.980669
    outer loop
      vertex -55.6526 0 157.303
      vertex -56.2941 3 157.175
      vertex -56.2941 0 157.175
    endloop
  endfacet
  facet normal -0.0657477 0 0.997836
    outer loop
      vertex -55.6526 3 157.303
      vertex -55 0 157.346
      vertex -55 3 157.346
    endloop
  endfacet
  facet normal -0.0657477 0 0.997836
    outer loop
      vertex -55 0 157.346
      vertex -55.6526 3 157.303
      vertex -55.6526 0 157.303
    endloop
  endfacet
  facet normal -0.321132 0 0.947034
    outer loop
      vertex -56.9134 3 156.965
      vertex -56.2941 0 157.175
      vertex -56.2941 3 157.175
    endloop
  endfacet
  facet normal -0.321132 0 0.947034
    outer loop
      vertex -56.2941 0 157.175
      vertex -56.9134 3 156.965
      vertex -56.9134 0 156.965
    endloop
  endfacet
  facet normal 0.195675 0 0.980669
    outer loop
      vertex 55.6526 3 157.303
      vertex 56.2941 0 157.175
      vertex 56.2941 3 157.175
    endloop
  endfacet
  facet normal 0.195675 0 0.980669
    outer loop
      vertex 56.2941 0 157.175
      vertex 55.6526 3 157.303
      vertex 55.6526 0 157.303
    endloop
  endfacet
  facet normal 0 -1 0
    outer loop
      vertex 48 0 9.10187
      vertex 48 0 0
      vertex 52 0 9.10187
    endloop
  endfacet
  facet normal 0 -1 0
    outer loop
      vertex -4 0 45
      vertex 4 0 84
      vertex -4 0 84
    endloop
  endfacet
  facet normal 0 -1 -0
    outer loop
      vertex 4 0 84
      vertex -4 0 45
      vertex 4 0 45
    endloop
  endfacet
  facet normal 0 -1 0
    outer loop
      vertex 32 0 84
      vertex 47.1716 0 68.8284
      vertex 48 0 84
    endloop
  endfacet
  facet normal 0 -1 0
    outer loop
      vertex -48 0 93
      vertex -57.9941 0 156.346
      vertex -60 0 156.346
    endloop
  endfacet
  facet normal 0 -1 0
    outer loop
      vertex -57.9941 0 156.346
      vertex 60 0 148.682
      vertex 57.9941 0 156.346
    endloop
  endfacet
  facet normal 0 -1 0
    outer loop
      vertex 57.9941 0 156.346
      vertex 60 0 148.682
      vertex 60.05 0 156.346
    endloop
  endfacet
  facet normal 0 -1 0
    outer loop
      vertex -57.9941 0 156.346
      vertex -48 0 93
      vertex 60 0 148.682
    endloop
  endfacet
  facet normal 0 -1 0
    outer loop
      vertex -60 0 156.346
      vertex -48 0 84
      vertex -48 0 93
    endloop
  endfacet
  facet normal 0 -1 0
    outer loop
      vertex -48 0 84
      vertex -47.1716 0 68.8284
      vertex -32 0 84
    endloop
  endfacet
  facet normal 0 -1 0
    outer loop
      vertex -48.3431 0 66
      vertex -48 0 84
      vertex -60 0 156.346
    endloop
  endfacet
  facet normal 0 -1 0
    outer loop
      vertex -48 0 84
      vertex -47.5166 0 68.435
      vertex -47.1716 0 68.8284
    endloop
  endfacet
  facet normal 0 -1 0
    outer loop
      vertex -48 0 84
      vertex -47.8072 0 68
      vertex -47.5166 0 68.435
    endloop
  endfacet
  facet normal 0 -1 -0
    outer loop
      vertex -48 0 84
      vertex -48.0387 0 67.5307
      vertex -47.8072 0 68
    endloop
  endfacet
  facet normal 0 -1 0
    outer loop
      vertex -48 0 84
      vertex -48.2068 0 67.0353
      vertex -48.0387 0 67.5307
    endloop
  endfacet
  facet normal 0 -1 0
    outer loop
      vertex -48 0 84
      vertex -48.3089 0 66.5221
      vertex -48.2068 0 67.0353
    endloop
  endfacet
  facet normal 0 -1 0
    outer loop
      vertex -48 0 84
      vertex -48.3431 0 66
      vertex -48.3089 0 66.5221
    endloop
  endfacet
  facet normal 0 -1 0
    outer loop
      vertex -52 0 20.8981
      vertex -48.3431 0 66
      vertex -60 0 156.346
    endloop
  endfacet
  facet normal 0 -1 0
    outer loop
      vertex -52 0 20.8981
      vertex -4 0 45
      vertex -28.9759 0 45
    endloop
  endfacet
  facet normal 0 -1 -0
    outer loop
      vertex -4 0 45
      vertex -52 0 20.8981
      vertex 4 0 45
    endloop
  endfacet
  facet normal 0 -1 0
    outer loop
      vertex 52 0 20.8981
      vertex 4 0 45
      vertex -52 0 20.8981
    endloop
  endfacet
  facet normal 0 -1 -0
    outer loop
      vertex -29.1716 0 45.1716
      vertex -52 0 20.8981
      vertex -28.9759 0 45
    endloop
  endfacet
  facet normal 0 -1 -0
    outer loop
      vertex -47.1716 0 63.1716
      vertex -52 0 20.8981
      vertex -29.1716 0 45.1716
    endloop
  endfacet
  facet normal 0 -1 -0
    outer loop
      vertex -47.5166 0 63.565
      vertex -52 0 20.8981
      vertex -47.1716 0 63.1716
    endloop
  endfacet
  facet normal 0 -1 -0
    outer loop
      vertex -47.8072 0 64
      vertex -52 0 20.8981
      vertex -47.5166 0 63.565
    endloop
  endfacet
  facet normal 0 -1 -0
    outer loop
      vertex -48.0387 0 64.4693
      vertex -52 0 20.8981
      vertex -47.8072 0 64
    endloop
  endfacet
  facet normal 0 -1 -0
    outer loop
      vertex -48.2068 0 64.9647
      vertex -52 0 20.8981
      vertex -48.0387 0 64.4693
    endloop
  endfacet
  facet normal 0 -1 -0
    outer loop
      vertex -48.3089 0 65.4779
      vertex -52 0 20.8981
      vertex -48.2068 0 64.9647
    endloop
  endfacet
  facet normal 0 -1 -0
    outer loop
      vertex -48.3431 0 66
      vertex -52 0 20.8981
      vertex -48.3089 0 65.4779
    endloop
  endfacet
  facet normal 0 -1 0
    outer loop
      vertex -60 0 -16
      vertex -52 0 20.8981
      vertex -60 0 156.346
    endloop
  endfacet
  facet normal 0 -1 0
    outer loop
      vertex -52 0 9.10187
      vertex -48 0 0
      vertex -48 0 9.10187
    endloop
  endfacet
  facet normal 0 -1 -0
    outer loop
      vertex -48 0 0
      vertex -60 0 -16
      vertex 48 0 0
    endloop
  endfacet
  facet normal 0 -1 -0
    outer loop
      vertex -52 0 9.10187
      vertex -60 0 -16
      vertex -48 0 0
    endloop
  endfacet
  facet normal 0 -1 -0
    outer loop
      vertex -52 0 20.8981
      vertex -60 0 -16
      vertex -52 0 9.10187
    endloop
  endfacet
  facet normal 0 -1 0
    outer loop
      vertex -57.9941 0 156.346
      vertex -55 0 157.346
      vertex -55.6526 0 157.303
    endloop
  endfacet
  facet normal 0 -1 -0
    outer loop
      vertex -55 0 157.346
      vertex -57.9941 0 156.346
      vertex 55 0 157.346
    endloop
  endfacet
  facet normal 0 -1 0
    outer loop
      vertex -57.9941 0 156.346
      vertex -55.6526 0 157.303
      vertex -56.2941 0 157.175
    endloop
  endfacet
  facet normal 0 -1 0
    outer loop
      vertex 57.9941 0 156.346
      vertex 55 0 157.346
      vertex -57.9941 0 156.346
    endloop
  endfacet
  facet normal 0 -1 0
    outer loop
      vertex -57.9941 0 156.346
      vertex -56.2941 0 157.175
      vertex -56.9134 0 156.965
    endloop
  endfacet
  facet normal 0 -1 0
    outer loop
      vertex 55 0 157.346
      vertex 57.9941 0 156.346
      vertex 55.6526 0 157.303
    endloop
  endfacet
  facet normal 0 -1 0
    outer loop
      vertex -57.9941 0 156.346
      vertex -56.9134 0 156.965
      vertex -57.5 0 156.676
    endloop
  endfacet
  facet normal 0 -1 0
    outer loop
      vertex 55.6526 0 157.303
      vertex 57.9941 0 156.346
      vertex 56.2941 0 157.175
    endloop
  endfacet
  facet normal 0 -1 0
    outer loop
      vertex 56.2941 0 157.175
      vertex 57.9941 0 156.346
      vertex 56.9134 0 156.965
    endloop
  endfacet
  facet normal 0 -1 0
    outer loop
      vertex 56.9134 0 156.965
      vertex 57.9941 0 156.346
      vertex 57.5 0 156.676
    endloop
  endfacet
  facet normal 0 -1 -0
    outer loop
      vertex 60.05 0 156.346
      vertex 60 0 148.682
      vertex 60.05 0 148.682
    endloop
  endfacet
  facet normal 0 -1 0
    outer loop
      vertex 48 0 93
      vertex 60 0 148.682
      vertex -48 0 93
    endloop
  endfacet
  facet normal 0 -1 0
    outer loop
      vertex 48 0 84
      vertex 60 0 148.682
      vertex 48 0 93
    endloop
  endfacet
  facet normal 0 -1 0
    outer loop
      vertex 47.5166 0 68.435
      vertex 48 0 84
      vertex 47.1716 0 68.8284
    endloop
  endfacet
  facet normal 0 -1 0
    outer loop
      vertex 47.8072 0 68
      vertex 48 0 84
      vertex 47.5166 0 68.435
    endloop
  endfacet
  facet normal 0 -1 0
    outer loop
      vertex 48.0387 0 67.5307
      vertex 48 0 84
      vertex 47.8072 0 68
    endloop
  endfacet
  facet normal 0 -1 0
    outer loop
      vertex 48.2068 0 67.0353
      vertex 48 0 84
      vertex 48.0387 0 67.5307
    endloop
  endfacet
  facet normal 0 -1 0
    outer loop
      vertex 48.3089 0 66.5221
      vertex 48 0 84
      vertex 48.2068 0 67.0353
    endloop
  endfacet
  facet normal 0 -1 0
    outer loop
      vertex 48 0 84
      vertex 48.3089 0 66.5221
      vertex 60 0 148.682
    endloop
  endfacet
  facet normal 0 -1 0
    outer loop
      vertex 48.3431 0 66
      vertex 60 0 148.682
      vertex 48.3089 0 66.5221
    endloop
  endfacet
  facet normal 0 -1 0
    outer loop
      vertex 52 0 20.8981
      vertex 48.3431 0 66
      vertex 48.3089 0 65.4779
    endloop
  endfacet
  facet normal 0 -1 0
    outer loop
      vertex 4 0 45
      vertex 52 0 20.8981
      vertex 28.9759 0 45
    endloop
  endfacet
  facet normal 0 -1 0
    outer loop
      vertex 52 0 20.8981
      vertex 29.1716 0 45.1716
      vertex 28.9759 0 45
    endloop
  endfacet
  facet normal 0 -1 0
    outer loop
      vertex 52 0 20.8981
      vertex 47.1716 0 63.1716
      vertex 29.1716 0 45.1716
    endloop
  endfacet
  facet normal 0 -1 0
    outer loop
      vertex 52 0 20.8981
      vertex 47.5166 0 63.565
      vertex 47.1716 0 63.1716
    endloop
  endfacet
  facet normal 0 -1 0
    outer loop
      vertex 52 0 20.8981
      vertex 47.8072 0 64
      vertex 47.5166 0 63.565
    endloop
  endfacet
  facet normal 0 -1 0
    outer loop
      vertex 52 0 20.8981
      vertex 48.0387 0 64.4693
      vertex 47.8072 0 64
    endloop
  endfacet
  facet normal 0 -1 0
    outer loop
      vertex 52 0 20.8981
      vertex 48.2068 0 64.9647
      vertex 48.0387 0 64.4693
    endloop
  endfacet
  facet normal 0 -1 0
    outer loop
      vertex 52 0 20.8981
      vertex 48.3089 0 65.4779
      vertex 48.2068 0 64.9647
    endloop
  endfacet
  facet normal 0 -1 0
    outer loop
      vertex 48.3431 0 66
      vertex 52 0 20.8981
      vertex 60 0 148.682
    endloop
  endfacet
  facet normal 0 -1 0
    outer loop
      vertex 60 0 -16
      vertex 52 0 20.8981
      vertex 52 0 9.10187
    endloop
  endfacet
  facet normal 0 -1 0
    outer loop
      vertex 52 0 20.8981
      vertex 60 0 -16
      vertex 60 0 148.682
    endloop
  endfacet
  facet normal 0 -1 0
    outer loop
      vertex 48 0 0
      vertex 60 0 -16
      vertex 52 0 9.10187
    endloop
  endfacet
  facet normal 0 -1 0
    outer loop
      vertex 60 0 -16
      vertex 48 0 0
      vertex -60 0 -16
    endloop
  endfacet
  facet normal 0.707107 -2.46529e-13 -0.707107
    outer loop
      vertex -30.9566 2.98973 85.0434
      vertex -47.1716 3 68.8284
      vertex -30.8 3 85.2
    endloop
  endfacet
  facet normal 0.707107 2.43354e-13 -0.707107
    outer loop
      vertex -31.1106 2.95911 84.8894
      vertex -47.1716 3 68.8284
      vertex -30.9566 2.98973 85.0434
    endloop
  endfacet
  facet normal 0.707107 4.96211e-14 -0.707107
    outer loop
      vertex -31.2592 2.90866 84.7408
      vertex -47.1716 3 68.8284
      vertex -31.1106 2.95911 84.8894
    endloop
  endfacet
  facet normal 0.707107 5.61922e-16 -0.707107
    outer loop
      vertex -31.4 2.83923 84.6
      vertex -47.1716 3 68.8284
      vertex -31.2592 2.90866 84.7408
    endloop
  endfacet
  facet normal 0.707107 -2.78875e-14 -0.707107
    outer loop
      vertex -31.5305 2.75203 84.4695
      vertex -47.1716 3 68.8284
      vertex -31.4 2.83923 84.6
    endloop
  endfacet
  facet normal 0.707107 -2.3626e-14 -0.707107
    outer loop
      vertex -31.6485 2.64853 84.3515
      vertex -47.1716 3 68.8284
      vertex -31.5305 2.75203 84.4695
    endloop
  endfacet
  facet normal 0.707107 -2.0842e-14 -0.707107
    outer loop
      vertex -31.752 2.53052 84.248
      vertex -47.1716 3 68.8284
      vertex -31.6485 2.64853 84.3515
    endloop
  endfacet
  facet normal 0.707107 3.76207e-14 -0.707107
    outer loop
      vertex -31.8392 2.40001 84.1608
      vertex -47.1716 3 68.8284
      vertex -31.752 2.53052 84.248
    endloop
  endfacet
  facet normal 0.707107 -3.48934e-14 -0.707107
    outer loop
      vertex -31.9087 2.25922 84.0913
      vertex -47.1716 3 68.8284
      vertex -31.8392 2.40001 84.1608
    endloop
  endfacet
  facet normal 0.707107 4.98056e-14 -0.707107
    outer loop
      vertex -31.9591 2.11058 84.0409
      vertex -47.1716 3 68.8284
      vertex -31.9087 2.25922 84.0913
    endloop
  endfacet
  facet normal 0.707107 -3.2208e-14 -0.707107
    outer loop
      vertex -31.9897 1.95663 84.0103
      vertex -47.1716 3 68.8284
      vertex -31.9591 2.11058 84.0409
    endloop
  endfacet
  facet normal 0.707107 0 -0.707107
    outer loop
      vertex -32 1.8 84
      vertex -47.1716 3 68.8284
      vertex -31.9897 1.95663 84.0103
    endloop
  endfacet
  facet normal 0.707107 0 -0.707107
    outer loop
      vertex -47.1716 0 68.8284
      vertex -32 1.8 84
      vertex -32 0 84
    endloop
  endfacet
  facet normal 0.707107 0 -0.707107
    outer loop
      vertex -32 1.8 84
      vertex -47.1716 0 68.8284
      vertex -47.1716 3 68.8284
    endloop
  endfacet
  facet normal 0.751842 0 -0.659343
    outer loop
      vertex -47.1716 0 68.8284
      vertex -47.5166 3 68.435
      vertex -47.1716 3 68.8284
    endloop
  endfacet
  facet normal 0.751842 0 -0.659343
    outer loop
      vertex -47.5166 3 68.435
      vertex -47.1716 0 68.8284
      vertex -47.5166 0 68.435
    endloop
  endfacet
  facet normal 0.831521 0 -0.555494
    outer loop
      vertex -47.5166 0 68.435
      vertex -47.8072 3 68
      vertex -47.5166 3 68.435
    endloop
  endfacet
  facet normal 0.831521 0 -0.555494
    outer loop
      vertex -47.8072 3 68
      vertex -47.5166 0 68.435
      vertex -47.8072 0 68
    endloop
  endfacet
  facet normal 0.896822 0 -0.442391
    outer loop
      vertex -47.8072 0 68
      vertex -48.0387 3 67.5307
      vertex -47.8072 3 68
    endloop
  endfacet
  facet normal 0.896822 0 -0.442391
    outer loop
      vertex -48.0387 3 67.5307
      vertex -47.8072 0 68
      vertex -48.0387 0 67.5307
    endloop
  endfacet
  facet normal 0.946968 0 -0.321327
    outer loop
      vertex -48.0387 0 67.5307
      vertex -48.2068 3 67.0353
      vertex -48.0387 3 67.5307
    endloop
  endfacet
  facet normal 0.946968 0 -0.321327
    outer loop
      vertex -48.2068 3 67.0353
      vertex -48.0387 0 67.5307
      vertex -48.2068 0 67.0353
    endloop
  endfacet
  facet normal 0.980779 0 -0.195124
    outer loop
      vertex -48.2068 0 67.0353
      vertex -48.3089 3 66.5221
      vertex -48.2068 3 67.0353
    endloop
  endfacet
  facet normal 0.980779 0 -0.195124
    outer loop
      vertex -48.3089 3 66.5221
      vertex -48.2068 0 67.0353
      vertex -48.3089 0 66.5221
    endloop
  endfacet
  facet normal 0.997861 0 -0.0653646
    outer loop
      vertex -48.3089 0 66.5221
      vertex -48.3431 3 66
      vertex -48.3089 3 66.5221
    endloop
  endfacet
  facet normal 0.997861 0 -0.0653646
    outer loop
      vertex -48.3431 3 66
      vertex -48.3089 0 66.5221
      vertex -48.3431 0 66
    endloop
  endfacet
  facet normal 0.997861 -0 0.0653646
    outer loop
      vertex -48.3431 0 66
      vertex -48.3089 3 65.4779
      vertex -48.3431 3 66
    endloop
  endfacet
  facet normal 0.997861 0 0.0653646
    outer loop
      vertex -48.3089 3 65.4779
      vertex -48.3431 0 66
      vertex -48.3089 0 65.4779
    endloop
  endfacet
  facet normal 0.980779 -0 0.195124
    outer loop
      vertex -48.3089 0 65.4779
      vertex -48.2068 3 64.9647
      vertex -48.3089 3 65.4779
    endloop
  endfacet
  facet normal 0.980779 0 0.195124
    outer loop
      vertex -48.2068 3 64.9647
      vertex -48.3089 0 65.4779
      vertex -48.2068 0 64.9647
    endloop
  endfacet
  facet normal 0.946968 -0 0.321327
    outer loop
      vertex -48.2068 0 64.9647
      vertex -48.0387 3 64.4693
      vertex -48.2068 3 64.9647
    endloop
  endfacet
  facet normal 0.946968 0 0.321327
    outer loop
      vertex -48.0387 3 64.4693
      vertex -48.2068 0 64.9647
      vertex -48.0387 0 64.4693
    endloop
  endfacet
  facet normal 0.896822 -0 0.442391
    outer loop
      vertex -48.0387 0 64.4693
      vertex -47.8072 3 64
      vertex -48.0387 3 64.4693
    endloop
  endfacet
  facet normal 0.896822 0 0.442391
    outer loop
      vertex -47.8072 3 64
      vertex -48.0387 0 64.4693
      vertex -47.8072 0 64
    endloop
  endfacet
  facet normal 0.831521 -0 0.555494
    outer loop
      vertex -47.8072 0 64
      vertex -47.5166 3 63.565
      vertex -47.8072 3 64
    endloop
  endfacet
  facet normal 0.831521 0 0.555494
    outer loop
      vertex -47.5166 3 63.565
      vertex -47.8072 0 64
      vertex -47.5166 0 63.565
    endloop
  endfacet
  facet normal 0.751842 -0 0.659343
    outer loop
      vertex -47.5166 0 63.565
      vertex -47.1716 3 63.1716
      vertex -47.5166 3 63.565
    endloop
  endfacet
  facet normal 0.751842 0 0.659343
    outer loop
      vertex -47.1716 3 63.1716
      vertex -47.5166 0 63.565
      vertex -47.1716 0 63.1716
    endloop
  endfacet
  facet normal 0.707107 -0 0.707107
    outer loop
      vertex -47.1716 0 63.1716
      vertex -29.1716 3 45.1716
      vertex -47.1716 3 63.1716
    endloop
  endfacet
  facet normal 0.707107 0 0.707107
    outer loop
      vertex -29.1716 3 45.1716
      vertex -47.1716 0 63.1716
      vertex -29.1716 0 45.1716
    endloop
  endfacet
  facet normal 0.659293 0 0.751886
    outer loop
      vertex -29.1716 3 45.1716
      vertex -28.9759 0 45
      vertex -28.9759 3 45
    endloop
  endfacet
  facet normal 0.659293 0 0.751886
    outer loop
      vertex -28.9759 0 45
      vertex -29.1716 3 45.1716
      vertex -29.1716 0 45.1716
    endloop
  endfacet
  facet normal -1 0 0
    outer loop
      vertex -4 3 45
      vertex -4 2.98973 85.0434
      vertex -4 3 85.2
    endloop
  endfacet
  facet normal -1 0 0
    outer loop
      vertex -4 3 45
      vertex -4 2.95911 84.8894
      vertex -4 2.98973 85.0434
    endloop
  endfacet
  facet normal -1 0 0
    outer loop
      vertex -4 3 45
      vertex -4 2.90866 84.7408
      vertex -4 2.95911 84.8894
    endloop
  endfacet
  facet normal -1 0 0
    outer loop
      vertex -4 3 45
      vertex -4 2.83923 84.6
      vertex -4 2.90866 84.7408
    endloop
  endfacet
  facet normal -1 0 0
    outer loop
      vertex -4 3 45
      vertex -4 2.75203 84.4695
      vertex -4 2.83923 84.6
    endloop
  endfacet
  facet normal -1 0 0
    outer loop
      vertex -4 3 45
      vertex -4 2.64853 84.3515
      vertex -4 2.75203 84.4695
    endloop
  endfacet
  facet normal -1 0 0
    outer loop
      vertex -4 3 45
      vertex -4 2.53052 84.248
      vertex -4 2.64853 84.3515
    endloop
  endfacet
  facet normal -1 0 0
    outer loop
      vertex -4 3 45
      vertex -4 2.40001 84.1608
      vertex -4 2.53052 84.248
    endloop
  endfacet
  facet normal -1 0 0
    outer loop
      vertex -4 3 45
      vertex -4 2.25922 84.0913
      vertex -4 2.40001 84.1608
    endloop
  endfacet
  facet normal -1 0 0
    outer loop
      vertex -4 3 45
      vertex -4 2.11058 84.0409
      vertex -4 2.25922 84.0913
    endloop
  endfacet
  facet normal -1 0 0
    outer loop
      vertex -4 3 45
      vertex -4 1.95663 84.0103
      vertex -4 2.11058 84.0409
    endloop
  endfacet
  facet normal -1 0 0
    outer loop
      vertex -4 3 45
      vertex -4 1.8 84
      vertex -4 1.95663 84.0103
    endloop
  endfacet
  facet normal -1 0 0
    outer loop
      vertex -4 0 45
      vertex -4 1.8 84
      vertex -4 3 45
    endloop
  endfacet
  facet normal -1 -0 0
    outer loop
      vertex -4 1.8 84
      vertex -4 0 45
      vertex -4 0 84
    endloop
  endfacet
  facet normal -0.659293 0 0.751886
    outer loop
      vertex 28.9759 3 45
      vertex 29.1716 0 45.1716
      vertex 29.1716 3 45.1716
    endloop
  endfacet
  facet normal -0.659293 0 0.751886
    outer loop
      vertex 29.1716 0 45.1716
      vertex 28.9759 3 45
      vertex 28.9759 0 45
    endloop
  endfacet
  facet normal -0.707107 0 0.707107
    outer loop
      vertex 29.1716 0 45.1716
      vertex 47.1716 3 63.1716
      vertex 29.1716 3 45.1716
    endloop
  endfacet
  facet normal -0.707107 0 0.707107
    outer loop
      vertex 47.1716 3 63.1716
      vertex 29.1716 0 45.1716
      vertex 47.1716 0 63.1716
    endloop
  endfacet
  facet normal -0.751842 0 0.659343
    outer loop
      vertex 47.1716 0 63.1716
      vertex 47.5166 3 63.565
      vertex 47.1716 3 63.1716
    endloop
  endfacet
  facet normal -0.751842 0 0.659343
    outer loop
      vertex 47.5166 3 63.565
      vertex 47.1716 0 63.1716
      vertex 47.5166 0 63.565
    endloop
  endfacet
  facet normal -0.831521 0 0.555494
    outer loop
      vertex 47.5166 0 63.565
      vertex 47.8072 3 64
      vertex 47.5166 3 63.565
    endloop
  endfacet
  facet normal -0.831521 0 0.555494
    outer loop
      vertex 47.8072 3 64
      vertex 47.5166 0 63.565
      vertex 47.8072 0 64
    endloop
  endfacet
  facet normal -0.896822 0 0.442391
    outer loop
      vertex 47.8072 0 64
      vertex 48.0387 3 64.4693
      vertex 47.8072 3 64
    endloop
  endfacet
  facet normal -0.896822 0 0.442391
    outer loop
      vertex 48.0387 3 64.4693
      vertex 47.8072 0 64
      vertex 48.0387 0 64.4693
    endloop
  endfacet
  facet normal -0.946968 0 0.321327
    outer loop
      vertex 48.0387 0 64.4693
      vertex 48.2068 3 64.9647
      vertex 48.0387 3 64.4693
    endloop
  endfacet
  facet normal -0.946968 0 0.321327
    outer loop
      vertex 48.2068 3 64.9647
      vertex 48.0387 0 64.4693
      vertex 48.2068 0 64.9647
    endloop
  endfacet
  facet normal -0.980779 0 0.195124
    outer loop
      vertex 48.2068 0 64.9647
      vertex 48.3089 3 65.4779
      vertex 48.2068 3 64.9647
    endloop
  endfacet
  facet normal -0.980779 0 0.195124
    outer loop
      vertex 48.3089 3 65.4779
      vertex 48.2068 0 64.9647
      vertex 48.3089 0 65.4779
    endloop
  endfacet
  facet normal -0.997861 0 0.0653646
    outer loop
      vertex 48.3089 0 65.4779
      vertex 48.3431 3 66
      vertex 48.3089 3 65.4779
    endloop
  endfacet
  facet normal -0.997861 0 0.0653646
    outer loop
      vertex 48.3431 3 66
      vertex 48.3089 0 65.4779
      vertex 48.3431 0 66
    endloop
  endfacet
  facet normal -0.997861 0 -0.0653646
    outer loop
      vertex 48.3431 0 66
      vertex 48.3089 3 66.5221
      vertex 48.3431 3 66
    endloop
  endfacet
  facet normal -0.997861 -0 -0.0653646
    outer loop
      vertex 48.3089 3 66.5221
      vertex 48.3431 0 66
      vertex 48.3089 0 66.5221
    endloop
  endfacet
  facet normal -0.980779 0 -0.195124
    outer loop
      vertex 48.3089 0 66.5221
      vertex 48.2068 3 67.0353
      vertex 48.3089 3 66.5221
    endloop
  endfacet
  facet normal -0.980779 -0 -0.195124
    outer loop
      vertex 48.2068 3 67.0353
      vertex 48.3089 0 66.5221
      vertex 48.2068 0 67.0353
    endloop
  endfacet
  facet normal -0.946968 0 -0.321327
    outer loop
      vertex 48.2068 0 67.0353
      vertex 48.0387 3 67.5307
      vertex 48.2068 3 67.0353
    endloop
  endfacet
  facet normal -0.946968 -0 -0.321327
    outer loop
      vertex 48.0387 3 67.5307
      vertex 48.2068 0 67.0353
      vertex 48.0387 0 67.5307
    endloop
  endfacet
  facet normal -0.896822 0 -0.442391
    outer loop
      vertex 48.0387 0 67.5307
      vertex 47.8072 3 68
      vertex 48.0387 3 67.5307
    endloop
  endfacet
  facet normal -0.896822 -0 -0.442391
    outer loop
      vertex 47.8072 3 68
      vertex 48.0387 0 67.5307
      vertex 47.8072 0 68
    endloop
  endfacet
  facet normal -0.831521 0 -0.555494
    outer loop
      vertex 47.8072 0 68
      vertex 47.5166 3 68.435
      vertex 47.8072 3 68
    endloop
  endfacet
  facet normal -0.831521 -0 -0.555494
    outer loop
      vertex 47.5166 3 68.435
      vertex 47.8072 0 68
      vertex 47.5166 0 68.435
    endloop
  endfacet
  facet normal -0.751842 0 -0.659343
    outer loop
      vertex 47.5166 0 68.435
      vertex 47.1716 3 68.8284
      vertex 47.5166 3 68.435
    endloop
  endfacet
  facet normal -0.751842 -0 -0.659343
    outer loop
      vertex 47.1716 3 68.8284
      vertex 47.5166 0 68.435
      vertex 47.1716 0 68.8284
    endloop
  endfacet
  facet normal -0.707107 -2.39058e-13 -0.707107
    outer loop
      vertex 47.1716 3 68.8284
      vertex 30.9566 2.98973 85.0434
      vertex 30.8 3 85.2
    endloop
  endfacet
  facet normal -0.707107 3.22791e-13 -0.707107
    outer loop
      vertex 47.1716 3 68.8284
      vertex 31.1106 2.95911 84.8894
      vertex 30.9566 2.98973 85.0434
    endloop
  endfacet
  facet normal -0.707107 4.92365e-14 -0.707107
    outer loop
      vertex 47.1716 3 68.8284
      vertex 31.2592 2.90866 84.7408
      vertex 31.1106 2.95911 84.8894
    endloop
  endfacet
  facet normal -0.707107 0 -0.707107
    outer loop
      vertex 47.1716 3 68.8284
      vertex 31.4 2.83923 84.6
      vertex 31.2592 2.90866 84.7408
    endloop
  endfacet
  facet normal -0.707107 -2.87871e-14 -0.707107
    outer loop
      vertex 47.1716 3 68.8284
      vertex 31.5305 2.75203 84.4695
      vertex 31.4 2.83923 84.6
    endloop
  endfacet
  facet normal -0.707107 -2.43881e-14 -0.707107
    outer loop
      vertex 47.1716 3 68.8284
      vertex 31.6485 2.64853 84.3515
      vertex 31.5305 2.75203 84.4695
    endloop
  endfacet
  facet normal -0.707107 -2.15144e-14 -0.707107
    outer loop
      vertex 47.1716 3 68.8284
      vertex 31.752 2.53052 84.248
      vertex 31.6485 2.64853 84.3515
    endloop
  endfacet
  facet normal -0.707107 3.915e-14 -0.707107
    outer loop
      vertex 47.1716 3 68.8284
      vertex 31.8392 2.40001 84.1608
      vertex 31.752 2.53052 84.248
    endloop
  endfacet
  facet normal -0.707107 -2.74009e-14 -0.707107
    outer loop
      vertex 47.1716 3 68.8284
      vertex 31.9087 2.25922 84.0913
      vertex 31.8392 2.40001 84.1608
    endloop
  endfacet
  facet normal -0.707107 5.22907e-14 -0.707107
    outer loop
      vertex 47.1716 3 68.8284
      vertex 31.9591 2.11058 84.0409
      vertex 31.9087 2.25922 84.0913
    endloop
  endfacet
  facet normal -0.707107 -2.54483e-14 -0.707107
    outer loop
      vertex 47.1716 3 68.8284
      vertex 31.9897 1.95663 84.0103
      vertex 31.9591 2.11058 84.0409
    endloop
  endfacet
  facet normal -0.707107 0 -0.707107
    outer loop
      vertex 47.1716 3 68.8284
      vertex 32 1.8 84
      vertex 31.9897 1.95663 84.0103
    endloop
  endfacet
  facet normal -0.707107 0 -0.707107
    outer loop
      vertex 47.1716 0 68.8284
      vertex 32 1.8 84
      vertex 47.1716 3 68.8284
    endloop
  endfacet
  facet normal -0.707107 -0 -0.707107
    outer loop
      vertex 32 1.8 84
      vertex 47.1716 0 68.8284
      vertex 32 0 84
    endloop
  endfacet
  facet normal 1 -0 0
    outer loop
      vertex 4 2.98973 85.0434
      vertex 4 3 45
      vertex 4 3 85.2
    endloop
  endfacet
  facet normal 1 -0 0
    outer loop
      vertex 4 2.95911 84.8894
      vertex 4 3 45
      vertex 4 2.98973 85.0434
    endloop
  endfacet
  facet normal 1 -0 0
    outer loop
      vertex 4 2.90866 84.7408
      vertex 4 3 45
      vertex 4 2.95911 84.8894
    endloop
  endfacet
  facet normal 1 -0 0
    outer loop
      vertex 4 2.83923 84.6
      vertex 4 3 45
      vertex 4 2.90866 84.7408
    endloop
  endfacet
  facet normal 1 -0 0
    outer loop
      vertex 4 2.75203 84.4695
      vertex 4 3 45
      vertex 4 2.83923 84.6
    endloop
  endfacet
  facet normal 1 -0 0
    outer loop
      vertex 4 2.64853 84.3515
      vertex 4 3 45
      vertex 4 2.75203 84.4695
    endloop
  endfacet
  facet normal 1 -0 0
    outer loop
      vertex 4 2.53052 84.248
      vertex 4 3 45
      vertex 4 2.64853 84.3515
    endloop
  endfacet
  facet normal 1 -0 0
    outer loop
      vertex 4 2.40001 84.1608
      vertex 4 3 45
      vertex 4 2.53052 84.248
    endloop
  endfacet
  facet normal 1 -0 0
    outer loop
      vertex 4 2.25922 84.0913
      vertex 4 3 45
      vertex 4 2.40001 84.1608
    endloop
  endfacet
  facet normal 1 -0 0
    outer loop
      vertex 4 2.11058 84.0409
      vertex 4 3 45
      vertex 4 2.25922 84.0913
    endloop
  endfacet
  facet normal 1 -0 0
    outer loop
      vertex 4 1.95663 84.0103
      vertex 4 3 45
      vertex 4 2.11058 84.0409
    endloop
  endfacet
  facet normal 1 -0 0
    outer loop
      vertex 4 1.8 84
      vertex 4 3 45
      vertex 4 1.95663 84.0103
    endloop
  endfacet
  facet normal 1 0 0
    outer loop
      vertex 4 0 45
      vertex 4 1.8 84
      vertex 4 0 84
    endloop
  endfacet
  facet normal 1 0 0
    outer loop
      vertex 4 1.8 84
      vertex 4 0 45
      vertex 4 3 45
    endloop
  endfacet
  facet normal 0 0.194964 -0.98081
    outer loop
      vertex -41.7566 -6.24336 -15.9897
      vertex 41.9106 -6.08942 -15.9591
      vertex 41.7566 -6.24336 -15.9897
    endloop
  endfacet
  facet normal 0 0.194964 -0.98081
    outer loop
      vertex 41.9106 -6.08942 -15.9591
      vertex -41.7566 -6.24336 -15.9897
      vertex -41.9106 -6.08942 -15.9591
    endloop
  endfacet
  facet normal 0 0.321117 -0.94704
    outer loop
      vertex -41.9106 -6.08942 -15.9591
      vertex 42.0592 -5.94078 -15.9087
      vertex 41.9106 -6.08942 -15.9591
    endloop
  endfacet
  facet normal 0 0.321117 -0.94704
    outer loop
      vertex 42.0592 -5.94078 -15.9087
      vertex -41.9106 -6.08942 -15.9591
      vertex -42.0592 -5.94078 -15.9087
    endloop
  endfacet
  facet normal 0 0.442648 -0.896696
    outer loop
      vertex -42.0592 -5.94078 -15.9087
      vertex 42.2 -5.79999 -15.8392
      vertex 42.0592 -5.94078 -15.9087
    endloop
  endfacet
  facet normal 0 0.442648 -0.896696
    outer loop
      vertex 42.2 -5.79999 -15.8392
      vertex -42.0592 -5.94078 -15.9087
      vertex -42.2 -5.79999 -15.8392
    endloop
  endfacet
  facet normal 0 0.555553 -0.831481
    outer loop
      vertex -42.2 -5.79999 -15.8392
      vertex 42.3305 -5.66948 -15.752
      vertex 42.2 -5.79999 -15.8392
    endloop
  endfacet
  facet normal 0 0.555553 -0.831481
    outer loop
      vertex 42.3305 -5.66948 -15.752
      vertex -42.2 -5.79999 -15.8392
      vertex -42.3305 -5.66948 -15.752
    endloop
  endfacet
  facet normal 0 0.659375 -0.751815
    outer loop
      vertex -42.3305 -5.66948 -15.752
      vertex 42.4485 -5.55147 -15.6485
      vertex 42.3305 -5.66948 -15.752
    endloop
  endfacet
  facet normal 0 0.659375 -0.751815
    outer loop
      vertex 42.4485 -5.55147 -15.6485
      vertex -42.3305 -5.66948 -15.752
      vertex -42.4485 -5.55147 -15.6485
    endloop
  endfacet
  facet normal 0 0.751787 -0.659406
    outer loop
      vertex 42.4485 -5.55147 -15.6485
      vertex -42.552 -5.44797 -15.5305
      vertex 42.552 -5.44797 -15.5305
    endloop
  endfacet
  facet normal 0 0.751787 -0.659406
    outer loop
      vertex -42.552 -5.44797 -15.5305
      vertex 42.4485 -5.55147 -15.6485
      vertex -42.4485 -5.55147 -15.6485
    endloop
  endfacet
  facet normal 0 0.831432 -0.555626
    outer loop
      vertex 42.552 -5.44797 -15.5305
      vertex -42.6392 -5.36076 -15.4
      vertex 42.6392 -5.36076 -15.4
    endloop
  endfacet
  facet normal 0 0.831432 -0.555626
    outer loop
      vertex -42.6392 -5.36076 -15.4
      vertex 42.552 -5.44797 -15.5305
      vertex -42.552 -5.44797 -15.5305
    endloop
  endfacet
  facet normal 0 0.89691 -0.442212
    outer loop
      vertex 42.6392 -5.36076 -15.4
      vertex -42.7087 -5.29134 -15.2592
      vertex 42.7087 -5.29134 -15.2592
    endloop
  endfacet
  facet normal 0 0.89691 -0.442212
    outer loop
      vertex -42.7087 -5.29134 -15.2592
      vertex 42.6392 -5.36076 -15.4
      vertex -42.6392 -5.36076 -15.4
    endloop
  endfacet
  facet normal 0 0.946916 -0.32148
    outer loop
      vertex 42.7087 -5.29134 -15.2592
      vertex -42.7591 -5.24089 -15.1106
      vertex 42.7591 -5.24089 -15.1106
    endloop
  endfacet
  facet normal 0 0.946916 -0.32148
    outer loop
      vertex -42.7591 -5.24089 -15.1106
      vertex 42.7087 -5.29134 -15.2592
      vertex -42.7087 -5.29134 -15.2592
    endloop
  endfacet
  facet normal 0 0.980801 -0.195014
    outer loop
      vertex 42.7591 -5.24089 -15.1106
      vertex -42.7897 -5.21027 -14.9566
      vertex 42.7897 -5.21027 -14.9566
    endloop
  endfacet
  facet normal 0 0.980801 -0.195014
    outer loop
      vertex -42.7897 -5.21027 -14.9566
      vertex 42.7591 -5.24089 -15.1106
      vertex -42.7591 -5.24089 -15.1106
    endloop
  endfacet
  facet normal 0 0.997856 -0.0654405
    outer loop
      vertex 42.7897 -5.21027 -14.9566
      vertex -42.8 -5.2 -14.8
      vertex 42.8 -5.2 -14.8
    endloop
  endfacet
  facet normal 0 0.997856 -0.0654405
    outer loop
      vertex -42.8 -5.2 -14.8
      vertex 42.7897 -5.21027 -14.9566
      vertex -42.7897 -5.21027 -14.9566
    endloop
  endfacet
  facet normal 0 1 -0
    outer loop
      vertex 42.8 -5.2 -14.8
      vertex -42.8 -5.2 -4
      vertex 42.8 -5.2 -4
    endloop
  endfacet
  facet normal 0 1 0
    outer loop
      vertex -42.8 -5.2 -4
      vertex 42.8 -5.2 -14.8
      vertex -42.8 -5.2 -14.8
    endloop
  endfacet
  facet normal 0 0 -1
    outer loop
      vertex -42.8 -5.2 -4
      vertex 44.6 -3.39999 -4
      vertex 42.8 -5.2 -4
    endloop
  endfacet
  facet normal -0 0 -1
    outer loop
      vertex 44.6 -3.39999 -4
      vertex -42.8 -5.2 -4
      vertex -44.6 -3.39999 -4
    endloop
  endfacet
  facet normal 0 1 -0
    outer loop
      vertex 44.6 -3.39999 -4
      vertex -44.6 -3.39999 -1.5
      vertex 44.6 -3.39999 -1.5
    endloop
  endfacet
  facet normal 0 1 0
    outer loop
      vertex -44.6 -3.39999 -1.5
      vertex 44.6 -3.39999 -4
      vertex -44.6 -3.39999 -4
    endloop
  endfacet
  facet normal 0 0 1
    outer loop
      vertex 44.6 -3.39999 -1.5
      vertex -42.8 -5.2 -1.5
      vertex 42.8 -5.2 -1.5
    endloop
  endfacet
  facet normal 0 -0 1
    outer loop
      vertex -42.8 -5.2 -1.5
      vertex 44.6 -3.39999 -1.5
      vertex -44.6 -3.39999 -1.5
    endloop
  endfacet
  facet normal 0 1 -0
    outer loop
      vertex 42.8 -5.2 -1.5
      vertex -42.8 -5.2 -1.23932
      vertex 42.8 -5.2 -1.23932
    endloop
  endfacet
  facet normal 0 1 0
    outer loop
      vertex -42.8 -5.2 -1.23932
      vertex 42.8 -5.2 -1.5
      vertex -42.8 -5.2 -1.5
    endloop
  endfacet
  facet normal 0 0.99786 -0.0653916
    outer loop
      vertex 42.8 -5.2 -1.23932
      vertex -42.8128 -5.18718 -1.04369
      vertex 42.8128 -5.18718 -1.04369
    endloop
  endfacet
  facet normal 0 0.99786 -0.0653916
    outer loop
      vertex -42.8128 -5.18718 -1.04369
      vertex 42.8 -5.2 -1.23932
      vertex -42.8 -5.2 -1.23932
    endloop
  endfacet
  facet normal 0 0.980792 -0.195055
    outer loop
      vertex 42.8128 -5.18718 -1.04369
      vertex -42.8434 -5.15663 -0.890076
      vertex 42.8434 -5.15663 -0.890076
    endloop
  endfacet
  facet normal 0 0.980792 -0.195055
    outer loop
      vertex -42.8434 -5.15663 -0.890076
      vertex 42.8128 -5.18718 -1.04369
      vertex -42.8128 -5.18718 -1.04369
    endloop
  endfacet
  facet normal 0 0.946915 -0.321485
    outer loop
      vertex 42.8434 -5.15663 -0.890076
      vertex -42.8937 -5.10626 -0.741714
      vertex 42.8937 -5.10626 -0.741714
    endloop
  endfacet
  facet normal 0 0.946915 -0.321485
    outer loop
      vertex -42.8937 -5.10626 -0.741714
      vertex 42.8434 -5.15663 -0.890076
      vertex -42.8434 -5.15663 -0.890076
    endloop
  endfacet
  facet normal 0 0.896867 -0.4423
    outer loop
      vertex 42.8937 -5.10626 -0.741714
      vertex -42.963 -5.037 -0.601273
      vertex 42.963 -5.037 -0.601273
    endloop
  endfacet
  facet normal 0 0.896867 -0.4423
    outer loop
      vertex -42.963 -5.037 -0.601273
      vertex 42.8937 -5.10626 -0.741714
      vertex -42.8937 -5.10626 -0.741714
    endloop
  endfacet
  facet normal 0 0.831498 -0.555528
    outer loop
      vertex 42.963 -5.037 -0.601273
      vertex -43.05 -4.95001 -0.471069
      vertex 43.05 -4.95001 -0.471069
    endloop
  endfacet
  facet normal 0 0.831498 -0.555528
    outer loop
      vertex -43.05 -4.95001 -0.471069
      vertex 42.963 -5.037 -0.601273
      vertex -42.963 -5.037 -0.601273
    endloop
  endfacet
  facet normal 0 0.751815 -0.659375
    outer loop
      vertex 43.05 -4.95001 -0.471069
      vertex -43.1533 -4.84671 -0.353287
      vertex 43.1533 -4.84671 -0.353287
    endloop
  endfacet
  facet normal 0 0.751815 -0.659375
    outer loop
      vertex -43.1533 -4.84671 -0.353287
      vertex 43.05 -4.95001 -0.471069
      vertex -43.05 -4.95001 -0.471069
    endloop
  endfacet
  facet normal 0 0.659388 -0.751803
    outer loop
      vertex -43.1533 -4.84671 -0.353287
      vertex 43.2711 -4.72893 -0.249985
      vertex 43.1533 -4.84671 -0.353287
    endloop
  endfacet
  facet normal 0 0.659388 -0.751803
    outer loop
      vertex 43.2711 -4.72893 -0.249985
      vertex -43.1533 -4.84671 -0.353287
      vertex -43.2711 -4.72893 -0.249985
    endloop
  endfacet
  facet normal 0 0.555515 -0.831507
    outer loop
      vertex -43.2711 -4.72893 -0.249985
      vertex 43.4013 -4.59872 -0.162994
      vertex 43.2711 -4.72893 -0.249985
    endloop
  endfacet
  facet normal 0 0.555515 -0.831507
    outer loop
      vertex 43.4013 -4.59872 -0.162994
      vertex -43.2711 -4.72893 -0.249985
      vertex -43.4013 -4.59872 -0.162994
    endloop
  endfacet
  facet normal 0 0.442299 -0.896868
    outer loop
      vertex -43.4013 -4.59872 -0.162994
      vertex 43.5417 -4.45828 -0.0937347
      vertex 43.4013 -4.59872 -0.162994
    endloop
  endfacet
  facet normal 0 0.442299 -0.896868
    outer loop
      vertex 43.5417 -4.45828 -0.0937347
      vertex -43.4013 -4.59872 -0.162994
      vertex -43.5417 -4.45828 -0.0937347
    endloop
  endfacet
  facet normal 0 0.321484 -0.946915
    outer loop
      vertex -43.5417 -4.45828 -0.0937347
      vertex 43.6901 -4.30992 -0.0433655
      vertex 43.5417 -4.45828 -0.0937347
    endloop
  endfacet
  facet normal 0 0.321484 -0.946915
    outer loop
      vertex 43.6901 -4.30992 -0.0433655
      vertex -43.5417 -4.45828 -0.0937347
      vertex -43.6901 -4.30992 -0.0433655
    endloop
  endfacet
  facet normal 0 0.195048 -0.980794
    outer loop
      vertex -43.6901 -4.30992 -0.0433655
      vertex 43.8437 -4.15631 -0.0128174
      vertex 43.6901 -4.30992 -0.0433655
    endloop
  endfacet
  facet normal 0 0.195048 -0.980794
    outer loop
      vertex 43.8437 -4.15631 -0.0128174
      vertex -43.6901 -4.30992 -0.0433655
      vertex -43.8437 -4.15631 -0.0128174
    endloop
  endfacet
  facet normal 0 0.0653784 -0.997861
    outer loop
      vertex -43.8437 -4.15631 -0.0128174
      vertex 44.0393 -3.96068 0
      vertex 43.8437 -4.15631 -0.0128174
    endloop
  endfacet
  facet normal 0 0.0653784 -0.997861
    outer loop
      vertex 44.0393 -3.96068 0
      vertex -43.8437 -4.15631 -0.0128174
      vertex -44.0393 -3.96068 0
    endloop
  endfacet
  facet normal 0 0 -1
    outer loop
      vertex -44.0393 -3.96068 0
      vertex 48 0 0
      vertex 44.0393 -3.96068 0
    endloop
  endfacet
  facet normal -0 0 -1
    outer loop
      vertex 48 0 0
      vertex -44.0393 -3.96068 0
      vertex -48 0 0
    endloop
  endfacet
  facet normal 0 -1 0
    outer loop
      vertex -40 -8 -14.8
      vertex 40 -8 8.46488
      vertex -40 -8 8.46488
    endloop
  endfacet
  facet normal 0 -1 -0
    outer loop
      vertex 40 -8 8.46488
      vertex -40 -8 -14.8
      vertex 40 -8 -14.8
    endloop
  endfacet
  facet normal 0 -0.997856 -0.0654405
    outer loop
      vertex -40.0103 -7.98973 -14.9566
      vertex 40 -8 -14.8
      vertex -40 -8 -14.8
    endloop
  endfacet
  facet normal 0 -0.997856 -0.0654405
    outer loop
      vertex 40 -8 -14.8
      vertex -40.0103 -7.98973 -14.9566
      vertex 40.0103 -7.98973 -14.9566
    endloop
  endfacet
  facet normal 0 -0.980801 -0.195014
    outer loop
      vertex -40.0409 -7.95911 -15.1106
      vertex 40.0103 -7.98973 -14.9566
      vertex -40.0103 -7.98973 -14.9566
    endloop
  endfacet
  facet normal 0 -0.980801 -0.195014
    outer loop
      vertex 40.0103 -7.98973 -14.9566
      vertex -40.0409 -7.95911 -15.1106
      vertex 40.0409 -7.95911 -15.1106
    endloop
  endfacet
  facet normal 0 -0.946916 -0.32148
    outer loop
      vertex -40.0913 -7.90866 -15.2592
      vertex 40.0409 -7.95911 -15.1106
      vertex -40.0409 -7.95911 -15.1106
    endloop
  endfacet
  facet normal 0 -0.946916 -0.32148
    outer loop
      vertex 40.0409 -7.95911 -15.1106
      vertex -40.0913 -7.90866 -15.2592
      vertex 40.0913 -7.90866 -15.2592
    endloop
  endfacet
  facet normal 0 -0.896885 -0.442264
    outer loop
      vertex -40.1608 -7.83923 -15.4
      vertex 40.0913 -7.90866 -15.2592
      vertex -40.0913 -7.90866 -15.2592
    endloop
  endfacet
  facet normal 0 -0.896885 -0.442264
    outer loop
      vertex 40.0913 -7.90866 -15.2592
      vertex -40.1608 -7.83923 -15.4
      vertex 40.1608 -7.83923 -15.4
    endloop
  endfacet
  facet normal 0 -0.831462 -0.555582
    outer loop
      vertex -40.248 -7.75203 -15.5305
      vertex 40.1608 -7.83923 -15.4
      vertex -40.1608 -7.83923 -15.4
    endloop
  endfacet
  facet normal 0 -0.831462 -0.555582
    outer loop
      vertex 40.1608 -7.83923 -15.4
      vertex -40.248 -7.75203 -15.5305
      vertex 40.248 -7.75203 -15.5305
    endloop
  endfacet
  facet normal 0 -0.751787 -0.659406
    outer loop
      vertex -40.3515 -7.64853 -15.6485
      vertex 40.248 -7.75203 -15.5305
      vertex -40.248 -7.75203 -15.5305
    endloop
  endfacet
  facet normal 0 -0.751787 -0.659406
    outer loop
      vertex 40.248 -7.75203 -15.5305
      vertex -40.3515 -7.64853 -15.6485
      vertex 40.3515 -7.64853 -15.6485
    endloop
  endfacet
  facet normal 0 -0.659375 -0.751815
    outer loop
      vertex -40.3515 -7.64853 -15.6485
      vertex 40.4695 -7.53052 -15.752
      vertex 40.3515 -7.64853 -15.6485
    endloop
  endfacet
  facet normal -0 -0.659375 -0.751815
    outer loop
      vertex 40.4695 -7.53052 -15.752
      vertex -40.3515 -7.64853 -15.6485
      vertex -40.4695 -7.53052 -15.752
    endloop
  endfacet
  facet normal 0 -0.555553 -0.831481
    outer loop
      vertex -40.4695 -7.53052 -15.752
      vertex 40.6 -7.40001 -15.8392
      vertex 40.4695 -7.53052 -15.752
    endloop
  endfacet
  facet normal -0 -0.555553 -0.831481
    outer loop
      vertex 40.6 -7.40001 -15.8392
      vertex -40.4695 -7.53052 -15.752
      vertex -40.6 -7.40001 -15.8392
    endloop
  endfacet
  facet normal 0 -0.442648 -0.896696
    outer loop
      vertex -40.6 -7.40001 -15.8392
      vertex 40.7408 -7.25922 -15.9087
      vertex 40.6 -7.40001 -15.8392
    endloop
  endfacet
  facet normal -0 -0.442648 -0.896696
    outer loop
      vertex 40.7408 -7.25922 -15.9087
      vertex -40.6 -7.40001 -15.8392
      vertex -40.7408 -7.25922 -15.9087
    endloop
  endfacet
  facet normal 0 -0.321117 -0.94704
    outer loop
      vertex -40.7408 -7.25922 -15.9087
      vertex 40.8894 -7.11058 -15.9591
      vertex 40.7408 -7.25922 -15.9087
    endloop
  endfacet
  facet normal -0 -0.321117 -0.94704
    outer loop
      vertex 40.8894 -7.11058 -15.9591
      vertex -40.7408 -7.25922 -15.9087
      vertex -40.8894 -7.11058 -15.9591
    endloop
  endfacet
  facet normal 0 -0.194952 -0.980813
    outer loop
      vertex -40.8894 -7.11058 -15.9591
      vertex 41.0434 -6.95663 -15.9897
      vertex 40.8894 -7.11058 -15.9591
    endloop
  endfacet
  facet normal -0 -0.194952 -0.980813
    outer loop
      vertex 41.0434 -6.95663 -15.9897
      vertex -40.8894 -7.11058 -15.9591
      vertex -41.0434 -6.95663 -15.9897
    endloop
  endfacet
  facet normal 0 -0.0656183 -0.997845
    outer loop
      vertex -41.0434 -6.95663 -15.9897
      vertex 41.2 -6.8 -16
      vertex 41.0434 -6.95663 -15.9897
    endloop
  endfacet
  facet normal -0 -0.0656183 -0.997845
    outer loop
      vertex 41.2 -6.8 -16
      vertex -41.0434 -6.95663 -15.9897
      vertex -41.2 -6.8 -16
    endloop
  endfacet
  facet normal 0 0 -1
    outer loop
      vertex -41.2 -6.8 -16
      vertex 41.6 -6.39999 -16
      vertex 41.2 -6.8 -16
    endloop
  endfacet
  facet normal -0 0 -1
    outer loop
      vertex 41.6 -6.39999 -16
      vertex -41.2 -6.8 -16
      vertex -41.6 -6.39999 -16
    endloop
  endfacet
  facet normal 0 0.0656183 -0.997845
    outer loop
      vertex -41.6 -6.39999 -16
      vertex 41.7566 -6.24336 -15.9897
      vertex 41.6 -6.39999 -16
    endloop
  endfacet
  facet normal 0 0.0656183 -0.997845
    outer loop
      vertex 41.7566 -6.24336 -15.9897
      vertex -41.6 -6.39999 -16
      vertex -41.7566 -6.24336 -15.9897
    endloop
  endfacet
  facet normal 0.707105 -0.707109 0
    outer loop
      vertex 48 0 9.10187
      vertex 44.0393 -3.96068 0
      vertex 48 0 0
    endloop
  endfacet
  facet normal 0.707107 -0.707107 -1.60953e-06
    outer loop
      vertex 40 -8 8.46488
      vertex 44.0393 -3.96068 0
      vertex 48 0 9.10187
    endloop
  endfacet
  facet normal 0.707159 -0.707054 4.85587e-05
    outer loop
      vertex 44.0393 -3.96068 0
      vertex 40 -8 8.46488
      vertex 43.8437 -4.15631 -0.0128174
    endloop
  endfacet
  facet normal 0.707128 -0.707086 1.99102e-05
    outer loop
      vertex 43.8437 -4.15631 -0.0128174
      vertex 40 -8 8.46488
      vertex 43.6901 -4.30992 -0.0433655
    endloop
  endfacet
  facet normal 0.707023 -0.70719 -7.0615e-05
    outer loop
      vertex 43.6901 -4.30992 -0.0433655
      vertex 40 -8 8.46488
      vertex 43.5417 -4.45828 -0.0937347
    endloop
  endfacet
  facet normal 0.707191 -0.707023 6.78523e-05
    outer loop
      vertex 43.5417 -4.45828 -0.0937347
      vertex 40 -8 8.46488
      vertex 43.4013 -4.59872 -0.162994
    endloop
  endfacet
  facet normal 0.707128 -0.707086 1.82432e-05
    outer loop
      vertex 43.4013 -4.59872 -0.162994
      vertex 40 -8 8.46488
      vertex 43.2711 -4.72893 -0.249985
    endloop
  endfacet
  facet normal 0.707061 -0.707153 -3.2073e-05
    outer loop
      vertex 43.2711 -4.72893 -0.249985
      vertex 40 -8 8.46488
      vertex 43.1533 -4.84671 -0.353287
    endloop
  endfacet
  facet normal 0.707106 -0.707107 5.69626e-07
    outer loop
      vertex 43.1533 -4.84671 -0.353287
      vertex 40 -8 8.46488
      vertex 43.05 -4.95001 -0.471069
    endloop
  endfacet
  facet normal 0.707107 -0.707107 0
    outer loop
      vertex 40 -8 8.46488
      vertex 42.8 -5.2 -1.5
      vertex 42.8 -5.2 -1.23932
    endloop
  endfacet
  facet normal 0.707107 -0.707107 0
    outer loop
      vertex 42.8 -5.2 -1.5
      vertex 40 -8 8.46488
      vertex 42.8 -5.2 -4
    endloop
  endfacet
  facet normal 0.707107 -0.707107 0
    outer loop
      vertex 42.8 -5.2 -4
      vertex 40 -8 -14.8
      vertex 42.8 -5.2 -14.8
    endloop
  endfacet
  facet normal 0.707107 -0.707107 -5.89256e-06
    outer loop
      vertex 41.6 -6.39999 -16
      vertex 42.8 -5.2 -14.8
      vertex 40 -8 -14.8
    endloop
  endfacet
  facet normal 0.707176 -0.707037 -0.000144569
    outer loop
      vertex 42.8 -5.2 -14.8
      vertex 41.6 -6.39999 -16
      vertex 42.7897 -5.21027 -14.9566
    endloop
  endfacet
  facet normal 0.707065 -0.707148 0.000108359
    outer loop
      vertex 42.7897 -5.21027 -14.9566
      vertex 41.6 -6.39999 -16
      vertex 42.7591 -5.24089 -15.1106
    endloop
  endfacet
  facet normal 0.706983 -0.70723 0.000321681
    outer loop
      vertex 42.7591 -5.24089 -15.1106
      vertex 41.6 -6.39999 -16
      vertex 42.7087 -5.29134 -15.2592
    endloop
  endfacet
  facet normal 0.707283 -0.70693 -0.000575852
    outer loop
      vertex 42.7087 -5.29134 -15.2592
      vertex 41.6 -6.39999 -16
      vertex 42.6392 -5.36076 -15.4
    endloop
  endfacet
  facet normal 0.707098 -0.707116 6.60123e-05
    outer loop
      vertex 42.6392 -5.36076 -15.4
      vertex 41.6 -6.39999 -16
      vertex 42.552 -5.44797 -15.5305
    endloop
  endfacet
  facet normal 0.70712 -0.707094 -2.29624e-05
    outer loop
      vertex 42.552 -5.44797 -15.5305
      vertex 41.6 -6.39999 -16
      vertex 42.4485 -5.55147 -15.6485
    endloop
  endfacet
  facet normal 0.707096 -0.707118 9.34579e-05
    outer loop
      vertex 42.4485 -5.55147 -15.6485
      vertex 41.6 -6.39999 -16
      vertex 42.3305 -5.66948 -15.752
    endloop
  endfacet
  facet normal 0.707089 -0.707125 0.000135397
    outer loop
      vertex 42.3305 -5.66948 -15.752
      vertex 41.6 -6.39999 -16
      vertex 42.2 -5.79999 -15.8392
    endloop
  endfacet
  facet normal 0.707137 -0.707077 -0.000222592
    outer loop
      vertex 42.2 -5.79999 -15.8392
      vertex 41.6 -6.39999 -16
      vertex 42.0592 -5.94078 -15.9087
    endloop
  endfacet
  facet normal 0.707209 -0.707005 5.8919e-05
    outer loop
      vertex 40 -8 8.46488
      vertex 42.8 -5.2 -1.23932
      vertex 42.8128 -5.18718 -1.04369
    endloop
  endfacet
  facet normal 0.70699 -0.707222 0.00124673
    outer loop
      vertex 42.0592 -5.94078 -15.9087
      vertex 41.6 -6.39999 -16
      vertex 41.9106 -6.08942 -15.9591
    endloop
  endfacet
  facet normal 0.707273 -0.706934 -0.00309081
    outer loop
      vertex 41.9106 -6.08942 -15.9591
      vertex 41.6 -6.39999 -16
      vertex 41.7566 -6.24336 -15.9897
    endloop
  endfacet
  facet normal 0.707116 -0.707098 1.76774e-05
    outer loop
      vertex 41.6 -6.39999 -16
      vertex 40 -8 -14.8
      vertex 41.2 -6.8 -16
    endloop
  endfacet
  facet normal 0.707179 -0.707034 0.000144983
    outer loop
      vertex 41.2 -6.8 -16
      vertex 40 -8 -14.8
      vertex 41.0434 -6.95663 -15.9897
    endloop
  endfacet
  facet normal 0.70697 -0.707244 -0.000222291
    outer loop
      vertex 41.0434 -6.95663 -15.9897
      vertex 40 -8 -14.8
      vertex 40.8894 -7.11058 -15.9591
    endloop
  endfacet
  facet normal 0.707233 -0.706981 0.000180906
    outer loop
      vertex 40.8894 -7.11058 -15.9591
      vertex 40 -8 -14.8
      vertex 40.7408 -7.25922 -15.9087
    endloop
  endfacet
  facet normal 0.707074 -0.70714 -3.10381e-05
    outer loop
      vertex 40.7408 -7.25922 -15.9087
      vertex 40 -8 -14.8
      vertex 40.6 -7.40001 -15.8392
    endloop
  endfacet
  facet normal 0.707155 -0.707059 6.20089e-05
    outer loop
      vertex 40.6 -7.40001 -15.8392
      vertex 40 -8 -14.8
      vertex 40.4695 -7.53052 -15.752
    endloop
  endfacet
  facet normal 0.707171 -0.707042 7.82549e-05
    outer loop
      vertex 40.4695 -7.53052 -15.752
      vertex 40 -8 -14.8
      vertex 40.3515 -7.64853 -15.6485
    endloop
  endfacet
  facet normal 0.707134 -0.70708 4.73749e-05
    outer loop
      vertex 40.3515 -7.64853 -15.6485
      vertex 40 -8 -14.8
      vertex 40.248 -7.75203 -15.5305
    endloop
  endfacet
  facet normal 0.707151 -0.707063 5.90279e-05
    outer loop
      vertex 40.248 -7.75203 -15.5305
      vertex 40 -8 -14.8
      vertex 40.1608 -7.83923 -15.4
    endloop
  endfacet
  facet normal 0.706405 -0.707808 -0.000340584
    outer loop
      vertex 40.1608 -7.83923 -15.4
      vertex 40 -8 -14.8
      vertex 40.0913 -7.90866 -15.2592
    endloop
  endfacet
  facet normal 0.707734 -0.706479 0.000188045
    outer loop
      vertex 40.0913 -7.90866 -15.2592
      vertex 40 -8 -14.8
      vertex 40.0409 -7.95911 -15.1106
    endloop
  endfacet
  facet normal 0.706876 -0.707338 -0.000138183
    outer loop
      vertex 40 -8 8.46488
      vertex 42.8128 -5.18718 -1.04369
      vertex 42.8434 -5.15663 -0.890076
    endloop
  endfacet
  facet normal 0.707079 -0.707134 -1.78387e-05
    outer loop
      vertex 43.05 -4.95001 -0.471069
      vertex 40 -8 8.46488
      vertex 42.963 -5.037 -0.601273
    endloop
  endfacet
  facet normal 0.706984 -0.70723 -8.02566e-05
    outer loop
      vertex 40 -8 8.46488
      vertex 42.8937 -5.10626 -0.741714
      vertex 42.963 -5.037 -0.601273
    endloop
  endfacet
  facet normal 0.707364 -0.706849 0.000158847
    outer loop
      vertex 40 -8 8.46488
      vertex 42.8434 -5.15663 -0.890076
      vertex 42.8937 -5.10626 -0.741714
    endloop
  endfacet
  facet normal 0.707107 -0.707107 0
    outer loop
      vertex 42.8 -5.2 -4
      vertex 40 -8 8.46488
      vertex 40 -8 -14.8
    endloop
  endfacet
  facet normal 0.70796 -0.706252 0.000247625
    outer loop
      vertex 40.0409 -7.95911 -15.1106
      vertex 40 -8 -14.8
      vertex 40.0103 -7.98973 -14.9566
    endloop
  endfacet
  facet normal 0.707109 -0.707105 0
    outer loop
      vertex 42.8 -5.2 -1.5
      vertex 44.6 -3.39999 -4
      vertex 44.6 -3.39999 -1.5
    endloop
  endfacet
  facet normal 0.707109 -0.707105 0
    outer loop
      vertex 44.6 -3.39999 -4
      vertex 42.8 -5.2 -1.5
      vertex 42.8 -5.2 -4
    endloop
  endfacet
  facet normal -0.707107 -0.707107 0
    outer loop
      vertex -40 -8 -14.8
      vertex -42.8 -5.2 -4
      vertex -42.8 -5.2 -14.8
    endloop
  endfacet
  facet normal -0.707107 -0.707107 -0
    outer loop
      vertex -40 -8 8.46488
      vertex -42.8 -5.2 -4
      vertex -40 -8 -14.8
    endloop
  endfacet
  facet normal -0.707176 -0.707037 -0.000144569
    outer loop
      vertex -41.6 -6.39999 -16
      vertex -42.8 -5.2 -14.8
      vertex -42.7897 -5.21027 -14.9566
    endloop
  endfacet
  facet normal -0.707109 -0.707105 0
    outer loop
      vertex -42.8 -5.2 -4
      vertex -44.6 -3.39999 -1.5
      vertex -44.6 -3.39999 -4
    endloop
  endfacet
  facet normal -0.707109 -0.707105 0
    outer loop
      vertex -44.6 -3.39999 -1.5
      vertex -42.8 -5.2 -4
      vertex -42.8 -5.2 -1.5
    endloop
  endfacet
  facet normal -0.707105 -0.707109 0
    outer loop
      vertex -44.0393 -3.96068 0
      vertex -48 0 9.10187
      vertex -48 0 0
    endloop
  endfacet
  facet normal -0.707159 -0.707054 4.85587e-05
    outer loop
      vertex -40 -8 8.46488
      vertex -44.0393 -3.96068 0
      vertex -43.8437 -4.15631 -0.0128174
    endloop
  endfacet
  facet normal -0.707128 -0.707086 1.99102e-05
    outer loop
      vertex -40 -8 8.46488
      vertex -43.8437 -4.15631 -0.0128174
      vertex -43.6901 -4.30992 -0.0433655
    endloop
  endfacet
  facet normal -0.707023 -0.70719 -7.0615e-05
    outer loop
      vertex -40 -8 8.46488
      vertex -43.6901 -4.30992 -0.0433655
      vertex -43.5417 -4.45828 -0.0937347
    endloop
  endfacet
  facet normal -0.707191 -0.707023 6.78523e-05
    outer loop
      vertex -40 -8 8.46488
      vertex -43.5417 -4.45828 -0.0937347
      vertex -43.4013 -4.59872 -0.162994
    endloop
  endfacet
  facet normal -0.707128 -0.707086 1.82432e-05
    outer loop
      vertex -40 -8 8.46488
      vertex -43.4013 -4.59872 -0.162994
      vertex -43.2711 -4.72893 -0.249985
    endloop
  endfacet
  facet normal -0.707061 -0.707153 -3.2073e-05
    outer loop
      vertex -40 -8 8.46488
      vertex -43.2711 -4.72893 -0.249985
      vertex -43.1533 -4.84671 -0.353287
    endloop
  endfacet
  facet normal -0.707106 -0.707107 5.69626e-07
    outer loop
      vertex -40 -8 8.46488
      vertex -43.1533 -4.84671 -0.353287
      vertex -43.05 -4.95001 -0.471069
    endloop
  endfacet
  facet normal -0.707079 -0.707134 -1.78387e-05
    outer loop
      vertex -40 -8 8.46488
      vertex -43.05 -4.95001 -0.471069
      vertex -42.963 -5.037 -0.601273
    endloop
  endfacet
  facet normal -0.707065 -0.707148 0.000108359
    outer loop
      vertex -41.6 -6.39999 -16
      vertex -42.7897 -5.21027 -14.9566
      vertex -42.7591 -5.24089 -15.1106
    endloop
  endfacet
  facet normal -0.706983 -0.70723 0.000321681
    outer loop
      vertex -41.6 -6.39999 -16
      vertex -42.7591 -5.24089 -15.1106
      vertex -42.7087 -5.29134 -15.2592
    endloop
  endfacet
  facet normal -0.707283 -0.70693 -0.000575852
    outer loop
      vertex -41.6 -6.39999 -16
      vertex -42.7087 -5.29134 -15.2592
      vertex -42.6392 -5.36076 -15.4
    endloop
  endfacet
  facet normal -0.707098 -0.707116 6.60123e-05
    outer loop
      vertex -41.6 -6.39999 -16
      vertex -42.6392 -5.36076 -15.4
      vertex -42.552 -5.44797 -15.5305
    endloop
  endfacet
  facet normal -0.70712 -0.707094 -2.29624e-05
    outer loop
      vertex -41.6 -6.39999 -16
      vertex -42.552 -5.44797 -15.5305
      vertex -42.4485 -5.55147 -15.6485
    endloop
  endfacet
  facet normal -0.707096 -0.707118 9.34579e-05
    outer loop
      vertex -41.6 -6.39999 -16
      vertex -42.4485 -5.55147 -15.6485
      vertex -42.3305 -5.66948 -15.752
    endloop
  endfacet
  facet normal -0.707089 -0.707125 0.000135397
    outer loop
      vertex -41.6 -6.39999 -16
      vertex -42.3305 -5.66948 -15.752
      vertex -42.2 -5.79999 -15.8392
    endloop
  endfacet
  facet normal -0.707137 -0.707077 -0.000222592
    outer loop
      vertex -41.6 -6.39999 -16
      vertex -42.2 -5.79999 -15.8392
      vertex -42.0592 -5.94078 -15.9087
    endloop
  endfacet
  facet normal -0.70699 -0.707222 0.00124673
    outer loop
      vertex -41.6 -6.39999 -16
      vertex -42.0592 -5.94078 -15.9087
      vertex -41.9106 -6.08942 -15.9591
    endloop
  endfacet
  facet normal -0.707273 -0.706934 -0.00309081
    outer loop
      vertex -41.6 -6.39999 -16
      vertex -41.9106 -6.08942 -15.9591
      vertex -41.7566 -6.24336 -15.9897
    endloop
  endfacet
  facet normal -0.707107 -0.707107 0
    outer loop
      vertex -42.8 -5.2 -4
      vertex -40 -8 8.46488
      vertex -42.8 -5.2 -1.5
    endloop
  endfacet
  facet normal -0.707107 -0.707107 -5.89256e-06
    outer loop
      vertex -42.8 -5.2 -14.8
      vertex -41.6 -6.39999 -16
      vertex -40 -8 -14.8
    endloop
  endfacet
  facet normal -0.707116 -0.707098 1.76774e-05
    outer loop
      vertex -40 -8 -14.8
      vertex -41.6 -6.39999 -16
      vertex -41.2 -6.8 -16
    endloop
  endfacet
  facet normal -0.707179 -0.707034 0.000144983
    outer loop
      vertex -40 -8 -14.8
      vertex -41.2 -6.8 -16
      vertex -41.0434 -6.95663 -15.9897
    endloop
  endfacet
  facet normal -0.70697 -0.707244 -0.000222291
    outer loop
      vertex -40 -8 -14.8
      vertex -41.0434 -6.95663 -15.9897
      vertex -40.8894 -7.11058 -15.9591
    endloop
  endfacet
  facet normal -0.707233 -0.706981 0.000180906
    outer loop
      vertex -40 -8 -14.8
      vertex -40.8894 -7.11058 -15.9591
      vertex -40.7408 -7.25922 -15.9087
    endloop
  endfacet
  facet normal -0.707074 -0.70714 -3.10381e-05
    outer loop
      vertex -40 -8 -14.8
      vertex -40.7408 -7.25922 -15.9087
      vertex -40.6 -7.40001 -15.8392
    endloop
  endfacet
  facet normal -0.707155 -0.707059 6.20089e-05
    outer loop
      vertex -40 -8 -14.8
      vertex -40.6 -7.40001 -15.8392
      vertex -40.4695 -7.53052 -15.752
    endloop
  endfacet
  facet normal -0.707171 -0.707042 7.82549e-05
    outer loop
      vertex -40 -8 -14.8
      vertex -40.4695 -7.53052 -15.752
      vertex -40.3515 -7.64853 -15.6485
    endloop
  endfacet
  facet normal -0.707134 -0.70708 4.73749e-05
    outer loop
      vertex -40 -8 -14.8
      vertex -40.3515 -7.64853 -15.6485
      vertex -40.248 -7.75203 -15.5305
    endloop
  endfacet
  facet normal -0.707151 -0.707063 5.90279e-05
    outer loop
      vertex -40 -8 -14.8
      vertex -40.248 -7.75203 -15.5305
      vertex -40.1608 -7.83923 -15.4
    endloop
  endfacet
  facet normal -0.706405 -0.707808 -0.000340584
    outer loop
      vertex -40 -8 -14.8
      vertex -40.1608 -7.83923 -15.4
      vertex -40.0913 -7.90866 -15.2592
    endloop
  endfacet
  facet normal -0.707734 -0.706479 0.000188045
    outer loop
      vertex -40 -8 -14.8
      vertex -40.0913 -7.90866 -15.2592
      vertex -40.0409 -7.95911 -15.1106
    endloop
  endfacet
  facet normal -0.70796 -0.706252 0.000247625
    outer loop
      vertex -40 -8 -14.8
      vertex -40.0409 -7.95911 -15.1106
      vertex -40.0103 -7.98973 -14.9566
    endloop
  endfacet
  facet normal -0.707107 -0.707107 0
    outer loop
      vertex -42.8 -5.2 -1.5
      vertex -40 -8 8.46488
      vertex -42.8 -5.2 -1.23932
    endloop
  endfacet
  facet normal -0.707209 -0.707005 5.8919e-05
    outer loop
      vertex -42.8 -5.2 -1.23932
      vertex -40 -8 8.46488
      vertex -42.8128 -5.18718 -1.04369
    endloop
  endfacet
  facet normal -0.707107 -0.707107 -1.60953e-06
    outer loop
      vertex -44.0393 -3.96068 0
      vertex -40 -8 8.46488
      vertex -48 0 9.10187
    endloop
  endfacet
  facet normal -0.706984 -0.70723 -8.02566e-05
    outer loop
      vertex -42.8937 -5.10626 -0.741714
      vertex -40 -8 8.46488
      vertex -42.963 -5.037 -0.601273
    endloop
  endfacet
  facet normal -0.707364 -0.706849 0.000158847
    outer loop
      vertex -42.8434 -5.15663 -0.890076
      vertex -40 -8 8.46488
      vertex -42.8937 -5.10626 -0.741714
    endloop
  endfacet
  facet normal -0.706876 -0.707338 -0.000138183
    outer loop
      vertex -42.8128 -5.18718 -1.04369
      vertex -40 -8 8.46488
      vertex -42.8434 -5.15663 -0.890076
    endloop
  endfacet
  facet normal 0 -0.321117 -0.94704
    outer loop
      vertex -40.7408 -7.25922 84.0913
      vertex 40.8894 -7.11058 84.0409
      vertex 40.7408 -7.25922 84.0913
    endloop
  endfacet
  facet normal -0 -0.321117 -0.94704
    outer loop
      vertex 40.8894 -7.11058 84.0409
      vertex -40.7408 -7.25922 84.0913
      vertex -40.8894 -7.11058 84.0409
    endloop
  endfacet
  facet normal 0 0.0656183 -0.997845
    outer loop
      vertex -4 1.8 84
      vertex -31.9897 1.95663 84.0103
      vertex -4 1.95663 84.0103
    endloop
  endfacet
  facet normal 0 0.0656183 -0.997845
    outer loop
      vertex -31.9897 1.95663 84.0103
      vertex -4 1.8 84
      vertex -32 1.8 84
    endloop
  endfacet
  facet normal 0 0.0656183 -0.997845
    outer loop
      vertex 4 1.8 84
      vertex 31.9897 1.95663 84.0103
      vertex 32 1.8 84
    endloop
  endfacet
  facet normal 0 0.0656183 -0.997845
    outer loop
      vertex 31.9897 1.95663 84.0103
      vertex 4 1.8 84
      vertex 4 1.95663 84.0103
    endloop
  endfacet
  facet normal 0 -0.194952 -0.980813
    outer loop
      vertex -40.8894 -7.11058 84.0409
      vertex 41.0434 -6.95663 84.0103
      vertex 40.8894 -7.11058 84.0409
    endloop
  endfacet
  facet normal -0 -0.194952 -0.980813
    outer loop
      vertex 41.0434 -6.95663 84.0103
      vertex -40.8894 -7.11058 84.0409
      vertex -41.0434 -6.95663 84.0103
    endloop
  endfacet
  facet normal 0 -0.0656183 -0.997845
    outer loop
      vertex -41.0434 -6.95663 84.0103
      vertex 41.2 -6.8 84
      vertex 41.0434 -6.95663 84.0103
    endloop
  endfacet
  facet normal -0 -0.0656183 -0.997845
    outer loop
      vertex 41.2 -6.8 84
      vertex -41.0434 -6.95663 84.0103
      vertex -41.2 -6.8 84
    endloop
  endfacet
  facet normal 0 0 1
    outer loop
      vertex 48 0 93
      vertex -41.2 -6.8 93
      vertex 41.2 -6.8 93
    endloop
  endfacet
  facet normal 0 -0 1
    outer loop
      vertex -41.2 -6.8 93
      vertex 48 0 93
      vertex -48 0 93
    endloop
  endfacet
  facet normal 0 -0.194952 0.980813
    outer loop
      vertex 41.0434 -6.95663 92.9897
      vertex -40.8894 -7.11058 92.9591
      vertex 40.8894 -7.11058 92.9591
    endloop
  endfacet
  facet normal 0 -0.194952 0.980813
    outer loop
      vertex -40.8894 -7.11058 92.9591
      vertex 41.0434 -6.95663 92.9897
      vertex -41.0434 -6.95663 92.9897
    endloop
  endfacet
  facet normal 0 -0.831462 -0.555582
    outer loop
      vertex -40.248 -7.75203 84.4695
      vertex 40.1608 -7.83923 84.6
      vertex -40.1608 -7.83923 84.6
    endloop
  endfacet
  facet normal 0 -0.831462 -0.555582
    outer loop
      vertex 40.1608 -7.83923 84.6
      vertex -40.248 -7.75203 84.4695
      vertex 40.248 -7.75203 84.4695
    endloop
  endfacet
  facet normal 0 -0.0656183 0.997845
    outer loop
      vertex 41.2 -6.8 93
      vertex -41.0434 -6.95663 92.9897
      vertex 41.0434 -6.95663 92.9897
    endloop
  endfacet
  facet normal 0 -0.0656183 0.997845
    outer loop
      vertex -41.0434 -6.95663 92.9897
      vertex 41.2 -6.8 93
      vertex -41.2 -6.8 93
    endloop
  endfacet
  facet normal 0 0 -1
    outer loop
      vertex 41.2 -6.8 84
      vertex 32 0 84
      vertex 48 0 84
    endloop
  endfacet
  facet normal 0 0 -1
    outer loop
      vertex 32 0 84
      vertex 4 0 84
      vertex 32 1.8 84
    endloop
  endfacet
  facet normal 0 0 -1
    outer loop
      vertex 41.2 -6.8 84
      vertex 4 0 84
      vertex 32 0 84
    endloop
  endfacet
  facet normal 0 0 -1
    outer loop
      vertex 41.2 -6.8 84
      vertex -4 0 84
      vertex 4 0 84
    endloop
  endfacet
  facet normal 0 0 -1
    outer loop
      vertex -4 0 84
      vertex -32 0 84
      vertex -4 1.8 84
    endloop
  endfacet
  facet normal 0 0 -1
    outer loop
      vertex -41.2 -6.8 84
      vertex -4 0 84
      vertex 41.2 -6.8 84
    endloop
  endfacet
  facet normal -0 0 -1
    outer loop
      vertex -4 0 84
      vertex -41.2 -6.8 84
      vertex -32 0 84
    endloop
  endfacet
  facet normal -0 0 -1
    outer loop
      vertex -32 0 84
      vertex -41.2 -6.8 84
      vertex -48 0 84
    endloop
  endfacet
  facet normal -0 0 -1
    outer loop
      vertex 32 1.8 84
      vertex 4 0 84
      vertex 4 1.8 84
    endloop
  endfacet
  facet normal -0 0 -1
    outer loop
      vertex -4 1.8 84
      vertex -32 0 84
      vertex -32 1.8 84
    endloop
  endfacet
  facet normal 0 -0.442648 0.896696
    outer loop
      vertex 40.7408 -7.25922 92.9087
      vertex -40.6 -7.40001 92.8392
      vertex 40.6 -7.40001 92.8392
    endloop
  endfacet
  facet normal 0 -0.442648 0.896696
    outer loop
      vertex -40.6 -7.40001 92.8392
      vertex 40.7408 -7.25922 92.9087
      vertex -40.7408 -7.25922 92.9087
    endloop
  endfacet
  facet normal 0 -0.659375 -0.751815
    outer loop
      vertex -40.3515 -7.64853 84.3515
      vertex 40.4695 -7.53052 84.248
      vertex 40.3515 -7.64853 84.3515
    endloop
  endfacet
  facet normal -0 -0.659375 -0.751815
    outer loop
      vertex 40.4695 -7.53052 84.248
      vertex -40.3515 -7.64853 84.3515
      vertex -40.4695 -7.53052 84.248
    endloop
  endfacet
  facet normal 0 0.980801 -0.195014
    outer loop
      vertex -4 2.95911 84.8894
      vertex -30.9566 2.98973 85.0434
      vertex -4 2.98973 85.0434
    endloop
  endfacet
  facet normal 0 0.980801 -0.195014
    outer loop
      vertex -30.9566 2.98973 85.0434
      vertex -4 2.95911 84.8894
      vertex -31.1106 2.95911 84.8894
    endloop
  endfacet
  facet normal 0 0.980801 -0.195014
    outer loop
      vertex 4 2.95911 84.8894
      vertex 30.9566 2.98973 85.0434
      vertex 31.1106 2.95911 84.8894
    endloop
  endfacet
  facet normal 0 0.980801 -0.195014
    outer loop
      vertex 30.9566 2.98973 85.0434
      vertex 4 2.95911 84.8894
      vertex 4 2.98973 85.0434
    endloop
  endfacet
  facet normal 0 -0.555553 0.831481
    outer loop
      vertex 40.6 -7.40001 92.8392
      vertex -40.4695 -7.53052 92.752
      vertex 40.4695 -7.53052 92.752
    endloop
  endfacet
  facet normal 0 -0.555553 0.831481
    outer loop
      vertex -40.4695 -7.53052 92.752
      vertex 40.6 -7.40001 92.8392
      vertex -40.6 -7.40001 92.8392
    endloop
  endfacet
  facet normal 0 -0.997856 -0.0654405
    outer loop
      vertex -40.0103 -7.98973 85.0434
      vertex 40 -8 85.2
      vertex -40 -8 85.2
    endloop
  endfacet
  facet normal 0 -0.997856 -0.0654405
    outer loop
      vertex 40 -8 85.2
      vertex -40.0103 -7.98973 85.0434
      vertex 40.0103 -7.98973 85.0434
    endloop
  endfacet
  facet normal 0 -0.980801 -0.195014
    outer loop
      vertex -40.0409 -7.95911 84.8894
      vertex 40.0103 -7.98973 85.0434
      vertex -40.0103 -7.98973 85.0434
    endloop
  endfacet
  facet normal 0 -0.980801 -0.195014
    outer loop
      vertex 40.0103 -7.98973 85.0434
      vertex -40.0409 -7.95911 84.8894
      vertex 40.0409 -7.95911 84.8894
    endloop
  endfacet
  facet normal 0 -0.321117 0.94704
    outer loop
      vertex 40.8894 -7.11058 92.9591
      vertex -40.7408 -7.25922 92.9087
      vertex 40.7408 -7.25922 92.9087
    endloop
  endfacet
  facet normal 0 -0.321117 0.94704
    outer loop
      vertex -40.7408 -7.25922 92.9087
      vertex 40.8894 -7.11058 92.9591
      vertex -40.8894 -7.11058 92.9591
    endloop
  endfacet
  facet normal 0 -0.946916 0.32148
    outer loop
      vertex -40.0409 -7.95911 92.1106
      vertex 40.0913 -7.90866 92.2592
      vertex -40.0913 -7.90866 92.2592
    endloop
  endfacet
  facet normal 0 -0.946916 0.32148
    outer loop
      vertex 40.0913 -7.90866 92.2592
      vertex -40.0409 -7.95911 92.1106
      vertex 40.0409 -7.95911 92.1106
    endloop
  endfacet
  facet normal 0 -0.831462 0.555582
    outer loop
      vertex -40.1608 -7.83923 92.4
      vertex 40.248 -7.75203 92.5305
      vertex -40.248 -7.75203 92.5305
    endloop
  endfacet
  facet normal 0 -0.831462 0.555582
    outer loop
      vertex 40.248 -7.75203 92.5305
      vertex -40.1608 -7.83923 92.4
      vertex 40.1608 -7.83923 92.4
    endloop
  endfacet
  facet normal 0 -0.442648 -0.896696
    outer loop
      vertex -40.6 -7.40001 84.1608
      vertex 40.7408 -7.25922 84.0913
      vertex 40.6 -7.40001 84.1608
    endloop
  endfacet
  facet normal -0 -0.442648 -0.896696
    outer loop
      vertex 40.7408 -7.25922 84.0913
      vertex -40.6 -7.40001 84.1608
      vertex -40.7408 -7.25922 84.0913
    endloop
  endfacet
  facet normal 0 -0.659375 0.751815
    outer loop
      vertex 40.4695 -7.53052 92.752
      vertex -40.3515 -7.64853 92.6485
      vertex 40.3515 -7.64853 92.6485
    endloop
  endfacet
  facet normal 0 -0.659375 0.751815
    outer loop
      vertex -40.3515 -7.64853 92.6485
      vertex 40.4695 -7.53052 92.752
      vertex -40.4695 -7.53052 92.752
    endloop
  endfacet
  facet normal 0 0.997856 -0.0654405
    outer loop
      vertex -4 2.98973 85.0434
      vertex -30.8 3 85.2
      vertex -4 3 85.2
    endloop
  endfacet
  facet normal 0 0.997856 -0.0654405
    outer loop
      vertex -30.8 3 85.2
      vertex -4 2.98973 85.0434
      vertex -30.9566 2.98973 85.0434
    endloop
  endfacet
  facet normal 0 0.997856 -0.0654405
    outer loop
      vertex 4 2.98973 85.0434
      vertex 30.8 3 85.2
      vertex 30.9566 2.98973 85.0434
    endloop
  endfacet
  facet normal 0 0.997856 -0.0654405
    outer loop
      vertex 30.8 3 85.2
      vertex 4 2.98973 85.0434
      vertex 4 3 85.2
    endloop
  endfacet
  facet normal 0 -0.896885 0.442264
    outer loop
      vertex -40.0913 -7.90866 92.2592
      vertex 40.1608 -7.83923 92.4
      vertex -40.1608 -7.83923 92.4
    endloop
  endfacet
  facet normal 0 -0.896885 0.442264
    outer loop
      vertex 40.1608 -7.83923 92.4
      vertex -40.0913 -7.90866 92.2592
      vertex 40.0913 -7.90866 92.2592
    endloop
  endfacet
  facet normal 0 -0.751787 -0.659406
    outer loop
      vertex -40.3515 -7.64853 84.3515
      vertex 40.248 -7.75203 84.4695
      vertex -40.248 -7.75203 84.4695
    endloop
  endfacet
  facet normal 0 -0.751787 -0.659406
    outer loop
      vertex 40.248 -7.75203 84.4695
      vertex -40.3515 -7.64853 84.3515
      vertex 40.3515 -7.64853 84.3515
    endloop
  endfacet
  facet normal 0 0.442648 -0.896696
    outer loop
      vertex -4 2.25922 84.0913
      vertex -31.8392 2.40001 84.1608
      vertex -4 2.40001 84.1608
    endloop
  endfacet
  facet normal 0 0.442648 -0.896696
    outer loop
      vertex -31.8392 2.40001 84.1608
      vertex -4 2.25922 84.0913
      vertex -31.9087 2.25922 84.0913
    endloop
  endfacet
  facet normal 0 0.442648 -0.896696
    outer loop
      vertex 4 2.25922 84.0913
      vertex 31.8392 2.40001 84.1608
      vertex 31.9087 2.25922 84.0913
    endloop
  endfacet
  facet normal 0 0.442648 -0.896696
    outer loop
      vertex 31.8392 2.40001 84.1608
      vertex 4 2.25922 84.0913
      vertex 4 2.40001 84.1608
    endloop
  endfacet
  facet normal 0 -0.997856 0.0654405
    outer loop
      vertex -40 -8 91.8
      vertex 40.0103 -7.98973 91.9566
      vertex -40.0103 -7.98973 91.9566
    endloop
  endfacet
  facet normal 0 -0.997856 0.0654405
    outer loop
      vertex 40.0103 -7.98973 91.9566
      vertex -40 -8 91.8
      vertex 40 -8 91.8
    endloop
  endfacet
  facet normal 0 -0.555553 -0.831481
    outer loop
      vertex -40.4695 -7.53052 84.248
      vertex 40.6 -7.40001 84.1608
      vertex 40.4695 -7.53052 84.248
    endloop
  endfacet
  facet normal -0 -0.555553 -0.831481
    outer loop
      vertex 40.6 -7.40001 84.1608
      vertex -40.4695 -7.53052 84.248
      vertex -40.6 -7.40001 84.1608
    endloop
  endfacet
  facet normal 0 -0.980801 0.195014
    outer loop
      vertex -40.0103 -7.98973 91.9566
      vertex 40.0409 -7.95911 92.1106
      vertex -40.0409 -7.95911 92.1106
    endloop
  endfacet
  facet normal 0 -0.980801 0.195014
    outer loop
      vertex 40.0409 -7.95911 92.1106
      vertex -40.0103 -7.98973 91.9566
      vertex 40.0103 -7.98973 91.9566
    endloop
  endfacet
  facet normal 0 -0.751787 0.659406
    outer loop
      vertex -40.248 -7.75203 92.5305
      vertex 40.3515 -7.64853 92.6485
      vertex -40.3515 -7.64853 92.6485
    endloop
  endfacet
  facet normal 0 -0.751787 0.659406
    outer loop
      vertex 40.3515 -7.64853 92.6485
      vertex -40.248 -7.75203 92.5305
      vertex 40.248 -7.75203 92.5305
    endloop
  endfacet
  facet normal 0 0.321117 -0.94704
    outer loop
      vertex -4 2.11058 84.0409
      vertex -31.9087 2.25922 84.0913
      vertex -4 2.25922 84.0913
    endloop
  endfacet
  facet normal 0 0.321117 -0.94704
    outer loop
      vertex -31.9087 2.25922 84.0913
      vertex -4 2.11058 84.0409
      vertex -31.9591 2.11058 84.0409
    endloop
  endfacet
  facet normal 0 0.321117 -0.94704
    outer loop
      vertex 4 2.11058 84.0409
      vertex 31.9087 2.25922 84.0913
      vertex 31.9591 2.11058 84.0409
    endloop
  endfacet
  facet normal 0 0.321117 -0.94704
    outer loop
      vertex 31.9087 2.25922 84.0913
      vertex 4 2.11058 84.0409
      vertex 4 2.25922 84.0913
    endloop
  endfacet
  facet normal 0 -0.896885 -0.442264
    outer loop
      vertex -40.1608 -7.83923 84.6
      vertex 40.0913 -7.90866 84.7408
      vertex -40.0913 -7.90866 84.7408
    endloop
  endfacet
  facet normal 0 -0.896885 -0.442264
    outer loop
      vertex 40.0913 -7.90866 84.7408
      vertex -40.1608 -7.83923 84.6
      vertex 40.1608 -7.83923 84.6
    endloop
  endfacet
  facet normal 0 -0.946916 -0.32148
    outer loop
      vertex -40.0913 -7.90866 84.7408
      vertex 40.0409 -7.95911 84.8894
      vertex -40.0409 -7.95911 84.8894
    endloop
  endfacet
  facet normal 0 -0.946916 -0.32148
    outer loop
      vertex 40.0409 -7.95911 84.8894
      vertex -40.0913 -7.90866 84.7408
      vertex 40.0913 -7.90866 84.7408
    endloop
  endfacet
  facet normal 0 -1 0
    outer loop
      vertex -40 -8 85.2
      vertex 40 -8 91.8
      vertex -40 -8 91.8
    endloop
  endfacet
  facet normal 0 -1 -0
    outer loop
      vertex 40 -8 91.8
      vertex -40 -8 85.2
      vertex 40 -8 85.2
    endloop
  endfacet
  facet normal 0 0.831462 -0.555582
    outer loop
      vertex -4 2.75203 84.4695
      vertex -31.4 2.83923 84.6
      vertex -4 2.83923 84.6
    endloop
  endfacet
  facet normal 0 0.831462 -0.555582
    outer loop
      vertex -31.4 2.83923 84.6
      vertex -4 2.75203 84.4695
      vertex -31.5305 2.75203 84.4695
    endloop
  endfacet
  facet normal 0 0.831462 -0.555582
    outer loop
      vertex 4 2.75203 84.4695
      vertex 31.4 2.83923 84.6
      vertex 31.5305 2.75203 84.4695
    endloop
  endfacet
  facet normal 0 0.831462 -0.555582
    outer loop
      vertex 31.4 2.83923 84.6
      vertex 4 2.75203 84.4695
      vertex 4 2.83923 84.6
    endloop
  endfacet
  facet normal 0 0.896885 -0.442264
    outer loop
      vertex -4 2.83923 84.6
      vertex -31.2592 2.90866 84.7408
      vertex -4 2.90866 84.7408
    endloop
  endfacet
  facet normal 0 0.896885 -0.442264
    outer loop
      vertex -31.2592 2.90866 84.7408
      vertex -4 2.83923 84.6
      vertex -31.4 2.83923 84.6
    endloop
  endfacet
  facet normal 0 0.896885 -0.442264
    outer loop
      vertex 4 2.83923 84.6
      vertex 31.2592 2.90866 84.7408
      vertex 31.4 2.83923 84.6
    endloop
  endfacet
  facet normal 0 0.896885 -0.442264
    outer loop
      vertex 31.2592 2.90866 84.7408
      vertex 4 2.83923 84.6
      vertex 4 2.90866 84.7408
    endloop
  endfacet
  facet normal 0 0.555553 -0.831481
    outer loop
      vertex -4 2.40001 84.1608
      vertex -31.752 2.53052 84.248
      vertex -4 2.53052 84.248
    endloop
  endfacet
  facet normal 0 0.555553 -0.831481
    outer loop
      vertex -31.752 2.53052 84.248
      vertex -4 2.40001 84.1608
      vertex -31.8392 2.40001 84.1608
    endloop
  endfacet
  facet normal 0 0.555553 -0.831481
    outer loop
      vertex 4 2.40001 84.1608
      vertex 31.752 2.53052 84.248
      vertex 31.8392 2.40001 84.1608
    endloop
  endfacet
  facet normal 0 0.555553 -0.831481
    outer loop
      vertex 31.752 2.53052 84.248
      vertex 4 2.40001 84.1608
      vertex 4 2.53052 84.248
    endloop
  endfacet
  facet normal 0 0.751787 -0.659406
    outer loop
      vertex -4 2.64853 84.3515
      vertex -31.5305 2.75203 84.4695
      vertex -4 2.75203 84.4695
    endloop
  endfacet
  facet normal 0 0.751787 -0.659406
    outer loop
      vertex -31.5305 2.75203 84.4695
      vertex -4 2.64853 84.3515
      vertex -31.6485 2.64853 84.3515
    endloop
  endfacet
  facet normal 0 0.751787 -0.659406
    outer loop
      vertex 4 2.64853 84.3515
      vertex 31.5305 2.75203 84.4695
      vertex 31.6485 2.64853 84.3515
    endloop
  endfacet
  facet normal 0 0.751787 -0.659406
    outer loop
      vertex 31.5305 2.75203 84.4695
      vertex 4 2.64853 84.3515
      vertex 4 2.75203 84.4695
    endloop
  endfacet
  facet normal 0 0.194952 -0.980813
    outer loop
      vertex -4 1.95663 84.0103
      vertex -31.9591 2.11058 84.0409
      vertex -4 2.11058 84.0409
    endloop
  endfacet
  facet normal 0 0.194952 -0.980813
    outer loop
      vertex -31.9591 2.11058 84.0409
      vertex -4 1.95663 84.0103
      vertex -31.9897 1.95663 84.0103
    endloop
  endfacet
  facet normal 0 0.194952 -0.980813
    outer loop
      vertex 4 1.95663 84.0103
      vertex 31.9591 2.11058 84.0409
      vertex 31.9897 1.95663 84.0103
    endloop
  endfacet
  facet normal 0 0.194952 -0.980813
    outer loop
      vertex 31.9591 2.11058 84.0409
      vertex 4 1.95663 84.0103
      vertex 4 2.11058 84.0409
    endloop
  endfacet
  facet normal 0 0.946916 -0.32148
    outer loop
      vertex -4 2.90866 84.7408
      vertex -31.1106 2.95911 84.8894
      vertex -4 2.95911 84.8894
    endloop
  endfacet
  facet normal 0 0.946916 -0.32148
    outer loop
      vertex -31.1106 2.95911 84.8894
      vertex -4 2.90866 84.7408
      vertex -31.2592 2.90866 84.7408
    endloop
  endfacet
  facet normal 0 0.946916 -0.32148
    outer loop
      vertex 4 2.90866 84.7408
      vertex 31.1106 2.95911 84.8894
      vertex 31.2592 2.90866 84.7408
    endloop
  endfacet
  facet normal 0 0.946916 -0.32148
    outer loop
      vertex 31.1106 2.95911 84.8894
      vertex 4 2.90866 84.7408
      vertex 4 2.95911 84.8894
    endloop
  endfacet
  facet normal 0 0.659375 -0.751815
    outer loop
      vertex -4 2.53052 84.248
      vertex -31.6485 2.64853 84.3515
      vertex -4 2.64853 84.3515
    endloop
  endfacet
  facet normal 0 0.659375 -0.751815
    outer loop
      vertex -31.6485 2.64853 84.3515
      vertex -4 2.53052 84.248
      vertex -31.752 2.53052 84.248
    endloop
  endfacet
  facet normal 0 0.659375 -0.751815
    outer loop
      vertex 4 2.53052 84.248
      vertex 31.6485 2.64853 84.3515
      vertex 31.752 2.53052 84.248
    endloop
  endfacet
  facet normal 0 0.659375 -0.751815
    outer loop
      vertex 31.6485 2.64853 84.3515
      vertex 4 2.53052 84.248
      vertex 4 2.64853 84.3515
    endloop
  endfacet
  facet normal 0.707107 -0.707107 0
    outer loop
      vertex 41.2 -6.8 93
      vertex 48 0 84
      vertex 48 0 93
    endloop
  endfacet
  facet normal 0.707107 -0.707107 0
    outer loop
      vertex 41.2 -6.8 93
      vertex 41.2 -6.8 84
      vertex 48 0 84
    endloop
  endfacet
  facet normal 0.707179 -0.707034 -0.000144983
    outer loop
      vertex 40 -8 91.8
      vertex 41.2 -6.8 93
      vertex 41.0434 -6.95663 92.9897
    endloop
  endfacet
  facet normal 0.707107 -0.707107 0
    outer loop
      vertex 41.2 -6.8 93
      vertex 40 -8 91.8
      vertex 41.2 -6.8 84
    endloop
  endfacet
  facet normal 0.70697 -0.707244 0.000222291
    outer loop
      vertex 40 -8 91.8
      vertex 41.0434 -6.95663 92.9897
      vertex 40.8894 -7.11058 92.9591
    endloop
  endfacet
  facet normal 0.707107 -0.707107 0
    outer loop
      vertex 40 -8 85.2
      vertex 41.2 -6.8 84
      vertex 40 -8 91.8
    endloop
  endfacet
  facet normal 0.707233 -0.706981 -0.000180906
    outer loop
      vertex 40 -8 91.8
      vertex 40.8894 -7.11058 92.9591
      vertex 40.7408 -7.25922 92.9087
    endloop
  endfacet
  facet normal 0.707179 -0.707034 0.000144983
    outer loop
      vertex 41.2 -6.8 84
      vertex 40 -8 85.2
      vertex 41.0434 -6.95663 84.0103
    endloop
  endfacet
  facet normal 0.707074 -0.70714 3.10381e-05
    outer loop
      vertex 40 -8 91.8
      vertex 40.7408 -7.25922 92.9087
      vertex 40.6 -7.40001 92.8392
    endloop
  endfacet
  facet normal 0.70697 -0.707244 -0.000222291
    outer loop
      vertex 41.0434 -6.95663 84.0103
      vertex 40 -8 85.2
      vertex 40.8894 -7.11058 84.0409
    endloop
  endfacet
  facet normal 0.707155 -0.707059 -6.20089e-05
    outer loop
      vertex 40 -8 91.8
      vertex 40.6 -7.40001 92.8392
      vertex 40.4695 -7.53052 92.752
    endloop
  endfacet
  facet normal 0.707233 -0.706981 0.000180906
    outer loop
      vertex 40.8894 -7.11058 84.0409
      vertex 40 -8 85.2
      vertex 40.7408 -7.25922 84.0913
    endloop
  endfacet
  facet normal 0.707171 -0.707042 -7.82549e-05
    outer loop
      vertex 40 -8 91.8
      vertex 40.4695 -7.53052 92.752
      vertex 40.3515 -7.64853 92.6485
    endloop
  endfacet
  facet normal 0.707074 -0.70714 -3.10381e-05
    outer loop
      vertex 40.7408 -7.25922 84.0913
      vertex 40 -8 85.2
      vertex 40.6 -7.40001 84.1608
    endloop
  endfacet
  facet normal 0.707134 -0.70708 -4.73749e-05
    outer loop
      vertex 40 -8 91.8
      vertex 40.3515 -7.64853 92.6485
      vertex 40.248 -7.75203 92.5305
    endloop
  endfacet
  facet normal 0.707155 -0.707059 6.20089e-05
    outer loop
      vertex 40.6 -7.40001 84.1608
      vertex 40 -8 85.2
      vertex 40.4695 -7.53052 84.248
    endloop
  endfacet
  facet normal 0.707151 -0.707063 -5.90279e-05
    outer loop
      vertex 40 -8 91.8
      vertex 40.248 -7.75203 92.5305
      vertex 40.1608 -7.83923 92.4
    endloop
  endfacet
  facet normal 0.707171 -0.707042 7.82549e-05
    outer loop
      vertex 40.4695 -7.53052 84.248
      vertex 40 -8 85.2
      vertex 40.3515 -7.64853 84.3515
    endloop
  endfacet
  facet normal 0.706405 -0.707808 0.000340584
    outer loop
      vertex 40 -8 91.8
      vertex 40.1608 -7.83923 92.4
      vertex 40.0913 -7.90866 92.2592
    endloop
  endfacet
  facet normal 0.707134 -0.70708 4.73749e-05
    outer loop
      vertex 40.3515 -7.64853 84.3515
      vertex 40 -8 85.2
      vertex 40.248 -7.75203 84.4695
    endloop
  endfacet
  facet normal 0.707734 -0.706479 -0.000188045
    outer loop
      vertex 40 -8 91.8
      vertex 40.0913 -7.90866 92.2592
      vertex 40.0409 -7.95911 92.1106
    endloop
  endfacet
  facet normal 0.707151 -0.707063 5.90279e-05
    outer loop
      vertex 40.248 -7.75203 84.4695
      vertex 40 -8 85.2
      vertex 40.1608 -7.83923 84.6
    endloop
  endfacet
  facet normal 0.70796 -0.706252 -0.000247625
    outer loop
      vertex 40 -8 91.8
      vertex 40.0409 -7.95911 92.1106
      vertex 40.0103 -7.98973 91.9566
    endloop
  endfacet
  facet normal 0.706405 -0.707808 -0.000340584
    outer loop
      vertex 40.1608 -7.83923 84.6
      vertex 40 -8 85.2
      vertex 40.0913 -7.90866 84.7408
    endloop
  endfacet
  facet normal 0.707734 -0.706479 0.000188045
    outer loop
      vertex 40.0913 -7.90866 84.7408
      vertex 40 -8 85.2
      vertex 40.0409 -7.95911 84.8894
    endloop
  endfacet
  facet normal 0.70796 -0.706252 0.000247625
    outer loop
      vertex 40.0409 -7.95911 84.8894
      vertex 40 -8 85.2
      vertex 40.0103 -7.98973 85.0434
    endloop
  endfacet
  facet normal -0.707107 -0.707107 0
    outer loop
      vertex -41.2 -6.8 84
      vertex -48 0 93
      vertex -48 0 84
    endloop
  endfacet
  facet normal -0.707107 -0.707107 0
    outer loop
      vertex -41.2 -6.8 84
      vertex -41.2 -6.8 93
      vertex -48 0 93
    endloop
  endfacet
  facet normal -0.707179 -0.707034 0.000144983
    outer loop
      vertex -40 -8 85.2
      vertex -41.2 -6.8 84
      vertex -41.0434 -6.95663 84.0103
    endloop
  endfacet
  facet normal -0.707107 -0.707107 0
    outer loop
      vertex -41.2 -6.8 84
      vertex -40 -8 85.2
      vertex -41.2 -6.8 93
    endloop
  endfacet
  facet normal -0.70697 -0.707244 -0.000222291
    outer loop
      vertex -40 -8 85.2
      vertex -41.0434 -6.95663 84.0103
      vertex -40.8894 -7.11058 84.0409
    endloop
  endfacet
  facet normal -0.707107 -0.707107 -0
    outer loop
      vertex -40 -8 91.8
      vertex -41.2 -6.8 93
      vertex -40 -8 85.2
    endloop
  endfacet
  facet normal -0.707233 -0.706981 0.000180906
    outer loop
      vertex -40 -8 85.2
      vertex -40.8894 -7.11058 84.0409
      vertex -40.7408 -7.25922 84.0913
    endloop
  endfacet
  facet normal -0.707179 -0.707034 -0.000144983
    outer loop
      vertex -41.2 -6.8 93
      vertex -40 -8 91.8
      vertex -41.0434 -6.95663 92.9897
    endloop
  endfacet
  facet normal -0.707074 -0.70714 -3.10381e-05
    outer loop
      vertex -40 -8 85.2
      vertex -40.7408 -7.25922 84.0913
      vertex -40.6 -7.40001 84.1608
    endloop
  endfacet
  facet normal -0.70697 -0.707244 0.000222291
    outer loop
      vertex -41.0434 -6.95663 92.9897
      vertex -40 -8 91.8
      vertex -40.8894 -7.11058 92.9591
    endloop
  endfacet
  facet normal -0.707155 -0.707059 6.20089e-05
    outer loop
      vertex -40 -8 85.2
      vertex -40.6 -7.40001 84.1608
      vertex -40.4695 -7.53052 84.248
    endloop
  endfacet
  facet normal -0.707233 -0.706981 -0.000180906
    outer loop
      vertex -40.8894 -7.11058 92.9591
      vertex -40 -8 91.8
      vertex -40.7408 -7.25922 92.9087
    endloop
  endfacet
  facet normal -0.707171 -0.707042 7.82549e-05
    outer loop
      vertex -40 -8 85.2
      vertex -40.4695 -7.53052 84.248
      vertex -40.3515 -7.64853 84.3515
    endloop
  endfacet
  facet normal -0.707074 -0.70714 3.10381e-05
    outer loop
      vertex -40.7408 -7.25922 92.9087
      vertex -40 -8 91.8
      vertex -40.6 -7.40001 92.8392
    endloop
  endfacet
  facet normal -0.707134 -0.70708 4.73749e-05
    outer loop
      vertex -40 -8 85.2
      vertex -40.3515 -7.64853 84.3515
      vertex -40.248 -7.75203 84.4695
    endloop
  endfacet
  facet normal -0.707155 -0.707059 -6.20089e-05
    outer loop
      vertex -40.6 -7.40001 92.8392
      vertex -40 -8 91.8
      vertex -40.4695 -7.53052 92.752
    endloop
  endfacet
  facet normal -0.707151 -0.707063 5.90279e-05
    outer loop
      vertex -40 -8 85.2
      vertex -40.248 -7.75203 84.4695
      vertex -40.1608 -7.83923 84.6
    endloop
  endfacet
  facet normal -0.707171 -0.707042 -7.82549e-05
    outer loop
      vertex -40.4695 -7.53052 92.752
      vertex -40 -8 91.8
      vertex -40.3515 -7.64853 92.6485
    endloop
  endfacet
  facet normal -0.706405 -0.707808 -0.000340584
    outer loop
      vertex -40 -8 85.2
      vertex -40.1608 -7.83923 84.6
      vertex -40.0913 -7.90866 84.7408
    endloop
  endfacet
  facet normal -0.707134 -0.70708 -4.73749e-05
    outer loop
      vertex -40.3515 -7.64853 92.6485
      vertex -40 -8 91.8
      vertex -40.248 -7.75203 92.5305
    endloop
  endfacet
  facet normal -0.707734 -0.706479 0.000188045
    outer loop
      vertex -40 -8 85.2
      vertex -40.0913 -7.90866 84.7408
      vertex -40.0409 -7.95911 84.8894
    endloop
  endfacet
  facet normal -0.707151 -0.707063 -5.90279e-05
    outer loop
      vertex -40.248 -7.75203 92.5305
      vertex -40 -8 91.8
      vertex -40.1608 -7.83923 92.4
    endloop
  endfacet
  facet normal -0.70796 -0.706252 0.000247625
    outer loop
      vertex -40 -8 85.2
      vertex -40.0409 -7.95911 84.8894
      vertex -40.0103 -7.98973 85.0434
    endloop
  endfacet
  facet normal -0.706405 -0.707808 0.000340584
    outer loop
      vertex -40.1608 -7.83923 92.4
      vertex -40 -8 91.8
      vertex -40.0913 -7.90866 92.2592
    endloop
  endfacet
  facet normal -0.707734 -0.706479 -0.000188045
    outer loop
      vertex -40.0913 -7.90866 92.2592
      vertex -40 -8 91.8
      vertex -40.0409 -7.95911 92.1106
    endloop
  endfacet
  facet normal -0.70796 -0.706252 -0.000247625
    outer loop
      vertex -40.0409 -7.95911 92.1106
      vertex -40 -8 91.8
      vertex -40.0103 -7.98973 91.9566
    endloop
  endfacet
  facet normal 0 -0.442301 0.896867
    outer loop
      vertex 35.2507 -16.7493 21.4324
      vertex -34.5706 -17.4294 21.097
      vertex 34.5706 -17.4294 21.097
    endloop
  endfacet
  facet normal 0 -0.442301 0.896867
    outer loop
      vertex -34.5706 -17.4294 21.097
      vertex 35.2507 -16.7493 21.4324
      vertex -35.2507 -16.7493 21.4324
    endloop
  endfacet
  facet normal 0 0 -1
    outer loop
      vertex -37.9215 -14.0785 8.00514
      vertex 38.0785 -13.9215 8.00514
      vertex 37.9215 -14.0785 8.00514
    endloop
  endfacet
  facet normal -0 0 -1
    outer loop
      vertex 38.0785 -13.9215 8.00514
      vertex -37.9215 -14.0785 8.00514
      vertex -38.0785 -13.9215 8.00514
    endloop
  endfacet
  facet normal 0 -0.442322 -0.896856
    outer loop
      vertex -34.5706 -17.4294 8.90303
      vertex 35.2507 -16.7493 8.56761
      vertex 34.5706 -17.4294 8.90303
    endloop
  endfacet
  facet normal -0 -0.442322 -0.896856
    outer loop
      vertex 35.2507 -16.7493 8.56761
      vertex -34.5706 -17.4294 8.90303
      vertex -35.2507 -16.7493 8.56761
    endloop
  endfacet
  facet normal 0 -0.499906 0.86608
    outer loop
      vertex 34.5706 -17.4294 21.097
      vertex -34.4346 -17.5654 21.0185
      vertex 34.4346 -17.5654 21.0185
    endloop
  endfacet
  facet normal 0 -0.499906 0.86608
    outer loop
      vertex -34.4346 -17.5654 21.0185
      vertex 34.5706 -17.4294 21.097
      vertex -34.5706 -17.4294 21.097
    endloop
  endfacet
  facet normal 0 -0.831461 0.555582
    outer loop
      vertex -31.9815 -20.0185 18.5654
      vertex 32.4028 -19.5972 19.1959
      vertex -32.4028 -19.5972 19.1959
    endloop
  endfacet
  facet normal 0 -0.831461 0.555582
    outer loop
      vertex 32.4028 -19.5972 19.1959
      vertex -31.9815 -20.0185 18.5654
      vertex 31.9815 -20.0185 18.5654
    endloop
  endfacet
  facet normal 0 -0.499811 -0.866135
    outer loop
      vertex -34.4346 -17.5654 8.98151
      vertex 34.5706 -17.4294 8.90303
      vertex 34.4346 -17.5654 8.98151
    endloop
  endfacet
  facet normal -0 -0.499811 -0.866135
    outer loop
      vertex 34.5706 -17.4294 8.90303
      vertex -34.4346 -17.5654 8.98151
      vertex -34.5706 -17.4294 8.90303
    endloop
  endfacet
  facet normal 0 -0.896867 -0.442301
    outer loop
      vertex -31.903 -20.097 11.5706
      vertex 31.5676 -20.4324 12.2507
      vertex -31.5676 -20.4324 12.2507
    endloop
  endfacet
  facet normal 0 -0.896867 -0.442301
    outer loop
      vertex 31.5676 -20.4324 12.2507
      vertex -31.903 -20.097 11.5706
      vertex 31.903 -20.097 11.5706
    endloop
  endfacet
  facet normal 0 -0.997859 0.0654074
    outer loop
      vertex -31.0051 -20.9949 15.0785
      vertex 31.0547 -20.9453 15.8352
      vertex -31.0547 -20.9453 15.8352
    endloop
  endfacet
  facet normal 0 -0.997859 0.0654074
    outer loop
      vertex 31.0547 -20.9453 15.8352
      vertex -31.0051 -20.9949 15.0785
      vertex 31.0051 -20.9949 15.0785
    endloop
  endfacet
  facet normal 0 -0.130619 0.991433
    outer loop
      vertex 37.1648 -14.8352 21.9453
      vertex -37.0092 -14.9908 21.9248
      vertex 37.0092 -14.9908 21.9248
    endloop
  endfacet
  facet normal 0 -0.130619 0.991433
    outer loop
      vertex -37.0092 -14.9908 21.9248
      vertex 37.1648 -14.8352 21.9453
      vertex -37.1648 -14.8352 21.9453
    endloop
  endfacet
  facet normal 0 0.0654451 0.997856
    outer loop
      vertex 38.9049 -13.0951 21.9407
      vertex -38.0785 -13.9215 21.9949
      vertex 38.0785 -13.9215 21.9949
    endloop
  endfacet
  facet normal 0 0.0654451 0.997856
    outer loop
      vertex -38.0785 -13.9215 21.9949
      vertex 38.9049 -13.0951 21.9407
      vertex -38.9049 -13.0951 21.9407
    endloop
  endfacet
  facet normal 0 -0.831461 -0.555582
    outer loop
      vertex -32.4028 -19.5972 10.8041
      vertex 31.9815 -20.0185 11.4346
      vertex -31.9815 -20.0185 11.4346
    endloop
  endfacet
  facet normal 0 -0.831461 -0.555582
    outer loop
      vertex 31.9815 -20.0185 11.4346
      vertex -32.4028 -19.5972 10.8041
      vertex 32.4028 -19.5972 10.8041
    endloop
  endfacet
  facet normal 0 -0.609033 0.793145
    outer loop
      vertex 33.8041 -18.1959 20.5972
      vertex -33.6796 -18.3204 20.5016
      vertex 33.6796 -18.3204 20.5016
    endloop
  endfacet
  facet normal 0 -0.609033 0.793145
    outer loop
      vertex -33.6796 -18.3204 20.5016
      vertex 33.8041 -18.1959 20.5972
      vertex -33.8041 -18.1959 20.5972
    endloop
  endfacet
  facet normal 0 -0.555582 0.831461
    outer loop
      vertex 34.4346 -17.5654 21.0185
      vertex -33.8041 -18.1959 20.5972
      vertex 33.8041 -18.1959 20.5972
    endloop
  endfacet
  facet normal 0 -0.555582 0.831461
    outer loop
      vertex -33.8041 -18.1959 20.5972
      vertex 34.4346 -17.5654 21.0185
      vertex -34.4346 -17.5654 21.0185
    endloop
  endfacet
  facet normal 0 -0.258872 -0.965912
    outer loop
      vertex -36.1138 -15.8862 8.26381
      vertex 36.2654 -15.7346 8.22318
      vertex 36.1138 -15.8862 8.26381
    endloop
  endfacet
  facet normal -0 -0.258872 -0.965912
    outer loop
      vertex 36.2654 -15.7346 8.22318
      vertex -36.1138 -15.8862 8.26381
      vertex -36.2654 -15.7346 8.22318
    endloop
  endfacet
  facet normal 0 -0.86608 0.499906
    outer loop
      vertex -31.903 -20.097 18.4294
      vertex 31.9815 -20.0185 18.5654
      vertex -31.9815 -20.0185 18.5654
    endloop
  endfacet
  facet normal 0 -0.86608 0.499906
    outer loop
      vertex 31.9815 -20.0185 18.5654
      vertex -31.903 -20.097 18.4294
      vertex 31.903 -20.097 18.4294
    endloop
  endfacet
  facet normal 0 -0.980768 -0.195178
    outer loop
      vertex -31.2232 -20.7768 13.2654
      vertex 31.0752 -20.9248 14.0091
      vertex -31.0752 -20.9248 14.0091
    endloop
  endfacet
  facet normal 0 -0.980768 -0.195178
    outer loop
      vertex 31.0752 -20.9248 14.0091
      vertex -31.2232 -20.7768 13.2654
      vertex 31.2232 -20.7768 13.2654
    endloop
  endfacet
  facet normal 0 -0.991443 -0.130537
    outer loop
      vertex -31.0752 -20.9248 14.0091
      vertex 31.0547 -20.9453 14.1648
      vertex -31.0547 -20.9453 14.1648
    endloop
  endfacet
  facet normal 0 -0.991443 -0.130537
    outer loop
      vertex 31.0547 -20.9453 14.1648
      vertex -31.0752 -20.9248 14.0091
      vertex 31.0752 -20.9248 14.0091
    endloop
  endfacet
  facet normal 0 -0.608953 -0.793206
    outer loop
      vertex -33.6796 -18.3204 9.49835
      vertex 33.8041 -18.1959 9.40277
      vertex 33.6796 -18.3204 9.49835
    endloop
  endfacet
  facet normal -0 -0.608953 -0.793206
    outer loop
      vertex 33.8041 -18.1959 9.40277
      vertex -33.6796 -18.3204 9.49835
      vertex -33.8041 -18.1959 9.40277
    endloop
  endfacet
  facet normal 0 0 1
    outer loop
      vertex 38.0785 -13.9215 21.9949
      vertex -37.9215 -14.0785 21.9949
      vertex 37.9215 -14.0785 21.9949
    endloop
  endfacet
  facet normal 0 -0 1
    outer loop
      vertex -37.9215 -14.0785 21.9949
      vertex 38.0785 -13.9215 21.9949
      vertex -38.0785 -13.9215 21.9949
    endloop
  endfacet
  facet normal 0 -0.86608 -0.499906
    outer loop
      vertex -31.9815 -20.0185 11.4346
      vertex 31.903 -20.097 11.5706
      vertex -31.903 -20.097 11.5706
    endloop
  endfacet
  facet normal 0 -0.86608 -0.499906
    outer loop
      vertex 31.903 -20.097 11.5706
      vertex -31.9815 -20.0185 11.4346
      vertex 31.9815 -20.0185 11.4346
    endloop
  endfacet
  facet normal 0 -0.751874 -0.659307
    outer loop
      vertex -32.9984 -19.0016 10.1094
      vertex 32.4984 -19.5016 10.6796
      vertex -32.4984 -19.5016 10.6796
    endloop
  endfacet
  facet normal 0 -0.751874 -0.659307
    outer loop
      vertex 32.4984 -19.5016 10.6796
      vertex -32.9984 -19.0016 10.1094
      vertex 32.9984 -19.0016 10.1094
    endloop
  endfacet
  facet normal 0 -0.0653943 -0.99786
    outer loop
      vertex -37.1648 -14.8352 8.05473
      vertex 37.9215 -14.0785 8.00514
      vertex 37.1648 -14.8352 8.05473
    endloop
  endfacet
  facet normal -0 -0.0653943 -0.99786
    outer loop
      vertex 37.9215 -14.0785 8.00514
      vertex -37.1648 -14.8352 8.05473
      vertex -37.9215 -14.0785 8.00514
    endloop
  endfacet
  facet normal 0 -0.130619 -0.991433
    outer loop
      vertex -37.0092 -14.9908 8.07523
      vertex 37.1648 -14.8352 8.05473
      vertex 37.0092 -14.9908 8.07523
    endloop
  endfacet
  facet normal -0 -0.130619 -0.991433
    outer loop
      vertex 37.1648 -14.8352 8.05473
      vertex -37.0092 -14.9908 8.07523
      vertex -37.1648 -14.8352 8.05473
    endloop
  endfacet
  facet normal 0 -0.965959 -0.258694
    outer loop
      vertex -31.2638 -20.7362 13.1138
      vertex 31.2232 -20.7768 13.2654
      vertex -31.2232 -20.7768 13.2654
    endloop
  endfacet
  facet normal 0 -0.965959 -0.258694
    outer loop
      vertex 31.2232 -20.7768 13.2654
      vertex -31.2638 -20.7362 13.1138
      vertex 31.2638 -20.7362 13.1138
    endloop
  endfacet
  facet normal 0 -0.0654074 0.997859
    outer loop
      vertex 37.9215 -14.0785 21.9949
      vertex -37.1648 -14.8352 21.9453
      vertex 37.1648 -14.8352 21.9453
    endloop
  endfacet
  facet normal 0 -0.0654074 0.997859
    outer loop
      vertex -37.1648 -14.8352 21.9453
      vertex 37.9215 -14.0785 21.9949
      vertex -37.9215 -14.0785 21.9949
    endloop
  endfacet
  facet normal 0 -1 0
    outer loop
      vertex -31.0051 -20.9949 14.9215
      vertex 31.0051 -20.9949 15.0785
      vertex -31.0051 -20.9949 15.0785
    endloop
  endfacet
  facet normal 0 -1 -0
    outer loop
      vertex 31.0051 -20.9949 15.0785
      vertex -31.0051 -20.9949 14.9215
      vertex 31.0051 -20.9949 14.9215
    endloop
  endfacet
  facet normal 0 0.0653978 -0.997859
    outer loop
      vertex -38.0785 -13.9215 8.00514
      vertex 38.9055 -13.0945 8.05934
      vertex 38.0785 -13.9215 8.00514
    endloop
  endfacet
  facet normal 0 0.0653978 -0.997859
    outer loop
      vertex 38.9055 -13.0945 8.05934
      vertex -38.0785 -13.9215 8.00514
      vertex -38.9055 -13.0945 8.05934
    endloop
  endfacet
  facet normal 0 -0.195089 -0.980786
    outer loop
      vertex -36.2654 -15.7346 8.22318
      vertex 37.0092 -14.9908 8.07523
      vertex 36.2654 -15.7346 8.22318
    endloop
  endfacet
  facet normal -0 -0.195089 -0.980786
    outer loop
      vertex 37.0092 -14.9908 8.07523
      vertex -36.2654 -15.7346 8.22318
      vertex -37.0092 -14.9908 8.07523
    endloop
  endfacet
  facet normal 0 0.0793768 0.996845
    outer loop
      vertex 52 0 20.8981
      vertex -38.9217 -13.0783 21.9395
      vertex 38.9217 -13.0783 21.9395
    endloop
  endfacet
  facet normal 0 0.0793768 0.996845
    outer loop
      vertex -38.9217 -13.0783 21.9395
      vertex 52 0 20.8981
      vertex -52 0 20.8981
    endloop
  endfacet
  facet normal 0 -0.997859 -0.0654074
    outer loop
      vertex -31.0547 -20.9453 14.1648
      vertex 31.0051 -20.9949 14.9215
      vertex -31.0051 -20.9949 14.9215
    endloop
  endfacet
  facet normal 0 -0.997859 -0.0654074
    outer loop
      vertex 31.0051 -20.9949 14.9215
      vertex -31.0547 -20.9453 14.1648
      vertex 31.0547 -20.9453 14.1648
    endloop
  endfacet
  facet normal 0 -0.924017 -0.382352
    outer loop
      vertex -31.5676 -20.4324 12.2507
      vertex 31.5076 -20.4924 12.3957
      vertex -31.5076 -20.4924 12.3957
    endloop
  endfacet
  facet normal 0 -0.924017 -0.382352
    outer loop
      vertex 31.5076 -20.4924 12.3957
      vertex -31.5676 -20.4324 12.2507
      vertex 31.5676 -20.4324 12.2507
    endloop
  endfacet
  facet normal 0 -0.707075 -0.707139
    outer loop
      vertex -33.1094 -18.8906 9.99841
      vertex 32.9984 -19.0016 10.1094
      vertex -32.9984 -19.0016 10.1094
    endloop
  endfacet
  facet normal 0 -0.707075 -0.707139
    outer loop
      vertex 32.9984 -19.0016 10.1094
      vertex -33.1094 -18.8906 9.99841
      vertex 33.1094 -18.8906 9.99841
    endloop
  endfacet
  facet normal 0 -0.321484 0.946915
    outer loop
      vertex 36.1138 -15.8862 21.7362
      vertex -35.3957 -16.6043 21.4924
      vertex 35.3957 -16.6043 21.4924
    endloop
  endfacet
  facet normal 0 -0.321484 0.946915
    outer loop
      vertex -35.3957 -16.6043 21.4924
      vertex 36.1138 -15.8862 21.7362
      vertex -36.1138 -15.8862 21.7362
    endloop
  endfacet
  facet normal 0 -0.555546 -0.831486
    outer loop
      vertex -33.8041 -18.1959 9.40277
      vertex 34.4346 -17.5654 8.98151
      vertex 33.8041 -18.1959 9.40277
    endloop
  endfacet
  facet normal -0 -0.555546 -0.831486
    outer loop
      vertex 34.4346 -17.5654 8.98151
      vertex -33.8041 -18.1959 9.40277
      vertex -34.4346 -17.5654 8.98151
    endloop
  endfacet
  facet normal 0 -0.382678 -0.923882
    outer loop
      vertex -35.2507 -16.7493 8.56761
      vertex 35.3957 -16.6043 8.50755
      vertex 35.2507 -16.7493 8.56761
    endloop
  endfacet
  facet normal -0 -0.382678 -0.923882
    outer loop
      vertex 35.3957 -16.6043 8.50755
      vertex -35.2507 -16.7493 8.56761
      vertex -35.3957 -16.6043 8.50755
    endloop
  endfacet
  facet normal 0 -0.707107 0.707107
    outer loop
      vertex -32.9984 -19.0016 19.8906
      vertex 33.1094 -18.8906 20.0016
      vertex -33.1094 -18.8906 20.0016
    endloop
  endfacet
  facet normal 0 -0.707107 0.707107
    outer loop
      vertex 33.1094 -18.8906 20.0016
      vertex -32.9984 -19.0016 19.8906
      vertex 32.9984 -19.0016 19.8906
    endloop
  endfacet
  facet normal 0 -0.195152 0.980773
    outer loop
      vertex 37.0092 -14.9908 21.9248
      vertex -36.2654 -15.7346 21.7768
      vertex 36.2654 -15.7346 21.7768
    endloop
  endfacet
  facet normal 0 -0.195152 0.980773
    outer loop
      vertex -36.2654 -15.7346 21.7768
      vertex 37.0092 -14.9908 21.9248
      vertex -37.0092 -14.9908 21.9248
    endloop
  endfacet
  facet normal 0 -0.924017 0.382352
    outer loop
      vertex -31.5076 -20.4924 17.6043
      vertex 31.5676 -20.4324 17.7493
      vertex -31.5676 -20.4324 17.7493
    endloop
  endfacet
  facet normal 0 -0.924017 0.382352
    outer loop
      vertex 31.5676 -20.4324 17.7493
      vertex -31.5076 -20.4924 17.6043
      vertex 31.5076 -20.4924 17.6043
    endloop
  endfacet
  facet normal 0 0.0724283 -0.997374
    outer loop
      vertex -38.9055 -13.0945 8.05934
      vertex 38.9223 -13.0777 8.06056
      vertex 38.9055 -13.0945 8.05934
    endloop
  endfacet
  facet normal 0 0.0724283 -0.997374
    outer loop
      vertex 38.9223 -13.0777 8.06056
      vertex -38.9055 -13.0945 8.05934
      vertex -38.9223 -13.0777 8.06056
    endloop
  endfacet
  facet normal 0 -0.991433 0.130619
    outer loop
      vertex -31.0547 -20.9453 15.8352
      vertex 31.0752 -20.9248 15.9908
      vertex -31.0752 -20.9248 15.9908
    endloop
  endfacet
  facet normal 0 -0.991433 0.130619
    outer loop
      vertex 31.0752 -20.9248 15.9908
      vertex -31.0547 -20.9453 15.8352
      vertex 31.0547 -20.9453 15.8352
    endloop
  endfacet
  facet normal 0 0.071247 0.997459
    outer loop
      vertex 38.9217 -13.0783 21.9395
      vertex -38.9049 -13.0951 21.9407
      vertex 38.9049 -13.0951 21.9407
    endloop
  endfacet
  facet normal 0 0.071247 0.997459
    outer loop
      vertex -38.9049 -13.0951 21.9407
      vertex 38.9217 -13.0783 21.9395
      vertex -38.9217 -13.0783 21.9395
    endloop
  endfacet
  facet normal 0 -0.793145 -0.609033
    outer loop
      vertex -32.4984 -19.5016 10.6796
      vertex 32.4028 -19.5972 10.8041
      vertex -32.4028 -19.5972 10.8041
    endloop
  endfacet
  facet normal 0 -0.793145 -0.609033
    outer loop
      vertex 32.4028 -19.5972 10.8041
      vertex -32.4984 -19.5016 10.6796
      vertex 32.4984 -19.5016 10.6796
    endloop
  endfacet
  facet normal 0 -0.382352 0.924017
    outer loop
      vertex 35.3957 -16.6043 21.4924
      vertex -35.2507 -16.7493 21.4324
      vertex 35.2507 -16.7493 21.4324
    endloop
  endfacet
  facet normal 0 -0.382352 0.924017
    outer loop
      vertex -35.2507 -16.7493 21.4324
      vertex 35.3957 -16.6043 21.4924
      vertex -35.3957 -16.6043 21.4924
    endloop
  endfacet
  facet normal 0 -0.258694 0.965959
    outer loop
      vertex 36.2654 -15.7346 21.7768
      vertex -36.1138 -15.8862 21.7362
      vertex 36.1138 -15.8862 21.7362
    endloop
  endfacet
  facet normal 0 -0.258694 0.965959
    outer loop
      vertex -36.1138 -15.8862 21.7362
      vertex 36.2654 -15.7346 21.7768
      vertex -36.2654 -15.7346 21.7768
    endloop
  endfacet
  facet normal 0 -0.980773 0.195152
    outer loop
      vertex -31.0752 -20.9248 15.9908
      vertex 31.2232 -20.7768 16.7346
      vertex -31.2232 -20.7768 16.7346
    endloop
  endfacet
  facet normal 0 -0.980773 0.195152
    outer loop
      vertex 31.2232 -20.7768 16.7346
      vertex -31.0752 -20.9248 15.9908
      vertex 31.0752 -20.9248 15.9908
    endloop
  endfacet
  facet normal 0 -0.659307 0.751874
    outer loop
      vertex 33.6796 -18.3204 20.5016
      vertex -33.1094 -18.8906 20.0016
      vertex 33.1094 -18.8906 20.0016
    endloop
  endfacet
  facet normal 0 -0.659307 0.751874
    outer loop
      vertex -33.1094 -18.8906 20.0016
      vertex 33.6796 -18.3204 20.5016
      vertex -33.6796 -18.3204 20.5016
    endloop
  endfacet
  facet normal 0 -0.946915 -0.321484
    outer loop
      vertex -31.5076 -20.4924 12.3957
      vertex 31.2638 -20.7362 13.1138
      vertex -31.2638 -20.7362 13.1138
    endloop
  endfacet
  facet normal 0 -0.946915 -0.321484
    outer loop
      vertex 31.2638 -20.7362 13.1138
      vertex -31.5076 -20.4924 12.3957
      vertex 31.5076 -20.4924 12.3957
    endloop
  endfacet
  facet normal 0 0.0793725 -0.996845
    outer loop
      vertex 52 0 9.10187
      vertex 40 -8 8.46488
      vertex 48 0 9.10187
    endloop
  endfacet
  facet normal -2.20817e-06 0.0793758 -0.996845
    outer loop
      vertex 38.9223 -13.0777 8.06056
      vertex 40 -8 8.46488
      vertex 52 0 9.10187
    endloop
  endfacet
  facet normal 0 0.0793754 -0.996845
    outer loop
      vertex -38.9223 -13.0777 8.06056
      vertex 40 -8 8.46488
      vertex 38.9223 -13.0777 8.06056
    endloop
  endfacet
  facet normal 0 0.0793754 -0.996845
    outer loop
      vertex -38.9223 -13.0777 8.06056
      vertex -40 -8 8.46488
      vertex 40 -8 8.46488
    endloop
  endfacet
  facet normal 2.20817e-06 0.0793758 -0.996845
    outer loop
      vertex -52 0 9.10187
      vertex -40 -8 8.46488
      vertex -38.9223 -13.0777 8.06056
    endloop
  endfacet
  facet normal 0 0.0793725 -0.996845
    outer loop
      vertex -40 -8 8.46488
      vertex -52 0 9.10187
      vertex -48 0 9.10187
    endloop
  endfacet
  facet normal 0 -0.659352 -0.751835
    outer loop
      vertex -33.1094 -18.8906 9.99841
      vertex 33.6796 -18.3204 9.49835
      vertex 33.1094 -18.8906 9.99841
    endloop
  endfacet
  facet normal -0 -0.659352 -0.751835
    outer loop
      vertex 33.6796 -18.3204 9.49835
      vertex -33.1094 -18.8906 9.99841
      vertex -33.6796 -18.3204 9.49835
    endloop
  endfacet
  facet normal 0 -0.321413 -0.946939
    outer loop
      vertex -35.3957 -16.6043 8.50755
      vertex 36.1138 -15.8862 8.26381
      vertex 35.3957 -16.6043 8.50755
    endloop
  endfacet
  facet normal -0 -0.321413 -0.946939
    outer loop
      vertex 36.1138 -15.8862 8.26381
      vertex -35.3957 -16.6043 8.50755
      vertex -36.1138 -15.8862 8.26381
    endloop
  endfacet
  facet normal 0 -0.793145 0.609033
    outer loop
      vertex -32.4028 -19.5972 19.1959
      vertex 32.4984 -19.5016 19.3204
      vertex -32.4984 -19.5016 19.3204
    endloop
  endfacet
  facet normal 0 -0.793145 0.609033
    outer loop
      vertex 32.4984 -19.5016 19.3204
      vertex -32.4028 -19.5972 19.1959
      vertex 32.4028 -19.5972 19.1959
    endloop
  endfacet
  facet normal 0 -0.896867 0.442301
    outer loop
      vertex -31.5676 -20.4324 17.7493
      vertex 31.903 -20.097 18.4294
      vertex -31.903 -20.097 18.4294
    endloop
  endfacet
  facet normal 0 -0.896867 0.442301
    outer loop
      vertex 31.903 -20.097 18.4294
      vertex -31.5676 -20.4324 17.7493
      vertex 31.5676 -20.4324 17.7493
    endloop
  endfacet
  facet normal 0 -0.751874 0.659307
    outer loop
      vertex -32.4984 -19.5016 19.3204
      vertex 32.9984 -19.0016 19.8906
      vertex -32.9984 -19.0016 19.8906
    endloop
  endfacet
  facet normal 0 -0.751874 0.659307
    outer loop
      vertex 32.9984 -19.0016 19.8906
      vertex -32.4984 -19.5016 19.3204
      vertex 32.4984 -19.5016 19.3204
    endloop
  endfacet
  facet normal 0 -0.946915 0.321484
    outer loop
      vertex -31.2638 -20.7362 16.8862
      vertex 31.5076 -20.4924 17.6043
      vertex -31.5076 -20.4924 17.6043
    endloop
  endfacet
  facet normal 0 -0.946915 0.321484
    outer loop
      vertex 31.5076 -20.4924 17.6043
      vertex -31.2638 -20.7362 16.8862
      vertex 31.2638 -20.7362 16.8862
    endloop
  endfacet
  facet normal 0 -0.965959 0.258694
    outer loop
      vertex -31.2232 -20.7768 16.7346
      vertex 31.2638 -20.7362 16.8862
      vertex -31.2638 -20.7362 16.8862
    endloop
  endfacet
  facet normal 0 -0.965959 0.258694
    outer loop
      vertex 31.2638 -20.7362 16.8862
      vertex -31.2232 -20.7768 16.7346
      vertex 31.2232 -20.7768 16.7346
    endloop
  endfacet
  facet normal 0.707107 -0.707107 0
    outer loop
      vertex 52 0 20.8981
      vertex 38.9223 -13.0777 8.06056
      vertex 52 0 9.10187
    endloop
  endfacet
  facet normal 0.707107 -0.707107 -9.04945e-17
    outer loop
      vertex 38.9217 -13.0783 21.9395
      vertex 38.9223 -13.0777 8.06056
      vertex 52 0 20.8981
    endloop
  endfacet
  facet normal 0.707107 -0.707107 -8.40386e-17
    outer loop
      vertex 38.9217 -13.0783 21.9395
      vertex 38.9055 -13.0945 8.05934
      vertex 38.9223 -13.0777 8.06056
    endloop
  endfacet
  facet normal 0.707107 -0.707107 2.64997e-16
    outer loop
      vertex 38.9049 -13.0951 21.9407
      vertex 38.9055 -13.0945 8.05934
      vertex 38.9217 -13.0783 21.9395
    endloop
  endfacet
  facet normal 0.707107 -0.707107 2.73737e-16
    outer loop
      vertex 38.0785 -13.9215 21.9949
      vertex 38.9055 -13.0945 8.05934
      vertex 38.9049 -13.0951 21.9407
    endloop
  endfacet
  facet normal 0.707107 -0.707107 0
    outer loop
      vertex 38.0785 -13.9215 21.9949
      vertex 38.0785 -13.9215 8.00514
      vertex 38.9055 -13.0945 8.05934
    endloop
  endfacet
  facet normal 0.707107 -0.707107 0
    outer loop
      vertex 38.0785 -13.9215 21.9949
      vertex 37.9215 -14.0785 8.00514
      vertex 38.0785 -13.9215 8.00514
    endloop
  endfacet
  facet normal 0.707107 -0.707107 0
    outer loop
      vertex 37.9215 -14.0785 21.9949
      vertex 37.9215 -14.0785 8.00514
      vertex 38.0785 -13.9215 21.9949
    endloop
  endfacet
  facet normal 0.707107 -0.707107 0
    outer loop
      vertex 37.9215 -14.0785 21.9949
      vertex 37.1648 -14.8352 8.05473
      vertex 37.9215 -14.0785 8.00514
    endloop
  endfacet
  facet normal 0.707107 -0.707107 0
    outer loop
      vertex 37.1648 -14.8352 21.9453
      vertex 37.1648 -14.8352 8.05473
      vertex 37.9215 -14.0785 21.9949
    endloop
  endfacet
  facet normal 0.707107 -0.707107 0
    outer loop
      vertex 37.0092 -14.9908 21.9248
      vertex 37.1648 -14.8352 8.05473
      vertex 37.1648 -14.8352 21.9453
    endloop
  endfacet
  facet normal 0.707107 -0.707107 0
    outer loop
      vertex 37.0092 -14.9908 21.9248
      vertex 37.0092 -14.9908 8.07523
      vertex 37.1648 -14.8352 8.05473
    endloop
  endfacet
  facet normal 0.707107 -0.707107 0
    outer loop
      vertex 36.2654 -15.7346 21.7768
      vertex 37.0092 -14.9908 8.07523
      vertex 37.0092 -14.9908 21.9248
    endloop
  endfacet
  facet normal 0.707107 -0.707107 0
    outer loop
      vertex 36.2654 -15.7346 21.7768
      vertex 36.2654 -15.7346 8.22318
      vertex 37.0092 -14.9908 8.07523
    endloop
  endfacet
  facet normal 0.707107 -0.707107 0
    outer loop
      vertex 36.1138 -15.8862 21.7362
      vertex 36.2654 -15.7346 8.22318
      vertex 36.2654 -15.7346 21.7768
    endloop
  endfacet
  facet normal 0.707107 -0.707107 0
    outer loop
      vertex 36.1138 -15.8862 21.7362
      vertex 36.1138 -15.8862 8.26381
      vertex 36.2654 -15.7346 8.22318
    endloop
  endfacet
  facet normal 0.707107 -0.707107 0
    outer loop
      vertex 35.3957 -16.6043 21.4924
      vertex 36.1138 -15.8862 8.26381
      vertex 36.1138 -15.8862 21.7362
    endloop
  endfacet
  facet normal 0.707107 -0.707107 0
    outer loop
      vertex 35.3957 -16.6043 21.4924
      vertex 35.3957 -16.6043 8.50755
      vertex 36.1138 -15.8862 8.26381
    endloop
  endfacet
  facet normal 0.707107 -0.707107 0
    outer loop
      vertex 35.2507 -16.7493 21.4324
      vertex 35.3957 -16.6043 8.50755
      vertex 35.3957 -16.6043 21.4924
    endloop
  endfacet
  facet normal 0.707107 -0.707107 0
    outer loop
      vertex 35.2507 -16.7493 21.4324
      vertex 35.2507 -16.7493 8.56761
      vertex 35.3957 -16.6043 8.50755
    endloop
  endfacet
  facet normal 0.707107 -0.707107 0
    outer loop
      vertex 34.5706 -17.4294 21.097
      vertex 35.2507 -16.7493 8.56761
      vertex 35.2507 -16.7493 21.4324
    endloop
  endfacet
  facet normal 0.707107 -0.707107 0
    outer loop
      vertex 34.5706 -17.4294 21.097
      vertex 34.5706 -17.4294 8.90303
      vertex 35.2507 -16.7493 8.56761
    endloop
  endfacet
  facet normal 0.707107 -0.707107 0
    outer loop
      vertex 34.4346 -17.5654 21.0185
      vertex 34.5706 -17.4294 8.90303
      vertex 34.5706 -17.4294 21.097
    endloop
  endfacet
  facet normal 0.707107 -0.707107 0
    outer loop
      vertex 34.4346 -17.5654 21.0185
      vertex 34.4346 -17.5654 8.98151
      vertex 34.5706 -17.4294 8.90303
    endloop
  endfacet
  facet normal 0.707107 -0.707107 0
    outer loop
      vertex 33.8041 -18.1959 20.5972
      vertex 34.4346 -17.5654 8.98151
      vertex 34.4346 -17.5654 21.0185
    endloop
  endfacet
  facet normal 0.707107 -0.707107 0
    outer loop
      vertex 33.8041 -18.1959 20.5972
      vertex 33.8041 -18.1959 9.40277
      vertex 34.4346 -17.5654 8.98151
    endloop
  endfacet
  facet normal 0.707107 -0.707107 0
    outer loop
      vertex 33.6796 -18.3204 20.5016
      vertex 33.8041 -18.1959 9.40277
      vertex 33.8041 -18.1959 20.5972
    endloop
  endfacet
  facet normal 0.707107 -0.707107 0
    outer loop
      vertex 33.6796 -18.3204 20.5016
      vertex 33.6796 -18.3204 9.49835
      vertex 33.8041 -18.1959 9.40277
    endloop
  endfacet
  facet normal 0.707107 -0.707107 0
    outer loop
      vertex 33.1094 -18.8906 20.0016
      vertex 33.6796 -18.3204 9.49835
      vertex 33.6796 -18.3204 20.5016
    endloop
  endfacet
  facet normal 0.707107 -0.707107 0
    outer loop
      vertex 33.1094 -18.8906 20.0016
      vertex 33.1094 -18.8906 9.99841
      vertex 33.6796 -18.3204 9.49835
    endloop
  endfacet
  facet normal 0.707107 -0.707107 0
    outer loop
      vertex 32.9984 -19.0016 19.8906
      vertex 33.1094 -18.8906 9.99841
      vertex 33.1094 -18.8906 20.0016
    endloop
  endfacet
  facet normal 0.707107 -0.707107 0
    outer loop
      vertex 32.9984 -19.0016 19.8906
      vertex 32.9984 -19.0016 10.1094
      vertex 33.1094 -18.8906 9.99841
    endloop
  endfacet
  facet normal 0.707107 -0.707107 0
    outer loop
      vertex 32.4984 -19.5016 19.3204
      vertex 32.9984 -19.0016 10.1094
      vertex 32.9984 -19.0016 19.8906
    endloop
  endfacet
  facet normal 0.707107 -0.707107 0
    outer loop
      vertex 32.4984 -19.5016 19.3204
      vertex 32.4984 -19.5016 10.6796
      vertex 32.9984 -19.0016 10.1094
    endloop
  endfacet
  facet normal 0.707107 -0.707107 0
    outer loop
      vertex 32.4984 -19.5016 19.3204
      vertex 32.4028 -19.5972 10.8041
      vertex 32.4984 -19.5016 10.6796
    endloop
  endfacet
  facet normal 0.707107 -0.707107 0
    outer loop
      vertex 32.4028 -19.5972 19.1959
      vertex 32.4028 -19.5972 10.8041
      vertex 32.4984 -19.5016 19.3204
    endloop
  endfacet
  facet normal 0.707107 -0.707107 0
    outer loop
      vertex 31.9815 -20.0185 18.5654
      vertex 32.4028 -19.5972 10.8041
      vertex 32.4028 -19.5972 19.1959
    endloop
  endfacet
  facet normal 0.707107 -0.707107 0
    outer loop
      vertex 31.9815 -20.0185 18.5654
      vertex 31.9815 -20.0185 11.4346
      vertex 32.4028 -19.5972 10.8041
    endloop
  endfacet
  facet normal 0.707107 -0.707107 0
    outer loop
      vertex 31.903 -20.097 18.4294
      vertex 31.9815 -20.0185 11.4346
      vertex 31.9815 -20.0185 18.5654
    endloop
  endfacet
  facet normal 0.707107 -0.707107 0
    outer loop
      vertex 31.903 -20.097 18.4294
      vertex 31.903 -20.097 11.5706
      vertex 31.9815 -20.0185 11.4346
    endloop
  endfacet
  facet normal 0.707107 -0.707107 0
    outer loop
      vertex 31.903 -20.097 18.4294
      vertex 31.5676 -20.4324 12.2507
      vertex 31.903 -20.097 11.5706
    endloop
  endfacet
  facet normal 0.707107 -0.707107 0
    outer loop
      vertex 31.5676 -20.4324 17.7493
      vertex 31.5676 -20.4324 12.2507
      vertex 31.903 -20.097 18.4294
    endloop
  endfacet
  facet normal 0.707107 -0.707107 0
    outer loop
      vertex 31.5676 -20.4324 17.7493
      vertex 31.5076 -20.4924 12.3957
      vertex 31.5676 -20.4324 12.2507
    endloop
  endfacet
  facet normal 0.707107 -0.707107 0
    outer loop
      vertex 31.5076 -20.4924 17.6043
      vertex 31.5076 -20.4924 12.3957
      vertex 31.5676 -20.4324 17.7493
    endloop
  endfacet
  facet normal 0.707107 -0.707107 0
    outer loop
      vertex 31.2638 -20.7362 16.8862
      vertex 31.5076 -20.4924 12.3957
      vertex 31.5076 -20.4924 17.6043
    endloop
  endfacet
  facet normal 0.707107 -0.707107 0
    outer loop
      vertex 31.2638 -20.7362 16.8862
      vertex 31.2638 -20.7362 13.1138
      vertex 31.5076 -20.4924 12.3957
    endloop
  endfacet
  facet normal 0.707107 -0.707107 0
    outer loop
      vertex 31.2232 -20.7768 16.7346
      vertex 31.2638 -20.7362 13.1138
      vertex 31.2638 -20.7362 16.8862
    endloop
  endfacet
  facet normal 0.707107 -0.707107 0
    outer loop
      vertex 31.2232 -20.7768 16.7346
      vertex 31.2232 -20.7768 13.2654
      vertex 31.2638 -20.7362 13.1138
    endloop
  endfacet
  facet normal 0.707107 -0.707107 0
    outer loop
      vertex 31.0752 -20.9248 15.9908
      vertex 31.2232 -20.7768 13.2654
      vertex 31.2232 -20.7768 16.7346
    endloop
  endfacet
  facet normal 0.707107 -0.707107 0
    outer loop
      vertex 31.0752 -20.9248 15.9908
      vertex 31.0752 -20.9248 14.0091
      vertex 31.2232 -20.7768 13.2654
    endloop
  endfacet
  facet normal 0.707107 -0.707107 0
    outer loop
      vertex 31.0547 -20.9453 15.8352
      vertex 31.0752 -20.9248 14.0091
      vertex 31.0752 -20.9248 15.9908
    endloop
  endfacet
  facet normal 0.707107 -0.707107 0
    outer loop
      vertex 31.0547 -20.9453 15.8352
      vertex 31.0547 -20.9453 14.1648
      vertex 31.0752 -20.9248 14.0091
    endloop
  endfacet
  facet normal 0.707107 -0.707107 0
    outer loop
      vertex 31.0051 -20.9949 15.0785
      vertex 31.0547 -20.9453 14.1648
      vertex 31.0547 -20.9453 15.8352
    endloop
  endfacet
  facet normal 0.707107 -0.707107 0
    outer loop
      vertex 31.0547 -20.9453 14.1648
      vertex 31.0051 -20.9949 15.0785
      vertex 31.0051 -20.9949 14.9215
    endloop
  endfacet
  facet normal -0.707107 -0.707107 0
    outer loop
      vertex -38.9223 -13.0777 8.06056
      vertex -52 0 20.8981
      vertex -52 0 9.10187
    endloop
  endfacet
  facet normal -0.707107 -0.707107 -9.05013e-17
    outer loop
      vertex -38.9223 -13.0777 8.06056
      vertex -38.9217 -13.0783 21.9395
      vertex -52 0 20.8981
    endloop
  endfacet
  facet normal -0.707107 -0.707107 -8.40077e-17
    outer loop
      vertex -38.9055 -13.0945 8.05934
      vertex -38.9217 -13.0783 21.9395
      vertex -38.9223 -13.0777 8.06056
    endloop
  endfacet
  facet normal -0.707107 -0.707107 2.64992e-16
    outer loop
      vertex -38.9055 -13.0945 8.05934
      vertex -38.9049 -13.0951 21.9407
      vertex -38.9217 -13.0783 21.9395
    endloop
  endfacet
  facet normal -0.707107 -0.707107 2.71465e-16
    outer loop
      vertex -38.9055 -13.0945 8.05934
      vertex -38.0785 -13.9215 21.9949
      vertex -38.9049 -13.0951 21.9407
    endloop
  endfacet
  facet normal -0.707107 -0.707107 0
    outer loop
      vertex -38.0785 -13.9215 8.00514
      vertex -38.0785 -13.9215 21.9949
      vertex -38.9055 -13.0945 8.05934
    endloop
  endfacet
  facet normal -0.707107 -0.707107 0
    outer loop
      vertex -37.9215 -14.0785 8.00514
      vertex -38.0785 -13.9215 21.9949
      vertex -38.0785 -13.9215 8.00514
    endloop
  endfacet
  facet normal -0.707107 -0.707107 0
    outer loop
      vertex -37.9215 -14.0785 8.00514
      vertex -37.9215 -14.0785 21.9949
      vertex -38.0785 -13.9215 21.9949
    endloop
  endfacet
  facet normal -0.707107 -0.707107 0
    outer loop
      vertex -37.1648 -14.8352 8.05473
      vertex -37.9215 -14.0785 21.9949
      vertex -37.9215 -14.0785 8.00514
    endloop
  endfacet
  facet normal -0.707107 -0.707107 0
    outer loop
      vertex -37.1648 -14.8352 8.05473
      vertex -37.1648 -14.8352 21.9453
      vertex -37.9215 -14.0785 21.9949
    endloop
  endfacet
  facet normal -0.707107 -0.707107 0
    outer loop
      vertex -37.0092 -14.9908 8.07523
      vertex -37.1648 -14.8352 21.9453
      vertex -37.1648 -14.8352 8.05473
    endloop
  endfacet
  facet normal -0.707107 -0.707107 0
    outer loop
      vertex -37.0092 -14.9908 8.07523
      vertex -37.0092 -14.9908 21.9248
      vertex -37.1648 -14.8352 21.9453
    endloop
  endfacet
  facet normal -0.707107 -0.707107 0
    outer loop
      vertex -36.2654 -15.7346 8.22318
      vertex -37.0092 -14.9908 21.9248
      vertex -37.0092 -14.9908 8.07523
    endloop
  endfacet
  facet normal -0.707107 -0.707107 0
    outer loop
      vertex -36.2654 -15.7346 8.22318
      vertex -36.2654 -15.7346 21.7768
      vertex -37.0092 -14.9908 21.9248
    endloop
  endfacet
  facet normal -0.707107 -0.707107 0
    outer loop
      vertex -36.1138 -15.8862 8.26381
      vertex -36.2654 -15.7346 21.7768
      vertex -36.2654 -15.7346 8.22318
    endloop
  endfacet
  facet normal -0.707107 -0.707107 0
    outer loop
      vertex -36.1138 -15.8862 8.26381
      vertex -36.1138 -15.8862 21.7362
      vertex -36.2654 -15.7346 21.7768
    endloop
  endfacet
  facet normal -0.707107 -0.707107 0
    outer loop
      vertex -35.3957 -16.6043 8.50755
      vertex -36.1138 -15.8862 21.7362
      vertex -36.1138 -15.8862 8.26381
    endloop
  endfacet
  facet normal -0.707107 -0.707107 0
    outer loop
      vertex -35.3957 -16.6043 8.50755
      vertex -35.3957 -16.6043 21.4924
      vertex -36.1138 -15.8862 21.7362
    endloop
  endfacet
  facet normal -0.707107 -0.707107 0
    outer loop
      vertex -35.2507 -16.7493 8.56761
      vertex -35.3957 -16.6043 21.4924
      vertex -35.3957 -16.6043 8.50755
    endloop
  endfacet
  facet normal -0.707107 -0.707107 0
    outer loop
      vertex -35.2507 -16.7493 8.56761
      vertex -35.2507 -16.7493 21.4324
      vertex -35.3957 -16.6043 21.4924
    endloop
  endfacet
  facet normal -0.707107 -0.707107 0
    outer loop
      vertex -34.5706 -17.4294 8.90303
      vertex -35.2507 -16.7493 21.4324
      vertex -35.2507 -16.7493 8.56761
    endloop
  endfacet
  facet normal -0.707107 -0.707107 0
    outer loop
      vertex -34.5706 -17.4294 8.90303
      vertex -34.5706 -17.4294 21.097
      vertex -35.2507 -16.7493 21.4324
    endloop
  endfacet
  facet normal -0.707107 -0.707107 0
    outer loop
      vertex -34.4346 -17.5654 8.98151
      vertex -34.5706 -17.4294 21.097
      vertex -34.5706 -17.4294 8.90303
    endloop
  endfacet
  facet normal -0.707107 -0.707107 0
    outer loop
      vertex -34.4346 -17.5654 8.98151
      vertex -34.4346 -17.5654 21.0185
      vertex -34.5706 -17.4294 21.097
    endloop
  endfacet
  facet normal -0.707107 -0.707107 0
    outer loop
      vertex -33.8041 -18.1959 9.40277
      vertex -34.4346 -17.5654 21.0185
      vertex -34.4346 -17.5654 8.98151
    endloop
  endfacet
  facet normal -0.707107 -0.707107 0
    outer loop
      vertex -33.8041 -18.1959 9.40277
      vertex -33.8041 -18.1959 20.5972
      vertex -34.4346 -17.5654 21.0185
    endloop
  endfacet
  facet normal -0.707107 -0.707107 0
    outer loop
      vertex -33.6796 -18.3204 9.49835
      vertex -33.8041 -18.1959 20.5972
      vertex -33.8041 -18.1959 9.40277
    endloop
  endfacet
  facet normal -0.707107 -0.707107 0
    outer loop
      vertex -33.6796 -18.3204 9.49835
      vertex -33.6796 -18.3204 20.5016
      vertex -33.8041 -18.1959 20.5972
    endloop
  endfacet
  facet normal -0.707107 -0.707107 0
    outer loop
      vertex -33.1094 -18.8906 9.99841
      vertex -33.6796 -18.3204 20.5016
      vertex -33.6796 -18.3204 9.49835
    endloop
  endfacet
  facet normal -0.707107 -0.707107 0
    outer loop
      vertex -33.1094 -18.8906 9.99841
      vertex -33.1094 -18.8906 20.0016
      vertex -33.6796 -18.3204 20.5016
    endloop
  endfacet
  facet normal -0.707107 -0.707107 0
    outer loop
      vertex -33.1094 -18.8906 9.99841
      vertex -32.9984 -19.0016 19.8906
      vertex -33.1094 -18.8906 20.0016
    endloop
  endfacet
  facet normal -0.707107 -0.707107 0
    outer loop
      vertex -32.9984 -19.0016 10.1094
      vertex -32.9984 -19.0016 19.8906
      vertex -33.1094 -18.8906 9.99841
    endloop
  endfacet
  facet normal -0.707107 -0.707107 0
    outer loop
      vertex -32.4984 -19.5016 10.6796
      vertex -32.9984 -19.0016 19.8906
      vertex -32.9984 -19.0016 10.1094
    endloop
  endfacet
  facet normal -0.707107 -0.707107 0
    outer loop
      vertex -32.4984 -19.5016 10.6796
      vertex -32.4984 -19.5016 19.3204
      vertex -32.9984 -19.0016 19.8906
    endloop
  endfacet
  facet normal -0.707107 -0.707107 0
    outer loop
      vertex -32.4028 -19.5972 10.8041
      vertex -32.4984 -19.5016 19.3204
      vertex -32.4984 -19.5016 10.6796
    endloop
  endfacet
  facet normal -0.707107 -0.707107 0
    outer loop
      vertex -32.4028 -19.5972 10.8041
      vertex -32.4028 -19.5972 19.1959
      vertex -32.4984 -19.5016 19.3204
    endloop
  endfacet
  facet normal -0.707107 -0.707107 0
    outer loop
      vertex -32.4028 -19.5972 10.8041
      vertex -31.9815 -20.0185 18.5654
      vertex -32.4028 -19.5972 19.1959
    endloop
  endfacet
  facet normal -0.707107 -0.707107 0
    outer loop
      vertex -31.9815 -20.0185 11.4346
      vertex -31.9815 -20.0185 18.5654
      vertex -32.4028 -19.5972 10.8041
    endloop
  endfacet
  facet normal -0.707107 -0.707107 0
    outer loop
      vertex -31.9815 -20.0185 11.4346
      vertex -31.903 -20.097 18.4294
      vertex -31.9815 -20.0185 18.5654
    endloop
  endfacet
  facet normal -0.707107 -0.707107 0
    outer loop
      vertex -31.903 -20.097 11.5706
      vertex -31.903 -20.097 18.4294
      vertex -31.9815 -20.0185 11.4346
    endloop
  endfacet
  facet normal -0.707107 -0.707107 0
    outer loop
      vertex -31.5676 -20.4324 12.2507
      vertex -31.903 -20.097 18.4294
      vertex -31.903 -20.097 11.5706
    endloop
  endfacet
  facet normal -0.707107 -0.707107 0
    outer loop
      vertex -31.5676 -20.4324 12.2507
      vertex -31.5676 -20.4324 17.7493
      vertex -31.903 -20.097 18.4294
    endloop
  endfacet
  facet normal -0.707107 -0.707107 0
    outer loop
      vertex -31.5076 -20.4924 12.3957
      vertex -31.5676 -20.4324 17.7493
      vertex -31.5676 -20.4324 12.2507
    endloop
  endfacet
  facet normal -0.707107 -0.707107 0
    outer loop
      vertex -31.5076 -20.4924 12.3957
      vertex -31.5076 -20.4924 17.6043
      vertex -31.5676 -20.4324 17.7493
    endloop
  endfacet
  facet normal -0.707107 -0.707107 0
    outer loop
      vertex -31.2638 -20.7362 13.1138
      vertex -31.5076 -20.4924 17.6043
      vertex -31.5076 -20.4924 12.3957
    endloop
  endfacet
  facet normal -0.707107 -0.707107 0
    outer loop
      vertex -31.2638 -20.7362 13.1138
      vertex -31.2638 -20.7362 16.8862
      vertex -31.5076 -20.4924 17.6043
    endloop
  endfacet
  facet normal -0.707107 -0.707107 0
    outer loop
      vertex -31.2232 -20.7768 13.2654
      vertex -31.2638 -20.7362 16.8862
      vertex -31.2638 -20.7362 13.1138
    endloop
  endfacet
  facet normal -0.707107 -0.707107 0
    outer loop
      vertex -31.2232 -20.7768 13.2654
      vertex -31.2232 -20.7768 16.7346
      vertex -31.2638 -20.7362 16.8862
    endloop
  endfacet
  facet normal -0.707107 -0.707107 0
    outer loop
      vertex -31.0752 -20.9248 14.0091
      vertex -31.2232 -20.7768 16.7346
      vertex -31.2232 -20.7768 13.2654
    endloop
  endfacet
  facet normal -0.707107 -0.707107 0
    outer loop
      vertex -31.0752 -20.9248 14.0091
      vertex -31.0752 -20.9248 15.9908
      vertex -31.2232 -20.7768 16.7346
    endloop
  endfacet
  facet normal -0.707107 -0.707107 0
    outer loop
      vertex -31.0547 -20.9453 14.1648
      vertex -31.0752 -20.9248 15.9908
      vertex -31.0752 -20.9248 14.0091
    endloop
  endfacet
  facet normal -0.707107 -0.707107 0
    outer loop
      vertex -31.0547 -20.9453 14.1648
      vertex -31.0547 -20.9453 15.8352
      vertex -31.0752 -20.9248 15.9908
    endloop
  endfacet
  facet normal -0.707107 -0.707107 0
    outer loop
      vertex -31.0051 -20.9949 14.9215
      vertex -31.0547 -20.9453 15.8352
      vertex -31.0547 -20.9453 14.1648
    endloop
  endfacet
  facet normal -0.707107 -0.707107 0
    outer loop
      vertex -31.0547 -20.9453 15.8352
      vertex -31.0051 -20.9949 14.9215
      vertex -31.0051 -20.9949 15.0785
    endloop
  endfacet
  facet normal 0 1 0
    outer loop
      vertex 47 89.5 64
      vertex 46.55 89.5 63
      vertex 44.05 89.5 64
    endloop
  endfacet
  facet normal 0 1 0
    outer loop
      vertex 47 89.5 64
      vertex 46.55 89.5 55
      vertex 46.55 89.5 63
    endloop
  endfacet
  facet normal 0 1 -0
    outer loop
      vertex 47 89.5 54
      vertex 46.55 89.5 55
      vertex 47 89.5 64
    endloop
  endfacet
  facet normal 0 1 0
    outer loop
      vertex 44.05 89.5 54
      vertex 46.55 89.5 55
      vertex 47 89.5 54
    endloop
  endfacet
  facet normal 0 1 0
    outer loop
      vertex 46.55 89.5 55
      vertex 44.05 89.5 54
      vertex 44.05 89.5 55
    endloop
  endfacet
  facet normal 0 1 0
    outer loop
      vertex 44.05 89.5 64
      vertex 46.55 89.5 63
      vertex 44.05 89.5 63
    endloop
  endfacet
  facet normal 0 -1 0
    outer loop
      vertex 44 89.5 67
      vertex 44.05 89.5 65
      vertex 52 89.5 67
    endloop
  endfacet
  facet normal 0 -1 0
    outer loop
      vertex 44 89.5 64
      vertex 44.05 89.5 65
      vertex 44 89.5 67
    endloop
  endfacet
  facet normal 0 -1 -0
    outer loop
      vertex 44.05 89.5 65
      vertex 44 89.5 64
      vertex 44.05 89.5 64
    endloop
  endfacet
  facet normal 0 -1 -0
    outer loop
      vertex 52 89.5 67
      vertex 44.05 89.5 65
      vertex 52 89.5 65
    endloop
  endfacet
  facet normal 0 -1 0
    outer loop
      vertex 44 89.5 54
      vertex 44.05 89.5 53
      vertex 44.05 89.5 54
    endloop
  endfacet
  facet normal 0 -1 0
    outer loop
      vertex 44 89.5 51
      vertex 44.05 89.5 53
      vertex 44 89.5 54
    endloop
  endfacet
  facet normal 0 -1 0
    outer loop
      vertex 52 89.5 51
      vertex 44.05 89.5 53
      vertex 44 89.5 51
    endloop
  endfacet
  facet normal 0 -1 0
    outer loop
      vertex 44.05 89.5 53
      vertex 52 89.5 51
      vertex 52 89.5 53
    endloop
  endfacet
  facet normal 0 1 -0
    outer loop
      vertex 52.55 89.5 53
      vertex 52 89.5 65
      vertex 52.55 89.5 65
    endloop
  endfacet
  facet normal 0 1 0
    outer loop
      vertex 52 89.5 65
      vertex 52.55 89.5 53
      vertex 52 89.5 53
    endloop
  endfacet
  facet normal -0.640184 -0.768221 8.53579e-06
    outer loop
      vertex 41 92 67
      vertex 43 90.3333 64
      vertex 44 89.5 67
    endloop
  endfacet
  facet normal -0.640192 -0.768215 0
    outer loop
      vertex 41 92 67
      vertex 43 90.3333 54
      vertex 43 90.3333 64
    endloop
  endfacet
  facet normal -0.640192 -0.768215 0
    outer loop
      vertex 41 92 51
      vertex 43 90.3333 54
      vertex 41 92 67
    endloop
  endfacet
  facet normal -0.640184 -0.768221 -8.53579e-06
    outer loop
      vertex 44 89.5 51
      vertex 43 90.3333 54
      vertex 41 92 51
    endloop
  endfacet
  facet normal -0.640169 -0.768234 0
    outer loop
      vertex 43 90.3333 54
      vertex 44 89.5 51
      vertex 44 89.5 54
    endloop
  endfacet
  facet normal -0.640169 -0.768234 -0
    outer loop
      vertex 44 89.5 67
      vertex 43 90.3333 64
      vertex 44 89.5 64
    endloop
  endfacet
  facet normal 0 0 -1
    outer loop
      vertex 44 89.5 51
      vertex 52 92 51
      vertex 52 89.5 51
    endloop
  endfacet
  facet normal -0 0 -1
    outer loop
      vertex 52 92 51
      vertex 44 89.5 51
      vertex 41 92 51
    endloop
  endfacet
  facet normal 1 0 0
    outer loop
      vertex 52 89.5 65
      vertex 52 92 67
      vertex 52 89.5 67
    endloop
  endfacet
  facet normal 1 0 0
    outer loop
      vertex 52 92 67
      vertex 52 89.5 65
      vertex 52 92 51
    endloop
  endfacet
  facet normal 1 -0 0
    outer loop
      vertex 52 89.5 53
      vertex 52 92 51
      vertex 52 89.5 65
    endloop
  endfacet
  facet normal 1 0 0
    outer loop
      vertex 52 92 51
      vertex 52 89.5 53
      vertex 52 89.5 51
    endloop
  endfacet
  facet normal 0 0 1
    outer loop
      vertex 52 92 67
      vertex 44 89.5 67
      vertex 52 89.5 67
    endloop
  endfacet
  facet normal 0 -0 1
    outer loop
      vertex 44 89.5 67
      vertex 52 92 67
      vertex 41 92 67
    endloop
  endfacet
  facet normal 1 -0 0
    outer loop
      vertex 52 40 67
      vertex 52 42.5 65
      vertex 52 42.5 67
    endloop
  endfacet
  facet normal 1 0 0
    outer loop
      vertex 52 42.5 65
      vertex 52 40 67
      vertex 52 42.5 53
    endloop
  endfacet
  facet normal 1 0 0
    outer loop
      vertex 52 40 51
      vertex 52 42.5 53
      vertex 52 40 67
    endloop
  endfacet
  facet normal 1 0 0
    outer loop
      vertex 52 42.5 53
      vertex 52 40 51
      vertex 52 42.5 51
    endloop
  endfacet
  facet normal 0 0 -1
    outer loop
      vertex 52 40 51
      vertex 44 42.5 51
      vertex 52 42.5 51
    endloop
  endfacet
  facet normal 0 -0 -1
    outer loop
      vertex 44 42.5 51
      vertex 52 40 51
      vertex 41 40 51
    endloop
  endfacet
  facet normal -0.640169 0.768234 0
    outer loop
      vertex 44 42.5 54
      vertex 44 42.5 51
      vertex 43 41.6667 54
    endloop
  endfacet
  facet normal -0.640169 0.768234 0
    outer loop
      vertex 43 41.6667 64
      vertex 44 42.5 67
      vertex 44 42.5 64
    endloop
  endfacet
  facet normal -0.640184 0.768221 8.53579e-06
    outer loop
      vertex 44 42.5 67
      vertex 43 41.6667 64
      vertex 41 40 67
    endloop
  endfacet
  facet normal -0.640192 0.768215 0
    outer loop
      vertex 43 41.6667 54
      vertex 41 40 67
      vertex 43 41.6667 64
    endloop
  endfacet
  facet normal -0.640192 0.768215 0
    outer loop
      vertex 43 41.6667 54
      vertex 41 40 51
      vertex 41 40 67
    endloop
  endfacet
  facet normal -0.640184 0.768221 -8.53579e-06
    outer loop
      vertex 41 40 51
      vertex 43 41.6667 54
      vertex 44 42.5 51
    endloop
  endfacet
  facet normal 0 -1 0
    outer loop
      vertex 44.05 42.5 55
      vertex 44.05 42.5 54
      vertex 46.55 42.5 55
    endloop
  endfacet
  facet normal 0 -1 0
    outer loop
      vertex 46.55 42.5 63
      vertex 44.05 42.5 64
      vertex 44.05 42.5 63
    endloop
  endfacet
  facet normal 0 -1 0
    outer loop
      vertex 44.05 42.5 64
      vertex 46.55 42.5 63
      vertex 47 42.5 64
    endloop
  endfacet
  facet normal 0 -1 0
    outer loop
      vertex 46.55 42.5 55
      vertex 47 42.5 64
      vertex 46.55 42.5 63
    endloop
  endfacet
  facet normal 0 -1 0
    outer loop
      vertex 46.55 42.5 55
      vertex 47 42.5 54
      vertex 47 42.5 64
    endloop
  endfacet
  facet normal 0 -1 0
    outer loop
      vertex 47 42.5 54
      vertex 46.55 42.5 55
      vertex 44.05 42.5 54
    endloop
  endfacet
  facet normal 0 1 0
    outer loop
      vertex 44.05 42.5 65
      vertex 52 42.5 67
      vertex 52 42.5 65
    endloop
  endfacet
  facet normal 0 1 0
    outer loop
      vertex 52 42.5 67
      vertex 44.05 42.5 65
      vertex 44 42.5 67
    endloop
  endfacet
  facet normal 0 1 0
    outer loop
      vertex 44 42.5 64
      vertex 44.05 42.5 65
      vertex 44.05 42.5 64
    endloop
  endfacet
  facet normal 0 1 0
    outer loop
      vertex 44.05 42.5 65
      vertex 44 42.5 64
      vertex 44 42.5 67
    endloop
  endfacet
  facet normal 0 1 0
    outer loop
      vertex 52 42.5 53
      vertex 52 42.5 51
      vertex 44.05 42.5 53
    endloop
  endfacet
  facet normal 0 1 -0
    outer loop
      vertex 44.05 42.5 53
      vertex 44 42.5 54
      vertex 44.05 42.5 54
    endloop
  endfacet
  facet normal 0 1 0
    outer loop
      vertex 44.05 42.5 53
      vertex 44 42.5 51
      vertex 44 42.5 54
    endloop
  endfacet
  facet normal 0 1 0
    outer loop
      vertex 44 42.5 51
      vertex 44.05 42.5 53
      vertex 52 42.5 51
    endloop
  endfacet
  facet normal 0 -1 0
    outer loop
      vertex 52 42.5 53
      vertex 52.55 42.5 65
      vertex 52 42.5 65
    endloop
  endfacet
  facet normal 0 -1 -0
    outer loop
      vertex 52.55 42.5 65
      vertex 52 42.5 53
      vertex 52.55 42.5 53
    endloop
  endfacet
  facet normal -0 0 1
    outer loop
      vertex 44 42.5 67
      vertex 52 40 67
      vertex 52 42.5 67
    endloop
  endfacet
  facet normal 0 0 1
    outer loop
      vertex 52 40 67
      vertex 44 42.5 67
      vertex 41 40 67
    endloop
  endfacet
  facet normal 0.268284 0.54735 0.792737
    outer loop
      vertex -43.5963 6.07465 34.2029
      vertex -43.6272 6 34.2649
      vertex -43.5814 6 34.2494
    endloop
  endfacet
  facet normal -0.227478 0.670111 0.706545
    outer loop
      vertex -44.3113 6.26195 34.055
      vertex -44.4603 6.21137 34.055
      vertex -44.273 6.11901 34.2029
    endloop
  endfacet
  facet normal -0.310473 0.914847 -0.258189
    outer loop
      vertex -44.5798 6.49976 32.4857
      vertex -44.6005 6.5498 32.6879
      vertex -44.3921 6.56346 32.4857
    endloop
  endfacet
  facet normal 0.803593 0.536209 0.258298
    outer loop
      vertex -42.7363 6 33.3687
      vertex -42.798 6.02233 33.5143
      vertex -42.7831 6 33.5143
    endloop
  endfacet
  facet normal 0.803628 0.536146 0.258322
    outer loop
      vertex -42.798 6.02233 33.5143
      vertex -42.7363 6 33.3687
      vertex -42.755 6.0553 33.3121
    endloop
  endfacet
  facet normal -0.312916 0.634753 -0.706521
    outer loop
      vertex -44.4037 6.07465 31.7971
      vertex -44.5275 6.01362 31.7971
      vertex -44.4603 6.21137 31.945
    endloop
  endfacet
  facet normal -0.0566835 0.864562 -0.499318
    outer loop
      vertex -44 6.43035 32.1111
      vertex -44.1873 6.52272 32.2923
      vertex -44 6.535 32.2923
    endloop
  endfacet
  facet normal 0.318638 0.938874 -0.130327
    outer loop
      vertex -43.3995 6.5498 32.6879
      vertex -43.5868 6.64217 32.8954
      vertex -43.389 6.57504 32.8954
    endloop
  endfacet
  facet normal -0.0631625 0.964008 0.258261
    outer loop
      vertex -44 6.66926 33.3121
      vertex -44.1978 6.60213 33.5143
      vertex -44 6.61509 33.5143
    endloop
  endfacet
  facet normal -0.0632166 0.964018 0.258211
    outer loop
      vertex -44 6.66926 33.3121
      vertex -44.2048 6.65583 33.3121
      vertex -44.1978 6.60213 33.5143
    endloop
  endfacet
  facet normal 0.76868 0.512912 0.382168
    outer loop
      vertex -42.798 6.02233 33.5143
      vertex -42.8271 6 33.6028
      vertex -42.7831 6 33.5143
    endloop
  endfacet
  facet normal 0.408883 0.828868 -0.381828
    outer loop
      vertex -43.2825 6.34274 32.2923
      vertex -43.4202 6.49976 32.4857
      vertex -43.2425 6.4121 32.4857
    endloop
  endfacet
  facet normal 0.255246 0.751911 0.607848
    outer loop
      vertex -43.4909 6.32908 33.8889
      vertex -43.6887 6.26195 34.055
      vertex -43.5397 6.21137 34.055
    endloop
  endfacet
  facet normal -0.227448 0.670141 0.706526
    outer loop
      vertex -44.273 6.11901 34.2029
      vertex -44.4603 6.21137 34.055
      vertex -44.4037 6.07465 34.2029
    endloop
  endfacet
  facet normal -0.438533 0.889219 0.130303
    outer loop
      vertex -44.611 6.57504 33.1046
      vertex -44.7983 6.48267 33.1046
      vertex -44.7846 6.45902 33.3121
    endloop
  endfacet
  facet normal 0.609395 0.694879 0.381813
    outer loop
      vertex -42.9287 6.17133 33.5143
      vertex -43.0777 6.302 33.5143
      vertex -42.9853 6.1147 33.7077
    endloop
  endfacet
  facet normal 0.637042 0.726286 -0.258237
    outer loop
      vertex -42.9287 6.17133 32.4857
      vertex -43.0447 6.34497 32.6879
      vertex -42.8904 6.20963 32.6879
    endloop
  endfacet
  facet normal 0.441126 0.660229 0.60787
    outer loop
      vertex -43.1901 6.15544 33.8889
      vertex -43.3348 6.25212 33.8889
      vertex -43.2677 6.05436 34.055
    endloop
  endfacet
  facet normal 0.550911 0.824325 0.130327
    outer loop
      vertex -43.2017 6.48267 33.1046
      vertex -43.2154 6.45902 33.3121
      vertex -43.0281 6.36665 33.1046
    endloop
  endfacet
  facet normal 0.481362 0.72045 -0.499241
    outer loop
      vertex -43.1901 6.15544 32.1111
      vertex -43.3348 6.25212 32.1111
      vertex -43.2825 6.34274 32.2923
    endloop
  endfacet
  facet normal 0.726207 0.637131 0.258239
    outer loop
      vertex -42.8904 6.20963 33.3121
      vertex -42.9287 6.17133 33.5143
      vertex -42.755 6.0553 33.3121
    endloop
  endfacet
  facet normal 0.441126 0.660229 -0.60787
    outer loop
      vertex -43.2677 6.05436 31.945
      vertex -43.3348 6.25212 32.1111
      vertex -43.1901 6.15544 32.1111
    endloop
  endfacet
  facet normal 0.438533 0.889219 0.130303
    outer loop
      vertex -43.2017 6.48267 33.1046
      vertex -43.389 6.57504 33.1046
      vertex -43.2154 6.45902 33.3121
    endloop
  endfacet
  facet normal -0.745326 0.653905 -0.129993
    outer loop
      vertex -45.245 6.0553 32.6879
      vertex -45.2666 6.07193 32.8954
      vertex -45.1096 6.20963 32.6879
    endloop
  endfacet
  facet normal 0.196175 0.577174 -0.792708
    outer loop
      vertex -43.6866 6 31.7204
      vertex -43.5963 6.07465 31.7971
      vertex -43.6272 6 31.7351
    endloop
  endfacet
  facet normal 0.195957 0.577357 -0.792628
    outer loop
      vertex -43.5963 6.07465 31.7971
      vertex -43.6866 6 31.7204
      vertex -43.727 6.11901 31.7971
    endloop
  endfacet
  facet normal -0.169008 0.849768 -0.499331
    outer loop
      vertex -44.1736 6.41897 32.1111
      vertex -44.3443 6.38502 32.1111
      vertex -44.1873 6.52272 32.2923
    endloop
  endfacet
  facet normal -0.297146 0.875088 -0.382001
    outer loop
      vertex -44.5491 6.42576 32.2923
      vertex -44.5798 6.49976 32.4857
      vertex -44.3714 6.4861 32.2923
    endloop
  endfacet
  facet normal -0.318809 0.93884 0.130157
    outer loop
      vertex -44.4132 6.64217 33.1046
      vertex -44.6005 6.5498 33.3121
      vertex -44.4062 6.61578 33.3121
    endloop
  endfacet
  facet normal -0.55565 0.831416 0
    outer loop
      vertex -44.7983 6.48267 32.8954
      vertex -44.9719 6.36665 33.1046
      vertex -44.7983 6.48267 33.1046
    endloop
  endfacet
  facet normal -0.55565 0.831416 0
    outer loop
      vertex -44.9719 6.36665 33.1046
      vertex -44.7983 6.48267 32.8954
      vertex -44.9719 6.36665 32.8954
    endloop
  endfacet
  facet normal 0.653794 0.745385 0.130212
    outer loop
      vertex -42.8711 6.22895 33.1046
      vertex -43.0447 6.34497 33.3121
      vertex -42.8904 6.20963 33.3121
    endloop
  endfacet
  facet normal -0.310628 0.914747 0.258355
    outer loop
      vertex -44.4062 6.61578 33.3121
      vertex -44.6005 6.5498 33.3121
      vertex -44.3921 6.56346 33.5143
    endloop
  endfacet
  facet normal 0.653774 0.745407 0.130183
    outer loop
      vertex -43.0281 6.36665 33.1046
      vertex -43.0447 6.34497 33.3121
      vertex -42.8711 6.22895 33.1046
    endloop
  endfacet
  facet normal 0.408883 0.828868 0.381828
    outer loop
      vertex -43.2425 6.4121 33.5143
      vertex -43.4202 6.49976 33.5143
      vertex -43.2825 6.34274 33.7077
    endloop
  endfacet
  facet normal 0.596861 0.523536 0.608002
    outer loop
      vertex -43.0593 6.0407 33.8889
      vertex -43.1 6 33.9639
      vertex -43.0236 6 33.8889
    endloop
  endfacet
  facet normal 0.745326 0.653905 0.129993
    outer loop
      vertex -42.7334 6.07193 33.1046
      vertex -42.8904 6.20963 33.3121
      vertex -42.755 6.0553 33.3121
    endloop
  endfacet
  facet normal 0.321379 0.946951 -0
    outer loop
      vertex -43.389 6.57504 32.8954
      vertex -43.5868 6.64217 33.1046
      vertex -43.389 6.57504 33.1046
    endloop
  endfacet
  facet normal 0.321379 0.946951 0
    outer loop
      vertex -43.5868 6.64217 33.1046
      vertex -43.389 6.57504 32.8954
      vertex -43.5868 6.64217 32.8954
    endloop
  endfacet
  facet normal 0.0632166 0.964018 -0.258211
    outer loop
      vertex -43.8022 6.60213 32.4857
      vertex -44 6.66926 32.6879
      vertex -43.7952 6.65583 32.6879
    endloop
  endfacet
  facet normal -0.227478 0.670111 -0.706545
    outer loop
      vertex -44.273 6.11901 31.7971
      vertex -44.4603 6.21137 31.945
      vertex -44.3113 6.26195 31.945
    endloop
  endfacet
  facet normal 0.824181 0.551134 -0.130297
    outer loop
      vertex -42.6979 6 32.8157
      vertex -42.7334 6.07193 32.8954
      vertex -42.6853 6 32.8954
    endloop
  endfacet
  facet normal 0.636971 0.726323 -0.258309
    outer loop
      vertex -42.9287 6.17133 32.4857
      vertex -43.0777 6.302 32.4857
      vertex -43.0447 6.34497 32.6879
    endloop
  endfacet
  facet normal -0.745446 0.653725 0.130203
    outer loop
      vertex -45.1289 6.22895 33.1046
      vertex -45.2666 6.07193 33.1046
      vertex -45.1096 6.20963 33.3121
    endloop
  endfacet
  facet normal -0.351143 0.712234 -0.607801
    outer loop
      vertex -44.6015 6.14178 31.945
      vertex -44.6652 6.25212 32.1111
      vertex -44.5091 6.32908 32.1111
    endloop
  endfacet
  facet normal -0.046281 0.706134 -0.706564
    outer loop
      vertex -44 6.15495 31.7971
      vertex -44.157 6.29265 31.945
      vertex -44 6.30294 31.945
    endloop
  endfacet
  facet normal -0.637042 0.726286 -0.258237
    outer loop
      vertex -45.0713 6.17133 32.4857
      vertex -45.1096 6.20963 32.6879
      vertex -44.9553 6.34497 32.6879
    endloop
  endfacet
  facet normal -0.550814 0.82441 -0.130201
    outer loop
      vertex -44.9553 6.34497 32.6879
      vertex -44.9719 6.36665 32.8954
      vertex -44.7846 6.45902 32.6879
    endloop
  endfacet
  facet normal 0.118989 0.598155 -0.792498
    outer loop
      vertex -43.7588 6 31.7025
      vertex -43.8627 6 31.6869
      vertex -43.727 6.11901 31.7971
    endloop
  endfacet
  facet normal 0.393225 0.588518 -0.706414
    outer loop
      vertex -43.3703 6 31.8426
      vertex -43.2677 6.05436 31.945
      vertex -43.3094 6 31.8765
    endloop
  endfacet
  facet normal 0.393288 0.588447 -0.706438
    outer loop
      vertex -43.2677 6.05436 31.945
      vertex -43.3703 6 31.8426
      vertex -43.3985 6.14178 31.945
    endloop
  endfacet
  facet normal -0.80357 0.536198 -0.258392
    outer loop
      vertex -45.2637 6 32.6313
      vertex -45.2819 6 32.6879
      vertex -45.245 6.0553 32.6879
    endloop
  endfacet
  facet normal 0.188569 0.947479 0.258313
    outer loop
      vertex -43.5938 6.61578 33.3121
      vertex -43.8022 6.60213 33.5143
      vertex -43.6079 6.56346 33.5143
    endloop
  endfacet
  facet normal 0.0604629 0.922207 0.381941
    outer loop
      vertex -43.8022 6.60213 33.5143
      vertex -44 6.535 33.7077
      vertex -43.8127 6.52272 33.7077
    endloop
  endfacet
  facet normal 0.193442 0.972434 0.130201
    outer loop
      vertex -43.5868 6.64217 33.1046
      vertex -43.7916 6.68291 33.1046
      vertex -43.5938 6.61578 33.3121
    endloop
  endfacet
  facet normal 0.53666 0.803283 0.258326
    outer loop
      vertex -43.2154 6.45902 33.3121
      vertex -43.2425 6.4121 33.5143
      vertex -43.0777 6.302 33.5143
    endloop
  endfacet
  facet normal 0.427264 0.866482 0.258176
    outer loop
      vertex -43.3995 6.5498 33.3121
      vertex -43.4202 6.49976 33.5143
      vertex -43.2154 6.45902 33.3121
    endloop
  endfacet
  facet normal 0.609395 0.694879 -0.381813
    outer loop
      vertex -42.9853 6.1147 32.2923
      vertex -43.0777 6.302 32.4857
      vertex -42.9287 6.17133 32.4857
    endloop
  endfacet
  facet normal 0.651389 0.571314 0.499291
    outer loop
      vertex -42.8847 6 33.7077
      vertex -42.9853 6.1147 33.7077
      vertex -42.9625 6 33.8092
    endloop
  endfacet
  facet normal 0.694921 0.609495 0.381577
    outer loop
      vertex -42.8271 6 33.6028
      vertex -42.9853 6.1147 33.7077
      vertex -42.8847 6 33.7077
    endloop
  endfacet
  facet normal 0.694991 0.60903 0.382191
    outer loop
      vertex -42.9853 6.1147 33.7077
      vertex -42.8271 6 33.6028
      vertex -42.798 6.02233 33.5143
    endloop
  endfacet
  facet normal 0.180394 0.906401 0.381962
    outer loop
      vertex -43.8022 6.60213 33.5143
      vertex -43.8127 6.52272 33.7077
      vertex -43.6079 6.56346 33.5143
    endloop
  endfacet
  facet normal -0.726207 0.637131 0.258239
    outer loop
      vertex -45.1096 6.20963 33.3121
      vertex -45.245 6.0553 33.3121
      vertex -45.0713 6.17133 33.5143
    endloop
  endfacet
  facet normal 0.441251 0.660211 0.607799
    outer loop
      vertex -43.3348 6.25212 33.8889
      vertex -43.3985 6.14178 34.055
      vertex -43.2677 6.05436 34.055
    endloop
  endfacet
  facet normal 0.180306 0.906453 0.38188
    outer loop
      vertex -43.6079 6.56346 33.5143
      vertex -43.8127 6.52272 33.7077
      vertex -43.6286 6.4861 33.7077
    endloop
  endfacet
  facet normal 0.694812 0.609476 -0.381805
    outer loop
      vertex -42.798 6.02233 32.4857
      vertex -42.9853 6.1147 32.2923
      vertex -42.9287 6.17133 32.4857
    endloop
  endfacet
  facet normal 0.80357 0.536198 0.258392
    outer loop
      vertex -42.7181 6 33.3121
      vertex -42.755 6.0553 33.3121
      vertex -42.7363 6 33.3687
    endloop
  endfacet
  facet normal 0.824181 0.551134 0.130297
    outer loop
      vertex -42.6853 6 33.1046
      vertex -42.7334 6.07193 33.1046
      vertex -42.6979 6 33.1843
    endloop
  endfacet
  facet normal 0.193442 0.972434 -0.130201
    outer loop
      vertex -43.5938 6.61578 32.6879
      vertex -43.7916 6.68291 32.8954
      vertex -43.5868 6.64217 32.8954
    endloop
  endfacet
  facet normal 0.310473 0.914847 -0.258189
    outer loop
      vertex -43.4202 6.49976 32.4857
      vertex -43.6079 6.56346 32.4857
      vertex -43.3995 6.5498 32.6879
    endloop
  endfacet
  facet normal 0.188569 0.947479 -0.258313
    outer loop
      vertex -43.6079 6.56346 32.4857
      vertex -43.8022 6.60213 32.4857
      vertex -43.5938 6.61578 32.6879
    endloop
  endfacet
  facet normal 0.312836 0.634753 -0.706557
    outer loop
      vertex -43.4725 6.01362 31.7971
      vertex -43.5397 6.21137 31.945
      vertex -43.3985 6.14178 31.945
    endloop
  endfacet
  facet normal -0.571354 0.651326 -0.499329
    outer loop
      vertex -44.9407 6.0407 32.1111
      vertex -45.0147 6.1147 32.2923
      vertex -44.8099 6.15544 32.1111
    endloop
  endfacet
  facet normal -0.0648783 0.989357 -0.130243
    outer loop
      vertex -44.2048 6.65583 32.6879
      vertex -44.2084 6.68291 32.8954
      vertex -44 6.66926 32.6879
    endloop
  endfacet
  facet normal -0.0604247 0.922223 -0.381907
    outer loop
      vertex -44 6.535 32.2923
      vertex -44.1978 6.60213 32.4857
      vertex -44 6.61509 32.4857
    endloop
  endfacet
  facet normal 0.653774 0.745407 -0.130183
    outer loop
      vertex -42.8711 6.22895 32.8954
      vertex -43.0447 6.34497 32.6879
      vertex -43.0281 6.36665 32.8954
    endloop
  endfacet
  facet normal 0.659386 0.751805 -0
    outer loop
      vertex -42.8711 6.22895 32.8954
      vertex -43.0281 6.36665 33.1046
      vertex -42.8711 6.22895 33.1046
    endloop
  endfacet
  facet normal 0.659386 0.751805 0
    outer loop
      vertex -43.0281 6.36665 33.1046
      vertex -42.8711 6.22895 32.8954
      vertex -43.0281 6.36665 32.8954
    endloop
  endfacet
  facet normal 0.297015 0.875191 0.381867
    outer loop
      vertex -43.6079 6.56346 33.5143
      vertex -43.6286 6.4861 33.7077
      vertex -43.4202 6.49976 33.5143
    endloop
  endfacet
  facet normal -0.427387 0.866378 0.258322
    outer loop
      vertex -44.5798 6.49976 33.5143
      vertex -44.7846 6.45902 33.3121
      vertex -44.7575 6.4121 33.5143
    endloop
  endfacet
  facet normal 0.169008 0.849768 -0.499331
    outer loop
      vertex -43.6557 6.38502 32.1111
      vertex -43.8264 6.41897 32.1111
      vertex -43.8127 6.52272 32.2923
    endloop
  endfacet
  facet normal -0.824721 0.550311 -0.130355
    outer loop
      vertex -45.3021 6 32.8157
      vertex -45.245 6.0553 32.6879
      vertex -45.2819 6 32.6879
    endloop
  endfacet
  facet normal -0.824403 0.550879 -0.129967
    outer loop
      vertex -45.245 6.0553 32.6879
      vertex -45.3021 6 32.8157
      vertex -45.2666 6.07193 32.8954
    endloop
  endfacet
  facet normal -0.726248 0.637051 -0.25832
    outer loop
      vertex -45.202 6.02233 32.4857
      vertex -45.245 6.0553 32.6879
      vertex -45.0713 6.17133 32.4857
    endloop
  endfacet
  facet normal -0.824181 0.551134 -0.130297
    outer loop
      vertex -45.3021 6 32.8157
      vertex -45.3147 6 32.8954
      vertex -45.2666 6.07193 32.8954
    endloop
  endfacet
  facet normal -0.80357 0.536198 0.258392
    outer loop
      vertex -45.245 6.0553 33.3121
      vertex -45.2819 6 33.3121
      vertex -45.2637 6 33.3687
    endloop
  endfacet
  facet normal 0.596861 0.523536 -0.608002
    outer loop
      vertex -43.0236 6 32.1111
      vertex -43.1 6 32.0361
      vertex -43.0593 6.0407 32.1111
    endloop
  endfacet
  facet normal 0.227478 0.670111 -0.706545
    outer loop
      vertex -43.5397 6.21137 31.945
      vertex -43.727 6.11901 31.7971
      vertex -43.6887 6.26195 31.945
    endloop
  endfacet
  facet normal -0.138094 0.694063 0.706546
    outer loop
      vertex -44.157 6.29265 34.055
      vertex -44.273 6.11901 34.2029
      vertex -44.1377 6.14593 34.2029
    endloop
  endfacet
  facet normal -0.318638 0.938874 -0.130327
    outer loop
      vertex -44.6005 6.5498 32.6879
      vertex -44.611 6.57504 32.8954
      vertex -44.4132 6.64217 32.8954
    endloop
  endfacet
  facet normal -0.442304 0.896865 0
    outer loop
      vertex -44.611 6.57504 32.8954
      vertex -44.7983 6.48267 33.1046
      vertex -44.611 6.57504 33.1046
    endloop
  endfacet
  facet normal -0.442304 0.896865 0
    outer loop
      vertex -44.7983 6.48267 33.1046
      vertex -44.611 6.57504 32.8954
      vertex -44.7983 6.48267 32.8954
    endloop
  endfacet
  facet normal -0.427264 0.866482 0.258176
    outer loop
      vertex -44.6005 6.5498 33.3121
      vertex -44.7846 6.45902 33.3121
      vertex -44.5798 6.49976 33.5143
    endloop
  endfacet
  facet normal -0.427264 0.866482 -0.258176
    outer loop
      vertex -44.5798 6.49976 32.4857
      vertex -44.7846 6.45902 32.6879
      vertex -44.6005 6.5498 32.6879
    endloop
  endfacet
  facet normal -0.351143 0.712234 0.607801
    outer loop
      vertex -44.5091 6.32908 33.8889
      vertex -44.6652 6.25212 33.8889
      vertex -44.6015 6.14178 34.055
    endloop
  endfacet
  facet normal -0.169031 0.849773 0.499314
    outer loop
      vertex -44.1873 6.52272 33.7077
      vertex -44.3714 6.4861 33.7077
      vertex -44.3443 6.38502 33.8889
    endloop
  endfacet
  facet normal -0.0604247 0.922223 0.381907
    outer loop
      vertex -44 6.61509 33.5143
      vertex -44.1978 6.60213 33.5143
      vertex -44 6.535 33.7077
    endloop
  endfacet
  facet normal -0.0648783 0.989357 0.130243
    outer loop
      vertex -44 6.66926 33.3121
      vertex -44.2084 6.68291 33.1046
      vertex -44.2048 6.65583 33.3121
    endloop
  endfacet
  facet normal 0.550814 0.82441 0.130201
    outer loop
      vertex -43.0281 6.36665 33.1046
      vertex -43.2154 6.45902 33.3121
      vertex -43.0447 6.34497 33.3121
    endloop
  endfacet
  facet normal 0.536691 0.803272 0.258296
    outer loop
      vertex -43.0447 6.34497 33.3121
      vertex -43.2154 6.45902 33.3121
      vertex -43.0777 6.302 33.5143
    endloop
  endfacet
  facet normal 0.438533 0.889219 -0.130303
    outer loop
      vertex -43.2154 6.45902 32.6879
      vertex -43.389 6.57504 32.8954
      vertex -43.2017 6.48267 32.8954
    endloop
  endfacet
  facet normal 0.55565 0.831416 -0
    outer loop
      vertex -43.0281 6.36665 32.8954
      vertex -43.2017 6.48267 33.1046
      vertex -43.0281 6.36665 33.1046
    endloop
  endfacet
  facet normal 0.55565 0.831416 0
    outer loop
      vertex -43.2017 6.48267 33.1046
      vertex -43.0281 6.36665 32.8954
      vertex -43.2017 6.48267 32.8954
    endloop
  endfacet
  facet normal 0.51343 0.768514 0.381806
    outer loop
      vertex -43.2425 6.4121 33.5143
      vertex -43.2825 6.34274 33.7077
      vertex -43.0777 6.302 33.5143
    endloop
  endfacet
  facet normal 0.427387 0.866378 0.258322
    outer loop
      vertex -43.2154 6.45902 33.3121
      vertex -43.4202 6.49976 33.5143
      vertex -43.2425 6.4121 33.5143
    endloop
  endfacet
  facet normal 0.195103 0.980783 -0
    outer loop
      vertex -43.5868 6.64217 32.8954
      vertex -43.7916 6.68291 33.1046
      vertex -43.5868 6.64217 33.1046
    endloop
  endfacet
  facet normal 0.195103 0.980783 0
    outer loop
      vertex -43.7916 6.68291 33.1046
      vertex -43.5868 6.64217 32.8954
      vertex -43.7916 6.68291 32.8954
    endloop
  endfacet
  facet normal -0.0648498 0.989363 0.130214
    outer loop
      vertex -44 6.69657 33.1046
      vertex -44.2084 6.68291 33.1046
      vertex -44 6.66926 33.3121
    endloop
  endfacet
  facet normal 0.310628 0.914747 0.258355
    outer loop
      vertex -43.5938 6.61578 33.3121
      vertex -43.6079 6.56346 33.5143
      vertex -43.3995 6.5498 33.3121
    endloop
  endfacet
  facet normal 0.154953 0.778802 -0.60783
    outer loop
      vertex -43.6887 6.26195 31.945
      vertex -43.843 6.29265 31.945
      vertex -43.6557 6.38502 32.1111
    endloop
  endfacet
  facet normal -0.751847 0.659338 0
    outer loop
      vertex -45.2666 6.07193 32.8954
      vertex -45.1289 6.22895 33.1046
      vertex -45.1289 6.22895 32.8954
    endloop
  endfacet
  facet normal -0.751847 0.659338 0
    outer loop
      vertex -45.1289 6.22895 33.1046
      vertex -45.2666 6.07193 32.8954
      vertex -45.2666 6.07193 33.1046
    endloop
  endfacet
  facet normal 0.726248 0.637051 0.25832
    outer loop
      vertex -42.755 6.0553 33.3121
      vertex -42.9287 6.17133 33.5143
      vertex -42.798 6.02233 33.5143
    endloop
  endfacet
  facet normal 0.694812 0.609476 0.381805
    outer loop
      vertex -42.9287 6.17133 33.5143
      vertex -42.9853 6.1147 33.7077
      vertex -42.798 6.02233 33.5143
    endloop
  endfacet
  facet normal 0.651344 0.571326 0.499337
    outer loop
      vertex -42.9625 6 33.8092
      vertex -43.0593 6.0407 33.8889
      vertex -43.0236 6 33.8889
    endloop
  endfacet
  facet normal 0.651341 0.571337 0.499328
    outer loop
      vertex -43.0593 6.0407 33.8889
      vertex -42.9625 6 33.8092
      vertex -42.9853 6.1147 33.7077
    endloop
  endfacet
  facet normal 0.351143 0.712234 0.607801
    outer loop
      vertex -43.3348 6.25212 33.8889
      vertex -43.4909 6.32908 33.8889
      vertex -43.3985 6.14178 34.055
    endloop
  endfacet
  facet normal 0.524037 0.596756 0.607674
    outer loop
      vertex -43.1901 6.15544 33.8889
      vertex -43.2057 6 34.055
      vertex -43.1592 6 34.0149
    endloop
  endfacet
  facet normal 0.523468 0.597039 0.607886
    outer loop
      vertex -43.2057 6 34.055
      vertex -43.1901 6.15544 33.8889
      vertex -43.2677 6.05436 34.055
    endloop
  endfacet
  facet normal 0.312836 0.634753 0.706557
    outer loop
      vertex -43.3985 6.14178 34.055
      vertex -43.5397 6.21137 34.055
      vertex -43.4725 6.01362 34.2029
    endloop
  endfacet
  facet normal 0.824721 0.550311 0.130355
    outer loop
      vertex -42.6979 6 33.1843
      vertex -42.755 6.0553 33.3121
      vertex -42.7181 6 33.3121
    endloop
  endfacet
  facet normal 0.824403 0.550879 0.129967
    outer loop
      vertex -42.755 6.0553 33.3121
      vertex -42.6979 6 33.1843
      vertex -42.7334 6.07193 33.1046
    endloop
  endfacet
  facet normal 0.550911 0.824325 -0.130327
    outer loop
      vertex -43.0281 6.36665 32.8954
      vertex -43.2154 6.45902 32.6879
      vertex -43.2017 6.48267 32.8954
    endloop
  endfacet
  facet normal 0.550814 0.82441 -0.130201
    outer loop
      vertex -43.0447 6.34497 32.6879
      vertex -43.2154 6.45902 32.6879
      vertex -43.0281 6.36665 32.8954
    endloop
  endfacet
  facet normal 0.310628 0.914747 -0.258355
    outer loop
      vertex -43.3995 6.5498 32.6879
      vertex -43.6079 6.56346 32.4857
      vertex -43.5938 6.61578 32.6879
    endloop
  endfacet
  facet normal 0.427387 0.866378 -0.258322
    outer loop
      vertex -43.2425 6.4121 32.4857
      vertex -43.4202 6.49976 32.4857
      vertex -43.2154 6.45902 32.6879
    endloop
  endfacet
  facet normal 0.0648783 0.989357 -0.130243
    outer loop
      vertex -43.7952 6.65583 32.6879
      vertex -44 6.66926 32.6879
      vertex -43.7916 6.68291 32.8954
    endloop
  endfacet
  facet normal 0.318809 0.93884 -0.130157
    outer loop
      vertex -43.3995 6.5498 32.6879
      vertex -43.5938 6.61578 32.6879
      vertex -43.5868 6.64217 32.8954
    endloop
  endfacet
  facet normal 0.383146 0.777144 -0.499246
    outer loop
      vertex -43.3348 6.25212 32.1111
      vertex -43.4909 6.32908 32.1111
      vertex -43.2825 6.34274 32.2923
    endloop
  endfacet
  facet normal 0.53666 0.803283 -0.258326
    outer loop
      vertex -43.0777 6.302 32.4857
      vertex -43.2425 6.4121 32.4857
      vertex -43.2154 6.45902 32.6879
    endloop
  endfacet
  facet normal -0.0519433 0.792386 -0.607805
    outer loop
      vertex -44.157 6.29265 31.945
      vertex -44.1736 6.41897 32.1111
      vertex -44 6.43035 32.1111
    endloop
  endfacet
  facet normal 0.0566835 0.864562 -0.499318
    outer loop
      vertex -43.8127 6.52272 32.2923
      vertex -44 6.43035 32.1111
      vertex -44 6.535 32.2923
    endloop
  endfacet
  facet normal 0.571329 0.651378 -0.499289
    outer loop
      vertex -42.9853 6.1147 32.2923
      vertex -43.1901 6.15544 32.1111
      vertex -43.1264 6.23846 32.2923
    endloop
  endfacet
  facet normal 0.609461 0.694852 -0.381756
    outer loop
      vertex -42.9853 6.1147 32.2923
      vertex -43.1264 6.23846 32.2923
      vertex -43.0777 6.302 32.4857
    endloop
  endfacet
  facet normal 0.745446 0.653725 -0.130203
    outer loop
      vertex -42.7334 6.07193 32.8954
      vertex -42.8904 6.20963 32.6879
      vertex -42.8711 6.22895 32.8954
    endloop
  endfacet
  facet normal 0.653794 0.745385 -0.130212
    outer loop
      vertex -42.8904 6.20963 32.6879
      vertex -43.0447 6.34497 32.6879
      vertex -42.8711 6.22895 32.8954
    endloop
  endfacet
  facet normal 0.745446 0.653725 0.130203
    outer loop
      vertex -42.8711 6.22895 33.1046
      vertex -42.8904 6.20963 33.3121
      vertex -42.7334 6.07193 33.1046
    endloop
  endfacet
  facet normal -0.481362 0.72045 0.499241
    outer loop
      vertex -44.7175 6.34274 33.7077
      vertex -44.8099 6.15544 33.8889
      vertex -44.6652 6.25212 33.8889
    endloop
  endfacet
  facet normal 0.269831 0.547313 0.792237
    outer loop
      vertex -43.4725 6.01362 34.2029
      vertex -43.5814 6 34.2494
      vertex -43.4804 6 34.215
    endloop
  endfacet
  facet normal 0.269822 0.547337 0.792223
    outer loop
      vertex -43.5814 6 34.2494
      vertex -43.4725 6.01362 34.2029
      vertex -43.5963 6.07465 34.2029
    endloop
  endfacet
  facet normal -0.0604629 0.922207 0.381941
    outer loop
      vertex -44 6.535 33.7077
      vertex -44.1978 6.60213 33.5143
      vertex -44.1873 6.52272 33.7077
    endloop
  endfacet
  facet normal -0.297015 0.875191 0.381867
    outer loop
      vertex -44.3921 6.56346 33.5143
      vertex -44.5798 6.49976 33.5143
      vertex -44.3714 6.4861 33.7077
    endloop
  endfacet
  facet normal -0.653774 0.745407 0.130183
    outer loop
      vertex -44.9719 6.36665 33.1046
      vertex -45.1289 6.22895 33.1046
      vertex -44.9553 6.34497 33.3121
    endloop
  endfacet
  facet normal -0.609395 0.694879 -0.381813
    outer loop
      vertex -45.0147 6.1147 32.2923
      vertex -45.0713 6.17133 32.4857
      vertex -44.9223 6.302 32.4857
    endloop
  endfacet
  facet normal -0.651389 0.571314 -0.499291
    outer loop
      vertex -45.0375 6 32.1908
      vertex -45.1153 6 32.2923
      vertex -45.0147 6.1147 32.2923
    endloop
  endfacet
  facet normal -0.278592 0.820447 -0.499252
    outer loop
      vertex -44.5091 6.32908 32.1111
      vertex -44.5491 6.42576 32.2923
      vertex -44.3714 6.4861 32.2923
    endloop
  endfacet
  facet normal -0.803593 0.536209 -0.258298
    outer loop
      vertex -45.2637 6 32.6313
      vertex -45.202 6.02233 32.4857
      vertex -45.2169 6 32.4857
    endloop
  endfacet
  facet normal -0.803628 0.536146 -0.258322
    outer loop
      vertex -45.202 6.02233 32.4857
      vertex -45.2637 6 32.6313
      vertex -45.245 6.0553 32.6879
    endloop
  endfacet
  facet normal -0.651344 0.571326 -0.499337
    outer loop
      vertex -45.0375 6 32.1908
      vertex -44.9407 6.0407 32.1111
      vertex -44.9764 6 32.1111
    endloop
  endfacet
  facet normal -0.651341 0.571337 -0.499328
    outer loop
      vertex -44.9407 6.0407 32.1111
      vertex -45.0375 6 32.1908
      vertex -45.0147 6.1147 32.2923
    endloop
  endfacet
  facet normal -0.596861 0.523536 -0.608002
    outer loop
      vertex -44.9 6 32.0361
      vertex -44.9764 6 32.1111
      vertex -44.9407 6.0407 32.1111
    endloop
  endfacet
  facet normal -0.383146 0.777144 -0.499246
    outer loop
      vertex -44.6652 6.25212 32.1111
      vertex -44.7175 6.34274 32.2923
      vertex -44.5091 6.32908 32.1111
    endloop
  endfacet
  facet normal 0.694991 0.60903 -0.382191
    outer loop
      vertex -42.8271 6 32.3972
      vertex -42.9853 6.1147 32.2923
      vertex -42.798 6.02233 32.4857
    endloop
  endfacet
  facet normal 0.694921 0.609495 -0.381577
    outer loop
      vertex -42.9853 6.1147 32.2923
      vertex -42.8271 6 32.3972
      vertex -42.8847 6 32.2923
    endloop
  endfacet
  facet normal -0.694812 0.609476 -0.381805
    outer loop
      vertex -45.0147 6.1147 32.2923
      vertex -45.202 6.02233 32.4857
      vertex -45.0713 6.17133 32.4857
    endloop
  endfacet
  facet normal -0.726207 0.637131 -0.258239
    outer loop
      vertex -45.0713 6.17133 32.4857
      vertex -45.245 6.0553 32.6879
      vertex -45.1096 6.20963 32.6879
    endloop
  endfacet
  facet normal -0.118989 0.598155 -0.792498
    outer loop
      vertex -44.2412 6 31.7025
      vertex -44.273 6.11901 31.7971
      vertex -44.1373 6 31.6869
    endloop
  endfacet
  facet normal 0.196468 0.57742 -0.792456
    outer loop
      vertex -43.6866 6 31.7204
      vertex -43.7588 6 31.7025
      vertex -43.727 6.11901 31.7971
    endloop
  endfacet
  facet normal 0.312916 0.634753 -0.706521
    outer loop
      vertex -43.4725 6.01362 31.7971
      vertex -43.5963 6.07465 31.7971
      vertex -43.5397 6.21137 31.945
    endloop
  endfacet
  facet normal 0.227448 0.670141 -0.706526
    outer loop
      vertex -43.5963 6.07465 31.7971
      vertex -43.727 6.11901 31.7971
      vertex -43.5397 6.21137 31.945
    endloop
  endfacet
  facet normal 0.138094 0.694063 -0.706546
    outer loop
      vertex -43.727 6.11901 31.7971
      vertex -43.8623 6.14593 31.7971
      vertex -43.843 6.29265 31.945
    endloop
  endfacet
  facet normal 0.255246 0.751911 -0.607848
    outer loop
      vertex -43.5397 6.21137 31.945
      vertex -43.6887 6.26195 31.945
      vertex -43.4909 6.32908 32.1111
    endloop
  endfacet
  facet normal -0.138093 0.694062 -0.706546
    outer loop
      vertex -44.273 6.11901 31.7971
      vertex -44.3113 6.26195 31.945
      vertex -44.157 6.29265 31.945
    endloop
  endfacet
  facet normal -0.118046 0.598211 -0.792596
    outer loop
      vertex -44.1373 6 31.6869
      vertex -44.1377 6.14593 31.7971
      vertex -44.1185 6 31.6841
    endloop
  endfacet
  facet normal -0.119009 0.59814 -0.792506
    outer loop
      vertex -44.1377 6.14593 31.7971
      vertex -44.1373 6 31.6869
      vertex -44.273 6.11901 31.7971
    endloop
  endfacet
  facet normal -0.438484 0.889236 -0.130354
    outer loop
      vertex -44.6005 6.5498 32.6879
      vertex -44.7846 6.45902 32.6879
      vertex -44.611 6.57504 32.8954
    endloop
  endfacet
  facet normal -0.188569 0.947479 -0.258313
    outer loop
      vertex -44.3921 6.56346 32.4857
      vertex -44.4062 6.61578 32.6879
      vertex -44.1978 6.60213 32.4857
    endloop
  endfacet
  facet normal -0.193442 0.972434 0.130201
    outer loop
      vertex -44.2084 6.68291 33.1046
      vertex -44.4132 6.64217 33.1046
      vertex -44.4062 6.61578 33.3121
    endloop
  endfacet
  facet normal -0.321379 0.946951 0
    outer loop
      vertex -44.4132 6.64217 32.8954
      vertex -44.611 6.57504 33.1046
      vertex -44.4132 6.64217 33.1046
    endloop
  endfacet
  facet normal -0.321379 0.946951 0
    outer loop
      vertex -44.611 6.57504 33.1046
      vertex -44.4132 6.64217 32.8954
      vertex -44.611 6.57504 32.8954
    endloop
  endfacet
  facet normal -0.745446 0.653725 -0.130203
    outer loop
      vertex -45.1096 6.20963 32.6879
      vertex -45.2666 6.07193 32.8954
      vertex -45.1289 6.22895 32.8954
    endloop
  endfacet
  facet normal -0.40864 0.828897 0.382025
    outer loop
      vertex -44.5798 6.49976 33.5143
      vertex -44.7175 6.34274 33.7077
      vertex -44.5491 6.42576 33.7077
    endloop
  endfacet
  facet normal -0.694812 0.609476 0.381805
    outer loop
      vertex -45.0713 6.17133 33.5143
      vertex -45.202 6.02233 33.5143
      vertex -45.0147 6.1147 33.7077
    endloop
  endfacet
  facet normal 0.0604247 0.922223 0.381907
    outer loop
      vertex -44 6.61509 33.5143
      vertex -44 6.535 33.7077
      vertex -43.8022 6.60213 33.5143
    endloop
  endfacet
  facet normal -0.318638 0.938874 0.130327
    outer loop
      vertex -44.4132 6.64217 33.1046
      vertex -44.611 6.57504 33.1046
      vertex -44.6005 6.5498 33.3121
    endloop
  endfacet
  facet normal 0.0566749 0.864567 0.499312
    outer loop
      vertex -43.8127 6.52272 33.7077
      vertex -44 6.43035 33.8889
      vertex -43.8264 6.41897 33.8889
    endloop
  endfacet
  facet normal 0.40864 0.828897 0.382025
    outer loop
      vertex -43.4202 6.49976 33.5143
      vertex -43.4509 6.42576 33.7077
      vertex -43.2825 6.34274 33.7077
    endloop
  endfacet
  facet normal 0.383134 0.777158 0.499233
    outer loop
      vertex -43.4509 6.42576 33.7077
      vertex -43.4909 6.32908 33.8889
      vertex -43.2825 6.34274 33.7077
    endloop
  endfacet
  facet normal 0.278592 0.820447 0.499252
    outer loop
      vertex -43.4509 6.42576 33.7077
      vertex -43.6286 6.4861 33.7077
      vertex -43.4909 6.32908 33.8889
    endloop
  endfacet
  facet normal -0.51343 0.768514 0.381806
    outer loop
      vertex -44.7575 6.4121 33.5143
      vertex -44.9223 6.302 33.5143
      vertex -44.7175 6.34274 33.7077
    endloop
  endfacet
  facet normal 0.0631625 0.964008 0.258261
    outer loop
      vertex -44 6.66926 33.3121
      vertex -44 6.61509 33.5143
      vertex -43.8022 6.60213 33.5143
    endloop
  endfacet
  facet normal 0.0648783 0.989357 0.130243
    outer loop
      vertex -43.7916 6.68291 33.1046
      vertex -44 6.66926 33.3121
      vertex -43.7952 6.65583 33.3121
    endloop
  endfacet
  facet normal 0.0648498 0.989363 -0.130214
    outer loop
      vertex -43.7916 6.68291 32.8954
      vertex -44 6.66926 32.6879
      vertex -44 6.69657 32.8954
    endloop
  endfacet
  facet normal -0.0648498 0.989363 -0.130214
    outer loop
      vertex -44 6.66926 32.6879
      vertex -44.2084 6.68291 32.8954
      vertex -44 6.69657 32.8954
    endloop
  endfacet
  facet normal 0.0654067 0.997859 -0
    outer loop
      vertex -43.7916 6.68291 32.8954
      vertex -44 6.69657 33.1046
      vertex -43.7916 6.68291 33.1046
    endloop
  endfacet
  facet normal 0.0654067 0.997859 0
    outer loop
      vertex -44 6.69657 33.1046
      vertex -43.7916 6.68291 32.8954
      vertex -44 6.69657 32.8954
    endloop
  endfacet
  facet normal 0.310473 0.914847 0.258189
    outer loop
      vertex -43.3995 6.5498 33.3121
      vertex -43.6079 6.56346 33.5143
      vertex -43.4202 6.49976 33.5143
    endloop
  endfacet
  facet normal 0.442304 0.896865 -0
    outer loop
      vertex -43.2017 6.48267 32.8954
      vertex -43.389 6.57504 33.1046
      vertex -43.2017 6.48267 33.1046
    endloop
  endfacet
  facet normal 0.442304 0.896865 0
    outer loop
      vertex -43.389 6.57504 33.1046
      vertex -43.2017 6.48267 32.8954
      vertex -43.389 6.57504 32.8954
    endloop
  endfacet
  facet normal -0.193377 0.972438 -0.130264
    outer loop
      vertex -44.2048 6.65583 32.6879
      vertex -44.4062 6.61578 32.6879
      vertex -44.2084 6.68291 32.8954
    endloop
  endfacet
  facet normal -0.0632166 0.964018 -0.258211
    outer loop
      vertex -44.1978 6.60213 32.4857
      vertex -44.2048 6.65583 32.6879
      vertex -44 6.66926 32.6879
    endloop
  endfacet
  facet normal 0.637042 0.726286 0.258237
    outer loop
      vertex -42.8904 6.20963 33.3121
      vertex -43.0447 6.34497 33.3121
      vertex -42.9287 6.17133 33.5143
    endloop
  endfacet
  facet normal 0.636971 0.726323 0.258309
    outer loop
      vertex -43.0447 6.34497 33.3121
      vertex -43.0777 6.302 33.5143
      vertex -42.9287 6.17133 33.5143
    endloop
  endfacet
  facet normal 0.571354 0.651326 0.499329
    outer loop
      vertex -42.9853 6.1147 33.7077
      vertex -43.1901 6.15544 33.8889
      vertex -43.0593 6.0407 33.8889
    endloop
  endfacet
  facet normal 0.523795 0.596622 0.608013
    outer loop
      vertex -43.0593 6.0407 33.8889
      vertex -43.1592 6 34.0149
      vertex -43.1 6 33.9639
    endloop
  endfacet
  facet normal 0.523593 0.596879 0.607936
    outer loop
      vertex -43.1592 6 34.0149
      vertex -43.0593 6.0407 33.8889
      vertex -43.1901 6.15544 33.8889
    endloop
  endfacet
  facet normal 0.393225 0.588518 0.706414
    outer loop
      vertex -43.2677 6.05436 34.055
      vertex -43.3703 6 34.1574
      vertex -43.3094 6 34.1235
    endloop
  endfacet
  facet normal 0.393288 0.588447 0.706438
    outer loop
      vertex -43.3703 6 34.1574
      vertex -43.2677 6.05436 34.055
      vertex -43.3985 6.14178 34.055
    endloop
  endfacet
  facet normal 0.466626 0.532208 0.70641
    outer loop
      vertex -43.2677 6.05436 34.055
      vertex -43.3094 6 34.1235
      vertex -43.2057 6 34.055
    endloop
  endfacet
  facet normal 0.831267 0.555873 0
    outer loop
      vertex -42.6853 6 33.1046
      vertex -42.7334 6.07193 32.8954
      vertex -42.7334 6.07193 33.1046
    endloop
  endfacet
  facet normal 0.831267 0.555873 0
    outer loop
      vertex -42.7334 6.07193 32.8954
      vertex -42.6853 6 33.1046
      vertex -42.6853 6 32.8954
    endloop
  endfacet
  facet normal 0.427264 0.866482 -0.258176
    outer loop
      vertex -43.2154 6.45902 32.6879
      vertex -43.4202 6.49976 32.4857
      vertex -43.3995 6.5498 32.6879
    endloop
  endfacet
  facet normal 0.438484 0.889236 -0.130354
    outer loop
      vertex -43.2154 6.45902 32.6879
      vertex -43.3995 6.5498 32.6879
      vertex -43.389 6.57504 32.8954
    endloop
  endfacet
  facet normal 0.536691 0.803272 -0.258296
    outer loop
      vertex -43.0777 6.302 32.4857
      vertex -43.2154 6.45902 32.6879
      vertex -43.0447 6.34497 32.6879
    endloop
  endfacet
  facet normal 0.481293 0.720463 -0.499289
    outer loop
      vertex -43.1901 6.15544 32.1111
      vertex -43.2825 6.34274 32.2923
      vertex -43.1264 6.23846 32.2923
    endloop
  endfacet
  facet normal 0.297146 0.875088 -0.382001
    outer loop
      vertex -43.4509 6.42576 32.2923
      vertex -43.6286 6.4861 32.2923
      vertex -43.4202 6.49976 32.4857
    endloop
  endfacet
  facet normal 0.40864 0.828897 -0.382025
    outer loop
      vertex -43.2825 6.34274 32.2923
      vertex -43.4509 6.42576 32.2923
      vertex -43.4202 6.49976 32.4857
    endloop
  endfacet
  facet normal 0.193377 0.972438 -0.130264
    outer loop
      vertex -43.5938 6.61578 32.6879
      vertex -43.7952 6.65583 32.6879
      vertex -43.7916 6.68291 32.8954
    endloop
  endfacet
  facet normal 0.188427 0.947546 -0.258171
    outer loop
      vertex -43.5938 6.61578 32.6879
      vertex -43.8022 6.60213 32.4857
      vertex -43.7952 6.65583 32.6879
    endloop
  endfacet
  facet normal 0.351143 0.712234 -0.607801
    outer loop
      vertex -43.3985 6.14178 31.945
      vertex -43.4909 6.32908 32.1111
      vertex -43.3348 6.25212 32.1111
    endloop
  endfacet
  facet normal 0.441251 0.660211 -0.607799
    outer loop
      vertex -43.2677 6.05436 31.945
      vertex -43.3985 6.14178 31.945
      vertex -43.3348 6.25212 32.1111
    endloop
  endfacet
  facet normal -0.278491 0.820439 -0.499322
    outer loop
      vertex -44.3443 6.38502 32.1111
      vertex -44.5091 6.32908 32.1111
      vertex -44.3714 6.4861 32.2923
    endloop
  endfacet
  facet normal -0.255234 0.751923 -0.607838
    outer loop
      vertex -44.3113 6.26195 31.945
      vertex -44.5091 6.32908 32.1111
      vertex -44.3443 6.38502 32.1111
    endloop
  endfacet
  facet normal -0.180306 0.906453 -0.38188
    outer loop
      vertex -44.3714 6.4861 32.2923
      vertex -44.3921 6.56346 32.4857
      vertex -44.1873 6.52272 32.2923
    endloop
  endfacet
  facet normal 0.51341 0.76854 -0.381779
    outer loop
      vertex -43.1264 6.23846 32.2923
      vertex -43.2825 6.34274 32.2923
      vertex -43.0777 6.302 32.4857
    endloop
  endfacet
  facet normal 0.51343 0.768514 -0.381806
    outer loop
      vertex -43.0777 6.302 32.4857
      vertex -43.2825 6.34274 32.2923
      vertex -43.2425 6.4121 32.4857
    endloop
  endfacet
  facet normal 0.571354 0.651326 -0.499329
    outer loop
      vertex -43.0593 6.0407 32.1111
      vertex -43.1901 6.15544 32.1111
      vertex -42.9853 6.1147 32.2923
    endloop
  endfacet
  facet normal 0.726207 0.637131 -0.258239
    outer loop
      vertex -42.755 6.0553 32.6879
      vertex -42.9287 6.17133 32.4857
      vertex -42.8904 6.20963 32.6879
    endloop
  endfacet
  facet normal 0.745326 0.653905 -0.129993
    outer loop
      vertex -42.755 6.0553 32.6879
      vertex -42.8904 6.20963 32.6879
      vertex -42.7334 6.07193 32.8954
    endloop
  endfacet
  facet normal 0.751847 0.659338 0
    outer loop
      vertex -42.7334 6.07193 33.1046
      vertex -42.8711 6.22895 32.8954
      vertex -42.8711 6.22895 33.1046
    endloop
  endfacet
  facet normal 0.751847 0.659338 0
    outer loop
      vertex -42.8711 6.22895 32.8954
      vertex -42.7334 6.07193 33.1046
      vertex -42.7334 6.07193 32.8954
    endloop
  endfacet
  facet normal 0.138094 0.694063 0.706546
    outer loop
      vertex -43.843 6.29265 34.055
      vertex -43.8623 6.14593 34.2029
      vertex -43.727 6.11901 34.2029
    endloop
  endfacet
  facet normal -0.0519338 0.792382 0.607811
    outer loop
      vertex -44 6.43035 33.8889
      vertex -44.157 6.29265 34.055
      vertex -44 6.30294 34.055
    endloop
  endfacet
  facet normal 0.154953 0.778802 0.60783
    outer loop
      vertex -43.6557 6.38502 33.8889
      vertex -43.843 6.29265 34.055
      vertex -43.6887 6.26195 34.055
    endloop
  endfacet
  facet normal 0.255234 0.751923 0.607838
    outer loop
      vertex -43.6557 6.38502 33.8889
      vertex -43.6887 6.26195 34.055
      vertex -43.4909 6.32908 33.8889
    endloop
  endfacet
  facet normal 0.0519433 0.792386 0.607805
    outer loop
      vertex -43.8264 6.41897 33.8889
      vertex -44 6.43035 33.8889
      vertex -43.843 6.29265 34.055
    endloop
  endfacet
  facet normal 0.0566835 0.864562 0.499318
    outer loop
      vertex -44 6.535 33.7077
      vertex -44 6.43035 33.8889
      vertex -43.8127 6.52272 33.7077
    endloop
  endfacet
  facet normal 0.0398273 0.608287 0.792717
    outer loop
      vertex -44 6.15495 34.2029
      vertex -44 6 34.3218
      vertex -43.8965 6 34.3166
    endloop
  endfacet
  facet normal -0.351023 0.712235 0.607869
    outer loop
      vertex -44.5091 6.32908 33.8889
      vertex -44.6015 6.14178 34.055
      vertex -44.4603 6.21137 34.055
    endloop
  endfacet
  facet normal -0.0398462 0.608295 0.79271
    outer loop
      vertex -44.1377 6.14593 34.2029
      vertex -44.1035 6 34.3166
      vertex -44 6.15495 34.2029
    endloop
  endfacet
  facet normal -0.0369822 0.608782 0.792475
    outer loop
      vertex -44.1035 6 34.3166
      vertex -44.1377 6.14593 34.2029
      vertex -44.1185 6 34.3159
    endloop
  endfacet
  facet normal -0.831267 0.555873 0
    outer loop
      vertex -45.3147 6 32.8954
      vertex -45.2666 6.07193 33.1046
      vertex -45.2666 6.07193 32.8954
    endloop
  endfacet
  facet normal -0.831267 0.555873 0
    outer loop
      vertex -45.2666 6.07193 33.1046
      vertex -45.3147 6 32.8954
      vertex -45.3147 6 33.1046
    endloop
  endfacet
  facet normal -0.51341 0.76854 -0.381779
    outer loop
      vertex -44.8736 6.23846 32.2923
      vertex -44.9223 6.302 32.4857
      vertex -44.7175 6.34274 32.2923
    endloop
  endfacet
  facet normal -0.51343 0.768514 -0.381806
    outer loop
      vertex -44.7175 6.34274 32.2923
      vertex -44.9223 6.302 32.4857
      vertex -44.7575 6.4121 32.4857
    endloop
  endfacet
  facet normal -0.523795 0.596622 -0.608013
    outer loop
      vertex -44.9407 6.0407 32.1111
      vertex -44.8408 6 31.9851
      vertex -44.9 6 32.0361
    endloop
  endfacet
  facet normal -0.523593 0.596879 -0.607936
    outer loop
      vertex -44.8408 6 31.9851
      vertex -44.9407 6.0407 32.1111
      vertex -44.8099 6.15544 32.1111
    endloop
  endfacet
  facet normal -0.609461 0.694852 -0.381756
    outer loop
      vertex -44.8736 6.23846 32.2923
      vertex -45.0147 6.1147 32.2923
      vertex -44.9223 6.302 32.4857
    endloop
  endfacet
  facet normal -0.481362 0.72045 -0.499241
    outer loop
      vertex -44.6652 6.25212 32.1111
      vertex -44.8099 6.15544 32.1111
      vertex -44.7175 6.34274 32.2923
    endloop
  endfacet
  facet normal -0.351023 0.712235 -0.607869
    outer loop
      vertex -44.4603 6.21137 31.945
      vertex -44.6015 6.14178 31.945
      vertex -44.5091 6.32908 32.1111
    endloop
  endfacet
  facet normal -0.338767 0.507405 -0.792324
    outer loop
      vertex -44.5196 6 31.785
      vertex -44.5479 6 31.7971
      vertex -44.5275 6.01362 31.7971
    endloop
  endfacet
  facet normal -0.196175 0.577174 -0.792708
    outer loop
      vertex -44.4037 6.07465 31.7971
      vertex -44.3134 6 31.7204
      vertex -44.3728 6 31.7351
    endloop
  endfacet
  facet normal -0.195957 0.577357 -0.792628
    outer loop
      vertex -44.3134 6 31.7204
      vertex -44.4037 6.07465 31.7971
      vertex -44.273 6.11901 31.7971
    endloop
  endfacet
  facet normal -0.694921 0.609495 -0.381577
    outer loop
      vertex -45.1729 6 32.3972
      vertex -45.0147 6.1147 32.2923
      vertex -45.1153 6 32.2923
    endloop
  endfacet
  facet normal -0.694991 0.60903 -0.382191
    outer loop
      vertex -45.0147 6.1147 32.2923
      vertex -45.1729 6 32.3972
      vertex -45.202 6.02233 32.4857
    endloop
  endfacet
  facet normal -0.76868 0.512912 -0.382168
    outer loop
      vertex -45.1729 6 32.3972
      vertex -45.2169 6 32.4857
      vertex -45.202 6.02233 32.4857
    endloop
  endfacet
  facet normal 0.0519338 0.792382 -0.607811
    outer loop
      vertex -43.843 6.29265 31.945
      vertex -44 6.30294 31.945
      vertex -44 6.43035 32.1111
    endloop
  endfacet
  facet normal 0.0462561 0.706149 -0.706551
    outer loop
      vertex -43.8623 6.14593 31.7971
      vertex -44 6.15495 31.7971
      vertex -43.843 6.29265 31.945
    endloop
  endfacet
  facet normal 0.651341 0.571337 -0.499328
    outer loop
      vertex -42.9625 6 32.1908
      vertex -43.0593 6.0407 32.1111
      vertex -42.9853 6.1147 32.2923
    endloop
  endfacet
  facet normal 0.651344 0.571326 -0.499337
    outer loop
      vertex -43.0593 6.0407 32.1111
      vertex -42.9625 6 32.1908
      vertex -43.0236 6 32.1111
    endloop
  endfacet
  facet normal -0.269831 0.547313 -0.792237
    outer loop
      vertex -44.5275 6.01362 31.7971
      vertex -44.4186 6 31.7506
      vertex -44.5196 6 31.785
    endloop
  endfacet
  facet normal -0.269822 0.547337 -0.792223
    outer loop
      vertex -44.4186 6 31.7506
      vertex -44.5275 6.01362 31.7971
      vertex -44.4037 6.07465 31.7971
    endloop
  endfacet
  facet normal -0.312836 0.634753 -0.706557
    outer loop
      vertex -44.5275 6.01362 31.7971
      vertex -44.6015 6.14178 31.945
      vertex -44.4603 6.21137 31.945
    endloop
  endfacet
  facet normal -0.408883 0.828868 -0.381828
    outer loop
      vertex -44.7175 6.34274 32.2923
      vertex -44.7575 6.4121 32.4857
      vertex -44.5798 6.49976 32.4857
    endloop
  endfacet
  facet normal -0.636971 0.726323 -0.258309
    outer loop
      vertex -44.9223 6.302 32.4857
      vertex -45.0713 6.17133 32.4857
      vertex -44.9553 6.34497 32.6879
    endloop
  endfacet
  facet normal -0.310473 0.914847 0.258189
    outer loop
      vertex -44.3921 6.56346 33.5143
      vertex -44.6005 6.5498 33.3121
      vertex -44.5798 6.49976 33.5143
    endloop
  endfacet
  facet normal -0.659386 0.751805 0
    outer loop
      vertex -44.9719 6.36665 32.8954
      vertex -45.1289 6.22895 33.1046
      vertex -44.9719 6.36665 33.1046
    endloop
  endfacet
  facet normal -0.659386 0.751805 0
    outer loop
      vertex -45.1289 6.22895 33.1046
      vertex -44.9719 6.36665 32.8954
      vertex -45.1289 6.22895 32.8954
    endloop
  endfacet
  facet normal -0.438484 0.889236 0.130354
    outer loop
      vertex -44.611 6.57504 33.1046
      vertex -44.7846 6.45902 33.3121
      vertex -44.6005 6.5498 33.3121
    endloop
  endfacet
  facet normal -0.694991 0.60903 0.382191
    outer loop
      vertex -45.1729 6 33.6028
      vertex -45.0147 6.1147 33.7077
      vertex -45.202 6.02233 33.5143
    endloop
  endfacet
  facet normal -0.694921 0.609495 0.381577
    outer loop
      vertex -45.0147 6.1147 33.7077
      vertex -45.1729 6 33.6028
      vertex -45.1153 6 33.7077
    endloop
  endfacet
  facet normal -0.53666 0.803283 0.258326
    outer loop
      vertex -44.7846 6.45902 33.3121
      vertex -44.9223 6.302 33.5143
      vertex -44.7575 6.4121 33.5143
    endloop
  endfacet
  facet normal 0.297146 0.875088 0.382001
    outer loop
      vertex -43.4202 6.49976 33.5143
      vertex -43.6286 6.4861 33.7077
      vertex -43.4509 6.42576 33.7077
    endloop
  endfacet
  facet normal 0.438484 0.889236 0.130354
    outer loop
      vertex -43.389 6.57504 33.1046
      vertex -43.3995 6.5498 33.3121
      vertex -43.2154 6.45902 33.3121
    endloop
  endfacet
  facet normal 0.51341 0.76854 0.381779
    outer loop
      vertex -43.0777 6.302 33.5143
      vertex -43.2825 6.34274 33.7077
      vertex -43.1264 6.23846 33.7077
    endloop
  endfacet
  facet normal 0.481293 0.720463 0.499289
    outer loop
      vertex -43.1264 6.23846 33.7077
      vertex -43.2825 6.34274 33.7077
      vertex -43.1901 6.15544 33.8889
    endloop
  endfacet
  facet normal 0.0648498 0.989363 0.130214
    outer loop
      vertex -44 6.69657 33.1046
      vertex -44 6.66926 33.3121
      vertex -43.7916 6.68291 33.1046
    endloop
  endfacet
  facet normal 0.193377 0.972438 0.130264
    outer loop
      vertex -43.7916 6.68291 33.1046
      vertex -43.7952 6.65583 33.3121
      vertex -43.5938 6.61578 33.3121
    endloop
  endfacet
  facet normal 0.318638 0.938874 0.130327
    outer loop
      vertex -43.389 6.57504 33.1046
      vertex -43.5868 6.64217 33.1046
      vertex -43.3995 6.5498 33.3121
    endloop
  endfacet
  facet normal 0.318809 0.93884 0.130157
    outer loop
      vertex -43.5868 6.64217 33.1046
      vertex -43.5938 6.61578 33.3121
      vertex -43.3995 6.5498 33.3121
    endloop
  endfacet
  facet normal -0.188427 0.947546 -0.258171
    outer loop
      vertex -44.1978 6.60213 32.4857
      vertex -44.4062 6.61578 32.6879
      vertex -44.2048 6.65583 32.6879
    endloop
  endfacet
  facet normal -0.310628 0.914747 -0.258355
    outer loop
      vertex -44.3921 6.56346 32.4857
      vertex -44.6005 6.5498 32.6879
      vertex -44.4062 6.61578 32.6879
    endloop
  endfacet
  facet normal -0.0631625 0.964008 -0.258261
    outer loop
      vertex -44 6.61509 32.4857
      vertex -44.1978 6.60213 32.4857
      vertex -44 6.66926 32.6879
    endloop
  endfacet
  facet normal 0.0631625 0.964008 -0.258261
    outer loop
      vertex -43.8022 6.60213 32.4857
      vertex -44 6.61509 32.4857
      vertex -44 6.66926 32.6879
    endloop
  endfacet
  facet normal -0.180394 0.906401 -0.381962
    outer loop
      vertex -44.1873 6.52272 32.2923
      vertex -44.3921 6.56346 32.4857
      vertex -44.1978 6.60213 32.4857
    endloop
  endfacet
  facet normal -0.297015 0.875191 -0.381867
    outer loop
      vertex -44.3714 6.4861 32.2923
      vertex -44.5798 6.49976 32.4857
      vertex -44.3921 6.56346 32.4857
    endloop
  endfacet
  facet normal 0.466626 0.532208 -0.70641
    outer loop
      vertex -43.2057 6 31.945
      vertex -43.3094 6 31.8765
      vertex -43.2677 6.05436 31.945
    endloop
  endfacet
  facet normal 0.524037 0.596756 -0.607674
    outer loop
      vertex -43.2057 6 31.945
      vertex -43.1901 6.15544 32.1111
      vertex -43.1592 6 31.9851
    endloop
  endfacet
  facet normal 0.523468 0.597039 -0.607886
    outer loop
      vertex -43.1901 6.15544 32.1111
      vertex -43.2057 6 31.945
      vertex -43.2677 6.05436 31.945
    endloop
  endfacet
  facet normal 0.383134 0.777158 -0.499233
    outer loop
      vertex -43.2825 6.34274 32.2923
      vertex -43.4909 6.32908 32.1111
      vertex -43.4509 6.42576 32.2923
    endloop
  endfacet
  facet normal 0.138093 0.694062 -0.706546
    outer loop
      vertex -43.727 6.11901 31.7971
      vertex -43.843 6.29265 31.945
      vertex -43.6887 6.26195 31.945
    endloop
  endfacet
  facet normal 0.351023 0.712235 -0.607869
    outer loop
      vertex -43.3985 6.14178 31.945
      vertex -43.5397 6.21137 31.945
      vertex -43.4909 6.32908 32.1111
    endloop
  endfacet
  facet normal 0.393014 0.588482 -0.706562
    outer loop
      vertex -43.4521 6 31.7971
      vertex -43.3985 6.14178 31.945
      vertex -43.3703 6 31.8426
    endloop
  endfacet
  facet normal 0.392928 0.588526 -0.706573
    outer loop
      vertex -43.3985 6.14178 31.945
      vertex -43.4521 6 31.7971
      vertex -43.4725 6.01362 31.7971
    endloop
  endfacet
  facet normal -0.255246 0.751911 -0.607848
    outer loop
      vertex -44.4603 6.21137 31.945
      vertex -44.5091 6.32908 32.1111
      vertex -44.3113 6.26195 31.945
    endloop
  endfacet
  facet normal -0.169031 0.849773 -0.499314
    outer loop
      vertex -44.3443 6.38502 32.1111
      vertex -44.3714 6.4861 32.2923
      vertex -44.1873 6.52272 32.2923
    endloop
  endfacet
  facet normal 0.0398273 0.608287 -0.792717
    outer loop
      vertex -43.8965 6 31.6834
      vertex -44 6 31.6782
      vertex -44 6.15495 31.7971
    endloop
  endfacet
  facet normal 0.80357 0.536198 -0.258392
    outer loop
      vertex -42.7363 6 32.6313
      vertex -42.755 6.0553 32.6879
      vertex -42.7181 6 32.6879
    endloop
  endfacet
  facet normal 0.76868 0.512912 -0.382168
    outer loop
      vertex -42.7831 6 32.4857
      vertex -42.8271 6 32.3972
      vertex -42.798 6.02233 32.4857
    endloop
  endfacet
  facet normal 0.824403 0.550879 -0.129967
    outer loop
      vertex -42.6979 6 32.8157
      vertex -42.755 6.0553 32.6879
      vertex -42.7334 6.07193 32.8954
    endloop
  endfacet
  facet normal 0.824721 0.550311 -0.130355
    outer loop
      vertex -42.755 6.0553 32.6879
      vertex -42.6979 6 32.8157
      vertex -42.7181 6 32.6879
    endloop
  endfacet
  facet normal -0.392928 0.588526 0.706573
    outer loop
      vertex -44.6015 6.14178 34.055
      vertex -44.5479 6 34.2029
      vertex -44.5275 6.01362 34.2029
    endloop
  endfacet
  facet normal -0.393014 0.588482 0.706562
    outer loop
      vertex -44.5479 6 34.2029
      vertex -44.6015 6.14178 34.055
      vertex -44.6297 6 34.1574
    endloop
  endfacet
  facet normal 0.351023 0.712235 0.607869
    outer loop
      vertex -43.4909 6.32908 33.8889
      vertex -43.5397 6.21137 34.055
      vertex -43.3985 6.14178 34.055
    endloop
  endfacet
  facet normal 0.196175 0.577174 0.792708
    outer loop
      vertex -43.5963 6.07465 34.2029
      vertex -43.6866 6 34.2796
      vertex -43.6272 6 34.2649
    endloop
  endfacet
  facet normal 0.195957 0.577357 0.792628
    outer loop
      vertex -43.6866 6 34.2796
      vertex -43.5963 6.07465 34.2029
      vertex -43.727 6.11901 34.2029
    endloop
  endfacet
  facet normal -0.0462561 0.706149 0.706551
    outer loop
      vertex -44 6.15495 34.2029
      vertex -44.157 6.29265 34.055
      vertex -44.1377 6.14593 34.2029
    endloop
  endfacet
  facet normal 0.119009 0.59814 0.792506
    outer loop
      vertex -43.8623 6.14593 34.2029
      vertex -43.8627 6 34.3131
      vertex -43.727 6.11901 34.2029
    endloop
  endfacet
  facet normal 0.118046 0.598211 0.792596
    outer loop
      vertex -43.8627 6 34.3131
      vertex -43.8623 6.14593 34.2029
      vertex -43.8815 6 34.3159
    endloop
  endfacet
  facet normal 0.154901 0.778841 0.607794
    outer loop
      vertex -43.8264 6.41897 33.8889
      vertex -43.843 6.29265 34.055
      vertex -43.6557 6.38502 33.8889
    endloop
  endfacet
  facet normal 0.169008 0.849768 0.499331
    outer loop
      vertex -43.8127 6.52272 33.7077
      vertex -43.8264 6.41897 33.8889
      vertex -43.6557 6.38502 33.8889
    endloop
  endfacet
  facet normal -0.571329 0.651378 0.499289
    outer loop
      vertex -44.8736 6.23846 33.7077
      vertex -45.0147 6.1147 33.7077
      vertex -44.8099 6.15544 33.8889
    endloop
  endfacet
  facet normal 0.0519338 0.792382 0.607811
    outer loop
      vertex -44 6.43035 33.8889
      vertex -44 6.30294 34.055
      vertex -43.843 6.29265 34.055
    endloop
  endfacet
  facet normal -0.180306 0.906453 0.38188
    outer loop
      vertex -44.1873 6.52272 33.7077
      vertex -44.3921 6.56346 33.5143
      vertex -44.3714 6.4861 33.7077
    endloop
  endfacet
  facet normal -0.383134 0.777158 0.499233
    outer loop
      vertex -44.5491 6.42576 33.7077
      vertex -44.7175 6.34274 33.7077
      vertex -44.5091 6.32908 33.8889
    endloop
  endfacet
  facet normal -0.408883 0.828868 0.381828
    outer loop
      vertex -44.5798 6.49976 33.5143
      vertex -44.7575 6.4121 33.5143
      vertex -44.7175 6.34274 33.7077
    endloop
  endfacet
  facet normal -0.154953 0.778802 0.60783
    outer loop
      vertex -44.157 6.29265 34.055
      vertex -44.3443 6.38502 33.8889
      vertex -44.3113 6.26195 34.055
    endloop
  endfacet
  facet normal -0.138093 0.694062 0.706546
    outer loop
      vertex -44.157 6.29265 34.055
      vertex -44.3113 6.26195 34.055
      vertex -44.273 6.11901 34.2029
    endloop
  endfacet
  facet normal -0.383134 0.777158 -0.499233
    outer loop
      vertex -44.5091 6.32908 32.1111
      vertex -44.7175 6.34274 32.2923
      vertex -44.5491 6.42576 32.2923
    endloop
  endfacet
  facet normal -0.40864 0.828897 -0.382025
    outer loop
      vertex -44.5491 6.42576 32.2923
      vertex -44.7175 6.34274 32.2923
      vertex -44.5798 6.49976 32.4857
    endloop
  endfacet
  facet normal -0.393225 0.588518 -0.706414
    outer loop
      vertex -44.7323 6.05436 31.945
      vertex -44.6297 6 31.8426
      vertex -44.6906 6 31.8765
    endloop
  endfacet
  facet normal -0.393288 0.588447 -0.706438
    outer loop
      vertex -44.6297 6 31.8426
      vertex -44.7323 6.05436 31.945
      vertex -44.6015 6.14178 31.945
    endloop
  endfacet
  facet normal -0.466626 0.532208 -0.70641
    outer loop
      vertex -44.6906 6 31.8765
      vertex -44.7943 6 31.945
      vertex -44.7323 6.05436 31.945
    endloop
  endfacet
  facet normal -0.481293 0.720463 -0.499289
    outer loop
      vertex -44.8099 6.15544 32.1111
      vertex -44.8736 6.23846 32.2923
      vertex -44.7175 6.34274 32.2923
    endloop
  endfacet
  facet normal -0.571329 0.651378 -0.499289
    outer loop
      vertex -44.8099 6.15544 32.1111
      vertex -45.0147 6.1147 32.2923
      vertex -44.8736 6.23846 32.2923
    endloop
  endfacet
  facet normal -0.441251 0.660211 -0.607799
    outer loop
      vertex -44.6015 6.14178 31.945
      vertex -44.7323 6.05436 31.945
      vertex -44.6652 6.25212 32.1111
    endloop
  endfacet
  facet normal -0.392928 0.588526 -0.706573
    outer loop
      vertex -44.5479 6 31.7971
      vertex -44.6015 6.14178 31.945
      vertex -44.5275 6.01362 31.7971
    endloop
  endfacet
  facet normal -0.393014 0.588482 -0.706562
    outer loop
      vertex -44.6015 6.14178 31.945
      vertex -44.5479 6 31.7971
      vertex -44.6297 6 31.8426
    endloop
  endfacet
  facet normal 0.338767 0.507405 -0.792324
    outer loop
      vertex -43.4521 6 31.7971
      vertex -43.4804 6 31.785
      vertex -43.4725 6.01362 31.7971
    endloop
  endfacet
  facet normal 0.269831 0.547313 -0.792237
    outer loop
      vertex -43.5814 6 31.7506
      vertex -43.4725 6.01362 31.7971
      vertex -43.4804 6 31.785
    endloop
  endfacet
  facet normal 0.269822 0.547337 -0.792223
    outer loop
      vertex -43.4725 6.01362 31.7971
      vertex -43.5814 6 31.7506
      vertex -43.5963 6.07465 31.7971
    endloop
  endfacet
  facet normal -0.227448 0.670141 -0.706526
    outer loop
      vertex -44.4037 6.07465 31.7971
      vertex -44.4603 6.21137 31.945
      vertex -44.273 6.11901 31.7971
    endloop
  endfacet
  facet normal -0.196468 0.57742 -0.792456
    outer loop
      vertex -44.2412 6 31.7025
      vertex -44.3134 6 31.7204
      vertex -44.273 6.11901 31.7971
    endloop
  endfacet
  facet normal -0.53666 0.803283 -0.258326
    outer loop
      vertex -44.7575 6.4121 32.4857
      vertex -44.9223 6.302 32.4857
      vertex -44.7846 6.45902 32.6879
    endloop
  endfacet
  facet normal -0.427387 0.866378 -0.258322
    outer loop
      vertex -44.7575 6.4121 32.4857
      vertex -44.7846 6.45902 32.6879
      vertex -44.5798 6.49976 32.4857
    endloop
  endfacet
  facet normal -0.0654067 0.997859 0
    outer loop
      vertex -44 6.69657 32.8954
      vertex -44.2084 6.68291 33.1046
      vertex -44 6.69657 33.1046
    endloop
  endfacet
  facet normal -0.0654067 0.997859 0
    outer loop
      vertex -44.2084 6.68291 33.1046
      vertex -44 6.69657 32.8954
      vertex -44.2084 6.68291 32.8954
    endloop
  endfacet
  facet normal -0.188427 0.947546 0.258171
    outer loop
      vertex -44.2048 6.65583 33.3121
      vertex -44.4062 6.61578 33.3121
      vertex -44.1978 6.60213 33.5143
    endloop
  endfacet
  facet normal -0.193377 0.972438 0.130264
    outer loop
      vertex -44.2084 6.68291 33.1046
      vertex -44.4062 6.61578 33.3121
      vertex -44.2048 6.65583 33.3121
    endloop
  endfacet
  facet normal -0.536691 0.803272 -0.258296
    outer loop
      vertex -44.9223 6.302 32.4857
      vertex -44.9553 6.34497 32.6879
      vertex -44.7846 6.45902 32.6879
    endloop
  endfacet
  facet normal -0.550911 0.824325 0.130327
    outer loop
      vertex -44.7983 6.48267 33.1046
      vertex -44.9719 6.36665 33.1046
      vertex -44.7846 6.45902 33.3121
    endloop
  endfacet
  facet normal -0.637042 0.726286 0.258237
    outer loop
      vertex -44.9553 6.34497 33.3121
      vertex -45.1096 6.20963 33.3121
      vertex -45.0713 6.17133 33.5143
    endloop
  endfacet
  facet normal -0.653794 0.745385 0.130212
    outer loop
      vertex -44.9553 6.34497 33.3121
      vertex -45.1289 6.22895 33.1046
      vertex -45.1096 6.20963 33.3121
    endloop
  endfacet
  facet normal 0.169031 0.849773 0.499314
    outer loop
      vertex -43.6286 6.4861 33.7077
      vertex -43.8127 6.52272 33.7077
      vertex -43.6557 6.38502 33.8889
    endloop
  endfacet
  facet normal 0.278491 0.820439 0.499322
    outer loop
      vertex -43.6286 6.4861 33.7077
      vertex -43.6557 6.38502 33.8889
      vertex -43.4909 6.32908 33.8889
    endloop
  endfacet
  facet normal 0.481362 0.72045 0.499241
    outer loop
      vertex -43.2825 6.34274 33.7077
      vertex -43.3348 6.25212 33.8889
      vertex -43.1901 6.15544 33.8889
    endloop
  endfacet
  facet normal 0.383146 0.777144 0.499246
    outer loop
      vertex -43.2825 6.34274 33.7077
      vertex -43.4909 6.32908 33.8889
      vertex -43.3348 6.25212 33.8889
    endloop
  endfacet
  facet normal 0.571329 0.651378 0.499289
    outer loop
      vertex -43.1264 6.23846 33.7077
      vertex -43.1901 6.15544 33.8889
      vertex -42.9853 6.1147 33.7077
    endloop
  endfacet
  facet normal 0.609461 0.694852 0.381756
    outer loop
      vertex -43.0777 6.302 33.5143
      vertex -43.1264 6.23846 33.7077
      vertex -42.9853 6.1147 33.7077
    endloop
  endfacet
  facet normal 0.0632166 0.964018 0.258211
    outer loop
      vertex -43.7952 6.65583 33.3121
      vertex -44 6.66926 33.3121
      vertex -43.8022 6.60213 33.5143
    endloop
  endfacet
  facet normal 0.188427 0.947546 0.258171
    outer loop
      vertex -43.7952 6.65583 33.3121
      vertex -43.8022 6.60213 33.5143
      vertex -43.5938 6.61578 33.3121
    endloop
  endfacet
  facet normal -0.195103 0.980783 0
    outer loop
      vertex -44.2084 6.68291 32.8954
      vertex -44.4132 6.64217 33.1046
      vertex -44.2084 6.68291 33.1046
    endloop
  endfacet
  facet normal -0.195103 0.980783 0
    outer loop
      vertex -44.4132 6.64217 33.1046
      vertex -44.2084 6.68291 32.8954
      vertex -44.4132 6.64217 32.8954
    endloop
  endfacet
  facet normal -0.318809 0.93884 -0.130157
    outer loop
      vertex -44.4062 6.61578 32.6879
      vertex -44.6005 6.5498 32.6879
      vertex -44.4132 6.64217 32.8954
    endloop
  endfacet
  facet normal -0.193442 0.972434 -0.130201
    outer loop
      vertex -44.4062 6.61578 32.6879
      vertex -44.4132 6.64217 32.8954
      vertex -44.2084 6.68291 32.8954
    endloop
  endfacet
  facet normal 0.180306 0.906453 -0.38188
    outer loop
      vertex -43.6286 6.4861 32.2923
      vertex -43.8127 6.52272 32.2923
      vertex -43.6079 6.56346 32.4857
    endloop
  endfacet
  facet normal 0.180394 0.906401 -0.381962
    outer loop
      vertex -43.6079 6.56346 32.4857
      vertex -43.8127 6.52272 32.2923
      vertex -43.8022 6.60213 32.4857
    endloop
  endfacet
  facet normal 0.046281 0.706134 -0.706564
    outer loop
      vertex -43.843 6.29265 31.945
      vertex -44 6.15495 31.7971
      vertex -44 6.30294 31.945
    endloop
  endfacet
  facet normal -0.138094 0.694063 -0.706546
    outer loop
      vertex -44.1377 6.14593 31.7971
      vertex -44.273 6.11901 31.7971
      vertex -44.157 6.29265 31.945
    endloop
  endfacet
  facet normal 0.297015 0.875191 -0.381867
    outer loop
      vertex -43.4202 6.49976 32.4857
      vertex -43.6286 6.4861 32.2923
      vertex -43.6079 6.56346 32.4857
    endloop
  endfacet
  facet normal 0.154901 0.778841 -0.607794
    outer loop
      vertex -43.6557 6.38502 32.1111
      vertex -43.843 6.29265 31.945
      vertex -43.8264 6.41897 32.1111
    endloop
  endfacet
  facet normal 0.0369822 0.608782 -0.792475
    outer loop
      vertex -43.8965 6 31.6834
      vertex -43.8623 6.14593 31.7971
      vertex -43.8815 6 31.6841
    endloop
  endfacet
  facet normal 0.0398462 0.608295 -0.79271
    outer loop
      vertex -43.8623 6.14593 31.7971
      vertex -43.8965 6 31.6834
      vertex -44 6.15495 31.7971
    endloop
  endfacet
  facet normal 0.119009 0.59814 -0.792506
    outer loop
      vertex -43.8627 6 31.6869
      vertex -43.8623 6.14593 31.7971
      vertex -43.727 6.11901 31.7971
    endloop
  endfacet
  facet normal 0.118046 0.598211 -0.792596
    outer loop
      vertex -43.8623 6.14593 31.7971
      vertex -43.8627 6 31.6869
      vertex -43.8815 6 31.6841
    endloop
  endfacet
  facet normal -0.0462561 0.706149 -0.706551
    outer loop
      vertex -44.1377 6.14593 31.7971
      vertex -44.157 6.29265 31.945
      vertex -44 6.15495 31.7971
    endloop
  endfacet
  facet normal -0.0519338 0.792382 -0.607811
    outer loop
      vertex -44 6.30294 31.945
      vertex -44.157 6.29265 31.945
      vertex -44 6.43035 32.1111
    endloop
  endfacet
  facet normal 0.651389 0.571314 -0.499291
    outer loop
      vertex -42.9625 6 32.1908
      vertex -42.9853 6.1147 32.2923
      vertex -42.8847 6 32.2923
    endloop
  endfacet
  facet normal 0.523795 0.596622 -0.608013
    outer loop
      vertex -43.1592 6 31.9851
      vertex -43.0593 6.0407 32.1111
      vertex -43.1 6 32.0361
    endloop
  endfacet
  facet normal 0.523593 0.596879 -0.607936
    outer loop
      vertex -43.0593 6.0407 32.1111
      vertex -43.1592 6 31.9851
      vertex -43.1901 6.15544 32.1111
    endloop
  endfacet
  facet normal -0.466626 0.532208 0.70641
    outer loop
      vertex -44.7323 6.05436 34.055
      vertex -44.7943 6 34.055
      vertex -44.6906 6 34.1235
    endloop
  endfacet
  facet normal -0.195957 0.577357 0.792628
    outer loop
      vertex -44.4037 6.07465 34.2029
      vertex -44.3134 6 34.2796
      vertex -44.273 6.11901 34.2029
    endloop
  endfacet
  facet normal -0.196175 0.577174 0.792708
    outer loop
      vertex -44.3134 6 34.2796
      vertex -44.4037 6.07465 34.2029
      vertex -44.3728 6 34.2649
    endloop
  endfacet
  facet normal 0.338767 0.507405 0.792324
    outer loop
      vertex -43.4725 6.01362 34.2029
      vertex -43.4804 6 34.215
      vertex -43.4521 6 34.2029
    endloop
  endfacet
  facet normal 0.393014 0.588482 0.706562
    outer loop
      vertex -43.3985 6.14178 34.055
      vertex -43.4521 6 34.2029
      vertex -43.3703 6 34.1574
    endloop
  endfacet
  facet normal 0.392928 0.588526 0.706573
    outer loop
      vertex -43.4521 6 34.2029
      vertex -43.3985 6.14178 34.055
      vertex -43.4725 6.01362 34.2029
    endloop
  endfacet
  facet normal 0.227448 0.670141 0.706526
    outer loop
      vertex -43.5397 6.21137 34.055
      vertex -43.727 6.11901 34.2029
      vertex -43.5963 6.07465 34.2029
    endloop
  endfacet
  facet normal 0.312916 0.634753 0.706521
    outer loop
      vertex -43.5397 6.21137 34.055
      vertex -43.5963 6.07465 34.2029
      vertex -43.4725 6.01362 34.2029
    endloop
  endfacet
  facet normal -0.118046 0.598211 0.792596
    outer loop
      vertex -44.1377 6.14593 34.2029
      vertex -44.1373 6 34.3131
      vertex -44.1185 6 34.3159
    endloop
  endfacet
  facet normal -0.119009 0.59814 0.792506
    outer loop
      vertex -44.1373 6 34.3131
      vertex -44.1377 6.14593 34.2029
      vertex -44.273 6.11901 34.2029
    endloop
  endfacet
  facet normal -0.523468 0.597039 0.607886
    outer loop
      vertex -44.8099 6.15544 33.8889
      vertex -44.7943 6 34.055
      vertex -44.7323 6.05436 34.055
    endloop
  endfacet
  facet normal -0.524037 0.596756 0.607674
    outer loop
      vertex -44.7943 6 34.055
      vertex -44.8099 6.15544 33.8889
      vertex -44.8408 6 34.0149
    endloop
  endfacet
  facet normal -0.636971 0.726323 0.258309
    outer loop
      vertex -44.9553 6.34497 33.3121
      vertex -45.0713 6.17133 33.5143
      vertex -44.9223 6.302 33.5143
    endloop
  endfacet
  facet normal -0.278491 0.820439 0.499322
    outer loop
      vertex -44.3714 6.4861 33.7077
      vertex -44.5091 6.32908 33.8889
      vertex -44.3443 6.38502 33.8889
    endloop
  endfacet
  facet normal -0.0566835 0.864562 0.499318
    outer loop
      vertex -44 6.535 33.7077
      vertex -44.1873 6.52272 33.7077
      vertex -44 6.43035 33.8889
    endloop
  endfacet
  facet normal -0.278592 0.820447 0.499252
    outer loop
      vertex -44.3714 6.4861 33.7077
      vertex -44.5491 6.42576 33.7077
      vertex -44.5091 6.32908 33.8889
    endloop
  endfacet
  facet normal -0.297146 0.875088 0.382001
    outer loop
      vertex -44.3714 6.4861 33.7077
      vertex -44.5798 6.49976 33.5143
      vertex -44.5491 6.42576 33.7077
    endloop
  endfacet
  facet normal -0.046281 0.706134 0.706564
    outer loop
      vertex -44 6.30294 34.055
      vertex -44.157 6.29265 34.055
      vertex -44 6.15495 34.2029
    endloop
  endfacet
  facet normal 0.046281 0.706134 0.706564
    outer loop
      vertex -44 6.30294 34.055
      vertex -44 6.15495 34.2029
      vertex -43.843 6.29265 34.055
    endloop
  endfacet
  facet normal -0.0398273 0.608287 0.792717
    outer loop
      vertex -44 6.15495 34.2029
      vertex -44.1035 6 34.3166
      vertex -44 6 34.3218
    endloop
  endfacet
  facet normal -0.196468 0.57742 0.792456
    outer loop
      vertex -44.273 6.11901 34.2029
      vertex -44.3134 6 34.2796
      vertex -44.2412 6 34.2975
    endloop
  endfacet
  facet normal -0.269822 0.547337 0.792223
    outer loop
      vertex -44.5275 6.01362 34.2029
      vertex -44.4186 6 34.2494
      vertex -44.4037 6.07465 34.2029
    endloop
  endfacet
  facet normal -0.269831 0.547313 0.792237
    outer loop
      vertex -44.4186 6 34.2494
      vertex -44.5275 6.01362 34.2029
      vertex -44.5196 6 34.215
    endloop
  endfacet
  facet normal -0.338767 0.507405 0.792324
    outer loop
      vertex -44.5275 6.01362 34.2029
      vertex -44.5479 6 34.2029
      vertex -44.5196 6 34.215
    endloop
  endfacet
  facet normal -0.523468 0.597039 -0.607886
    outer loop
      vertex -44.7943 6 31.945
      vertex -44.8099 6.15544 32.1111
      vertex -44.7323 6.05436 31.945
    endloop
  endfacet
  facet normal -0.524037 0.596756 -0.607674
    outer loop
      vertex -44.8099 6.15544 32.1111
      vertex -44.7943 6 31.945
      vertex -44.8408 6 31.9851
    endloop
  endfacet
  facet normal -0.441126 0.660229 -0.60787
    outer loop
      vertex -44.7323 6.05436 31.945
      vertex -44.8099 6.15544 32.1111
      vertex -44.6652 6.25212 32.1111
    endloop
  endfacet
  facet normal 0.268284 0.54735 -0.792737
    outer loop
      vertex -43.5814 6 31.7506
      vertex -43.6272 6 31.7351
      vertex -43.5963 6.07465 31.7971
    endloop
  endfacet
  facet normal -0.268284 0.54735 -0.792737
    outer loop
      vertex -44.3728 6 31.7351
      vertex -44.4186 6 31.7506
      vertex -44.4037 6.07465 31.7971
    endloop
  endfacet
  facet normal -0.180394 0.906401 0.381962
    outer loop
      vertex -44.1978 6.60213 33.5143
      vertex -44.3921 6.56346 33.5143
      vertex -44.1873 6.52272 33.7077
    endloop
  endfacet
  facet normal -0.188569 0.947479 0.258313
    outer loop
      vertex -44.1978 6.60213 33.5143
      vertex -44.4062 6.61578 33.3121
      vertex -44.3921 6.56346 33.5143
    endloop
  endfacet
  facet normal -0.653794 0.745385 -0.130212
    outer loop
      vertex -45.1096 6.20963 32.6879
      vertex -45.1289 6.22895 32.8954
      vertex -44.9553 6.34497 32.6879
    endloop
  endfacet
  facet normal -0.653774 0.745407 -0.130183
    outer loop
      vertex -44.9553 6.34497 32.6879
      vertex -45.1289 6.22895 32.8954
      vertex -44.9719 6.36665 32.8954
    endloop
  endfacet
  facet normal -0.438533 0.889219 -0.130303
    outer loop
      vertex -44.7846 6.45902 32.6879
      vertex -44.7983 6.48267 32.8954
      vertex -44.611 6.57504 32.8954
    endloop
  endfacet
  facet normal -0.550911 0.824325 -0.130327
    outer loop
      vertex -44.7846 6.45902 32.6879
      vertex -44.9719 6.36665 32.8954
      vertex -44.7983 6.48267 32.8954
    endloop
  endfacet
  facet normal -0.536691 0.803272 0.258296
    outer loop
      vertex -44.7846 6.45902 33.3121
      vertex -44.9553 6.34497 33.3121
      vertex -44.9223 6.302 33.5143
    endloop
  endfacet
  facet normal -0.550814 0.82441 0.130201
    outer loop
      vertex -44.7846 6.45902 33.3121
      vertex -44.9719 6.36665 33.1046
      vertex -44.9553 6.34497 33.3121
    endloop
  endfacet
  facet normal -0.154953 0.778802 -0.60783
    outer loop
      vertex -44.3113 6.26195 31.945
      vertex -44.3443 6.38502 32.1111
      vertex -44.157 6.29265 31.945
    endloop
  endfacet
  facet normal -0.154901 0.778841 -0.607794
    outer loop
      vertex -44.157 6.29265 31.945
      vertex -44.3443 6.38502 32.1111
      vertex -44.1736 6.41897 32.1111
    endloop
  endfacet
  facet normal -0.0604629 0.922207 -0.381941
    outer loop
      vertex -44.1873 6.52272 32.2923
      vertex -44.1978 6.60213 32.4857
      vertex -44 6.535 32.2923
    endloop
  endfacet
  facet normal -0.0566749 0.864567 -0.499312
    outer loop
      vertex -44.1736 6.41897 32.1111
      vertex -44.1873 6.52272 32.2923
      vertex -44 6.43035 32.1111
    endloop
  endfacet
  facet normal 0.278592 0.820447 -0.499252
    outer loop
      vertex -43.4909 6.32908 32.1111
      vertex -43.6286 6.4861 32.2923
      vertex -43.4509 6.42576 32.2923
    endloop
  endfacet
  facet normal 0.255234 0.751923 -0.607838
    outer loop
      vertex -43.4909 6.32908 32.1111
      vertex -43.6887 6.26195 31.945
      vertex -43.6557 6.38502 32.1111
    endloop
  endfacet
  facet normal 0.278491 0.820439 -0.499322
    outer loop
      vertex -43.4909 6.32908 32.1111
      vertex -43.6557 6.38502 32.1111
      vertex -43.6286 6.4861 32.2923
    endloop
  endfacet
  facet normal 0.169031 0.849773 -0.499314
    outer loop
      vertex -43.6557 6.38502 32.1111
      vertex -43.8127 6.52272 32.2923
      vertex -43.6286 6.4861 32.2923
    endloop
  endfacet
  facet normal -0.0369822 0.608782 -0.792475
    outer loop
      vertex -44.1377 6.14593 31.7971
      vertex -44.1035 6 31.6834
      vertex -44.1185 6 31.6841
    endloop
  endfacet
  facet normal -0.0398462 0.608295 -0.79271
    outer loop
      vertex -44.1035 6 31.6834
      vertex -44.1377 6.14593 31.7971
      vertex -44 6.15495 31.7971
    endloop
  endfacet
  facet normal -0.0398273 0.608287 -0.792717
    outer loop
      vertex -44 6 31.6782
      vertex -44.1035 6 31.6834
      vertex -44 6.15495 31.7971
    endloop
  endfacet
  facet normal 0.726248 0.637051 -0.25832
    outer loop
      vertex -42.798 6.02233 32.4857
      vertex -42.9287 6.17133 32.4857
      vertex -42.755 6.0553 32.6879
    endloop
  endfacet
  facet normal 0.803628 0.536146 -0.258322
    outer loop
      vertex -42.7363 6 32.6313
      vertex -42.798 6.02233 32.4857
      vertex -42.755 6.0553 32.6879
    endloop
  endfacet
  facet normal 0.803593 0.536209 -0.258298
    outer loop
      vertex -42.798 6.02233 32.4857
      vertex -42.7363 6 32.6313
      vertex -42.7831 6 32.4857
    endloop
  endfacet
  facet normal -0.312836 0.634753 0.706557
    outer loop
      vertex -44.4603 6.21137 34.055
      vertex -44.6015 6.14178 34.055
      vertex -44.5275 6.01362 34.2029
    endloop
  endfacet
  facet normal -0.312916 0.634753 0.706521
    outer loop
      vertex -44.4603 6.21137 34.055
      vertex -44.5275 6.01362 34.2029
      vertex -44.4037 6.07465 34.2029
    endloop
  endfacet
  facet normal 0.138093 0.694062 0.706546
    outer loop
      vertex -43.6887 6.26195 34.055
      vertex -43.843 6.29265 34.055
      vertex -43.727 6.11901 34.2029
    endloop
  endfacet
  facet normal 0.227478 0.670111 0.706545
    outer loop
      vertex -43.6887 6.26195 34.055
      vertex -43.727 6.11901 34.2029
      vertex -43.5397 6.21137 34.055
    endloop
  endfacet
  facet normal 0.196468 0.57742 0.792456
    outer loop
      vertex -43.727 6.11901 34.2029
      vertex -43.7588 6 34.2975
      vertex -43.6866 6 34.2796
    endloop
  endfacet
  facet normal 0.118989 0.598155 0.792498
    outer loop
      vertex -43.727 6.11901 34.2029
      vertex -43.8627 6 34.3131
      vertex -43.7588 6 34.2975
    endloop
  endfacet
  facet normal 0.0462561 0.706149 0.706551
    outer loop
      vertex -43.843 6.29265 34.055
      vertex -44 6.15495 34.2029
      vertex -43.8623 6.14593 34.2029
    endloop
  endfacet
  facet normal 0.0369822 0.608782 0.792475
    outer loop
      vertex -43.8623 6.14593 34.2029
      vertex -43.8965 6 34.3166
      vertex -43.8815 6 34.3159
    endloop
  endfacet
  facet normal 0.0398462 0.608295 0.79271
    outer loop
      vertex -43.8965 6 34.3166
      vertex -43.8623 6.14593 34.2029
      vertex -44 6.15495 34.2029
    endloop
  endfacet
  facet normal -0.76868 0.512912 0.382168
    outer loop
      vertex -45.202 6.02233 33.5143
      vertex -45.2169 6 33.5143
      vertex -45.1729 6 33.6028
    endloop
  endfacet
  facet normal -0.169008 0.849768 0.499331
    outer loop
      vertex -44.1873 6.52272 33.7077
      vertex -44.3443 6.38502 33.8889
      vertex -44.1736 6.41897 33.8889
    endloop
  endfacet
  facet normal -0.154901 0.778841 0.607794
    outer loop
      vertex -44.1736 6.41897 33.8889
      vertex -44.3443 6.38502 33.8889
      vertex -44.157 6.29265 34.055
    endloop
  endfacet
  facet normal -0.824181 0.551134 0.130297
    outer loop
      vertex -45.2666 6.07193 33.1046
      vertex -45.3147 6 33.1046
      vertex -45.3021 6 33.1843
    endloop
  endfacet
  facet normal 0.0604247 0.922223 -0.381907
    outer loop
      vertex -43.8022 6.60213 32.4857
      vertex -44 6.535 32.2923
      vertex -44 6.61509 32.4857
    endloop
  endfacet
  facet normal 0.0604629 0.922207 -0.381941
    outer loop
      vertex -43.8127 6.52272 32.2923
      vertex -44 6.535 32.2923
      vertex -43.8022 6.60213 32.4857
    endloop
  endfacet
  facet normal 0.0519433 0.792386 -0.607805
    outer loop
      vertex -43.843 6.29265 31.945
      vertex -44 6.43035 32.1111
      vertex -43.8264 6.41897 32.1111
    endloop
  endfacet
  facet normal 0.0566749 0.864567 -0.499312
    outer loop
      vertex -43.8264 6.41897 32.1111
      vertex -44 6.43035 32.1111
      vertex -43.8127 6.52272 32.2923
    endloop
  endfacet
  facet normal -0.255234 0.751923 0.607838
    outer loop
      vertex -44.3443 6.38502 33.8889
      vertex -44.5091 6.32908 33.8889
      vertex -44.3113 6.26195 34.055
    endloop
  endfacet
  facet normal -0.255246 0.751911 0.607848
    outer loop
      vertex -44.3113 6.26195 34.055
      vertex -44.5091 6.32908 33.8889
      vertex -44.4603 6.21137 34.055
    endloop
  endfacet
  facet normal -0.383146 0.777144 0.499246
    outer loop
      vertex -44.5091 6.32908 33.8889
      vertex -44.7175 6.34274 33.7077
      vertex -44.6652 6.25212 33.8889
    endloop
  endfacet
  facet normal -0.393288 0.588447 0.706438
    outer loop
      vertex -44.7323 6.05436 34.055
      vertex -44.6297 6 34.1574
      vertex -44.6015 6.14178 34.055
    endloop
  endfacet
  facet normal -0.393225 0.588518 0.706414
    outer loop
      vertex -44.6297 6 34.1574
      vertex -44.7323 6.05436 34.055
      vertex -44.6906 6 34.1235
    endloop
  endfacet
  facet normal -0.481293 0.720463 0.499289
    outer loop
      vertex -44.7175 6.34274 33.7077
      vertex -44.8736 6.23846 33.7077
      vertex -44.8099 6.15544 33.8889
    endloop
  endfacet
  facet normal -0.609395 0.694879 0.381813
    outer loop
      vertex -44.9223 6.302 33.5143
      vertex -45.0713 6.17133 33.5143
      vertex -45.0147 6.1147 33.7077
    endloop
  endfacet
  facet normal -0.0519433 0.792386 0.607805
    outer loop
      vertex -44 6.43035 33.8889
      vertex -44.1736 6.41897 33.8889
      vertex -44.157 6.29265 34.055
    endloop
  endfacet
  facet normal -0.0566749 0.864567 0.499312
    outer loop
      vertex -44 6.43035 33.8889
      vertex -44.1873 6.52272 33.7077
      vertex -44.1736 6.41897 33.8889
    endloop
  endfacet
  facet normal -0.118989 0.598155 0.792498
    outer loop
      vertex -44.1373 6 34.3131
      vertex -44.273 6.11901 34.2029
      vertex -44.2412 6 34.2975
    endloop
  endfacet
  facet normal -0.268284 0.54735 0.792737
    outer loop
      vertex -44.4037 6.07465 34.2029
      vertex -44.4186 6 34.2494
      vertex -44.3728 6 34.2649
    endloop
  endfacet
  facet normal -0.726248 0.637051 0.25832
    outer loop
      vertex -45.0713 6.17133 33.5143
      vertex -45.245 6.0553 33.3121
      vertex -45.202 6.02233 33.5143
    endloop
  endfacet
  facet normal -0.803628 0.536146 0.258322
    outer loop
      vertex -45.2637 6 33.3687
      vertex -45.202 6.02233 33.5143
      vertex -45.245 6.0553 33.3121
    endloop
  endfacet
  facet normal -0.803593 0.536209 0.258298
    outer loop
      vertex -45.202 6.02233 33.5143
      vertex -45.2637 6 33.3687
      vertex -45.2169 6 33.5143
    endloop
  endfacet
  facet normal -0.441126 0.660229 0.60787
    outer loop
      vertex -44.6652 6.25212 33.8889
      vertex -44.8099 6.15544 33.8889
      vertex -44.7323 6.05436 34.055
    endloop
  endfacet
  facet normal -0.441251 0.660211 0.607799
    outer loop
      vertex -44.6652 6.25212 33.8889
      vertex -44.7323 6.05436 34.055
      vertex -44.6015 6.14178 34.055
    endloop
  endfacet
  facet normal -0.651389 0.571314 0.499291
    outer loop
      vertex -45.0147 6.1147 33.7077
      vertex -45.1153 6 33.7077
      vertex -45.0375 6 33.8092
    endloop
  endfacet
  facet normal -0.51341 0.76854 0.381779
    outer loop
      vertex -44.7175 6.34274 33.7077
      vertex -44.9223 6.302 33.5143
      vertex -44.8736 6.23846 33.7077
    endloop
  endfacet
  facet normal -0.609461 0.694852 0.381756
    outer loop
      vertex -44.9223 6.302 33.5143
      vertex -45.0147 6.1147 33.7077
      vertex -44.8736 6.23846 33.7077
    endloop
  endfacet
  facet normal -0.745326 0.653905 0.129993
    outer loop
      vertex -45.1096 6.20963 33.3121
      vertex -45.2666 6.07193 33.1046
      vertex -45.245 6.0553 33.3121
    endloop
  endfacet
  facet normal -0.824403 0.550879 0.129967
    outer loop
      vertex -45.3021 6 33.1843
      vertex -45.245 6.0553 33.3121
      vertex -45.2666 6.07193 33.1046
    endloop
  endfacet
  facet normal -0.824721 0.550311 0.130355
    outer loop
      vertex -45.245 6.0553 33.3121
      vertex -45.3021 6 33.1843
      vertex -45.2819 6 33.3121
    endloop
  endfacet
  facet normal -0.651341 0.571337 0.499328
    outer loop
      vertex -45.0375 6 33.8092
      vertex -44.9407 6.0407 33.8889
      vertex -45.0147 6.1147 33.7077
    endloop
  endfacet
  facet normal -0.651344 0.571326 0.499337
    outer loop
      vertex -44.9407 6.0407 33.8889
      vertex -45.0375 6 33.8092
      vertex -44.9764 6 33.8889
    endloop
  endfacet
  facet normal -0.596861 0.523536 0.608002
    outer loop
      vertex -44.9407 6.0407 33.8889
      vertex -44.9764 6 33.8889
      vertex -44.9 6 33.9639
    endloop
  endfacet
  facet normal -0.523593 0.596879 0.607936
    outer loop
      vertex -44.9407 6.0407 33.8889
      vertex -44.8408 6 34.0149
      vertex -44.8099 6.15544 33.8889
    endloop
  endfacet
  facet normal -0.523795 0.596622 0.608013
    outer loop
      vertex -44.8408 6 34.0149
      vertex -44.9407 6.0407 33.8889
      vertex -44.9 6 33.9639
    endloop
  endfacet
  facet normal -0.571354 0.651326 0.499329
    outer loop
      vertex -44.8099 6.15544 33.8889
      vertex -45.0147 6.1147 33.7077
      vertex -44.9407 6.0407 33.8889
    endloop
  endfacet
  facet normal -0.745587 -0.653516 -0.130448
    outer loop
      vertex -45.1289 42.771 32.8954
      vertex -45.2666 42.9281 32.8954
      vertex -45.1096 42.7904 32.6879
    endloop
  endfacet
  facet normal 0.726145 -0.637201 0.25824
    outer loop
      vertex -42.755 42.9447 33.3121
      vertex -42.9287 42.8287 33.5143
      vertex -42.8904 42.7904 33.3121
    endloop
  endfacet
  facet normal -0.0567823 -0.864661 0.499136
    outer loop
      vertex -44 42.5696 33.8889
      vertex -44.1873 42.4773 33.7077
      vertex -44 42.465 33.7077
    endloop
  endfacet
  facet normal 0.536671 -0.8033 -0.258252
    outer loop
      vertex -43.2154 42.541 32.6879
      vertex -43.2425 42.5879 32.4857
      vertex -43.0777 42.698 32.4857
    endloop
  endfacet
  facet normal 0.137958 -0.693895 -0.706737
    outer loop
      vertex -43.843 42.7073 31.945
      vertex -43.8623 42.8541 31.7971
      vertex -43.727 42.881 31.7971
    endloop
  endfacet
  facet normal 0.609498 -0.694837 -0.381724
    outer loop
      vertex -42.9287 42.8287 32.4857
      vertex -43.0777 42.698 32.4857
      vertex -42.9853 42.8853 32.2923
    endloop
  endfacet
  facet normal 0.513399 -0.768467 -0.381942
    outer loop
      vertex -43.2425 42.5879 32.4857
      vertex -43.2825 42.6573 32.2923
      vertex -43.0777 42.698 32.4857
    endloop
  endfacet
  facet normal 0.318943 -0.938795 0.130152
    outer loop
      vertex -43.3995 42.4502 33.3121
      vertex -43.5868 42.3578 33.1046
      vertex -43.389 42.425 33.1046
    endloop
  endfacet
  facet normal -0.803283 -0.536722 0.258198
    outer loop
      vertex -45.2637 43 33.3687
      vertex -45.202 42.9777 33.5143
      vertex -45.2169 43 33.5143
    endloop
  endfacet
  facet normal -0.803566 -0.536202 0.258398
    outer loop
      vertex -45.202 42.9777 33.5143
      vertex -45.2637 43 33.3687
      vertex -45.245 42.9447 33.3121
    endloop
  endfacet
  facet normal -0.441223 -0.66032 0.607701
    outer loop
      vertex -44.6015 42.8582 34.055
      vertex -44.7323 42.9456 34.055
      vertex -44.6652 42.7479 33.8889
    endloop
  endfacet
  facet normal 0.052037 -0.792423 -0.607748
    outer loop
      vertex -43.8264 42.581 32.1111
      vertex -44 42.5696 32.1111
      vertex -43.843 42.7073 31.945
    endloop
  endfacet
  facet normal -0.536671 -0.8033 0.258252
    outer loop
      vertex -44.7575 42.5879 33.5143
      vertex -44.9223 42.698 33.5143
      vertex -44.7846 42.541 33.3121
    endloop
  endfacet
  facet normal -0.278299 -0.82046 0.499395
    outer loop
      vertex -44.3443 42.615 33.8889
      vertex -44.5091 42.6709 33.8889
      vertex -44.3714 42.5139 33.7077
    endloop
  endfacet
  facet normal -0.0633543 -0.963961 0.258391
    outer loop
      vertex -44 42.3849 33.5143
      vertex -44.1978 42.3979 33.5143
      vertex -44 42.3307 33.3121
    endloop
  endfacet
  facet normal 0.65353 -0.74567 -0.129904
    outer loop
      vertex -43.0281 42.6334 32.8954
      vertex -43.0447 42.655 32.6879
      vertex -42.8711 42.771 32.8954
    endloop
  endfacet
  facet normal -0.438253 -0.889326 -0.130511
    outer loop
      vertex -44.611 42.425 32.8954
      vertex -44.7983 42.5173 32.8954
      vertex -44.7846 42.541 32.6879
    endloop
  endfacet
  facet normal 0.278299 -0.82046 -0.499395
    outer loop
      vertex -43.6286 42.5139 32.2923
      vertex -43.6557 42.615 32.1111
      vertex -43.4909 42.6709 32.1111
    endloop
  endfacet
  facet normal -0.752013 -0.659148 0
    outer loop
      vertex -45.1289 42.771 32.8954
      vertex -45.2666 42.9281 33.1046
      vertex -45.2666 42.9281 32.8954
    endloop
  endfacet
  facet normal -0.752013 -0.659148 0
    outer loop
      vertex -45.2666 42.9281 33.1046
      vertex -45.1289 42.771 32.8954
      vertex -45.1289 42.771 33.1046
    endloop
  endfacet
  facet normal -0.438571 -0.889217 -0.130184
    outer loop
      vertex -44.611 42.425 32.8954
      vertex -44.7846 42.541 32.6879
      vertex -44.6005 42.4502 32.6879
    endloop
  endfacet
  facet normal -0.318943 -0.938795 -0.130152
    outer loop
      vertex -44.4132 42.3578 32.8954
      vertex -44.611 42.425 32.8954
      vertex -44.6005 42.4502 32.6879
    endloop
  endfacet
  facet normal -0.137958 -0.693895 -0.706737
    outer loop
      vertex -44.157 42.7073 31.945
      vertex -44.273 42.881 31.7971
      vertex -44.1377 42.8541 31.7971
    endloop
  endfacet
  facet normal -0.0650393 -0.989357 -0.130166
    outer loop
      vertex -44 42.3034 32.8954
      vertex -44.2084 42.3171 32.8954
      vertex -44 42.3307 32.6879
    endloop
  endfacet
  facet normal 0.318894 -0.938805 -0.130201
    outer loop
      vertex -43.5868 42.3578 32.8954
      vertex -43.5938 42.3842 32.6879
      vertex -43.3995 42.4502 32.6879
    endloop
  endfacet
  facet normal -0.312834 -0.634657 0.706644
    outer loop
      vertex -44.5275 42.9864 34.2029
      vertex -44.6015 42.8582 34.055
      vertex -44.4603 42.7886 34.055
    endloop
  endfacet
  facet normal -0.060562 -0.922216 0.381902
    outer loop
      vertex -44.1873 42.4773 33.7077
      vertex -44.1978 42.3979 33.5143
      vertex -44 42.465 33.7077
    endloop
  endfacet
  facet normal 0.438571 -0.889217 0.130184
    outer loop
      vertex -43.2154 42.541 33.3121
      vertex -43.3995 42.4502 33.3121
      vertex -43.389 42.425 33.1046
    endloop
  endfacet
  facet normal 0.824721 -0.550311 0.130355
    outer loop
      vertex -42.755 42.9447 33.3121
      vertex -42.6979 43 33.1843
      vertex -42.7181 43 33.3121
    endloop
  endfacet
  facet normal 0.82434 -0.550992 0.12989
    outer loop
      vertex -42.6979 43 33.1843
      vertex -42.755 42.9447 33.3121
      vertex -42.7334 42.9281 33.1046
    endloop
  endfacet
  facet normal 0.118937 -0.598223 0.792454
    outer loop
      vertex -43.8627 43 34.3131
      vertex -43.8623 42.8541 34.2029
      vertex -43.727 42.881 34.2029
    endloop
  endfacet
  facet normal 0.118038 -0.59829 0.792538
    outer loop
      vertex -43.8623 42.8541 34.2029
      vertex -43.8627 43 34.3131
      vertex -43.8815 43 34.3159
    endloop
  endfacet
  facet normal 0.480964 -0.720523 0.499519
    outer loop
      vertex -43.1901 42.8446 33.8889
      vertex -43.2825 42.6573 33.7077
      vertex -43.1264 42.7615 33.7077
    endloop
  endfacet
  facet normal 0.255343 -0.751899 0.607822
    outer loop
      vertex -43.5397 42.7886 34.055
      vertex -43.6887 42.738 34.055
      vertex -43.4909 42.6709 33.8889
    endloop
  endfacet
  facet normal 0.480964 -0.720523 -0.499519
    outer loop
      vertex -43.1264 42.7615 32.2923
      vertex -43.2825 42.6573 32.2923
      vertex -43.1901 42.8446 32.1111
    endloop
  endfacet
  facet normal 0.536512 -0.803357 -0.258404
    outer loop
      vertex -43.0447 42.655 32.6879
      vertex -43.2154 42.541 32.6879
      vertex -43.0777 42.698 32.4857
    endloop
  endfacet
  facet normal 0.466723 -0.531927 -0.706557
    outer loop
      vertex -43.2677 42.9456 31.945
      vertex -43.3094 43 31.8765
      vertex -43.2057 43 31.945
    endloop
  endfacet
  facet normal 0.393326 -0.588235 0.706594
    outer loop
      vertex -43.3703 43 34.1574
      vertex -43.2677 42.9456 34.055
      vertex -43.3094 43 34.1235
    endloop
  endfacet
  facet normal 0.393173 -0.58841 0.706533
    outer loop
      vertex -43.2677 42.9456 34.055
      vertex -43.3703 43 34.1574
      vertex -43.3985 42.8582 34.055
    endloop
  endfacet
  facet normal 0.045891 -0.706362 0.706362
    outer loop
      vertex -44 42.845 34.2029
      vertex -44 42.6971 34.055
      vertex -43.843 42.7073 34.055
    endloop
  endfacet
  facet normal 0.523989 -0.596854 0.607618
    outer loop
      vertex -43.2057 43 34.055
      vertex -43.1901 42.8446 33.8889
      vertex -43.1592 43 34.0149
    endloop
  endfacet
  facet normal 0.523782 -0.596958 0.607695
    outer loop
      vertex -43.1901 42.8446 33.8889
      vertex -43.2057 43 34.055
      vertex -43.2677 42.9456 34.055
    endloop
  endfacet
  facet normal 0.351073 -0.712234 0.607841
    outer loop
      vertex -43.3985 42.8582 34.055
      vertex -43.5397 42.7886 34.055
      vertex -43.4909 42.6709 33.8889
    endloop
  endfacet
  facet normal -0.571353 -0.651195 0.499501
    outer loop
      vertex -44.8099 42.8446 33.8889
      vertex -45.0147 42.8853 33.7077
      vertex -44.8736 42.7615 33.7077
    endloop
  endfacet
  facet normal -0.196462 -0.577452 -0.792434
    outer loop
      vertex -44.273 42.881 31.7971
      vertex -44.3134 43 31.7204
      vertex -44.2412 43 31.7025
    endloop
  endfacet
  facet normal -0.745272 -0.653985 -0.129899
    outer loop
      vertex -45.1096 42.7904 32.6879
      vertex -45.2666 42.9281 32.8954
      vertex -45.245 42.9447 32.6879
    endloop
  endfacet
  facet normal -0.824076 -0.551294 0.130281
    outer loop
      vertex -45.3021 43 33.1843
      vertex -45.3147 43 33.1046
      vertex -45.2666 42.9281 33.1046
    endloop
  endfacet
  facet normal -0.824721 -0.550311 -0.130355
    outer loop
      vertex -45.245 42.9447 32.6879
      vertex -45.3021 43 32.8157
      vertex -45.2819 43 32.6879
    endloop
  endfacet
  facet normal -0.82434 -0.550992 -0.12989
    outer loop
      vertex -45.3021 43 32.8157
      vertex -45.245 42.9447 32.6879
      vertex -45.2666 42.9281 32.8954
    endloop
  endfacet
  facet normal -0.536512 -0.803357 -0.258404
    outer loop
      vertex -44.7846 42.541 32.6879
      vertex -44.9553 42.655 32.6879
      vertex -44.9223 42.698 32.4857
    endloop
  endfacet
  facet normal -0.536671 -0.8033 -0.258252
    outer loop
      vertex -44.7846 42.541 32.6879
      vertex -44.9223 42.698 32.4857
      vertex -44.7575 42.5879 32.4857
    endloop
  endfacet
  facet normal -0.296994 -0.875131 -0.382021
    outer loop
      vertex -44.3921 42.4365 32.4857
      vertex -44.5798 42.5002 32.4857
      vertex -44.3714 42.5139 32.2923
    endloop
  endfacet
  facet normal -0.180082 -0.906477 -0.381929
    outer loop
      vertex -44.1978 42.3979 32.4857
      vertex -44.3921 42.4365 32.4857
      vertex -44.1873 42.4773 32.2923
    endloop
  endfacet
  facet normal 0.745587 -0.653516 0.130448
    outer loop
      vertex -42.7334 42.9281 33.1046
      vertex -42.8904 42.7904 33.3121
      vertex -42.8711 42.771 33.1046
    endloop
  endfacet
  facet normal 0.318943 -0.938795 -0.130152
    outer loop
      vertex -43.389 42.425 32.8954
      vertex -43.5868 42.3578 32.8954
      vertex -43.3995 42.4502 32.6879
    endloop
  endfacet
  facet normal -0.0567808 -0.864662 0.499135
    outer loop
      vertex -44.1736 42.581 33.8889
      vertex -44.1873 42.4773 33.7077
      vertex -44 42.5696 33.8889
    endloop
  endfacet
  facet normal -0.194919 -0.980819 0
    outer loop
      vertex -44.4132 42.3578 32.8954
      vertex -44.2084 42.3171 33.1046
      vertex -44.4132 42.3578 33.1046
    endloop
  endfacet
  facet normal -0.194919 -0.980819 -0
    outer loop
      vertex -44.2084 42.3171 33.1046
      vertex -44.4132 42.3578 32.8954
      vertex -44.2084 42.3171 32.8954
    endloop
  endfacet
  facet normal -0.438253 -0.889326 0.130511
    outer loop
      vertex -44.7846 42.541 33.3121
      vertex -44.7983 42.5173 33.1046
      vertex -44.611 42.425 33.1046
    endloop
  endfacet
  facet normal -0.466723 -0.531927 0.706557
    outer loop
      vertex -44.6906 43 34.1235
      vertex -44.7943 43 34.055
      vertex -44.7323 42.9456 34.055
    endloop
  endfacet
  facet normal -0.393326 -0.588235 0.706594
    outer loop
      vertex -44.7323 42.9456 34.055
      vertex -44.6297 43 34.1574
      vertex -44.6906 43 34.1235
    endloop
  endfacet
  facet normal -0.393173 -0.58841 0.706533
    outer loop
      vertex -44.6297 43 34.1574
      vertex -44.7323 42.9456 34.055
      vertex -44.6015 42.8582 34.055
    endloop
  endfacet
  facet normal 0.637036 -0.726231 0.258408
    outer loop
      vertex -42.9287 42.8287 33.5143
      vertex -43.0777 42.698 33.5143
      vertex -43.0447 42.655 33.3121
    endloop
  endfacet
  facet normal 0.653933 -0.745213 0.130497
    outer loop
      vertex -42.8904 42.7904 33.3121
      vertex -43.0447 42.655 33.3121
      vertex -42.8711 42.771 33.1046
    endloop
  endfacet
  facet normal 0.80357 -0.536198 -0.258392
    outer loop
      vertex -42.7181 43 32.6879
      vertex -42.755 42.9447 32.6879
      vertex -42.7363 43 32.6313
    endloop
  endfacet
  facet normal 0.438253 -0.889326 -0.130511
    outer loop
      vertex -43.2017 42.5173 32.8954
      vertex -43.389 42.425 32.8954
      vertex -43.2154 42.541 32.6879
    endloop
  endfacet
  facet normal 0.55116 -0.824128 -0.130519
    outer loop
      vertex -43.2017 42.5173 32.8954
      vertex -43.2154 42.541 32.6879
      vertex -43.0281 42.6334 32.8954
    endloop
  endfacet
  facet normal 0.438253 -0.889326 0.130511
    outer loop
      vertex -43.2154 42.541 33.3121
      vertex -43.389 42.425 33.1046
      vertex -43.2017 42.5173 33.1046
    endloop
  endfacet
  facet normal 0.438571 -0.889217 -0.130184
    outer loop
      vertex -43.389 42.425 32.8954
      vertex -43.3995 42.4502 32.6879
      vertex -43.2154 42.541 32.6879
    endloop
  endfacet
  facet normal 0.409006 -0.828738 -0.381979
    outer loop
      vertex -43.2425 42.5879 32.4857
      vertex -43.4202 42.5002 32.4857
      vertex -43.2825 42.6573 32.2923
    endloop
  endfacet
  facet normal 0.0567808 -0.864662 -0.499135
    outer loop
      vertex -43.8127 42.4773 32.2923
      vertex -44 42.5696 32.1111
      vertex -43.8264 42.581 32.1111
    endloop
  endfacet
  facet normal 0.571243 -0.651426 -0.499324
    outer loop
      vertex -42.9853 42.8853 32.2923
      vertex -43.1901 42.8446 32.1111
      vertex -43.0593 42.9593 32.1111
    endloop
  endfacet
  facet normal 0.383416 -0.776984 -0.499288
    outer loop
      vertex -43.4509 42.5742 32.2923
      vertex -43.4909 42.6709 32.1111
      vertex -43.2825 42.6573 32.2923
    endloop
  endfacet
  facet normal -0.0567823 -0.864661 -0.499136
    outer loop
      vertex -44 42.465 32.2923
      vertex -44.1873 42.4773 32.2923
      vertex -44 42.5696 32.1111
    endloop
  endfacet
  facet normal 0.0466511 -0.705918 -0.706756
    outer loop
      vertex -43.843 42.7073 31.945
      vertex -44 42.845 31.7971
      vertex -43.8623 42.8541 31.7971
    endloop
  endfacet
  facet normal 0.169268 -0.849823 0.499148
    outer loop
      vertex -43.6557 42.615 33.8889
      vertex -43.8264 42.581 33.8889
      vertex -43.8127 42.4773 33.7077
    endloop
  endfacet
  facet normal 0.55067 -0.824556 0.129887
    outer loop
      vertex -43.0447 42.655 33.3121
      vertex -43.2154 42.541 33.3121
      vertex -43.0281 42.6334 33.1046
    endloop
  endfacet
  facet normal 0.441223 -0.66032 0.607701
    outer loop
      vertex -43.2677 42.9456 34.055
      vertex -43.3985 42.8582 34.055
      vertex -43.3348 42.7479 33.8889
    endloop
  endfacet
  facet normal 0.351325 -0.712232 0.607698
    outer loop
      vertex -43.3985 42.8582 34.055
      vertex -43.4909 42.6709 33.8889
      vertex -43.3348 42.7479 33.8889
    endloop
  endfacet
  facet normal 0.481451 -0.720434 0.499179
    outer loop
      vertex -43.1901 42.8446 33.8889
      vertex -43.3348 42.7479 33.8889
      vertex -43.2825 42.6573 33.7077
    endloop
  endfacet
  facet normal -0.83116 -0.556033 0
    outer loop
      vertex -45.2666 42.9281 32.8954
      vertex -45.3147 43 33.1046
      vertex -45.3147 43 32.8954
    endloop
  endfacet
  facet normal -0.83116 -0.556033 0
    outer loop
      vertex -45.3147 43 33.1046
      vertex -45.2666 42.9281 32.8954
      vertex -45.2666 42.9281 33.1046
    endloop
  endfacet
  facet normal -0.768408 -0.51342 0.382033
    outer loop
      vertex -45.1729 43 33.6028
      vertex -45.2169 43 33.5143
      vertex -45.202 42.9777 33.5143
    endloop
  endfacet
  facet normal -0.480964 -0.720523 -0.499519
    outer loop
      vertex -44.7175 42.6573 32.2923
      vertex -44.8736 42.7615 32.2923
      vertex -44.8099 42.8446 32.1111
    endloop
  endfacet
  facet normal -0.571353 -0.651195 -0.499501
    outer loop
      vertex -44.8736 42.7615 32.2923
      vertex -45.0147 42.8853 32.2923
      vertex -44.8099 42.8446 32.1111
    endloop
  endfacet
  facet normal -0.513399 -0.768467 -0.381942
    outer loop
      vertex -44.7575 42.5879 32.4857
      vertex -44.9223 42.698 32.4857
      vertex -44.7175 42.6573 32.2923
    endloop
  endfacet
  facet normal -0.65353 -0.74567 0.129904
    outer loop
      vertex -44.9553 42.655 33.3121
      vertex -45.1289 42.771 33.1046
      vertex -44.9719 42.6334 33.1046
    endloop
  endfacet
  facet normal -0.318943 -0.938795 0.130152
    outer loop
      vertex -44.6005 42.4502 33.3121
      vertex -44.611 42.425 33.1046
      vertex -44.4132 42.3578 33.1046
    endloop
  endfacet
  facet normal -0.29697 -0.87515 -0.381996
    outer loop
      vertex -44.3714 42.5139 32.2923
      vertex -44.5798 42.5002 32.4857
      vertex -44.5491 42.5742 32.2923
    endloop
  endfacet
  facet normal -0.768408 -0.51342 -0.382033
    outer loop
      vertex -45.202 42.9777 32.4857
      vertex -45.2169 43 32.4857
      vertex -45.1729 43 32.3972
    endloop
  endfacet
  facet normal -0.442034 -0.896998 0
    outer loop
      vertex -44.7983 42.5173 32.8954
      vertex -44.611 42.425 33.1046
      vertex -44.7983 42.5173 33.1046
    endloop
  endfacet
  facet normal -0.442034 -0.896998 -0
    outer loop
      vertex -44.611 42.425 33.1046
      vertex -44.7983 42.5173 32.8954
      vertex -44.611 42.425 32.8954
    endloop
  endfacet
  facet normal 0.0567823 -0.864661 -0.499136
    outer loop
      vertex -43.8127 42.4773 32.2923
      vertex -44 42.465 32.2923
      vertex -44 42.5696 32.1111
    endloop
  endfacet
  facet normal -0.193258 -0.972465 -0.130245
    outer loop
      vertex -44.2084 42.3171 32.8954
      vertex -44.4132 42.3578 32.8954
      vertex -44.4062 42.3842 32.6879
    endloop
  endfacet
  facet normal -0.318894 -0.938805 -0.130201
    outer loop
      vertex -44.4132 42.3578 32.8954
      vertex -44.6005 42.4502 32.6879
      vertex -44.4062 42.3842 32.6879
    endloop
  endfacet
  facet normal 0.0633543 -0.963961 -0.258391
    outer loop
      vertex -43.8022 42.3979 32.4857
      vertex -44 42.3307 32.6879
      vertex -44 42.3849 32.4857
    endloop
  endfacet
  facet normal 0.427358 -0.866483 0.258014
    outer loop
      vertex -43.2154 42.541 33.3121
      vertex -43.4202 42.5002 33.5143
      vertex -43.3995 42.4502 33.3121
    endloop
  endfacet
  facet normal -0.609606 -0.694794 0.38163
    outer loop
      vertex -44.8736 42.7615 33.7077
      vertex -45.0147 42.8853 33.7077
      vertex -44.9223 42.698 33.5143
    endloop
  endfacet
  facet normal 0.154984 -0.778957 0.607623
    outer loop
      vertex -43.6887 42.738 34.055
      vertex -43.843 42.7073 34.055
      vertex -43.6557 42.615 33.8889
    endloop
  endfacet
  facet normal 0.060562 -0.922216 0.381902
    outer loop
      vertex -43.8127 42.4773 33.7077
      vertex -44 42.465 33.7077
      vertex -43.8022 42.3979 33.5143
    endloop
  endfacet
  facet normal 0.318894 -0.938805 0.130201
    outer loop
      vertex -43.3995 42.4502 33.3121
      vertex -43.5938 42.3842 33.3121
      vertex -43.5868 42.3578 33.1046
    endloop
  endfacet
  facet normal -0.169268 -0.849823 0.499148
    outer loop
      vertex -44.1736 42.581 33.8889
      vertex -44.3443 42.615 33.8889
      vertex -44.1873 42.4773 33.7077
    endloop
  endfacet
  facet normal -0.32168 -0.946849 0
    outer loop
      vertex -44.611 42.425 32.8954
      vertex -44.4132 42.3578 33.1046
      vertex -44.611 42.425 33.1046
    endloop
  endfacet
  facet normal -0.32168 -0.946849 -0
    outer loop
      vertex -44.4132 42.3578 33.1046
      vertex -44.611 42.425 32.8954
      vertex -44.4132 42.3578 32.8954
    endloop
  endfacet
  facet normal 0.0635446 -0.963995 0.258216
    outer loop
      vertex -43.8022 42.3979 33.5143
      vertex -44 42.3307 33.3121
      vertex -43.7952 42.3442 33.3121
    endloop
  endfacet
  facet normal -0.441273 -0.660312 0.607672
    outer loop
      vertex -44.7323 42.9456 34.055
      vertex -44.8099 42.8446 33.8889
      vertex -44.6652 42.7479 33.8889
    endloop
  endfacet
  facet normal -0.137958 -0.693895 0.706737
    outer loop
      vertex -44.1377 42.8541 34.2029
      vertex -44.273 42.881 34.2029
      vertex -44.157 42.7073 34.055
    endloop
  endfacet
  facet normal -0.29697 -0.87515 0.381996
    outer loop
      vertex -44.5491 42.5742 33.7077
      vertex -44.5798 42.5002 33.5143
      vertex -44.3714 42.5139 33.7077
    endloop
  endfacet
  facet normal -0.383321 -0.777096 0.499186
    outer loop
      vertex -44.6652 42.7479 33.8889
      vertex -44.7175 42.6573 33.7077
      vertex -44.5091 42.6709 33.8889
    endloop
  endfacet
  facet normal 0.726145 -0.637201 -0.25824
    outer loop
      vertex -42.8904 42.7904 32.6879
      vertex -42.9287 42.8287 32.4857
      vertex -42.755 42.9447 32.6879
    endloop
  endfacet
  facet normal 0.752013 -0.659148 0
    outer loop
      vertex -42.8711 42.771 33.1046
      vertex -42.7334 42.9281 32.8954
      vertex -42.7334 42.9281 33.1046
    endloop
  endfacet
  facet normal 0.752013 -0.659148 0
    outer loop
      vertex -42.7334 42.9281 32.8954
      vertex -42.8711 42.771 33.1046
      vertex -42.8711 42.771 32.8954
    endloop
  endfacet
  facet normal 0.536671 -0.8033 0.258252
    outer loop
      vertex -43.0777 42.698 33.5143
      vertex -43.2425 42.5879 33.5143
      vertex -43.2154 42.541 33.3121
    endloop
  endfacet
  facet normal 0.571353 -0.651195 0.499501
    outer loop
      vertex -42.9853 42.8853 33.7077
      vertex -43.1901 42.8446 33.8889
      vertex -43.1264 42.7615 33.7077
    endloop
  endfacet
  facet normal 0.571353 -0.651195 -0.499501
    outer loop
      vertex -43.1264 42.7615 32.2923
      vertex -43.1901 42.8446 32.1111
      vertex -42.9853 42.8853 32.2923
    endloop
  endfacet
  facet normal 0.651344 -0.571326 -0.499337
    outer loop
      vertex -42.9625 43 32.1908
      vertex -43.0593 42.9593 32.1111
      vertex -43.0236 43 32.1111
    endloop
  endfacet
  facet normal 0.651341 -0.571337 -0.499328
    outer loop
      vertex -43.0593 42.9593 32.1111
      vertex -42.9625 43 32.1908
      vertex -42.9853 42.8853 32.2923
    endloop
  endfacet
  facet normal 0.255118 -0.75212 -0.607644
    outer loop
      vertex -43.6557 42.615 32.1111
      vertex -43.6887 42.738 31.945
      vertex -43.4909 42.6709 32.1111
    endloop
  endfacet
  facet normal -0.0633543 -0.963961 -0.258391
    outer loop
      vertex -44 42.3307 32.6879
      vertex -44.1978 42.3979 32.4857
      vertex -44 42.3849 32.4857
    endloop
  endfacet
  facet normal 0.393326 -0.588235 -0.706594
    outer loop
      vertex -43.2677 42.9456 31.945
      vertex -43.3703 43 31.8426
      vertex -43.3094 43 31.8765
    endloop
  endfacet
  facet normal 0.393173 -0.58841 -0.706533
    outer loop
      vertex -43.3703 43 31.8426
      vertex -43.2677 42.9456 31.945
      vertex -43.3985 42.8582 31.945
    endloop
  endfacet
  facet normal 0.481451 -0.720434 -0.499179
    outer loop
      vertex -43.2825 42.6573 32.2923
      vertex -43.3348 42.7479 32.1111
      vertex -43.1901 42.8446 32.1111
    endloop
  endfacet
  facet normal 0.0369793 -0.608861 -0.792414
    outer loop
      vertex -43.8623 42.8541 31.7971
      vertex -43.8965 43 31.6834
      vertex -43.8815 43 31.6841
    endloop
  endfacet
  facet normal 0.0402007 -0.608312 -0.792679
    outer loop
      vertex -43.8965 43 31.6834
      vertex -43.8623 42.8541 31.7971
      vertex -44 42.845 31.7971
    endloop
  endfacet
  facet normal -0.523782 -0.596958 -0.607695
    outer loop
      vertex -44.8099 42.8446 32.1111
      vertex -44.7943 43 31.945
      vertex -44.7323 42.9456 31.945
    endloop
  endfacet
  facet normal -0.523989 -0.596854 -0.607618
    outer loop
      vertex -44.7943 43 31.945
      vertex -44.8099 42.8446 32.1111
      vertex -44.8408 43 31.9851
    endloop
  endfacet
  facet normal -0.227516 -0.669957 -0.706678
    outer loop
      vertex -44.3113 42.738 31.945
      vertex -44.4603 42.7886 31.945
      vertex -44.273 42.881 31.7971
    endloop
  endfacet
  facet normal -0.255343 -0.751899 -0.607822
    outer loop
      vertex -44.3113 42.738 31.945
      vertex -44.5091 42.6709 32.1111
      vertex -44.4603 42.7886 31.945
    endloop
  endfacet
  facet normal 0.0606094 -0.922196 0.381944
    outer loop
      vertex -44 42.465 33.7077
      vertex -44 42.3849 33.5143
      vertex -43.8022 42.3979 33.5143
    endloop
  endfacet
  facet normal -0.180082 -0.906477 0.381929
    outer loop
      vertex -44.1873 42.4773 33.7077
      vertex -44.3921 42.4365 33.5143
      vertex -44.1978 42.3979 33.5143
    endloop
  endfacet
  facet normal 0.0567808 -0.864662 0.499135
    outer loop
      vertex -43.8264 42.581 33.8889
      vertex -44 42.5696 33.8889
      vertex -43.8127 42.4773 33.7077
    endloop
  endfacet
  facet normal 0.745272 -0.653985 0.129899
    outer loop
      vertex -42.755 42.9447 33.3121
      vertex -42.8904 42.7904 33.3121
      vertex -42.7334 42.9281 33.1046
    endloop
  endfacet
  facet normal 0.441273 -0.660312 0.607672
    outer loop
      vertex -43.2677 42.9456 34.055
      vertex -43.3348 42.7479 33.8889
      vertex -43.1901 42.8446 33.8889
    endloop
  endfacet
  facet normal 0.393033 -0.588427 0.706596
    outer loop
      vertex -43.4521 43 34.2029
      vertex -43.3985 42.8582 34.055
      vertex -43.3703 43 34.1574
    endloop
  endfacet
  facet normal 0.392475 -0.588713 0.706668
    outer loop
      vertex -43.3985 42.8582 34.055
      vertex -43.4521 43 34.2029
      vertex -43.4725 42.9864 34.2029
    endloop
  endfacet
  facet normal -0.694971 -0.609166 0.382012
    outer loop
      vertex -45.0147 42.8853 33.7077
      vertex -45.1729 43 33.6028
      vertex -45.202 42.9777 33.5143
    endloop
  endfacet
  facet normal -0.694921 -0.609495 0.381577
    outer loop
      vertex -45.1729 43 33.6028
      vertex -45.0147 42.8853 33.7077
      vertex -45.1153 43 33.7077
    endloop
  endfacet
  facet normal -0.188246 -0.947568 0.25822
    outer loop
      vertex -44.3921 42.4365 33.5143
      vertex -44.4062 42.3842 33.3121
      vertex -44.1978 42.3979 33.5143
    endloop
  endfacet
  facet normal -0.383416 -0.776984 0.499288
    outer loop
      vertex -44.5091 42.6709 33.8889
      vertex -44.7175 42.6573 33.7077
      vertex -44.5491 42.5742 33.7077
    endloop
  endfacet
  facet normal -0.55067 -0.824556 0.129887
    outer loop
      vertex -44.9553 42.655 33.3121
      vertex -44.9719 42.6334 33.1046
      vertex -44.7846 42.541 33.3121
    endloop
  endfacet
  facet normal -0.409006 -0.828738 -0.381979
    outer loop
      vertex -44.5798 42.5002 32.4857
      vertex -44.7575 42.5879 32.4857
      vertex -44.7175 42.6573 32.2923
    endloop
  endfacet
  facet normal -0.803283 -0.536722 -0.258198
    outer loop
      vertex -45.202 42.9777 32.4857
      vertex -45.2637 43 32.6313
      vertex -45.2169 43 32.4857
    endloop
  endfacet
  facet normal -0.803566 -0.536202 -0.258398
    outer loop
      vertex -45.2637 43 32.6313
      vertex -45.202 42.9777 32.4857
      vertex -45.245 42.9447 32.6879
    endloop
  endfacet
  facet normal -0.694837 -0.609498 0.381724
    outer loop
      vertex -45.0147 42.8853 33.7077
      vertex -45.202 42.9777 33.5143
      vertex -45.0713 42.8287 33.5143
    endloop
  endfacet
  facet normal -0.745272 -0.653985 0.129899
    outer loop
      vertex -45.245 42.9447 33.3121
      vertex -45.2666 42.9281 33.1046
      vertex -45.1096 42.7904 33.3121
    endloop
  endfacet
  facet normal -0.188246 -0.947568 -0.25822
    outer loop
      vertex -44.1978 42.3979 32.4857
      vertex -44.4062 42.3842 32.6879
      vertex -44.3921 42.4365 32.4857
    endloop
  endfacet
  facet normal -0.726145 -0.637201 -0.25824
    outer loop
      vertex -45.1096 42.7904 32.6879
      vertex -45.245 42.9447 32.6879
      vertex -45.0713 42.8287 32.4857
    endloop
  endfacet
  facet normal -0.31072 -0.91474 0.258269
    outer loop
      vertex -44.3921 42.4365 33.5143
      vertex -44.6005 42.4502 33.3121
      vertex -44.4062 42.3842 33.3121
    endloop
  endfacet
  facet normal -0.193142 -0.972472 -0.130358
    outer loop
      vertex -44.2084 42.3171 32.8954
      vertex -44.4062 42.3842 32.6879
      vertex -44.2048 42.3442 32.6879
    endloop
  endfacet
  facet normal -0.180198 -0.906408 -0.382038
    outer loop
      vertex -44.1873 42.4773 32.2923
      vertex -44.3921 42.4365 32.4857
      vertex -44.3714 42.5139 32.2923
    endloop
  endfacet
  facet normal -0.409006 -0.828738 0.381979
    outer loop
      vertex -44.7175 42.6573 33.7077
      vertex -44.7575 42.5879 33.5143
      vertex -44.5798 42.5002 33.5143
    endloop
  endfacet
  facet normal -0.480964 -0.720523 0.499519
    outer loop
      vertex -44.8099 42.8446 33.8889
      vertex -44.8736 42.7615 33.7077
      vertex -44.7175 42.6573 33.7077
    endloop
  endfacet
  facet normal 0.312834 -0.634657 0.706644
    outer loop
      vertex -43.4725 42.9864 34.2029
      vertex -43.5397 42.7886 34.055
      vertex -43.3985 42.8582 34.055
    endloop
  endfacet
  facet normal -0.227571 -0.669901 0.706714
    outer loop
      vertex -44.4037 42.9254 34.2029
      vertex -44.4603 42.7886 34.055
      vertex -44.273 42.881 34.2029
    endloop
  endfacet
  facet normal 0.65353 -0.74567 0.129904
    outer loop
      vertex -42.8711 42.771 33.1046
      vertex -43.0447 42.655 33.3121
      vertex -43.0281 42.6334 33.1046
    endloop
  endfacet
  facet normal 0.31072 -0.91474 0.258269
    outer loop
      vertex -43.3995 42.4502 33.3121
      vertex -43.6079 42.4365 33.5143
      vertex -43.5938 42.3842 33.3121
    endloop
  endfacet
  facet normal 0.383321 -0.777096 0.499186
    outer loop
      vertex -43.3348 42.7479 33.8889
      vertex -43.4909 42.6709 33.8889
      vertex -43.2825 42.6573 33.7077
    endloop
  endfacet
  facet normal 0.427553 -0.866319 0.258244
    outer loop
      vertex -43.2425 42.5879 33.5143
      vertex -43.4202 42.5002 33.5143
      vertex -43.2154 42.541 33.3121
    endloop
  endfacet
  facet normal 0.296994 -0.875131 0.382021
    outer loop
      vertex -43.4202 42.5002 33.5143
      vertex -43.6286 42.5139 33.7077
      vertex -43.6079 42.4365 33.5143
    endloop
  endfacet
  facet normal 0.255118 -0.75212 0.607644
    outer loop
      vertex -43.4909 42.6709 33.8889
      vertex -43.6887 42.738 34.055
      vertex -43.6557 42.615 33.8889
    endloop
  endfacet
  facet normal 0.0633543 -0.963961 0.258391
    outer loop
      vertex -44 42.3849 33.5143
      vertex -44 42.3307 33.3121
      vertex -43.8022 42.3979 33.5143
    endloop
  endfacet
  facet normal -0.193258 -0.972465 0.130245
    outer loop
      vertex -44.4062 42.3842 33.3121
      vertex -44.4132 42.3578 33.1046
      vertex -44.2084 42.3171 33.1046
    endloop
  endfacet
  facet normal -0.0606094 -0.922196 0.381944
    outer loop
      vertex -44 42.465 33.7077
      vertex -44.1978 42.3979 33.5143
      vertex -44 42.3849 33.5143
    endloop
  endfacet
  facet normal -0.427358 -0.866483 0.258014
    outer loop
      vertex -44.5798 42.5002 33.5143
      vertex -44.7846 42.541 33.3121
      vertex -44.6005 42.4502 33.3121
    endloop
  endfacet
  facet normal -0.278415 -0.820469 0.499315
    outer loop
      vertex -44.5091 42.6709 33.8889
      vertex -44.5491 42.5742 33.7077
      vertex -44.3714 42.5139 33.7077
    endloop
  endfacet
  facet normal -0.188201 -0.94759 -0.258175
    outer loop
      vertex -44.2048 42.3442 32.6879
      vertex -44.4062 42.3842 32.6879
      vertex -44.1978 42.3979 32.4857
    endloop
  endfacet
  facet normal 0.0650393 -0.989357 -0.130166
    outer loop
      vertex -43.7916 42.3171 32.8954
      vertex -44 42.3034 32.8954
      vertex -44 42.3307 32.6879
    endloop
  endfacet
  facet normal -0.180198 -0.906408 0.382038
    outer loop
      vertex -44.3714 42.5139 33.7077
      vertex -44.3921 42.4365 33.5143
      vertex -44.1873 42.4773 33.7077
    endloop
  endfacet
  facet normal -0.168935 -0.849752 0.499382
    outer loop
      vertex -44.3443 42.615 33.8889
      vertex -44.3714 42.5139 33.7077
      vertex -44.1873 42.4773 33.7077
    endloop
  endfacet
  facet normal -0.408958 -0.828744 0.382017
    outer loop
      vertex -44.5491 42.5742 33.7077
      vertex -44.7175 42.6573 33.7077
      vertex -44.5798 42.5002 33.5143
    endloop
  endfacet
  facet normal -0.536512 -0.803357 0.258404
    outer loop
      vertex -44.9223 42.698 33.5143
      vertex -44.9553 42.655 33.3121
      vertex -44.7846 42.541 33.3121
    endloop
  endfacet
  facet normal -0.052037 -0.792423 0.607748
    outer loop
      vertex -44.157 42.7073 34.055
      vertex -44.1736 42.581 33.8889
      vertex -44 42.5696 33.8889
    endloop
  endfacet
  facet normal -0.26823 -0.547607 0.792577
    outer loop
      vertex -44.3728 43 34.2649
      vertex -44.4186 43 34.2494
      vertex -44.4037 42.9254 34.2029
    endloop
  endfacet
  facet normal 0.637036 -0.726231 -0.258408
    outer loop
      vertex -43.0447 42.655 32.6879
      vertex -43.0777 42.698 32.4857
      vertex -42.9287 42.8287 32.4857
    endloop
  endfacet
  facet normal 0.803283 -0.536722 -0.258198
    outer loop
      vertex -42.7363 43 32.6313
      vertex -42.798 42.9777 32.4857
      vertex -42.7831 43 32.4857
    endloop
  endfacet
  facet normal 0.803566 -0.536202 -0.258398
    outer loop
      vertex -42.798 42.9777 32.4857
      vertex -42.7363 43 32.6313
      vertex -42.755 42.9447 32.6879
    endloop
  endfacet
  facet normal 0.442034 -0.896998 0
    outer loop
      vertex -43.389 42.425 32.8954
      vertex -43.2017 42.5173 33.1046
      vertex -43.389 42.425 33.1046
    endloop
  endfacet
  facet normal 0.442034 -0.896998 0
    outer loop
      vertex -43.2017 42.5173 33.1046
      vertex -43.389 42.425 32.8954
      vertex -43.2017 42.5173 32.8954
    endloop
  endfacet
  facet normal 0.55116 -0.824128 0.130519
    outer loop
      vertex -43.0281 42.6334 33.1046
      vertex -43.2154 42.541 33.3121
      vertex -43.2017 42.5173 33.1046
    endloop
  endfacet
  facet normal 0.637201 -0.726145 0.25824
    outer loop
      vertex -42.9287 42.8287 33.5143
      vertex -43.0447 42.655 33.3121
      vertex -42.8904 42.7904 33.3121
    endloop
  endfacet
  facet normal 0.803283 -0.536722 0.258198
    outer loop
      vertex -42.798 42.9777 33.5143
      vertex -42.7363 43 33.3687
      vertex -42.7831 43 33.5143
    endloop
  endfacet
  facet normal 0.803566 -0.536202 0.258398
    outer loop
      vertex -42.7363 43 33.3687
      vertex -42.798 42.9777 33.5143
      vertex -42.755 42.9447 33.3121
    endloop
  endfacet
  facet normal 0.536512 -0.803357 0.258404
    outer loop
      vertex -43.0777 42.698 33.5143
      vertex -43.2154 42.541 33.3121
      vertex -43.0447 42.655 33.3121
    endloop
  endfacet
  facet normal 0.768408 -0.51342 -0.382033
    outer loop
      vertex -42.798 42.9777 32.4857
      vertex -42.8271 43 32.3972
      vertex -42.7831 43 32.4857
    endloop
  endfacet
  facet normal 0.824721 -0.550311 -0.130355
    outer loop
      vertex -42.6979 43 32.8157
      vertex -42.755 42.9447 32.6879
      vertex -42.7181 43 32.6879
    endloop
  endfacet
  facet normal 0.82434 -0.550992 -0.12989
    outer loop
      vertex -42.755 42.9447 32.6879
      vertex -42.6979 43 32.8157
      vertex -42.7334 42.9281 32.8954
    endloop
  endfacet
  facet normal 0.726231 -0.637036 -0.258408
    outer loop
      vertex -42.755 42.9447 32.6879
      vertex -42.9287 42.8287 32.4857
      vertex -42.798 42.9777 32.4857
    endloop
  endfacet
  facet normal 0.55067 -0.824556 -0.129887
    outer loop
      vertex -43.0281 42.6334 32.8954
      vertex -43.2154 42.541 32.6879
      vertex -43.0447 42.655 32.6879
    endloop
  endfacet
  facet normal 0.609606 -0.694794 -0.38163
    outer loop
      vertex -43.0777 42.698 32.4857
      vertex -43.1264 42.7615 32.2923
      vertex -42.9853 42.8853 32.2923
    endloop
  endfacet
  facet normal 0.513171 -0.768771 -0.381636
    outer loop
      vertex -43.0777 42.698 32.4857
      vertex -43.2825 42.6573 32.2923
      vertex -43.1264 42.7615 32.2923
    endloop
  endfacet
  facet normal 0.523795 -0.596622 -0.608013
    outer loop
      vertex -43.0593 42.9593 32.1111
      vertex -43.1592 43 31.9851
      vertex -43.1 43 32.0361
    endloop
  endfacet
  facet normal 0.523506 -0.596989 -0.607903
    outer loop
      vertex -43.1592 43 31.9851
      vertex -43.0593 42.9593 32.1111
      vertex -43.1901 42.8446 32.1111
    endloop
  endfacet
  facet normal 0.596861 -0.523536 -0.608002
    outer loop
      vertex -43.0593 42.9593 32.1111
      vertex -43.1 43 32.0361
      vertex -43.0236 43 32.1111
    endloop
  endfacet
  facet normal 0.427553 -0.866319 -0.258244
    outer loop
      vertex -43.2154 42.541 32.6879
      vertex -43.4202 42.5002 32.4857
      vertex -43.2425 42.5879 32.4857
    endloop
  endfacet
  facet normal 0.0652141 -0.989322 -0.130339
    outer loop
      vertex -43.7916 42.3171 32.8954
      vertex -44 42.3307 32.6879
      vertex -43.7952 42.3442 32.6879
    endloop
  endfacet
  facet normal 0.138065 -0.693924 -0.706687
    outer loop
      vertex -43.6887 42.738 31.945
      vertex -43.843 42.7073 31.945
      vertex -43.727 42.881 31.7971
    endloop
  endfacet
  facet normal 0.118985 -0.598187 -0.792474
    outer loop
      vertex -43.727 42.881 31.7971
      vertex -43.8627 43 31.6869
      vertex -43.7588 43 31.7025
    endloop
  endfacet
  facet normal -0.466723 -0.531927 -0.706557
    outer loop
      vertex -44.7323 42.9456 31.945
      vertex -44.7943 43 31.945
      vertex -44.6906 43 31.8765
    endloop
  endfacet
  facet normal -0.441273 -0.660312 -0.607672
    outer loop
      vertex -44.6652 42.7479 32.1111
      vertex -44.8099 42.8446 32.1111
      vertex -44.7323 42.9456 31.945
    endloop
  endfacet
  facet normal -0.392475 -0.588713 -0.706668
    outer loop
      vertex -44.6015 42.8582 31.945
      vertex -44.5479 43 31.7971
      vertex -44.5275 42.9864 31.7971
    endloop
  endfacet
  facet normal -0.393033 -0.588427 -0.706596
    outer loop
      vertex -44.5479 43 31.7971
      vertex -44.6015 42.8582 31.945
      vertex -44.6297 43 31.8426
    endloop
  endfacet
  facet normal -0.227571 -0.669901 -0.706714
    outer loop
      vertex -44.273 42.881 31.7971
      vertex -44.4603 42.7886 31.945
      vertex -44.4037 42.9254 31.7971
    endloop
  endfacet
  facet normal -0.312714 -0.634656 -0.706698
    outer loop
      vertex -44.4603 42.7886 31.945
      vertex -44.5275 42.9864 31.7971
      vertex -44.4037 42.9254 31.7971
    endloop
  endfacet
  facet normal 0.169268 -0.849823 -0.499148
    outer loop
      vertex -43.8127 42.4773 32.2923
      vertex -43.8264 42.581 32.1111
      vertex -43.6557 42.615 32.1111
    endloop
  endfacet
  facet normal -0.383416 -0.776984 -0.499288
    outer loop
      vertex -44.5491 42.5742 32.2923
      vertex -44.7175 42.6573 32.2923
      vertex -44.5091 42.6709 32.1111
    endloop
  endfacet
  facet normal -0.408958 -0.828744 -0.382017
    outer loop
      vertex -44.5798 42.5002 32.4857
      vertex -44.7175 42.6573 32.2923
      vertex -44.5491 42.5742 32.2923
    endloop
  endfacet
  facet normal -0.0514674 -0.792194 -0.608096
    outer loop
      vertex -44 42.5696 32.1111
      vertex -44.157 42.7073 31.945
      vertex -44 42.6971 31.945
    endloop
  endfacet
  facet normal -0.824076 -0.551294 -0.130281
    outer loop
      vertex -45.2666 42.9281 32.8954
      vertex -45.3147 43 32.8954
      vertex -45.3021 43 32.8157
    endloop
  endfacet
  facet normal 0.466723 -0.531927 0.706557
    outer loop
      vertex -43.2057 43 34.055
      vertex -43.3094 43 34.1235
      vertex -43.2677 42.9456 34.055
    endloop
  endfacet
  facet normal -0.0514674 -0.792194 0.608096
    outer loop
      vertex -44 42.6971 34.055
      vertex -44.157 42.7073 34.055
      vertex -44 42.5696 33.8889
    endloop
  endfacet
  facet normal 0.188246 -0.947568 0.25822
    outer loop
      vertex -43.6079 42.4365 33.5143
      vertex -43.8022 42.3979 33.5143
      vertex -43.5938 42.3842 33.3121
    endloop
  endfacet
  facet normal 0.0567823 -0.864661 0.499136
    outer loop
      vertex -44 42.5696 33.8889
      vertex -44 42.465 33.7077
      vertex -43.8127 42.4773 33.7077
    endloop
  endfacet
  facet normal 0.523795 -0.596622 0.608013
    outer loop
      vertex -43.1592 43 34.0149
      vertex -43.0593 42.9593 33.8889
      vertex -43.1 43 33.9639
    endloop
  endfacet
  facet normal 0.523506 -0.596989 0.607903
    outer loop
      vertex -43.0593 42.9593 33.8889
      vertex -43.1592 43 34.0149
      vertex -43.1901 42.8446 33.8889
    endloop
  endfacet
  facet normal 0.694837 -0.609498 0.381724
    outer loop
      vertex -42.798 42.9777 33.5143
      vertex -42.9853 42.8853 33.7077
      vertex -42.9287 42.8287 33.5143
    endloop
  endfacet
  facet normal -0.80357 -0.536198 0.258392
    outer loop
      vertex -45.2637 43 33.3687
      vertex -45.2819 43 33.3121
      vertex -45.245 42.9447 33.3121
    endloop
  endfacet
  facet normal -0.745587 -0.653516 0.130448
    outer loop
      vertex -45.1096 42.7904 33.3121
      vertex -45.2666 42.9281 33.1046
      vertex -45.1289 42.771 33.1046
    endloop
  endfacet
  facet normal -0.637201 -0.726145 0.25824
    outer loop
      vertex -45.0713 42.8287 33.5143
      vertex -45.1096 42.7904 33.3121
      vertex -44.9553 42.655 33.3121
    endloop
  endfacet
  facet normal -0.653933 -0.745213 0.130497
    outer loop
      vertex -45.1096 42.7904 33.3121
      vertex -45.1289 42.771 33.1046
      vertex -44.9553 42.655 33.3121
    endloop
  endfacet
  facet normal -0.824721 -0.550311 0.130355
    outer loop
      vertex -45.3021 43 33.1843
      vertex -45.245 42.9447 33.3121
      vertex -45.2819 43 33.3121
    endloop
  endfacet
  facet normal -0.82434 -0.550992 0.12989
    outer loop
      vertex -45.245 42.9447 33.3121
      vertex -45.3021 43 33.1843
      vertex -45.2666 42.9281 33.1046
    endloop
  endfacet
  facet normal -0.659115 -0.752042 0
    outer loop
      vertex -45.1289 42.771 32.8954
      vertex -44.9719 42.6334 33.1046
      vertex -45.1289 42.771 33.1046
    endloop
  endfacet
  facet normal -0.659115 -0.752042 -0
    outer loop
      vertex -44.9719 42.6334 33.1046
      vertex -45.1289 42.771 32.8954
      vertex -44.9719 42.6334 32.8954
    endloop
  endfacet
  facet normal -0.726231 -0.637036 -0.258408
    outer loop
      vertex -45.0713 42.8287 32.4857
      vertex -45.245 42.9447 32.6879
      vertex -45.202 42.9777 32.4857
    endloop
  endfacet
  facet normal -0.513171 -0.768771 -0.381636
    outer loop
      vertex -44.7175 42.6573 32.2923
      vertex -44.9223 42.698 32.4857
      vertex -44.8736 42.7615 32.2923
    endloop
  endfacet
  facet normal -0.694921 -0.609495 -0.381577
    outer loop
      vertex -45.0147 42.8853 32.2923
      vertex -45.1729 43 32.3972
      vertex -45.1153 43 32.2923
    endloop
  endfacet
  facet normal -0.694971 -0.609166 -0.382012
    outer loop
      vertex -45.1729 43 32.3972
      vertex -45.0147 42.8853 32.2923
      vertex -45.202 42.9777 32.4857
    endloop
  endfacet
  facet normal -0.726145 -0.637201 0.25824
    outer loop
      vertex -45.0713 42.8287 33.5143
      vertex -45.245 42.9447 33.3121
      vertex -45.1096 42.7904 33.3121
    endloop
  endfacet
  facet normal -0.726231 -0.637036 0.258408
    outer loop
      vertex -45.202 42.9777 33.5143
      vertex -45.245 42.9447 33.3121
      vertex -45.0713 42.8287 33.5143
    endloop
  endfacet
  facet normal -0.55116 -0.824128 0.130519
    outer loop
      vertex -44.7846 42.541 33.3121
      vertex -44.9719 42.6334 33.1046
      vertex -44.7983 42.5173 33.1046
    endloop
  endfacet
  facet normal -0.555915 -0.831239 0
    outer loop
      vertex -44.9719 42.6334 32.8954
      vertex -44.7983 42.5173 33.1046
      vertex -44.9719 42.6334 33.1046
    endloop
  endfacet
  facet normal -0.555915 -0.831239 -0
    outer loop
      vertex -44.7983 42.5173 33.1046
      vertex -44.9719 42.6334 32.8954
      vertex -44.7983 42.5173 32.8954
    endloop
  endfacet
  facet normal -0.318894 -0.938805 0.130201
    outer loop
      vertex -44.4062 42.3842 33.3121
      vertex -44.6005 42.4502 33.3121
      vertex -44.4132 42.3578 33.1046
    endloop
  endfacet
  facet normal -0.31072 -0.91474 -0.258269
    outer loop
      vertex -44.4062 42.3842 32.6879
      vertex -44.6005 42.4502 32.6879
      vertex -44.3921 42.4365 32.4857
    endloop
  endfacet
  facet normal -0.310487 -0.91489 -0.25802
    outer loop
      vertex -44.3921 42.4365 32.4857
      vertex -44.6005 42.4502 32.6879
      vertex -44.5798 42.5002 32.4857
    endloop
  endfacet
  facet normal -0.0635446 -0.963995 -0.258216
    outer loop
      vertex -44 42.3307 32.6879
      vertex -44.2048 42.3442 32.6879
      vertex -44.1978 42.3979 32.4857
    endloop
  endfacet
  facet normal -0.0652141 -0.989322 -0.130339
    outer loop
      vertex -44 42.3307 32.6879
      vertex -44.2084 42.3171 32.8954
      vertex -44.2048 42.3442 32.6879
    endloop
  endfacet
  facet normal -0.651389 -0.571314 0.499291
    outer loop
      vertex -45.0375 43 33.8092
      vertex -45.1153 43 33.7077
      vertex -45.0147 42.8853 33.7077
    endloop
  endfacet
  facet normal -0.481451 -0.720434 0.499179
    outer loop
      vertex -44.6652 42.7479 33.8889
      vertex -44.8099 42.8446 33.8889
      vertex -44.7175 42.6573 33.7077
    endloop
  endfacet
  facet normal -0.0466511 -0.705918 0.706756
    outer loop
      vertex -44.1377 42.8541 34.2029
      vertex -44.157 42.7073 34.055
      vertex -44 42.845 34.2029
    endloop
  endfacet
  facet normal -0.338639 -0.507959 0.792024
    outer loop
      vertex -44.5196 43 34.215
      vertex -44.5479 43 34.2029
      vertex -44.5275 42.9864 34.2029
    endloop
  endfacet
  facet normal 0.168935 -0.849752 0.499382
    outer loop
      vertex -43.6557 42.615 33.8889
      vertex -43.8127 42.4773 33.7077
      vertex -43.6286 42.5139 33.7077
    endloop
  endfacet
  facet normal 0.310487 -0.91489 0.25802
    outer loop
      vertex -43.4202 42.5002 33.5143
      vertex -43.6079 42.4365 33.5143
      vertex -43.3995 42.4502 33.3121
    endloop
  endfacet
  facet normal 0.180198 -0.906408 0.382038
    outer loop
      vertex -43.6286 42.5139 33.7077
      vertex -43.8127 42.4773 33.7077
      vertex -43.6079 42.4365 33.5143
    endloop
  endfacet
  facet normal 0.409006 -0.828738 0.381979
    outer loop
      vertex -43.2825 42.6573 33.7077
      vertex -43.4202 42.5002 33.5143
      vertex -43.2425 42.5879 33.5143
    endloop
  endfacet
  facet normal 0.188201 -0.94759 0.258175
    outer loop
      vertex -43.5938 42.3842 33.3121
      vertex -43.8022 42.3979 33.5143
      vertex -43.7952 42.3442 33.3121
    endloop
  endfacet
  facet normal 0.0650393 -0.989357 0.130166
    outer loop
      vertex -44 42.3307 33.3121
      vertex -44 42.3034 33.1046
      vertex -43.7916 42.3171 33.1046
    endloop
  endfacet
  facet normal 0.193258 -0.972465 0.130245
    outer loop
      vertex -43.5938 42.3842 33.3121
      vertex -43.7916 42.3171 33.1046
      vertex -43.5868 42.3578 33.1046
    endloop
  endfacet
  facet normal -0.0650393 -0.989357 0.130166
    outer loop
      vertex -44 42.3307 33.3121
      vertex -44.2084 42.3171 33.1046
      vertex -44 42.3034 33.1046
    endloop
  endfacet
  facet normal -0.155131 -0.778847 0.607727
    outer loop
      vertex -44.157 42.7073 34.055
      vertex -44.3443 42.615 33.8889
      vertex -44.1736 42.581 33.8889
    endloop
  endfacet
  facet normal -0.227516 -0.669957 0.706678
    outer loop
      vertex -44.273 42.881 34.2029
      vertex -44.4603 42.7886 34.055
      vertex -44.3113 42.738 34.055
    endloop
  endfacet
  facet normal 0.193142 -0.972472 0.130358
    outer loop
      vertex -43.5938 42.3842 33.3121
      vertex -43.7952 42.3442 33.3121
      vertex -43.7916 42.3171 33.1046
    endloop
  endfacet
  facet normal -0.0655974 -0.997846 0
    outer loop
      vertex -44.2084 42.3171 32.8954
      vertex -44 42.3034 33.1046
      vertex -44.2084 42.3171 33.1046
    endloop
  endfacet
  facet normal -0.0655974 -0.997846 -0
    outer loop
      vertex -44 42.3034 33.1046
      vertex -44.2084 42.3171 32.8954
      vertex -44 42.3034 32.8954
    endloop
  endfacet
  facet normal -0.438571 -0.889217 0.130184
    outer loop
      vertex -44.6005 42.4502 33.3121
      vertex -44.7846 42.541 33.3121
      vertex -44.611 42.425 33.1046
    endloop
  endfacet
  facet normal -0.427553 -0.866319 0.258244
    outer loop
      vertex -44.7575 42.5879 33.5143
      vertex -44.7846 42.541 33.3121
      vertex -44.5798 42.5002 33.5143
    endloop
  endfacet
  facet normal -0.310487 -0.91489 0.25802
    outer loop
      vertex -44.5798 42.5002 33.5143
      vertex -44.6005 42.4502 33.3121
      vertex -44.3921 42.4365 33.5143
    endloop
  endfacet
  facet normal -0.296994 -0.875131 0.382021
    outer loop
      vertex -44.3714 42.5139 33.7077
      vertex -44.5798 42.5002 33.5143
      vertex -44.3921 42.4365 33.5143
    endloop
  endfacet
  facet normal -0.255343 -0.751899 0.607822
    outer loop
      vertex -44.4603 42.7886 34.055
      vertex -44.5091 42.6709 33.8889
      vertex -44.3113 42.738 34.055
    endloop
  endfacet
  facet normal -0.255118 -0.75212 0.607644
    outer loop
      vertex -44.3113 42.738 34.055
      vertex -44.5091 42.6709 33.8889
      vertex -44.3443 42.615 33.8889
    endloop
  endfacet
  facet normal 0.745272 -0.653985 -0.129899
    outer loop
      vertex -42.7334 42.9281 32.8954
      vertex -42.8904 42.7904 32.6879
      vertex -42.755 42.9447 32.6879
    endloop
  endfacet
  facet normal 0.745587 -0.653516 -0.130448
    outer loop
      vertex -42.8711 42.771 32.8954
      vertex -42.8904 42.7904 32.6879
      vertex -42.7334 42.9281 32.8954
    endloop
  endfacet
  facet normal 0.659115 -0.752042 0
    outer loop
      vertex -43.0281 42.6334 32.8954
      vertex -42.8711 42.771 33.1046
      vertex -43.0281 42.6334 33.1046
    endloop
  endfacet
  facet normal 0.659115 -0.752042 0
    outer loop
      vertex -42.8711 42.771 33.1046
      vertex -43.0281 42.6334 32.8954
      vertex -42.8711 42.771 32.8954
    endloop
  endfacet
  facet normal 0.555915 -0.831239 0
    outer loop
      vertex -43.2017 42.5173 32.8954
      vertex -43.0281 42.6334 33.1046
      vertex -43.2017 42.5173 33.1046
    endloop
  endfacet
  facet normal 0.555915 -0.831239 0
    outer loop
      vertex -43.0281 42.6334 33.1046
      vertex -43.2017 42.5173 32.8954
      vertex -43.0281 42.6334 32.8954
    endloop
  endfacet
  facet normal 0.513171 -0.768771 0.381636
    outer loop
      vertex -43.1264 42.7615 33.7077
      vertex -43.2825 42.6573 33.7077
      vertex -43.0777 42.698 33.5143
    endloop
  endfacet
  facet normal 0.513399 -0.768467 0.381942
    outer loop
      vertex -43.0777 42.698 33.5143
      vertex -43.2825 42.6573 33.7077
      vertex -43.2425 42.5879 33.5143
    endloop
  endfacet
  facet normal 0.80357 -0.536198 0.258392
    outer loop
      vertex -42.7363 43 33.3687
      vertex -42.755 42.9447 33.3121
      vertex -42.7181 43 33.3121
    endloop
  endfacet
  facet normal 0.726231 -0.637036 0.258408
    outer loop
      vertex -42.798 42.9777 33.5143
      vertex -42.9287 42.8287 33.5143
      vertex -42.755 42.9447 33.3121
    endloop
  endfacet
  facet normal 0.694921 -0.609495 0.381577
    outer loop
      vertex -42.9853 42.8853 33.7077
      vertex -42.8271 43 33.6028
      vertex -42.8847 43 33.7077
    endloop
  endfacet
  facet normal 0.694971 -0.609166 0.382012
    outer loop
      vertex -42.8271 43 33.6028
      vertex -42.9853 42.8853 33.7077
      vertex -42.798 42.9777 33.5143
    endloop
  endfacet
  facet normal 0.651344 -0.571326 0.499337
    outer loop
      vertex -43.0593 42.9593 33.8889
      vertex -42.9625 43 33.8092
      vertex -43.0236 43 33.8889
    endloop
  endfacet
  facet normal 0.651341 -0.571337 0.499328
    outer loop
      vertex -42.9625 43 33.8092
      vertex -43.0593 42.9593 33.8889
      vertex -42.9853 42.8853 33.7077
    endloop
  endfacet
  facet normal 0.694837 -0.609498 -0.381724
    outer loop
      vertex -42.9287 42.8287 32.4857
      vertex -42.9853 42.8853 32.2923
      vertex -42.798 42.9777 32.4857
    endloop
  endfacet
  facet normal 0.83116 -0.556033 0
    outer loop
      vertex -42.7334 42.9281 33.1046
      vertex -42.6853 43 32.8954
      vertex -42.6853 43 33.1046
    endloop
  endfacet
  facet normal 0.83116 -0.556033 0
    outer loop
      vertex -42.6853 43 32.8954
      vertex -42.7334 42.9281 33.1046
      vertex -42.7334 42.9281 32.8954
    endloop
  endfacet
  facet normal 0.824076 -0.551294 -0.130281
    outer loop
      vertex -42.6853 43 32.8954
      vertex -42.7334 42.9281 32.8954
      vertex -42.6979 43 32.8157
    endloop
  endfacet
  facet normal 0.193142 -0.972472 -0.130358
    outer loop
      vertex -43.7916 42.3171 32.8954
      vertex -43.7952 42.3442 32.6879
      vertex -43.5938 42.3842 32.6879
    endloop
  endfacet
  facet normal 0.0635446 -0.963995 -0.258216
    outer loop
      vertex -43.7952 42.3442 32.6879
      vertex -44 42.3307 32.6879
      vertex -43.8022 42.3979 32.4857
    endloop
  endfacet
  facet normal 0.296994 -0.875131 -0.382021
    outer loop
      vertex -43.6079 42.4365 32.4857
      vertex -43.6286 42.5139 32.2923
      vertex -43.4202 42.5002 32.4857
    endloop
  endfacet
  facet normal 0.278415 -0.820469 -0.499315
    outer loop
      vertex -43.4509 42.5742 32.2923
      vertex -43.6286 42.5139 32.2923
      vertex -43.4909 42.6709 32.1111
    endloop
  endfacet
  facet normal 0.31072 -0.91474 -0.258269
    outer loop
      vertex -43.5938 42.3842 32.6879
      vertex -43.6079 42.4365 32.4857
      vertex -43.3995 42.4502 32.6879
    endloop
  endfacet
  facet normal 0.193258 -0.972465 -0.130245
    outer loop
      vertex -43.5868 42.3578 32.8954
      vertex -43.7916 42.3171 32.8954
      vertex -43.5938 42.3842 32.6879
    endloop
  endfacet
  facet normal 0.523989 -0.596854 -0.607618
    outer loop
      vertex -43.1901 42.8446 32.1111
      vertex -43.2057 43 31.945
      vertex -43.1592 43 31.9851
    endloop
  endfacet
  facet normal 0.523782 -0.596958 -0.607695
    outer loop
      vertex -43.2057 43 31.945
      vertex -43.1901 42.8446 32.1111
      vertex -43.2677 42.9456 31.945
    endloop
  endfacet
  facet normal 0.196131 -0.577432 -0.792531
    outer loop
      vertex -43.5963 42.9254 31.7971
      vertex -43.6866 43 31.7204
      vertex -43.6272 43 31.7351
    endloop
  endfacet
  facet normal 0.196153 -0.577414 -0.792538
    outer loop
      vertex -43.6866 43 31.7204
      vertex -43.5963 42.9254 31.7971
      vertex -43.727 42.881 31.7971
    endloop
  endfacet
  facet normal -0.0398321 -0.608163 -0.792812
    outer loop
      vertex -44 42.845 31.7971
      vertex -44.1035 43 31.6834
      vertex -44 43 31.6782
    endloop
  endfacet
  facet normal 0.118937 -0.598223 -0.792454
    outer loop
      vertex -43.8623 42.8541 31.7971
      vertex -43.8627 43 31.6869
      vertex -43.727 42.881 31.7971
    endloop
  endfacet
  facet normal 0.118038 -0.59829 -0.792538
    outer loop
      vertex -43.8627 43 31.6869
      vertex -43.8623 42.8541 31.7971
      vertex -43.8815 43 31.6841
    endloop
  endfacet
  facet normal 0.312834 -0.634657 -0.706644
    outer loop
      vertex -43.3985 42.8582 31.945
      vertex -43.5397 42.7886 31.945
      vertex -43.4725 42.9864 31.7971
    endloop
  endfacet
  facet normal 0.227516 -0.669957 -0.706678
    outer loop
      vertex -43.6887 42.738 31.945
      vertex -43.727 42.881 31.7971
      vertex -43.5397 42.7886 31.945
    endloop
  endfacet
  facet normal -0.169268 -0.849823 -0.499148
    outer loop
      vertex -44.1873 42.4773 32.2923
      vertex -44.3443 42.615 32.1111
      vertex -44.1736 42.581 32.1111
    endloop
  endfacet
  facet normal -0.393173 -0.58841 -0.706533
    outer loop
      vertex -44.7323 42.9456 31.945
      vertex -44.6297 43 31.8426
      vertex -44.6015 42.8582 31.945
    endloop
  endfacet
  facet normal -0.393326 -0.588235 -0.706594
    outer loop
      vertex -44.6297 43 31.8426
      vertex -44.7323 42.9456 31.945
      vertex -44.6906 43 31.8765
    endloop
  endfacet
  facet normal -0.060562 -0.922216 -0.381902
    outer loop
      vertex -44 42.465 32.2923
      vertex -44.1978 42.3979 32.4857
      vertex -44.1873 42.4773 32.2923
    endloop
  endfacet
  facet normal -0.0466511 -0.705918 -0.706756
    outer loop
      vertex -44 42.845 31.7971
      vertex -44.157 42.7073 31.945
      vertex -44.1377 42.8541 31.7971
    endloop
  endfacet
  facet normal -0.045891 -0.706362 -0.706362
    outer loop
      vertex -44 42.6971 31.945
      vertex -44.157 42.7073 31.945
      vertex -44 42.845 31.7971
    endloop
  endfacet
  facet normal -0.80357 -0.536198 -0.258392
    outer loop
      vertex -45.245 42.9447 32.6879
      vertex -45.2819 43 32.6879
      vertex -45.2637 43 32.6313
    endloop
  endfacet
  facet normal 0.052037 -0.792423 0.607748
    outer loop
      vertex -43.843 42.7073 34.055
      vertex -44 42.5696 33.8889
      vertex -43.8264 42.581 33.8889
    endloop
  endfacet
  facet normal 0.155131 -0.778847 0.607727
    outer loop
      vertex -43.6557 42.615 33.8889
      vertex -43.843 42.7073 34.055
      vertex -43.8264 42.581 33.8889
    endloop
  endfacet
  facet normal -0.196131 -0.577432 0.792531
    outer loop
      vertex -44.4037 42.9254 34.2029
      vertex -44.3134 43 34.2796
      vertex -44.3728 43 34.2649
    endloop
  endfacet
  facet normal -0.196153 -0.577414 0.792538
    outer loop
      vertex -44.3134 43 34.2796
      vertex -44.4037 42.9254 34.2029
      vertex -44.273 42.881 34.2029
    endloop
  endfacet
  facet normal 0.180082 -0.906477 0.381929
    outer loop
      vertex -43.6079 42.4365 33.5143
      vertex -43.8127 42.4773 33.7077
      vertex -43.8022 42.3979 33.5143
    endloop
  endfacet
  facet normal 0.408958 -0.828744 0.382017
    outer loop
      vertex -43.2825 42.6573 33.7077
      vertex -43.4509 42.5742 33.7077
      vertex -43.4202 42.5002 33.5143
    endloop
  endfacet
  facet normal 0.651389 -0.571314 0.499291
    outer loop
      vertex -42.9625 43 33.8092
      vertex -42.9853 42.8853 33.7077
      vertex -42.8847 43 33.7077
    endloop
  endfacet
  facet normal 0.596861 -0.523536 0.608002
    outer loop
      vertex -43.0236 43 33.8889
      vertex -43.1 43 33.9639
      vertex -43.0593 42.9593 33.8889
    endloop
  endfacet
  facet normal -0.55116 -0.824128 -0.130519
    outer loop
      vertex -44.7983 42.5173 32.8954
      vertex -44.9719 42.6334 32.8954
      vertex -44.7846 42.541 32.6879
    endloop
  endfacet
  facet normal -0.637036 -0.726231 -0.258408
    outer loop
      vertex -44.9553 42.655 32.6879
      vertex -45.0713 42.8287 32.4857
      vertex -44.9223 42.698 32.4857
    endloop
  endfacet
  facet normal -0.651389 -0.571314 -0.499291
    outer loop
      vertex -45.0147 42.8853 32.2923
      vertex -45.1153 43 32.2923
      vertex -45.0375 43 32.1908
    endloop
  endfacet
  facet normal -0.694837 -0.609498 -0.381724
    outer loop
      vertex -45.0713 42.8287 32.4857
      vertex -45.202 42.9777 32.4857
      vertex -45.0147 42.8853 32.2923
    endloop
  endfacet
  facet normal -0.427553 -0.866319 -0.258244
    outer loop
      vertex -44.5798 42.5002 32.4857
      vertex -44.7846 42.541 32.6879
      vertex -44.7575 42.5879 32.4857
    endloop
  endfacet
  facet normal -0.427358 -0.866483 -0.258014
    outer loop
      vertex -44.6005 42.4502 32.6879
      vertex -44.7846 42.541 32.6879
      vertex -44.5798 42.5002 32.4857
    endloop
  endfacet
  facet normal -0.637036 -0.726231 0.258408
    outer loop
      vertex -44.9223 42.698 33.5143
      vertex -45.0713 42.8287 33.5143
      vertex -44.9553 42.655 33.3121
    endloop
  endfacet
  facet normal -0.609498 -0.694837 0.381724
    outer loop
      vertex -45.0147 42.8853 33.7077
      vertex -45.0713 42.8287 33.5143
      vertex -44.9223 42.698 33.5143
    endloop
  endfacet
  facet normal -0.188201 -0.94759 0.258175
    outer loop
      vertex -44.1978 42.3979 33.5143
      vertex -44.4062 42.3842 33.3121
      vertex -44.2048 42.3442 33.3121
    endloop
  endfacet
  facet normal -0.193142 -0.972472 0.130358
    outer loop
      vertex -44.2048 42.3442 33.3121
      vertex -44.4062 42.3842 33.3121
      vertex -44.2084 42.3171 33.1046
    endloop
  endfacet
  facet normal -0.651344 -0.571326 0.499337
    outer loop
      vertex -45.0375 43 33.8092
      vertex -44.9407 42.9593 33.8889
      vertex -44.9764 43 33.8889
    endloop
  endfacet
  facet normal -0.651341 -0.571337 0.499328
    outer loop
      vertex -44.9407 42.9593 33.8889
      vertex -45.0375 43 33.8092
      vertex -45.0147 42.8853 33.7077
    endloop
  endfacet
  facet normal -0.513171 -0.768771 0.381636
    outer loop
      vertex -44.8736 42.7615 33.7077
      vertex -44.9223 42.698 33.5143
      vertex -44.7175 42.6573 33.7077
    endloop
  endfacet
  facet normal -0.513399 -0.768467 0.381942
    outer loop
      vertex -44.7175 42.6573 33.7077
      vertex -44.9223 42.698 33.5143
      vertex -44.7575 42.5879 33.5143
    endloop
  endfacet
  facet normal -0.523795 -0.596622 0.608013
    outer loop
      vertex -44.9407 42.9593 33.8889
      vertex -44.8408 43 34.0149
      vertex -44.9 43 33.9639
    endloop
  endfacet
  facet normal -0.523506 -0.596989 0.607903
    outer loop
      vertex -44.8408 43 34.0149
      vertex -44.9407 42.9593 33.8889
      vertex -44.8099 42.8446 33.8889
    endloop
  endfacet
  facet normal -0.596861 -0.523536 0.608002
    outer loop
      vertex -44.9 43 33.9639
      vertex -44.9764 43 33.8889
      vertex -44.9407 42.9593 33.8889
    endloop
  endfacet
  facet normal 0.138065 -0.693924 0.706687
    outer loop
      vertex -43.727 42.881 34.2029
      vertex -43.843 42.7073 34.055
      vertex -43.6887 42.738 34.055
    endloop
  endfacet
  facet normal 0.227516 -0.669957 0.706678
    outer loop
      vertex -43.5397 42.7886 34.055
      vertex -43.727 42.881 34.2029
      vertex -43.6887 42.738 34.055
    endloop
  endfacet
  facet normal 0.196462 -0.577452 0.792434
    outer loop
      vertex -43.6866 43 34.2796
      vertex -43.7588 43 34.2975
      vertex -43.727 42.881 34.2029
    endloop
  endfacet
  facet normal -0.196462 -0.577452 0.792434
    outer loop
      vertex -44.2412 43 34.2975
      vertex -44.3134 43 34.2796
      vertex -44.273 42.881 34.2029
    endloop
  endfacet
  facet normal 0.383416 -0.776984 0.499288
    outer loop
      vertex -43.2825 42.6573 33.7077
      vertex -43.4909 42.6709 33.8889
      vertex -43.4509 42.5742 33.7077
    endloop
  endfacet
  facet normal 0.278299 -0.82046 0.499395
    outer loop
      vertex -43.4909 42.6709 33.8889
      vertex -43.6557 42.615 33.8889
      vertex -43.6286 42.5139 33.7077
    endloop
  endfacet
  facet normal -0.138065 -0.693924 0.706687
    outer loop
      vertex -44.273 42.881 34.2029
      vertex -44.3113 42.738 34.055
      vertex -44.157 42.7073 34.055
    endloop
  endfacet
  facet normal -0.154984 -0.778957 0.607623
    outer loop
      vertex -44.3113 42.738 34.055
      vertex -44.3443 42.615 33.8889
      vertex -44.157 42.7073 34.055
    endloop
  endfacet
  facet normal 0.0655974 -0.997846 0
    outer loop
      vertex -44 42.3034 32.8954
      vertex -43.7916 42.3171 33.1046
      vertex -44 42.3034 33.1046
    endloop
  endfacet
  facet normal 0.0655974 -0.997846 0
    outer loop
      vertex -43.7916 42.3171 33.1046
      vertex -44 42.3034 32.8954
      vertex -43.7916 42.3171 32.8954
    endloop
  endfacet
  facet normal 0.0652141 -0.989322 0.130339
    outer loop
      vertex -43.7952 42.3442 33.3121
      vertex -44 42.3307 33.3121
      vertex -43.7916 42.3171 33.1046
    endloop
  endfacet
  facet normal 0.637201 -0.726145 -0.25824
    outer loop
      vertex -42.8904 42.7904 32.6879
      vertex -43.0447 42.655 32.6879
      vertex -42.9287 42.8287 32.4857
    endloop
  endfacet
  facet normal 0.653933 -0.745213 -0.130497
    outer loop
      vertex -42.8711 42.771 32.8954
      vertex -43.0447 42.655 32.6879
      vertex -42.8904 42.7904 32.6879
    endloop
  endfacet
  facet normal 0.768408 -0.51342 0.382033
    outer loop
      vertex -42.7831 43 33.5143
      vertex -42.8271 43 33.6028
      vertex -42.798 42.9777 33.5143
    endloop
  endfacet
  facet normal 0.571243 -0.651426 0.499324
    outer loop
      vertex -43.0593 42.9593 33.8889
      vertex -43.1901 42.8446 33.8889
      vertex -42.9853 42.8853 33.7077
    endloop
  endfacet
  facet normal 0.694971 -0.609166 -0.382012
    outer loop
      vertex -42.9853 42.8853 32.2923
      vertex -42.8271 43 32.3972
      vertex -42.798 42.9777 32.4857
    endloop
  endfacet
  facet normal 0.694921 -0.609495 -0.381577
    outer loop
      vertex -42.8271 43 32.3972
      vertex -42.9853 42.8853 32.2923
      vertex -42.8847 43 32.2923
    endloop
  endfacet
  facet normal 0.651389 -0.571314 -0.499291
    outer loop
      vertex -42.8847 43 32.2923
      vertex -42.9853 42.8853 32.2923
      vertex -42.9625 43 32.1908
    endloop
  endfacet
  facet normal 0.824076 -0.551294 0.130281
    outer loop
      vertex -42.6979 43 33.1843
      vertex -42.7334 42.9281 33.1046
      vertex -42.6853 43 33.1046
    endloop
  endfacet
  facet normal 0.180082 -0.906477 -0.381929
    outer loop
      vertex -43.8022 42.3979 32.4857
      vertex -43.8127 42.4773 32.2923
      vertex -43.6079 42.4365 32.4857
    endloop
  endfacet
  facet normal 0.060562 -0.922216 -0.381902
    outer loop
      vertex -43.8022 42.3979 32.4857
      vertex -44 42.465 32.2923
      vertex -43.8127 42.4773 32.2923
    endloop
  endfacet
  facet normal 0.155131 -0.778847 -0.607727
    outer loop
      vertex -43.8264 42.581 32.1111
      vertex -43.843 42.7073 31.945
      vertex -43.6557 42.615 32.1111
    endloop
  endfacet
  facet normal 0.154984 -0.778957 -0.607623
    outer loop
      vertex -43.6557 42.615 32.1111
      vertex -43.843 42.7073 31.945
      vertex -43.6887 42.738 31.945
    endloop
  endfacet
  facet normal 0.408958 -0.828744 -0.382017
    outer loop
      vertex -43.4202 42.5002 32.4857
      vertex -43.4509 42.5742 32.2923
      vertex -43.2825 42.6573 32.2923
    endloop
  endfacet
  facet normal 0.29697 -0.87515 -0.381996
    outer loop
      vertex -43.4202 42.5002 32.4857
      vertex -43.6286 42.5139 32.2923
      vertex -43.4509 42.5742 32.2923
    endloop
  endfacet
  facet normal 0.32168 -0.946849 0
    outer loop
      vertex -43.5868 42.3578 32.8954
      vertex -43.389 42.425 33.1046
      vertex -43.5868 42.3578 33.1046
    endloop
  endfacet
  facet normal 0.32168 -0.946849 0
    outer loop
      vertex -43.389 42.425 33.1046
      vertex -43.5868 42.3578 32.8954
      vertex -43.389 42.425 32.8954
    endloop
  endfacet
  facet normal 0.383321 -0.777096 -0.499186
    outer loop
      vertex -43.2825 42.6573 32.2923
      vertex -43.4909 42.6709 32.1111
      vertex -43.3348 42.7479 32.1111
    endloop
  endfacet
  facet normal 0.351325 -0.712232 -0.607698
    outer loop
      vertex -43.3348 42.7479 32.1111
      vertex -43.4909 42.6709 32.1111
      vertex -43.3985 42.8582 31.945
    endloop
  endfacet
  facet normal 0.351073 -0.712234 -0.607841
    outer loop
      vertex -43.4909 42.6709 32.1111
      vertex -43.5397 42.7886 31.945
      vertex -43.3985 42.8582 31.945
    endloop
  endfacet
  facet normal 0.255343 -0.751899 -0.607822
    outer loop
      vertex -43.4909 42.6709 32.1111
      vertex -43.6887 42.738 31.945
      vertex -43.5397 42.7886 31.945
    endloop
  endfacet
  facet normal 0.196462 -0.577452 -0.792434
    outer loop
      vertex -43.727 42.881 31.7971
      vertex -43.7588 43 31.7025
      vertex -43.6866 43 31.7204
    endloop
  endfacet
  facet normal -0.118985 -0.598187 -0.792474
    outer loop
      vertex -44.1373 43 31.6869
      vertex -44.273 42.881 31.7971
      vertex -44.2412 43 31.7025
    endloop
  endfacet
  facet normal -0.269816 -0.547594 -0.792048
    outer loop
      vertex -44.5275 42.9864 31.7971
      vertex -44.4186 43 31.7506
      vertex -44.4037 42.9254 31.7971
    endloop
  endfacet
  facet normal -0.269712 -0.547876 -0.791888
    outer loop
      vertex -44.4186 43 31.7506
      vertex -44.5275 42.9864 31.7971
      vertex -44.5196 43 31.785
    endloop
  endfacet
  facet normal -0.351073 -0.712234 -0.607841
    outer loop
      vertex -44.5091 42.6709 32.1111
      vertex -44.6015 42.8582 31.945
      vertex -44.4603 42.7886 31.945
    endloop
  endfacet
  facet normal -0.481451 -0.720434 -0.499179
    outer loop
      vertex -44.7175 42.6573 32.2923
      vertex -44.8099 42.8446 32.1111
      vertex -44.6652 42.7479 32.1111
    endloop
  endfacet
  facet normal -0.26823 -0.547607 -0.792577
    outer loop
      vertex -44.4037 42.9254 31.7971
      vertex -44.4186 43 31.7506
      vertex -44.3728 43 31.7351
    endloop
  endfacet
  facet normal -0.196153 -0.577414 -0.792538
    outer loop
      vertex -44.4037 42.9254 31.7971
      vertex -44.3134 43 31.7204
      vertex -44.273 42.881 31.7971
    endloop
  endfacet
  facet normal -0.196131 -0.577432 -0.792531
    outer loop
      vertex -44.3134 43 31.7204
      vertex -44.4037 42.9254 31.7971
      vertex -44.3728 43 31.7351
    endloop
  endfacet
  facet normal -0.052037 -0.792423 -0.607748
    outer loop
      vertex -44 42.5696 32.1111
      vertex -44.1736 42.581 32.1111
      vertex -44.157 42.7073 31.945
    endloop
  endfacet
  facet normal -0.155131 -0.778847 -0.607727
    outer loop
      vertex -44.1736 42.581 32.1111
      vertex -44.3443 42.615 32.1111
      vertex -44.157 42.7073 31.945
    endloop
  endfacet
  facet normal 0.045891 -0.706362 -0.706362
    outer loop
      vertex -43.843 42.7073 31.945
      vertex -44 42.6971 31.945
      vertex -44 42.845 31.7971
    endloop
  endfacet
  facet normal 0.0514674 -0.792194 -0.608096
    outer loop
      vertex -43.843 42.7073 31.945
      vertex -44 42.5696 32.1111
      vertex -44 42.6971 31.945
    endloop
  endfacet
  facet normal -0.383321 -0.777096 -0.499186
    outer loop
      vertex -44.5091 42.6709 32.1111
      vertex -44.7175 42.6573 32.2923
      vertex -44.6652 42.7479 32.1111
    endloop
  endfacet
  facet normal -0.0567808 -0.864662 -0.499135
    outer loop
      vertex -44 42.5696 32.1111
      vertex -44.1873 42.4773 32.2923
      vertex -44.1736 42.581 32.1111
    endloop
  endfacet
  facet normal -0.168935 -0.849752 -0.499382
    outer loop
      vertex -44.1873 42.4773 32.2923
      vertex -44.3714 42.5139 32.2923
      vertex -44.3443 42.615 32.1111
    endloop
  endfacet
  facet normal -0.351325 -0.712232 -0.607698
    outer loop
      vertex -44.5091 42.6709 32.1111
      vertex -44.6652 42.7479 32.1111
      vertex -44.6015 42.8582 31.945
    endloop
  endfacet
  facet normal 0.609606 -0.694794 0.38163
    outer loop
      vertex -42.9853 42.8853 33.7077
      vertex -43.1264 42.7615 33.7077
      vertex -43.0777 42.698 33.5143
    endloop
  endfacet
  facet normal 0.609498 -0.694837 0.381724
    outer loop
      vertex -42.9853 42.8853 33.7077
      vertex -43.0777 42.698 33.5143
      vertex -42.9287 42.8287 33.5143
    endloop
  endfacet
  facet normal -0.609606 -0.694794 -0.38163
    outer loop
      vertex -44.9223 42.698 32.4857
      vertex -45.0147 42.8853 32.2923
      vertex -44.8736 42.7615 32.2923
    endloop
  endfacet
  facet normal -0.609498 -0.694837 -0.381724
    outer loop
      vertex -44.9223 42.698 32.4857
      vertex -45.0713 42.8287 32.4857
      vertex -45.0147 42.8853 32.2923
    endloop
  endfacet
  facet normal -0.596861 -0.523536 -0.608002
    outer loop
      vertex -44.9407 42.9593 32.1111
      vertex -44.9764 43 32.1111
      vertex -44.9 43 32.0361
    endloop
  endfacet
  facet normal -0.523506 -0.596989 -0.607903
    outer loop
      vertex -44.9407 42.9593 32.1111
      vertex -44.8408 43 31.9851
      vertex -44.8099 42.8446 32.1111
    endloop
  endfacet
  facet normal -0.523795 -0.596622 -0.608013
    outer loop
      vertex -44.8408 43 31.9851
      vertex -44.9407 42.9593 32.1111
      vertex -44.9 43 32.0361
    endloop
  endfacet
  facet normal -0.653933 -0.745213 -0.130497
    outer loop
      vertex -44.9553 42.655 32.6879
      vertex -45.1289 42.771 32.8954
      vertex -45.1096 42.7904 32.6879
    endloop
  endfacet
  facet normal -0.637201 -0.726145 -0.25824
    outer loop
      vertex -44.9553 42.655 32.6879
      vertex -45.1096 42.7904 32.6879
      vertex -45.0713 42.8287 32.4857
    endloop
  endfacet
  facet normal -0.0652141 -0.989322 0.130339
    outer loop
      vertex -44.2048 42.3442 33.3121
      vertex -44.2084 42.3171 33.1046
      vertex -44 42.3307 33.3121
    endloop
  endfacet
  facet normal -0.0635446 -0.963995 0.258216
    outer loop
      vertex -44.1978 42.3979 33.5143
      vertex -44.2048 42.3442 33.3121
      vertex -44 42.3307 33.3121
    endloop
  endfacet
  facet normal -0.571243 -0.651426 0.499324
    outer loop
      vertex -44.9407 42.9593 33.8889
      vertex -45.0147 42.8853 33.7077
      vertex -44.8099 42.8446 33.8889
    endloop
  endfacet
  facet normal -0.523782 -0.596958 0.607695
    outer loop
      vertex -44.7943 43 34.055
      vertex -44.8099 42.8446 33.8889
      vertex -44.7323 42.9456 34.055
    endloop
  endfacet
  facet normal -0.523989 -0.596854 0.607618
    outer loop
      vertex -44.8099 42.8446 33.8889
      vertex -44.7943 43 34.055
      vertex -44.8408 43 34.0149
    endloop
  endfacet
  facet normal -0.392475 -0.588713 0.706668
    outer loop
      vertex -44.5479 43 34.2029
      vertex -44.6015 42.8582 34.055
      vertex -44.5275 42.9864 34.2029
    endloop
  endfacet
  facet normal -0.393033 -0.588427 0.706596
    outer loop
      vertex -44.6015 42.8582 34.055
      vertex -44.5479 43 34.2029
      vertex -44.6297 43 34.1574
    endloop
  endfacet
  facet normal 0.312714 -0.634656 0.706698
    outer loop
      vertex -43.4725 42.9864 34.2029
      vertex -43.5963 42.9254 34.2029
      vertex -43.5397 42.7886 34.055
    endloop
  endfacet
  facet normal 0.338639 -0.507959 0.792024
    outer loop
      vertex -43.4521 43 34.2029
      vertex -43.4804 43 34.215
      vertex -43.4725 42.9864 34.2029
    endloop
  endfacet
  facet normal -0.0369793 -0.608861 0.792414
    outer loop
      vertex -44.1377 42.8541 34.2029
      vertex -44.1035 43 34.3166
      vertex -44.1185 43 34.3159
    endloop
  endfacet
  facet normal -0.0402007 -0.608312 0.792679
    outer loop
      vertex -44.1035 43 34.3166
      vertex -44.1377 42.8541 34.2029
      vertex -44 42.845 34.2029
    endloop
  endfacet
  facet normal -0.045891 -0.706362 0.706362
    outer loop
      vertex -44 42.845 34.2029
      vertex -44.157 42.7073 34.055
      vertex -44 42.6971 34.055
    endloop
  endfacet
  facet normal -0.351325 -0.712232 0.607698
    outer loop
      vertex -44.6015 42.8582 34.055
      vertex -44.6652 42.7479 33.8889
      vertex -44.5091 42.6709 33.8889
    endloop
  endfacet
  facet normal -0.351073 -0.712234 0.607841
    outer loop
      vertex -44.4603 42.7886 34.055
      vertex -44.6015 42.8582 34.055
      vertex -44.5091 42.6709 33.8889
    endloop
  endfacet
  facet normal -0.269712 -0.547876 0.791888
    outer loop
      vertex -44.5275 42.9864 34.2029
      vertex -44.4186 43 34.2494
      vertex -44.5196 43 34.215
    endloop
  endfacet
  facet normal -0.269816 -0.547594 0.792048
    outer loop
      vertex -44.4186 43 34.2494
      vertex -44.5275 42.9864 34.2029
      vertex -44.4037 42.9254 34.2029
    endloop
  endfacet
  facet normal -0.312714 -0.634656 0.706698
    outer loop
      vertex -44.4037 42.9254 34.2029
      vertex -44.5275 42.9864 34.2029
      vertex -44.4603 42.7886 34.055
    endloop
  endfacet
  facet normal 0.278415 -0.820469 0.499315
    outer loop
      vertex -43.4909 42.6709 33.8889
      vertex -43.6286 42.5139 33.7077
      vertex -43.4509 42.5742 33.7077
    endloop
  endfacet
  facet normal 0.29697 -0.87515 0.381996
    outer loop
      vertex -43.4509 42.5742 33.7077
      vertex -43.6286 42.5139 33.7077
      vertex -43.4202 42.5002 33.5143
    endloop
  endfacet
  facet normal 0.0514674 -0.792194 0.608096
    outer loop
      vertex -44 42.6971 34.055
      vertex -44 42.5696 33.8889
      vertex -43.843 42.7073 34.055
    endloop
  endfacet
  facet normal 0.137958 -0.693895 0.706737
    outer loop
      vertex -43.727 42.881 34.2029
      vertex -43.8623 42.8541 34.2029
      vertex -43.843 42.7073 34.055
    endloop
  endfacet
  facet normal 0.194919 -0.980819 0
    outer loop
      vertex -43.7916 42.3171 32.8954
      vertex -43.5868 42.3578 33.1046
      vertex -43.7916 42.3171 33.1046
    endloop
  endfacet
  facet normal 0.194919 -0.980819 0
    outer loop
      vertex -43.5868 42.3578 33.1046
      vertex -43.7916 42.3171 32.8954
      vertex -43.5868 42.3578 32.8954
    endloop
  endfacet
  facet normal -0.0606094 -0.922196 -0.381944
    outer loop
      vertex -44 42.3849 32.4857
      vertex -44.1978 42.3979 32.4857
      vertex -44 42.465 32.2923
    endloop
  endfacet
  facet normal 0.0606094 -0.922196 -0.381944
    outer loop
      vertex -43.8022 42.3979 32.4857
      vertex -44 42.3849 32.4857
      vertex -44 42.465 32.2923
    endloop
  endfacet
  facet normal 0.168935 -0.849752 -0.499382
    outer loop
      vertex -43.6286 42.5139 32.2923
      vertex -43.8127 42.4773 32.2923
      vertex -43.6557 42.615 32.1111
    endloop
  endfacet
  facet normal 0.180198 -0.906408 -0.382038
    outer loop
      vertex -43.6079 42.4365 32.4857
      vertex -43.8127 42.4773 32.2923
      vertex -43.6286 42.5139 32.2923
    endloop
  endfacet
  facet normal 0.427358 -0.866483 -0.258014
    outer loop
      vertex -43.3995 42.4502 32.6879
      vertex -43.4202 42.5002 32.4857
      vertex -43.2154 42.541 32.6879
    endloop
  endfacet
  facet normal 0.310487 -0.91489 -0.25802
    outer loop
      vertex -43.3995 42.4502 32.6879
      vertex -43.6079 42.4365 32.4857
      vertex -43.4202 42.5002 32.4857
    endloop
  endfacet
  facet normal 0.188201 -0.94759 -0.258175
    outer loop
      vertex -43.7952 42.3442 32.6879
      vertex -43.8022 42.3979 32.4857
      vertex -43.5938 42.3842 32.6879
    endloop
  endfacet
  facet normal 0.188246 -0.947568 -0.25822
    outer loop
      vertex -43.5938 42.3842 32.6879
      vertex -43.8022 42.3979 32.4857
      vertex -43.6079 42.4365 32.4857
    endloop
  endfacet
  facet normal 0.441273 -0.660312 -0.607672
    outer loop
      vertex -43.1901 42.8446 32.1111
      vertex -43.3348 42.7479 32.1111
      vertex -43.2677 42.9456 31.945
    endloop
  endfacet
  facet normal 0.441223 -0.66032 -0.607701
    outer loop
      vertex -43.3348 42.7479 32.1111
      vertex -43.3985 42.8582 31.945
      vertex -43.2677 42.9456 31.945
    endloop
  endfacet
  facet normal 0.338639 -0.507959 -0.792024
    outer loop
      vertex -43.4725 42.9864 31.7971
      vertex -43.4804 43 31.785
      vertex -43.4521 43 31.7971
    endloop
  endfacet
  facet normal 0.393033 -0.588427 -0.706596
    outer loop
      vertex -43.3985 42.8582 31.945
      vertex -43.4521 43 31.7971
      vertex -43.3703 43 31.8426
    endloop
  endfacet
  facet normal 0.392475 -0.588713 -0.706668
    outer loop
      vertex -43.4521 43 31.7971
      vertex -43.3985 42.8582 31.945
      vertex -43.4725 42.9864 31.7971
    endloop
  endfacet
  facet normal 0.269712 -0.547876 -0.791888
    outer loop
      vertex -43.4725 42.9864 31.7971
      vertex -43.5814 43 31.7506
      vertex -43.4804 43 31.785
    endloop
  endfacet
  facet normal 0.269816 -0.547594 -0.792048
    outer loop
      vertex -43.5814 43 31.7506
      vertex -43.4725 42.9864 31.7971
      vertex -43.5963 42.9254 31.7971
    endloop
  endfacet
  facet normal 0.26823 -0.547607 -0.792577
    outer loop
      vertex -43.5963 42.9254 31.7971
      vertex -43.6272 43 31.7351
      vertex -43.5814 43 31.7506
    endloop
  endfacet
  facet normal -0.0402007 -0.608312 -0.792679
    outer loop
      vertex -44.1377 42.8541 31.7971
      vertex -44.1035 43 31.6834
      vertex -44 42.845 31.7971
    endloop
  endfacet
  facet normal -0.0369793 -0.608861 -0.792414
    outer loop
      vertex -44.1035 43 31.6834
      vertex -44.1377 42.8541 31.7971
      vertex -44.1185 43 31.6841
    endloop
  endfacet
  facet normal -0.118038 -0.59829 -0.792538
    outer loop
      vertex -44.1377 42.8541 31.7971
      vertex -44.1373 43 31.6869
      vertex -44.1185 43 31.6841
    endloop
  endfacet
  facet normal -0.118937 -0.598223 -0.792454
    outer loop
      vertex -44.1373 43 31.6869
      vertex -44.1377 42.8541 31.7971
      vertex -44.273 42.881 31.7971
    endloop
  endfacet
  facet normal -0.338639 -0.507959 -0.792024
    outer loop
      vertex -44.5275 42.9864 31.7971
      vertex -44.5479 43 31.7971
      vertex -44.5196 43 31.785
    endloop
  endfacet
  facet normal -0.312834 -0.634657 -0.706644
    outer loop
      vertex -44.4603 42.7886 31.945
      vertex -44.6015 42.8582 31.945
      vertex -44.5275 42.9864 31.7971
    endloop
  endfacet
  facet normal -0.255118 -0.75212 -0.607644
    outer loop
      vertex -44.3443 42.615 32.1111
      vertex -44.5091 42.6709 32.1111
      vertex -44.3113 42.738 31.945
    endloop
  endfacet
  facet normal -0.441223 -0.66032 -0.607701
    outer loop
      vertex -44.6652 42.7479 32.1111
      vertex -44.7323 42.9456 31.945
      vertex -44.6015 42.8582 31.945
    endloop
  endfacet
  facet normal -0.154984 -0.778957 -0.607623
    outer loop
      vertex -44.157 42.7073 31.945
      vertex -44.3443 42.615 32.1111
      vertex -44.3113 42.738 31.945
    endloop
  endfacet
  facet normal -0.138065 -0.693924 -0.706687
    outer loop
      vertex -44.157 42.7073 31.945
      vertex -44.3113 42.738 31.945
      vertex -44.273 42.881 31.7971
    endloop
  endfacet
  facet normal -0.278299 -0.82046 -0.499395
    outer loop
      vertex -44.3714 42.5139 32.2923
      vertex -44.5091 42.6709 32.1111
      vertex -44.3443 42.615 32.1111
    endloop
  endfacet
  facet normal -0.278415 -0.820469 -0.499315
    outer loop
      vertex -44.3714 42.5139 32.2923
      vertex -44.5491 42.5742 32.2923
      vertex -44.5091 42.6709 32.1111
    endloop
  endfacet
  facet normal -0.651344 -0.571326 -0.499337
    outer loop
      vertex -44.9407 42.9593 32.1111
      vertex -45.0375 43 32.1908
      vertex -44.9764 43 32.1111
    endloop
  endfacet
  facet normal -0.651341 -0.571337 -0.499328
    outer loop
      vertex -45.0375 43 32.1908
      vertex -44.9407 42.9593 32.1111
      vertex -45.0147 42.8853 32.2923
    endloop
  endfacet
  facet normal -0.571243 -0.651426 -0.499324
    outer loop
      vertex -44.8099 42.8446 32.1111
      vertex -45.0147 42.8853 32.2923
      vertex -44.9407 42.9593 32.1111
    endloop
  endfacet
  facet normal -0.55067 -0.824556 -0.129887
    outer loop
      vertex -44.7846 42.541 32.6879
      vertex -44.9719 42.6334 32.8954
      vertex -44.9553 42.655 32.6879
    endloop
  endfacet
  facet normal -0.65353 -0.74567 -0.129904
    outer loop
      vertex -44.9719 42.6334 32.8954
      vertex -45.1289 42.771 32.8954
      vertex -44.9553 42.655 32.6879
    endloop
  endfacet
  facet normal 0.269712 -0.547876 0.791888
    outer loop
      vertex -43.5814 43 34.2494
      vertex -43.4725 42.9864 34.2029
      vertex -43.4804 43 34.215
    endloop
  endfacet
  facet normal 0.269816 -0.547594 0.792048
    outer loop
      vertex -43.4725 42.9864 34.2029
      vertex -43.5814 43 34.2494
      vertex -43.5963 42.9254 34.2029
    endloop
  endfacet
  facet normal 0.0398321 -0.608163 0.792812
    outer loop
      vertex -44 43 34.3218
      vertex -44 42.845 34.2029
      vertex -43.8965 43 34.3166
    endloop
  endfacet
  facet normal -0.118985 -0.598187 0.792474
    outer loop
      vertex -44.2412 43 34.2975
      vertex -44.273 42.881 34.2029
      vertex -44.1373 43 34.3131
    endloop
  endfacet
  facet normal -0.118038 -0.59829 0.792538
    outer loop
      vertex -44.1373 43 34.3131
      vertex -44.1377 42.8541 34.2029
      vertex -44.1185 43 34.3159
    endloop
  endfacet
  facet normal -0.118937 -0.598223 0.792454
    outer loop
      vertex -44.1377 42.8541 34.2029
      vertex -44.1373 43 34.3131
      vertex -44.273 42.881 34.2029
    endloop
  endfacet
  facet normal 0.312714 -0.634656 -0.706698
    outer loop
      vertex -43.5397 42.7886 31.945
      vertex -43.5963 42.9254 31.7971
      vertex -43.4725 42.9864 31.7971
    endloop
  endfacet
  facet normal 0.227571 -0.669901 -0.706714
    outer loop
      vertex -43.5397 42.7886 31.945
      vertex -43.727 42.881 31.7971
      vertex -43.5963 42.9254 31.7971
    endloop
  endfacet
  facet normal 0.0398321 -0.608163 -0.792812
    outer loop
      vertex -43.8965 43 31.6834
      vertex -44 42.845 31.7971
      vertex -44 43 31.6782
    endloop
  endfacet
  facet normal 0.26823 -0.547607 0.792577
    outer loop
      vertex -43.5814 43 34.2494
      vertex -43.6272 43 34.2649
      vertex -43.5963 42.9254 34.2029
    endloop
  endfacet
  facet normal 0.118985 -0.598187 0.792474
    outer loop
      vertex -43.7588 43 34.2975
      vertex -43.8627 43 34.3131
      vertex -43.727 42.881 34.2029
    endloop
  endfacet
  facet normal 0.196131 -0.577432 0.792531
    outer loop
      vertex -43.6866 43 34.2796
      vertex -43.5963 42.9254 34.2029
      vertex -43.6272 43 34.2649
    endloop
  endfacet
  facet normal 0.196153 -0.577414 0.792538
    outer loop
      vertex -43.5963 42.9254 34.2029
      vertex -43.6866 43 34.2796
      vertex -43.727 42.881 34.2029
    endloop
  endfacet
  facet normal 0.227571 -0.669901 0.706714
    outer loop
      vertex -43.5963 42.9254 34.2029
      vertex -43.727 42.881 34.2029
      vertex -43.5397 42.7886 34.055
    endloop
  endfacet
  facet normal 0.0369793 -0.608861 0.792414
    outer loop
      vertex -43.8965 43 34.3166
      vertex -43.8623 42.8541 34.2029
      vertex -43.8815 43 34.3159
    endloop
  endfacet
  facet normal 0.0402007 -0.608312 0.792679
    outer loop
      vertex -43.8623 42.8541 34.2029
      vertex -43.8965 43 34.3166
      vertex -44 42.845 34.2029
    endloop
  endfacet
  facet normal 0.0466511 -0.705918 0.706756
    outer loop
      vertex -43.8623 42.8541 34.2029
      vertex -44 42.845 34.2029
      vertex -43.843 42.7073 34.055
    endloop
  endfacet
  facet normal -0.0398321 -0.608163 0.792812
    outer loop
      vertex -44 43 34.3218
      vertex -44.1035 43 34.3166
      vertex -44 42.845 34.2029
    endloop
  endfacet
  facet normal 1 0 0
    outer loop
      vertex -57 92 70
      vertex -57 40 70
      vertex -57 92 48
    endloop
  endfacet
  facet normal 1 0 0
    outer loop
      vertex -57 118.274 126.346
      vertex -57 40 70
      vertex -57 92 70
    endloop
  endfacet
  facet normal 1 0 -0
    outer loop
      vertex -57 40 70
      vertex -57 118.274 126.346
      vertex -57 13.7256 126.346
    endloop
  endfacet
  facet normal 1 0 0
    outer loop
      vertex -57 92 48
      vertex -57 40 70
      vertex -57 40 48
    endloop
  endfacet
  facet normal -1 0 0
    outer loop
      vertex -57 43.5 20.4
      vertex -57 43 30
      vertex -57 43.5 40
    endloop
  endfacet
  facet normal -1 0 0
    outer loop
      vertex -57 43.5 20.4
      vertex -57 40 21
      vertex -57 43 30
    endloop
  endfacet
  facet normal -1 0 0
    outer loop
      vertex -57 43.5 20.4
      vertex -57 9 21
      vertex -57 40 21
    endloop
  endfacet
  facet normal -1 0 0
    outer loop
      vertex -57 9 21
      vertex -57 6 30
      vertex -57 9 30
    endloop
  endfacet
  facet normal -1 -0 0
    outer loop
      vertex -57 6 30
      vertex -57 5.5 20.4
      vertex -57 6 36
    endloop
  endfacet
  facet normal -1 -0 0
    outer loop
      vertex -57 9 21
      vertex -57 5.5 20.4
      vertex -57 6 30
    endloop
  endfacet
  facet normal -1 0 0
    outer loop
      vertex -57 5.5 20.4
      vertex -57 9 21
      vertex -57 43.5 20.4
    endloop
  endfacet
  facet normal -1 0 0
    outer loop
      vertex -57 43 36
      vertex -57 43.5 40
      vertex -57 43 30
    endloop
  endfacet
  facet normal -1 0 0
    outer loop
      vertex -57 40 40
      vertex -57 43 36
      vertex -57 40 36
    endloop
  endfacet
  facet normal -1 0 0
    outer loop
      vertex -57 43 36
      vertex -57 40 40
      vertex -57 43.5 40
    endloop
  endfacet
  facet normal -1 -0 0
    outer loop
      vertex -57 43 30
      vertex -57 40 21
      vertex -57 40 30
    endloop
  endfacet
  facet normal -1 0 0
    outer loop
      vertex -57 6 36
      vertex -57 9 45
      vertex -57 9 36
    endloop
  endfacet
  facet normal -1 0 0
    outer loop
      vertex -57 6 36
      vertex -57 5.5 45
      vertex -57 9 45
    endloop
  endfacet
  facet normal -1 0 0
    outer loop
      vertex -57 5.5 45
      vertex -57 6 36
      vertex -57 5.5 20.4
    endloop
  endfacet
  facet normal 0 0 -1
    outer loop
      vertex -60 9 15
      vertex 60 95 15
      vertex 60 9 15
    endloop
  endfacet
  facet normal -0 0 -1
    outer loop
      vertex 60 95 15
      vertex -60 9 15
      vertex -60 95 15
    endloop
  endfacet
  facet normal 0 1 0
    outer loop
      vertex 60 95 48
      vertex 60.05 95 69.3349
      vertex 60.05 95 48
    endloop
  endfacet
  facet normal 0 1 0
    outer loop
      vertex 60.05 95 69.3349
      vertex 60 95 48
      vertex 57.05 95 69.3349
    endloop
  endfacet
  facet normal 0 1 0
    outer loop
      vertex 60 95 48
      vertex 57.05 95 48
      vertex 57.05 95 69.3349
    endloop
  endfacet
  facet normal 0 1 -0
    outer loop
      vertex 60 95 15
      vertex 57.05 95 48
      vertex 60 95 48
    endloop
  endfacet
  facet normal 0 1 0
    outer loop
      vertex 57.05 95 48
      vertex 60 95 15
      vertex 57 95 48
    endloop
  endfacet
  facet normal 0 1 -0
    outer loop
      vertex 57 95 48
      vertex -60 95 69.3349
      vertex 57 95 69.3349
    endloop
  endfacet
  facet normal 0 1 0
    outer loop
      vertex -60 95 15
      vertex 57 95 48
      vertex 60 95 15
    endloop
  endfacet
  facet normal 0 1 0
    outer loop
      vertex 57 95 48
      vertex -60 95 15
      vertex -60 95 69.3349
    endloop
  endfacet
  facet normal 0 0.906309 -0.422616
    outer loop
      vertex 57 124 131.526
      vertex 57 95 69.3349
      vertex 44.05 124 131.526
    endloop
  endfacet
  facet normal 0 0.906285 -0.422666
    outer loop
      vertex 44.05 125.9 135.6
      vertex 44.05 124 131.526
      vertex 43 125.9 135.6
    endloop
  endfacet
  facet normal 0 0.90631 -0.422614
    outer loop
      vertex 43 126.714 137.346
      vertex 57 132 148.682
      vertex 47 126.714 137.346
    endloop
  endfacet
  facet normal -2.84303e-06 0.906311 -0.422612
    outer loop
      vertex 57 126.5 136.887
      vertex 47 126.714 137.346
      vertex 57 132 148.682
    endloop
  endfacet
  facet normal 0 0.906334 -0.422561
    outer loop
      vertex 47 126.714 137.346
      vertex 57 126.5 136.887
      vertex 47 126.5 136.887
    endloop
  endfacet
  facet normal 0 0.90631 -0.422614
    outer loop
      vertex 57 132 148.682
      vertex 43 126.714 137.346
      vertex -60 132 148.682
    endloop
  endfacet
  facet normal 9.33365e-06 0.906342 -0.422544
    outer loop
      vertex 43 125.9 135.6
      vertex -60 132 148.682
      vertex 43 126.714 137.346
    endloop
  endfacet
  facet normal -9.82456e-06 0.906284 -0.422668
    outer loop
      vertex 44.05 124 131.526
      vertex -60 132 148.682
      vertex 43 125.9 135.6
    endloop
  endfacet
  facet normal 0 0.906309 -0.422616
    outer loop
      vertex -60 95 69.3349
      vertex 44.05 124 131.526
      vertex 57 95 69.3349
    endloop
  endfacet
  facet normal 5.26919e-07 0.906308 -0.422617
    outer loop
      vertex 44.05 124 131.526
      vertex -60 95 69.3349
      vertex -60 132 148.682
    endloop
  endfacet
  facet normal 0 1 -0
    outer loop
      vertex 57 132 148.682
      vertex -60 132 156.346
      vertex 57 132 156.346
    endloop
  endfacet
  facet normal 0 1 0
    outer loop
      vertex -60 132 156.346
      vertex 57 132 148.682
      vertex -60 132 148.682
    endloop
  endfacet
  facet normal 0 0 1
    outer loop
      vertex 57 132 156.346
      vertex 54.55 129 156.346
      vertex 57 129 156.346
    endloop
  endfacet
  facet normal 0 0 1
    outer loop
      vertex 57 132 156.346
      vertex 54.1 129 156.346
      vertex 54.55 129 156.346
    endloop
  endfacet
  facet normal 0 0 1
    outer loop
      vertex 54.1 129 156.346
      vertex -54.5 126.5 156.346
      vertex 54.1 126.5 156.346
    endloop
  endfacet
  facet normal 0 0 1
    outer loop
      vertex 57 132 156.346
      vertex -54.5 126.5 156.346
      vertex 54.1 129 156.346
    endloop
  endfacet
  facet normal 0 0 1
    outer loop
      vertex -54.5 126.5 156.346
      vertex -57.9941 3 156.346
      vertex -54.5 5.5 156.346
    endloop
  endfacet
  facet normal -0 0 1
    outer loop
      vertex -60 132 156.346
      vertex -54.5 126.5 156.346
      vertex 57 132 156.346
    endloop
  endfacet
  facet normal 0 0 1
    outer loop
      vertex -60 132 156.346
      vertex -57.9941 3 156.346
      vertex -54.5 126.5 156.346
    endloop
  endfacet
  facet normal 0 0 1
    outer loop
      vertex -60 0 156.346
      vertex -57.9941 3 156.346
      vertex -60 132 156.346
    endloop
  endfacet
  facet normal 0 0 1
    outer loop
      vertex -57.9941 3 156.346
      vertex -60 0 156.346
      vertex -57.9941 0 156.346
    endloop
  endfacet
  facet normal 0 0 1
    outer loop
      vertex 60.05 132 156.346
      vertex 57.9941 3 156.346
      vertex 60.05 0 156.346
    endloop
  endfacet
  facet normal 0 0 1
    outer loop
      vertex 57.05 129 156.346
      vertex 60.05 132 156.346
      vertex 57.05 132 156.346
    endloop
  endfacet
  facet normal 0 0 1
    outer loop
      vertex 60.05 132 156.346
      vertex 57.05 129 156.346
      vertex 57.9941 3 156.346
    endloop
  endfacet
  facet normal -0 0 1
    outer loop
      vertex 57 129 156.346
      vertex 57.9941 3 156.346
      vertex 57.05 129 156.346
    endloop
  endfacet
  facet normal -0 0 1
    outer loop
      vertex 54.55 129 156.346
      vertex 57.9941 3 156.346
      vertex 57 129 156.346
    endloop
  endfacet
  facet normal 0 0 1
    outer loop
      vertex 57.9941 3 156.346
      vertex 54.55 129 156.346
      vertex 54.55 3 156.346
    endloop
  endfacet
  facet normal 0 0 1
    outer loop
      vertex 60.05 0 156.346
      vertex 57.9941 3 156.346
      vertex 57.9941 0 156.346
    endloop
  endfacet
  facet normal -0 0 1
    outer loop
      vertex -54.5 5.5 156.346
      vertex 54.1 3 156.346
      vertex 54.1 5.5 156.346
    endloop
  endfacet
  facet normal 0 0 1
    outer loop
      vertex 54.1 3 156.346
      vertex -54.5 5.5 156.346
      vertex -57.9941 3 156.346
    endloop
  endfacet
  facet normal 0 -0.906291 -0.422655
    outer loop
      vertex -60 3 142.248
      vertex 43 5.28608 137.346
      vertex 57 3 142.248
    endloop
  endfacet
  facet normal 8.36536e-06 -0.906358 -0.42251
    outer loop
      vertex -60 3 142.248
      vertex 43 6.1 135.6
      vertex 43 5.28608 137.346
    endloop
  endfacet
  facet normal 0 -0.906285 -0.422666
    outer loop
      vertex 43 6.1 135.6
      vertex 44.05 8 131.526
      vertex 44.05 6.1 135.6
    endloop
  endfacet
  facet normal -3.95334e-06 -0.906285 -0.422667
    outer loop
      vertex -60 3 142.248
      vertex 44.05 8 131.526
      vertex 43 6.1 135.6
    endloop
  endfacet
  facet normal 2.09058e-06 -0.906307 -0.422619
    outer loop
      vertex -60 37 69.3349
      vertex 44.05 8 131.526
      vertex -60 3 142.248
    endloop
  endfacet
  facet normal -0 -0.906309 -0.422616
    outer loop
      vertex 57 37 69.3349
      vertex 44.05 8 131.526
      vertex -60 37 69.3349
    endloop
  endfacet
  facet normal 0 -0.906309 -0.422616
    outer loop
      vertex 44.05 8 131.526
      vertex 57 37 69.3349
      vertex 57 8 131.526
    endloop
  endfacet
  facet normal -0 -0.906291 -0.422655
    outer loop
      vertex 47 5.28608 137.346
      vertex 57 3 142.248
      vertex 43 5.28608 137.346
    endloop
  endfacet
  facet normal -0 -0.906395 -0.422431
    outer loop
      vertex 57 5.5 136.887
      vertex 47 5.28608 137.346
      vertex 47 5.5 136.887
    endloop
  endfacet
  facet normal -1.14091e-05 -0.9063 -0.422636
    outer loop
      vertex 47 5.28608 137.346
      vertex 57 5.5 136.887
      vertex 57 3 142.248
    endloop
  endfacet
  facet normal 0 -1 0
    outer loop
      vertex -60 37 48
      vertex 57 37 69.3349
      vertex -60 37 69.3349
    endloop
  endfacet
  facet normal 0 -1 -0
    outer loop
      vertex 57 37 69.3349
      vertex -60 37 48
      vertex 57 37 48
    endloop
  endfacet
  facet normal 0 0 -1
    outer loop
      vertex 57 37 48
      vertex -57 40 48
      vertex 57 40 48
    endloop
  endfacet
  facet normal 0 0 -1
    outer loop
      vertex -60 37 48
      vertex -57 40 48
      vertex 57 37 48
    endloop
  endfacet
  facet normal 0 0 -1
    outer loop
      vertex -60 92 48
      vertex -57 40 48
      vertex -60 37 48
    endloop
  endfacet
  facet normal 0 0 -1
    outer loop
      vertex -57 40 48
      vertex -60 92 48
      vertex -57 92 48
    endloop
  endfacet
  facet normal 0 -1 0
    outer loop
      vertex -60 92 24
      vertex -57 92 48
      vertex -60 92 48
    endloop
  endfacet
  facet normal 0 -1 -0
    outer loop
      vertex -57 92 48
      vertex -60 92 24
      vertex 57 92 48
    endloop
  endfacet
  facet normal 0 -1 0
    outer loop
      vertex 60 92 24
      vertex 57 92 48
      vertex -60 92 24
    endloop
  endfacet
  facet normal 0 -1 0
    outer loop
      vertex 57 92 48
      vertex 60 92 24
      vertex 57.05 92 48
    endloop
  endfacet
  facet normal 0 -1 0
    outer loop
      vertex 57.05 92 48
      vertex 60 92 24
      vertex 60 92 48
    endloop
  endfacet
  facet normal 0 -1 0
    outer loop
      vertex -57 92 70
      vertex 41 92 67
      vertex 57 92 70
    endloop
  endfacet
  facet normal 0 -1 0
    outer loop
      vertex -57 92 70
      vertex 41 92 51
      vertex 41 92 67
    endloop
  endfacet
  facet normal 0 -1 0
    outer loop
      vertex 57 92 48
      vertex 41 92 51
      vertex -57 92 48
    endloop
  endfacet
  facet normal 0 -1 0
    outer loop
      vertex -57 92 48
      vertex 41 92 51
      vertex -57 92 70
    endloop
  endfacet
  facet normal 0 -1 0
    outer loop
      vertex 52 92 67
      vertex 57 92 70
      vertex 41 92 67
    endloop
  endfacet
  facet normal 0 -1 0
    outer loop
      vertex 52 92 51
      vertex 57 92 70
      vertex 52 92 67
    endloop
  endfacet
  facet normal 0 -1 0
    outer loop
      vertex 52 92 51
      vertex 57 92 48
      vertex 57 92 70
    endloop
  endfacet
  facet normal 0 -1 0
    outer loop
      vertex 41 92 51
      vertex 57 92 48
      vertex 52 92 51
    endloop
  endfacet
  facet normal -0 0 1
    outer loop
      vertex -60 92 24
      vertex 60 46 24
      vertex 60 92 24
    endloop
  endfacet
  facet normal 0 0 1
    outer loop
      vertex 60 46 24
      vertex -60 92 24
      vertex -60 46 24
    endloop
  endfacet
  facet normal 0 1 -0
    outer loop
      vertex 60 46 24
      vertex -60 46 40
      vertex 60 46 40
    endloop
  endfacet
  facet normal 0 1 0
    outer loop
      vertex -60 46 40
      vertex 60 46 24
      vertex -60 46 24
    endloop
  endfacet
  facet normal 0 0 1
    outer loop
      vertex 60 46 40
      vertex 57 43.5 40
      vertex 60 43.5 40
    endloop
  endfacet
  facet normal 0 0 1
    outer loop
      vertex 57 43.5 40
      vertex -57 43.5 40
      vertex 57 40 40
    endloop
  endfacet
  facet normal 0 0 1
    outer loop
      vertex 60 46 40
      vertex -57 43.5 40
      vertex 57 43.5 40
    endloop
  endfacet
  facet normal -0 0 1
    outer loop
      vertex -60 46 40
      vertex -57 43.5 40
      vertex 60 46 40
    endloop
  endfacet
  facet normal 0 0 1
    outer loop
      vertex -57 43.5 40
      vertex -60 46 40
      vertex -60 43.5 40
    endloop
  endfacet
  facet normal 0 0 1
    outer loop
      vertex 57 40 40
      vertex -57 43.5 40
      vertex -57 40 40
    endloop
  endfacet
  facet normal 0 -1 0
    outer loop
      vertex -60 43.5 20.4
      vertex -57 43.5 40
      vertex -60 43.5 40
    endloop
  endfacet
  facet normal 0 -1 -0
    outer loop
      vertex -57 43.5 40
      vertex -60 43.5 20.4
      vertex -57 43.5 20.4
    endloop
  endfacet
  facet normal -0 0 1
    outer loop
      vertex -60 43.5 20.4
      vertex -57 5.5 20.4
      vertex -57 43.5 20.4
    endloop
  endfacet
  facet normal 0 0 1
    outer loop
      vertex -57 5.5 20.4
      vertex -60 43.5 20.4
      vertex -60 5.5 20.4
    endloop
  endfacet
  facet normal 0 1 -0
    outer loop
      vertex -57 5.5 20.4
      vertex -60 5.5 45
      vertex -57 5.5 45
    endloop
  endfacet
  facet normal 0 1 0
    outer loop
      vertex -60 5.5 45
      vertex -57 5.5 20.4
      vertex -60 5.5 20.4
    endloop
  endfacet
  facet normal 0 0 1
    outer loop
      vertex 57 9 45
      vertex 28.9759 3 45
      vertex 57 5.5 45
    endloop
  endfacet
  facet normal 0 0 1
    outer loop
      vertex 28.9759 3 45
      vertex 4 3 45
      vertex 28.9759 0 45
    endloop
  endfacet
  facet normal 0 0 1
    outer loop
      vertex 57 9 45
      vertex 4 3 45
      vertex 28.9759 3 45
    endloop
  endfacet
  facet normal 0 0 1
    outer loop
      vertex 57 9 45
      vertex -4 3 45
      vertex 4 3 45
    endloop
  endfacet
  facet normal 0 0 1
    outer loop
      vertex -4 3 45
      vertex -28.9759 3 45
      vertex -4 0 45
    endloop
  endfacet
  facet normal -0 0 1
    outer loop
      vertex -57 9 45
      vertex -4 3 45
      vertex 57 9 45
    endloop
  endfacet
  facet normal 0 0 1
    outer loop
      vertex -4 3 45
      vertex -57 9 45
      vertex -28.9759 3 45
    endloop
  endfacet
  facet normal -0 0 1
    outer loop
      vertex -57 5.5 45
      vertex -28.9759 3 45
      vertex -57 9 45
    endloop
  endfacet
  facet normal 0 0 1
    outer loop
      vertex -60 3 45
      vertex -57 5.5 45
      vertex -60 5.5 45
    endloop
  endfacet
  facet normal 0 0 1
    outer loop
      vertex -57 5.5 45
      vertex -60 3 45
      vertex -28.9759 3 45
    endloop
  endfacet
  facet normal -0 0 1
    outer loop
      vertex 57 5.5 45
      vertex 60 3 45
      vertex 60 5.5 45
    endloop
  endfacet
  facet normal 0 0 1
    outer loop
      vertex 60 3 45
      vertex 57 5.5 45
      vertex 28.9759 3 45
    endloop
  endfacet
  facet normal 0 0 1
    outer loop
      vertex 28.9759 0 45
      vertex 4 3 45
      vertex 4 0 45
    endloop
  endfacet
  facet normal 0 0 1
    outer loop
      vertex -4 0 45
      vertex -28.9759 3 45
      vertex -28.9759 0 45
    endloop
  endfacet
  facet normal 0 1 -0
    outer loop
      vertex 60 9 -16
      vertex -60 9 15
      vertex 60 9 15
    endloop
  endfacet
  facet normal 0 1 0
    outer loop
      vertex -60 9 15
      vertex 60 9 -16
      vertex -60 9 -16
    endloop
  endfacet
  facet normal 1 0 0
    outer loop
      vertex -54.5 126.5 156.346
      vertex -54.5 115.516 126.346
      vertex -54.5 126.5 149.901
    endloop
  endfacet
  facet normal 1 0 0
    outer loop
      vertex -54.5 126.5 156.346
      vertex -54.5 16.484 126.346
      vertex -54.5 115.516 126.346
    endloop
  endfacet
  facet normal 1 -0 0
    outer loop
      vertex -54.5 5.5 156.346
      vertex -54.5 16.484 126.346
      vertex -54.5 126.5 156.346
    endloop
  endfacet
  facet normal 1 0 0
    outer loop
      vertex -54.5 16.484 126.346
      vertex -54.5 5.5 156.346
      vertex -54.5 5.5 149.901
    endloop
  endfacet
  facet normal 0 0 -1
    outer loop
      vertex 54.1 13.7256 126.346
      vertex -54.5 16.484 126.346
      vertex 54.1 16.484 126.346
    endloop
  endfacet
  facet normal -0 0 -1
    outer loop
      vertex -54.5 16.484 126.346
      vertex -57 13.7256 126.346
      vertex -54.5 115.516 126.346
    endloop
  endfacet
  facet normal 0 0 -1
    outer loop
      vertex -57 13.7256 126.346
      vertex -54.5 16.484 126.346
      vertex 54.1 13.7256 126.346
    endloop
  endfacet
  facet normal 0 0 -1
    outer loop
      vertex -54.5 115.516 126.346
      vertex 54.1 118.274 126.346
      vertex 54.1 115.516 126.346
    endloop
  endfacet
  facet normal 0 0 -1
    outer loop
      vertex -54.5 115.516 126.346
      vertex -57 118.274 126.346
      vertex 54.1 118.274 126.346
    endloop
  endfacet
  facet normal 0 0 -1
    outer loop
      vertex -57 118.274 126.346
      vertex -54.5 115.516 126.346
      vertex -57 13.7256 126.346
    endloop
  endfacet
  facet normal 0 1 -0
    outer loop
      vertex 57.05 129 149.347
      vertex 57 129 156.346
      vertex 57.05 129 156.346
    endloop
  endfacet
  facet normal 0 1 0
    outer loop
      vertex 57 129 156.346
      vertex 57.05 129 149.347
      vertex 57 129 149.347
    endloop
  endfacet
  facet normal 0 -1 0
    outer loop
      vertex 54.1 129 149.347
      vertex 54.55 129 156.346
      vertex 54.1 129 156.346
    endloop
  endfacet
  facet normal 0 -1 -0
    outer loop
      vertex 54.55 129 156.346
      vertex 54.1 129 149.347
      vertex 54.55 129 149.347
    endloop
  endfacet
  facet normal 1 0 0
    outer loop
      vertex 57 3 149.347
      vertex 57 8 138.346
      vertex 57 13.7256 126.346
    endloop
  endfacet
  facet normal 1 -0 0
    outer loop
      vertex 57 3 142.248
      vertex 57 8 138.346
      vertex 57 3 149.347
    endloop
  endfacet
  facet normal 1 0 0
    outer loop
      vertex 57 8 138.346
      vertex 57 3 142.248
      vertex 57 5.5 138.346
    endloop
  endfacet
  facet normal 1 0 0
    outer loop
      vertex 57 5.5 138.346
      vertex 57 3 142.248
      vertex 57 5.5 136.887
    endloop
  endfacet
  facet normal 1 0 0
    outer loop
      vertex 57 40 70
      vertex 57 37 69.3349
      vertex 57 40 48
    endloop
  endfacet
  facet normal 1 0 0
    outer loop
      vertex 57 13.7256 126.346
      vertex 57 37 69.3349
      vertex 57 40 70
    endloop
  endfacet
  facet normal 1 -0 0
    outer loop
      vertex 57 8 131.526
      vertex 57 13.7256 126.346
      vertex 57 8 138.346
    endloop
  endfacet
  facet normal 1 0 0
    outer loop
      vertex 57 13.7256 126.346
      vertex 57 8 131.526
      vertex 57 37 69.3349
    endloop
  endfacet
  facet normal 1 0 0
    outer loop
      vertex 57 40 48
      vertex 57 37 69.3349
      vertex 57 37 48
    endloop
  endfacet
  facet normal 1 0 0
    outer loop
      vertex 57 129 149.347
      vertex 57 124 138.346
      vertex 57 126.5 138.346
    endloop
  endfacet
  facet normal 1 0 0
    outer loop
      vertex 57 118.274 126.346
      vertex 57 124 138.346
      vertex 57 129 149.347
    endloop
  endfacet
  facet normal 1 0 0
    outer loop
      vertex 57 118.274 126.346
      vertex 57 124 131.526
      vertex 57 124 138.346
    endloop
  endfacet
  facet normal 1 -0 0
    outer loop
      vertex 57 118.274 126.346
      vertex 57 95 69.3349
      vertex 57 124 131.526
    endloop
  endfacet
  facet normal 1 -0 0
    outer loop
      vertex 57 92 70
      vertex 57 95 69.3349
      vertex 57 118.274 126.346
    endloop
  endfacet
  facet normal 1 0 0
    outer loop
      vertex 57 92 48
      vertex 57 95 69.3349
      vertex 57 92 70
    endloop
  endfacet
  facet normal 1 0 0
    outer loop
      vertex 57 95 69.3349
      vertex 57 92 48
      vertex 57 95 48
    endloop
  endfacet
  facet normal 1 0 0
    outer loop
      vertex 57 129 149.347
      vertex 57 132 156.346
      vertex 57 129 156.346
    endloop
  endfacet
  facet normal 1 0 0
    outer loop
      vertex 57 132 156.346
      vertex 57 129 149.347
      vertex 57 132 148.682
    endloop
  endfacet
  facet normal 1 0 0
    outer loop
      vertex 57 126.5 138.346
      vertex 57 132 148.682
      vertex 57 129 149.347
    endloop
  endfacet
  facet normal 1 0 0
    outer loop
      vertex 57 132 148.682
      vertex 57 126.5 138.346
      vertex 57 126.5 136.887
    endloop
  endfacet
  facet normal 1 0 0
    outer loop
      vertex 57 9 45
      vertex 57 6 36
      vertex 57 9 36
    endloop
  endfacet
  facet normal 1 0 0
    outer loop
      vertex 57 6 36
      vertex 57 5.5 45
      vertex 57 6 30
    endloop
  endfacet
  facet normal 1 -0 0
    outer loop
      vertex 57 5.5 45
      vertex 57 6 36
      vertex 57 9 45
    endloop
  endfacet
  facet normal 1 0 0
    outer loop
      vertex 57 9 30
      vertex 57 6 30
      vertex 57 9 21
    endloop
  endfacet
  facet normal 1 0 0
    outer loop
      vertex 57 43 30
      vertex 57 43.5 40
      vertex 57 43 36
    endloop
  endfacet
  facet normal 1 -0 0
    outer loop
      vertex 57 40 40
      vertex 57 43 36
      vertex 57 43.5 40
    endloop
  endfacet
  facet normal 1 0 0
    outer loop
      vertex 57 43 36
      vertex 57 40 40
      vertex 57 40 36
    endloop
  endfacet
  facet normal 1 0 0
    outer loop
      vertex 57 43.5 40
      vertex 57 43 30
      vertex 57 43.5 20.4
    endloop
  endfacet
  facet normal 1 0 0
    outer loop
      vertex 57 40 21
      vertex 57 43 30
      vertex 57 40 30
    endloop
  endfacet
  facet normal 1 0 0
    outer loop
      vertex 57 43 30
      vertex 57 40 21
      vertex 57 43.5 20.4
    endloop
  endfacet
  facet normal 1 -0 0
    outer loop
      vertex 57 9 21
      vertex 57 43.5 20.4
      vertex 57 40 21
    endloop
  endfacet
  facet normal 1 0 0
    outer loop
      vertex 57 9 21
      vertex 57 5.5 20.4
      vertex 57 43.5 20.4
    endloop
  endfacet
  facet normal 1 0 0
    outer loop
      vertex 57 6 30
      vertex 57 5.5 20.4
      vertex 57 9 21
    endloop
  endfacet
  facet normal 1 0 0
    outer loop
      vertex 57 5.5 20.4
      vertex 57 6 30
      vertex 57 5.5 45
    endloop
  endfacet
  facet normal 0 0.906309 0.422616
    outer loop
      vertex 57 40 70
      vertex 54.55 13.7256 126.346
      vertex 57 13.7256 126.346
    endloop
  endfacet
  facet normal 0 0.906309 0.422616
    outer loop
      vertex 54.55 13.7256 126.346
      vertex 57 40 70
      vertex 54.1 13.7256 126.346
    endloop
  endfacet
  facet normal -0 0.906309 0.422616
    outer loop
      vertex -57 40 70
      vertex 54.1 13.7256 126.346
      vertex 57 40 70
    endloop
  endfacet
  facet normal 0 0.906309 0.422616
    outer loop
      vertex 54.1 13.7256 126.346
      vertex -57 40 70
      vertex -57 13.7256 126.346
    endloop
  endfacet
  facet normal 0 0.906307 0.42262
    outer loop
      vertex 54.55 13.7256 126.346
      vertex 54.1 3 149.347
      vertex 54.55 3 149.347
    endloop
  endfacet
  facet normal 0 0.906307 0.42262
    outer loop
      vertex 54.1 3 149.347
      vertex 54.55 13.7256 126.346
      vertex 54.1 13.7256 126.346
    endloop
  endfacet
  facet normal 0 1 0
    outer loop
      vertex 41 40 67
      vertex 57 40 70
      vertex 52 40 67
    endloop
  endfacet
  facet normal 0 1 0
    outer loop
      vertex 57 40 70
      vertex 52 40 51
      vertex 52 40 67
    endloop
  endfacet
  facet normal 0 1 0
    outer loop
      vertex 52 40 51
      vertex 57 40 48
      vertex 41 40 51
    endloop
  endfacet
  facet normal 0 1 -0
    outer loop
      vertex 57 40 48
      vertex 52 40 51
      vertex 57 40 70
    endloop
  endfacet
  facet normal 0 1 0
    outer loop
      vertex 57 40 70
      vertex 41 40 67
      vertex -57 40 70
    endloop
  endfacet
  facet normal 0 1 -0
    outer loop
      vertex 41 40 51
      vertex -57 40 70
      vertex 41 40 67
    endloop
  endfacet
  facet normal 0 1 0
    outer loop
      vertex 41 40 51
      vertex -57 40 48
      vertex -57 40 70
    endloop
  endfacet
  facet normal 0 1 0
    outer loop
      vertex -57 40 48
      vertex 41 40 51
      vertex 57 40 48
    endloop
  endfacet
  facet normal 0 -1 0
    outer loop
      vertex -57 40 36
      vertex 57 40 40
      vertex -57 40 40
    endloop
  endfacet
  facet normal 0 -1 -0
    outer loop
      vertex 57 40 40
      vertex -57 40 36
      vertex 57 40 36
    endloop
  endfacet
  facet normal 0 0 -1
    outer loop
      vertex -57 40 36
      vertex 57 43 36
      vertex 57 40 36
    endloop
  endfacet
  facet normal -0 0 -1
    outer loop
      vertex 57 43 36
      vertex -57 40 36
      vertex -57 43 36
    endloop
  endfacet
  facet normal 0 -1 0
    outer loop
      vertex -43.8965 43 34.3166
      vertex -57 43 36
      vertex -44 43 34.3218
    endloop
  endfacet
  facet normal 0 -1 0
    outer loop
      vertex -57 43 36
      vertex -44.1035 43 34.3166
      vertex -44 43 34.3218
    endloop
  endfacet
  facet normal 0 -1 0
    outer loop
      vertex -57 43 36
      vertex -44.1185 43 34.3159
      vertex -44.1035 43 34.3166
    endloop
  endfacet
  facet normal 0 -1 0
    outer loop
      vertex -57 43 36
      vertex -44.1373 43 34.3131
      vertex -44.1185 43 34.3159
    endloop
  endfacet
  facet normal 0 -1 0
    outer loop
      vertex -57 43 36
      vertex -44.2412 43 34.2975
      vertex -44.1373 43 34.3131
    endloop
  endfacet
  facet normal 0 -1 0
    outer loop
      vertex -57 43 36
      vertex -44.3134 43 34.2796
      vertex -44.2412 43 34.2975
    endloop
  endfacet
  facet normal 0 -1 0
    outer loop
      vertex -57 43 36
      vertex -44.3728 43 34.2649
      vertex -44.3134 43 34.2796
    endloop
  endfacet
  facet normal 0 -1 0
    outer loop
      vertex -57 43 36
      vertex -44.4186 43 34.2494
      vertex -44.3728 43 34.2649
    endloop
  endfacet
  facet normal 0 -1 0
    outer loop
      vertex -57 43 36
      vertex -44.5196 43 34.215
      vertex -44.4186 43 34.2494
    endloop
  endfacet
  facet normal 0 -1 0
    outer loop
      vertex -57 43 36
      vertex -44.5479 43 34.2029
      vertex -44.5196 43 34.215
    endloop
  endfacet
  facet normal 0 -1 0
    outer loop
      vertex -57 43 36
      vertex -44.6297 43 34.1574
      vertex -44.5479 43 34.2029
    endloop
  endfacet
  facet normal 0 -1 0
    outer loop
      vertex -57 43 36
      vertex -44.6906 43 34.1235
      vertex -44.6297 43 34.1574
    endloop
  endfacet
  facet normal 0 -1 0
    outer loop
      vertex -57 43 36
      vertex -44.7943 43 34.055
      vertex -44.6906 43 34.1235
    endloop
  endfacet
  facet normal 0 -1 0
    outer loop
      vertex -57 43 36
      vertex -44.8408 43 34.0149
      vertex -44.7943 43 34.055
    endloop
  endfacet
  facet normal 0 -1 0
    outer loop
      vertex -57 43 36
      vertex -44.9 43 33.9639
      vertex -44.8408 43 34.0149
    endloop
  endfacet
  facet normal 0 -1 0
    outer loop
      vertex -57 43 36
      vertex -44.9764 43 33.8889
      vertex -44.9 43 33.9639
    endloop
  endfacet
  facet normal 0 -1 0
    outer loop
      vertex -57 43 36
      vertex -45.0375 43 33.8092
      vertex -44.9764 43 33.8889
    endloop
  endfacet
  facet normal 0 -1 0
    outer loop
      vertex -57 43 36
      vertex -45.1153 43 33.7077
      vertex -45.0375 43 33.8092
    endloop
  endfacet
  facet normal 0 -1 0
    outer loop
      vertex -57 43 36
      vertex -45.1729 43 33.6028
      vertex -45.1153 43 33.7077
    endloop
  endfacet
  facet normal 0 -1 0
    outer loop
      vertex -57 43 36
      vertex -45.2169 43 33.5143
      vertex -45.1729 43 33.6028
    endloop
  endfacet
  facet normal 0 -1 0
    outer loop
      vertex -57 43 36
      vertex -45.2637 43 33.3687
      vertex -45.2169 43 33.5143
    endloop
  endfacet
  facet normal 0 -1 0
    outer loop
      vertex -57 43 36
      vertex -45.2819 43 33.3121
      vertex -45.2637 43 33.3687
    endloop
  endfacet
  facet normal 0 -1 0
    outer loop
      vertex -57 43 36
      vertex -45.3021 43 33.1843
      vertex -45.2819 43 33.3121
    endloop
  endfacet
  facet normal 0 -1 0
    outer loop
      vertex -57 43 36
      vertex -45.3147 43 33.1046
      vertex -45.3021 43 33.1843
    endloop
  endfacet
  facet normal 0 -1 0
    outer loop
      vertex -57 43 36
      vertex -45.3147 43 32.8954
      vertex -45.3147 43 33.1046
    endloop
  endfacet
  facet normal 0 -1 0
    outer loop
      vertex -57 43 30
      vertex -45.3147 43 32.8954
      vertex -57 43 36
    endloop
  endfacet
  facet normal 0 -1 -0
    outer loop
      vertex -45.3147 43 32.8954
      vertex -57 43 30
      vertex -45.3021 43 32.8157
    endloop
  endfacet
  facet normal 0 -1 -0
    outer loop
      vertex -45.3021 43 32.8157
      vertex -57 43 30
      vertex -45.2819 43 32.6879
    endloop
  endfacet
  facet normal 0 -1 -0
    outer loop
      vertex -45.2819 43 32.6879
      vertex -57 43 30
      vertex -45.2637 43 32.6313
    endloop
  endfacet
  facet normal 0 -1 -0
    outer loop
      vertex -45.2637 43 32.6313
      vertex -57 43 30
      vertex -45.2169 43 32.4857
    endloop
  endfacet
  facet normal 0 -1 -0
    outer loop
      vertex -45.2169 43 32.4857
      vertex -57 43 30
      vertex -45.1729 43 32.3972
    endloop
  endfacet
  facet normal 0 -1 -0
    outer loop
      vertex -45.1729 43 32.3972
      vertex -57 43 30
      vertex -45.1153 43 32.2923
    endloop
  endfacet
  facet normal 0 -1 -0
    outer loop
      vertex -45.1153 43 32.2923
      vertex -57 43 30
      vertex -45.0375 43 32.1908
    endloop
  endfacet
  facet normal 0 -1 -0
    outer loop
      vertex -45.0375 43 32.1908
      vertex -57 43 30
      vertex -44.9764 43 32.1111
    endloop
  endfacet
  facet normal 0 -1 -0
    outer loop
      vertex -44.9764 43 32.1111
      vertex -57 43 30
      vertex -44.9 43 32.0361
    endloop
  endfacet
  facet normal 0 -1 -0
    outer loop
      vertex -44.9 43 32.0361
      vertex -57 43 30
      vertex -44.8408 43 31.9851
    endloop
  endfacet
  facet normal 0 -1 -0
    outer loop
      vertex -44.8408 43 31.9851
      vertex -57 43 30
      vertex -44.7943 43 31.945
    endloop
  endfacet
  facet normal 0 -1 -0
    outer loop
      vertex -44.7943 43 31.945
      vertex -57 43 30
      vertex -44.6906 43 31.8765
    endloop
  endfacet
  facet normal 0 -1 -0
    outer loop
      vertex -44.6906 43 31.8765
      vertex -57 43 30
      vertex -44.6297 43 31.8426
    endloop
  endfacet
  facet normal 0 -1 -0
    outer loop
      vertex -44.6297 43 31.8426
      vertex -57 43 30
      vertex -44.5479 43 31.7971
    endloop
  endfacet
  facet normal 0 -1 -0
    outer loop
      vertex -44.5479 43 31.7971
      vertex -57 43 30
      vertex -44.5196 43 31.785
    endloop
  endfacet
  facet normal 0 -1 -0
    outer loop
      vertex -44.5196 43 31.785
      vertex -57 43 30
      vertex -44.4186 43 31.7506
    endloop
  endfacet
  facet normal 0 -1 0
    outer loop
      vertex -44.3728 43 31.7351
      vertex -44.2412 43 31.7025
      vertex -44.3134 43 31.7204
    endloop
  endfacet
  facet normal 0 1 0
    outer loop
      vertex -44.2412 43 31.7025
      vertex -44.1185 43 31.6841
      vertex -44.1373 43 31.6869
    endloop
  endfacet
  facet normal 0 -1 0
    outer loop
      vertex -44.1185 43 31.6841
      vertex -44 43 31.6782
      vertex -44.1035 43 31.6834
    endloop
  endfacet
  facet normal 0 -1 -0
    outer loop
      vertex -44.1185 43 31.6841
      vertex -57 43 30
      vertex -44 43 31.6782
    endloop
  endfacet
  facet normal 0 -1 -0
    outer loop
      vertex -44.2412 43 31.7025
      vertex -57 43 30
      vertex -44.1185 43 31.6841
    endloop
  endfacet
  facet normal 0 -1 -0
    outer loop
      vertex -44.3728 43 31.7351
      vertex -57 43 30
      vertex -44.2412 43 31.7025
    endloop
  endfacet
  facet normal 0 -1 -0
    outer loop
      vertex -44.4186 43 31.7506
      vertex -57 43 30
      vertex -44.3728 43 31.7351
    endloop
  endfacet
  facet normal 0 -1 0
    outer loop
      vertex -43.8815 43 34.3159
      vertex -57 43 36
      vertex -43.8965 43 34.3166
    endloop
  endfacet
  facet normal 0 -1 0
    outer loop
      vertex -57 43 36
      vertex -43.8815 43 34.3159
      vertex 57 43 36
    endloop
  endfacet
  facet normal 0 -1 0
    outer loop
      vertex -43.8627 43 34.3131
      vertex 57 43 36
      vertex -43.8815 43 34.3159
    endloop
  endfacet
  facet normal 0 -1 0
    outer loop
      vertex -43.7588 43 34.2975
      vertex 57 43 36
      vertex -43.8627 43 34.3131
    endloop
  endfacet
  facet normal 0 -1 0
    outer loop
      vertex -43.6866 43 34.2796
      vertex 57 43 36
      vertex -43.7588 43 34.2975
    endloop
  endfacet
  facet normal 0 -1 0
    outer loop
      vertex -43.6272 43 34.2649
      vertex 57 43 36
      vertex -43.6866 43 34.2796
    endloop
  endfacet
  facet normal 0 -1 0
    outer loop
      vertex -43.5814 43 34.2494
      vertex 57 43 36
      vertex -43.6272 43 34.2649
    endloop
  endfacet
  facet normal 0 -1 0
    outer loop
      vertex -43.4804 43 34.215
      vertex 57 43 36
      vertex -43.5814 43 34.2494
    endloop
  endfacet
  facet normal 0 -1 0
    outer loop
      vertex -43.4521 43 34.2029
      vertex 57 43 36
      vertex -43.4804 43 34.215
    endloop
  endfacet
  facet normal 0 -1 0
    outer loop
      vertex -43.3703 43 34.1574
      vertex 57 43 36
      vertex -43.4521 43 34.2029
    endloop
  endfacet
  facet normal 0 -1 0
    outer loop
      vertex -43.3094 43 34.1235
      vertex 57 43 36
      vertex -43.3703 43 34.1574
    endloop
  endfacet
  facet normal 0 -1 0
    outer loop
      vertex -43.2057 43 34.055
      vertex 57 43 36
      vertex -43.3094 43 34.1235
    endloop
  endfacet
  facet normal 0 -1 0
    outer loop
      vertex -43.1592 43 34.0149
      vertex 57 43 36
      vertex -43.2057 43 34.055
    endloop
  endfacet
  facet normal 0 -1 0
    outer loop
      vertex -43.1 43 33.9639
      vertex 57 43 36
      vertex -43.1592 43 34.0149
    endloop
  endfacet
  facet normal 0 -1 0
    outer loop
      vertex -43.0236 43 33.8889
      vertex 57 43 36
      vertex -43.1 43 33.9639
    endloop
  endfacet
  facet normal 0 -1 0
    outer loop
      vertex -42.9625 43 33.8092
      vertex 57 43 36
      vertex -43.0236 43 33.8889
    endloop
  endfacet
  facet normal 0 -1 0
    outer loop
      vertex -42.8847 43 33.7077
      vertex 57 43 36
      vertex -42.9625 43 33.8092
    endloop
  endfacet
  facet normal 0 -1 0
    outer loop
      vertex -42.8271 43 33.6028
      vertex 57 43 36
      vertex -42.8847 43 33.7077
    endloop
  endfacet
  facet normal 0 -1 0
    outer loop
      vertex -42.7831 43 33.5143
      vertex 57 43 36
      vertex -42.8271 43 33.6028
    endloop
  endfacet
  facet normal 0 -1 0
    outer loop
      vertex -42.7363 43 33.3687
      vertex 57 43 36
      vertex -42.7831 43 33.5143
    endloop
  endfacet
  facet normal 0 -1 0
    outer loop
      vertex -42.7181 43 33.3121
      vertex 57 43 36
      vertex -42.7363 43 33.3687
    endloop
  endfacet
  facet normal 0 -1 0
    outer loop
      vertex -42.6979 43 33.1843
      vertex 57 43 36
      vertex -42.7181 43 33.3121
    endloop
  endfacet
  facet normal 0 -1 0
    outer loop
      vertex -42.6853 43 33.1046
      vertex 57 43 36
      vertex -42.6979 43 33.1843
    endloop
  endfacet
  facet normal 0 -1 0
    outer loop
      vertex -42.6853 43 32.8954
      vertex 57 43 36
      vertex -42.6853 43 33.1046
    endloop
  endfacet
  facet normal 0 -1 0
    outer loop
      vertex 57 43 30
      vertex -42.6853 43 32.8954
      vertex -42.6979 43 32.8157
    endloop
  endfacet
  facet normal 0 -1 0
    outer loop
      vertex 57 43 30
      vertex -42.6979 43 32.8157
      vertex -42.7181 43 32.6879
    endloop
  endfacet
  facet normal 0 -1 0
    outer loop
      vertex 57 43 30
      vertex -42.7181 43 32.6879
      vertex -42.7363 43 32.6313
    endloop
  endfacet
  facet normal 0 -1 0
    outer loop
      vertex 57 43 30
      vertex -42.7363 43 32.6313
      vertex -42.7831 43 32.4857
    endloop
  endfacet
  facet normal 0 -1 0
    outer loop
      vertex 57 43 30
      vertex -42.7831 43 32.4857
      vertex -42.8271 43 32.3972
    endloop
  endfacet
  facet normal 0 -1 0
    outer loop
      vertex 57 43 30
      vertex -42.8271 43 32.3972
      vertex -42.8847 43 32.2923
    endloop
  endfacet
  facet normal 0 -1 0
    outer loop
      vertex 57 43 30
      vertex -42.8847 43 32.2923
      vertex -42.9625 43 32.1908
    endloop
  endfacet
  facet normal 0 -1 0
    outer loop
      vertex 57 43 30
      vertex -42.9625 43 32.1908
      vertex -43.0236 43 32.1111
    endloop
  endfacet
  facet normal 0 -1 0
    outer loop
      vertex 57 43 30
      vertex -43.0236 43 32.1111
      vertex -43.1 43 32.0361
    endloop
  endfacet
  facet normal 0 -1 0
    outer loop
      vertex 57 43 30
      vertex -43.1 43 32.0361
      vertex -43.1592 43 31.9851
    endloop
  endfacet
  facet normal 0 -1 0
    outer loop
      vertex 57 43 30
      vertex -43.1592 43 31.9851
      vertex -43.2057 43 31.945
    endloop
  endfacet
  facet normal 0 -1 0
    outer loop
      vertex 57 43 30
      vertex -43.2057 43 31.945
      vertex -43.3094 43 31.8765
    endloop
  endfacet
  facet normal 0 -1 0
    outer loop
      vertex 57 43 30
      vertex -43.3094 43 31.8765
      vertex -43.3703 43 31.8426
    endloop
  endfacet
  facet normal 0 -1 0
    outer loop
      vertex 57 43 30
      vertex -43.3703 43 31.8426
      vertex -43.4521 43 31.7971
    endloop
  endfacet
  facet normal 0 -1 0
    outer loop
      vertex 57 43 30
      vertex -43.4521 43 31.7971
      vertex -43.4804 43 31.785
    endloop
  endfacet
  facet normal 0 -1 0
    outer loop
      vertex 57 43 30
      vertex -43.4804 43 31.785
      vertex -43.5814 43 31.7506
    endloop
  endfacet
  facet normal 0 -1 0
    outer loop
      vertex 57 43 30
      vertex -43.5814 43 31.7506
      vertex -43.6272 43 31.7351
    endloop
  endfacet
  facet normal 0 -1 0
    outer loop
      vertex 57 43 30
      vertex -43.6272 43 31.7351
      vertex -43.6866 43 31.7204
    endloop
  endfacet
  facet normal 0 -1 0
    outer loop
      vertex 57 43 30
      vertex -43.6866 43 31.7204
      vertex -43.7588 43 31.7025
    endloop
  endfacet
  facet normal 0 -1 0
    outer loop
      vertex 57 43 30
      vertex -43.7588 43 31.7025
      vertex -43.8627 43 31.6869
    endloop
  endfacet
  facet normal 0 -1 0
    outer loop
      vertex 57 43 30
      vertex -43.8627 43 31.6869
      vertex -43.8815 43 31.6841
    endloop
  endfacet
  facet normal 0 -1 0
    outer loop
      vertex -57 43 30
      vertex -43.8815 43 31.6841
      vertex -43.8965 43 31.6834
    endloop
  endfacet
  facet normal 0 -1 0
    outer loop
      vertex -57 43 30
      vertex -43.8965 43 31.6834
      vertex -44 43 31.6782
    endloop
  endfacet
  facet normal 0 -1 -0
    outer loop
      vertex -43.8815 43 31.6841
      vertex -57 43 30
      vertex 57 43 30
    endloop
  endfacet
  facet normal 0 -1 0
    outer loop
      vertex -42.6853 43 32.8954
      vertex 57 43 30
      vertex 57 43 36
    endloop
  endfacet
  facet normal -0 0 1
    outer loop
      vertex -57 43 30
      vertex 57 40 30
      vertex 57 43 30
    endloop
  endfacet
  facet normal 0 0 1
    outer loop
      vertex 57 40 30
      vertex -57 43 30
      vertex -57 40 30
    endloop
  endfacet
  facet normal 0 -1 0
    outer loop
      vertex -57 40 21
      vertex 57 40 30
      vertex -57 40 30
    endloop
  endfacet
  facet normal 0 -1 -0
    outer loop
      vertex 57 40 30
      vertex -57 40 21
      vertex 57 40 21
    endloop
  endfacet
  facet normal -0 0 1
    outer loop
      vertex -57 40 21
      vertex 57 9 21
      vertex 57 40 21
    endloop
  endfacet
  facet normal 0 0 1
    outer loop
      vertex 57 9 21
      vertex -57 40 21
      vertex -57 9 21
    endloop
  endfacet
  facet normal 0 1 -0
    outer loop
      vertex 57 9 21
      vertex -57 9 30
      vertex 57 9 30
    endloop
  endfacet
  facet normal 0 1 0
    outer loop
      vertex -57 9 30
      vertex 57 9 21
      vertex -57 9 21
    endloop
  endfacet
  facet normal -0 0 1
    outer loop
      vertex -57 9 30
      vertex 57 6 30
      vertex 57 9 30
    endloop
  endfacet
  facet normal 0 0 1
    outer loop
      vertex 57 6 30
      vertex -57 9 30
      vertex -57 6 30
    endloop
  endfacet
  facet normal 0 1 -0
    outer loop
      vertex -43.8815 6 34.3159
      vertex -57 6 36
      vertex 57 6 36
    endloop
  endfacet
  facet normal 0 1 0
    outer loop
      vertex -57 6 36
      vertex -43.8965 6 34.3166
      vertex -44 6 34.3218
    endloop
  endfacet
  facet normal 0 1 0
    outer loop
      vertex -57 6 36
      vertex -43.8815 6 34.3159
      vertex -43.8965 6 34.3166
    endloop
  endfacet
  facet normal 0 1 0
    outer loop
      vertex 57 6 36
      vertex -43.8627 6 34.3131
      vertex -43.8815 6 34.3159
    endloop
  endfacet
  facet normal 0 1 0
    outer loop
      vertex 57 6 36
      vertex -43.7588 6 34.2975
      vertex -43.8627 6 34.3131
    endloop
  endfacet
  facet normal 0 1 0
    outer loop
      vertex 57 6 36
      vertex -43.6866 6 34.2796
      vertex -43.7588 6 34.2975
    endloop
  endfacet
  facet normal 0 1 0
    outer loop
      vertex 57 6 36
      vertex -43.6272 6 34.2649
      vertex -43.6866 6 34.2796
    endloop
  endfacet
  facet normal 0 1 0
    outer loop
      vertex 57 6 36
      vertex -43.5814 6 34.2494
      vertex -43.6272 6 34.2649
    endloop
  endfacet
  facet normal 0 1 0
    outer loop
      vertex 57 6 36
      vertex -43.4804 6 34.215
      vertex -43.5814 6 34.2494
    endloop
  endfacet
  facet normal 0 1 0
    outer loop
      vertex 57 6 36
      vertex -43.4521 6 34.2029
      vertex -43.4804 6 34.215
    endloop
  endfacet
  facet normal 0 1 0
    outer loop
      vertex 57 6 36
      vertex -43.3703 6 34.1574
      vertex -43.4521 6 34.2029
    endloop
  endfacet
  facet normal 0 1 0
    outer loop
      vertex 57 6 36
      vertex -43.3094 6 34.1235
      vertex -43.3703 6 34.1574
    endloop
  endfacet
  facet normal 0 1 0
    outer loop
      vertex 57 6 36
      vertex -43.2057 6 34.055
      vertex -43.3094 6 34.1235
    endloop
  endfacet
  facet normal 0 1 0
    outer loop
      vertex 57 6 36
      vertex -43.1592 6 34.0149
      vertex -43.2057 6 34.055
    endloop
  endfacet
  facet normal 0 1 0
    outer loop
      vertex 57 6 36
      vertex -43.1 6 33.9639
      vertex -43.1592 6 34.0149
    endloop
  endfacet
  facet normal 0 1 0
    outer loop
      vertex 57 6 36
      vertex -43.0236 6 33.8889
      vertex -43.1 6 33.9639
    endloop
  endfacet
  facet normal 0 1 0
    outer loop
      vertex 57 6 36
      vertex -42.9625 6 33.8092
      vertex -43.0236 6 33.8889
    endloop
  endfacet
  facet normal 0 1 0
    outer loop
      vertex 57 6 36
      vertex -42.8847 6 33.7077
      vertex -42.9625 6 33.8092
    endloop
  endfacet
  facet normal 0 1 0
    outer loop
      vertex 57 6 36
      vertex -42.8271 6 33.6028
      vertex -42.8847 6 33.7077
    endloop
  endfacet
  facet normal 0 1 0
    outer loop
      vertex 57 6 36
      vertex -42.7831 6 33.5143
      vertex -42.8271 6 33.6028
    endloop
  endfacet
  facet normal 0 1 0
    outer loop
      vertex 57 6 36
      vertex -42.7363 6 33.3687
      vertex -42.7831 6 33.5143
    endloop
  endfacet
  facet normal 0 1 0
    outer loop
      vertex 57 6 36
      vertex -42.7181 6 33.3121
      vertex -42.7363 6 33.3687
    endloop
  endfacet
  facet normal 0 1 0
    outer loop
      vertex 57 6 36
      vertex -42.6979 6 33.1843
      vertex -42.7181 6 33.3121
    endloop
  endfacet
  facet normal 0 1 0
    outer loop
      vertex 57 6 36
      vertex -42.6853 6 33.1046
      vertex -42.6979 6 33.1843
    endloop
  endfacet
  facet normal 0 1 0
    outer loop
      vertex 57 6 36
      vertex -42.6853 6 32.8954
      vertex -42.6853 6 33.1046
    endloop
  endfacet
  facet normal 0 1 -0
    outer loop
      vertex 57 6 30
      vertex -42.6853 6 32.8954
      vertex 57 6 36
    endloop
  endfacet
  facet normal 0 1 0
    outer loop
      vertex -42.6853 6 32.8954
      vertex 57 6 30
      vertex -42.6979 6 32.8157
    endloop
  endfacet
  facet normal 0 1 0
    outer loop
      vertex -42.6979 6 32.8157
      vertex 57 6 30
      vertex -42.7181 6 32.6879
    endloop
  endfacet
  facet normal 0 1 0
    outer loop
      vertex -42.7181 6 32.6879
      vertex 57 6 30
      vertex -42.7363 6 32.6313
    endloop
  endfacet
  facet normal 0 1 0
    outer loop
      vertex -42.7363 6 32.6313
      vertex 57 6 30
      vertex -42.7831 6 32.4857
    endloop
  endfacet
  facet normal 0 1 0
    outer loop
      vertex -42.7831 6 32.4857
      vertex 57 6 30
      vertex -42.8271 6 32.3972
    endloop
  endfacet
  facet normal 0 1 0
    outer loop
      vertex -42.8271 6 32.3972
      vertex 57 6 30
      vertex -42.8847 6 32.2923
    endloop
  endfacet
  facet normal 0 1 0
    outer loop
      vertex -42.8847 6 32.2923
      vertex 57 6 30
      vertex -42.9625 6 32.1908
    endloop
  endfacet
  facet normal 0 1 0
    outer loop
      vertex -42.9625 6 32.1908
      vertex 57 6 30
      vertex -43.0236 6 32.1111
    endloop
  endfacet
  facet normal 0 1 0
    outer loop
      vertex -43.0236 6 32.1111
      vertex 57 6 30
      vertex -43.1 6 32.0361
    endloop
  endfacet
  facet normal 0 1 0
    outer loop
      vertex -43.1 6 32.0361
      vertex 57 6 30
      vertex -43.1592 6 31.9851
    endloop
  endfacet
  facet normal 0 1 0
    outer loop
      vertex -43.1592 6 31.9851
      vertex 57 6 30
      vertex -43.2057 6 31.945
    endloop
  endfacet
  facet normal 0 1 0
    outer loop
      vertex -43.2057 6 31.945
      vertex 57 6 30
      vertex -43.3094 6 31.8765
    endloop
  endfacet
  facet normal 0 1 0
    outer loop
      vertex -43.3094 6 31.8765
      vertex 57 6 30
      vertex -43.3703 6 31.8426
    endloop
  endfacet
  facet normal 0 1 0
    outer loop
      vertex -43.3703 6 31.8426
      vertex 57 6 30
      vertex -43.4521 6 31.7971
    endloop
  endfacet
  facet normal 0 1 0
    outer loop
      vertex -43.4521 6 31.7971
      vertex 57 6 30
      vertex -43.4804 6 31.785
    endloop
  endfacet
  facet normal 0 1 0
    outer loop
      vertex -43.4804 6 31.785
      vertex 57 6 30
      vertex -43.5814 6 31.7506
    endloop
  endfacet
  facet normal 0 1 0
    outer loop
      vertex -43.5814 6 31.7506
      vertex 57 6 30
      vertex -43.6272 6 31.7351
    endloop
  endfacet
  facet normal 0 1 0
    outer loop
      vertex -43.6272 6 31.7351
      vertex 57 6 30
      vertex -43.6866 6 31.7204
    endloop
  endfacet
  facet normal 0 1 0
    outer loop
      vertex -43.6866 6 31.7204
      vertex 57 6 30
      vertex -43.7588 6 31.7025
    endloop
  endfacet
  facet normal 0 1 0
    outer loop
      vertex -43.7588 6 31.7025
      vertex 57 6 30
      vertex -43.8627 6 31.6869
    endloop
  endfacet
  facet normal 0 1 0
    outer loop
      vertex -43.8627 6 31.6869
      vertex 57 6 30
      vertex -43.8815 6 31.6841
    endloop
  endfacet
  facet normal 0 1 0
    outer loop
      vertex -57 6 30
      vertex -43.8815 6 31.6841
      vertex 57 6 30
    endloop
  endfacet
  facet normal 0 1 0
    outer loop
      vertex -43.8815 6 31.6841
      vertex -57 6 30
      vertex -43.8965 6 31.6834
    endloop
  endfacet
  facet normal 0 1 -0
    outer loop
      vertex -44.1035 6 34.3166
      vertex -57 6 36
      vertex -44 6 34.3218
    endloop
  endfacet
  facet normal 0 1 -0
    outer loop
      vertex -44.1185 6 34.3159
      vertex -57 6 36
      vertex -44.1035 6 34.3166
    endloop
  endfacet
  facet normal 0 1 -0
    outer loop
      vertex -44.1373 6 34.3131
      vertex -57 6 36
      vertex -44.1185 6 34.3159
    endloop
  endfacet
  facet normal 0 1 -0
    outer loop
      vertex -44.2412 6 34.2975
      vertex -57 6 36
      vertex -44.1373 6 34.3131
    endloop
  endfacet
  facet normal 0 1 -0
    outer loop
      vertex -44.3134 6 34.2796
      vertex -57 6 36
      vertex -44.2412 6 34.2975
    endloop
  endfacet
  facet normal 0 1 -0
    outer loop
      vertex -44.3728 6 34.2649
      vertex -57 6 36
      vertex -44.3134 6 34.2796
    endloop
  endfacet
  facet normal 0 1 -0
    outer loop
      vertex -44.4186 6 34.2494
      vertex -57 6 36
      vertex -44.3728 6 34.2649
    endloop
  endfacet
  facet normal 0 1 -0
    outer loop
      vertex -44.5196 6 34.215
      vertex -57 6 36
      vertex -44.4186 6 34.2494
    endloop
  endfacet
  facet normal 0 1 -0
    outer loop
      vertex -44.5479 6 34.2029
      vertex -57 6 36
      vertex -44.5196 6 34.215
    endloop
  endfacet
  facet normal 0 1 -0
    outer loop
      vertex -44.6297 6 34.1574
      vertex -57 6 36
      vertex -44.5479 6 34.2029
    endloop
  endfacet
  facet normal 0 1 -0
    outer loop
      vertex -44.6906 6 34.1235
      vertex -57 6 36
      vertex -44.6297 6 34.1574
    endloop
  endfacet
  facet normal 0 1 -0
    outer loop
      vertex -44.7943 6 34.055
      vertex -57 6 36
      vertex -44.6906 6 34.1235
    endloop
  endfacet
  facet normal 0 1 -0
    outer loop
      vertex -44.8408 6 34.0149
      vertex -57 6 36
      vertex -44.7943 6 34.055
    endloop
  endfacet
  facet normal 0 1 -0
    outer loop
      vertex -44.9 6 33.9639
      vertex -57 6 36
      vertex -44.8408 6 34.0149
    endloop
  endfacet
  facet normal 0 1 -0
    outer loop
      vertex -44.9764 6 33.8889
      vertex -57 6 36
      vertex -44.9 6 33.9639
    endloop
  endfacet
  facet normal 0 1 -0
    outer loop
      vertex -45.0375 6 33.8092
      vertex -57 6 36
      vertex -44.9764 6 33.8889
    endloop
  endfacet
  facet normal 0 1 -0
    outer loop
      vertex -45.1153 6 33.7077
      vertex -57 6 36
      vertex -45.0375 6 33.8092
    endloop
  endfacet
  facet normal 0 1 -0
    outer loop
      vertex -45.1729 6 33.6028
      vertex -57 6 36
      vertex -45.1153 6 33.7077
    endloop
  endfacet
  facet normal 0 1 -0
    outer loop
      vertex -45.2169 6 33.5143
      vertex -57 6 36
      vertex -45.1729 6 33.6028
    endloop
  endfacet
  facet normal 0 1 -0
    outer loop
      vertex -45.2637 6 33.3687
      vertex -57 6 36
      vertex -45.2169 6 33.5143
    endloop
  endfacet
  facet normal 0 1 -0
    outer loop
      vertex -45.2819 6 33.3121
      vertex -57 6 36
      vertex -45.2637 6 33.3687
    endloop
  endfacet
  facet normal 0 1 -0
    outer loop
      vertex -45.3021 6 33.1843
      vertex -57 6 36
      vertex -45.2819 6 33.3121
    endloop
  endfacet
  facet normal 0 1 -0
    outer loop
      vertex -45.3147 6 33.1046
      vertex -57 6 36
      vertex -45.3021 6 33.1843
    endloop
  endfacet
  facet normal 0 1 -0
    outer loop
      vertex -45.3147 6 32.8954
      vertex -57 6 36
      vertex -45.3147 6 33.1046
    endloop
  endfacet
  facet normal 0 1 0
    outer loop
      vertex -57 6 30
      vertex -45.3147 6 32.8954
      vertex -45.3021 6 32.8157
    endloop
  endfacet
  facet normal 0 1 0
    outer loop
      vertex -57 6 30
      vertex -45.3021 6 32.8157
      vertex -45.2819 6 32.6879
    endloop
  endfacet
  facet normal 0 1 0
    outer loop
      vertex -57 6 30
      vertex -45.2819 6 32.6879
      vertex -45.2637 6 32.6313
    endloop
  endfacet
  facet normal 0 1 0
    outer loop
      vertex -57 6 30
      vertex -45.2637 6 32.6313
      vertex -45.2169 6 32.4857
    endloop
  endfacet
  facet normal 0 1 0
    outer loop
      vertex -57 6 30
      vertex -45.2169 6 32.4857
      vertex -45.1729 6 32.3972
    endloop
  endfacet
  facet normal 0 1 0
    outer loop
      vertex -57 6 30
      vertex -45.1729 6 32.3972
      vertex -45.1153 6 32.2923
    endloop
  endfacet
  facet normal 0 1 0
    outer loop
      vertex -57 6 30
      vertex -45.1153 6 32.2923
      vertex -45.0375 6 32.1908
    endloop
  endfacet
  facet normal 0 1 0
    outer loop
      vertex -57 6 30
      vertex -45.0375 6 32.1908
      vertex -44.9764 6 32.1111
    endloop
  endfacet
  facet normal 0 1 0
    outer loop
      vertex -57 6 30
      vertex -44.9764 6 32.1111
      vertex -44.9 6 32.0361
    endloop
  endfacet
  facet normal 0 1 0
    outer loop
      vertex -57 6 30
      vertex -44.9 6 32.0361
      vertex -44.8408 6 31.9851
    endloop
  endfacet
  facet normal 0 1 0
    outer loop
      vertex -57 6 30
      vertex -44.8408 6 31.9851
      vertex -44.7943 6 31.945
    endloop
  endfacet
  facet normal 0 1 0
    outer loop
      vertex -57 6 30
      vertex -44.7943 6 31.945
      vertex -44.6906 6 31.8765
    endloop
  endfacet
  facet normal 0 1 0
    outer loop
      vertex -57 6 30
      vertex -44.6906 6 31.8765
      vertex -44.6297 6 31.8426
    endloop
  endfacet
  facet normal 0 1 0
    outer loop
      vertex -57 6 30
      vertex -44.6297 6 31.8426
      vertex -44.5479 6 31.7971
    endloop
  endfacet
  facet normal 0 1 0
    outer loop
      vertex -57 6 30
      vertex -44.5479 6 31.7971
      vertex -44.5196 6 31.785
    endloop
  endfacet
  facet normal 0 1 0
    outer loop
      vertex -57 6 30
      vertex -44.5196 6 31.785
      vertex -44.4186 6 31.7506
    endloop
  endfacet
  facet normal 0 1 0
    outer loop
      vertex -57 6 30
      vertex -44.4186 6 31.7506
      vertex -44.3728 6 31.7351
    endloop
  endfacet
  facet normal 0 -1 0
    outer loop
      vertex -44.1185 6 31.6841
      vertex -44.2412 6 31.7025
      vertex -44.1373 6 31.6869
    endloop
  endfacet
  facet normal 0 1 0
    outer loop
      vertex -45.3147 6 32.8954
      vertex -57 6 30
      vertex -57 6 36
    endloop
  endfacet
  facet normal 0 1 0
    outer loop
      vertex -44.3134 6 31.7204
      vertex -57 6 30
      vertex -44.3728 6 31.7351
    endloop
  endfacet
  facet normal 0 1 0
    outer loop
      vertex -44.2412 6 31.7025
      vertex -57 6 30
      vertex -44.3134 6 31.7204
    endloop
  endfacet
  facet normal 0 1 0
    outer loop
      vertex -44.1185 6 31.6841
      vertex -57 6 30
      vertex -44.2412 6 31.7025
    endloop
  endfacet
  facet normal 0 1 0
    outer loop
      vertex -44.1035 6 31.6834
      vertex -57 6 30
      vertex -44.1185 6 31.6841
    endloop
  endfacet
  facet normal 0 1 0
    outer loop
      vertex -44 6 31.6782
      vertex -57 6 30
      vertex -44.1035 6 31.6834
    endloop
  endfacet
  facet normal 0 1 0
    outer loop
      vertex -43.8965 6 31.6834
      vertex -57 6 30
      vertex -44 6 31.6782
    endloop
  endfacet
  facet normal 0 0 -1
    outer loop
      vertex -57 6 36
      vertex 57 9 36
      vertex 57 6 36
    endloop
  endfacet
  facet normal -0 0 -1
    outer loop
      vertex 57 9 36
      vertex -57 6 36
      vertex -57 9 36
    endloop
  endfacet
  facet normal 0 1 -0
    outer loop
      vertex 57 9 36
      vertex -57 9 45
      vertex 57 9 45
    endloop
  endfacet
  facet normal 0 1 0
    outer loop
      vertex -57 9 45
      vertex 57 9 36
      vertex -57 9 36
    endloop
  endfacet
  facet normal 0 -0.906311 0.422611
    outer loop
      vertex -57 92 70
      vertex 54.1 118.274 126.346
      vertex -57 118.274 126.346
    endloop
  endfacet
  facet normal 0 -0.906311 0.422611
    outer loop
      vertex 57 92 70
      vertex 54.1 118.274 126.346
      vertex -57 92 70
    endloop
  endfacet
  facet normal 0 -0.906311 0.422611
    outer loop
      vertex 54.1 118.274 126.346
      vertex 57 92 70
      vertex 54.55 118.274 126.346
    endloop
  endfacet
  facet normal 0 -0.906311 0.422611
    outer loop
      vertex 54.55 118.274 126.346
      vertex 57 92 70
      vertex 57 118.274 126.346
    endloop
  endfacet
  facet normal 0 -0.906301 0.422633
    outer loop
      vertex 54.1 118.274 126.346
      vertex 54.55 129 149.347
      vertex 54.1 129 149.347
    endloop
  endfacet
  facet normal 0 -0.906301 0.422633
    outer loop
      vertex 54.55 129 149.347
      vertex 54.1 118.274 126.346
      vertex 54.55 118.274 126.346
    endloop
  endfacet
  facet normal 1 0 0
    outer loop
      vertex 54.1 5.5 156.346
      vertex 54.1 3 156.346
      vertex 54.1 5.5 149.901
    endloop
  endfacet
  facet normal 1 0 0
    outer loop
      vertex 54.1 5.5 149.901
      vertex 54.1 13.7256 126.346
      vertex 54.1 16.484 126.346
    endloop
  endfacet
  facet normal 1 0 0
    outer loop
      vertex 54.1 3 149.347
      vertex 54.1 5.5 149.901
      vertex 54.1 3 156.346
    endloop
  endfacet
  facet normal 1 0 0
    outer loop
      vertex 54.1 5.5 149.901
      vertex 54.1 3 149.347
      vertex 54.1 13.7256 126.346
    endloop
  endfacet
  facet normal 1 0 0
    outer loop
      vertex 54.1 126.5 149.901
      vertex 54.1 129 156.346
      vertex 54.1 126.5 156.346
    endloop
  endfacet
  facet normal 1 0 0
    outer loop
      vertex 54.1 129 156.346
      vertex 54.1 126.5 149.901
      vertex 54.1 129 149.347
    endloop
  endfacet
  facet normal 1 0 0
    outer loop
      vertex 54.1 126.5 149.901
      vertex 54.1 118.274 126.346
      vertex 54.1 129 149.347
    endloop
  endfacet
  facet normal 1 0 -0
    outer loop
      vertex 54.1 118.274 126.346
      vertex 54.1 126.5 149.901
      vertex 54.1 115.516 126.346
    endloop
  endfacet
  facet normal 0 1 -0
    outer loop
      vertex 54.1 5.5 149.901
      vertex -54.5 5.5 156.346
      vertex 54.1 5.5 156.346
    endloop
  endfacet
  facet normal 0 1 0
    outer loop
      vertex -54.5 5.5 156.346
      vertex 54.1 5.5 149.901
      vertex -54.5 5.5 149.901
    endloop
  endfacet
  facet normal 0 0.906306 0.422622
    outer loop
      vertex 54.1 16.484 126.346
      vertex -54.5 5.5 149.901
      vertex 54.1 5.5 149.901
    endloop
  endfacet
  facet normal 0 0.906306 0.422622
    outer loop
      vertex -54.5 5.5 149.901
      vertex 54.1 16.484 126.346
      vertex -54.5 16.484 126.346
    endloop
  endfacet
  facet normal 0 -1 0
    outer loop
      vertex -54.5 126.5 149.901
      vertex 54.1 126.5 156.346
      vertex -54.5 126.5 156.346
    endloop
  endfacet
  facet normal 0 -1 -0
    outer loop
      vertex 54.1 126.5 156.346
      vertex -54.5 126.5 149.901
      vertex 54.1 126.5 149.901
    endloop
  endfacet
  facet normal 0 -0.906306 0.422622
    outer loop
      vertex -54.5 115.516 126.346
      vertex 54.1 126.5 149.901
      vertex -54.5 126.5 149.901
    endloop
  endfacet
  facet normal 0 -0.906306 0.422622
    outer loop
      vertex 54.1 126.5 149.901
      vertex -54.5 115.516 126.346
      vertex 54.1 115.516 126.346
    endloop
  endfacet
  facet normal -0 0 1
    outer loop
      vertex 57 95 48
      vertex 57.05 92 48
      vertex 57.05 95 48
    endloop
  endfacet
  facet normal 0 0 1
    outer loop
      vertex 57.05 92 48
      vertex 57 95 48
      vertex 57 92 48
    endloop
  endfacet
  facet normal 0 0 -1
    outer loop
      vertex 60.05 37 48
      vertex 60 92 48
      vertex 60.05 95 48
    endloop
  endfacet
  facet normal 0 0 -1
    outer loop
      vertex 57.05 37 48
      vertex 60 92 48
      vertex 60.05 37 48
    endloop
  endfacet
  facet normal -0 0 -1
    outer loop
      vertex 60 92 48
      vertex 57.05 37 48
      vertex 57.05 92 48
    endloop
  endfacet
  facet normal -0 0 -1
    outer loop
      vertex 60.05 95 48
      vertex 60 92 48
      vertex 60 95 48
    endloop
  endfacet
  facet normal 0 -1 0
    outer loop
      vertex 57 43.5 20.4
      vertex 60 43.5 40
      vertex 57 43.5 40
    endloop
  endfacet
  facet normal 0 -1 -0
    outer loop
      vertex 60 43.5 40
      vertex 57 43.5 20.4
      vertex 60 43.5 20.4
    endloop
  endfacet
  facet normal -0 0 1
    outer loop
      vertex 57 43.5 20.4
      vertex 60 5.5 20.4
      vertex 60 43.5 20.4
    endloop
  endfacet
  facet normal 0 0 1
    outer loop
      vertex 60 5.5 20.4
      vertex 57 43.5 20.4
      vertex 57 5.5 20.4
    endloop
  endfacet
  facet normal 0 1 -0
    outer loop
      vertex 60 5.5 20.4
      vertex 57 5.5 45
      vertex 60 5.5 45
    endloop
  endfacet
  facet normal 0 1 0
    outer loop
      vertex 57 5.5 45
      vertex 60 5.5 20.4
      vertex 57 5.5 20.4
    endloop
  endfacet
  facet normal -1 0 0
    outer loop
      vertex 47 126.5 137.346
      vertex 47 126.714 137.346
      vertex 47 126.5 136.887
    endloop
  endfacet
  facet normal 0 0 -1
    outer loop
      vertex 44.05 125.9 137.346
      vertex 43 125.9 137.346
      vertex 44.05 126.5 137.346
    endloop
  endfacet
  facet normal 0 0 -1
    outer loop
      vertex 44.05 126.5 137.346
      vertex 47 126.714 137.346
      vertex 47 126.5 137.346
    endloop
  endfacet
  facet normal 0 0 -1
    outer loop
      vertex 44.05 126.5 137.346
      vertex 43 126.714 137.346
      vertex 47 126.714 137.346
    endloop
  endfacet
  facet normal 0 0 -1
    outer loop
      vertex 43 126.714 137.346
      vertex 44.05 126.5 137.346
      vertex 43 125.9 137.346
    endloop
  endfacet
  facet normal 1 0 0
    outer loop
      vertex 43 126.714 137.346
      vertex 43 125.9 137.346
      vertex 43 125.9 135.6
    endloop
  endfacet
  facet normal 0 1 -0
    outer loop
      vertex 44.05 125.9 135.6
      vertex 43 125.9 137.346
      vertex 44.05 125.9 137.346
    endloop
  endfacet
  facet normal 0 1 0
    outer loop
      vertex 43 125.9 137.346
      vertex 44.05 125.9 135.6
      vertex 43 125.9 135.6
    endloop
  endfacet
  facet normal -1 -0 -0
    outer loop
      vertex 47 5.5 137.346
      vertex 47 5.5 136.887
      vertex 47 5.28608 137.346
    endloop
  endfacet
  facet normal 0 0 -1
    outer loop
      vertex 47 5.28608 137.346
      vertex 44.05 5.5 137.346
      vertex 47 5.5 137.346
    endloop
  endfacet
  facet normal 0 0 -1
    outer loop
      vertex 43 5.28608 137.346
      vertex 44.05 5.5 137.346
      vertex 47 5.28608 137.346
    endloop
  endfacet
  facet normal 0 0 -1
    outer loop
      vertex 43 6.1 137.346
      vertex 44.05 5.5 137.346
      vertex 43 5.28608 137.346
    endloop
  endfacet
  facet normal 0 0 -1
    outer loop
      vertex 44.05 5.5 137.346
      vertex 43 6.1 137.346
      vertex 44.05 6.1 137.346
    endloop
  endfacet
  facet normal 1 0 -0
    outer loop
      vertex 43 6.1 135.6
      vertex 43 6.1 137.346
      vertex 43 5.28608 137.346
    endloop
  endfacet
  facet normal 0 -1 0
    outer loop
      vertex 43 6.1 135.6
      vertex 44.05 6.1 137.346
      vertex 43 6.1 137.346
    endloop
  endfacet
  facet normal 0 -1 -0
    outer loop
      vertex 44.05 6.1 137.346
      vertex 43 6.1 135.6
      vertex 44.05 6.1 135.6
    endloop
  endfacet
  facet normal -1 0 0
    outer loop
      vertex 47 89.5 54
      vertex 47 91 64
      vertex 47 91 54
    endloop
  endfacet
  facet normal -1 -0 0
    outer loop
      vertex 47 91 64
      vertex 47 89.5 54
      vertex 47 89.5 64
    endloop
  endfacet
  facet normal 0 0 -1
    outer loop
      vertex 44.05 89.5 64
      vertex 47 91 64
      vertex 47 89.5 64
    endloop
  endfacet
  facet normal 0 0 -1
    outer loop
      vertex 43 90.3333 64
      vertex 44.05 89.5 64
      vertex 44 89.5 64
    endloop
  endfacet
  facet normal 0 0 -1
    outer loop
      vertex 44.05 89.5 64
      vertex 43 90.3333 64
      vertex 43 91 64
    endloop
  endfacet
  facet normal 0 0 -1
    outer loop
      vertex 44.05 89.5 64
      vertex 43 91 64
      vertex 47 91 64
    endloop
  endfacet
  facet normal 0 0 1
    outer loop
      vertex 47 91 54
      vertex 44.05 89.5 54
      vertex 47 89.5 54
    endloop
  endfacet
  facet normal -0 0 1
    outer loop
      vertex 43 91 54
      vertex 44.05 89.5 54
      vertex 47 91 54
    endloop
  endfacet
  facet normal -0 0 1
    outer loop
      vertex 43 90.3333 54
      vertex 44.05 89.5 54
      vertex 43 91 54
    endloop
  endfacet
  facet normal 0 0 1
    outer loop
      vertex 44.05 89.5 54
      vertex 43 90.3333 54
      vertex 44 89.5 54
    endloop
  endfacet
  facet normal 1 -0 0
    outer loop
      vertex 43 90.3333 64
      vertex 43 91 54
      vertex 43 91 64
    endloop
  endfacet
  facet normal 1 0 0
    outer loop
      vertex 43 91 54
      vertex 43 90.3333 64
      vertex 43 90.3333 54
    endloop
  endfacet
  facet normal 0 -1 0
    outer loop
      vertex 43 91 54
      vertex 47 91 64
      vertex 43 91 64
    endloop
  endfacet
  facet normal 0 -1 -0
    outer loop
      vertex 47 91 64
      vertex 43 91 54
      vertex 47 91 54
    endloop
  endfacet
  facet normal -1 0 0
    outer loop
      vertex 47 41 54
      vertex 47 42.5 64
      vertex 47 42.5 54
    endloop
  endfacet
  facet normal -1 -0 0
    outer loop
      vertex 47 42.5 64
      vertex 47 41 54
      vertex 47 41 64
    endloop
  endfacet
  facet normal 0 0 -1
    outer loop
      vertex 47 41 64
      vertex 44.05 42.5 64
      vertex 47 42.5 64
    endloop
  endfacet
  facet normal 0 0 -1
    outer loop
      vertex 43 41 64
      vertex 44.05 42.5 64
      vertex 47 41 64
    endloop
  endfacet
  facet normal 0 0 -1
    outer loop
      vertex 43 41.6667 64
      vertex 44.05 42.5 64
      vertex 43 41 64
    endloop
  endfacet
  facet normal -0 0 -1
    outer loop
      vertex 44.05 42.5 64
      vertex 43 41.6667 64
      vertex 44 42.5 64
    endloop
  endfacet
  facet normal -0 0 1
    outer loop
      vertex 44.05 42.5 54
      vertex 47 41 54
      vertex 47 42.5 54
    endloop
  endfacet
  facet normal 0 0 1
    outer loop
      vertex 43 41.6667 54
      vertex 44.05 42.5 54
      vertex 44 42.5 54
    endloop
  endfacet
  facet normal 0 0 1
    outer loop
      vertex 44.05 42.5 54
      vertex 43 41.6667 54
      vertex 43 41 54
    endloop
  endfacet
  facet normal 0 0 1
    outer loop
      vertex 44.05 42.5 54
      vertex 43 41 54
      vertex 47 41 54
    endloop
  endfacet
  facet normal 1 -0 0
    outer loop
      vertex 43 41 64
      vertex 43 41.6667 54
      vertex 43 41.6667 64
    endloop
  endfacet
  facet normal 1 0 0
    outer loop
      vertex 43 41.6667 54
      vertex 43 41 64
      vertex 43 41 54
    endloop
  endfacet
  facet normal 0 1 -0
    outer loop
      vertex 47 41 54
      vertex 43 41 64
      vertex 47 41 64
    endloop
  endfacet
  facet normal 0 1 0
    outer loop
      vertex 43 41 64
      vertex 47 41 54
      vertex 43 41 54
    endloop
  endfacet
  facet normal -0 0 1
    outer loop
      vertex -60 127 146.346
      vertex -58.8 12 146.346
      vertex -58.8 127 146.346
    endloop
  endfacet
  facet normal 0 0 1
    outer loop
      vertex -58.8 12 146.346
      vertex -60 127 146.346
      vertex -60 12 146.346
    endloop
  endfacet
  facet normal 0 0 -1
    outer loop
      vertex -59.2 12 150.346
      vertex -58.8 127 150.346
      vertex -58.8 12 150.346
    endloop
  endfacet
  facet normal -0 0 -1
    outer loop
      vertex -58.8 127 150.346
      vertex -59.2 12 150.346
      vertex -59.2 127 150.346
    endloop
  endfacet
  facet normal 0 -1 0
    outer loop
      vertex -60 127 146.396
      vertex -60 127 146.346
      vertex -59.2 127 146.396
    endloop
  endfacet
  facet normal 0 -1 0
    outer loop
      vertex -59.2 127 146.396
      vertex -58.8 127 150.346
      vertex -59.2 127 150.346
    endloop
  endfacet
  facet normal 0 -1 0
    outer loop
      vertex -59.2 127 146.396
      vertex -58.8 127 146.346
      vertex -58.8 127 150.346
    endloop
  endfacet
  facet normal 0 -1 0
    outer loop
      vertex -58.8 127 146.346
      vertex -59.2 127 146.396
      vertex -60 127 146.346
    endloop
  endfacet
  facet normal 0 1 -0
    outer loop
      vertex -60 127 146.396
      vertex -60.4 127 150.396
      vertex -60 127 150.396
    endloop
  endfacet
  facet normal 0 1 0
    outer loop
      vertex -60.4 127 150.396
      vertex -60 127 146.396
      vertex -60.4 127 146.396
    endloop
  endfacet
  facet normal 0 1 0
    outer loop
      vertex -58.8 12 150.346
      vertex -59.2 12 146.396
      vertex -59.2 12 150.346
    endloop
  endfacet
  facet normal 0 1 -0
    outer loop
      vertex -58.8 12 146.346
      vertex -59.2 12 146.396
      vertex -58.8 12 150.346
    endloop
  endfacet
  facet normal 0 1 0
    outer loop
      vertex -60 12 146.346
      vertex -59.2 12 146.396
      vertex -58.8 12 146.346
    endloop
  endfacet
  facet normal 0 1 0
    outer loop
      vertex -59.2 12 146.396
      vertex -60 12 146.346
      vertex -60 12 146.396
    endloop
  endfacet
  facet normal 0 -1 0
    outer loop
      vertex -60.4 12 146.396
      vertex -60 12 150.396
      vertex -60.4 12 150.396
    endloop
  endfacet
  facet normal 0 -1 -0
    outer loop
      vertex -60 12 150.396
      vertex -60.4 12 146.396
      vertex -60 12 146.396
    endloop
  endfacet
  facet normal -1 0 0
    outer loop
      vertex -58.8 12 146.346
      vertex -58.8 127 150.346
      vertex -58.8 127 146.346
    endloop
  endfacet
  facet normal -1 -0 0
    outer loop
      vertex -58.8 127 150.346
      vertex -58.8 12 146.346
      vertex -58.8 12 150.346
    endloop
  endfacet
  facet normal -1 0 0
    outer loop
      vertex 57.05 5.5 136.887
      vertex 57.05 3 142.248
      vertex 57.05 5.5 138.346
    endloop
  endfacet
  facet normal -1 0 0
    outer loop
      vertex 57.05 91.6 51
      vertex 57.05 95 48
      vertex 57.05 92 48
    endloop
  endfacet
  facet normal -1 -0 0
    outer loop
      vertex 57.05 124 131.526
      vertex 57.05 118.274 126.346
      vertex 57.05 124 138.346
    endloop
  endfacet
  facet normal -1 0 0
    outer loop
      vertex 57.05 124 131.526
      vertex 57.05 117.367 125.346
      vertex 57.05 118.274 126.346
    endloop
  endfacet
  facet normal -1 0 0
    outer loop
      vertex 57.05 95 69.3349
      vertex 57.05 117.367 125.346
      vertex 57.05 124 131.526
    endloop
  endfacet
  facet normal -1 0 0
    outer loop
      vertex 57.05 95 48
      vertex 57.05 91.6 51
      vertex 57.05 95 69.3349
    endloop
  endfacet
  facet normal -1 0 0
    outer loop
      vertex 57.05 95 69.3349
      vertex 57.05 91.6 70.0887
      vertex 57.05 117.367 125.346
    endloop
  endfacet
  facet normal -1 0 0
    outer loop
      vertex 57.05 91.6 70.0887
      vertex 57.05 95 69.3349
      vertex 57.05 91.6 51
    endloop
  endfacet
  facet normal -1 0 0
    outer loop
      vertex 57.05 132 148.682
      vertex 57.05 129 149.347
      vertex 57.05 132 156.346
    endloop
  endfacet
  facet normal -1 0 0
    outer loop
      vertex 57.05 126.5 138.346
      vertex 57.05 132 148.682
      vertex 57.05 126.5 136.887
    endloop
  endfacet
  facet normal -1 -0 0
    outer loop
      vertex 57.05 132 148.682
      vertex 57.05 126.5 138.346
      vertex 57.05 129 149.347
    endloop
  endfacet
  facet normal -1 0 0
    outer loop
      vertex 57.05 124 138.346
      vertex 57.05 129 149.347
      vertex 57.05 126.5 138.346
    endloop
  endfacet
  facet normal -1 0 0
    outer loop
      vertex 57.05 129 149.347
      vertex 57.05 124 138.346
      vertex 57.05 118.274 126.346
    endloop
  endfacet
  facet normal -1 -0 0
    outer loop
      vertex 57.05 132 156.346
      vertex 57.05 129 149.347
      vertex 57.05 129 156.346
    endloop
  endfacet
  facet normal -1 0 0
    outer loop
      vertex 57.05 114.608 125.346
      vertex 57.05 118.274 126.346
      vertex 57.05 117.367 125.346
    endloop
  endfacet
  facet normal -1 0 0
    outer loop
      vertex 57.05 45 65
      vertex 57.05 87 65
      vertex 57.05 45 53
    endloop
  endfacet
  facet normal -1 0 0
    outer loop
      vertex 57.05 87 65
      vertex 57.05 45 65
      vertex 57.05 89.1 70.6429
    endloop
  endfacet
  facet normal -1 0 0
    outer loop
      vertex 57.05 42.9 70.6429
      vertex 57.05 89.1 70.6429
      vertex 57.05 45 65
    endloop
  endfacet
  facet normal -1 0 0
    outer loop
      vertex 57.05 42.9 70.6429
      vertex 57.05 45 65
      vertex 57.05 42.9 65
    endloop
  endfacet
  facet normal -1 0 0
    outer loop
      vertex 57.05 89.1 70.6429
      vertex 57.05 42.9 70.6429
      vertex 57.05 114.608 125.346
    endloop
  endfacet
  facet normal -1 0 0
    outer loop
      vertex 57.05 17.3917 125.346
      vertex 57.05 114.608 125.346
      vertex 57.05 42.9 70.6429
    endloop
  endfacet
  facet normal -1 0 0
    outer loop
      vertex 57.05 17.3917 125.346
      vertex 57.05 118.274 126.346
      vertex 57.05 114.608 125.346
    endloop
  endfacet
  facet normal -1 0 0
    outer loop
      vertex 57.05 13.7256 126.346
      vertex 57.05 17.3917 125.346
      vertex 57.05 14.6333 125.346
    endloop
  endfacet
  facet normal -1 0 0
    outer loop
      vertex 57.05 17.3917 125.346
      vertex 57.05 13.7256 126.346
      vertex 57.05 118.274 126.346
    endloop
  endfacet
  facet normal -1 0 0
    outer loop
      vertex 57.05 89.1 65
      vertex 57.05 87 65
      vertex 57.05 89.1 70.6429
    endloop
  endfacet
  facet normal -1 0 0
    outer loop
      vertex 57.05 92 48
      vertex 57.05 89.1 51
      vertex 57.05 91.6 51
    endloop
  endfacet
  facet normal -1 0 0
    outer loop
      vertex 57.05 89.1 51
      vertex 57.05 87 53
      vertex 57.05 89.1 53
    endloop
  endfacet
  facet normal -1 0 0
    outer loop
      vertex 57.05 42.9 51
      vertex 57.05 89.1 51
      vertex 57.05 92 48
    endloop
  endfacet
  facet normal -1 0 0
    outer loop
      vertex 57.05 87 53
      vertex 57.05 45 53
      vertex 57.05 87 65
    endloop
  endfacet
  facet normal -1 0 0
    outer loop
      vertex 57.05 89.1 51
      vertex 57.05 42.9 51
      vertex 57.05 87 53
    endloop
  endfacet
  facet normal -1 -0 0
    outer loop
      vertex 57.05 87 53
      vertex 57.05 42.9 51
      vertex 57.05 45 53
    endloop
  endfacet
  facet normal -1 0 0
    outer loop
      vertex 57.05 37 48
      vertex 57.05 42.9 51
      vertex 57.05 92 48
    endloop
  endfacet
  facet normal -1 -0 0
    outer loop
      vertex 57.05 42.9 51
      vertex 57.05 37 48
      vertex 57.05 40.4 51
    endloop
  endfacet
  facet normal -1 0 0
    outer loop
      vertex 57.05 37 69.3349
      vertex 57.05 40.4 51
      vertex 57.05 37 48
    endloop
  endfacet
  facet normal -1 0 0
    outer loop
      vertex 57.05 40.4 51
      vertex 57.05 37 69.3349
      vertex 57.05 40.4 70.0887
    endloop
  endfacet
  facet normal -1 0 0
    outer loop
      vertex 57.05 37 69.3349
      vertex 57.05 14.6333 125.346
      vertex 57.05 40.4 70.0887
    endloop
  endfacet
  facet normal -1 0 0
    outer loop
      vertex 57.05 8 131.526
      vertex 57.05 14.6333 125.346
      vertex 57.05 37 69.3349
    endloop
  endfacet
  facet normal -1 0 0
    outer loop
      vertex 57.05 14.6333 125.346
      vertex 57.05 8 131.526
      vertex 57.05 13.7256 126.346
    endloop
  endfacet
  facet normal -1 0 0
    outer loop
      vertex 57.05 8 138.346
      vertex 57.05 13.7256 126.346
      vertex 57.05 8 131.526
    endloop
  endfacet
  facet normal -1 0 0
    outer loop
      vertex 57.05 3 142.248
      vertex 57.05 8 138.346
      vertex 57.05 5.5 138.346
    endloop
  endfacet
  facet normal -1 0 0
    outer loop
      vertex 57.05 8 138.346
      vertex 57.05 3 149.347
      vertex 57.05 13.7256 126.346
    endloop
  endfacet
  facet normal -1 0 0
    outer loop
      vertex 57.05 3 149.347
      vertex 57.05 8 138.346
      vertex 57.05 3 142.248
    endloop
  endfacet
  facet normal -1 -0 0
    outer loop
      vertex 57.05 45 53
      vertex 57.05 42.9 51
      vertex 57.05 42.9 53
    endloop
  endfacet
  facet normal 1 -0 0
    outer loop
      vertex 57.05 124 131.526
      vertex 57.05 126.5 126.346
      vertex 57.05 126.5 136.887
    endloop
  endfacet
  facet normal 1 0 0
    outer loop
      vertex 57.05 126.5 126.346
      vertex 57.05 124 131.526
      vertex 57.05 124 126.346
    endloop
  endfacet
  facet normal 1 0 0
    outer loop
      vertex 57.05 5.5 126.346
      vertex 57.05 8 131.526
      vertex 57.05 5.5 136.887
    endloop
  endfacet
  facet normal 1 0 0
    outer loop
      vertex 57.05 8 131.526
      vertex 57.05 5.5 126.346
      vertex 57.05 8 126.346
    endloop
  endfacet
  facet normal -0 0 1
    outer loop
      vertex 57 126.5 138.346
      vertex 57.05 124 138.346
      vertex 57.05 126.5 138.346
    endloop
  endfacet
  facet normal 0 0 1
    outer loop
      vertex 57.05 124 138.346
      vertex 57 126.5 138.346
      vertex 57 124 138.346
    endloop
  endfacet
  facet normal 0 0 -1
    outer loop
      vertex 44.05 124 126.346
      vertex 57.05 126.5 126.346
      vertex 57.05 124 126.346
    endloop
  endfacet
  facet normal -0 0 -1
    outer loop
      vertex 57.05 126.5 126.346
      vertex 44.05 124 126.346
      vertex 44.05 126.5 126.346
    endloop
  endfacet
  facet normal -1 0 0
    outer loop
      vertex 44.05 124 126.346
      vertex 44.05 126.5 128.346
      vertex 44.05 126.5 126.346
    endloop
  endfacet
  facet normal -1 0 0
    outer loop
      vertex 44.05 126.5 128.346
      vertex 44.05 125.9 135.6
      vertex 44.05 126.5 136.346
    endloop
  endfacet
  facet normal -1 0 0
    outer loop
      vertex 44.05 125.9 137.346
      vertex 44.05 126.5 136.346
      vertex 44.05 125.9 135.6
    endloop
  endfacet
  facet normal -1 -0 0
    outer loop
      vertex 44.05 126.5 128.346
      vertex 44.05 124 126.346
      vertex 44.05 124 131.526
    endloop
  endfacet
  facet normal -1 0 0
    outer loop
      vertex 44.05 126.5 128.346
      vertex 44.05 124 131.526
      vertex 44.05 125.9 135.6
    endloop
  endfacet
  facet normal -1 0 0
    outer loop
      vertex 44.05 126.5 128.346
      vertex 44.05 127.9 136.346
      vertex 44.05 127.9 128.346
    endloop
  endfacet
  facet normal -1 -0 0
    outer loop
      vertex 44.05 127.9 136.346
      vertex 44.05 126.5 128.346
      vertex 44.05 126.5 136.346
    endloop
  endfacet
  facet normal -1 0 0
    outer loop
      vertex 44.05 126.5 136.346
      vertex 44.05 125.9 137.346
      vertex 44.05 126.5 137.346
    endloop
  endfacet
  facet normal 0 1 -0
    outer loop
      vertex 57.05 126.5 136.887
      vertex 57 126.5 138.346
      vertex 57.05 126.5 138.346
    endloop
  endfacet
  facet normal 0 1 0
    outer loop
      vertex 57.05 126.5 136.887
      vertex 57 126.5 136.887
      vertex 57 126.5 138.346
    endloop
  endfacet
  facet normal 0 1 -0
    outer loop
      vertex 57.05 126.5 126.346
      vertex 57 126.5 136.887
      vertex 57.05 126.5 136.887
    endloop
  endfacet
  facet normal 0 1 0
    outer loop
      vertex 57 126.5 136.887
      vertex 46.55 126.5 128.346
      vertex 47 126.5 136.887
    endloop
  endfacet
  facet normal 0 1 0
    outer loop
      vertex 47 126.5 136.887
      vertex 46.55 126.5 128.346
      vertex 46.55 126.5 136.346
    endloop
  endfacet
  facet normal 0 1 0
    outer loop
      vertex 57 126.5 136.887
      vertex 57.05 126.5 126.346
      vertex 46.55 126.5 128.346
    endloop
  endfacet
  facet normal 0 1 0
    outer loop
      vertex 44.05 126.5 126.346
      vertex 46.55 126.5 128.346
      vertex 57.05 126.5 126.346
    endloop
  endfacet
  facet normal 0 1 0
    outer loop
      vertex 46.55 126.5 128.346
      vertex 44.05 126.5 126.346
      vertex 44.05 126.5 128.346
    endloop
  endfacet
  facet normal 0 1 0
    outer loop
      vertex 46.55 126.5 136.346
      vertex 47 126.5 137.346
      vertex 47 126.5 136.887
    endloop
  endfacet
  facet normal 0 1 0
    outer loop
      vertex 47 126.5 137.346
      vertex 46.55 126.5 136.346
      vertex 44.05 126.5 137.346
    endloop
  endfacet
  facet normal 0 1 0
    outer loop
      vertex 44.05 126.5 137.346
      vertex 46.55 126.5 136.346
      vertex 44.05 126.5 136.346
    endloop
  endfacet
  facet normal 0 -1 0
    outer loop
      vertex 44.05 124 126.346
      vertex 57 124 131.526
      vertex 44.05 124 131.526
    endloop
  endfacet
  facet normal 0 -1 0
    outer loop
      vertex 57.05 124 126.346
      vertex 57 124 131.526
      vertex 44.05 124 126.346
    endloop
  endfacet
  facet normal 0 -1 0
    outer loop
      vertex 57 124 131.526
      vertex 57.05 124 126.346
      vertex 57.05 124 131.526
    endloop
  endfacet
  facet normal 0 -1 0
    outer loop
      vertex 57 124 131.526
      vertex 57.05 124 138.346
      vertex 57 124 138.346
    endloop
  endfacet
  facet normal 0 -1 -0
    outer loop
      vertex 57.05 124 138.346
      vertex 57 124 131.526
      vertex 57.05 124 131.526
    endloop
  endfacet
  facet normal 1 -0 0
    outer loop
      vertex 46.55 126.5 136.346
      vertex 46.55 127.9 128.346
      vertex 46.55 127.9 136.346
    endloop
  endfacet
  facet normal 1 0 0
    outer loop
      vertex 46.55 127.9 128.346
      vertex 46.55 126.5 136.346
      vertex 46.55 126.5 128.346
    endloop
  endfacet
  facet normal -0 0 1
    outer loop
      vertex 44.05 127.9 136.346
      vertex 46.55 126.5 136.346
      vertex 46.55 127.9 136.346
    endloop
  endfacet
  facet normal 0 0 1
    outer loop
      vertex 46.55 126.5 136.346
      vertex 44.05 127.9 136.346
      vertex 44.05 126.5 136.346
    endloop
  endfacet
  facet normal 0 0 -1
    outer loop
      vertex 44.05 126.5 128.346
      vertex 46.55 127.9 128.346
      vertex 46.55 126.5 128.346
    endloop
  endfacet
  facet normal -0 0 -1
    outer loop
      vertex 46.55 127.9 128.346
      vertex 44.05 126.5 128.346
      vertex 44.05 127.9 128.346
    endloop
  endfacet
  facet normal 0 1 -0
    outer loop
      vertex 46.55 127.9 128.346
      vertex 44.05 127.9 136.346
      vertex 46.55 127.9 136.346
    endloop
  endfacet
  facet normal 0 1 0
    outer loop
      vertex 44.05 127.9 136.346
      vertex 46.55 127.9 128.346
      vertex 44.05 127.9 128.346
    endloop
  endfacet
  facet normal -0 0 1
    outer loop
      vertex 57 8 138.346
      vertex 57.05 5.5 138.346
      vertex 57.05 8 138.346
    endloop
  endfacet
  facet normal 0 0 1
    outer loop
      vertex 57.05 5.5 138.346
      vertex 57 8 138.346
      vertex 57 5.5 138.346
    endloop
  endfacet
  facet normal 0 0 -1
    outer loop
      vertex 44.05 5.5 126.346
      vertex 57.05 8 126.346
      vertex 57.05 5.5 126.346
    endloop
  endfacet
  facet normal -0 0 -1
    outer loop
      vertex 57.05 8 126.346
      vertex 44.05 5.5 126.346
      vertex 44.05 8 126.346
    endloop
  endfacet
  facet normal -1 0 0
    outer loop
      vertex 44.05 4.1 136.346
      vertex 44.05 6.1 135.6
      vertex 44.05 4.1 128.346
    endloop
  endfacet
  facet normal -1 0 0
    outer loop
      vertex 44.05 6.1 135.6
      vertex 44.05 4.1 136.346
      vertex 44.05 5.5 136.346
    endloop
  endfacet
  facet normal -1 0 0
    outer loop
      vertex 44.05 5.5 128.346
      vertex 44.05 8 131.526
      vertex 44.05 8 126.346
    endloop
  endfacet
  facet normal -1 0 0
    outer loop
      vertex 44.05 5.5 128.346
      vertex 44.05 8 126.346
      vertex 44.05 5.5 126.346
    endloop
  endfacet
  facet normal -1 0 0
    outer loop
      vertex 44.05 4.1 128.346
      vertex 44.05 8 131.526
      vertex 44.05 5.5 128.346
    endloop
  endfacet
  facet normal -1 -0 0
    outer loop
      vertex 44.05 8 131.526
      vertex 44.05 4.1 128.346
      vertex 44.05 6.1 135.6
    endloop
  endfacet
  facet normal -1 0 0
    outer loop
      vertex 44.05 6.1 135.6
      vertex 44.05 5.5 136.346
      vertex 44.05 6.1 137.346
    endloop
  endfacet
  facet normal -1 -0 0
    outer loop
      vertex 44.05 6.1 137.346
      vertex 44.05 5.5 136.346
      vertex 44.05 5.5 137.346
    endloop
  endfacet
  facet normal 0 1 -0
    outer loop
      vertex 57.05 8 131.526
      vertex 57 8 138.346
      vertex 57.05 8 138.346
    endloop
  endfacet
  facet normal 0 1 0
    outer loop
      vertex 57.05 8 131.526
      vertex 57 8 131.526
      vertex 57 8 138.346
    endloop
  endfacet
  facet normal 0 1 -0
    outer loop
      vertex 57.05 8 126.346
      vertex 57 8 131.526
      vertex 57.05 8 131.526
    endloop
  endfacet
  facet normal 0 1 0
    outer loop
      vertex 57 8 131.526
      vertex 57.05 8 126.346
      vertex 44.05 8 131.526
    endloop
  endfacet
  facet normal 0 1 0
    outer loop
      vertex 44.05 8 131.526
      vertex 57.05 8 126.346
      vertex 44.05 8 126.346
    endloop
  endfacet
  facet normal 0 -1 0
    outer loop
      vertex 44.05 5.5 128.346
      vertex 44.05 5.5 126.346
      vertex 46.55 5.5 128.346
    endloop
  endfacet
  facet normal 0 -1 0
    outer loop
      vertex 46.55 5.5 136.346
      vertex 47 5.5 137.346
      vertex 44.05 5.5 137.346
    endloop
  endfacet
  facet normal 0 -1 0
    outer loop
      vertex 46.55 5.5 128.346
      vertex 57 5.5 136.887
      vertex 47 5.5 136.887
    endloop
  endfacet
  facet normal 0 -1 0
    outer loop
      vertex 46.55 5.5 136.346
      vertex 44.05 5.5 137.346
      vertex 44.05 5.5 136.346
    endloop
  endfacet
  facet normal 0 -1 -0
    outer loop
      vertex 47 5.5 137.346
      vertex 46.55 5.5 136.346
      vertex 47 5.5 136.887
    endloop
  endfacet
  facet normal 0 -1 0
    outer loop
      vertex 46.55 5.5 128.346
      vertex 47 5.5 136.887
      vertex 46.55 5.5 136.346
    endloop
  endfacet
  facet normal 0 -1 0
    outer loop
      vertex 57.05 5.5 126.346
      vertex 57 5.5 136.887
      vertex 46.55 5.5 128.346
    endloop
  endfacet
  facet normal 0 -1 0
    outer loop
      vertex 57 5.5 136.887
      vertex 57.05 5.5 126.346
      vertex 57.05 5.5 136.887
    endloop
  endfacet
  facet normal 0 -1 0
    outer loop
      vertex 57.05 5.5 126.346
      vertex 46.55 5.5 128.346
      vertex 44.05 5.5 126.346
    endloop
  endfacet
  facet normal 0 -1 0
    outer loop
      vertex 57 5.5 136.887
      vertex 57.05 5.5 138.346
      vertex 57 5.5 138.346
    endloop
  endfacet
  facet normal 0 -1 -0
    outer loop
      vertex 57.05 5.5 138.346
      vertex 57 5.5 136.887
      vertex 57.05 5.5 136.887
    endloop
  endfacet
  facet normal 1 -0 0
    outer loop
      vertex 46.55 4.1 136.346
      vertex 46.55 5.5 128.346
      vertex 46.55 5.5 136.346
    endloop
  endfacet
  facet normal 1 0 0
    outer loop
      vertex 46.55 5.5 128.346
      vertex 46.55 4.1 136.346
      vertex 46.55 4.1 128.346
    endloop
  endfacet
  facet normal -0 0 1
    outer loop
      vertex 44.05 5.5 136.346
      vertex 46.55 4.1 136.346
      vertex 46.55 5.5 136.346
    endloop
  endfacet
  facet normal 0 0 1
    outer loop
      vertex 46.55 4.1 136.346
      vertex 44.05 5.5 136.346
      vertex 44.05 4.1 136.346
    endloop
  endfacet
  facet normal 0 0 -1
    outer loop
      vertex 44.05 4.1 128.346
      vertex 46.55 5.5 128.346
      vertex 46.55 4.1 128.346
    endloop
  endfacet
  facet normal -0 0 -1
    outer loop
      vertex 46.55 5.5 128.346
      vertex 44.05 4.1 128.346
      vertex 44.05 5.5 128.346
    endloop
  endfacet
  facet normal 0 -1 0
    outer loop
      vertex 44.05 4.1 128.346
      vertex 46.55 4.1 136.346
      vertex 44.05 4.1 136.346
    endloop
  endfacet
  facet normal 0 -1 -0
    outer loop
      vertex 46.55 4.1 136.346
      vertex 44.05 4.1 128.346
      vertex 46.55 4.1 128.346
    endloop
  endfacet
  facet normal 0 0 1
    outer loop
      vertex 52.55 89.5 65
      vertex 52 89.5 65
      vertex 52.55 89.1 65
    endloop
  endfacet
  facet normal -0 0 1
    outer loop
      vertex 52.55 89.1 65
      vertex 57.05 87 65
      vertex 57.05 89.1 65
    endloop
  endfacet
  facet normal 0 0 1
    outer loop
      vertex 44.05 87 65
      vertex 52 89.5 65
      vertex 44.05 89.5 65
    endloop
  endfacet
  facet normal 0 0 1
    outer loop
      vertex 52 89.5 65
      vertex 44.05 87 65
      vertex 52.55 89.1 65
    endloop
  endfacet
  facet normal 0 0 1
    outer loop
      vertex 52.55 89.1 65
      vertex 44.05 87 65
      vertex 57.05 87 65
    endloop
  endfacet
  facet normal 0 0 -1
    outer loop
      vertex 57.05 87 53
      vertex 52.55 89.1 53
      vertex 57.05 89.1 53
    endloop
  endfacet
  facet normal 0 0 -1
    outer loop
      vertex 52.55 89.1 53
      vertex 52 89.5 53
      vertex 52.55 89.5 53
    endloop
  endfacet
  facet normal 0 0 -1
    outer loop
      vertex 44.05 87 53
      vertex 52.55 89.1 53
      vertex 57.05 87 53
    endloop
  endfacet
  facet normal 0 0 -1
    outer loop
      vertex 44.05 87 53
      vertex 52 89.5 53
      vertex 52.55 89.1 53
    endloop
  endfacet
  facet normal -0 0 -1
    outer loop
      vertex 52 89.5 53
      vertex 44.05 87 53
      vertex 44.05 89.5 53
    endloop
  endfacet
  facet normal -1 0 0
    outer loop
      vertex 44.05 87 53
      vertex 44.05 89.5 54
      vertex 44.05 89.5 53
    endloop
  endfacet
  facet normal -1 -0 0
    outer loop
      vertex 44.05 89.5 54
      vertex 44.05 87 53
      vertex 44.05 89.5 55
    endloop
  endfacet
  facet normal -1 -0 0
    outer loop
      vertex 44.05 89.5 55
      vertex 44.05 87 53
      vertex 44.05 89.5 63
    endloop
  endfacet
  facet normal -1 0 0
    outer loop
      vertex 44.05 87 65
      vertex 44.05 89.5 63
      vertex 44.05 87 53
    endloop
  endfacet
  facet normal -1 0 0
    outer loop
      vertex 44.05 89.5 63
      vertex 44.05 87 65
      vertex 44.05 89.5 64
    endloop
  endfacet
  facet normal -1 0 0
    outer loop
      vertex 44.05 89.5 64
      vertex 44.05 87 65
      vertex 44.05 89.5 65
    endloop
  endfacet
  facet normal -1 0 0
    outer loop
      vertex 44.05 89.5 55
      vertex 44.05 90.9 63
      vertex 44.05 90.9 55
    endloop
  endfacet
  facet normal -1 -0 0
    outer loop
      vertex 44.05 90.9 63
      vertex 44.05 89.5 55
      vertex 44.05 89.5 63
    endloop
  endfacet
  facet normal 0 -1 0
    outer loop
      vertex 44.05 87 53
      vertex 57.05 87 65
      vertex 44.05 87 65
    endloop
  endfacet
  facet normal 0 -1 -0
    outer loop
      vertex 57.05 87 65
      vertex 44.05 87 53
      vertex 57.05 87 53
    endloop
  endfacet
  facet normal 1 -0 0
    outer loop
      vertex 46.55 89.5 63
      vertex 46.55 90.9 55
      vertex 46.55 90.9 63
    endloop
  endfacet
  facet normal 1 0 0
    outer loop
      vertex 46.55 90.9 55
      vertex 46.55 89.5 63
      vertex 46.55 89.5 55
    endloop
  endfacet
  facet normal -0 0 1
    outer loop
      vertex 44.05 90.9 63
      vertex 46.55 89.5 63
      vertex 46.55 90.9 63
    endloop
  endfacet
  facet normal 0 0 1
    outer loop
      vertex 46.55 89.5 63
      vertex 44.05 90.9 63
      vertex 44.05 89.5 63
    endloop
  endfacet
  facet normal 0 0 -1
    outer loop
      vertex 44.05 89.5 55
      vertex 46.55 90.9 55
      vertex 46.55 89.5 55
    endloop
  endfacet
  facet normal -0 0 -1
    outer loop
      vertex 46.55 90.9 55
      vertex 44.05 89.5 55
      vertex 44.05 90.9 55
    endloop
  endfacet
  facet normal 0 1 -0
    outer loop
      vertex 46.55 90.9 55
      vertex 44.05 90.9 63
      vertex 46.55 90.9 63
    endloop
  endfacet
  facet normal 0 1 0
    outer loop
      vertex 44.05 90.9 63
      vertex 46.55 90.9 55
      vertex 44.05 90.9 55
    endloop
  endfacet
  facet normal 0 0 1
    outer loop
      vertex 57.05 45 65
      vertex 52.55 42.9 65
      vertex 57.05 42.9 65
    endloop
  endfacet
  facet normal 0 0 1
    outer loop
      vertex 52.55 42.9 65
      vertex 52 42.5 65
      vertex 52.55 42.5 65
    endloop
  endfacet
  facet normal -0 0 1
    outer loop
      vertex 44.05 45 65
      vertex 52.55 42.9 65
      vertex 57.05 45 65
    endloop
  endfacet
  facet normal 0 0 1
    outer loop
      vertex 44.05 45 65
      vertex 52 42.5 65
      vertex 52.55 42.9 65
    endloop
  endfacet
  facet normal 0 0 1
    outer loop
      vertex 52 42.5 65
      vertex 44.05 45 65
      vertex 44.05 42.5 65
    endloop
  endfacet
  facet normal 0 0 -1
    outer loop
      vertex 52.55 42.5 53
      vertex 52 42.5 53
      vertex 52.55 42.9 53
    endloop
  endfacet
  facet normal 0 0 -1
    outer loop
      vertex 52.55 42.9 53
      vertex 57.05 45 53
      vertex 57.05 42.9 53
    endloop
  endfacet
  facet normal 0 0 -1
    outer loop
      vertex 44.05 45 53
      vertex 52 42.5 53
      vertex 44.05 42.5 53
    endloop
  endfacet
  facet normal 0 0 -1
    outer loop
      vertex 52 42.5 53
      vertex 44.05 45 53
      vertex 52.55 42.9 53
    endloop
  endfacet
  facet normal 0 0 -1
    outer loop
      vertex 52.55 42.9 53
      vertex 44.05 45 53
      vertex 57.05 45 53
    endloop
  endfacet
  facet normal -1 0 0
    outer loop
      vertex 44.05 41.1 55
      vertex 44.05 42.5 63
      vertex 44.05 42.5 55
    endloop
  endfacet
  facet normal -1 -0 0
    outer loop
      vertex 44.05 42.5 63
      vertex 44.05 41.1 55
      vertex 44.05 41.1 63
    endloop
  endfacet
  facet normal -1 0 0
    outer loop
      vertex 44.05 42.5 54
      vertex 44.05 45 53
      vertex 44.05 42.5 53
    endloop
  endfacet
  facet normal -1 0 0
    outer loop
      vertex 44.05 42.5 55
      vertex 44.05 45 53
      vertex 44.05 42.5 54
    endloop
  endfacet
  facet normal -1 0 0
    outer loop
      vertex 44.05 45 53
      vertex 44.05 42.5 55
      vertex 44.05 45 65
    endloop
  endfacet
  facet normal -1 0 0
    outer loop
      vertex 44.05 42.5 63
      vertex 44.05 45 65
      vertex 44.05 42.5 55
    endloop
  endfacet
  facet normal -1 0 0
    outer loop
      vertex 44.05 42.5 64
      vertex 44.05 45 65
      vertex 44.05 42.5 63
    endloop
  endfacet
  facet normal -1 -0 0
    outer loop
      vertex 44.05 45 65
      vertex 44.05 42.5 64
      vertex 44.05 42.5 65
    endloop
  endfacet
  facet normal 0 1 -0
    outer loop
      vertex 57.05 45 53
      vertex 44.05 45 65
      vertex 57.05 45 65
    endloop
  endfacet
  facet normal 0 1 0
    outer loop
      vertex 44.05 45 65
      vertex 57.05 45 53
      vertex 44.05 45 53
    endloop
  endfacet
  facet normal 1 -0 0
    outer loop
      vertex 46.55 41.1 63
      vertex 46.55 42.5 55
      vertex 46.55 42.5 63
    endloop
  endfacet
  facet normal 1 0 0
    outer loop
      vertex 46.55 42.5 55
      vertex 46.55 41.1 63
      vertex 46.55 41.1 55
    endloop
  endfacet
  facet normal -0 0 1
    outer loop
      vertex 44.05 42.5 63
      vertex 46.55 41.1 63
      vertex 46.55 42.5 63
    endloop
  endfacet
  facet normal 0 0 1
    outer loop
      vertex 46.55 41.1 63
      vertex 44.05 42.5 63
      vertex 44.05 41.1 63
    endloop
  endfacet
  facet normal 0 0 -1
    outer loop
      vertex 44.05 41.1 55
      vertex 46.55 42.5 55
      vertex 46.55 41.1 55
    endloop
  endfacet
  facet normal -0 0 -1
    outer loop
      vertex 46.55 42.5 55
      vertex 44.05 41.1 55
      vertex 44.05 42.5 55
    endloop
  endfacet
  facet normal 0 -1 0
    outer loop
      vertex 44.05 41.1 55
      vertex 46.55 41.1 63
      vertex 44.05 41.1 63
    endloop
  endfacet
  facet normal 0 -1 -0
    outer loop
      vertex 46.55 41.1 63
      vertex 44.05 41.1 55
      vertex 46.55 41.1 55
    endloop
  endfacet
  facet normal 1 0 0
    outer loop
      vertex 60.05 132 156.346
      vertex 60.05 127 150.396
      vertex 60.05 132 148.682
    endloop
  endfacet
  facet normal 1 0 0
    outer loop
      vertex 60.05 132 156.346
      vertex 60.05 12 150.396
      vertex 60.05 127 150.396
    endloop
  endfacet
  facet normal 1 -0 0
    outer loop
      vertex 60.05 0 148.682
      vertex 60.05 12 146.396
      vertex 60.05 12 150.396
    endloop
  endfacet
  facet normal 1 0 0
    outer loop
      vertex 60.05 0 148.682
      vertex 60.05 12 150.396
      vertex 60.05 0 156.346
    endloop
  endfacet
  facet normal 1 -0 0
    outer loop
      vertex 60.05 0 156.346
      vertex 60.05 12 150.396
      vertex 60.05 132 156.346
    endloop
  endfacet
  facet normal 1 0 0
    outer loop
      vertex 60.05 127 146.396
      vertex 60.05 132 148.682
      vertex 60.05 127 150.396
    endloop
  endfacet
  facet normal 1 0 0
    outer loop
      vertex 60.05 127 146.346
      vertex 60.05 132 148.682
      vertex 60.05 127 146.396
    endloop
  endfacet
  facet normal 1 -0 0
    outer loop
      vertex 60.05 127 146.346
      vertex 60.05 95 69.3349
      vertex 60.05 132 148.682
    endloop
  endfacet
  facet normal 1 0 0
    outer loop
      vertex 60.05 95 69.3349
      vertex 60.05 37 69.3349
      vertex 60.05 95 48
    endloop
  endfacet
  facet normal 1 -0 0
    outer loop
      vertex 60.05 12 146.346
      vertex 60.05 95 69.3349
      vertex 60.05 127 146.346
    endloop
  endfacet
  facet normal 1 0 0
    outer loop
      vertex 60.05 95 69.3349
      vertex 60.05 12 146.346
      vertex 60.05 37 69.3349
    endloop
  endfacet
  facet normal 1 0 0
    outer loop
      vertex 60.05 12 146.396
      vertex 60.05 0 148.682
      vertex 60.05 12 146.346
    endloop
  endfacet
  facet normal 1 0 0
    outer loop
      vertex 60.05 12 146.346
      vertex 60.05 0 148.682
      vertex 60.05 37 69.3349
    endloop
  endfacet
  facet normal 1 0 0
    outer loop
      vertex 60.05 95 48
      vertex 60.05 37 69.3349
      vertex 60.05 37 48
    endloop
  endfacet
  facet normal 0 0.906311 -0.422612
    outer loop
      vertex 60.05 132 148.682
      vertex 57.05 126.5 136.887
      vertex 57.05 132 148.682
    endloop
  endfacet
  facet normal 0.000112703 0.9063 -0.422636
    outer loop
      vertex 60.05 132 148.682
      vertex 57.05 124 131.526
      vertex 57.05 126.5 136.887
    endloop
  endfacet
  facet normal -1.82753e-05 0.906308 -0.422617
    outer loop
      vertex 60.05 95 69.3349
      vertex 57.05 124 131.526
      vertex 60.05 132 148.682
    endloop
  endfacet
  facet normal 0 0.906309 -0.422616
    outer loop
      vertex 57.05 124 131.526
      vertex 60.05 95 69.3349
      vertex 57.05 95 69.3349
    endloop
  endfacet
  facet normal 0 1 -0
    outer loop
      vertex 60.05 132 148.682
      vertex 57.05 132 156.346
      vertex 60.05 132 156.346
    endloop
  endfacet
  facet normal 0 1 0
    outer loop
      vertex 57.05 132 156.346
      vertex 60.05 132 148.682
      vertex 57.05 132 148.682
    endloop
  endfacet
  facet normal 0 -0.9063 -0.422636
    outer loop
      vertex 57.05 3 142.248
      vertex 57.05 5.5 136.887
      vertex 60 3 142.248
    endloop
  endfacet
  facet normal 0 -0.90632 -0.422592
    outer loop
      vertex 60 3 142.248
      vertex 60.05 0 148.682
      vertex 60 0 148.682
    endloop
  endfacet
  facet normal 0 -0.9063 -0.422636
    outer loop
      vertex 57.05 8 131.526
      vertex 60 3 142.248
      vertex 57.05 5.5 136.887
    endloop
  endfacet
  facet normal -0 -0.906309 -0.422616
    outer loop
      vertex 60.05 37 69.3349
      vertex 57.05 8 131.526
      vertex 57.05 37 69.3349
    endloop
  endfacet
  facet normal 0.00381495 -0.906302 -0.422614
    outer loop
      vertex 60 3 142.248
      vertex 60.05 37 69.3349
      vertex 60.05 0 148.682
    endloop
  endfacet
  facet normal -7.35538e-05 -0.906307 -0.422619
    outer loop
      vertex 57.05 8 131.526
      vertex 60.05 37 69.3349
      vertex 60 3 142.248
    endloop
  endfacet
  facet normal 0 -1 0
    outer loop
      vertex 57.05 37 48
      vertex 60.05 37 69.3349
      vertex 57.05 37 69.3349
    endloop
  endfacet
  facet normal 0 -1 -0
    outer loop
      vertex 60.05 37 69.3349
      vertex 57.05 37 48
      vertex 60.05 37 48
    endloop
  endfacet
  facet normal -1 0 0
    outer loop
      vertex 54.55 118.274 126.346
      vertex 54.55 129 156.346
      vertex 54.55 129 149.347
    endloop
  endfacet
  facet normal -1 0 0
    outer loop
      vertex 54.55 13.7256 126.346
      vertex 54.55 129 156.346
      vertex 54.55 118.274 126.346
    endloop
  endfacet
  facet normal -1 0 0
    outer loop
      vertex 54.55 3 156.346
      vertex 54.55 13.7256 126.346
      vertex 54.55 3 149.347
    endloop
  endfacet
  facet normal -1 0 0
    outer loop
      vertex 54.55 13.7256 126.346
      vertex 54.55 3 156.346
      vertex 54.55 129 156.346
    endloop
  endfacet
  facet normal 0 0.906301 -0.422633
    outer loop
      vertex 57.05 118.274 126.346
      vertex 57 129 149.347
      vertex 57.05 129 149.347
    endloop
  endfacet
  facet normal 0 0.906301 -0.422633
    outer loop
      vertex 57 129 149.347
      vertex 57.05 118.274 126.346
      vertex 57 118.274 126.346
    endloop
  endfacet
  facet normal 0 -0.906307 -0.42262
    outer loop
      vertex 57 13.7256 126.346
      vertex 57.05 3 149.347
      vertex 57 3 149.347
    endloop
  endfacet
  facet normal 0 -0.906307 -0.42262
    outer loop
      vertex 57.05 3 149.347
      vertex 57 13.7256 126.346
      vertex 57.05 13.7256 126.346
    endloop
  endfacet
  facet normal 0 0 -1
    outer loop
      vertex 57.05 13.7256 126.346
      vertex 57 13.7256 126.346
      vertex 57.05 118.274 126.346
    endloop
  endfacet
  facet normal 0 0 -1
    outer loop
      vertex 57 13.7256 126.346
      vertex 57 118.274 126.346
      vertex 57.05 118.274 126.346
    endloop
  endfacet
  facet normal 0 0 -1
    outer loop
      vertex 54.55 13.7256 126.346
      vertex 57 118.274 126.346
      vertex 57 13.7256 126.346
    endloop
  endfacet
  facet normal -0 0 -1
    outer loop
      vertex 57 118.274 126.346
      vertex 54.55 13.7256 126.346
      vertex 54.55 118.274 126.346
    endloop
  endfacet
  facet normal -1 0 0
    outer loop
      vertex 52.55 42.9 51
      vertex 52.55 42.5 53
      vertex 52.55 42.9 53
    endloop
  endfacet
  facet normal -1 -0 0
    outer loop
      vertex 52.55 42.5 53
      vertex 52.55 40.4 51
      vertex 52.55 42.5 65
    endloop
  endfacet
  facet normal -1 0 0
    outer loop
      vertex 52.55 40.4 51
      vertex 52.55 42.5 53
      vertex 52.55 42.9 51
    endloop
  endfacet
  facet normal -1 0 0
    outer loop
      vertex 52.55 42.5 65
      vertex 52.55 42.9 70.6429
      vertex 52.55 42.9 65
    endloop
  endfacet
  facet normal -1 0 0
    outer loop
      vertex 52.55 40.4 70.0887
      vertex 52.55 42.5 65
      vertex 52.55 40.4 51
    endloop
  endfacet
  facet normal -1 0 0
    outer loop
      vertex 52.55 42.5 65
      vertex 52.55 40.4 70.0887
      vertex 52.55 42.9 70.6429
    endloop
  endfacet
  facet normal -1 0 0
    outer loop
      vertex 52.55 40.4 70.0887
      vertex 52.55 17.3917 125.346
      vertex 52.55 42.9 70.6429
    endloop
  endfacet
  facet normal -1 -0 -0
    outer loop
      vertex 52.55 17.3917 125.346
      vertex 52.55 40.4 70.0887
      vertex 52.55 14.6333 125.346
    endloop
  endfacet
  facet normal -1 0 0
    outer loop
      vertex 52.55 89.5 65
      vertex 52.55 91.6 51
      vertex 52.55 89.5 53
    endloop
  endfacet
  facet normal -1 0 0
    outer loop
      vertex 52.55 89.1 51
      vertex 52.55 89.5 53
      vertex 52.55 91.6 51
    endloop
  endfacet
  facet normal -1 -0 0
    outer loop
      vertex 52.55 89.5 53
      vertex 52.55 89.1 51
      vertex 52.55 89.1 53
    endloop
  endfacet
  facet normal -1 0 0
    outer loop
      vertex 52.55 91.6 70.0887
      vertex 52.55 114.608 125.346
      vertex 52.55 117.367 125.346
    endloop
  endfacet
  facet normal -1 0 0
    outer loop
      vertex 52.55 91.6 51
      vertex 52.55 89.5 65
      vertex 52.55 91.6 70.0887
    endloop
  endfacet
  facet normal -1 0 0
    outer loop
      vertex 52.55 89.1 70.6429
      vertex 52.55 89.5 65
      vertex 52.55 89.1 65
    endloop
  endfacet
  facet normal -1 0 0
    outer loop
      vertex 52.55 89.5 65
      vertex 52.55 89.1 70.6429
      vertex 52.55 91.6 70.0887
    endloop
  endfacet
  facet normal -1 0 0
    outer loop
      vertex 52.55 91.6 70.0887
      vertex 52.55 89.1 70.6429
      vertex 52.55 114.608 125.346
    endloop
  endfacet
  facet normal 0 0.906309 0.422616
    outer loop
      vertex 57.05 42.9 70.6429
      vertex 52.55 17.3917 125.346
      vertex 57.05 17.3917 125.346
    endloop
  endfacet
  facet normal 0 0.906309 0.422616
    outer loop
      vertex 52.55 17.3917 125.346
      vertex 57.05 42.9 70.6429
      vertex 52.55 42.9 70.6429
    endloop
  endfacet
  facet normal -0 0 1
    outer loop
      vertex 52.55 17.3917 125.346
      vertex 57.05 14.6333 125.346
      vertex 57.05 17.3917 125.346
    endloop
  endfacet
  facet normal 0 0 1
    outer loop
      vertex 57.05 14.6333 125.346
      vertex 52.55 17.3917 125.346
      vertex 52.55 14.6333 125.346
    endloop
  endfacet
  facet normal 0 -0.906309 -0.422616
    outer loop
      vertex 52.55 40.4 70.0887
      vertex 57.05 14.6333 125.346
      vertex 52.55 14.6333 125.346
    endloop
  endfacet
  facet normal 0 -0.906309 -0.422616
    outer loop
      vertex 57.05 14.6333 125.346
      vertex 52.55 40.4 70.0887
      vertex 57.05 40.4 70.0887
    endloop
  endfacet
  facet normal 0 -1 0
    outer loop
      vertex 52.55 40.4 51
      vertex 57.05 40.4 70.0887
      vertex 52.55 40.4 70.0887
    endloop
  endfacet
  facet normal 0 -1 -0
    outer loop
      vertex 57.05 40.4 70.0887
      vertex 52.55 40.4 51
      vertex 57.05 40.4 51
    endloop
  endfacet
  facet normal 0 0 -1
    outer loop
      vertex 52.55 40.4 51
      vertex 57.05 42.9 51
      vertex 57.05 40.4 51
    endloop
  endfacet
  facet normal -0 0 -1
    outer loop
      vertex 57.05 42.9 51
      vertex 52.55 40.4 51
      vertex 52.55 42.9 51
    endloop
  endfacet
  facet normal 0 1 -0
    outer loop
      vertex 57.05 42.9 51
      vertex 52.55 42.9 53
      vertex 57.05 42.9 53
    endloop
  endfacet
  facet normal 0 1 0
    outer loop
      vertex 52.55 42.9 53
      vertex 57.05 42.9 51
      vertex 52.55 42.9 51
    endloop
  endfacet
  facet normal 0 1 -0
    outer loop
      vertex 57.05 42.9 65
      vertex 52.55 42.9 70.6429
      vertex 57.05 42.9 70.6429
    endloop
  endfacet
  facet normal 0 1 0
    outer loop
      vertex 52.55 42.9 70.6429
      vertex 57.05 42.9 65
      vertex 52.55 42.9 65
    endloop
  endfacet
  facet normal 0 0.906307 -0.42262
    outer loop
      vertex 57.05 91.6 70.0887
      vertex 52.55 117.367 125.346
      vertex 57.05 117.367 125.346
    endloop
  endfacet
  facet normal 0 0.906307 -0.42262
    outer loop
      vertex 52.55 117.367 125.346
      vertex 57.05 91.6 70.0887
      vertex 52.55 91.6 70.0887
    endloop
  endfacet
  facet normal -0 0 1
    outer loop
      vertex 52.55 117.367 125.346
      vertex 57.05 114.608 125.346
      vertex 57.05 117.367 125.346
    endloop
  endfacet
  facet normal 0 0 1
    outer loop
      vertex 57.05 114.608 125.346
      vertex 52.55 117.367 125.346
      vertex 52.55 114.608 125.346
    endloop
  endfacet
  facet normal 0 -0.906311 0.422612
    outer loop
      vertex 52.55 89.1 70.6429
      vertex 57.05 114.608 125.346
      vertex 52.55 114.608 125.346
    endloop
  endfacet
  facet normal 0 -0.906311 0.422612
    outer loop
      vertex 57.05 114.608 125.346
      vertex 52.55 89.1 70.6429
      vertex 57.05 89.1 70.6429
    endloop
  endfacet
  facet normal 0 -1 0
    outer loop
      vertex 52.55 89.1 65
      vertex 57.05 89.1 70.6429
      vertex 52.55 89.1 70.6429
    endloop
  endfacet
  facet normal 0 -1 -0
    outer loop
      vertex 57.05 89.1 70.6429
      vertex 52.55 89.1 65
      vertex 57.05 89.1 65
    endloop
  endfacet
  facet normal 0 -1 0
    outer loop
      vertex 52.55 89.1 51
      vertex 57.05 89.1 53
      vertex 52.55 89.1 53
    endloop
  endfacet
  facet normal 0 -1 -0
    outer loop
      vertex 57.05 89.1 53
      vertex 52.55 89.1 51
      vertex 57.05 89.1 51
    endloop
  endfacet
  facet normal 0 0 -1
    outer loop
      vertex 52.55 89.1 51
      vertex 57.05 91.6 51
      vertex 57.05 89.1 51
    endloop
  endfacet
  facet normal -0 0 -1
    outer loop
      vertex 57.05 91.6 51
      vertex 52.55 89.1 51
      vertex 52.55 91.6 51
    endloop
  endfacet
  facet normal 0 1 -0
    outer loop
      vertex 57.05 91.6 51
      vertex 52.55 91.6 70.0887
      vertex 57.05 91.6 70.0887
    endloop
  endfacet
  facet normal 0 1 0
    outer loop
      vertex 52.55 91.6 70.0887
      vertex 57.05 91.6 51
      vertex 52.55 91.6 51
    endloop
  endfacet
  facet normal -0 0 1
    outer loop
      vertex 58.85 127 146.346
      vertex 60.05 12 146.346
      vertex 60.05 127 146.346
    endloop
  endfacet
  facet normal 0 0 1
    outer loop
      vertex 60.05 12 146.346
      vertex 58.85 127 146.346
      vertex 58.85 12 146.346
    endloop
  endfacet
  facet normal 0 0 -1
    outer loop
      vertex 58.85 12 150.346
      vertex 59.2 127 150.346
      vertex 59.2 12 150.346
    endloop
  endfacet
  facet normal -0 0 -1
    outer loop
      vertex 59.2 127 150.346
      vertex 58.85 12 150.346
      vertex 58.85 127 150.346
    endloop
  endfacet
  facet normal 0 -1 0
    outer loop
      vertex 58.85 127 150.346
      vertex 59.2 127 146.396
      vertex 59.2 127 150.346
    endloop
  endfacet
  facet normal 0 -1 0
    outer loop
      vertex 58.85 127 146.346
      vertex 59.2 127 146.396
      vertex 58.85 127 150.346
    endloop
  endfacet
  facet normal 0 -1 0
    outer loop
      vertex 60.05 127 146.346
      vertex 59.2 127 146.396
      vertex 58.85 127 146.346
    endloop
  endfacet
  facet normal 0 -1 0
    outer loop
      vertex 59.2 127 146.396
      vertex 60.05 127 146.346
      vertex 60.05 127 146.396
    endloop
  endfacet
  facet normal 0 1 -0
    outer loop
      vertex 60.4 127 146.396
      vertex 60.05 127 150.396
      vertex 60.4 127 150.396
    endloop
  endfacet
  facet normal 0 1 0
    outer loop
      vertex 60.05 127 150.396
      vertex 60.4 127 146.396
      vertex 60.05 127 146.396
    endloop
  endfacet
  facet normal 1 -0 0
    outer loop
      vertex 58.85 12 150.346
      vertex 58.85 127 146.346
      vertex 58.85 127 150.346
    endloop
  endfacet
  facet normal 1 0 0
    outer loop
      vertex 58.85 127 146.346
      vertex 58.85 12 150.346
      vertex 58.85 12 146.346
    endloop
  endfacet
  facet normal 0 -1 0
    outer loop
      vertex 60.05 12 146.396
      vertex 60.4 12 150.396
      vertex 60.05 12 150.396
    endloop
  endfacet
  facet normal 0 -1 -0
    outer loop
      vertex 60.4 12 150.396
      vertex 60.05 12 146.396
      vertex 60.4 12 146.396
    endloop
  endfacet
  facet normal 0 1 0
    outer loop
      vertex 60.05 12 146.396
      vertex 60.05 12 146.346
      vertex 59.2 12 146.396
    endloop
  endfacet
  facet normal 0 1 -0
    outer loop
      vertex 59.2 12 146.396
      vertex 58.85 12 150.346
      vertex 59.2 12 150.346
    endloop
  endfacet
  facet normal 0 1 0
    outer loop
      vertex 59.2 12 146.396
      vertex 58.85 12 146.346
      vertex 58.85 12 150.346
    endloop
  endfacet
  facet normal 0 1 0
    outer loop
      vertex 58.85 12 146.346
      vertex 59.2 12 146.396
      vertex 60.05 12 146.346
    endloop
  endfacet
  facet normal -0.896786 0.442465 0
    outer loop
      vertex -63.6955 133.531 142.396
      vertex -63.4641 134 159.996
      vertex -63.4641 134 142.396
    endloop
  endfacet
  facet normal -0.896786 0.442465 0
    outer loop
      vertex -63.4641 134 159.996
      vertex -63.6955 133.531 142.396
      vertex -63.6955 133.531 159.996
    endloop
  endfacet
  facet normal -0.980764 0.195197 0
    outer loop
      vertex -63.9658 132.522 142.396
      vertex -63.8637 133.035 159.996
      vertex -63.8637 133.035 142.396
    endloop
  endfacet
  facet normal -0.980764 0.195197 0
    outer loop
      vertex -63.8637 133.035 159.996
      vertex -63.9658 132.522 142.396
      vertex -63.9658 132.522 159.996
    endloop
  endfacet
  facet normal -0.556022 0.831167 0
    outer loop
      vertex -62 135.464 142.396
      vertex -62.435 135.173 159.996
      vertex -62 135.464 159.996
    endloop
  endfacet
  facet normal -0.556022 0.831167 0
    outer loop
      vertex -62.435 135.173 159.996
      vertex -62 135.464 142.396
      vertex -62.435 135.173 142.396
    endloop
  endfacet
  facet normal -0.064984 0.997886 0
    outer loop
      vertex -60 136 142.396
      vertex -60.5221 135.966 159.996
      vertex -60 136 159.996
    endloop
  endfacet
  facet normal -0.064984 0.997886 0
    outer loop
      vertex -60.5221 135.966 159.996
      vertex -60 136 142.396
      vertex -60.5221 135.966 142.396
    endloop
  endfacet
  facet normal 0.896786 0.442465 0
    outer loop
      vertex 63.6955 133.531 159.996
      vertex 63.4641 134 142.396
      vertex 63.4641 134 159.996
    endloop
  endfacet
  facet normal 0.896786 0.442465 0
    outer loop
      vertex 63.4641 134 142.396
      vertex 63.6955 133.531 159.996
      vertex 63.6955 133.531 142.396
    endloop
  endfacet
  facet normal 1 -0 0
    outer loop
      vertex 64 3 159.996
      vertex 64 132 142.396
      vertex 64 132 159.996
    endloop
  endfacet
  facet normal 1 0 0
    outer loop
      vertex 64 132 142.396
      vertex 64 3 159.996
      vertex 64 3 142.396
    endloop
  endfacet
  facet normal -1 0 0
    outer loop
      vertex -64 3 142.396
      vertex -64 132 159.996
      vertex -64 132 142.396
    endloop
  endfacet
  facet normal -1 -0 0
    outer loop
      vertex -64 132 159.996
      vertex -64 3 142.396
      vertex -64 3 159.996
    endloop
  endfacet
  facet normal -0.947028 0.32115 0
    outer loop
      vertex -63.8637 133.035 142.396
      vertex -63.6955 133.531 159.996
      vertex -63.6955 133.531 142.396
    endloop
  endfacet
  facet normal -0.947028 0.32115 0
    outer loop
      vertex -63.6955 133.531 159.996
      vertex -63.8637 133.035 142.396
      vertex -63.8637 133.035 159.996
    endloop
  endfacet
  facet normal 0.659343 0.751842 -0
    outer loop
      vertex 62.8284 134.828 142.396
      vertex 62.435 135.173 159.996
      vertex 62.8284 134.828 159.996
    endloop
  endfacet
  facet normal 0.659343 0.751842 0
    outer loop
      vertex 62.435 135.173 159.996
      vertex 62.8284 134.828 142.396
      vertex 62.435 135.173 142.396
    endloop
  endfacet
  facet normal 0 1 -0
    outer loop
      vertex 60 136 142.396
      vertex -60 136 159.996
      vertex 60 136 159.996
    endloop
  endfacet
  facet normal 0 1 0
    outer loop
      vertex -60 136 159.996
      vertex 60 136 142.396
      vertex -60 136 142.396
    endloop
  endfacet
  facet normal 0.947028 0.32115 0
    outer loop
      vertex 63.8637 133.035 159.996
      vertex 63.6955 133.531 142.396
      vertex 63.6955 133.531 159.996
    endloop
  endfacet
  facet normal 0.947028 0.32115 0
    outer loop
      vertex 63.6955 133.531 142.396
      vertex 63.8637 133.035 159.996
      vertex 63.8637 133.035 142.396
    endloop
  endfacet
  facet normal 0.980764 0.195197 0
    outer loop
      vertex 63.9658 132.522 159.996
      vertex 63.8637 133.035 142.396
      vertex 63.8637 133.035 159.996
    endloop
  endfacet
  facet normal 0.980764 0.195197 0
    outer loop
      vertex 63.8637 133.035 142.396
      vertex 63.9658 132.522 159.996
      vertex 63.9658 132.522 142.396
    endloop
  endfacet
  facet normal -0.443159 0.896443 0
    outer loop
      vertex -61.5307 135.696 142.396
      vertex -62 135.464 159.996
      vertex -61.5307 135.696 159.996
    endloop
  endfacet
  facet normal -0.443159 0.896443 0
    outer loop
      vertex -62 135.464 159.996
      vertex -61.5307 135.696 142.396
      vertex -62 135.464 142.396
    endloop
  endfacet
  facet normal 0.75151 0.659722 0
    outer loop
      vertex 63.1734 134.435 159.996
      vertex 62.8284 134.828 142.396
      vertex 62.8284 134.828 159.996
    endloop
  endfacet
  facet normal 0.75151 0.659722 0
    outer loop
      vertex 62.8284 134.828 142.396
      vertex 63.1734 134.435 159.996
      vertex 63.1734 134.435 142.396
    endloop
  endfacet
  facet normal -0.659343 0.751842 0
    outer loop
      vertex -62.435 135.173 142.396
      vertex -62.8284 134.828 159.996
      vertex -62.435 135.173 159.996
    endloop
  endfacet
  facet normal -0.659343 0.751842 0
    outer loop
      vertex -62.8284 134.828 159.996
      vertex -62.435 135.173 142.396
      vertex -62.8284 134.828 142.396
    endloop
  endfacet
  facet normal -0.75151 0.659722 0
    outer loop
      vertex -63.1734 134.435 142.396
      vertex -62.8284 134.828 159.996
      vertex -62.8284 134.828 142.396
    endloop
  endfacet
  facet normal -0.75151 0.659722 0
    outer loop
      vertex -62.8284 134.828 159.996
      vertex -63.1734 134.435 142.396
      vertex -63.1734 134.435 159.996
    endloop
  endfacet
  facet normal -0.19494 0.980815 0
    outer loop
      vertex -60.5221 135.966 142.396
      vertex -61.0353 135.864 159.996
      vertex -60.5221 135.966 159.996
    endloop
  endfacet
  facet normal -0.19494 0.980815 0
    outer loop
      vertex -61.0353 135.864 159.996
      vertex -60.5221 135.966 142.396
      vertex -61.0353 135.864 142.396
    endloop
  endfacet
  facet normal 0.321156 0.947026 -0
    outer loop
      vertex 61.5307 135.696 142.396
      vertex 61.0353 135.864 159.996
      vertex 61.5307 135.696 159.996
    endloop
  endfacet
  facet normal 0.321156 0.947026 0
    outer loop
      vertex 61.0353 135.864 159.996
      vertex 61.5307 135.696 142.396
      vertex 61.0353 135.864 142.396
    endloop
  endfacet
  facet normal -0.321156 0.947026 0
    outer loop
      vertex -61.0353 135.864 142.396
      vertex -61.5307 135.696 159.996
      vertex -61.0353 135.864 159.996
    endloop
  endfacet
  facet normal -0.321156 0.947026 0
    outer loop
      vertex -61.5307 135.696 159.996
      vertex -61.0353 135.864 142.396
      vertex -61.5307 135.696 142.396
    endloop
  endfacet
  facet normal -0.831432 0.555626 0
    outer loop
      vertex -63.4641 134 142.396
      vertex -63.1734 134.435 159.996
      vertex -63.1734 134.435 142.396
    endloop
  endfacet
  facet normal -0.831432 0.555626 0
    outer loop
      vertex -63.1734 134.435 159.996
      vertex -63.4641 134 142.396
      vertex -63.4641 134 159.996
    endloop
  endfacet
  facet normal 0.443159 0.896443 -0
    outer loop
      vertex 62 135.464 142.396
      vertex 61.5307 135.696 159.996
      vertex 62 135.464 159.996
    endloop
  endfacet
  facet normal 0.443159 0.896443 0
    outer loop
      vertex 61.5307 135.696 159.996
      vertex 62 135.464 142.396
      vertex 61.5307 135.696 142.396
    endloop
  endfacet
  facet normal 0.19494 0.980815 -0
    outer loop
      vertex 61.0353 135.864 142.396
      vertex 60.5221 135.966 159.996
      vertex 61.0353 135.864 159.996
    endloop
  endfacet
  facet normal 0.19494 0.980815 0
    outer loop
      vertex 60.5221 135.966 159.996
      vertex 61.0353 135.864 142.396
      vertex 60.5221 135.966 142.396
    endloop
  endfacet
  facet normal 0 0 -1
    outer loop
      vertex -64 132 142.396
      vertex -60.4 132.4 142.396
      vertex -60.4 3 142.396
    endloop
  endfacet
  facet normal 0 -0 -1
    outer loop
      vertex -63.9658 132.522 142.396
      vertex -60.4 132.4 142.396
      vertex -64 132 142.396
    endloop
  endfacet
  facet normal 0 0 -1
    outer loop
      vertex -60.4 132.4 142.396
      vertex -61.0353 135.864 142.396
      vertex -60.5221 135.966 142.396
    endloop
  endfacet
  facet normal 0 0 -1
    outer loop
      vertex -60.4 132.4 142.396
      vertex -61.5307 135.696 142.396
      vertex -61.0353 135.864 142.396
    endloop
  endfacet
  facet normal 0 0 -1
    outer loop
      vertex -60.4 132.4 142.396
      vertex -62 135.464 142.396
      vertex -61.5307 135.696 142.396
    endloop
  endfacet
  facet normal 0 0 -1
    outer loop
      vertex -60.4 132.4 142.396
      vertex -62.435 135.173 142.396
      vertex -62 135.464 142.396
    endloop
  endfacet
  facet normal 0 0 -1
    outer loop
      vertex -60.4 132.4 142.396
      vertex -62.8284 134.828 142.396
      vertex -62.435 135.173 142.396
    endloop
  endfacet
  facet normal 0 0 -1
    outer loop
      vertex -60.4 132.4 142.396
      vertex -63.1734 134.435 142.396
      vertex -62.8284 134.828 142.396
    endloop
  endfacet
  facet normal 0 0 -1
    outer loop
      vertex -60.4 132.4 142.396
      vertex -63.4641 134 142.396
      vertex -63.1734 134.435 142.396
    endloop
  endfacet
  facet normal 0 0 -1
    outer loop
      vertex -60.4 132.4 142.396
      vertex -63.6955 133.531 142.396
      vertex -63.4641 134 142.396
    endloop
  endfacet
  facet normal 0 0 -1
    outer loop
      vertex -60.4 132.4 142.396
      vertex -63.8637 133.035 142.396
      vertex -63.6955 133.531 142.396
    endloop
  endfacet
  facet normal 0 0 -1
    outer loop
      vertex -64 132 142.396
      vertex -60.4 3 142.396
      vertex -64 3 142.396
    endloop
  endfacet
  facet normal 0 0 -1
    outer loop
      vertex -60.4 132.4 142.396
      vertex -63.9658 132.522 142.396
      vertex -63.8637 133.035 142.396
    endloop
  endfacet
  facet normal 0 0 -1
    outer loop
      vertex 60.4 3 142.396
      vertex 64 132 142.396
      vertex 64 3 142.396
    endloop
  endfacet
  facet normal 0 0 -1
    outer loop
      vertex 64 132 142.396
      vertex 60.4 132.4 142.396
      vertex 63.9658 132.522 142.396
    endloop
  endfacet
  facet normal -0 0 -1
    outer loop
      vertex 63.9658 132.522 142.396
      vertex 60.4 132.4 142.396
      vertex 63.8637 133.035 142.396
    endloop
  endfacet
  facet normal -0 0 -1
    outer loop
      vertex 63.8637 133.035 142.396
      vertex 60.4 132.4 142.396
      vertex 63.6955 133.531 142.396
    endloop
  endfacet
  facet normal -0 0 -1
    outer loop
      vertex 63.6955 133.531 142.396
      vertex 60.4 132.4 142.396
      vertex 63.4641 134 142.396
    endloop
  endfacet
  facet normal -0 0 -1
    outer loop
      vertex 63.4641 134 142.396
      vertex 60.4 132.4 142.396
      vertex 63.1734 134.435 142.396
    endloop
  endfacet
  facet normal -0 0 -1
    outer loop
      vertex 63.1734 134.435 142.396
      vertex 60.4 132.4 142.396
      vertex 62.8284 134.828 142.396
    endloop
  endfacet
  facet normal -0 0 -1
    outer loop
      vertex 62.8284 134.828 142.396
      vertex 60.4 132.4 142.396
      vertex 62.435 135.173 142.396
    endloop
  endfacet
  facet normal -0 0 -1
    outer loop
      vertex 62.435 135.173 142.396
      vertex 60.4 132.4 142.396
      vertex 62 135.464 142.396
    endloop
  endfacet
  facet normal -0 0 -1
    outer loop
      vertex 62 135.464 142.396
      vertex 60.4 132.4 142.396
      vertex 61.5307 135.696 142.396
    endloop
  endfacet
  facet normal -0 0 -1
    outer loop
      vertex 61.5307 135.696 142.396
      vertex 60.4 132.4 142.396
      vertex 61.0353 135.864 142.396
    endloop
  endfacet
  facet normal -0 0 -1
    outer loop
      vertex 64 132 142.396
      vertex 60.4 3 142.396
      vertex 60.4 132.4 142.396
    endloop
  endfacet
  facet normal -0 0 -1
    outer loop
      vertex 61.0353 135.864 142.396
      vertex 60.4 132.4 142.396
      vertex 60.5221 135.966 142.396
    endloop
  endfacet
  facet normal 0 0 -1
    outer loop
      vertex 60.4 132.4 142.396
      vertex 60 136 142.396
      vertex 60.5221 135.966 142.396
    endloop
  endfacet
  facet normal 0 0 -1
    outer loop
      vertex 60.4 132.4 142.396
      vertex -60 136 142.396
      vertex 60 136 142.396
    endloop
  endfacet
  facet normal 0 0 -1
    outer loop
      vertex -60.4 132.4 142.396
      vertex -60 136 142.396
      vertex 60.4 132.4 142.396
    endloop
  endfacet
  facet normal 0 0 -1
    outer loop
      vertex -60 136 142.396
      vertex -60.4 132.4 142.396
      vertex -60.5221 135.966 142.396
    endloop
  endfacet
  facet normal 0.556022 0.831167 -0
    outer loop
      vertex 62.435 135.173 142.396
      vertex 62 135.464 159.996
      vertex 62.435 135.173 159.996
    endloop
  endfacet
  facet normal 0.556022 0.831167 0
    outer loop
      vertex 62 135.464 159.996
      vertex 62.435 135.173 142.396
      vertex 62 135.464 142.396
    endloop
  endfacet
  facet normal 0.997861 0.0653771 0
    outer loop
      vertex 64 132 159.996
      vertex 63.9658 132.522 142.396
      vertex 63.9658 132.522 159.996
    endloop
  endfacet
  facet normal 0.997861 0.0653771 0
    outer loop
      vertex 63.9658 132.522 142.396
      vertex 64 132 159.996
      vertex 64 132 142.396
    endloop
  endfacet
  facet normal -0.997861 0.0653771 0
    outer loop
      vertex -64 132 142.396
      vertex -63.9658 132.522 159.996
      vertex -63.9658 132.522 142.396
    endloop
  endfacet
  facet normal -0.997861 0.0653771 0
    outer loop
      vertex -63.9658 132.522 159.996
      vertex -64 132 142.396
      vertex -64 132 159.996
    endloop
  endfacet
  facet normal 0.064984 0.997886 -0
    outer loop
      vertex 60.5221 135.966 142.396
      vertex 60 136 159.996
      vertex 60.5221 135.966 159.996
    endloop
  endfacet
  facet normal 0.064984 0.997886 0
    outer loop
      vertex 60 136 159.996
      vertex 60.5221 135.966 142.396
      vertex 60 136 142.396
    endloop
  endfacet
  facet normal 0.831432 0.555626 0
    outer loop
      vertex 63.4641 134 159.996
      vertex 63.1734 134.435 142.396
      vertex 63.1734 134.435 159.996
    endloop
  endfacet
  facet normal 0.831432 0.555626 0
    outer loop
      vertex 63.1734 134.435 142.396
      vertex 63.4641 134 159.996
      vertex 63.4641 134 142.396
    endloop
  endfacet
  facet normal 0 0 1
    outer loop
      vertex 60 136 159.996
      vertex 64 132 159.996
      vertex 63.9658 132.522 159.996
    endloop
  endfacet
  facet normal 0 0 1
    outer loop
      vertex 60 136 159.996
      vertex 63.9658 132.522 159.996
      vertex 63.8637 133.035 159.996
    endloop
  endfacet
  facet normal 0 0 1
    outer loop
      vertex 60 136 159.996
      vertex 63.8637 133.035 159.996
      vertex 63.6955 133.531 159.996
    endloop
  endfacet
  facet normal 0 0 1
    outer loop
      vertex 60 136 159.996
      vertex 63.6955 133.531 159.996
      vertex 63.4641 134 159.996
    endloop
  endfacet
  facet normal 0 0 1
    outer loop
      vertex 60 136 159.996
      vertex 63.4641 134 159.996
      vertex 63.1734 134.435 159.996
    endloop
  endfacet
  facet normal 0 0 1
    outer loop
      vertex 60 136 159.996
      vertex 63.1734 134.435 159.996
      vertex 62.8284 134.828 159.996
    endloop
  endfacet
  facet normal 0 0 1
    outer loop
      vertex 60 136 159.996
      vertex 62.8284 134.828 159.996
      vertex 62.435 135.173 159.996
    endloop
  endfacet
  facet normal 0 0 1
    outer loop
      vertex 60 136 159.996
      vertex 62.435 135.173 159.996
      vertex 62 135.464 159.996
    endloop
  endfacet
  facet normal 0 0 1
    outer loop
      vertex 60 136 159.996
      vertex 62 135.464 159.996
      vertex 61.5307 135.696 159.996
    endloop
  endfacet
  facet normal 0 0 1
    outer loop
      vertex 60 136 159.996
      vertex 61.5307 135.696 159.996
      vertex 61.0353 135.864 159.996
    endloop
  endfacet
  facet normal 0 0 1
    outer loop
      vertex 60 136 159.996
      vertex 61.0353 135.864 159.996
      vertex 60.5221 135.966 159.996
    endloop
  endfacet
  facet normal 0 0 1
    outer loop
      vertex -64 132 159.996
      vertex 64 132 159.996
      vertex 60 136 159.996
    endloop
  endfacet
  facet normal 0 0 1
    outer loop
      vertex -64 132 159.996
      vertex 60 136 159.996
      vertex -60 136 159.996
    endloop
  endfacet
  facet normal 0 0 1
    outer loop
      vertex -64 132 159.996
      vertex -60 136 159.996
      vertex -60.5221 135.966 159.996
    endloop
  endfacet
  facet normal 0 0 1
    outer loop
      vertex -64 132 159.996
      vertex -60.5221 135.966 159.996
      vertex -61.0353 135.864 159.996
    endloop
  endfacet
  facet normal 0 0 1
    outer loop
      vertex -64 132 159.996
      vertex -61.0353 135.864 159.996
      vertex -61.5307 135.696 159.996
    endloop
  endfacet
  facet normal 0 0 1
    outer loop
      vertex -64 132 159.996
      vertex -61.5307 135.696 159.996
      vertex -62 135.464 159.996
    endloop
  endfacet
  facet normal 0 0 1
    outer loop
      vertex -64 132 159.996
      vertex -62 135.464 159.996
      vertex -62.435 135.173 159.996
    endloop
  endfacet
  facet normal 0 0 1
    outer loop
      vertex -64 132 159.996
      vertex -62.435 135.173 159.996
      vertex -62.8284 134.828 159.996
    endloop
  endfacet
  facet normal 0 0 1
    outer loop
      vertex -64 132 159.996
      vertex -62.8284 134.828 159.996
      vertex -63.1734 134.435 159.996
    endloop
  endfacet
  facet normal 0 0 1
    outer loop
      vertex -64 132 159.996
      vertex -63.1734 134.435 159.996
      vertex -63.4641 134 159.996
    endloop
  endfacet
  facet normal 0 0 1
    outer loop
      vertex -64 132 159.996
      vertex -63.4641 134 159.996
      vertex -63.6955 133.531 159.996
    endloop
  endfacet
  facet normal 0 0 1
    outer loop
      vertex -64 132 159.996
      vertex -63.6955 133.531 159.996
      vertex -63.8637 133.035 159.996
    endloop
  endfacet
  facet normal 0 0 1
    outer loop
      vertex -64 132 159.996
      vertex -63.8637 133.035 159.996
      vertex -63.9658 132.522 159.996
    endloop
  endfacet
  facet normal 0 0 1
    outer loop
      vertex 64 132 159.996
      vertex -64 132 159.996
      vertex 64 3 159.996
    endloop
  endfacet
  facet normal 0 0 1
    outer loop
      vertex 64 3 159.996
      vertex -64 132 159.996
      vertex -64 3 159.996
    endloop
  endfacet
  facet normal -1 0 0
    outer loop
      vertex 60.4 127 150.396
      vertex 60.4 132.4 142.396
      vertex 60.4 127 146.396
    endloop
  endfacet
  facet normal -1 0 0
    outer loop
      vertex 60.4 132.4 142.396
      vertex 60.4 12 146.396
      vertex 60.4 127 146.396
    endloop
  endfacet
  facet normal -1 -0 0
    outer loop
      vertex 60.4 12 146.396
      vertex 60.4 3 142.396
      vertex 60.4 12 150.396
    endloop
  endfacet
  facet normal -1 0 0
    outer loop
      vertex 60.4 3 142.396
      vertex 60.4 12 146.396
      vertex 60.4 132.4 142.396
    endloop
  endfacet
  facet normal -1 0 0
    outer loop
      vertex 60.4 132.4 142.396
      vertex 60.4 127 150.396
      vertex 60.4 132.4 156.396
    endloop
  endfacet
  facet normal -1 0 0
    outer loop
      vertex 60.4 12 150.396
      vertex 60.4 132.4 156.396
      vertex 60.4 127 150.396
    endloop
  endfacet
  facet normal -1 0 0
    outer loop
      vertex 60.4 12 150.396
      vertex 60.4 3 156.396
      vertex 60.4 132.4 156.396
    endloop
  endfacet
  facet normal -1 0 0
    outer loop
      vertex 60.4 3 156.396
      vertex 60.4 12 150.396
      vertex 60.4 3 142.396
    endloop
  endfacet
  facet normal 0 0 -1
    outer loop
      vertex 57.9192 3 156.396
      vertex 60.4 132.4 156.396
      vertex 60.4 3 156.396
    endloop
  endfacet
  facet normal 0 0 -1
    outer loop
      vertex -57.9192 3 156.396
      vertex 60.4 132.4 156.396
      vertex 57.9192 3 156.396
    endloop
  endfacet
  facet normal 0 0 -1
    outer loop
      vertex -60.4 132.4 156.396
      vertex -57.9192 3 156.396
      vertex -60.4 3 156.396
    endloop
  endfacet
  facet normal 0 0 -1
    outer loop
      vertex -57.9192 3 156.396
      vertex -60.4 132.4 156.396
      vertex 60.4 132.4 156.396
    endloop
  endfacet
  facet normal 1 0 0
    outer loop
      vertex -60.4 132.4 156.396
      vertex -60.4 127 150.396
      vertex -60.4 132.4 142.396
    endloop
  endfacet
  facet normal 1 0 0
    outer loop
      vertex -60.4 132.4 156.396
      vertex -60.4 12 150.396
      vertex -60.4 127 150.396
    endloop
  endfacet
  facet normal 1 0 0
    outer loop
      vertex -60.4 3 142.396
      vertex -60.4 12 150.396
      vertex -60.4 3 156.396
    endloop
  endfacet
  facet normal 1 -0 0
    outer loop
      vertex -60.4 3 156.396
      vertex -60.4 12 150.396
      vertex -60.4 132.4 156.396
    endloop
  endfacet
  facet normal 1 -0 0
    outer loop
      vertex -60.4 127 146.396
      vertex -60.4 132.4 142.396
      vertex -60.4 127 150.396
    endloop
  endfacet
  facet normal 1 -0 0
    outer loop
      vertex -60.4 12 146.396
      vertex -60.4 132.4 142.396
      vertex -60.4 127 146.396
    endloop
  endfacet
  facet normal 1 0 0
    outer loop
      vertex -60.4 12 146.396
      vertex -60.4 3 142.396
      vertex -60.4 132.4 142.396
    endloop
  endfacet
  facet normal 1 0 0
    outer loop
      vertex -60.4 12 150.396
      vertex -60.4 3 142.396
      vertex -60.4 12 146.396
    endloop
  endfacet
  facet normal 0 -1 0
    outer loop
      vertex -60.4 132.4 142.396
      vertex 60.4 132.4 156.396
      vertex -60.4 132.4 156.396
    endloop
  endfacet
  facet normal 0 -1 -0
    outer loop
      vertex 60.4 132.4 156.396
      vertex -60.4 132.4 142.396
      vertex 60.4 132.4 142.396
    endloop
  endfacet
  facet normal 0 0 -1
    outer loop
      vertex -60 12 146.396
      vertex -59.2 127 146.396
      vertex -59.2 12 146.396
    endloop
  endfacet
  facet normal 0 0 -1
    outer loop
      vertex -60 12 146.396
      vertex -60 127 146.396
      vertex -59.2 127 146.396
    endloop
  endfacet
  facet normal 0 0 -1
    outer loop
      vertex -60.4 12 146.396
      vertex -60 127 146.396
      vertex -60 12 146.396
    endloop
  endfacet
  facet normal -0 0 -1
    outer loop
      vertex -60 127 146.396
      vertex -60.4 12 146.396
      vertex -60.4 127 146.396
    endloop
  endfacet
  facet normal 0 0 -1
    outer loop
      vertex 60.05 12 146.396
      vertex 60.4 127 146.396
      vertex 60.4 12 146.396
    endloop
  endfacet
  facet normal 0 0 -1
    outer loop
      vertex 60.05 12 146.396
      vertex 60.05 127 146.396
      vertex 60.4 127 146.396
    endloop
  endfacet
  facet normal 0 0 -1
    outer loop
      vertex 59.2 12 146.396
      vertex 60.05 127 146.396
      vertex 60.05 12 146.396
    endloop
  endfacet
  facet normal -0 0 -1
    outer loop
      vertex 60.05 127 146.396
      vertex 59.2 12 146.396
      vertex 59.2 127 146.396
    endloop
  endfacet
  facet normal -0 0 1
    outer loop
      vertex -60.4 127 150.396
      vertex -60 12 150.396
      vertex -60 127 150.396
    endloop
  endfacet
  facet normal 0 0 1
    outer loop
      vertex -60 12 150.396
      vertex -60.4 127 150.396
      vertex -60.4 12 150.396
    endloop
  endfacet
  facet normal -0 0 1
    outer loop
      vertex 60.05 127 150.396
      vertex 60.4 12 150.396
      vertex 60.4 127 150.396
    endloop
  endfacet
  facet normal 0 0 1
    outer loop
      vertex 60.4 12 150.396
      vertex 60.05 127 150.396
      vertex 60.05 12 150.396
    endloop
  endfacet
  facet normal 1 -0 0
    outer loop
      vertex -59.2 12 150.346
      vertex -59.2 127 146.396
      vertex -59.2 127 150.346
    endloop
  endfacet
  facet normal 1 0 0
    outer loop
      vertex -59.2 127 146.396
      vertex -59.2 12 150.346
      vertex -59.2 12 146.396
    endloop
  endfacet
  facet normal -1 0 0
    outer loop
      vertex 59.2 12 146.396
      vertex 59.2 127 150.346
      vertex 59.2 127 146.396
    endloop
  endfacet
  facet normal -1 -0 0
    outer loop
      vertex 59.2 127 150.346
      vertex 59.2 12 146.396
      vertex 59.2 12 150.346
    endloop
  endfacet
  facet normal 0.997853 -0.0654873 0
    outer loop
      vertex 56.3743 12.0084 44.05
      vertex 56.4 12.4 21.45
      vertex 56.4 12.4 44.05
    endloop
  endfacet
  facet normal 0.997853 -0.0654873 0
    outer loop
      vertex 56.4 12.4 21.45
      vertex 56.3743 12.0084 44.05
      vertex 56.3743 12.0084 21.45
    endloop
  endfacet
  facet normal 0.0654112 -0.997858 0
    outer loop
      vertex 53.4 9.39999 35.65
      vertex 53.7916 9.42566 44.05
      vertex 53.4 9.39999 44.05
    endloop
  endfacet
  facet normal 0.0654112 -0.997858 0
    outer loop
      vertex 53.4 9.39999 30.45
      vertex 53.7916 9.42566 44.05
      vertex 53.4 9.39999 35.65
    endloop
  endfacet
  facet normal 0.0654112 -0.997858 0
    outer loop
      vertex 53.7916 9.42566 21.45
      vertex 53.4 9.39999 30.45
      vertex 53.4 9.39999 21.45
    endloop
  endfacet
  facet normal 0.0654112 -0.997858 0
    outer loop
      vertex 53.4 9.39999 30.45
      vertex 53.7916 9.42566 21.45
      vertex 53.7916 9.42566 44.05
    endloop
  endfacet
  facet normal -0.555506 -0.831513 0
    outer loop
      vertex -55.2263 10.0199 21.45
      vertex -54.9 9.80191 44.05
      vertex -55.2263 10.0199 44.05
    endloop
  endfacet
  facet normal -0.555506 -0.831513 -0
    outer loop
      vertex -54.9 9.80191 44.05
      vertex -55.2263 10.0199 21.45
      vertex -54.9 9.80191 21.45
    endloop
  endfacet
  facet normal 0.0654873 0.997853 0
    outer loop
      vertex 53.7916 39.5743 44.05
      vertex 53.4 39.6 35.65
      vertex 53.4 39.6 44.05
    endloop
  endfacet
  facet normal 0.0654873 0.997853 0
    outer loop
      vertex 53.7916 39.5743 44.05
      vertex 53.4 39.6 30.45
      vertex 53.4 39.6 35.65
    endloop
  endfacet
  facet normal 0.0654873 0.997853 -0
    outer loop
      vertex 53.7916 39.5743 21.45
      vertex 53.4 39.6 30.45
      vertex 53.7916 39.5743 44.05
    endloop
  endfacet
  facet normal 0.0654873 0.997853 0
    outer loop
      vertex 53.4 39.6 30.45
      vertex 53.7916 39.5743 21.45
      vertex 53.4 39.6 21.45
    endloop
  endfacet
  facet normal -0.659478 0.751724 0
    outer loop
      vertex -55.2263 38.9801 21.45
      vertex -55.5213 38.7213 44.05
      vertex -55.2263 38.9801 44.05
    endloop
  endfacet
  facet normal -0.659478 0.751724 0
    outer loop
      vertex -55.5213 38.7213 44.05
      vertex -55.2263 38.9801 21.45
      vertex -55.5213 38.7213 21.45
    endloop
  endfacet
  facet normal 0 -1 0
    outer loop
      vertex -54.9 39.6 30.45
      vertex -53.4 39.6 35.65
      vertex -54.9 39.6 35.65
    endloop
  endfacet
  facet normal 0 -1 -0
    outer loop
      vertex -53.4 39.6 35.65
      vertex -54.9 39.6 30.45
      vertex -53.4 39.6 30.45
    endloop
  endfacet
  facet normal 0 -1 0
    outer loop
      vertex 53.4 39.6 30.45
      vertex 54.9 39.6 35.65
      vertex 53.4 39.6 35.65
    endloop
  endfacet
  facet normal 0 -1 -0
    outer loop
      vertex 54.9 39.6 35.65
      vertex 53.4 39.6 30.45
      vertex 54.9 39.6 30.45
    endloop
  endfacet
  facet normal 0 1 -0
    outer loop
      vertex 53.4 39.6 21.45
      vertex -53.4 39.6 30.45
      vertex 53.4 39.6 30.45
    endloop
  endfacet
  facet normal 0 1 0
    outer loop
      vertex -53.4 39.6 30.45
      vertex 53.4 39.6 21.45
      vertex -53.4 39.6 21.45
    endloop
  endfacet
  facet normal 0 1 -0
    outer loop
      vertex 53.4 39.6 35.65
      vertex -53.4 39.6 44.05
      vertex 53.4 39.6 44.05
    endloop
  endfacet
  facet normal 0 1 0
    outer loop
      vertex -53.4 39.6 44.05
      vertex 53.4 39.6 35.65
      vertex -53.4 39.6 35.65
    endloop
  endfacet
  facet normal 0.980806 0.194989 0
    outer loop
      vertex 56.3743 36.9916 44.05
      vertex 56.2978 37.3764 21.45
      vertex 56.2978 37.3764 44.05
    endloop
  endfacet
  facet normal 0.980806 0.194989 0
    outer loop
      vertex 56.2978 37.3764 21.45
      vertex 56.3743 36.9916 44.05
      vertex 56.3743 36.9916 21.45
    endloop
  endfacet
  facet normal -0.19494 0.980815 0
    outer loop
      vertex -53.7916 39.5743 21.45
      vertex -54.1765 39.4978 44.05
      vertex -53.7916 39.5743 44.05
    endloop
  endfacet
  facet normal -0.19494 0.980815 0
    outer loop
      vertex -54.1765 39.4978 44.05
      vertex -53.7916 39.5743 21.45
      vertex -54.1765 39.4978 21.45
    endloop
  endfacet
  facet normal -0.0654112 -0.997858 0
    outer loop
      vertex -53.7916 9.42566 44.05
      vertex -53.4 9.39999 35.65
      vertex -53.4 9.39999 44.05
    endloop
  endfacet
  facet normal -0.0654112 -0.997858 0
    outer loop
      vertex -53.7916 9.42566 44.05
      vertex -53.4 9.39999 30.45
      vertex -53.4 9.39999 35.65
    endloop
  endfacet
  facet normal -0.0654112 -0.997858 0
    outer loop
      vertex -53.7916 9.42566 21.45
      vertex -53.4 9.39999 30.45
      vertex -53.7916 9.42566 44.05
    endloop
  endfacet
  facet normal -0.0654112 -0.997858 -0
    outer loop
      vertex -53.4 9.39999 30.45
      vertex -53.7916 9.42566 21.45
      vertex -53.4 9.39999 21.45
    endloop
  endfacet
  facet normal -0.195062 -0.980791 0
    outer loop
      vertex -54.1765 9.50221 21.45
      vertex -53.7916 9.42566 44.05
      vertex -54.1765 9.50221 44.05
    endloop
  endfacet
  facet normal -0.195062 -0.980791 -0
    outer loop
      vertex -53.7916 9.42566 44.05
      vertex -54.1765 9.50221 21.45
      vertex -53.7916 9.42566 21.45
    endloop
  endfacet
  facet normal -0.659478 -0.751724 0
    outer loop
      vertex -55.5213 10.2787 21.45
      vertex -55.2263 10.0199 44.05
      vertex -55.5213 10.2787 44.05
    endloop
  endfacet
  facet normal -0.659478 -0.751724 -0
    outer loop
      vertex -55.2263 10.0199 44.05
      vertex -55.5213 10.2787 21.45
      vertex -55.2263 10.0199 21.45
    endloop
  endfacet
  facet normal 0.896911 -0.442211 0
    outer loop
      vertex 55.9981 10.9 44.05
      vertex 56.1716 11.2519 21.45
      vertex 56.1716 11.2519 44.05
    endloop
  endfacet
  facet normal 0.896911 -0.442211 0
    outer loop
      vertex 56.1716 11.2519 21.45
      vertex 55.9981 10.9 44.05
      vertex 55.9981 10.9 21.45
    endloop
  endfacet
  facet normal 0 1 -0
    outer loop
      vertex -53.4 9.39999 30.45
      vertex -54.9 9.39999 35.65
      vertex -53.4 9.39999 35.65
    endloop
  endfacet
  facet normal 0 1 0
    outer loop
      vertex -54.9 9.39999 35.65
      vertex -53.4 9.39999 30.45
      vertex -54.9 9.39999 30.45
    endloop
  endfacet
  facet normal 0 1 -0
    outer loop
      vertex 54.9 9.39999 30.45
      vertex 53.4 9.39999 35.65
      vertex 54.9 9.39999 35.65
    endloop
  endfacet
  facet normal 0 1 0
    outer loop
      vertex 53.4 9.39999 35.65
      vertex 54.9 9.39999 30.45
      vertex 53.4 9.39999 30.45
    endloop
  endfacet
  facet normal 0 -1 0
    outer loop
      vertex -53.4 9.39999 35.65
      vertex 53.4 9.39999 44.05
      vertex -53.4 9.39999 44.05
    endloop
  endfacet
  facet normal 0 -1 -0
    outer loop
      vertex 53.4 9.39999 44.05
      vertex -53.4 9.39999 35.65
      vertex 53.4 9.39999 35.65
    endloop
  endfacet
  facet normal 0 -1 0
    outer loop
      vertex -53.4 9.39999 21.45
      vertex 53.4 9.39999 30.45
      vertex -53.4 9.39999 30.45
    endloop
  endfacet
  facet normal 0 -1 -0
    outer loop
      vertex 53.4 9.39999 30.45
      vertex -53.4 9.39999 21.45
      vertex 53.4 9.39999 21.45
    endloop
  endfacet
  facet normal 0.997853 0.0654873 0
    outer loop
      vertex 56.4 36.6 44.05
      vertex 56.3743 36.9916 21.45
      vertex 56.3743 36.9916 44.05
    endloop
  endfacet
  facet normal 0.997853 0.0654873 0
    outer loop
      vertex 56.3743 36.9916 21.45
      vertex 56.4 36.6 44.05
      vertex 56.4 36.6 21.45
    endloop
  endfacet
  facet normal -0.751724 0.659478 0
    outer loop
      vertex -55.7801 38.4263 21.45
      vertex -55.5213 38.7213 44.05
      vertex -55.5213 38.7213 21.45
    endloop
  endfacet
  facet normal -0.751724 0.659478 0
    outer loop
      vertex -55.5213 38.7213 44.05
      vertex -55.7801 38.4263 21.45
      vertex -55.7801 38.4263 44.05
    endloop
  endfacet
  facet normal 0.946885 -0.321574 0
    outer loop
      vertex 56.1716 11.2519 44.05
      vertex 56.2978 11.6235 21.45
      vertex 56.2978 11.6235 44.05
    endloop
  endfacet
  facet normal 0.946885 -0.321574 0
    outer loop
      vertex 56.2978 11.6235 21.45
      vertex 56.1716 11.2519 44.05
      vertex 56.1716 11.2519 21.45
    endloop
  endfacet
  facet normal -0.946916 -0.321481 0
    outer loop
      vertex -56.1716 11.2519 21.45
      vertex -56.2945 11.6139 44.05
      vertex -56.2945 11.6139 21.45
    endloop
  endfacet
  facet normal -0.946916 -0.321481 0
    outer loop
      vertex -56.2945 11.6139 44.05
      vertex -56.1716 11.2519 21.45
      vertex -56.1716 11.2519 44.05
    endloop
  endfacet
  facet normal 0.442212 -0.89691 0
    outer loop
      vertex 54.548 9.62836 21.45
      vertex 54.9 9.80191 44.05
      vertex 54.548 9.62836 44.05
    endloop
  endfacet
  facet normal 0.442212 -0.89691 0
    outer loop
      vertex 54.9 9.80191 44.05
      vertex 54.548 9.62836 21.45
      vertex 54.9 9.80191 21.45
    endloop
  endfacet
  facet normal -0.321537 -0.946897 0
    outer loop
      vertex -54.548 9.62836 21.45
      vertex -54.1765 9.50221 44.05
      vertex -54.548 9.62836 44.05
    endloop
  endfacet
  facet normal -0.321537 -0.946897 -0
    outer loop
      vertex -54.1765 9.50221 44.05
      vertex -54.548 9.62836 21.45
      vertex -54.1765 9.50221 21.45
    endloop
  endfacet
  facet normal 0.195062 -0.980791 0
    outer loop
      vertex 53.7916 9.42566 21.45
      vertex 54.1765 9.50221 44.05
      vertex 53.7916 9.42566 44.05
    endloop
  endfacet
  facet normal 0.195062 -0.980791 0
    outer loop
      vertex 54.1765 9.50221 44.05
      vertex 53.7916 9.42566 21.45
      vertex 54.1765 9.50221 21.45
    endloop
  endfacet
  facet normal -0.44211 0.896961 0
    outer loop
      vertex -54.548 39.3716 21.45
      vertex -54.9 39.1981 44.05
      vertex -54.548 39.3716 44.05
    endloop
  endfacet
  facet normal -0.44211 0.896961 0
    outer loop
      vertex -54.9 39.1981 44.05
      vertex -54.548 39.3716 21.45
      vertex -54.9 39.1981 21.45
    endloop
  endfacet
  facet normal 1 -0 0
    outer loop
      vertex 56.4 12.4 44.05
      vertex 56.4 36.6 21.45
      vertex 56.4 36.6 44.05
    endloop
  endfacet
  facet normal 1 0 0
    outer loop
      vertex 56.4 36.6 21.45
      vertex 56.4 12.4 44.05
      vertex 56.4 12.4 21.45
    endloop
  endfacet
  facet normal -0.831501 -0.555523 0
    outer loop
      vertex -55.7801 10.5737 21.45
      vertex -55.9981 10.9 44.05
      vertex -55.9981 10.9 21.45
    endloop
  endfacet
  facet normal -0.831501 -0.555523 0
    outer loop
      vertex -55.9981 10.9 44.05
      vertex -55.7801 10.5737 21.45
      vertex -55.7801 10.5737 44.05
    endloop
  endfacet
  facet normal 0.751724 0.659478 0
    outer loop
      vertex 55.7801 38.4263 44.05
      vertex 55.5213 38.7213 21.45
      vertex 55.5213 38.7213 44.05
    endloop
  endfacet
  facet normal 0.751724 0.659478 0
    outer loop
      vertex 55.5213 38.7213 21.45
      vertex 55.7801 38.4263 44.05
      vertex 55.7801 38.4263 21.45
    endloop
  endfacet
  facet normal -0.0654873 0.997853 0
    outer loop
      vertex -53.4 39.6 35.65
      vertex -53.7916 39.5743 44.05
      vertex -53.4 39.6 44.05
    endloop
  endfacet
  facet normal -0.0654873 0.997853 0
    outer loop
      vertex -53.4 39.6 30.45
      vertex -53.7916 39.5743 44.05
      vertex -53.4 39.6 35.65
    endloop
  endfacet
  facet normal -0.0654873 0.997853 0
    outer loop
      vertex -53.7916 39.5743 21.45
      vertex -53.4 39.6 30.45
      vertex -53.4 39.6 21.45
    endloop
  endfacet
  facet normal -0.0654873 0.997853 0
    outer loop
      vertex -53.4 39.6 30.45
      vertex -53.7916 39.5743 21.45
      vertex -53.7916 39.5743 44.05
    endloop
  endfacet
  facet normal 0.831501 0.555523 0
    outer loop
      vertex 55.9981 38.1 44.05
      vertex 55.7801 38.4263 21.45
      vertex 55.7801 38.4263 44.05
    endloop
  endfacet
  facet normal 0.831501 0.555523 0
    outer loop
      vertex 55.7801 38.4263 21.45
      vertex 55.9981 38.1 44.05
      vertex 55.9981 38.1 21.45
    endloop
  endfacet
  facet normal -0.321651 0.946858 0
    outer loop
      vertex -54.1765 39.4978 21.45
      vertex -54.548 39.3716 44.05
      vertex -54.1765 39.4978 44.05
    endloop
  endfacet
  facet normal -0.321651 0.946858 0
    outer loop
      vertex -54.548 39.3716 44.05
      vertex -54.1765 39.4978 21.45
      vertex -54.548 39.3716 21.45
    endloop
  endfacet
  facet normal 0 0 -1
    outer loop
      vertex 53.4 9.39999 21.45
      vertex 56.4 12.4 21.45
      vertex 56.3743 12.0084 21.45
    endloop
  endfacet
  facet normal -0 0 -1
    outer loop
      vertex 56.4 12.4 21.45
      vertex 53.4 9.39999 21.45
      vertex 56.4 36.6 21.45
    endloop
  endfacet
  facet normal 0 0 -1
    outer loop
      vertex 53.4 9.39999 21.45
      vertex 56.3743 12.0084 21.45
      vertex 56.2978 11.6235 21.45
    endloop
  endfacet
  facet normal 0 0 -1
    outer loop
      vertex 53.4 39.6 21.45
      vertex 56.4 36.6 21.45
      vertex 53.4 9.39999 21.45
    endloop
  endfacet
  facet normal 0 0 -1
    outer loop
      vertex 53.4 9.39999 21.45
      vertex 56.2978 11.6235 21.45
      vertex 56.1716 11.2519 21.45
    endloop
  endfacet
  facet normal 0 0 -1
    outer loop
      vertex 56.4 36.6 21.45
      vertex 53.4 39.6 21.45
      vertex 56.3743 36.9916 21.45
    endloop
  endfacet
  facet normal 0 0 -1
    outer loop
      vertex 53.4 9.39999 21.45
      vertex 56.1716 11.2519 21.45
      vertex 55.9981 10.9 21.45
    endloop
  endfacet
  facet normal 0 0 -1
    outer loop
      vertex 56.3743 36.9916 21.45
      vertex 53.4 39.6 21.45
      vertex 56.2978 37.3764 21.45
    endloop
  endfacet
  facet normal 0 0 -1
    outer loop
      vertex 53.4 9.39999 21.45
      vertex 55.9981 10.9 21.45
      vertex 55.7801 10.5737 21.45
    endloop
  endfacet
  facet normal 0 0 -1
    outer loop
      vertex 56.2978 37.3764 21.45
      vertex 53.4 39.6 21.45
      vertex 56.1716 37.748 21.45
    endloop
  endfacet
  facet normal 0 0 -1
    outer loop
      vertex 53.4 9.39999 21.45
      vertex 55.7801 10.5737 21.45
      vertex 55.5213 10.2787 21.45
    endloop
  endfacet
  facet normal 0 0 -1
    outer loop
      vertex 56.1716 37.748 21.45
      vertex 53.4 39.6 21.45
      vertex 55.9981 38.1 21.45
    endloop
  endfacet
  facet normal 0 0 -1
    outer loop
      vertex 53.4 9.39999 21.45
      vertex 55.5213 10.2787 21.45
      vertex 55.2263 10.0199 21.45
    endloop
  endfacet
  facet normal 0 0 -1
    outer loop
      vertex 55.9981 38.1 21.45
      vertex 53.4 39.6 21.45
      vertex 55.7801 38.4263 21.45
    endloop
  endfacet
  facet normal 0 0 -1
    outer loop
      vertex 53.4 9.39999 21.45
      vertex 55.2263 10.0199 21.45
      vertex 54.9 9.80191 21.45
    endloop
  endfacet
  facet normal 0 0 -1
    outer loop
      vertex 55.7801 38.4263 21.45
      vertex 53.4 39.6 21.45
      vertex 55.5213 38.7213 21.45
    endloop
  endfacet
  facet normal 0 0 -1
    outer loop
      vertex 53.4 9.39999 21.45
      vertex 54.9 9.80191 21.45
      vertex 54.548 9.62836 21.45
    endloop
  endfacet
  facet normal 0 0 -1
    outer loop
      vertex 55.5213 38.7213 21.45
      vertex 53.4 39.6 21.45
      vertex 55.2263 38.9801 21.45
    endloop
  endfacet
  facet normal 0 0 -1
    outer loop
      vertex 53.4 9.39999 21.45
      vertex 54.548 9.62836 21.45
      vertex 54.1765 9.50221 21.45
    endloop
  endfacet
  facet normal 0 0 -1
    outer loop
      vertex 55.2263 38.9801 21.45
      vertex 53.4 39.6 21.45
      vertex 54.9 39.1981 21.45
    endloop
  endfacet
  facet normal 0 0 -1
    outer loop
      vertex 53.4 9.39999 21.45
      vertex 54.1765 9.50221 21.45
      vertex 53.7916 9.42566 21.45
    endloop
  endfacet
  facet normal 0 0 -1
    outer loop
      vertex 54.9 39.1981 21.45
      vertex 53.4 39.6 21.45
      vertex 54.548 39.3716 21.45
    endloop
  endfacet
  facet normal 0 0 -1
    outer loop
      vertex 54.548 39.3716 21.45
      vertex 53.4 39.6 21.45
      vertex 54.1765 39.4978 21.45
    endloop
  endfacet
  facet normal 0 0 -1
    outer loop
      vertex 54.1765 39.4978 21.45
      vertex 53.4 39.6 21.45
      vertex 53.7916 39.5743 21.45
    endloop
  endfacet
  facet normal 0 0 -1
    outer loop
      vertex -53.4 9.39999 21.45
      vertex 53.4 39.6 21.45
      vertex 53.4 9.39999 21.45
    endloop
  endfacet
  facet normal 0 0 -1
    outer loop
      vertex -53.4 9.39999 21.45
      vertex -53.4 39.6 21.45
      vertex 53.4 39.6 21.45
    endloop
  endfacet
  facet normal 0 0 -1
    outer loop
      vertex -56.2945 11.6139 21.45
      vertex -53.4 9.39999 21.45
      vertex -53.7916 9.42566 21.45
    endloop
  endfacet
  facet normal 0 0 -1
    outer loop
      vertex -53.4 9.39999 21.45
      vertex -56.2945 11.6139 21.45
      vertex -53.4 39.6 21.45
    endloop
  endfacet
  facet normal 0 0 -1
    outer loop
      vertex -56.2945 11.6139 21.45
      vertex -53.7916 9.42566 21.45
      vertex -54.1765 9.50221 21.45
    endloop
  endfacet
  facet normal 0 0 -1
    outer loop
      vertex -56.2945 37.3861 21.45
      vertex -53.4 39.6 21.45
      vertex -56.2945 11.6139 21.45
    endloop
  endfacet
  facet normal 0 0 -1
    outer loop
      vertex -56.2945 11.6139 21.45
      vertex -54.1765 9.50221 21.45
      vertex -54.548 9.62836 21.45
    endloop
  endfacet
  facet normal 0 0 -1
    outer loop
      vertex -53.4 39.6 21.45
      vertex -56.2945 37.3861 21.45
      vertex -53.7916 39.5743 21.45
    endloop
  endfacet
  facet normal 0 0 -1
    outer loop
      vertex -56.2945 11.6139 21.45
      vertex -54.548 9.62836 21.45
      vertex -54.9 9.80191 21.45
    endloop
  endfacet
  facet normal 0 0 -1
    outer loop
      vertex -53.7916 39.5743 21.45
      vertex -56.2945 37.3861 21.45
      vertex -54.1765 39.4978 21.45
    endloop
  endfacet
  facet normal 0 0 -1
    outer loop
      vertex -56.2945 11.6139 21.45
      vertex -54.9 9.80191 21.45
      vertex -55.2263 10.0199 21.45
    endloop
  endfacet
  facet normal 0 0 -1
    outer loop
      vertex -54.1765 39.4978 21.45
      vertex -56.2945 37.3861 21.45
      vertex -54.548 39.3716 21.45
    endloop
  endfacet
  facet normal 0 0 -1
    outer loop
      vertex -56.2945 11.6139 21.45
      vertex -55.2263 10.0199 21.45
      vertex -55.5213 10.2787 21.45
    endloop
  endfacet
  facet normal 0 0 -1
    outer loop
      vertex -54.548 39.3716 21.45
      vertex -56.2945 37.3861 21.45
      vertex -54.9 39.1981 21.45
    endloop
  endfacet
  facet normal 0 0 -1
    outer loop
      vertex -56.2945 11.6139 21.45
      vertex -55.5213 10.2787 21.45
      vertex -55.7801 10.5737 21.45
    endloop
  endfacet
  facet normal 0 0 -1
    outer loop
      vertex -54.9 39.1981 21.45
      vertex -56.2945 37.3861 21.45
      vertex -55.2263 38.9801 21.45
    endloop
  endfacet
  facet normal 0 0 -1
    outer loop
      vertex -56.2945 11.6139 21.45
      vertex -55.7801 10.5737 21.45
      vertex -55.9981 10.9 21.45
    endloop
  endfacet
  facet normal 0 0 -1
    outer loop
      vertex -55.2263 38.9801 21.45
      vertex -56.2945 37.3861 21.45
      vertex -55.5213 38.7213 21.45
    endloop
  endfacet
  facet normal 0 0 -1
    outer loop
      vertex -56.2945 11.6139 21.45
      vertex -55.9981 10.9 21.45
      vertex -56.1716 11.2519 21.45
    endloop
  endfacet
  facet normal 0 0 -1
    outer loop
      vertex -55.5213 38.7213 21.45
      vertex -56.2945 37.3861 21.45
      vertex -55.7801 38.4263 21.45
    endloop
  endfacet
  facet normal 0 0 -1
    outer loop
      vertex -55.7801 38.4263 21.45
      vertex -56.2945 37.3861 21.45
      vertex -55.9981 38.1 21.45
    endloop
  endfacet
  facet normal 0 0 -1
    outer loop
      vertex -55.9981 38.1 21.45
      vertex -56.2945 37.3861 21.45
      vertex -56.1716 37.748 21.45
    endloop
  endfacet
  facet normal 0 0 -1
    outer loop
      vertex -57.4 11.4 21.45
      vertex -56.2945 11.6139 21.45
      vertex -56.6235 11.5022 21.45
    endloop
  endfacet
  facet normal 0 0 -1
    outer loop
      vertex -56.2945 11.6139 21.45
      vertex -66 14.4 21.45
      vertex -56.2945 37.3861 21.45
    endloop
  endfacet
  facet normal 0 0 -1
    outer loop
      vertex -57.4 11.4 21.45
      vertex -56.6235 11.5022 21.45
      vertex -57.0084 11.4257 21.45
    endloop
  endfacet
  facet normal 0 0 -1
    outer loop
      vertex -66 34.6 21.45
      vertex -56.2945 37.3861 21.45
      vertex -66 14.4 21.45
    endloop
  endfacet
  facet normal -0 0 -1
    outer loop
      vertex -56.2945 11.6139 21.45
      vertex -57.4 11.4 21.45
      vertex -66 14.4 21.45
    endloop
  endfacet
  facet normal 0 -0 -1
    outer loop
      vertex -57.4 37.6 21.45
      vertex -56.2945 37.3861 21.45
      vertex -66 34.6 21.45
    endloop
  endfacet
  facet normal 0 0 -1
    outer loop
      vertex -66 14.4 21.45
      vertex -57.4 11.4 21.45
      vertex -63 11.4 21.45
    endloop
  endfacet
  facet normal 0 0 -1
    outer loop
      vertex -56.2945 37.3861 21.45
      vertex -57.4 37.6 21.45
      vertex -56.6235 37.4978 21.45
    endloop
  endfacet
  facet normal 0 0 -1
    outer loop
      vertex -66 14.4 21.45
      vertex -63 11.4 21.45
      vertex -63.3916 11.4257 21.45
    endloop
  endfacet
  facet normal 0 0 -1
    outer loop
      vertex -56.6235 37.4978 21.45
      vertex -57.4 37.6 21.45
      vertex -57.0084 37.5743 21.45
    endloop
  endfacet
  facet normal 0 0 -1
    outer loop
      vertex -66 14.4 21.45
      vertex -63.3916 11.4257 21.45
      vertex -63.7764 11.5022 21.45
    endloop
  endfacet
  facet normal -0 0 -1
    outer loop
      vertex -57.4 37.6 21.45
      vertex -66 34.6 21.45
      vertex -63 37.6 21.45
    endloop
  endfacet
  facet normal 0 0 -1
    outer loop
      vertex -66 14.4 21.45
      vertex -63.7764 11.5022 21.45
      vertex -64.148 11.6284 21.45
    endloop
  endfacet
  facet normal 0 0 -1
    outer loop
      vertex -63 37.6 21.45
      vertex -66 34.6 21.45
      vertex -63.3916 37.5743 21.45
    endloop
  endfacet
  facet normal 0 0 -1
    outer loop
      vertex -66 14.4 21.45
      vertex -64.148 11.6284 21.45
      vertex -64.5 11.8019 21.45
    endloop
  endfacet
  facet normal 0 0 -1
    outer loop
      vertex -63.3916 37.5743 21.45
      vertex -66 34.6 21.45
      vertex -63.7764 37.4978 21.45
    endloop
  endfacet
  facet normal 0 0 -1
    outer loop
      vertex -66 14.4 21.45
      vertex -64.5 11.8019 21.45
      vertex -64.8263 12.0199 21.45
    endloop
  endfacet
  facet normal 0 0 -1
    outer loop
      vertex -63.7764 37.4978 21.45
      vertex -66 34.6 21.45
      vertex -64.148 37.3716 21.45
    endloop
  endfacet
  facet normal 0 0 -1
    outer loop
      vertex -66 14.4 21.45
      vertex -64.8263 12.0199 21.45
      vertex -65.1213 12.2787 21.45
    endloop
  endfacet
  facet normal 0 0 -1
    outer loop
      vertex -64.148 37.3716 21.45
      vertex -66 34.6 21.45
      vertex -64.5 37.1981 21.45
    endloop
  endfacet
  facet normal 0 0 -1
    outer loop
      vertex -66 14.4 21.45
      vertex -65.1213 12.2787 21.45
      vertex -65.3801 12.5737 21.45
    endloop
  endfacet
  facet normal 0 0 -1
    outer loop
      vertex -64.5 37.1981 21.45
      vertex -66 34.6 21.45
      vertex -64.8263 36.9801 21.45
    endloop
  endfacet
  facet normal 0 0 -1
    outer loop
      vertex -66 14.4 21.45
      vertex -65.3801 12.5737 21.45
      vertex -65.5981 12.9 21.45
    endloop
  endfacet
  facet normal 0 0 -1
    outer loop
      vertex -64.8263 36.9801 21.45
      vertex -66 34.6 21.45
      vertex -65.1213 36.7213 21.45
    endloop
  endfacet
  facet normal 0 0 -1
    outer loop
      vertex -66 14.4 21.45
      vertex -65.5981 12.9 21.45
      vertex -65.7716 13.2519 21.45
    endloop
  endfacet
  facet normal 0 0 -1
    outer loop
      vertex -65.1213 36.7213 21.45
      vertex -66 34.6 21.45
      vertex -65.3801 36.4263 21.45
    endloop
  endfacet
  facet normal 0 0 -1
    outer loop
      vertex -66 14.4 21.45
      vertex -65.7716 13.2519 21.45
      vertex -65.8978 13.6235 21.45
    endloop
  endfacet
  facet normal 0 0 -1
    outer loop
      vertex -65.3801 36.4263 21.45
      vertex -66 34.6 21.45
      vertex -65.5981 36.1 21.45
    endloop
  endfacet
  facet normal 0 0 -1
    outer loop
      vertex -66 14.4 21.45
      vertex -65.8978 13.6235 21.45
      vertex -65.9743 14.0084 21.45
    endloop
  endfacet
  facet normal 0 0 -1
    outer loop
      vertex -65.5981 36.1 21.45
      vertex -66 34.6 21.45
      vertex -65.7716 35.748 21.45
    endloop
  endfacet
  facet normal 0 0 -1
    outer loop
      vertex -65.7716 35.748 21.45
      vertex -66 34.6 21.45
      vertex -65.8978 35.3764 21.45
    endloop
  endfacet
  facet normal 0 0 -1
    outer loop
      vertex -65.8978 35.3764 21.45
      vertex -66 34.6 21.45
      vertex -65.9743 34.9916 21.45
    endloop
  endfacet
  facet normal 0.751724 -0.659478 0
    outer loop
      vertex 55.5213 10.2787 44.05
      vertex 55.7801 10.5737 21.45
      vertex 55.7801 10.5737 44.05
    endloop
  endfacet
  facet normal 0.751724 -0.659478 0
    outer loop
      vertex 55.7801 10.5737 21.45
      vertex 55.5213 10.2787 44.05
      vertex 55.5213 10.2787 21.45
    endloop
  endfacet
  facet normal 0.831501 -0.555523 0
    outer loop
      vertex 55.7801 10.5737 44.05
      vertex 55.9981 10.9 21.45
      vertex 55.9981 10.9 44.05
    endloop
  endfacet
  facet normal 0.831501 -0.555523 0
    outer loop
      vertex 55.9981 10.9 21.45
      vertex 55.7801 10.5737 44.05
      vertex 55.7801 10.5737 21.45
    endloop
  endfacet
  facet normal 0.659478 0.751724 -0
    outer loop
      vertex 55.5213 38.7213 21.45
      vertex 55.2263 38.9801 44.05
      vertex 55.5213 38.7213 44.05
    endloop
  endfacet
  facet normal 0.659478 0.751724 0
    outer loop
      vertex 55.2263 38.9801 44.05
      vertex 55.5213 38.7213 21.45
      vertex 55.2263 38.9801 21.45
    endloop
  endfacet
  facet normal 0.980815 -0.19494 0
    outer loop
      vertex 56.2978 11.6235 44.05
      vertex 56.3743 12.0084 21.45
      vertex 56.3743 12.0084 44.05
    endloop
  endfacet
  facet normal 0.980815 -0.19494 0
    outer loop
      vertex 56.3743 12.0084 21.45
      vertex 56.2978 11.6235 44.05
      vertex 56.2978 11.6235 21.45
    endloop
  endfacet
  facet normal -0.946889 0.32156 0
    outer loop
      vertex -56.2945 37.3861 21.45
      vertex -56.1716 37.748 44.05
      vertex -56.1716 37.748 21.45
    endloop
  endfacet
  facet normal -0.946889 0.32156 0
    outer loop
      vertex -56.1716 37.748 44.05
      vertex -56.2945 37.3861 21.45
      vertex -56.2945 37.3861 44.05
    endloop
  endfacet
  facet normal 0.555523 0.831501 -0
    outer loop
      vertex 55.2263 38.9801 21.45
      vertex 54.9 39.1981 44.05
      vertex 55.2263 38.9801 44.05
    endloop
  endfacet
  facet normal 0.555523 0.831501 0
    outer loop
      vertex 54.9 39.1981 44.05
      vertex 55.2263 38.9801 21.45
      vertex 54.9 39.1981 21.45
    endloop
  endfacet
  facet normal 0.321537 -0.946897 0
    outer loop
      vertex 54.1765 9.50221 21.45
      vertex 54.548 9.62836 44.05
      vertex 54.1765 9.50221 44.05
    endloop
  endfacet
  facet normal 0.321537 -0.946897 0
    outer loop
      vertex 54.548 9.62836 44.05
      vertex 54.1765 9.50221 21.45
      vertex 54.548 9.62836 21.45
    endloop
  endfacet
  facet normal -0.831501 0.555523 0
    outer loop
      vertex -55.9981 38.1 21.45
      vertex -55.7801 38.4263 44.05
      vertex -55.7801 38.4263 21.45
    endloop
  endfacet
  facet normal -0.831501 0.555523 0
    outer loop
      vertex -55.7801 38.4263 44.05
      vertex -55.9981 38.1 21.45
      vertex -55.9981 38.1 44.05
    endloop
  endfacet
  facet normal 0.19494 0.980815 -0
    outer loop
      vertex 54.1765 39.4978 21.45
      vertex 53.7916 39.5743 44.05
      vertex 54.1765 39.4978 44.05
    endloop
  endfacet
  facet normal 0.19494 0.980815 0
    outer loop
      vertex 53.7916 39.5743 44.05
      vertex 54.1765 39.4978 21.45
      vertex 53.7916 39.5743 21.45
    endloop
  endfacet
  facet normal 0.44211 0.896961 -0
    outer loop
      vertex 54.9 39.1981 21.45
      vertex 54.548 39.3716 44.05
      vertex 54.9 39.1981 44.05
    endloop
  endfacet
  facet normal 0.44211 0.896961 0
    outer loop
      vertex 54.548 39.3716 44.05
      vertex 54.9 39.1981 21.45
      vertex 54.548 39.3716 21.45
    endloop
  endfacet
  facet normal 0.659478 -0.751724 0
    outer loop
      vertex 55.2263 10.0199 21.45
      vertex 55.5213 10.2787 44.05
      vertex 55.2263 10.0199 44.05
    endloop
  endfacet
  facet normal 0.659478 -0.751724 0
    outer loop
      vertex 55.5213 10.2787 44.05
      vertex 55.2263 10.0199 21.45
      vertex 55.5213 10.2787 21.45
    endloop
  endfacet
  facet normal -0.555523 0.831501 0
    outer loop
      vertex -54.9 39.1981 21.45
      vertex -55.2263 38.9801 44.05
      vertex -54.9 39.1981 44.05
    endloop
  endfacet
  facet normal -0.555523 0.831501 0
    outer loop
      vertex -55.2263 38.9801 44.05
      vertex -54.9 39.1981 21.45
      vertex -55.2263 38.9801 21.45
    endloop
  endfacet
  facet normal -0.751724 -0.659478 0
    outer loop
      vertex -55.5213 10.2787 21.45
      vertex -55.7801 10.5737 44.05
      vertex -55.7801 10.5737 21.45
    endloop
  endfacet
  facet normal -0.751724 -0.659478 0
    outer loop
      vertex -55.7801 10.5737 44.05
      vertex -55.5213 10.2787 21.45
      vertex -55.5213 10.2787 44.05
    endloop
  endfacet
  facet normal 0.896961 0.44211 0
    outer loop
      vertex 56.1716 37.748 44.05
      vertex 55.9981 38.1 21.45
      vertex 55.9981 38.1 44.05
    endloop
  endfacet
  facet normal 0.896961 0.44211 0
    outer loop
      vertex 55.9981 38.1 21.45
      vertex 56.1716 37.748 44.05
      vertex 56.1716 37.748 21.45
    endloop
  endfacet
  facet normal 0.946885 0.321574 0
    outer loop
      vertex 56.2978 37.3764 44.05
      vertex 56.1716 37.748 21.45
      vertex 56.1716 37.748 44.05
    endloop
  endfacet
  facet normal 0.946885 0.321574 0
    outer loop
      vertex 56.1716 37.748 21.45
      vertex 56.2978 37.3764 44.05
      vertex 56.2978 37.3764 21.45
    endloop
  endfacet
  facet normal -0.896961 0.44211 0
    outer loop
      vertex -56.1716 37.748 21.45
      vertex -55.9981 38.1 44.05
      vertex -55.9981 38.1 21.45
    endloop
  endfacet
  facet normal -0.896961 0.44211 0
    outer loop
      vertex -55.9981 38.1 44.05
      vertex -56.1716 37.748 21.45
      vertex -56.1716 37.748 44.05
    endloop
  endfacet
  facet normal -0.442212 -0.89691 0
    outer loop
      vertex -54.9 9.80191 21.45
      vertex -54.548 9.62836 44.05
      vertex -54.9 9.80191 44.05
    endloop
  endfacet
  facet normal -0.442212 -0.89691 -0
    outer loop
      vertex -54.548 9.62836 44.05
      vertex -54.9 9.80191 21.45
      vertex -54.548 9.62836 21.45
    endloop
  endfacet
  facet normal 0.555506 -0.831513 0
    outer loop
      vertex 54.9 9.80191 21.45
      vertex 55.2263 10.0199 44.05
      vertex 54.9 9.80191 44.05
    endloop
  endfacet
  facet normal 0.555506 -0.831513 0
    outer loop
      vertex 55.2263 10.0199 44.05
      vertex 54.9 9.80191 21.45
      vertex 55.2263 10.0199 21.45
    endloop
  endfacet
  facet normal -0.896911 -0.442211 0
    outer loop
      vertex -55.9981 10.9 21.45
      vertex -56.1716 11.2519 44.05
      vertex -56.1716 11.2519 21.45
    endloop
  endfacet
  facet normal -0.896911 -0.442211 0
    outer loop
      vertex -56.1716 11.2519 44.05
      vertex -55.9981 10.9 21.45
      vertex -55.9981 10.9 44.05
    endloop
  endfacet
  facet normal 0.321651 0.946858 -0
    outer loop
      vertex 54.548 39.3716 21.45
      vertex 54.1765 39.4978 44.05
      vertex 54.548 39.3716 44.05
    endloop
  endfacet
  facet normal 0.321651 0.946858 0
    outer loop
      vertex 54.1765 39.4978 44.05
      vertex 54.548 39.3716 21.45
      vertex 54.1765 39.4978 21.45
    endloop
  endfacet
  facet normal 0 0 1
    outer loop
      vertex 53.4 39.6 44.05
      vertex 56.4 36.6 44.05
      vertex 56.3743 36.9916 44.05
    endloop
  endfacet
  facet normal 0 0 1
    outer loop
      vertex 56.4 36.6 44.05
      vertex 51.43 31.63 44.05
      vertex 56.4 12.4 44.05
    endloop
  endfacet
  facet normal 0 0 1
    outer loop
      vertex 53.4 39.6 44.05
      vertex 56.3743 36.9916 44.05
      vertex 56.2978 37.3764 44.05
    endloop
  endfacet
  facet normal -0 0 1
    outer loop
      vertex 51.43 17.37 44.05
      vertex 56.4 12.4 44.05
      vertex 51.43 31.63 44.05
    endloop
  endfacet
  facet normal 0 0 1
    outer loop
      vertex 53.4 39.6 44.05
      vertex 56.2978 37.3764 44.05
      vertex 56.1716 37.748 44.05
    endloop
  endfacet
  facet normal -0 0 1
    outer loop
      vertex 51.4043 16.9784 44.05
      vertex 56.4 12.4 44.05
      vertex 51.43 17.37 44.05
    endloop
  endfacet
  facet normal 0 0 1
    outer loop
      vertex 53.4 39.6 44.05
      vertex 56.1716 37.748 44.05
      vertex 55.9981 38.1 44.05
    endloop
  endfacet
  facet normal -0 0 1
    outer loop
      vertex 51.3278 16.5935 44.05
      vertex 56.4 12.4 44.05
      vertex 51.4043 16.9784 44.05
    endloop
  endfacet
  facet normal 0 0 1
    outer loop
      vertex 53.4 39.6 44.05
      vertex 55.9981 38.1 44.05
      vertex 55.7801 38.4263 44.05
    endloop
  endfacet
  facet normal -0 0 1
    outer loop
      vertex 51.2016 16.2219 44.05
      vertex 56.4 12.4 44.05
      vertex 51.3278 16.5935 44.05
    endloop
  endfacet
  facet normal 0 0 1
    outer loop
      vertex 53.4 39.6 44.05
      vertex 55.7801 38.4263 44.05
      vertex 55.5213 38.7213 44.05
    endloop
  endfacet
  facet normal -0 0 1
    outer loop
      vertex 51.0281 15.87 44.05
      vertex 56.4 12.4 44.05
      vertex 51.2016 16.2219 44.05
    endloop
  endfacet
  facet normal 0 0 1
    outer loop
      vertex 53.4 39.6 44.05
      vertex 55.5213 38.7213 44.05
      vertex 55.2263 38.9801 44.05
    endloop
  endfacet
  facet normal -0 0 1
    outer loop
      vertex 50.8101 15.5437 44.05
      vertex 56.4 12.4 44.05
      vertex 51.0281 15.87 44.05
    endloop
  endfacet
  facet normal 0 0 1
    outer loop
      vertex 53.4 39.6 44.05
      vertex 55.2263 38.9801 44.05
      vertex 54.9 39.1981 44.05
    endloop
  endfacet
  facet normal -0 0 1
    outer loop
      vertex 50.5513 15.2487 44.05
      vertex 56.4 12.4 44.05
      vertex 50.8101 15.5437 44.05
    endloop
  endfacet
  facet normal 0 0 1
    outer loop
      vertex 53.4 39.6 44.05
      vertex 54.9 39.1981 44.05
      vertex 54.548 39.3716 44.05
    endloop
  endfacet
  facet normal 0 -0 1
    outer loop
      vertex 53.4 9.39999 44.05
      vertex 56.4 12.4 44.05
      vertex 50.5513 15.2487 44.05
    endloop
  endfacet
  facet normal 0 0 1
    outer loop
      vertex 53.4 39.6 44.05
      vertex 54.548 39.3716 44.05
      vertex 54.1765 39.4978 44.05
    endloop
  endfacet
  facet normal 0 0 1
    outer loop
      vertex 56.4 12.4 44.05
      vertex 53.4 9.39999 44.05
      vertex 56.3743 12.0084 44.05
    endloop
  endfacet
  facet normal 0 0 1
    outer loop
      vertex 53.4 39.6 44.05
      vertex 54.1765 39.4978 44.05
      vertex 53.7916 39.5743 44.05
    endloop
  endfacet
  facet normal 0 0 1
    outer loop
      vertex 56.3743 12.0084 44.05
      vertex 53.4 9.39999 44.05
      vertex 56.2978 11.6235 44.05
    endloop
  endfacet
  facet normal 0 0 1
    outer loop
      vertex 56.4 36.6 44.05
      vertex 53.4 39.6 44.05
      vertex 50.5513 33.7513 44.05
    endloop
  endfacet
  facet normal 0 0 1
    outer loop
      vertex 56.2978 11.6235 44.05
      vertex 53.4 9.39999 44.05
      vertex 56.1716 11.2519 44.05
    endloop
  endfacet
  facet normal 0 0 1
    outer loop
      vertex 56.1716 11.2519 44.05
      vertex 53.4 9.39999 44.05
      vertex 55.9981 10.9 44.05
    endloop
  endfacet
  facet normal 0 0 1
    outer loop
      vertex 56.4 36.6 44.05
      vertex 51.4043 32.0216 44.05
      vertex 51.43 31.63 44.05
    endloop
  endfacet
  facet normal 0 0 1
    outer loop
      vertex 56.4 36.6 44.05
      vertex 51.3278 32.4064 44.05
      vertex 51.4043 32.0216 44.05
    endloop
  endfacet
  facet normal 0 0 1
    outer loop
      vertex 56.4 36.6 44.05
      vertex 51.2016 32.778 44.05
      vertex 51.3278 32.4064 44.05
    endloop
  endfacet
  facet normal 0 0 1
    outer loop
      vertex 56.4 36.6 44.05
      vertex 51.0281 33.13 44.05
      vertex 51.2016 32.778 44.05
    endloop
  endfacet
  facet normal 0 0 1
    outer loop
      vertex 56.4 36.6 44.05
      vertex 50.8101 33.4563 44.05
      vertex 51.0281 33.13 44.05
    endloop
  endfacet
  facet normal 0 0 1
    outer loop
      vertex 56.4 36.6 44.05
      vertex 50.5513 33.7513 44.05
      vertex 50.8101 33.4563 44.05
    endloop
  endfacet
  facet normal 0 0 1
    outer loop
      vertex 53.4 39.6 44.05
      vertex 50.2563 34.0101 44.05
      vertex 50.5513 33.7513 44.05
    endloop
  endfacet
  facet normal 0 0 1
    outer loop
      vertex 53.4 39.6 44.05
      vertex 49.93 34.2281 44.05
      vertex 50.2563 34.0101 44.05
    endloop
  endfacet
  facet normal 0 0 1
    outer loop
      vertex 53.4 39.6 44.05
      vertex 49.578 34.4016 44.05
      vertex 49.93 34.2281 44.05
    endloop
  endfacet
  facet normal 0 0 1
    outer loop
      vertex 53.4 39.6 44.05
      vertex 49.2064 34.5278 44.05
      vertex 49.578 34.4016 44.05
    endloop
  endfacet
  facet normal 0 0 1
    outer loop
      vertex 53.4 39.6 44.05
      vertex 48.8216 34.6043 44.05
      vertex 49.2064 34.5278 44.05
    endloop
  endfacet
  facet normal 0 0 1
    outer loop
      vertex 53.4 39.6 44.05
      vertex 48.43 34.63 44.05
      vertex 48.8216 34.6043 44.05
    endloop
  endfacet
  facet normal 0 0 1
    outer loop
      vertex 53.4 39.6 44.05
      vertex -48.43 34.63 44.05
      vertex 48.43 34.63 44.05
    endloop
  endfacet
  facet normal 0 0 1
    outer loop
      vertex -51.4043 32.0216 44.05
      vertex -56.2945 37.3861 44.05
      vertex -51.43 31.63 44.05
    endloop
  endfacet
  facet normal 0 0 1
    outer loop
      vertex -51.3278 32.4064 44.05
      vertex -56.2945 37.3861 44.05
      vertex -51.4043 32.0216 44.05
    endloop
  endfacet
  facet normal 0 0 1
    outer loop
      vertex -51.2016 32.778 44.05
      vertex -56.2945 37.3861 44.05
      vertex -51.3278 32.4064 44.05
    endloop
  endfacet
  facet normal 0 0 1
    outer loop
      vertex -51.0281 33.13 44.05
      vertex -56.2945 37.3861 44.05
      vertex -51.2016 32.778 44.05
    endloop
  endfacet
  facet normal 0 0 1
    outer loop
      vertex -50.8101 33.4563 44.05
      vertex -56.2945 37.3861 44.05
      vertex -51.0281 33.13 44.05
    endloop
  endfacet
  facet normal 0 0 1
    outer loop
      vertex -50.5513 33.7513 44.05
      vertex -56.2945 37.3861 44.05
      vertex -50.8101 33.4563 44.05
    endloop
  endfacet
  facet normal -0 0 1
    outer loop
      vertex -56.2945 37.3861 44.05
      vertex -50.5513 33.7513 44.05
      vertex -53.4 39.6 44.05
    endloop
  endfacet
  facet normal 0 0 1
    outer loop
      vertex -50.2563 34.0101 44.05
      vertex -53.4 39.6 44.05
      vertex -50.5513 33.7513 44.05
    endloop
  endfacet
  facet normal 0 0 1
    outer loop
      vertex -49.93 34.2281 44.05
      vertex -53.4 39.6 44.05
      vertex -50.2563 34.0101 44.05
    endloop
  endfacet
  facet normal 0 0 1
    outer loop
      vertex -49.578 34.4016 44.05
      vertex -53.4 39.6 44.05
      vertex -49.93 34.2281 44.05
    endloop
  endfacet
  facet normal 0 0 1
    outer loop
      vertex -49.2064 34.5278 44.05
      vertex -53.4 39.6 44.05
      vertex -49.578 34.4016 44.05
    endloop
  endfacet
  facet normal 0 0 1
    outer loop
      vertex -48.8216 34.6043 44.05
      vertex -53.4 39.6 44.05
      vertex -49.2064 34.5278 44.05
    endloop
  endfacet
  facet normal 0 0 1
    outer loop
      vertex -48.43 34.63 44.05
      vertex -53.4 39.6 44.05
      vertex -48.8216 34.6043 44.05
    endloop
  endfacet
  facet normal -0 0 1
    outer loop
      vertex -53.4 39.6 44.05
      vertex -48.43 34.63 44.05
      vertex 53.4 39.6 44.05
    endloop
  endfacet
  facet normal 0 0 1
    outer loop
      vertex 55.9981 10.9 44.05
      vertex 53.4 9.39999 44.05
      vertex 55.7801 10.5737 44.05
    endloop
  endfacet
  facet normal 0 0 1
    outer loop
      vertex 55.7801 10.5737 44.05
      vertex 53.4 9.39999 44.05
      vertex 55.5213 10.2787 44.05
    endloop
  endfacet
  facet normal 0 0 1
    outer loop
      vertex 55.5213 10.2787 44.05
      vertex 53.4 9.39999 44.05
      vertex 55.2263 10.0199 44.05
    endloop
  endfacet
  facet normal 0 0 1
    outer loop
      vertex 55.2263 10.0199 44.05
      vertex 53.4 9.39999 44.05
      vertex 54.9 9.80191 44.05
    endloop
  endfacet
  facet normal 0 0 1
    outer loop
      vertex 54.9 9.80191 44.05
      vertex 53.4 9.39999 44.05
      vertex 54.548 9.62836 44.05
    endloop
  endfacet
  facet normal 0 0 1
    outer loop
      vertex 54.1765 9.50221 44.05
      vertex 53.4 9.39999 44.05
      vertex 53.7916 9.42566 44.05
    endloop
  endfacet
  facet normal 0 0 1
    outer loop
      vertex 54.548 9.62836 44.05
      vertex 53.4 9.39999 44.05
      vertex 54.1765 9.50221 44.05
    endloop
  endfacet
  facet normal -0 0 1
    outer loop
      vertex 50.2563 14.9899 44.05
      vertex 53.4 9.39999 44.05
      vertex 50.5513 15.2487 44.05
    endloop
  endfacet
  facet normal -0 0 1
    outer loop
      vertex 49.93 14.7719 44.05
      vertex 53.4 9.39999 44.05
      vertex 50.2563 14.9899 44.05
    endloop
  endfacet
  facet normal -0 0 1
    outer loop
      vertex 49.578 14.5983 44.05
      vertex 53.4 9.39999 44.05
      vertex 49.93 14.7719 44.05
    endloop
  endfacet
  facet normal -0 0 1
    outer loop
      vertex 49.2064 14.4722 44.05
      vertex 53.4 9.39999 44.05
      vertex 49.578 14.5983 44.05
    endloop
  endfacet
  facet normal -0 0 1
    outer loop
      vertex 48.8216 14.3957 44.05
      vertex 53.4 9.39999 44.05
      vertex 49.2064 14.4722 44.05
    endloop
  endfacet
  facet normal -0 0 1
    outer loop
      vertex 48.43 14.37 44.05
      vertex 53.4 9.39999 44.05
      vertex 48.8216 14.3957 44.05
    endloop
  endfacet
  facet normal -0 0 1
    outer loop
      vertex -48.43 14.37 44.05
      vertex 53.4 9.39999 44.05
      vertex 48.43 14.37 44.05
    endloop
  endfacet
  facet normal 0 0 1
    outer loop
      vertex -57.4 37.6 44.05
      vertex -51.43 31.63 44.05
      vertex -56.2945 37.3861 44.05
    endloop
  endfacet
  facet normal 0 0 1
    outer loop
      vertex -48.43 14.37 44.05
      vertex -53.4 9.39999 44.05
      vertex 53.4 9.39999 44.05
    endloop
  endfacet
  facet normal 0 0 1
    outer loop
      vertex -48.8216 14.3957 44.05
      vertex -53.4 9.39999 44.05
      vertex -48.43 14.37 44.05
    endloop
  endfacet
  facet normal 0 0 1
    outer loop
      vertex -49.2064 14.4722 44.05
      vertex -53.4 9.39999 44.05
      vertex -48.8216 14.3957 44.05
    endloop
  endfacet
  facet normal 0 0 1
    outer loop
      vertex -49.578 14.5983 44.05
      vertex -53.4 9.39999 44.05
      vertex -49.2064 14.4722 44.05
    endloop
  endfacet
  facet normal 0 0 1
    outer loop
      vertex -49.93 14.7719 44.05
      vertex -53.4 9.39999 44.05
      vertex -49.578 14.5983 44.05
    endloop
  endfacet
  facet normal 0 0 1
    outer loop
      vertex -50.2563 14.9899 44.05
      vertex -53.4 9.39999 44.05
      vertex -49.93 14.7719 44.05
    endloop
  endfacet
  facet normal 0 0 1
    outer loop
      vertex -50.5513 15.2487 44.05
      vertex -53.4 9.39999 44.05
      vertex -50.2563 14.9899 44.05
    endloop
  endfacet
  facet normal 0 0 1
    outer loop
      vertex -56.2945 11.6139 44.05
      vertex -50.5513 15.2487 44.05
      vertex -50.8101 15.5437 44.05
    endloop
  endfacet
  facet normal 0 0 1
    outer loop
      vertex -56.2945 11.6139 44.05
      vertex -50.8101 15.5437 44.05
      vertex -51.0281 15.87 44.05
    endloop
  endfacet
  facet normal 0 0 1
    outer loop
      vertex -56.2945 11.6139 44.05
      vertex -51.0281 15.87 44.05
      vertex -51.2016 16.2219 44.05
    endloop
  endfacet
  facet normal 0 0 1
    outer loop
      vertex -56.2945 11.6139 44.05
      vertex -51.2016 16.2219 44.05
      vertex -51.3278 16.5935 44.05
    endloop
  endfacet
  facet normal 0 0 1
    outer loop
      vertex -56.2945 11.6139 44.05
      vertex -51.3278 16.5935 44.05
      vertex -51.4043 16.9784 44.05
    endloop
  endfacet
  facet normal 0 0 1
    outer loop
      vertex -51.43 31.63 44.05
      vertex -66 34.6 44.05
      vertex -51.43 17.37 44.05
    endloop
  endfacet
  facet normal 0 0 1
    outer loop
      vertex -56.2945 37.3861 44.05
      vertex -53.4 39.6 44.05
      vertex -53.7916 39.5743 44.05
    endloop
  endfacet
  facet normal 0 0 1
    outer loop
      vertex -66 14.4 44.05
      vertex -51.43 17.37 44.05
      vertex -66 34.6 44.05
    endloop
  endfacet
  facet normal 0 0 1
    outer loop
      vertex -56.2945 37.3861 44.05
      vertex -53.7916 39.5743 44.05
      vertex -54.1765 39.4978 44.05
    endloop
  endfacet
  facet normal 0 0 1
    outer loop
      vertex -50.5513 15.2487 44.05
      vertex -56.2945 11.6139 44.05
      vertex -53.4 9.39999 44.05
    endloop
  endfacet
  facet normal 0 0 1
    outer loop
      vertex -56.2945 37.3861 44.05
      vertex -54.1765 39.4978 44.05
      vertex -54.548 39.3716 44.05
    endloop
  endfacet
  facet normal 0 0 1
    outer loop
      vertex -53.4 9.39999 44.05
      vertex -56.2945 11.6139 44.05
      vertex -53.7916 9.42566 44.05
    endloop
  endfacet
  facet normal 0 0 1
    outer loop
      vertex -56.2945 37.3861 44.05
      vertex -54.548 39.3716 44.05
      vertex -54.9 39.1981 44.05
    endloop
  endfacet
  facet normal 0 0 1
    outer loop
      vertex -53.7916 9.42566 44.05
      vertex -56.2945 11.6139 44.05
      vertex -54.1765 9.50221 44.05
    endloop
  endfacet
  facet normal 0 0 1
    outer loop
      vertex -56.2945 37.3861 44.05
      vertex -54.9 39.1981 44.05
      vertex -55.2263 38.9801 44.05
    endloop
  endfacet
  facet normal 0 0 1
    outer loop
      vertex -54.1765 9.50221 44.05
      vertex -56.2945 11.6139 44.05
      vertex -54.548 9.62836 44.05
    endloop
  endfacet
  facet normal 0 0 1
    outer loop
      vertex -56.2945 37.3861 44.05
      vertex -55.2263 38.9801 44.05
      vertex -55.5213 38.7213 44.05
    endloop
  endfacet
  facet normal 0 0 1
    outer loop
      vertex -54.548 9.62836 44.05
      vertex -56.2945 11.6139 44.05
      vertex -54.9 9.80191 44.05
    endloop
  endfacet
  facet normal 0 0 1
    outer loop
      vertex -56.2945 37.3861 44.05
      vertex -55.5213 38.7213 44.05
      vertex -55.7801 38.4263 44.05
    endloop
  endfacet
  facet normal 0 0 1
    outer loop
      vertex -54.9 9.80191 44.05
      vertex -56.2945 11.6139 44.05
      vertex -55.2263 10.0199 44.05
    endloop
  endfacet
  facet normal 0 0 1
    outer loop
      vertex -56.2945 37.3861 44.05
      vertex -55.7801 38.4263 44.05
      vertex -55.9981 38.1 44.05
    endloop
  endfacet
  facet normal 0 0 1
    outer loop
      vertex -55.2263 10.0199 44.05
      vertex -56.2945 11.6139 44.05
      vertex -55.5213 10.2787 44.05
    endloop
  endfacet
  facet normal 0 0 1
    outer loop
      vertex -56.2945 37.3861 44.05
      vertex -55.9981 38.1 44.05
      vertex -56.1716 37.748 44.05
    endloop
  endfacet
  facet normal 0 0 1
    outer loop
      vertex -55.5213 10.2787 44.05
      vertex -56.2945 11.6139 44.05
      vertex -55.7801 10.5737 44.05
    endloop
  endfacet
  facet normal 0 0 1
    outer loop
      vertex -55.7801 10.5737 44.05
      vertex -56.2945 11.6139 44.05
      vertex -55.9981 10.9 44.05
    endloop
  endfacet
  facet normal 0 0 1
    outer loop
      vertex -55.9981 10.9 44.05
      vertex -56.2945 11.6139 44.05
      vertex -56.1716 11.2519 44.05
    endloop
  endfacet
  facet normal 0 0 1
    outer loop
      vertex -57.4 37.6 44.05
      vertex -56.2945 37.3861 44.05
      vertex -56.6235 37.4978 44.05
    endloop
  endfacet
  facet normal 0 -0 1
    outer loop
      vertex -57.4 11.4 44.05
      vertex -51.43 17.37 44.05
      vertex -66 14.4 44.05
    endloop
  endfacet
  facet normal 0 0 1
    outer loop
      vertex -57.4 37.6 44.05
      vertex -56.6235 37.4978 44.05
      vertex -57.0084 37.5743 44.05
    endloop
  endfacet
  facet normal 0 -0 1
    outer loop
      vertex -56.2945 11.6139 44.05
      vertex -51.43 17.37 44.05
      vertex -57.4 11.4 44.05
    endloop
  endfacet
  facet normal 0 0 1
    outer loop
      vertex -51.43 31.63 44.05
      vertex -57.4 37.6 44.05
      vertex -66 34.6 44.05
    endloop
  endfacet
  facet normal 0 0 1
    outer loop
      vertex -51.43 17.37 44.05
      vertex -56.2945 11.6139 44.05
      vertex -51.4043 16.9784 44.05
    endloop
  endfacet
  facet normal 0 0 1
    outer loop
      vertex -66 34.6 44.05
      vertex -57.4 37.6 44.05
      vertex -63 37.6 44.05
    endloop
  endfacet
  facet normal 0 0 1
    outer loop
      vertex -56.2945 11.6139 44.05
      vertex -57.4 11.4 44.05
      vertex -56.6235 11.5022 44.05
    endloop
  endfacet
  facet normal 0 0 1
    outer loop
      vertex -66 34.6 44.05
      vertex -63 37.6 44.05
      vertex -63.3916 37.5743 44.05
    endloop
  endfacet
  facet normal 0 0 1
    outer loop
      vertex -56.6235 11.5022 44.05
      vertex -57.4 11.4 44.05
      vertex -57.0084 11.4257 44.05
    endloop
  endfacet
  facet normal 0 0 1
    outer loop
      vertex -66 34.6 44.05
      vertex -63.3916 37.5743 44.05
      vertex -63.7764 37.4978 44.05
    endloop
  endfacet
  facet normal 0 0 1
    outer loop
      vertex -57.4 11.4 44.05
      vertex -66 14.4 44.05
      vertex -63 11.4 44.05
    endloop
  endfacet
  facet normal 0 0 1
    outer loop
      vertex -66 34.6 44.05
      vertex -63.7764 37.4978 44.05
      vertex -64.148 37.3716 44.05
    endloop
  endfacet
  facet normal 0 0 1
    outer loop
      vertex -63 11.4 44.05
      vertex -66 14.4 44.05
      vertex -63.3916 11.4257 44.05
    endloop
  endfacet
  facet normal 0 0 1
    outer loop
      vertex -66 34.6 44.05
      vertex -64.148 37.3716 44.05
      vertex -64.5 37.1981 44.05
    endloop
  endfacet
  facet normal 0 0 1
    outer loop
      vertex -63.3916 11.4257 44.05
      vertex -66 14.4 44.05
      vertex -63.7764 11.5022 44.05
    endloop
  endfacet
  facet normal 0 0 1
    outer loop
      vertex -66 34.6 44.05
      vertex -64.5 37.1981 44.05
      vertex -64.8263 36.9801 44.05
    endloop
  endfacet
  facet normal 0 0 1
    outer loop
      vertex -63.7764 11.5022 44.05
      vertex -66 14.4 44.05
      vertex -64.148 11.6284 44.05
    endloop
  endfacet
  facet normal 0 0 1
    outer loop
      vertex -66 34.6 44.05
      vertex -64.8263 36.9801 44.05
      vertex -65.1213 36.7213 44.05
    endloop
  endfacet
  facet normal 0 0 1
    outer loop
      vertex -64.148 11.6284 44.05
      vertex -66 14.4 44.05
      vertex -64.5 11.8019 44.05
    endloop
  endfacet
  facet normal 0 0 1
    outer loop
      vertex -66 34.6 44.05
      vertex -65.1213 36.7213 44.05
      vertex -65.3801 36.4263 44.05
    endloop
  endfacet
  facet normal 0 0 1
    outer loop
      vertex -64.5 11.8019 44.05
      vertex -66 14.4 44.05
      vertex -64.8263 12.0199 44.05
    endloop
  endfacet
  facet normal 0 0 1
    outer loop
      vertex -66 34.6 44.05
      vertex -65.3801 36.4263 44.05
      vertex -65.5981 36.1 44.05
    endloop
  endfacet
  facet normal 0 0 1
    outer loop
      vertex -64.8263 12.0199 44.05
      vertex -66 14.4 44.05
      vertex -65.1213 12.2787 44.05
    endloop
  endfacet
  facet normal 0 0 1
    outer loop
      vertex -66 34.6 44.05
      vertex -65.5981 36.1 44.05
      vertex -65.7716 35.748 44.05
    endloop
  endfacet
  facet normal 0 0 1
    outer loop
      vertex -65.1213 12.2787 44.05
      vertex -66 14.4 44.05
      vertex -65.3801 12.5737 44.05
    endloop
  endfacet
  facet normal 0 0 1
    outer loop
      vertex -66 34.6 44.05
      vertex -65.7716 35.748 44.05
      vertex -65.8978 35.3764 44.05
    endloop
  endfacet
  facet normal 0 0 1
    outer loop
      vertex -65.3801 12.5737 44.05
      vertex -66 14.4 44.05
      vertex -65.5981 12.9 44.05
    endloop
  endfacet
  facet normal 0 0 1
    outer loop
      vertex -66 34.6 44.05
      vertex -65.8978 35.3764 44.05
      vertex -65.9743 34.9916 44.05
    endloop
  endfacet
  facet normal 0 0 1
    outer loop
      vertex -65.5981 12.9 44.05
      vertex -66 14.4 44.05
      vertex -65.7716 13.2519 44.05
    endloop
  endfacet
  facet normal 0 0 1
    outer loop
      vertex -65.7716 13.2519 44.05
      vertex -66 14.4 44.05
      vertex -65.8978 13.6235 44.05
    endloop
  endfacet
  facet normal 0 0 1
    outer loop
      vertex -65.8978 13.6235 44.05
      vertex -66 14.4 44.05
      vertex -65.9743 14.0084 44.05
    endloop
  endfacet
  facet normal -1 0 0
    outer loop
      vertex -54.9 6.89999 32.95
      vertex -54.9 9.39999 35.65
      vertex -54.9 9.39999 30.45
    endloop
  endfacet
  facet normal -1 -0 0
    outer loop
      vertex -54.9 9.39999 35.65
      vertex -54.9 6.89999 32.95
      vertex -54.9 6.89999 35.65
    endloop
  endfacet
  facet normal -1 0 0
    outer loop
      vertex -54.9 39.6 35.65
      vertex -54.9 42.1 32.95
      vertex -54.9 39.6 30.45
    endloop
  endfacet
  facet normal -1 0 0
    outer loop
      vertex -54.9 42.1 32.95
      vertex -54.9 39.6 35.65
      vertex -54.9 42.1 35.65
    endloop
  endfacet
  facet normal 1 0 0
    outer loop
      vertex 54.9 6.89999 32.95
      vertex 54.9 9.39999 35.65
      vertex 54.9 6.89999 35.65
    endloop
  endfacet
  facet normal 1 0 0
    outer loop
      vertex 54.9 9.39999 35.65
      vertex 54.9 6.89999 32.95
      vertex 54.9 9.39999 30.45
    endloop
  endfacet
  facet normal 1 -0 0
    outer loop
      vertex 54.9 39.6 35.65
      vertex 54.9 42.1 32.95
      vertex 54.9 42.1 35.65
    endloop
  endfacet
  facet normal 1 0 0
    outer loop
      vertex 54.9 42.1 32.95
      vertex 54.9 39.6 35.65
      vertex 54.9 39.6 30.45
    endloop
  endfacet
  facet normal -0 0 1
    outer loop
      vertex 53.4 9.39999 35.65
      vertex 54.9 6.89999 35.65
      vertex 54.9 9.39999 35.65
    endloop
  endfacet
  facet normal -0 0 1
    outer loop
      vertex -53.4 9.39999 35.65
      vertex 54.9 6.89999 35.65
      vertex 53.4 9.39999 35.65
    endloop
  endfacet
  facet normal 0 0 1
    outer loop
      vertex -54.9 6.89999 35.65
      vertex -53.4 9.39999 35.65
      vertex -54.9 9.39999 35.65
    endloop
  endfacet
  facet normal 0 0 1
    outer loop
      vertex -53.4 9.39999 35.65
      vertex -54.9 6.89999 35.65
      vertex 54.9 6.89999 35.65
    endloop
  endfacet
  facet normal 0 -1 0
    outer loop
      vertex -54.9 6.89999 32.95
      vertex 54.9 6.89999 35.65
      vertex -54.9 6.89999 35.65
    endloop
  endfacet
  facet normal 0 -1 -0
    outer loop
      vertex 54.9 6.89999 35.65
      vertex -54.9 6.89999 32.95
      vertex 54.9 6.89999 32.95
    endloop
  endfacet
  facet normal -0 -0.707107 -0.707107
    outer loop
      vertex -53.4 9.39999 30.45
      vertex -54.9 6.89999 32.95
      vertex -54.9 9.39999 30.45
    endloop
  endfacet
  facet normal 0 -0.707107 -0.707107
    outer loop
      vertex -54.9 6.89999 32.95
      vertex -53.4 9.39999 30.45
      vertex 54.9 6.89999 32.95
    endloop
  endfacet
  facet normal -0 -0.707107 -0.707107
    outer loop
      vertex 53.4 9.39999 30.45
      vertex 54.9 6.89999 32.95
      vertex -53.4 9.39999 30.45
    endloop
  endfacet
  facet normal 0 -0.707107 -0.707107
    outer loop
      vertex 54.9 6.89999 32.95
      vertex 53.4 9.39999 30.45
      vertex 54.9 9.39999 30.45
    endloop
  endfacet
  facet normal 0 1 -0
    outer loop
      vertex 54.9 42.1 32.95
      vertex -54.9 42.1 35.65
      vertex 54.9 42.1 35.65
    endloop
  endfacet
  facet normal 0 1 0
    outer loop
      vertex -54.9 42.1 35.65
      vertex 54.9 42.1 32.95
      vertex -54.9 42.1 32.95
    endloop
  endfacet
  facet normal 0 0 1
    outer loop
      vertex 54.9 42.1 35.65
      vertex 53.4 39.6 35.65
      vertex 54.9 39.6 35.65
    endloop
  endfacet
  facet normal 0 0 1
    outer loop
      vertex 54.9 42.1 35.65
      vertex -53.4 39.6 35.65
      vertex 53.4 39.6 35.65
    endloop
  endfacet
  facet normal -0 0 1
    outer loop
      vertex -54.9 42.1 35.65
      vertex -53.4 39.6 35.65
      vertex 54.9 42.1 35.65
    endloop
  endfacet
  facet normal 0 0 1
    outer loop
      vertex -53.4 39.6 35.65
      vertex -54.9 42.1 35.65
      vertex -54.9 39.6 35.65
    endloop
  endfacet
  facet normal 0 0.707107 -0.707107
    outer loop
      vertex 53.4 39.6 30.45
      vertex 54.9 42.1 32.95
      vertex 54.9 39.6 30.45
    endloop
  endfacet
  facet normal 0 0.707107 -0.707107
    outer loop
      vertex 54.9 42.1 32.95
      vertex 53.4 39.6 30.45
      vertex -54.9 42.1 32.95
    endloop
  endfacet
  facet normal 0 0.707107 -0.707107
    outer loop
      vertex -53.4 39.6 30.45
      vertex -54.9 42.1 32.95
      vertex 53.4 39.6 30.45
    endloop
  endfacet
  facet normal 0 0.707107 -0.707107
    outer loop
      vertex -54.9 42.1 32.95
      vertex -53.4 39.6 30.45
      vertex -54.9 39.6 30.45
    endloop
  endfacet
  facet normal -0.946885 -0.321574 0
    outer loop
      vertex -65.7716 13.2519 21.45
      vertex -65.8978 13.6235 44.05
      vertex -65.8978 13.6235 21.45
    endloop
  endfacet
  facet normal -0.946885 -0.321574 0
    outer loop
      vertex -65.8978 13.6235 44.05
      vertex -65.7716 13.2519 21.45
      vertex -65.7716 13.2519 44.05
    endloop
  endfacet
  facet normal -0.555523 -0.831501 0
    outer loop
      vertex -64.8263 12.0199 21.45
      vertex -64.5 11.8019 44.05
      vertex -64.8263 12.0199 44.05
    endloop
  endfacet
  facet normal -0.555523 -0.831501 -0
    outer loop
      vertex -64.5 11.8019 44.05
      vertex -64.8263 12.0199 21.45
      vertex -64.5 11.8019 21.45
    endloop
  endfacet
  facet normal 0 1 -0
    outer loop
      vertex -57.4 37.6 21.45
      vertex -63 37.6 44.05
      vertex -57.4 37.6 44.05
    endloop
  endfacet
  facet normal 0 1 0
    outer loop
      vertex -63 37.6 44.05
      vertex -57.4 37.6 21.45
      vertex -63 37.6 21.45
    endloop
  endfacet
  facet normal 0 -1 0
    outer loop
      vertex -63 11.4 21.45
      vertex -57.4 11.4 44.05
      vertex -63 11.4 44.05
    endloop
  endfacet
  facet normal 0 -1 -0
    outer loop
      vertex -57.4 11.4 44.05
      vertex -63 11.4 21.45
      vertex -57.4 11.4 21.45
    endloop
  endfacet
  facet normal -0.980806 0.194989 0
    outer loop
      vertex -65.9743 34.9916 21.45
      vertex -65.8978 35.3764 44.05
      vertex -65.8978 35.3764 21.45
    endloop
  endfacet
  facet normal -0.980806 0.194989 0
    outer loop
      vertex -65.8978 35.3764 44.05
      vertex -65.9743 34.9916 21.45
      vertex -65.9743 34.9916 44.05
    endloop
  endfacet
  facet normal -0.997853 0.0654873 0
    outer loop
      vertex -66 34.6 21.45
      vertex -65.9743 34.9916 44.05
      vertex -65.9743 34.9916 21.45
    endloop
  endfacet
  facet normal -0.997853 0.0654873 0
    outer loop
      vertex -65.9743 34.9916 44.05
      vertex -66 34.6 21.45
      vertex -66 34.6 44.05
    endloop
  endfacet
  facet normal -0.980815 -0.19494 0
    outer loop
      vertex -65.8978 13.6235 21.45
      vertex -65.9743 14.0084 44.05
      vertex -65.9743 14.0084 21.45
    endloop
  endfacet
  facet normal -0.980815 -0.19494 0
    outer loop
      vertex -65.9743 14.0084 44.05
      vertex -65.8978 13.6235 21.45
      vertex -65.8978 13.6235 44.05
    endloop
  endfacet
  facet normal -0.997853 -0.0654873 0
    outer loop
      vertex -65.9743 14.0084 21.45
      vertex -66 14.4 44.05
      vertex -66 14.4 21.45
    endloop
  endfacet
  facet normal -0.997853 -0.0654873 0
    outer loop
      vertex -66 14.4 44.05
      vertex -65.9743 14.0084 21.45
      vertex -65.9743 14.0084 44.05
    endloop
  endfacet
  facet normal 0.0654873 0.997853 -0
    outer loop
      vertex -57.0084 37.5743 21.45
      vertex -57.4 37.6 44.05
      vertex -57.0084 37.5743 44.05
    endloop
  endfacet
  facet normal 0.0654873 0.997853 0
    outer loop
      vertex -57.4 37.6 44.05
      vertex -57.0084 37.5743 21.45
      vertex -57.4 37.6 21.45
    endloop
  endfacet
  facet normal -0.946885 0.321574 0
    outer loop
      vertex -65.8978 35.3764 21.45
      vertex -65.7716 35.748 44.05
      vertex -65.7716 35.748 21.45
    endloop
  endfacet
  facet normal -0.946885 0.321574 0
    outer loop
      vertex -65.7716 35.748 44.05
      vertex -65.8978 35.3764 21.45
      vertex -65.8978 35.3764 44.05
    endloop
  endfacet
  facet normal -1 0 0
    outer loop
      vertex -66 14.4 21.45
      vertex -66 34.6 44.05
      vertex -66 34.6 21.45
    endloop
  endfacet
  facet normal -1 -0 0
    outer loop
      vertex -66 34.6 44.05
      vertex -66 14.4 21.45
      vertex -66 14.4 44.05
    endloop
  endfacet
  facet normal -0.751724 0.659478 0
    outer loop
      vertex -65.3801 36.4263 21.45
      vertex -65.1213 36.7213 44.05
      vertex -65.1213 36.7213 21.45
    endloop
  endfacet
  facet normal -0.751724 0.659478 0
    outer loop
      vertex -65.1213 36.7213 44.05
      vertex -65.3801 36.4263 21.45
      vertex -65.3801 36.4263 44.05
    endloop
  endfacet
  facet normal -0.321574 -0.946885 0
    outer loop
      vertex -64.148 11.6284 21.45
      vertex -63.7764 11.5022 44.05
      vertex -64.148 11.6284 44.05
    endloop
  endfacet
  facet normal -0.321574 -0.946885 -0
    outer loop
      vertex -63.7764 11.5022 44.05
      vertex -64.148 11.6284 21.45
      vertex -63.7764 11.5022 21.45
    endloop
  endfacet
  facet normal -0.555523 0.831501 0
    outer loop
      vertex -64.5 37.1981 21.45
      vertex -64.8263 36.9801 44.05
      vertex -64.5 37.1981 44.05
    endloop
  endfacet
  facet normal -0.555523 0.831501 0
    outer loop
      vertex -64.8263 36.9801 44.05
      vertex -64.5 37.1981 21.45
      vertex -64.8263 36.9801 21.45
    endloop
  endfacet
  facet normal -0.44211 -0.896961 0
    outer loop
      vertex -64.5 11.8019 21.45
      vertex -64.148 11.6284 44.05
      vertex -64.5 11.8019 44.05
    endloop
  endfacet
  facet normal -0.44211 -0.896961 -0
    outer loop
      vertex -64.148 11.6284 44.05
      vertex -64.5 11.8019 21.45
      vertex -64.148 11.6284 21.45
    endloop
  endfacet
  facet normal -0.44211 0.896961 0
    outer loop
      vertex -64.148 37.3716 21.45
      vertex -64.5 37.1981 44.05
      vertex -64.148 37.3716 44.05
    endloop
  endfacet
  facet normal -0.44211 0.896961 0
    outer loop
      vertex -64.5 37.1981 44.05
      vertex -64.148 37.3716 21.45
      vertex -64.5 37.1981 21.45
    endloop
  endfacet
  facet normal -0.0654873 0.997853 0
    outer loop
      vertex -63 37.6 21.45
      vertex -63.3916 37.5743 44.05
      vertex -63 37.6 44.05
    endloop
  endfacet
  facet normal -0.0654873 0.997853 0
    outer loop
      vertex -63.3916 37.5743 44.05
      vertex -63 37.6 21.45
      vertex -63.3916 37.5743 21.45
    endloop
  endfacet
  facet normal -0.321574 0.946885 0
    outer loop
      vertex -63.7764 37.4978 21.45
      vertex -64.148 37.3716 44.05
      vertex -63.7764 37.4978 44.05
    endloop
  endfacet
  facet normal -0.321574 0.946885 0
    outer loop
      vertex -64.148 37.3716 44.05
      vertex -63.7764 37.4978 21.45
      vertex -64.148 37.3716 21.45
    endloop
  endfacet
  facet normal 0.0654873 -0.997853 0
    outer loop
      vertex -57.4 11.4 21.45
      vertex -57.0084 11.4257 44.05
      vertex -57.4 11.4 44.05
    endloop
  endfacet
  facet normal 0.0654873 -0.997853 0
    outer loop
      vertex -57.0084 11.4257 44.05
      vertex -57.4 11.4 21.45
      vertex -57.0084 11.4257 21.45
    endloop
  endfacet
  facet normal -0.896961 0.44211 0
    outer loop
      vertex -65.7716 35.748 21.45
      vertex -65.5981 36.1 44.05
      vertex -65.5981 36.1 21.45
    endloop
  endfacet
  facet normal -0.896961 0.44211 0
    outer loop
      vertex -65.5981 36.1 44.05
      vertex -65.7716 35.748 21.45
      vertex -65.7716 35.748 44.05
    endloop
  endfacet
  facet normal 0.32149 0.946913 -0
    outer loop
      vertex -56.2945 37.3861 21.45
      vertex -56.6235 37.4978 44.05
      vertex -56.2945 37.3861 44.05
    endloop
  endfacet
  facet normal 0.32149 0.946913 0
    outer loop
      vertex -56.6235 37.4978 44.05
      vertex -56.2945 37.3861 21.45
      vertex -56.6235 37.4978 21.45
    endloop
  endfacet
  facet normal -0.194989 0.980806 0
    outer loop
      vertex -63.3916 37.5743 21.45
      vertex -63.7764 37.4978 44.05
      vertex -63.3916 37.5743 44.05
    endloop
  endfacet
  facet normal -0.194989 0.980806 0
    outer loop
      vertex -63.7764 37.4978 44.05
      vertex -63.3916 37.5743 21.45
      vertex -63.7764 37.4978 21.45
    endloop
  endfacet
  facet normal 0.19494 0.980815 -0
    outer loop
      vertex -56.6235 37.4978 21.45
      vertex -57.0084 37.5743 44.05
      vertex -56.6235 37.4978 44.05
    endloop
  endfacet
  facet normal 0.19494 0.980815 0
    outer loop
      vertex -57.0084 37.5743 44.05
      vertex -56.6235 37.4978 21.45
      vertex -57.0084 37.5743 21.45
    endloop
  endfacet
  facet normal -0.659478 0.751724 0
    outer loop
      vertex -64.8263 36.9801 21.45
      vertex -65.1213 36.7213 44.05
      vertex -64.8263 36.9801 44.05
    endloop
  endfacet
  facet normal -0.659478 0.751724 0
    outer loop
      vertex -65.1213 36.7213 44.05
      vertex -64.8263 36.9801 21.45
      vertex -65.1213 36.7213 21.45
    endloop
  endfacet
  facet normal -0.751724 -0.659478 0
    outer loop
      vertex -65.1213 12.2787 21.45
      vertex -65.3801 12.5737 44.05
      vertex -65.3801 12.5737 21.45
    endloop
  endfacet
  facet normal -0.751724 -0.659478 0
    outer loop
      vertex -65.3801 12.5737 44.05
      vertex -65.1213 12.2787 21.45
      vertex -65.1213 12.2787 44.05
    endloop
  endfacet
  facet normal -0.659478 -0.751724 0
    outer loop
      vertex -65.1213 12.2787 21.45
      vertex -64.8263 12.0199 44.05
      vertex -65.1213 12.2787 44.05
    endloop
  endfacet
  facet normal -0.659478 -0.751724 -0
    outer loop
      vertex -64.8263 12.0199 44.05
      vertex -65.1213 12.2787 21.45
      vertex -64.8263 12.0199 21.45
    endloop
  endfacet
  facet normal 0.19494 -0.980815 0
    outer loop
      vertex -57.0084 11.4257 21.45
      vertex -56.6235 11.5022 44.05
      vertex -57.0084 11.4257 44.05
    endloop
  endfacet
  facet normal 0.19494 -0.980815 0
    outer loop
      vertex -56.6235 11.5022 44.05
      vertex -57.0084 11.4257 21.45
      vertex -56.6235 11.5022 21.45
    endloop
  endfacet
  facet normal -0.831501 0.555523 0
    outer loop
      vertex -65.5981 36.1 21.45
      vertex -65.3801 36.4263 44.05
      vertex -65.3801 36.4263 21.45
    endloop
  endfacet
  facet normal -0.831501 0.555523 0
    outer loop
      vertex -65.3801 36.4263 44.05
      vertex -65.5981 36.1 21.45
      vertex -65.5981 36.1 44.05
    endloop
  endfacet
  facet normal -0.0654873 -0.997853 0
    outer loop
      vertex -63.3916 11.4257 21.45
      vertex -63 11.4 44.05
      vertex -63.3916 11.4257 44.05
    endloop
  endfacet
  facet normal -0.0654873 -0.997853 -0
    outer loop
      vertex -63 11.4 44.05
      vertex -63.3916 11.4257 21.45
      vertex -63 11.4 21.45
    endloop
  endfacet
  facet normal 0.32149 -0.946913 0
    outer loop
      vertex -56.6235 11.5022 21.45
      vertex -56.2945 11.6139 44.05
      vertex -56.6235 11.5022 44.05
    endloop
  endfacet
  facet normal 0.32149 -0.946913 0
    outer loop
      vertex -56.2945 11.6139 44.05
      vertex -56.6235 11.5022 21.45
      vertex -56.2945 11.6139 21.45
    endloop
  endfacet
  facet normal -0.194989 -0.980806 0
    outer loop
      vertex -63.7764 11.5022 21.45
      vertex -63.3916 11.4257 44.05
      vertex -63.7764 11.5022 44.05
    endloop
  endfacet
  facet normal -0.194989 -0.980806 -0
    outer loop
      vertex -63.3916 11.4257 44.05
      vertex -63.7764 11.5022 21.45
      vertex -63.3916 11.4257 21.45
    endloop
  endfacet
  facet normal -0.896911 -0.442211 0
    outer loop
      vertex -65.5981 12.9 21.45
      vertex -65.7716 13.2519 44.05
      vertex -65.7716 13.2519 21.45
    endloop
  endfacet
  facet normal -0.896911 -0.442211 0
    outer loop
      vertex -65.7716 13.2519 44.05
      vertex -65.5981 12.9 21.45
      vertex -65.5981 12.9 44.05
    endloop
  endfacet
  facet normal -0.831501 -0.555523 0
    outer loop
      vertex -65.3801 12.5737 21.45
      vertex -65.5981 12.9 44.05
      vertex -65.5981 12.9 21.45
    endloop
  endfacet
  facet normal -0.831501 -0.555523 0
    outer loop
      vertex -65.5981 12.9 44.05
      vertex -65.3801 12.5737 21.45
      vertex -65.3801 12.5737 44.05
    endloop
  endfacet
  facet normal -0.410431 0.83221 -0.372792
    outer loop
      vertex 51.948 12.2283 36.15
      vertex 49.93 14.7719 44.05
      vertex 52.3 12.4019 36.15
    endloop
  endfacet
  facet normal -0.410431 0.83221 -0.372792
    outer loop
      vertex 49.93 14.7719 44.05
      vertex 51.948 12.2283 36.15
      vertex 49.578 14.5983 44.05
    endloop
  endfacet
  facet normal 0.555523 0.831501 -0
    outer loop
      vertex -52.3 12.4019 24.05
      vertex -52.6263 12.6199 36.15
      vertex -52.3 12.4019 36.15
    endloop
  endfacet
  facet normal 0.555523 0.831501 0
    outer loop
      vertex -52.6263 12.6199 36.15
      vertex -52.3 12.4019 24.05
      vertex -52.6263 12.6199 24.05
    endloop
  endfacet
  facet normal 0.194989 0.980806 -0
    outer loop
      vertex -51.1916 12.0257 24.05
      vertex -51.5764 12.1022 36.15
      vertex -51.1916 12.0257 36.15
    endloop
  endfacet
  facet normal 0.194989 0.980806 0
    outer loop
      vertex -51.5764 12.1022 36.15
      vertex -51.1916 12.0257 24.05
      vertex -51.5764 12.1022 24.05
    endloop
  endfacet
  facet normal -0.194989 0.980806 0
    outer loop
      vertex 51.5764 12.1022 24.05
      vertex 51.1916 12.0257 36.15
      vertex 51.5764 12.1022 36.15
    endloop
  endfacet
  facet normal -0.194989 0.980806 0
    outer loop
      vertex 51.1916 12.0257 36.15
      vertex 51.5764 12.1022 24.05
      vertex 51.1916 12.0257 24.05
    endloop
  endfacet
  facet normal 0.832312 -0.410245 -0.372767
    outer loop
      vertex -51.0281 33.13 44.05
      vertex -53.5716 35.148 36.15
      vertex -53.3981 35.5 36.15
    endloop
  endfacet
  facet normal 0.832312 -0.410245 -0.372767
    outer loop
      vertex -53.5716 35.148 36.15
      vertex -51.0281 33.13 44.05
      vertex -51.2016 32.778 44.05
    endloop
  endfacet
  facet normal 0.767692 0.512892 -0.384175
    outer loop
      vertex -50.8101 15.5437 44.05
      vertex -53.3981 13.5 36.15
      vertex -51.0281 15.87 44.05
    endloop
  endfacet
  facet normal 0.767692 0.512892 -0.384175
    outer loop
      vertex -53.3981 13.5 36.15
      vertex -50.8101 15.5437 44.05
      vertex -53.1801 13.1737 36.15
    endloop
  endfacet
  facet normal 0.300548 -0.884974 -0.355657
    outer loop
      vertex -51.5764 36.8978 36.15
      vertex -49.578 34.4016 44.05
      vertex -51.948 36.7716 36.15
    endloop
  endfacet
  facet normal 0.300548 -0.884974 -0.355657
    outer loop
      vertex -49.578 34.4016 44.05
      vertex -51.5764 36.8978 36.15
      vertex -49.2064 34.5278 44.05
    endloop
  endfacet
  facet normal 0.512892 -0.767692 -0.384175
    outer loop
      vertex -52.3 36.5981 36.15
      vertex -50.2563 34.0101 44.05
      vertex -52.6263 36.3801 36.15
    endloop
  endfacet
  facet normal 0.512892 -0.767692 -0.384175
    outer loop
      vertex -50.2563 34.0101 44.05
      vertex -52.3 36.5981 36.15
      vertex -49.93 34.2281 44.05
    endloop
  endfacet
  facet normal -0.0623897 -0.950655 -0.303913
    outer loop
      vertex 50.8 37 36.15
      vertex 48.8216 34.6043 44.05
      vertex 48.43 34.63 44.05
    endloop
  endfacet
  facet normal -0.0623897 -0.950655 -0.303913
    outer loop
      vertex 48.8216 34.6043 44.05
      vertex 50.8 37 36.15
      vertex 51.1916 36.9743 36.15
    endloop
  endfacet
  facet normal 0.300339 0.88506 -0.35562
    outer loop
      vertex -51.5764 12.1022 36.15
      vertex -49.578 14.5983 44.05
      vertex -49.2064 14.4722 44.05
    endloop
  endfacet
  facet normal 0.300339 0.88506 -0.35562
    outer loop
      vertex -49.578 14.5983 44.05
      vertex -51.5764 12.1022 36.15
      vertex -51.948 12.2283 36.15
    endloop
  endfacet
  facet normal 0 -0.957826 -0.287348
    outer loop
      vertex -50.8 37 36.15
      vertex 48.43 34.63 44.05
      vertex -48.43 34.63 44.05
    endloop
  endfacet
  facet normal 0 -0.957826 -0.287348
    outer loop
      vertex 48.43 34.63 44.05
      vertex -50.8 37 36.15
      vertex 50.8 37 36.15
    endloop
  endfacet
  facet normal 0.884974 -0.300548 -0.355657
    outer loop
      vertex -51.2016 32.778 44.05
      vertex -53.6978 34.7764 36.15
      vertex -53.5716 35.148 36.15
    endloop
  endfacet
  facet normal 0.884974 -0.300548 -0.355657
    outer loop
      vertex -53.6978 34.7764 36.15
      vertex -51.2016 32.778 44.05
      vertex -51.3278 32.4064 44.05
    endloop
  endfacet
  facet normal -0.957826 0 -0.287348
    outer loop
      vertex 53.8 34 36.15
      vertex 51.43 17.37 44.05
      vertex 51.43 31.63 44.05
    endloop
  endfacet
  facet normal -0.957826 0 -0.287348
    outer loop
      vertex 51.43 17.37 44.05
      vertex 53.8 34 36.15
      vertex 53.8 15 36.15
    endloop
  endfacet
  facet normal -1 0 0
    outer loop
      vertex 53.8 15 24.05
      vertex 53.8 34 36.15
      vertex 53.8 34 24.05
    endloop
  endfacet
  facet normal -1 -0 0
    outer loop
      vertex 53.8 34 36.15
      vertex 53.8 15 24.05
      vertex 53.8 15 36.15
    endloop
  endfacet
  facet normal 0.946885 0.321574 0
    outer loop
      vertex -53.5716 13.8519 36.15
      vertex -53.6978 14.2235 24.05
      vertex -53.6978 14.2235 36.15
    endloop
  endfacet
  facet normal 0.946885 0.321574 0
    outer loop
      vertex -53.6978 14.2235 24.05
      vertex -53.5716 13.8519 36.15
      vertex -53.5716 13.8519 24.05
    endloop
  endfacet
  facet normal 0.997853 0.0654873 0
    outer loop
      vertex -53.7743 14.6084 36.15
      vertex -53.8 15 24.05
      vertex -53.8 15 36.15
    endloop
  endfacet
  facet normal 0.997853 0.0654873 0
    outer loop
      vertex -53.8 15 24.05
      vertex -53.7743 14.6084 36.15
      vertex -53.7743 14.6084 24.05
    endloop
  endfacet
  facet normal 1 -0 0
    outer loop
      vertex -53.8 15 36.15
      vertex -53.8 34 24.05
      vertex -53.8 34 36.15
    endloop
  endfacet
  facet normal 1 0 0
    outer loop
      vertex -53.8 34 24.05
      vertex -53.8 15 36.15
      vertex -53.8 15 24.05
    endloop
  endfacet
  facet normal 0 1 -0
    outer loop
      vertex 50.8 12 24.05
      vertex -50.8 12 36.15
      vertex 50.8 12 36.15
    endloop
  endfacet
  facet normal 0 1 0
    outer loop
      vertex -50.8 12 36.15
      vertex 50.8 12 24.05
      vertex -50.8 12 24.05
    endloop
  endfacet
  facet normal 0.692242 -0.607296 -0.389862
    outer loop
      vertex -50.5513 33.7513 44.05
      vertex -53.1801 35.8263 36.15
      vertex -52.9213 36.1213 36.15
    endloop
  endfacet
  facet normal 0.692242 -0.607296 -0.389862
    outer loop
      vertex -53.1801 35.8263 36.15
      vertex -50.5513 33.7513 44.05
      vertex -50.8101 33.4563 44.05
    endloop
  endfacet
  facet normal 0.512892 0.767692 -0.384175
    outer loop
      vertex -52.3 12.4019 36.15
      vertex -50.2563 14.9899 44.05
      vertex -49.93 14.7719 44.05
    endloop
  endfacet
  facet normal 0.512892 0.767692 -0.384175
    outer loop
      vertex -50.2563 14.9899 44.05
      vertex -52.3 12.4019 36.15
      vertex -52.6263 12.6199 36.15
    endloop
  endfacet
  facet normal -0.0654873 0.997853 0
    outer loop
      vertex 51.1916 12.0257 24.05
      vertex 50.8 12 36.15
      vertex 51.1916 12.0257 36.15
    endloop
  endfacet
  facet normal -0.0654873 0.997853 0
    outer loop
      vertex 50.8 12 36.15
      vertex 51.1916 12.0257 24.05
      vertex 50.8 12 24.05
    endloop
  endfacet
  facet normal 0.194989 -0.980806 0
    outer loop
      vertex -51.5764 36.8978 24.05
      vertex -51.1916 36.9743 36.15
      vertex -51.5764 36.8978 36.15
    endloop
  endfacet
  facet normal 0.194989 -0.980806 0
    outer loop
      vertex -51.1916 36.9743 36.15
      vertex -51.5764 36.8978 24.05
      vertex -51.1916 36.9743 24.05
    endloop
  endfacet
  facet normal -0.183884 -0.924949 -0.33265
    outer loop
      vertex 51.1916 36.9743 36.15
      vertex 49.2064 34.5278 44.05
      vertex 48.8216 34.6043 44.05
    endloop
  endfacet
  facet normal -0.183884 -0.924949 -0.33265
    outer loop
      vertex 49.2064 34.5278 44.05
      vertex 51.1916 36.9743 36.15
      vertex 51.5764 36.8978 36.15
    endloop
  endfacet
  facet normal 0.0654873 0.997853 -0
    outer loop
      vertex -50.8 12 24.05
      vertex -51.1916 12.0257 36.15
      vertex -50.8 12 36.15
    endloop
  endfacet
  facet normal 0.0654873 0.997853 0
    outer loop
      vertex -51.1916 12.0257 36.15
      vertex -50.8 12 24.05
      vertex -51.1916 12.0257 24.05
    endloop
  endfacet
  facet normal -0.0623897 0.950655 -0.303913
    outer loop
      vertex 50.8 12 36.15
      vertex 48.8216 14.3957 44.05
      vertex 51.1916 12.0257 36.15
    endloop
  endfacet
  facet normal -0.0623897 0.950655 -0.303913
    outer loop
      vertex 48.8216 14.3957 44.05
      vertex 50.8 12 36.15
      vertex 48.43 14.37 44.05
    endloop
  endfacet
  facet normal 0 -1 0
    outer loop
      vertex -50.8 37 24.05
      vertex 50.8 37 36.15
      vertex -50.8 37 36.15
    endloop
  endfacet
  facet normal 0 -1 -0
    outer loop
      vertex 50.8 37 36.15
      vertex -50.8 37 24.05
      vertex 50.8 37 24.05
    endloop
  endfacet
  facet normal 0 0.957826 -0.287348
    outer loop
      vertex 50.8 12 36.15
      vertex -48.43 14.37 44.05
      vertex 48.43 14.37 44.05
    endloop
  endfacet
  facet normal 0 0.957826 -0.287348
    outer loop
      vertex -48.43 14.37 44.05
      vertex 50.8 12 36.15
      vertex -50.8 12 36.15
    endloop
  endfacet
  facet normal 0.692242 0.607296 -0.389862
    outer loop
      vertex -50.5513 15.2487 44.05
      vertex -53.1801 13.1737 36.15
      vertex -50.8101 15.5437 44.05
    endloop
  endfacet
  facet normal 0.692242 0.607296 -0.389862
    outer loop
      vertex -53.1801 13.1737 36.15
      vertex -50.5513 15.2487 44.05
      vertex -52.9213 12.8787 36.15
    endloop
  endfacet
  facet normal 0.751724 0.659478 0
    outer loop
      vertex -52.9213 12.8787 36.15
      vertex -53.1801 13.1737 24.05
      vertex -53.1801 13.1737 36.15
    endloop
  endfacet
  facet normal 0.751724 0.659478 0
    outer loop
      vertex -53.1801 13.1737 24.05
      vertex -52.9213 12.8787 36.15
      vertex -52.9213 12.8787 24.05
    endloop
  endfacet
  facet normal 0.997853 -0.0654873 0
    outer loop
      vertex -53.8 34 36.15
      vertex -53.7743 34.3916 24.05
      vertex -53.7743 34.3916 36.15
    endloop
  endfacet
  facet normal 0.997853 -0.0654873 0
    outer loop
      vertex -53.7743 34.3916 24.05
      vertex -53.8 34 36.15
      vertex -53.8 34 24.05
    endloop
  endfacet
  facet normal 0.957826 0 -0.287348
    outer loop
      vertex -51.43 17.37 44.05
      vertex -53.8 34 36.15
      vertex -51.43 31.63 44.05
    endloop
  endfacet
  facet normal 0.957826 0 -0.287348
    outer loop
      vertex -53.8 34 36.15
      vertex -51.43 17.37 44.05
      vertex -53.8 15 36.15
    endloop
  endfacet
  facet normal -0.884974 0.300548 -0.355657
    outer loop
      vertex 53.6978 14.2235 36.15
      vertex 51.2016 16.2219 44.05
      vertex 51.3278 16.5935 44.05
    endloop
  endfacet
  facet normal -0.884974 0.300548 -0.355657
    outer loop
      vertex 51.2016 16.2219 44.05
      vertex 53.6978 14.2235 36.15
      vertex 53.5716 13.8519 36.15
    endloop
  endfacet
  facet normal 0.896911 0.442211 0
    outer loop
      vertex -53.3981 13.5 36.15
      vertex -53.5716 13.8519 24.05
      vertex -53.5716 13.8519 36.15
    endloop
  endfacet
  facet normal 0.896911 0.442211 0
    outer loop
      vertex -53.5716 13.8519 24.05
      vertex -53.3981 13.5 36.15
      vertex -53.3981 13.5 24.05
    endloop
  endfacet
  facet normal -0.950655 0.0623897 -0.303913
    outer loop
      vertex 53.8 15 36.15
      vertex 51.4043 16.9784 44.05
      vertex 51.43 17.37 44.05
    endloop
  endfacet
  facet normal -0.950655 0.0623897 -0.303913
    outer loop
      vertex 51.4043 16.9784 44.05
      vertex 53.8 15 36.15
      vertex 53.7743 14.6084 36.15
    endloop
  endfacet
  facet normal 0.924949 -0.183884 -0.33265
    outer loop
      vertex -51.3278 32.4064 44.05
      vertex -53.7743 34.3916 36.15
      vertex -53.6978 34.7764 36.15
    endloop
  endfacet
  facet normal 0.924949 -0.183884 -0.33265
    outer loop
      vertex -53.7743 34.3916 36.15
      vertex -51.3278 32.4064 44.05
      vertex -51.4043 32.0216 44.05
    endloop
  endfacet
  facet normal -0.980806 -0.194989 0
    outer loop
      vertex 53.7743 34.3916 24.05
      vertex 53.6978 34.7764 36.15
      vertex 53.6978 34.7764 24.05
    endloop
  endfacet
  facet normal -0.980806 -0.194989 0
    outer loop
      vertex 53.6978 34.7764 36.15
      vertex 53.7743 34.3916 24.05
      vertex 53.7743 34.3916 36.15
    endloop
  endfacet
  facet normal -0.896961 -0.44211 0
    outer loop
      vertex 53.5716 35.148 24.05
      vertex 53.3981 35.5 36.15
      vertex 53.3981 35.5 24.05
    endloop
  endfacet
  facet normal -0.896961 -0.44211 0
    outer loop
      vertex 53.3981 35.5 36.15
      vertex 53.5716 35.148 24.05
      vertex 53.5716 35.148 36.15
    endloop
  endfacet
  facet normal -0.832312 -0.410245 -0.372767
    outer loop
      vertex 53.5716 35.148 36.15
      vertex 51.0281 33.13 44.05
      vertex 53.3981 35.5 36.15
    endloop
  endfacet
  facet normal -0.832312 -0.410245 -0.372767
    outer loop
      vertex 51.0281 33.13 44.05
      vertex 53.5716 35.148 36.15
      vertex 51.2016 32.778 44.05
    endloop
  endfacet
  facet normal -0.44211 -0.896961 0
    outer loop
      vertex 51.948 36.7716 24.05
      vertex 52.3 36.5981 36.15
      vertex 51.948 36.7716 36.15
    endloop
  endfacet
  facet normal -0.44211 -0.896961 -0
    outer loop
      vertex 52.3 36.5981 36.15
      vertex 51.948 36.7716 24.05
      vertex 52.3 36.5981 24.05
    endloop
  endfacet
  facet normal -0.555523 0.831501 0
    outer loop
      vertex 52.6263 12.6199 24.05
      vertex 52.3 12.4019 36.15
      vertex 52.6263 12.6199 36.15
    endloop
  endfacet
  facet normal -0.555523 0.831501 0
    outer loop
      vertex 52.3 12.4019 36.15
      vertex 52.6263 12.6199 24.05
      vertex 52.3 12.4019 24.05
    endloop
  endfacet
  facet normal -0.950655 -0.0623897 -0.303913
    outer loop
      vertex 53.8 34 36.15
      vertex 51.4043 32.0216 44.05
      vertex 53.7743 34.3916 36.15
    endloop
  endfacet
  facet normal -0.950655 -0.0623897 -0.303913
    outer loop
      vertex 51.4043 32.0216 44.05
      vertex 53.8 34 36.15
      vertex 51.43 31.63 44.05
    endloop
  endfacet
  facet normal -0.512892 -0.767692 -0.384175
    outer loop
      vertex 52.3 36.5981 36.15
      vertex 50.2563 34.0101 44.05
      vertex 49.93 34.2281 44.05
    endloop
  endfacet
  facet normal -0.512892 -0.767692 -0.384175
    outer loop
      vertex 50.2563 34.0101 44.05
      vertex 52.3 36.5981 36.15
      vertex 52.6263 36.3801 36.15
    endloop
  endfacet
  facet normal 0.751724 -0.659478 0
    outer loop
      vertex -53.1801 35.8263 36.15
      vertex -52.9213 36.1213 24.05
      vertex -52.9213 36.1213 36.15
    endloop
  endfacet
  facet normal 0.751724 -0.659478 0
    outer loop
      vertex -52.9213 36.1213 24.05
      vertex -53.1801 35.8263 36.15
      vertex -53.1801 35.8263 24.05
    endloop
  endfacet
  facet normal -0.659478 -0.751724 0
    outer loop
      vertex 52.6263 36.3801 24.05
      vertex 52.9213 36.1213 36.15
      vertex 52.6263 36.3801 36.15
    endloop
  endfacet
  facet normal -0.659478 -0.751724 -0
    outer loop
      vertex 52.9213 36.1213 36.15
      vertex 52.6263 36.3801 24.05
      vertex 52.9213 36.1213 24.05
    endloop
  endfacet
  facet normal 0.44211 -0.896961 0
    outer loop
      vertex -52.3 36.5981 24.05
      vertex -51.948 36.7716 36.15
      vertex -52.3 36.5981 36.15
    endloop
  endfacet
  facet normal 0.44211 -0.896961 0
    outer loop
      vertex -51.948 36.7716 36.15
      vertex -52.3 36.5981 24.05
      vertex -51.948 36.7716 24.05
    endloop
  endfacet
  facet normal -0.555523 -0.831501 0
    outer loop
      vertex 52.3 36.5981 24.05
      vertex 52.6263 36.3801 36.15
      vertex 52.3 36.5981 36.15
    endloop
  endfacet
  facet normal -0.555523 -0.831501 -0
    outer loop
      vertex 52.6263 36.3801 36.15
      vertex 52.3 36.5981 24.05
      vertex 52.6263 36.3801 24.05
    endloop
  endfacet
  facet normal -0.321345 0.946962 0
    outer loop
      vertex 51.948 12.2283 24.05
      vertex 51.5764 12.1022 36.15
      vertex 51.948 12.2283 36.15
    endloop
  endfacet
  facet normal -0.321345 0.946962 0
    outer loop
      vertex 51.5764 12.1022 36.15
      vertex 51.948 12.2283 24.05
      vertex 51.5764 12.1022 24.05
    endloop
  endfacet
  facet normal -0.767692 0.512892 -0.384175
    outer loop
      vertex 53.3981 13.5 36.15
      vertex 50.8101 15.5437 44.05
      vertex 51.0281 15.87 44.05
    endloop
  endfacet
  facet normal -0.767692 0.512892 -0.384175
    outer loop
      vertex 50.8101 15.5437 44.05
      vertex 53.3981 13.5 36.15
      vertex 53.1801 13.1737 36.15
    endloop
  endfacet
  facet normal 0.183884 0.924949 -0.33265
    outer loop
      vertex -51.1916 12.0257 36.15
      vertex -49.2064 14.4722 44.05
      vertex -48.8216 14.3957 44.05
    endloop
  endfacet
  facet normal 0.183884 0.924949 -0.33265
    outer loop
      vertex -49.2064 14.4722 44.05
      vertex -51.1916 12.0257 36.15
      vertex -51.5764 12.1022 36.15
    endloop
  endfacet
  facet normal 0.884974 0.300548 -0.355657
    outer loop
      vertex -51.2016 16.2219 44.05
      vertex -53.6978 14.2235 36.15
      vertex -51.3278 16.5935 44.05
    endloop
  endfacet
  facet normal 0.884974 0.300548 -0.355657
    outer loop
      vertex -53.6978 14.2235 36.15
      vertex -51.2016 16.2219 44.05
      vertex -53.5716 13.8519 36.15
    endloop
  endfacet
  facet normal -0.300339 0.88506 -0.35562
    outer loop
      vertex 51.5764 12.1022 36.15
      vertex 49.578 14.5983 44.05
      vertex 51.948 12.2283 36.15
    endloop
  endfacet
  facet normal -0.300339 0.88506 -0.35562
    outer loop
      vertex 49.578 14.5983 44.05
      vertex 51.5764 12.1022 36.15
      vertex 49.2064 14.4722 44.05
    endloop
  endfacet
  facet normal 0.321574 -0.946885 0
    outer loop
      vertex -51.948 36.7716 24.05
      vertex -51.5764 36.8978 36.15
      vertex -51.948 36.7716 36.15
    endloop
  endfacet
  facet normal 0.321574 -0.946885 0
    outer loop
      vertex -51.5764 36.8978 36.15
      vertex -51.948 36.7716 24.05
      vertex -51.5764 36.8978 24.05
    endloop
  endfacet
  facet normal 0.410431 0.83221 -0.372792
    outer loop
      vertex -51.948 12.2283 36.15
      vertex -49.93 14.7719 44.05
      vertex -49.578 14.5983 44.05
    endloop
  endfacet
  facet normal 0.410431 0.83221 -0.372792
    outer loop
      vertex -49.93 14.7719 44.05
      vertex -51.948 12.2283 36.15
      vertex -52.3 12.4019 36.15
    endloop
  endfacet
  facet normal 0.980815 0.19494 0
    outer loop
      vertex -53.6978 14.2235 36.15
      vertex -53.7743 14.6084 24.05
      vertex -53.7743 14.6084 36.15
    endloop
  endfacet
  facet normal 0.980815 0.19494 0
    outer loop
      vertex -53.7743 14.6084 24.05
      vertex -53.6978 14.2235 36.15
      vertex -53.6978 14.2235 24.05
    endloop
  endfacet
  facet normal 0.0623897 0.950655 -0.303913
    outer loop
      vertex -50.8 12 36.15
      vertex -48.8216 14.3957 44.05
      vertex -48.43 14.37 44.05
    endloop
  endfacet
  facet normal 0.0623897 0.950655 -0.303913
    outer loop
      vertex -48.8216 14.3957 44.05
      vertex -50.8 12 36.15
      vertex -51.1916 12.0257 36.15
    endloop
  endfacet
  facet normal 0.0623897 -0.950655 -0.303913
    outer loop
      vertex -50.8 37 36.15
      vertex -48.8216 34.6043 44.05
      vertex -51.1916 36.9743 36.15
    endloop
  endfacet
  facet normal 0.0623897 -0.950655 -0.303913
    outer loop
      vertex -48.8216 34.6043 44.05
      vertex -50.8 37 36.15
      vertex -48.43 34.63 44.05
    endloop
  endfacet
  facet normal 0.832262 0.410336 -0.372779
    outer loop
      vertex -51.0281 15.87 44.05
      vertex -53.5716 13.8519 36.15
      vertex -51.2016 16.2219 44.05
    endloop
  endfacet
  facet normal 0.832262 0.410336 -0.372779
    outer loop
      vertex -53.5716 13.8519 36.15
      vertex -51.0281 15.87 44.05
      vertex -53.3981 13.5 36.15
    endloop
  endfacet
  facet normal -0.896911 0.442211 0
    outer loop
      vertex 53.3981 13.5 24.05
      vertex 53.5716 13.8519 36.15
      vertex 53.5716 13.8519 24.05
    endloop
  endfacet
  facet normal -0.896911 0.442211 0
    outer loop
      vertex 53.5716 13.8519 36.15
      vertex 53.3981 13.5 24.05
      vertex 53.3981 13.5 36.15
    endloop
  endfacet
  facet normal -0.512892 0.767692 -0.384175
    outer loop
      vertex 52.3 12.4019 36.15
      vertex 50.2563 14.9899 44.05
      vertex 52.6263 12.6199 36.15
    endloop
  endfacet
  facet normal -0.512892 0.767692 -0.384175
    outer loop
      vertex 50.2563 14.9899 44.05
      vertex 52.3 12.4019 36.15
      vertex 49.93 14.7719 44.05
    endloop
  endfacet
  facet normal -0.751724 -0.659478 0
    outer loop
      vertex 53.1801 35.8263 24.05
      vertex 52.9213 36.1213 36.15
      vertex 52.9213 36.1213 24.05
    endloop
  endfacet
  facet normal -0.751724 -0.659478 0
    outer loop
      vertex 52.9213 36.1213 36.15
      vertex 53.1801 35.8263 24.05
      vertex 53.1801 35.8263 36.15
    endloop
  endfacet
  facet normal -0.767692 -0.512892 -0.384175
    outer loop
      vertex 53.3981 35.5 36.15
      vertex 50.8101 33.4563 44.05
      vertex 53.1801 35.8263 36.15
    endloop
  endfacet
  facet normal -0.767692 -0.512892 -0.384175
    outer loop
      vertex 50.8101 33.4563 44.05
      vertex 53.3981 35.5 36.15
      vertex 51.0281 33.13 44.05
    endloop
  endfacet
  facet normal -0.751724 0.659478 0
    outer loop
      vertex 52.9213 12.8787 24.05
      vertex 53.1801 13.1737 36.15
      vertex 53.1801 13.1737 24.05
    endloop
  endfacet
  facet normal -0.751724 0.659478 0
    outer loop
      vertex 53.1801 13.1737 36.15
      vertex 52.9213 12.8787 24.05
      vertex 52.9213 12.8787 36.15
    endloop
  endfacet
  facet normal -0.980815 0.19494 0
    outer loop
      vertex 53.6978 14.2235 24.05
      vertex 53.7743 14.6084 36.15
      vertex 53.7743 14.6084 24.05
    endloop
  endfacet
  facet normal -0.980815 0.19494 0
    outer loop
      vertex 53.7743 14.6084 36.15
      vertex 53.6978 14.2235 24.05
      vertex 53.6978 14.2235 36.15
    endloop
  endfacet
  facet normal -0.997853 0.0654873 0
    outer loop
      vertex 53.7743 14.6084 24.05
      vertex 53.8 15 36.15
      vertex 53.8 15 24.05
    endloop
  endfacet
  facet normal -0.997853 0.0654873 0
    outer loop
      vertex 53.8 15 36.15
      vertex 53.7743 14.6084 24.05
      vertex 53.7743 14.6084 36.15
    endloop
  endfacet
  facet normal 0.950655 -0.0623897 -0.303913
    outer loop
      vertex -51.4043 32.0216 44.05
      vertex -53.8 34 36.15
      vertex -53.7743 34.3916 36.15
    endloop
  endfacet
  facet normal 0.950655 -0.0623897 -0.303913
    outer loop
      vertex -53.8 34 36.15
      vertex -51.4043 32.0216 44.05
      vertex -51.43 31.63 44.05
    endloop
  endfacet
  facet normal -0.831501 0.555523 0
    outer loop
      vertex 53.1801 13.1737 24.05
      vertex 53.3981 13.5 36.15
      vertex 53.3981 13.5 24.05
    endloop
  endfacet
  facet normal -0.831501 0.555523 0
    outer loop
      vertex 53.3981 13.5 36.15
      vertex 53.1801 13.1737 24.05
      vertex 53.1801 13.1737 36.15
    endloop
  endfacet
  facet normal 0.183884 -0.924949 -0.33265
    outer loop
      vertex -51.1916 36.9743 36.15
      vertex -49.2064 34.5278 44.05
      vertex -51.5764 36.8978 36.15
    endloop
  endfacet
  facet normal 0.183884 -0.924949 -0.33265
    outer loop
      vertex -49.2064 34.5278 44.05
      vertex -51.1916 36.9743 36.15
      vertex -48.8216 34.6043 44.05
    endloop
  endfacet
  facet normal -0.607296 -0.692242 -0.389862
    outer loop
      vertex 52.6263 36.3801 36.15
      vertex 50.5513 33.7513 44.05
      vertex 50.2563 34.0101 44.05
    endloop
  endfacet
  facet normal -0.607296 -0.692242 -0.389862
    outer loop
      vertex 50.5513 33.7513 44.05
      vertex 52.6263 36.3801 36.15
      vertex 52.9213 36.1213 36.15
    endloop
  endfacet
  facet normal -0.692242 0.607296 -0.389862
    outer loop
      vertex 53.1801 13.1737 36.15
      vertex 50.5513 15.2487 44.05
      vertex 50.8101 15.5437 44.05
    endloop
  endfacet
  facet normal -0.692242 0.607296 -0.389862
    outer loop
      vertex 50.5513 15.2487 44.05
      vertex 53.1801 13.1737 36.15
      vertex 52.9213 12.8787 36.15
    endloop
  endfacet
  facet normal -0.832262 0.410336 -0.372779
    outer loop
      vertex 53.5716 13.8519 36.15
      vertex 51.0281 15.87 44.05
      vertex 51.2016 16.2219 44.05
    endloop
  endfacet
  facet normal -0.832262 0.410336 -0.372779
    outer loop
      vertex 51.0281 15.87 44.05
      vertex 53.5716 13.8519 36.15
      vertex 53.3981 13.5 36.15
    endloop
  endfacet
  facet normal -0.946885 -0.321574 0
    outer loop
      vertex 53.6978 34.7764 24.05
      vertex 53.5716 35.148 36.15
      vertex 53.5716 35.148 24.05
    endloop
  endfacet
  facet normal -0.946885 -0.321574 0
    outer loop
      vertex 53.5716 35.148 36.15
      vertex 53.6978 34.7764 24.05
      vertex 53.6978 34.7764 36.15
    endloop
  endfacet
  facet normal 0.767692 -0.512892 -0.384175
    outer loop
      vertex -50.8101 33.4563 44.05
      vertex -53.3981 35.5 36.15
      vertex -53.1801 35.8263 36.15
    endloop
  endfacet
  facet normal 0.767692 -0.512892 -0.384175
    outer loop
      vertex -53.3981 35.5 36.15
      vertex -50.8101 33.4563 44.05
      vertex -51.0281 33.13 44.05
    endloop
  endfacet
  facet normal 0.659478 -0.751724 0
    outer loop
      vertex -52.9213 36.1213 24.05
      vertex -52.6263 36.3801 36.15
      vertex -52.9213 36.1213 36.15
    endloop
  endfacet
  facet normal 0.659478 -0.751724 0
    outer loop
      vertex -52.6263 36.3801 36.15
      vertex -52.9213 36.1213 24.05
      vertex -52.6263 36.3801 24.05
    endloop
  endfacet
  facet normal 0.946885 -0.321574 0
    outer loop
      vertex -53.6978 34.7764 36.15
      vertex -53.5716 35.148 24.05
      vertex -53.5716 35.148 36.15
    endloop
  endfacet
  facet normal 0.946885 -0.321574 0
    outer loop
      vertex -53.5716 35.148 24.05
      vertex -53.6978 34.7764 36.15
      vertex -53.6978 34.7764 24.05
    endloop
  endfacet
  facet normal 0.659478 0.751724 -0
    outer loop
      vertex -52.6263 12.6199 24.05
      vertex -52.9213 12.8787 36.15
      vertex -52.6263 12.6199 36.15
    endloop
  endfacet
  facet normal 0.659478 0.751724 0
    outer loop
      vertex -52.9213 12.8787 36.15
      vertex -52.6263 12.6199 24.05
      vertex -52.9213 12.8787 24.05
    endloop
  endfacet
  facet normal 0.831501 -0.555523 0
    outer loop
      vertex -53.3981 35.5 36.15
      vertex -53.1801 35.8263 24.05
      vertex -53.1801 35.8263 36.15
    endloop
  endfacet
  facet normal 0.831501 -0.555523 0
    outer loop
      vertex -53.1801 35.8263 24.05
      vertex -53.3981 35.5 36.15
      vertex -53.3981 35.5 24.05
    endloop
  endfacet
  facet normal 0.321345 0.946962 -0
    outer loop
      vertex -51.5764 12.1022 24.05
      vertex -51.948 12.2283 36.15
      vertex -51.5764 12.1022 36.15
    endloop
  endfacet
  facet normal 0.321345 0.946962 0
    outer loop
      vertex -51.948 12.2283 36.15
      vertex -51.5764 12.1022 24.05
      vertex -51.948 12.2283 24.05
    endloop
  endfacet
  facet normal 0 0 1
    outer loop
      vertex 50.8 37 24.05
      vertex 53.8 34 24.05
      vertex 53.7743 34.3916 24.05
    endloop
  endfacet
  facet normal 0 0 1
    outer loop
      vertex 53.8 34 24.05
      vertex 50.8 37 24.05
      vertex 53.8 15 24.05
    endloop
  endfacet
  facet normal 0 0 1
    outer loop
      vertex 50.8 37 24.05
      vertex 53.7743 34.3916 24.05
      vertex 53.6978 34.7764 24.05
    endloop
  endfacet
  facet normal 0 0 1
    outer loop
      vertex 50.8 12 24.05
      vertex 53.8 15 24.05
      vertex 50.8 37 24.05
    endloop
  endfacet
  facet normal 0 0 1
    outer loop
      vertex 50.8 37 24.05
      vertex 53.6978 34.7764 24.05
      vertex 53.5716 35.148 24.05
    endloop
  endfacet
  facet normal 0 0 1
    outer loop
      vertex 53.8 15 24.05
      vertex 50.8 12 24.05
      vertex 53.7743 14.6084 24.05
    endloop
  endfacet
  facet normal 0 0 1
    outer loop
      vertex 50.8 37 24.05
      vertex 53.5716 35.148 24.05
      vertex 53.3981 35.5 24.05
    endloop
  endfacet
  facet normal 0 0 1
    outer loop
      vertex 53.7743 14.6084 24.05
      vertex 50.8 12 24.05
      vertex 53.6978 14.2235 24.05
    endloop
  endfacet
  facet normal 0 0 1
    outer loop
      vertex 50.8 37 24.05
      vertex 53.3981 35.5 24.05
      vertex 53.1801 35.8263 24.05
    endloop
  endfacet
  facet normal 0 0 1
    outer loop
      vertex 53.6978 14.2235 24.05
      vertex 50.8 12 24.05
      vertex 53.5716 13.8519 24.05
    endloop
  endfacet
  facet normal 0 0 1
    outer loop
      vertex 50.8 37 24.05
      vertex 53.1801 35.8263 24.05
      vertex 52.9213 36.1213 24.05
    endloop
  endfacet
  facet normal 0 0 1
    outer loop
      vertex 53.5716 13.8519 24.05
      vertex 50.8 12 24.05
      vertex 53.3981 13.5 24.05
    endloop
  endfacet
  facet normal 0 0 1
    outer loop
      vertex 50.8 37 24.05
      vertex 52.9213 36.1213 24.05
      vertex 52.6263 36.3801 24.05
    endloop
  endfacet
  facet normal 0 0 1
    outer loop
      vertex 53.3981 13.5 24.05
      vertex 50.8 12 24.05
      vertex 53.1801 13.1737 24.05
    endloop
  endfacet
  facet normal 0 0 1
    outer loop
      vertex 50.8 37 24.05
      vertex 52.6263 36.3801 24.05
      vertex 52.3 36.5981 24.05
    endloop
  endfacet
  facet normal 0 0 1
    outer loop
      vertex 53.1801 13.1737 24.05
      vertex 50.8 12 24.05
      vertex 52.9213 12.8787 24.05
    endloop
  endfacet
  facet normal 0 0 1
    outer loop
      vertex 50.8 37 24.05
      vertex 52.3 36.5981 24.05
      vertex 51.948 36.7716 24.05
    endloop
  endfacet
  facet normal 0 0 1
    outer loop
      vertex 52.9213 12.8787 24.05
      vertex 50.8 12 24.05
      vertex 52.6263 12.6199 24.05
    endloop
  endfacet
  facet normal 0 0 1
    outer loop
      vertex 50.8 37 24.05
      vertex 51.948 36.7716 24.05
      vertex 51.5764 36.8978 24.05
    endloop
  endfacet
  facet normal 0 0 1
    outer loop
      vertex 52.6263 12.6199 24.05
      vertex 50.8 12 24.05
      vertex 52.3 12.4019 24.05
    endloop
  endfacet
  facet normal 0 0 1
    outer loop
      vertex 50.8 37 24.05
      vertex 51.5764 36.8978 24.05
      vertex 51.1916 36.9743 24.05
    endloop
  endfacet
  facet normal 0 0 1
    outer loop
      vertex 52.3 12.4019 24.05
      vertex 50.8 12 24.05
      vertex 51.948 12.2283 24.05
    endloop
  endfacet
  facet normal 0 0 1
    outer loop
      vertex 51.948 12.2283 24.05
      vertex 50.8 12 24.05
      vertex 51.5764 12.1022 24.05
    endloop
  endfacet
  facet normal 0 0 1
    outer loop
      vertex 51.5764 12.1022 24.05
      vertex 50.8 12 24.05
      vertex 51.1916 12.0257 24.05
    endloop
  endfacet
  facet normal -0 0 1
    outer loop
      vertex -50.8 37 24.05
      vertex 50.8 12 24.05
      vertex 50.8 37 24.05
    endloop
  endfacet
  facet normal 0 0 1
    outer loop
      vertex -50.8 37 24.05
      vertex -50.8 12 24.05
      vertex 50.8 12 24.05
    endloop
  endfacet
  facet normal 0 0 1
    outer loop
      vertex -53.8 34 24.05
      vertex -50.8 37 24.05
      vertex -51.1916 36.9743 24.05
    endloop
  endfacet
  facet normal 0 0 1
    outer loop
      vertex -50.8 37 24.05
      vertex -53.8 34 24.05
      vertex -50.8 12 24.05
    endloop
  endfacet
  facet normal 0 0 1
    outer loop
      vertex -53.8 34 24.05
      vertex -51.1916 36.9743 24.05
      vertex -51.5764 36.8978 24.05
    endloop
  endfacet
  facet normal -0 0 1
    outer loop
      vertex -53.8 15 24.05
      vertex -50.8 12 24.05
      vertex -53.8 34 24.05
    endloop
  endfacet
  facet normal 0 0 1
    outer loop
      vertex -53.8 34 24.05
      vertex -51.5764 36.8978 24.05
      vertex -51.948 36.7716 24.05
    endloop
  endfacet
  facet normal 0 0 1
    outer loop
      vertex -50.8 12 24.05
      vertex -53.8 15 24.05
      vertex -51.1916 12.0257 24.05
    endloop
  endfacet
  facet normal 0 0 1
    outer loop
      vertex -53.8 34 24.05
      vertex -51.948 36.7716 24.05
      vertex -52.3 36.5981 24.05
    endloop
  endfacet
  facet normal 0 0 1
    outer loop
      vertex -51.1916 12.0257 24.05
      vertex -53.8 15 24.05
      vertex -51.5764 12.1022 24.05
    endloop
  endfacet
  facet normal 0 0 1
    outer loop
      vertex -53.8 34 24.05
      vertex -52.3 36.5981 24.05
      vertex -52.6263 36.3801 24.05
    endloop
  endfacet
  facet normal 0 0 1
    outer loop
      vertex -51.5764 12.1022 24.05
      vertex -53.8 15 24.05
      vertex -51.948 12.2283 24.05
    endloop
  endfacet
  facet normal 0 0 1
    outer loop
      vertex -53.8 34 24.05
      vertex -52.6263 36.3801 24.05
      vertex -52.9213 36.1213 24.05
    endloop
  endfacet
  facet normal 0 0 1
    outer loop
      vertex -51.948 12.2283 24.05
      vertex -53.8 15 24.05
      vertex -52.3 12.4019 24.05
    endloop
  endfacet
  facet normal 0 0 1
    outer loop
      vertex -53.8 34 24.05
      vertex -52.9213 36.1213 24.05
      vertex -53.1801 35.8263 24.05
    endloop
  endfacet
  facet normal 0 0 1
    outer loop
      vertex -52.3 12.4019 24.05
      vertex -53.8 15 24.05
      vertex -52.6263 12.6199 24.05
    endloop
  endfacet
  facet normal 0 0 1
    outer loop
      vertex -53.8 34 24.05
      vertex -53.1801 35.8263 24.05
      vertex -53.3981 35.5 24.05
    endloop
  endfacet
  facet normal 0 0 1
    outer loop
      vertex -52.6263 12.6199 24.05
      vertex -53.8 15 24.05
      vertex -52.9213 12.8787 24.05
    endloop
  endfacet
  facet normal 0 0 1
    outer loop
      vertex -53.8 34 24.05
      vertex -53.3981 35.5 24.05
      vertex -53.5716 35.148 24.05
    endloop
  endfacet
  facet normal 0 0 1
    outer loop
      vertex -52.9213 12.8787 24.05
      vertex -53.8 15 24.05
      vertex -53.1801 13.1737 24.05
    endloop
  endfacet
  facet normal 0 0 1
    outer loop
      vertex -53.8 34 24.05
      vertex -53.5716 35.148 24.05
      vertex -53.6978 34.7764 24.05
    endloop
  endfacet
  facet normal 0 0 1
    outer loop
      vertex -53.1801 13.1737 24.05
      vertex -53.8 15 24.05
      vertex -53.3981 13.5 24.05
    endloop
  endfacet
  facet normal 0 0 1
    outer loop
      vertex -53.8 34 24.05
      vertex -53.6978 34.7764 24.05
      vertex -53.7743 34.3916 24.05
    endloop
  endfacet
  facet normal 0 0 1
    outer loop
      vertex -53.3981 13.5 24.05
      vertex -53.8 15 24.05
      vertex -53.5716 13.8519 24.05
    endloop
  endfacet
  facet normal 0 0 1
    outer loop
      vertex -53.5716 13.8519 24.05
      vertex -53.8 15 24.05
      vertex -53.6978 14.2235 24.05
    endloop
  endfacet
  facet normal 0 0 1
    outer loop
      vertex -53.6978 14.2235 24.05
      vertex -53.8 15 24.05
      vertex -53.7743 14.6084 24.05
    endloop
  endfacet
  facet normal 0.896961 -0.44211 0
    outer loop
      vertex -53.5716 35.148 36.15
      vertex -53.3981 35.5 24.05
      vertex -53.3981 35.5 36.15
    endloop
  endfacet
  facet normal 0.896961 -0.44211 0
    outer loop
      vertex -53.3981 35.5 24.05
      vertex -53.5716 35.148 36.15
      vertex -53.5716 35.148 24.05
    endloop
  endfacet
  facet normal -0.924962 0.183839 -0.33264
    outer loop
      vertex 53.7743 14.6084 36.15
      vertex 51.3278 16.5935 44.05
      vertex 51.4043 16.9784 44.05
    endloop
  endfacet
  facet normal -0.924962 0.183839 -0.33264
    outer loop
      vertex 51.3278 16.5935 44.05
      vertex 53.7743 14.6084 36.15
      vertex 53.6978 14.2235 36.15
    endloop
  endfacet
  facet normal 0.0654873 -0.997853 0
    outer loop
      vertex -51.1916 36.9743 24.05
      vertex -50.8 37 36.15
      vertex -51.1916 36.9743 36.15
    endloop
  endfacet
  facet normal 0.0654873 -0.997853 0
    outer loop
      vertex -50.8 37 36.15
      vertex -51.1916 36.9743 24.05
      vertex -50.8 37 24.05
    endloop
  endfacet
  facet normal 0.607296 0.692242 -0.389862
    outer loop
      vertex -52.6263 12.6199 36.15
      vertex -50.5513 15.2487 44.05
      vertex -50.2563 14.9899 44.05
    endloop
  endfacet
  facet normal 0.607296 0.692242 -0.389862
    outer loop
      vertex -50.5513 15.2487 44.05
      vertex -52.6263 12.6199 36.15
      vertex -52.9213 12.8787 36.15
    endloop
  endfacet
  facet normal 0.924962 0.183839 -0.33264
    outer loop
      vertex -51.3278 16.5935 44.05
      vertex -53.7743 14.6084 36.15
      vertex -51.4043 16.9784 44.05
    endloop
  endfacet
  facet normal 0.924962 0.183839 -0.33264
    outer loop
      vertex -53.7743 14.6084 36.15
      vertex -51.3278 16.5935 44.05
      vertex -53.6978 14.2235 36.15
    endloop
  endfacet
  facet normal -0.0654873 -0.997853 0
    outer loop
      vertex 50.8 37 24.05
      vertex 51.1916 36.9743 36.15
      vertex 50.8 37 36.15
    endloop
  endfacet
  facet normal -0.0654873 -0.997853 -0
    outer loop
      vertex 51.1916 36.9743 36.15
      vertex 50.8 37 24.05
      vertex 51.1916 36.9743 24.05
    endloop
  endfacet
  facet normal -0.410245 -0.832312 -0.372767
    outer loop
      vertex 51.948 36.7716 36.15
      vertex 49.93 34.2281 44.05
      vertex 49.578 34.4016 44.05
    endloop
  endfacet
  facet normal -0.410245 -0.832312 -0.372767
    outer loop
      vertex 49.93 34.2281 44.05
      vertex 51.948 36.7716 36.15
      vertex 52.3 36.5981 36.15
    endloop
  endfacet
  facet normal 0.831501 0.555523 0
    outer loop
      vertex -53.1801 13.1737 36.15
      vertex -53.3981 13.5 24.05
      vertex -53.3981 13.5 36.15
    endloop
  endfacet
  facet normal 0.831501 0.555523 0
    outer loop
      vertex -53.3981 13.5 24.05
      vertex -53.1801 13.1737 36.15
      vertex -53.1801 13.1737 24.05
    endloop
  endfacet
  facet normal 0.442315 0.89686 -0
    outer loop
      vertex -51.948 12.2283 24.05
      vertex -52.3 12.4019 36.15
      vertex -51.948 12.2283 36.15
    endloop
  endfacet
  facet normal 0.442315 0.89686 0
    outer loop
      vertex -52.3 12.4019 36.15
      vertex -51.948 12.2283 24.05
      vertex -52.3 12.4019 24.05
    endloop
  endfacet
  facet normal -0.183884 0.924949 -0.33265
    outer loop
      vertex 51.1916 12.0257 36.15
      vertex 49.2064 14.4722 44.05
      vertex 51.5764 12.1022 36.15
    endloop
  endfacet
  facet normal -0.183884 0.924949 -0.33265
    outer loop
      vertex 49.2064 14.4722 44.05
      vertex 51.1916 12.0257 36.15
      vertex 48.8216 14.3957 44.05
    endloop
  endfacet
  facet normal -0.194989 -0.980806 0
    outer loop
      vertex 51.1916 36.9743 24.05
      vertex 51.5764 36.8978 36.15
      vertex 51.1916 36.9743 36.15
    endloop
  endfacet
  facet normal -0.194989 -0.980806 -0
    outer loop
      vertex 51.5764 36.8978 36.15
      vertex 51.1916 36.9743 24.05
      vertex 51.5764 36.8978 24.05
    endloop
  endfacet
  facet normal -0.607296 0.692242 -0.389862
    outer loop
      vertex 52.6263 12.6199 36.15
      vertex 50.5513 15.2487 44.05
      vertex 52.9213 12.8787 36.15
    endloop
  endfacet
  facet normal -0.607296 0.692242 -0.389862
    outer loop
      vertex 50.5513 15.2487 44.05
      vertex 52.6263 12.6199 36.15
      vertex 50.2563 14.9899 44.05
    endloop
  endfacet
  facet normal -0.692242 -0.607296 -0.389862
    outer loop
      vertex 53.1801 35.8263 36.15
      vertex 50.5513 33.7513 44.05
      vertex 52.9213 36.1213 36.15
    endloop
  endfacet
  facet normal -0.692242 -0.607296 -0.389862
    outer loop
      vertex 50.5513 33.7513 44.05
      vertex 53.1801 35.8263 36.15
      vertex 50.8101 33.4563 44.05
    endloop
  endfacet
  facet normal 0.950655 0.0623897 -0.303913
    outer loop
      vertex -51.4043 16.9784 44.05
      vertex -53.8 15 36.15
      vertex -51.43 17.37 44.05
    endloop
  endfacet
  facet normal 0.950655 0.0623897 -0.303913
    outer loop
      vertex -53.8 15 36.15
      vertex -51.4043 16.9784 44.05
      vertex -53.7743 14.6084 36.15
    endloop
  endfacet
  facet normal -0.924949 -0.183884 -0.33265
    outer loop
      vertex 53.7743 34.3916 36.15
      vertex 51.3278 32.4064 44.05
      vertex 53.6978 34.7764 36.15
    endloop
  endfacet
  facet normal -0.924949 -0.183884 -0.33265
    outer loop
      vertex 51.3278 32.4064 44.05
      vertex 53.7743 34.3916 36.15
      vertex 51.4043 32.0216 44.05
    endloop
  endfacet
  facet normal -0.659478 0.751724 0
    outer loop
      vertex 52.9213 12.8787 24.05
      vertex 52.6263 12.6199 36.15
      vertex 52.9213 12.8787 36.15
    endloop
  endfacet
  facet normal -0.659478 0.751724 0
    outer loop
      vertex 52.6263 12.6199 36.15
      vertex 52.9213 12.8787 24.05
      vertex 52.6263 12.6199 24.05
    endloop
  endfacet
  facet normal -0.997853 -0.0654873 0
    outer loop
      vertex 53.8 34 24.05
      vertex 53.7743 34.3916 36.15
      vertex 53.7743 34.3916 24.05
    endloop
  endfacet
  facet normal -0.997853 -0.0654873 0
    outer loop
      vertex 53.7743 34.3916 36.15
      vertex 53.8 34 24.05
      vertex 53.8 34 36.15
    endloop
  endfacet
  facet normal -0.831501 -0.555523 0
    outer loop
      vertex 53.3981 35.5 24.05
      vertex 53.1801 35.8263 36.15
      vertex 53.1801 35.8263 24.05
    endloop
  endfacet
  facet normal -0.831501 -0.555523 0
    outer loop
      vertex 53.1801 35.8263 36.15
      vertex 53.3981 35.5 24.05
      vertex 53.3981 35.5 36.15
    endloop
  endfacet
  facet normal -0.884974 -0.300548 -0.355657
    outer loop
      vertex 53.6978 34.7764 36.15
      vertex 51.2016 32.778 44.05
      vertex 53.5716 35.148 36.15
    endloop
  endfacet
  facet normal -0.884974 -0.300548 -0.355657
    outer loop
      vertex 51.2016 32.778 44.05
      vertex 53.6978 34.7764 36.15
      vertex 51.3278 32.4064 44.05
    endloop
  endfacet
  facet normal 0.980806 -0.194989 0
    outer loop
      vertex -53.7743 34.3916 36.15
      vertex -53.6978 34.7764 24.05
      vertex -53.6978 34.7764 36.15
    endloop
  endfacet
  facet normal 0.980806 -0.194989 0
    outer loop
      vertex -53.6978 34.7764 24.05
      vertex -53.7743 34.3916 36.15
      vertex -53.7743 34.3916 24.05
    endloop
  endfacet
  facet normal 0.555523 -0.831501 0
    outer loop
      vertex -52.6263 36.3801 24.05
      vertex -52.3 36.5981 36.15
      vertex -52.6263 36.3801 36.15
    endloop
  endfacet
  facet normal 0.555523 -0.831501 0
    outer loop
      vertex -52.3 36.5981 36.15
      vertex -52.6263 36.3801 24.05
      vertex -52.3 36.5981 24.05
    endloop
  endfacet
  facet normal 0.410245 -0.832312 -0.372767
    outer loop
      vertex -51.948 36.7716 36.15
      vertex -49.93 34.2281 44.05
      vertex -52.3 36.5981 36.15
    endloop
  endfacet
  facet normal 0.410245 -0.832312 -0.372767
    outer loop
      vertex -49.93 34.2281 44.05
      vertex -51.948 36.7716 36.15
      vertex -49.578 34.4016 44.05
    endloop
  endfacet
  facet normal 0.607296 -0.692242 -0.389862
    outer loop
      vertex -52.6263 36.3801 36.15
      vertex -50.5513 33.7513 44.05
      vertex -52.9213 36.1213 36.15
    endloop
  endfacet
  facet normal 0.607296 -0.692242 -0.389862
    outer loop
      vertex -50.5513 33.7513 44.05
      vertex -52.6263 36.3801 36.15
      vertex -50.2563 34.0101 44.05
    endloop
  endfacet
  facet normal -0.946885 0.321574 0
    outer loop
      vertex 53.5716 13.8519 24.05
      vertex 53.6978 14.2235 36.15
      vertex 53.6978 14.2235 24.05
    endloop
  endfacet
  facet normal -0.946885 0.321574 0
    outer loop
      vertex 53.6978 14.2235 36.15
      vertex 53.5716 13.8519 24.05
      vertex 53.5716 13.8519 36.15
    endloop
  endfacet
  facet normal -0.442315 0.89686 0
    outer loop
      vertex 52.3 12.4019 24.05
      vertex 51.948 12.2283 36.15
      vertex 52.3 12.4019 36.15
    endloop
  endfacet
  facet normal -0.442315 0.89686 0
    outer loop
      vertex 51.948 12.2283 36.15
      vertex 52.3 12.4019 24.05
      vertex 51.948 12.2283 24.05
    endloop
  endfacet
  facet normal -0.321574 -0.946885 0
    outer loop
      vertex 51.5764 36.8978 24.05
      vertex 51.948 36.7716 36.15
      vertex 51.5764 36.8978 36.15
    endloop
  endfacet
  facet normal -0.321574 -0.946885 -0
    outer loop
      vertex 51.948 36.7716 36.15
      vertex 51.5764 36.8978 24.05
      vertex 51.948 36.7716 24.05
    endloop
  endfacet
  facet normal -0.300548 -0.884974 -0.355657
    outer loop
      vertex 51.5764 36.8978 36.15
      vertex 49.578 34.4016 44.05
      vertex 49.2064 34.5278 44.05
    endloop
  endfacet
  facet normal -0.300548 -0.884974 -0.355657
    outer loop
      vertex 49.578 34.4016 44.05
      vertex 51.5764 36.8978 36.15
      vertex 51.948 36.7716 36.15
    endloop
  endfacet
endsolid OpenSCAD_Model
