solid OpenSCAD_Model
  facet normal 0.416974 0.663713 0.620982
    outer loop
      vertex 69.2409 55.3154 29.4384
      vertex 69.1682 55.1645 29.6485
      vertex 69.4335 55.1944 29.4384
    endloop
  endfacet
  facet normal 0.0698436 0.622003 0.779894
    outer loop
      vertex 68.9888 55.2273 29.6485
      vertex 68.8 55.2485 29.6485
      vertex 68.9421 55.0224 29.8161
    endloop
  endfacet
  facet normal 0 0.900953 -0.433916
    outer loop
      vertex 68.8 55.4161 14.5616
      vertex 9.7 55.5327 14.8037
      vertex 68.8 55.5327 14.8037
    endloop
  endfacet
  facet normal 0 0.900953 -0.433916
    outer loop
      vertex 9.7 55.5327 14.8037
      vertex 68.8 55.4161 14.5616
      vertex 9.7 55.4161 14.5616
    endloop
  endfacet
  facet normal 0.622082 0.0698524 0.77983
    outer loop
      vertex 69.6273 54.5888 29.6485
      vertex 69.4384 54.4 29.8161
      vertex 69.6485 54.4 29.6485
    endloop
  endfacet
  facet normal 0.109218 -0.969078 -0.221267
    outer loop
      vertex 69.0653 47.0374 15.0656
      vertex 68.8 47.0075 15.0656
      vertex 69.052 47.0957 14.8037
    endloop
  endfacet
  facet normal 0.211445 -0.0737078 -0.974607
    outer loop
      vertex 69.1571 48.028 14.0673
      vertex 68.9211 48.1417 14.0075
      vertex 68.931 48.1701 14.0075
    endloop
  endfacet
  facet normal -0.222468 -0.0250741 -0.974618
    outer loop
      vertex 9.56901 48.1701 14.0075
      vertex 9.30366 48.2 14.0673
      vertex 9.56564 48.2 14.0075
    endloop
  endfacet
  facet normal 0.322038 0.920473 0.221407
    outer loop
      vertex 69.3174 55.4744 28.9344
      vertex 69.0653 55.5626 28.9344
      vertex 69.2914 55.4205 29.1963
    endloop
  endfacet
  facet normal 0.637867 0.637867 0.431568
    outer loop
      vertex 69.5062 55.2855 29.1963
      vertex 69.4335 55.1944 29.4384
      vertex 69.5944 55.0335 29.4384
    endloop
  endfacet
  facet normal -0 0.623605 0.781739
    outer loop
      vertex 9.7 55.2485 29.6485
      vertex 68.8 55.0384 29.8161
      vertex 68.8 55.2485 29.6485
    endloop
  endfacet
  facet normal 0 0.623605 0.781739
    outer loop
      vertex 68.8 55.0384 29.8161
      vertex 9.7 55.2485 29.6485
      vertex 9.7 55.0384 29.8161
    endloop
  endfacet
  facet normal -0.322196 0.92045 0.22127
    outer loop
      vertex 9.43465 55.5626 28.9344
      vertex 9.20856 55.4205 29.1963
      vertex 9.44796 55.5043 29.1963
    endloop
  endfacet
  facet normal 0.739775 -0.258301 0.6213
    outer loop
      vertex 69.6763 48 29.5855
      vertex 69.6273 48.0112 29.6485
      vertex 69.6312 48 29.6392
    endloop
  endfacet
  facet normal 0 -0.222906 0.97484
    outer loop
      vertex 9.7 48.0656 29.9925
      vertex 68.8 48 29.9775
      vertex 68.8 48.0656 29.9925
    endloop
  endfacet
  facet normal 0 -0.222906 0.97484
    outer loop
      vertex 68.8 48 29.9775
      vertex 9.7 48.0656 29.9925
      vertex 9.7 48 29.9775
    endloop
  endfacet
  facet normal -0.206858 0.590731 -0.779901
    outer loop
      vertex 9.55793 55.0224 14.1839
      vertex 9.33184 55.1645 14.3515
      vertex 9.51118 55.2273 14.3515
    endloop
  endfacet
  facet normal 0.763721 -0.479992 -0.431668
    outer loop
      vertex 69.8205 47.7086 14.8037
      vertex 69.6855 47.4938 14.8037
      vertex 69.7154 47.7591 14.5616
    endloop
  endfacet
  facet normal 0.322197 0.920453 0.221259
    outer loop
      vertex 69.0653 55.5626 28.9344
      vertex 69.052 55.5043 29.1963
      vertex 69.2914 55.4205 29.1963
    endloop
  endfacet
  facet normal -0.637744 0.637922 0.43167
    outer loop
      vertex 8.9938 55.2855 29.1963
      vertex 8.81445 55.1062 29.1963
      vertex 8.9056 55.0335 29.4384
    endloop
  endfacet
  facet normal 0.298045 0.85133 0.431748
    outer loop
      vertex 69.2914 55.4205 29.1963
      vertex 69.0261 55.3906 29.4384
      vertex 69.2409 55.3154 29.4384
    endloop
  endfacet
  facet normal 0.529931 -0.333184 -0.779847
    outer loop
      vertex 69.4634 47.671 14.3515
      vertex 69.3752 47.923 14.1839
      vertex 69.5645 47.8318 14.3515
    endloop
  endfacet
  facet normal 0.689554 0.689554 -0.221426
    outer loop
      vertex 69.7323 55.1435 15.0656
      vertex 69.5062 55.2855 14.8037
      vertex 69.5435 55.3323 15.0656
    endloop
  endfacet
  facet normal 0.442707 0.442707 0.779757
    outer loop
      vertex 69.329 55.0634 29.6485
      vertex 69.2991 54.7981 29.8161
      vertex 69.4634 54.929 29.6485
    endloop
  endfacet
  facet normal 0.443033 0.442594 0.779636
    outer loop
      vertex 69.2991 54.7981 29.8161
      vertex 69.329 55.0634 29.6485
      vertex 69.1981 54.8992 29.8161
    endloop
  endfacet
  facet normal 0.231817 0.369382 0.899899
    outer loop
      vertex 69.077 54.9752 29.8161
      vertex 69.0471 54.7099 29.9327
      vertex 69.1981 54.8992 29.8161
    endloop
  endfacet
  facet normal -0.222468 -0.0250741 0.974618
    outer loop
      vertex 9.56564 48.2 29.9925
      vertex 9.30366 48.2 29.9327
      vertex 9.56901 48.1701 29.9925
    endloop
  endfacet
  facet normal 0 1 -0
    outer loop
      vertex 68.8 55.5925 15.0656
      vertex 9.7 55.5925 28.9344
      vertex 68.8 55.5925 28.9344
    endloop
  endfacet
  facet normal 0 1 0
    outer loop
      vertex 9.7 55.5925 28.9344
      vertex 68.8 55.5925 15.0656
      vertex 9.7 55.5925 15.0656
    endloop
  endfacet
  facet normal -0.689479 0.689671 0.221298
    outer loop
      vertex 8.9938 55.2855 29.1963
      vertex 8.7677 55.1435 28.9344
      vertex 8.81445 55.1062 29.1963
    endloop
  endfacet
  facet normal -0.0488096 0.433399 -0.899879
    outer loop
      vertex 9.7 54.7963 14.0673
      vertex 9.55793 55.0224 14.1839
      vertex 9.7 55.0384 14.1839
    endloop
  endfacet
  facet normal 0.369324 0.232118 -0.899845
    outer loop
      vertex 69.1571 54.572 14.0673
      vertex 69.1099 54.6471 14.0673
      vertex 69.3752 54.677 14.1839
    endloop
  endfacet
  facet normal 0.518943 -0.825708 -0.221142
    outer loop
      vertex 69.5435 47.2677 15.0656
      vertex 69.3174 47.1256 15.0656
      vertex 69.5062 47.3144 14.8037
    endloop
  endfacet
  facet normal 0.825652 0.518908 -0.221437
    outer loop
      vertex 69.8205 54.8914 14.8037
      vertex 69.7323 55.1435 15.0656
      vertex 69.8744 54.9174 15.0656
    endloop
  endfacet
  facet normal 0.258972 0.739803 0.620987
    outer loop
      vertex 69.0261 55.3906 29.4384
      vertex 68.9888 55.2273 29.6485
      vertex 69.1682 55.1645 29.6485
    endloop
  endfacet
  facet normal 0.259001 0.739806 0.620971
    outer loop
      vertex 69.2409 55.3154 29.4384
      vertex 69.0261 55.3906 29.4384
      vertex 69.1682 55.1645 29.6485
    endloop
  endfacet
  facet normal 0.417135 0.663455 0.621148
    outer loop
      vertex 69.4335 55.1944 29.4384
      vertex 69.1682 55.1645 29.6485
      vertex 69.329 55.0634 29.6485
    endloop
  endfacet
  facet normal 0.0487994 0.433399 0.89988
    outer loop
      vertex 68.8 55.0384 29.8161
      vertex 68.8 54.7963 29.9327
      vertex 68.9421 55.0224 29.8161
    endloop
  endfacet
  facet normal 0.920504 0.322049 0.221262
    outer loop
      vertex 69.9626 54.6653 28.9344
      vertex 69.8744 54.9174 28.9344
      vertex 69.9043 54.652 29.1963
    endloop
  endfacet
  facet normal 0.896308 0.101087 0.431757
    outer loop
      vertex 69.9043 54.652 29.1963
      vertex 69.7906 54.6261 29.4384
      vertex 69.8161 54.4 29.4384
    endloop
  endfacet
  facet normal 0.330234 0.943899 -0
    outer loop
      vertex 69.3174 55.4744 15.0656
      vertex 69.0653 55.5626 28.9344
      vertex 69.3174 55.4744 28.9344
    endloop
  endfacet
  facet normal 0.330234 0.943899 0
    outer loop
      vertex 69.0653 55.5626 28.9344
      vertex 69.3174 55.4744 15.0656
      vertex 69.0653 55.5626 15.0656
    endloop
  endfacet
  facet normal 0.689554 0.689554 0.221426
    outer loop
      vertex 69.5435 55.3323 28.9344
      vertex 69.5062 55.2855 29.1963
      vertex 69.7323 55.1435 28.9344
    endloop
  endfacet
  facet normal 0.778745 0.0874438 0.621217
    outer loop
      vertex 69.8161 54.4 29.4384
      vertex 69.6273 54.5888 29.6485
      vertex 69.6485 54.4 29.6485
    endloop
  endfacet
  facet normal -0.825734 0.518814 0.22135
    outer loop
      vertex 8.7677 55.1435 28.9344
      vertex 8.62564 54.9174 28.9344
      vertex 8.67951 54.8914 29.1963
    endloop
  endfacet
  facet normal 0.0700435 0.622074 0.779819
    outer loop
      vertex 68.8 55.2485 29.6485
      vertex 68.8 55.0384 29.8161
      vertex 68.9421 55.0224 29.8161
    endloop
  endfacet
  facet normal 0 0.974909 -0.222602
    outer loop
      vertex 68.8 55.5327 14.8037
      vertex 9.7 55.5925 15.0656
      vertex 68.8 55.5925 15.0656
    endloop
  endfacet
  facet normal 0 0.974909 -0.222602
    outer loop
      vertex 9.7 55.5925 15.0656
      vertex 68.8 55.5327 14.8037
      vertex 9.7 55.5327 14.8037
    endloop
  endfacet
  facet normal -0.974909 0 0.222602
    outer loop
      vertex 8.50754 48.2 28.9344
      vertex 8.56734 54.4 29.1963
      vertex 8.50754 54.4 28.9344
    endloop
  endfacet
  facet normal -0.974909 0 0.222602
    outer loop
      vertex 8.56734 54.4 29.1963
      vertex 8.50754 48.2 28.9344
      vertex 8.56734 48.2 29.1963
    endloop
  endfacet
  facet normal 0.0700317 -0.621969 -0.779904
    outer loop
      vertex 68.9888 47.3727 14.3515
      vertex 68.8 47.5616 14.1839
      vertex 68.9421 47.5776 14.1839
    endloop
  endfacet
  facet normal 0.637867 -0.637867 -0.431568
    outer loop
      vertex 69.6855 47.4938 14.8037
      vertex 69.4335 47.4056 14.5616
      vertex 69.5944 47.5665 14.5616
    endloop
  endfacet
  facet normal 0.637976 -0.637621 -0.431771
    outer loop
      vertex 69.4335 47.4056 14.5616
      vertex 69.6855 47.4938 14.8037
      vertex 69.5062 47.3144 14.8037
    endloop
  endfacet
  facet normal 0.778745 -0.0874438 0.621217
    outer loop
      vertex 69.6485 48.2 29.6485
      vertex 69.6273 48.0112 29.6485
      vertex 69.8161 48.2 29.4384
    endloop
  endfacet
  facet normal -0.0486611 0.433477 -0.89985
    outer loop
      vertex 9.61181 54.7864 14.0673
      vertex 9.55793 55.0224 14.1839
      vertex 9.7 54.7963 14.0673
    endloop
  endfacet
  facet normal 0.763771 0.480024 0.431546
    outer loop
      vertex 69.6855 55.1062 29.1963
      vertex 69.5944 55.0335 29.4384
      vertex 69.8205 54.8914 29.1963
    endloop
  endfacet
  facet normal 0.308419 0.308419 0.899864
    outer loop
      vertex 69.2991 54.7981 29.8161
      vertex 69.0471 54.7099 29.9327
      vertex 69.1099 54.6471 29.9327
    endloop
  endfacet
  facet normal 0.0874438 0.778745 0.621217
    outer loop
      vertex 68.8 55.4161 29.4384
      vertex 68.8 55.2485 29.6485
      vertex 68.9888 55.2273 29.6485
    endloop
  endfacet
  facet normal 0.333184 0.529931 0.779847
    outer loop
      vertex 69.1682 55.1645 29.6485
      vertex 69.077 54.9752 29.8161
      vertex 69.329 55.0634 29.6485
    endloop
  endfacet
  facet normal 0.206805 0.590777 0.779881
    outer loop
      vertex 68.9888 55.2273 29.6485
      vertex 68.9421 55.0224 29.8161
      vertex 69.1682 55.1645 29.6485
    endloop
  endfacet
  facet normal -0.763818 0.47984 0.431666
    outer loop
      vertex 8.81445 55.1062 29.1963
      vertex 8.67951 54.8914 29.1963
      vertex 8.9056 55.0335 29.4384
    endloop
  endfacet
  facet normal 0.739795 0.258997 0.620986
    outer loop
      vertex 69.7154 54.8409 29.4384
      vertex 69.6273 54.5888 29.6485
      vertex 69.7906 54.6261 29.4384
    endloop
  endfacet
  facet normal 0.111994 -0.993709 0
    outer loop
      vertex 69.0653 47.0374 15.0656
      vertex 68.8 47.0075 23.9115
      vertex 68.8 47.0075 15.0656
    endloop
  endfacet
  facet normal 0.111994 -0.993709 0
    outer loop
      vertex 68.8 47.0075 23.9115
      vertex 69.0653 47.0374 15.0656
      vertex 69.0653 47.0374 24.6405
    endloop
  endfacet
  facet normal 0.84667 -0.532118 0
    outer loop
      vertex 69.7323 47.4565 26.4729
      vertex 69.8744 47.6826 15.0656
      vertex 69.8744 47.6826 26.8633
    endloop
  endfacet
  facet normal 0.84667 -0.532118 0
    outer loop
      vertex 69.8744 47.6826 15.0656
      vertex 69.7323 47.4565 26.4729
      vertex 69.7323 47.4565 15.0656
    endloop
  endfacet
  facet normal 0.969078 0.109214 0.221271
    outer loop
      vertex 69.9925 54.4 28.9344
      vertex 69.9043 54.652 29.1963
      vertex 69.9327 54.4 29.1963
    endloop
  endfacet
  facet normal 0.896345 0.101017 0.431697
    outer loop
      vertex 69.9043 54.652 29.1963
      vertex 69.8161 54.4 29.4384
      vertex 69.9327 54.4 29.1963
    endloop
  endfacet
  facet normal 0.974909 -0 0.222602
    outer loop
      vertex 69.9327 48.2 29.1963
      vertex 69.9925 54.4 28.9344
      vertex 69.9327 54.4 29.1963
    endloop
  endfacet
  facet normal 0.974909 0 0.222602
    outer loop
      vertex 69.9925 54.4 28.9344
      vertex 69.9327 48.2 29.1963
      vertex 69.9925 48.2 28.9344
    endloop
  endfacet
  facet normal 0.590777 -0.206805 -0.779881
    outer loop
      vertex 69.5645 47.8318 14.3515
      vertex 69.4224 48.0579 14.1839
      vertex 69.6273 48.0112 14.3515
    endloop
  endfacet
  facet normal 0.479992 0.763721 0.431668
    outer loop
      vertex 69.2914 55.4205 29.1963
      vertex 69.2409 55.3154 29.4384
      vertex 69.5062 55.2855 29.1963
    endloop
  endfacet
  facet normal 0.825652 0.518908 0.221437
    outer loop
      vertex 69.8744 54.9174 28.9344
      vertex 69.7323 55.1435 28.9344
      vertex 69.8205 54.8914 29.1963
    endloop
  endfacet
  facet normal 0.0878443 -0.778886 -0.620983
    outer loop
      vertex 69.0261 47.2094 14.5616
      vertex 68.8 47.1839 14.5616
      vertex 68.9888 47.3727 14.3515
    endloop
  endfacet
  facet normal 0 -1 -0
    outer loop
      vertex 68.8 47.0075 23.9115
      vertex 65.5804 47.0075 15.0656
      vertex 68.8 47.0075 15.0656
    endloop
  endfacet
  facet normal 0.322049 -0.920504 -0.221262
    outer loop
      vertex 69.0653 47.0374 15.0656
      vertex 69.052 47.0957 14.8037
      vertex 69.3174 47.1256 15.0656
    endloop
  endfacet
  facet normal -0.739807 0.258768 -0.621067
    outer loop
      vertex 8.87275 54.5888 14.3515
      vertex 8.78455 54.8409 14.5616
      vertex 8.9355 54.7682 14.3515
    endloop
  endfacet
  facet normal -0.851458 0.297939 -0.43157
    outer loop
      vertex 8.78455 54.8409 14.5616
      vertex 8.59574 54.652 14.8037
      vertex 8.67951 54.8914 14.8037
    endloop
  endfacet
  facet normal -0.259055 0.73979 0.620968
    outer loop
      vertex 9.4739 55.3906 29.4384
      vertex 9.33184 55.1645 29.6485
      vertex 9.51118 55.2273 29.6485
    endloop
  endfacet
  facet normal 0 0.781739 -0.623605
    outer loop
      vertex 68.8 55.2485 14.3515
      vertex 9.7 55.4161 14.5616
      vertex 68.8 55.4161 14.5616
    endloop
  endfacet
  facet normal 0 0.781739 -0.623605
    outer loop
      vertex 9.7 55.4161 14.5616
      vertex 68.8 55.2485 14.3515
      vertex 9.7 55.2485 14.3515
    endloop
  endfacet
  facet normal 0 0.781739 0.623605
    outer loop
      vertex 68.8 55.4161 29.4384
      vertex 9.7 55.2485 29.6485
      vertex 68.8 55.2485 29.6485
    endloop
  endfacet
  facet normal 0 0.781739 0.623605
    outer loop
      vertex 9.7 55.2485 29.6485
      vertex 68.8 55.4161 29.4384
      vertex 9.7 55.4161 29.4384
    endloop
  endfacet
  facet normal -0.298005 0.851341 0.431754
    outer loop
      vertex 9.44796 55.5043 29.1963
      vertex 9.20856 55.4205 29.1963
      vertex 9.4739 55.3906 29.4384
    endloop
  endfacet
  facet normal -0.689526 0.689599 -0.221377
    outer loop
      vertex 8.9938 55.2855 14.8037
      vertex 8.7677 55.1435 15.0656
      vertex 8.95652 55.3323 15.0656
    endloop
  endfacet
  facet normal -0.969075 -0.109215 -0.221283
    outer loop
      vertex 8.53008 48 15.0656
      vertex 8.50754 48.2 15.0656
      vertex 8.57753 48 14.8578
    endloop
  endfacet
  facet normal -0.969132 -0.109173 -0.221055
    outer loop
      vertex 8.57753 48 14.8578
      vertex 8.56734 48.2 14.8037
      vertex 8.58987 48 14.8037
    endloop
  endfacet
  facet normal -0.969076 -0.109228 -0.221271
    outer loop
      vertex 8.56734 48.2 14.8037
      vertex 8.57753 48 14.8578
      vertex 8.50754 48.2 15.0656
    endloop
  endfacet
  facet normal -0.333071 0.530047 -0.779817
    outer loop
      vertex 9.42299 54.9752 14.1839
      vertex 9.17095 55.0634 14.3515
      vertex 9.33184 55.1645 14.3515
    endloop
  endfacet
  facet normal 0.0253045 0.222531 -0.974597
    outer loop
      vertex 68.8299 54.531 14.0075
      vertex 68.8 54.5344 14.0075
      vertex 68.8 54.7963 14.0673
    endloop
  endfacet
  facet normal 0.0487994 0.433399 -0.89988
    outer loop
      vertex 68.9421 55.0224 14.1839
      vertex 68.8 54.7963 14.0673
      vertex 68.8 55.0384 14.1839
    endloop
  endfacet
  facet normal 0.0698436 0.622003 -0.779894
    outer loop
      vertex 68.9421 55.0224 14.1839
      vertex 68.8 55.2485 14.3515
      vertex 68.9888 55.2273 14.3515
    endloop
  endfacet
  facet normal -0.622105 0.0700908 -0.77979
    outer loop
      vertex 9.06156 54.4 14.1839
      vertex 8.87275 54.5888 14.3515
      vertex 9.07757 54.5421 14.1839
    endloop
  endfacet
  facet normal 0 0.222602 -0.974909
    outer loop
      vertex 9.7 54.5344 14.0075
      vertex 68.8 54.7963 14.0673
      vertex 68.8 54.5344 14.0075
    endloop
  endfacet
  facet normal 0 0.222602 -0.974909
    outer loop
      vertex 68.8 54.7963 14.0673
      vertex 9.7 54.5344 14.0075
      vertex 9.7 54.7963 14.0673
    endloop
  endfacet
  facet normal 0.0700435 0.622074 -0.779819
    outer loop
      vertex 68.9421 55.0224 14.1839
      vertex 68.8 55.0384 14.1839
      vertex 68.8 55.2485 14.3515
    endloop
  endfacet
  facet normal 0.0486554 0.433475 -0.899851
    outer loop
      vertex 68.8882 54.7864 14.0673
      vertex 68.8 54.7963 14.0673
      vertex 68.9421 55.0224 14.1839
    endloop
  endfacet
  facet normal 0.84667 0.532118 0
    outer loop
      vertex 69.8744 54.9174 28.9344
      vertex 69.7323 55.1435 15.0656
      vertex 69.7323 55.1435 28.9344
    endloop
  endfacet
  facet normal 0.84667 0.532118 0
    outer loop
      vertex 69.7323 55.1435 15.0656
      vertex 69.8744 54.9174 28.9344
      vertex 69.8744 54.9174 15.0656
    endloop
  endfacet
  facet normal -0.109196 0.96908 0.221271
    outer loop
      vertex 9.7 55.5327 29.1963
      vertex 9.43465 55.5626 28.9344
      vertex 9.44796 55.5043 29.1963
    endloop
  endfacet
  facet normal 0.532118 0.84667 -0
    outer loop
      vertex 69.5435 55.3323 15.0656
      vertex 69.3174 55.4744 28.9344
      vertex 69.5435 55.3323 28.9344
    endloop
  endfacet
  facet normal 0.532118 0.84667 0
    outer loop
      vertex 69.3174 55.4744 28.9344
      vertex 69.5435 55.3323 15.0656
      vertex 69.3174 55.4744 15.0656
    endloop
  endfacet
  facet normal 0.0878443 0.778886 0.620983
    outer loop
      vertex 69.0261 55.3906 29.4384
      vertex 68.8 55.4161 29.4384
      vertex 68.9888 55.2273 29.6485
    endloop
  endfacet
  facet normal 0.781739 -0 0.623605
    outer loop
      vertex 69.6485 48.2 29.6485
      vertex 69.8161 54.4 29.4384
      vertex 69.6485 54.4 29.6485
    endloop
  endfacet
  facet normal 0.781739 0 0.623605
    outer loop
      vertex 69.8161 54.4 29.4384
      vertex 69.6485 48.2 29.6485
      vertex 69.8161 48.2 29.4384
    endloop
  endfacet
  facet normal 0.118978 0.189621 0.974622
    outer loop
      vertex 69.0471 54.7099 29.9327
      vertex 68.8583 54.521 29.9925
      vertex 68.8838 54.505 29.9925
    endloop
  endfacet
  facet normal -0.739807 0.258768 0.621067
    outer loop
      vertex 8.9355 54.7682 29.6485
      vertex 8.78455 54.8409 29.4384
      vertex 8.87275 54.5888 29.6485
    endloop
  endfacet
  facet normal 0.411695 0.144048 0.899865
    outer loop
      vertex 69.3752 54.677 29.8161
      vertex 69.1864 54.4882 29.9327
      vertex 69.4224 54.5421 29.8161
    endloop
  endfacet
  facet normal 0.778886 0.0878443 0.620983
    outer loop
      vertex 69.7906 54.6261 29.4384
      vertex 69.6273 54.5888 29.6485
      vertex 69.8161 54.4 29.4384
    endloop
  endfacet
  facet normal 0.969094 -0.109508 0.221054
    outer loop
      vertex 69.9925 48.2 28.9344
      vertex 69.9225 48 29.1422
      vertex 69.9699 48 28.9344
    endloop
  endfacet
  facet normal 0.622082 -0.0698524 0.77983
    outer loop
      vertex 69.6485 48.2 29.6485
      vertex 69.4384 48.2 29.8161
      vertex 69.6273 48.0112 29.6485
    endloop
  endfacet
  facet normal 0.47989 0.763858 0.431539
    outer loop
      vertex 69.5062 55.2855 29.1963
      vertex 69.2409 55.3154 29.4384
      vertex 69.4335 55.1944 29.4384
    endloop
  endfacet
  facet normal 0.554154 0.554154 0.621149
    outer loop
      vertex 69.4335 55.1944 29.4384
      vertex 69.329 55.0634 29.6485
      vertex 69.5944 55.0335 29.4384
    endloop
  endfacet
  facet normal 0.778738 -0.0874252 0.621228
    outer loop
      vertex 69.6763 48 29.5855
      vertex 69.8161 48.2 29.4384
      vertex 69.6273 48.0112 29.6485
    endloop
  endfacet
  facet normal 0.779076 -0.0880355 0.620718
    outer loop
      vertex 69.8161 48.2 29.4384
      vertex 69.6763 48 29.5855
      vertex 69.7935 48 29.4384
    endloop
  endfacet
  facet normal 0.532118 -0.84667 0
    outer loop
      vertex 69.5435 47.2677 15.0656
      vertex 69.3174 47.1256 25.333
      vertex 69.3174 47.1256 15.0656
    endloop
  endfacet
  facet normal 0.532118 -0.84667 0
    outer loop
      vertex 69.3174 47.1256 25.333
      vertex 69.5435 47.2677 15.0656
      vertex 69.5435 47.2677 25.9542
    endloop
  endfacet
  facet normal 0.969078 -0.109214 -0.221271
    outer loop
      vertex 69.9925 48.2 15.0656
      vertex 69.9043 47.948 14.8037
      vertex 69.9327 48.2 14.8037
    endloop
  endfacet
  facet normal 0.896345 -0.101017 -0.431697
    outer loop
      vertex 69.9043 47.948 14.8037
      vertex 69.8161 48.2 14.5616
      vertex 69.9327 48.2 14.8037
    endloop
  endfacet
  facet normal 1 -0 0
    outer loop
      vertex 69.9925 48.2 28.9344
      vertex 69.9925 54.4 15.0656
      vertex 69.9925 54.4 28.9344
    endloop
  endfacet
  facet normal 1 0 0
    outer loop
      vertex 69.9925 54.4 15.0656
      vertex 69.9925 48.2 28.9344
      vertex 69.9925 48.2 15.0656
    endloop
  endfacet
  facet normal 0.739816 -0.258977 -0.62097
    outer loop
      vertex 69.7154 47.7591 14.5616
      vertex 69.5645 47.8318 14.3515
      vertex 69.6273 48.0112 14.3515
    endloop
  endfacet
  facet normal 0.333184 -0.529931 -0.779847
    outer loop
      vertex 69.1682 47.4355 14.3515
      vertex 69.077 47.6248 14.1839
      vertex 69.329 47.5366 14.3515
    endloop
  endfacet
  facet normal 0.258972 0.739803 -0.620987
    outer loop
      vertex 69.1682 55.1645 14.3515
      vertex 68.9888 55.2273 14.3515
      vertex 69.0261 55.3906 14.5616
    endloop
  endfacet
  facet normal 0.993709 0.111994 0
    outer loop
      vertex 69.9925 54.4 28.9344
      vertex 69.9626 54.6653 15.0656
      vertex 69.9626 54.6653 28.9344
    endloop
  endfacet
  facet normal 0.993709 0.111994 0
    outer loop
      vertex 69.9626 54.6653 15.0656
      vertex 69.9925 54.4 28.9344
      vertex 69.9925 54.4 15.0656
    endloop
  endfacet
  facet normal 0.518913 0.825648 -0.221436
    outer loop
      vertex 69.5062 55.2855 14.8037
      vertex 69.2914 55.4205 14.8037
      vertex 69.3174 55.4744 15.0656
    endloop
  endfacet
  facet normal 0.707107 0.707107 -0
    outer loop
      vertex 69.7323 55.1435 15.0656
      vertex 69.5435 55.3323 28.9344
      vertex 69.7323 55.1435 28.9344
    endloop
  endfacet
  facet normal 0.707107 0.707107 0
    outer loop
      vertex 69.5435 55.3323 28.9344
      vertex 69.7323 55.1435 15.0656
      vertex 69.5435 55.3323 15.0656
    endloop
  endfacet
  facet normal -0.433916 0 -0.900953
    outer loop
      vertex 9.06156 48.2 14.1839
      vertex 9.30366 54.4 14.0673
      vertex 9.30366 48.2 14.0673
    endloop
  endfacet
  facet normal -0.433916 0 -0.900953
    outer loop
      vertex 9.30366 54.4 14.0673
      vertex 9.06156 48.2 14.1839
      vertex 9.06156 54.4 14.1839
    endloop
  endfacet
  facet normal -0.0739032 -0.212005 -0.97447
    outer loop
      vertex 9.62674 48 14.0258
      vertex 9.6417 48.0789 14.0075
      vertex 9.6701 48.069 14.0075
    endloop
  endfacet
  facet normal -0.0718435 -0.212411 -0.974536
    outer loop
      vertex 9.6417 48.0789 14.0075
      vertex 9.62674 48 14.0258
      vertex 9.60368 48 14.0275
    endloop
  endfacet
  facet normal -0.993709 0.111994 0
    outer loop
      vertex 8.50754 54.4 15.0656
      vertex 8.53744 54.6653 28.9344
      vertex 8.53744 54.6653 15.0656
    endloop
  endfacet
  facet normal -0.993709 0.111994 0
    outer loop
      vertex 8.53744 54.6653 28.9344
      vertex 8.50754 54.4 15.0656
      vertex 8.50754 54.4 28.9344
    endloop
  endfacet
  facet normal -0.969075 -0.109215 0.221283
    outer loop
      vertex 8.57753 48 29.1422
      vertex 8.50754 48.2 28.9344
      vertex 8.53008 48 28.9344
    endloop
  endfacet
  facet normal -0.993709 -0.111991 0
    outer loop
      vertex 8.53008 48 15.0656
      vertex 8.50754 48.2 28.9344
      vertex 8.50754 48.2 15.0656
    endloop
  endfacet
  facet normal -0.993709 -0.111991 0
    outer loop
      vertex 8.50754 48.2 28.9344
      vertex 8.53008 48 15.0656
      vertex 8.53008 48 28.9344
    endloop
  endfacet
  facet normal -0.825781 0.518766 0.221288
    outer loop
      vertex 8.7677 55.1435 28.9344
      vertex 8.67951 54.8914 29.1963
      vertex 8.81445 55.1062 29.1963
    endloop
  endfacet
  facet normal -0.330304 0.943875 0
    outer loop
      vertex 9.43465 55.5626 15.0656
      vertex 9.18261 55.4744 28.9344
      vertex 9.43465 55.5626 28.9344
    endloop
  endfacet
  facet normal -0.330304 0.943875 0
    outer loop
      vertex 9.18261 55.4744 28.9344
      vertex 9.43465 55.5626 15.0656
      vertex 9.18261 55.4744 15.0656
    endloop
  endfacet
  facet normal -0.518928 0.825647 -0.221405
    outer loop
      vertex 8.9938 55.2855 14.8037
      vertex 8.95652 55.3323 15.0656
      vertex 9.18261 55.4744 15.0656
    endloop
  endfacet
  facet normal -0.322196 0.92045 -0.22127
    outer loop
      vertex 9.44796 55.5043 14.8037
      vertex 9.20856 55.4205 14.8037
      vertex 9.43465 55.5626 15.0656
    endloop
  endfacet
  facet normal 0.157977 -0.159059 0.974548
    outer loop
      vertex 68.905 48.1162 29.9925
      vertex 68.9595 48 29.9647
      vertex 69.0508 48 29.9499
    endloop
  endfacet
  facet normal 0.158704 -0.158704 0.974488
    outer loop
      vertex 68.9595 48 29.9647
      vertex 68.905 48.1162 29.9925
      vertex 68.8838 48.095 29.9925
    endloop
  endfacet
  facet normal -0.59137 -0.207031 0.779371
    outer loop
      vertex 9.07757 48.0579 29.8161
      vertex 9.04117 48 29.7731
      vertex 9.09784 48 29.8161
    endloop
  endfacet
  facet normal -0.480025 0.76363 -0.431793
    outer loop
      vertex 9.25914 55.3154 14.5616
      vertex 8.9938 55.2855 14.8037
      vertex 9.20856 55.4205 14.8037
    endloop
  endfacet
  facet normal -0.109197 0.969079 -0.221271
    outer loop
      vertex 9.7 55.5327 14.8037
      vertex 9.43465 55.5626 15.0656
      vertex 9.7 55.5925 15.0656
    endloop
  endfacet
  facet normal 0.969078 0.109218 0.221267
    outer loop
      vertex 69.9626 54.6653 28.9344
      vertex 69.9043 54.652 29.1963
      vertex 69.9925 54.4 28.9344
    endloop
  endfacet
  facet normal 0.518907 0.82565 -0.221442
    outer loop
      vertex 69.5062 55.2855 14.8037
      vertex 69.3174 55.4744 15.0656
      vertex 69.5435 55.3323 15.0656
    endloop
  endfacet
  facet normal -0.101001 0.896346 -0.431697
    outer loop
      vertex 9.7 55.4161 14.5616
      vertex 9.44796 55.5043 14.8037
      vertex 9.7 55.5327 14.8037
    endloop
  endfacet
  facet normal -0.411717 0.144003 -0.899862
    outer loop
      vertex 9.3136 54.4882 14.0673
      vertex 9.12479 54.677 14.1839
      vertex 9.34291 54.572 14.0673
    endloop
  endfacet
  facet normal -0.119699 -0.189363 -0.974584
    outer loop
      vertex 9.60368 48 14.0275
      vertex 9.61623 48.095 14.0075
      vertex 9.6417 48.0789 14.0075
    endloop
  endfacet
  facet normal -0.122497 -0.188937 -0.974319
    outer loop
      vertex 9.61623 48.095 14.0075
      vertex 9.60368 48 14.0275
      vertex 9.583 48 14.0301
    endloop
  endfacet
  facet normal -0.0249771 0.222498 -0.974613
    outer loop
      vertex 9.6701 54.531 14.0075
      vertex 9.61181 54.7864 14.0673
      vertex 9.7 54.7963 14.0673
    endloop
  endfacet
  facet normal 0.993676 -0.112285 0
    outer loop
      vertex 69.9699 48 27.1258
      vertex 69.9925 48.2 28.9344
      vertex 69.9699 48 28.9344
    endloop
  endfacet
  facet normal 0.993676 -0.112285 0
    outer loop
      vertex 69.9925 48.2 28.9344
      vertex 69.9699 48 27.1258
      vertex 69.9925 48.2 15.0656
    endloop
  endfacet
  facet normal 0.993809 -0.111106 1.98116e-05
    outer loop
      vertex 69.9626 47.9347 27.1056
      vertex 69.9925 48.2 15.0656
      vertex 69.9699 48 27.1258
    endloop
  endfacet
  facet normal 0.993709 -0.111994 0
    outer loop
      vertex 69.9925 48.2 15.0656
      vertex 69.9626 47.9347 27.1056
      vertex 69.9626 47.9347 15.0656
    endloop
  endfacet
  facet normal 0.308512 0.308207 -0.899905
    outer loop
      vertex 69.2991 54.7981 14.1839
      vertex 69.0471 54.7099 14.0673
      vertex 69.1981 54.8992 14.1839
    endloop
  endfacet
  facet normal 0.206805 0.590777 -0.779881
    outer loop
      vertex 69.1682 55.1645 14.3515
      vertex 68.9421 55.0224 14.1839
      vertex 68.9888 55.2273 14.3515
    endloop
  endfacet
  facet normal 0 0.433916 -0.900953
    outer loop
      vertex 9.7 54.7963 14.0673
      vertex 68.8 55.0384 14.1839
      vertex 68.8 54.7963 14.0673
    endloop
  endfacet
  facet normal 0 0.433916 -0.900953
    outer loop
      vertex 68.8 55.0384 14.1839
      vertex 9.7 54.7963 14.0673
      vertex 9.7 55.0384 14.1839
    endloop
  endfacet
  facet normal 0.206732 0.59085 -0.779845
    outer loop
      vertex 69.077 54.9752 14.1839
      vertex 68.9421 55.0224 14.1839
      vertex 69.1682 55.1645 14.3515
    endloop
  endfacet
  facet normal -0.0253045 0.222531 -0.974597
    outer loop
      vertex 9.7 54.5344 14.0075
      vertex 9.6701 54.531 14.0075
      vertex 9.7 54.7963 14.0673
    endloop
  endfacet
  facet normal 0.111994 0.993709 -0
    outer loop
      vertex 69.0653 55.5626 15.0656
      vertex 68.8 55.5925 28.9344
      vertex 69.0653 55.5626 28.9344
    endloop
  endfacet
  facet normal 0.111994 0.993709 0
    outer loop
      vertex 68.8 55.5925 28.9344
      vertex 69.0653 55.5626 15.0656
      vertex 68.8 55.5925 15.0656
    endloop
  endfacet
  facet normal 0.222498 0.0249742 0.974613
    outer loop
      vertex 69.1864 54.4882 29.9327
      vertex 68.931 54.4299 29.9925
      vertex 69.1963 54.4 29.9327
    endloop
  endfacet
  facet normal 0.433916 0 0.900953
    outer loop
      vertex 69.1963 54.4 29.9327
      vertex 69.4384 48.2 29.8161
      vertex 69.4384 54.4 29.8161
    endloop
  endfacet
  facet normal 0.433916 0 0.900953
    outer loop
      vertex 69.4384 48.2 29.8161
      vertex 69.1963 54.4 29.9327
      vertex 69.1963 48.2 29.9327
    endloop
  endfacet
  facet normal 0.222531 0.0253045 0.974597
    outer loop
      vertex 69.1963 54.4 29.9327
      vertex 68.931 54.4299 29.9925
      vertex 68.9344 54.4 29.9925
    endloop
  endfacet
  facet normal 0.211332 0.0738907 0.974617
    outer loop
      vertex 69.1571 54.572 29.9327
      vertex 68.931 54.4299 29.9925
      vertex 69.1864 54.4882 29.9327
    endloop
  endfacet
  facet normal 0.206732 0.59085 0.779845
    outer loop
      vertex 69.1682 55.1645 29.6485
      vertex 68.9421 55.0224 29.8161
      vertex 69.077 54.9752 29.8161
    endloop
  endfacet
  facet normal 0.232118 0.369324 0.899845
    outer loop
      vertex 69.077 54.9752 29.8161
      vertex 68.972 54.7571 29.9327
      vertex 69.0471 54.7099 29.9327
    endloop
  endfacet
  facet normal -0.0264331 -0.222828 0.974499
    outer loop
      vertex 9.7 48.0656 29.9925
      vertex 9.67788 48 29.9769
      vertex 9.7 48 29.9775
    endloop
  endfacet
  facet normal -0.0253774 -0.223172 0.974449
    outer loop
      vertex 9.67788 48 29.9769
      vertex 9.7 48.0656 29.9925
      vertex 9.6701 48.069 29.9925
    endloop
  endfacet
  facet normal 0.433475 0.0486554 0.899851
    outer loop
      vertex 69.4224 54.5421 29.8161
      vertex 69.1864 54.4882 29.9327
      vertex 69.1963 54.4 29.9327
    endloop
  endfacet
  facet normal 0.900953 -0 0.433916
    outer loop
      vertex 69.8161 48.2 29.4384
      vertex 69.9327 54.4 29.1963
      vertex 69.8161 54.4 29.4384
    endloop
  endfacet
  facet normal 0.900953 0 0.433916
    outer loop
      vertex 69.9327 54.4 29.1963
      vertex 69.8161 48.2 29.4384
      vertex 69.9327 48.2 29.1963
    endloop
  endfacet
  facet normal 0.322186 -0.92042 -0.221411
    outer loop
      vertex 69.3174 47.1256 15.0656
      vertex 69.052 47.0957 14.8037
      vertex 69.2914 47.1795 14.8037
    endloop
  endfacet
  facet normal 0.330234 -0.943899 0
    outer loop
      vertex 69.3174 47.1256 15.0656
      vertex 69.0653 47.0374 24.6405
      vertex 69.0653 47.0374 15.0656
    endloop
  endfacet
  facet normal 0.330234 -0.943899 0
    outer loop
      vertex 69.0653 47.0374 24.6405
      vertex 69.3174 47.1256 15.0656
      vertex 69.3174 47.1256 25.333
    endloop
  endfacet
  facet normal 0.258997 -0.739795 -0.620986
    outer loop
      vertex 69.0261 47.2094 14.5616
      vertex 68.9888 47.3727 14.3515
      vertex 69.2409 47.2846 14.5616
    endloop
  endfacet
  facet normal 0.92042 -0.322186 -0.221411
    outer loop
      vertex 69.8744 47.6826 15.0656
      vertex 69.8205 47.7086 14.8037
      vertex 69.9043 47.948 14.8037
    endloop
  endfacet
  facet normal 0.851345 -0.298006 -0.431746
    outer loop
      vertex 69.8205 47.7086 14.8037
      vertex 69.7154 47.7591 14.5616
      vertex 69.9043 47.948 14.8037
    endloop
  endfacet
  facet normal 0.0874438 -0.778745 -0.621217
    outer loop
      vertex 68.9888 47.3727 14.3515
      vertex 68.8 47.1839 14.5616
      vertex 68.8 47.3515 14.3515
    endloop
  endfacet
  facet normal -0.231902 0.369365 -0.899884
    outer loop
      vertex 9.45289 54.7099 14.0673
      vertex 9.30194 54.8992 14.1839
      vertex 9.42299 54.9752 14.1839
    endloop
  endfacet
  facet normal -0 -0.781739 -0.623605
    outer loop
      vertex 68.8 47.3515 14.3515
      vertex 65.3969 47.1839 14.5616
      vertex 65.3204 47.3515 14.3515
    endloop
  endfacet
  facet normal 0 -0.781739 -0.623605
    outer loop
      vertex 65.3969 47.1839 14.5616
      vertex 68.8 47.3515 14.3515
      vertex 68.8 47.1839 14.5616
    endloop
  endfacet
  facet normal 0.974909 0 -0.222602
    outer loop
      vertex 69.9925 48.2 15.0656
      vertex 69.9327 54.4 14.8037
      vertex 69.9925 54.4 15.0656
    endloop
  endfacet
  facet normal 0.974909 0 -0.222602
    outer loop
      vertex 69.9327 54.4 14.8037
      vertex 69.9925 48.2 15.0656
      vertex 69.9327 48.2 14.8037
    endloop
  endfacet
  facet normal 0.59085 -0.206732 -0.779845
    outer loop
      vertex 69.5645 47.8318 14.3515
      vertex 69.3752 47.923 14.1839
      vertex 69.4224 48.0579 14.1839
    endloop
  endfacet
  facet normal 0.518907 0.82565 0.221442
    outer loop
      vertex 69.5435 55.3323 28.9344
      vertex 69.3174 55.4744 28.9344
      vertex 69.5062 55.2855 29.1963
    endloop
  endfacet
  facet normal 0.518913 0.825648 0.221436
    outer loop
      vertex 69.3174 55.4744 28.9344
      vertex 69.2914 55.4205 29.1963
      vertex 69.5062 55.2855 29.1963
    endloop
  endfacet
  facet normal 0.825647 0.518912 0.221442
    outer loop
      vertex 69.7323 55.1435 28.9344
      vertex 69.6855 55.1062 29.1963
      vertex 69.8205 54.8914 29.1963
    endloop
  endfacet
  facet normal 0.763803 0.479856 0.431675
    outer loop
      vertex 69.8205 54.8914 29.1963
      vertex 69.5944 55.0335 29.4384
      vertex 69.7154 54.8409 29.4384
    endloop
  endfacet
  facet normal 0.109214 -0.969078 -0.221271
    outer loop
      vertex 69.052 47.0957 14.8037
      vertex 68.8 47.0075 15.0656
      vertex 68.8 47.0673 14.8037
    endloop
  endfacet
  facet normal -0 -0.974909 -0.222602
    outer loop
      vertex 68.8 47.0673 14.8037
      vertex 65.5804 47.0075 15.0656
      vertex 65.485 47.0673 14.8037
    endloop
  endfacet
  facet normal 0 -0.974909 -0.222602
    outer loop
      vertex 65.5804 47.0075 15.0656
      vertex 68.8 47.0673 14.8037
      vertex 68.8 47.0075 15.0656
    endloop
  endfacet
  facet normal -0.622089 0.0701168 -0.779801
    outer loop
      vertex 9.06156 54.4 14.1839
      vertex 8.85147 54.4 14.3515
      vertex 8.87275 54.5888 14.3515
    endloop
  endfacet
  facet normal -0.943899 0.330234 0
    outer loop
      vertex 8.53744 54.6653 15.0656
      vertex 8.62564 54.9174 28.9344
      vertex 8.62564 54.9174 15.0656
    endloop
  endfacet
  facet normal -0.943899 0.330234 0
    outer loop
      vertex 8.62564 54.9174 28.9344
      vertex 8.53744 54.6653 15.0656
      vertex 8.53744 54.6653 28.9344
    endloop
  endfacet
  facet normal -0.969078 0.109218 -0.221267
    outer loop
      vertex 8.59574 54.652 14.8037
      vertex 8.50754 54.4 15.0656
      vertex 8.53744 54.6653 15.0656
    endloop
  endfacet
  facet normal -0.969078 0.109214 0.221271
    outer loop
      vertex 8.59574 54.652 29.1963
      vertex 8.50754 54.4 28.9344
      vertex 8.56734 54.4 29.1963
    endloop
  endfacet
  facet normal -1 0 0
    outer loop
      vertex 8.50754 48.2 15.0656
      vertex 8.50754 54.4 28.9344
      vertex 8.50754 54.4 15.0656
    endloop
  endfacet
  facet normal -1 -0 0
    outer loop
      vertex 8.50754 54.4 28.9344
      vertex 8.50754 48.2 15.0656
      vertex 8.50754 48.2 28.9344
    endloop
  endfacet
  facet normal -0.77883 -0.0877834 -0.621062
    outer loop
      vertex 8.87275 48.0112 14.3515
      vertex 8.68393 48.2 14.5616
      vertex 8.85147 48.2 14.3515
    endloop
  endfacet
  facet normal 0.109214 0.969079 0.221267
    outer loop
      vertex 69.0653 55.5626 28.9344
      vertex 68.8 55.5327 29.1963
      vertex 69.052 55.5043 29.1963
    endloop
  endfacet
  facet normal 0 0.900953 0.433916
    outer loop
      vertex 68.8 55.5327 29.1963
      vertex 9.7 55.4161 29.4384
      vertex 68.8 55.4161 29.4384
    endloop
  endfacet
  facet normal 0 0.900953 0.433916
    outer loop
      vertex 9.7 55.4161 29.4384
      vertex 68.8 55.5327 29.1963
      vertex 9.7 55.5327 29.1963
    endloop
  endfacet
  facet normal -0.707069 0.707144 0
    outer loop
      vertex 8.7677 55.1435 15.0656
      vertex 8.95652 55.3323 28.9344
      vertex 8.95652 55.3323 15.0656
    endloop
  endfacet
  facet normal -0.707069 0.707144 0
    outer loop
      vertex 8.95652 55.3323 28.9344
      vertex 8.7677 55.1435 15.0656
      vertex 8.7677 55.1435 28.9344
    endloop
  endfacet
  facet normal -0.637895 0.637855 -0.431545
    outer loop
      vertex 9.06649 55.1944 14.5616
      vertex 8.9056 55.0335 14.5616
      vertex 8.9938 55.2855 14.8037
    endloop
  endfacet
  facet normal -0.518994 0.825623 -0.22134
    outer loop
      vertex 9.20856 55.4205 14.8037
      vertex 8.9938 55.2855 14.8037
      vertex 9.18261 55.4744 15.0656
    endloop
  endfacet
  facet normal -0.896343 -0.101018 0.4317
    outer loop
      vertex 8.68393 48.2 29.4384
      vertex 8.61395 48 29.2463
      vertex 8.70647 48 29.4384
    endloop
  endfacet
  facet normal 0.308512 0.308207 0.899905
    outer loop
      vertex 69.1981 54.8992 29.8161
      vertex 69.0471 54.7099 29.9327
      vertex 69.2991 54.7981 29.8161
    endloop
  endfacet
  facet normal 0.109218 0.969077 -0.221271
    outer loop
      vertex 69.0653 55.5626 15.0656
      vertex 68.8 55.5327 14.8037
      vertex 68.8 55.5925 15.0656
    endloop
  endfacet
  facet normal -0.590891 0.20668 -0.779827
    outer loop
      vertex 9.12479 54.677 14.1839
      vertex 8.87275 54.5888 14.3515
      vertex 8.9355 54.7682 14.3515
    endloop
  endfacet
  facet normal -0.433399 0.0488298 -0.899878
    outer loop
      vertex 9.30366 54.4 14.0673
      vertex 9.06156 54.4 14.1839
      vertex 9.07757 54.5421 14.1839
    endloop
  endfacet
  facet normal 0.735386 -0.262638 0.624683
    outer loop
      vertex 69.6273 48.0112 29.6485
      vertex 69.6233 48 29.6485
      vertex 69.6312 48 29.6392
    endloop
  endfacet
  facet normal 0.298045 0.85133 -0.431748
    outer loop
      vertex 69.2409 55.3154 14.5616
      vertex 69.0261 55.3906 14.5616
      vertex 69.2914 55.4205 14.8037
    endloop
  endfacet
  facet normal 0.232118 0.369324 -0.899845
    outer loop
      vertex 69.0471 54.7099 14.0673
      vertex 68.972 54.7571 14.0673
      vertex 69.077 54.9752 14.1839
    endloop
  endfacet
  facet normal 0.15829 0.15829 -0.974622
    outer loop
      vertex 69.1099 54.6471 14.0673
      vertex 68.905 54.4838 14.0075
      vertex 69.0471 54.7099 14.0673
    endloop
  endfacet
  facet normal -0.144005 0.411716 -0.899862
    outer loop
      vertex 9.61181 54.7864 14.0673
      vertex 9.52804 54.7571 14.0673
      vertex 9.55793 55.0224 14.1839
    endloop
  endfacet
  facet normal 0.143954 0.411719 -0.899869
    outer loop
      vertex 68.972 54.7571 14.0673
      vertex 68.8882 54.7864 14.0673
      vertex 68.9421 55.0224 14.1839
    endloop
  endfacet
  facet normal 0.0253045 -0.222531 -0.974597
    outer loop
      vertex 68.8299 48.069 14.0075
      vertex 68.8 47.8037 14.0673
      vertex 68.8 48.0656 14.0075
    endloop
  endfacet
  facet normal 0.101017 0.896345 0.431697
    outer loop
      vertex 68.8 55.5327 29.1963
      vertex 68.8 55.4161 29.4384
      vertex 69.052 55.5043 29.1963
    endloop
  endfacet
  facet normal 0.109218 0.969077 0.221271
    outer loop
      vertex 68.8 55.5925 28.9344
      vertex 68.8 55.5327 29.1963
      vertex 69.0653 55.5626 28.9344
    endloop
  endfacet
  facet normal -0.778825 0.0877685 0.621071
    outer loop
      vertex 8.70941 54.6261 29.4384
      vertex 8.68393 54.4 29.4384
      vertex 8.87275 54.5888 29.6485
    endloop
  endfacet
  facet normal -0.189274 -0.119898 0.974577
    outer loop
      vertex 9.34291 48.028 29.9327
      vertex 9.44921 48 29.9499
      vertex 9.59495 48.1162 29.9925
    endloop
  endfacet
  facet normal -0.189055 -0.11897 0.974733
    outer loop
      vertex 9.44921 48 29.9499
      vertex 9.34291 48.028 29.9327
      vertex 9.36053 48 29.9327
    endloop
  endfacet
  facet normal 0.369329 0.232089 0.89985
    outer loop
      vertex 69.2991 54.7981 29.8161
      vertex 69.1099 54.6471 29.9327
      vertex 69.3752 54.677 29.8161
    endloop
  endfacet
  facet normal -0.11926 -0.190111 0.974492
    outer loop
      vertex 9.61623 48.095 29.9925
      vertex 9.54051 48 29.9647
      vertex 9.583 48 29.9699
    endloop
  endfacet
  facet normal -0.222468 -0.0250717 0.974618
    outer loop
      vertex 9.56901 48.1701 29.9925
      vertex 9.30366 48.2 29.9327
      vertex 9.3136 48.1118 29.9327
    endloop
  endfacet
  facet normal -0.0700582 0.622073 0.779818
    outer loop
      vertex 9.7 55.2485 29.6485
      vertex 9.55793 55.0224 29.8161
      vertex 9.7 55.0384 29.8161
    endloop
  endfacet
  facet normal 0.623605 0 0.781739
    outer loop
      vertex 69.4384 54.4 29.8161
      vertex 69.6485 48.2 29.6485
      vertex 69.6485 54.4 29.6485
    endloop
  endfacet
  facet normal 0.623605 0 0.781739
    outer loop
      vertex 69.6485 48.2 29.6485
      vertex 69.4384 54.4 29.8161
      vertex 69.4384 48.2 29.8161
    endloop
  endfacet
  facet normal 0.0738774 -0.211981 0.974477
    outer loop
      vertex 68.8733 48 29.9742
      vertex 68.8299 48.069 29.9925
      vertex 68.8456 48 29.9763
    endloop
  endfacet
  facet normal 0.554154 0.554154 0.621149
    outer loop
      vertex 69.5944 55.0335 29.4384
      vertex 69.329 55.0634 29.6485
      vertex 69.4634 54.929 29.6485
    endloop
  endfacet
  facet normal 0.590802 0.206715 0.779886
    outer loop
      vertex 69.6273 54.5888 29.6485
      vertex 69.3752 54.677 29.8161
      vertex 69.4224 54.5421 29.8161
    endloop
  endfacet
  facet normal -0.0874346 0.778745 0.621217
    outer loop
      vertex 9.7 55.4161 29.4384
      vertex 9.51118 55.2273 29.6485
      vertex 9.7 55.2485 29.6485
    endloop
  endfacet
  facet normal -0.77883 0.0877834 0.621062
    outer loop
      vertex 8.87275 54.5888 29.6485
      vertex 8.68393 54.4 29.4384
      vertex 8.85147 54.4 29.6485
    endloop
  endfacet
  facet normal 0.590225 -0.210795 0.77923
    outer loop
      vertex 69.6273 48.0112 29.6485
      vertex 69.4588 48 29.7731
      vertex 69.6233 48 29.6485
    endloop
  endfacet
  facet normal 0.590468 -0.207928 0.779816
    outer loop
      vertex 69.4588 48 29.7731
      vertex 69.6273 48.0112 29.6485
      vertex 69.4224 48.0579 29.8161
    endloop
  endfacet
  facet normal 0.298006 -0.851345 -0.431746
    outer loop
      vertex 69.2914 47.1795 14.8037
      vertex 69.052 47.0957 14.8037
      vertex 69.2409 47.2846 14.5616
    endloop
  endfacet
  facet normal 0.518636 -0.82582 -0.221444
    outer loop
      vertex 69.3174 47.1256 15.0656
      vertex 69.2914 47.1795 14.8037
      vertex 69.5062 47.3144 14.8037
    endloop
  endfacet
  facet normal 0.707107 -0.707107 0
    outer loop
      vertex 69.7323 47.4565 15.0656
      vertex 69.5435 47.2677 25.9542
      vertex 69.5435 47.2677 15.0656
    endloop
  endfacet
  facet normal 0.707107 -0.707107 0
    outer loop
      vertex 69.5435 47.2677 25.9542
      vertex 69.7323 47.4565 15.0656
      vertex 69.7323 47.4565 26.4729
    endloop
  endfacet
  facet normal 0.206805 -0.590777 -0.779881
    outer loop
      vertex 68.9888 47.3727 14.3515
      vertex 68.9421 47.5776 14.1839
      vertex 69.1682 47.4355 14.3515
    endloop
  endfacet
  facet normal 0.920504 -0.322049 -0.221262
    outer loop
      vertex 69.9626 47.9347 15.0656
      vertex 69.8744 47.6826 15.0656
      vertex 69.9043 47.948 14.8037
    endloop
  endfacet
  facet normal 0.969078 -0.109218 -0.221267
    outer loop
      vertex 69.9626 47.9347 15.0656
      vertex 69.9043 47.948 14.8037
      vertex 69.9925 48.2 15.0656
    endloop
  endfacet
  facet normal 0.211445 0.0737078 -0.974607
    outer loop
      vertex 68.931 54.4299 14.0075
      vertex 68.9211 54.4583 14.0075
      vertex 69.1571 54.572 14.0673
    endloop
  endfacet
  facet normal 0 -0.623605 -0.781739
    outer loop
      vertex 65.3204 47.3515 14.3515
      vertex 68.8 47.5616 14.1839
      vertex 68.8 47.3515 14.3515
    endloop
  endfacet
  facet normal -0 -0.623605 -0.781739
    outer loop
      vertex 68.8 47.5616 14.1839
      vertex 65.3204 47.3515 14.3515
      vertex 65.2595 47.5616 14.1839
    endloop
  endfacet
  facet normal 0.0738907 -0.211332 -0.974617
    outer loop
      vertex 68.8882 47.8136 14.0673
      vertex 68.8299 48.069 14.0075
      vertex 68.972 47.8429 14.0673
    endloop
  endfacet
  facet normal 0.101017 -0.896345 -0.431697
    outer loop
      vertex 69.052 47.0957 14.8037
      vertex 68.8 47.0673 14.8037
      vertex 68.8 47.1839 14.5616
    endloop
  endfacet
  facet normal 0.0487994 -0.433399 -0.89988
    outer loop
      vertex 68.9421 47.5776 14.1839
      vertex 68.8 47.5616 14.1839
      vertex 68.8 47.8037 14.0673
    endloop
  endfacet
  facet normal 0.920504 0.322049 -0.221262
    outer loop
      vertex 69.9043 54.652 14.8037
      vertex 69.8744 54.9174 15.0656
      vertex 69.9626 54.6653 15.0656
    endloop
  endfacet
  facet normal 0.92042 0.322186 0.221411
    outer loop
      vertex 69.8744 54.9174 28.9344
      vertex 69.8205 54.8914 29.1963
      vertex 69.9043 54.652 29.1963
    endloop
  endfacet
  facet normal 0.689554 0.689554 0.221426
    outer loop
      vertex 69.7323 55.1435 28.9344
      vertex 69.5062 55.2855 29.1963
      vertex 69.6855 55.1062 29.1963
    endloop
  endfacet
  facet normal 0.637867 0.637867 0.431568
    outer loop
      vertex 69.6855 55.1062 29.1963
      vertex 69.5062 55.2855 29.1963
      vertex 69.5944 55.0335 29.4384
    endloop
  endfacet
  facet normal -0 -0.900953 -0.433916
    outer loop
      vertex 68.8 47.1839 14.5616
      vertex 65.485 47.0673 14.8037
      vertex 65.3969 47.1839 14.5616
    endloop
  endfacet
  facet normal 0 -0.900953 -0.433916
    outer loop
      vertex 65.485 47.0673 14.8037
      vertex 68.8 47.1839 14.5616
      vertex 68.8 47.0673 14.8037
    endloop
  endfacet
  facet normal -0.778825 0.0877685 -0.621071
    outer loop
      vertex 8.87275 54.5888 14.3515
      vertex 8.68393 54.4 14.5616
      vertex 8.70941 54.6261 14.5616
    endloop
  endfacet
  facet normal -0.739787 0.258788 -0.621083
    outer loop
      vertex 8.87275 54.5888 14.3515
      vertex 8.70941 54.6261 14.5616
      vertex 8.78455 54.8409 14.5616
    endloop
  endfacet
  facet normal -0.189055 -0.11897 -0.974733
    outer loop
      vertex 9.34291 48.028 14.0673
      vertex 9.44921 48 14.0501
      vertex 9.36053 48 14.0673
    endloop
  endfacet
  facet normal -0.189274 -0.119898 -0.974577
    outer loop
      vertex 9.44921 48 14.0501
      vertex 9.34291 48.028 14.0673
      vertex 9.59495 48.1162 14.0075
    endloop
  endfacet
  facet normal -0.969078 0.109218 0.221267
    outer loop
      vertex 8.53744 54.6653 28.9344
      vertex 8.50754 54.4 28.9344
      vertex 8.59574 54.652 29.1963
    endloop
  endfacet
  facet normal -0.896359 0.101018 0.431667
    outer loop
      vertex 8.59574 54.652 29.1963
      vertex 8.56734 54.4 29.1963
      vertex 8.68393 54.4 29.4384
    endloop
  endfacet
  facet normal -0.846738 0.53201 0
    outer loop
      vertex 8.62564 54.9174 15.0656
      vertex 8.7677 55.1435 28.9344
      vertex 8.7677 55.1435 15.0656
    endloop
  endfacet
  facet normal -0.846738 0.53201 0
    outer loop
      vertex 8.7677 55.1435 28.9344
      vertex 8.62564 54.9174 15.0656
      vertex 8.62564 54.9174 28.9344
    endloop
  endfacet
  facet normal -0.101087 0.896301 0.43177
    outer loop
      vertex 9.7 55.4161 29.4384
      vertex 9.44796 55.5043 29.1963
      vertex 9.4739 55.3906 29.4384
    endloop
  endfacet
  facet normal -0.111973 0.993711 0
    outer loop
      vertex 9.7 55.5925 15.0656
      vertex 9.43465 55.5626 28.9344
      vertex 9.7 55.5925 28.9344
    endloop
  endfacet
  facet normal -0.111973 0.993711 0
    outer loop
      vertex 9.43465 55.5626 28.9344
      vertex 9.7 55.5925 15.0656
      vertex 9.43465 55.5626 15.0656
    endloop
  endfacet
  facet normal -0.518928 0.825647 0.221405
    outer loop
      vertex 9.18261 55.4744 28.9344
      vertex 8.95652 55.3323 28.9344
      vertex 8.9938 55.2855 29.1963
    endloop
  endfacet
  facet normal -0.689526 0.689599 0.221377
    outer loop
      vertex 8.95652 55.3323 28.9344
      vertex 8.7677 55.1435 28.9344
      vertex 8.9938 55.2855 29.1963
    endloop
  endfacet
  facet normal -0.59091 0.20684 -0.779771
    outer loop
      vertex 9.07757 54.5421 14.1839
      vertex 8.87275 54.5888 14.3515
      vertex 9.12479 54.677 14.1839
    endloop
  endfacet
  facet normal -0.530208 0.333011 -0.779733
    outer loop
      vertex 9.12479 54.677 14.1839
      vertex 9.03659 54.929 14.3515
      vertex 9.20085 54.7981 14.1839
    endloop
  endfacet
  facet normal -0.0874346 0.778745 -0.621217
    outer loop
      vertex 9.7 55.2485 14.3515
      vertex 9.51118 55.2273 14.3515
      vertex 9.7 55.4161 14.5616
    endloop
  endfacet
  facet normal -0.44274 0.442696 -0.779745
    outer loop
      vertex 9.20085 54.7981 14.1839
      vertex 9.17095 55.0634 14.3515
      vertex 9.30194 54.8992 14.1839
    endloop
  endfacet
  facet normal -0.442805 0.442673 -0.77972
    outer loop
      vertex 9.17095 55.0634 14.3515
      vertex 9.20085 54.7981 14.1839
      vertex 9.03659 54.929 14.3515
    endloop
  endfacet
  facet normal -0.622105 0.0700908 0.77979
    outer loop
      vertex 9.07757 54.5421 29.8161
      vertex 8.87275 54.5888 29.6485
      vertex 9.06156 54.4 29.8161
    endloop
  endfacet
  facet normal 0.144057 0.411722 0.899851
    outer loop
      vertex 69.077 54.9752 29.8161
      vertex 68.9421 55.0224 29.8161
      vertex 68.972 54.7571 29.9327
    endloop
  endfacet
  facet normal -0.073916 0.211329 0.974616
    outer loop
      vertex 9.61181 54.7864 29.9327
      vertex 9.52804 54.7571 29.9327
      vertex 9.6701 54.531 29.9925
    endloop
  endfacet
  facet normal -0.158355 -0.158953 0.974504
    outer loop
      vertex 9.59495 48.1162 29.9925
      vertex 9.54051 48 29.9647
      vertex 9.61623 48.095 29.9925
    endloop
  endfacet
  facet normal -0.157975 -0.159139 0.974535
    outer loop
      vertex 9.54051 48 29.9647
      vertex 9.59495 48.1162 29.9925
      vertex 9.44921 48 29.9499
    endloop
  endfacet
  facet normal -0.206689 0.590902 0.779817
    outer loop
      vertex 9.55793 55.0224 29.8161
      vertex 9.33184 55.1645 29.6485
      vertex 9.42299 54.9752 29.8161
    endloop
  endfacet
  facet normal -0.77883 0.0877834 -0.621062
    outer loop
      vertex 8.85147 54.4 14.3515
      vertex 8.68393 54.4 14.5616
      vertex 8.87275 54.5888 14.3515
    endloop
  endfacet
  facet normal -0.974909 0 -0.222602
    outer loop
      vertex 8.56734 48.2 14.8037
      vertex 8.50754 54.4 15.0656
      vertex 8.56734 54.4 14.8037
    endloop
  endfacet
  facet normal -0.974909 -0 -0.222602
    outer loop
      vertex 8.50754 54.4 15.0656
      vertex 8.56734 48.2 14.8037
      vertex 8.50754 48.2 15.0656
    endloop
  endfacet
  facet normal -0.623624 0 -0.781725
    outer loop
      vertex 8.85147 48.2 14.3515
      vertex 9.06156 54.4 14.1839
      vertex 9.06156 48.2 14.1839
    endloop
  endfacet
  facet normal -0.623624 0 -0.781725
    outer loop
      vertex 9.06156 54.4 14.1839
      vertex 8.85147 48.2 14.3515
      vertex 8.85147 54.4 14.3515
    endloop
  endfacet
  facet normal 0.119554 -0.189356 -0.974603
    outer loop
      vertex 68.972 47.8429 14.0673
      vertex 68.8583 48.0789 14.0075
      vertex 68.8838 48.095 14.0075
    endloop
  endfacet
  facet normal -0.59137 -0.207031 -0.779371
    outer loop
      vertex 9.09784 48 14.1839
      vertex 9.04117 48 14.2269
      vertex 9.07757 48.0579 14.1839
    endloop
  endfacet
  facet normal -0.073916 0.211329 -0.974616
    outer loop
      vertex 9.6701 54.531 14.0075
      vertex 9.52804 54.7571 14.0673
      vertex 9.61181 54.7864 14.0673
    endloop
  endfacet
  facet normal 0.259001 0.739806 -0.620971
    outer loop
      vertex 69.1682 55.1645 14.3515
      vertex 69.0261 55.3906 14.5616
      vertex 69.2409 55.3154 14.5616
    endloop
  endfacet
  facet normal 0.109214 0.969079 -0.221267
    outer loop
      vertex 69.052 55.5043 14.8037
      vertex 68.8 55.5327 14.8037
      vertex 69.0653 55.5626 15.0656
    endloop
  endfacet
  facet normal 0.101087 0.896308 -0.431757
    outer loop
      vertex 69.0261 55.3906 14.5616
      vertex 68.8 55.4161 14.5616
      vertex 69.052 55.5043 14.8037
    endloop
  endfacet
  facet normal 0.479992 0.763721 -0.431668
    outer loop
      vertex 69.5062 55.2855 14.8037
      vertex 69.2409 55.3154 14.5616
      vertex 69.2914 55.4205 14.8037
    endloop
  endfacet
  facet normal 0.101087 0.896308 0.431757
    outer loop
      vertex 69.052 55.5043 29.1963
      vertex 68.8 55.4161 29.4384
      vertex 69.0261 55.3906 29.4384
    endloop
  endfacet
  facet normal 0.298011 0.851359 0.431714
    outer loop
      vertex 69.052 55.5043 29.1963
      vertex 69.0261 55.3906 29.4384
      vertex 69.2914 55.4205 29.1963
    endloop
  endfacet
  facet normal -0.21132 -0.0739114 0.974618
    outer loop
      vertex 9.56901 48.1701 29.9925
      vertex 9.3136 48.1118 29.9327
      vertex 9.34291 48.028 29.9327
    endloop
  endfacet
  facet normal -0.663541 0.417038 0.621122
    outer loop
      vertex 8.9056 55.0335 29.4384
      vertex 8.78455 54.8409 29.4384
      vertex 9.03659 54.929 29.6485
    endloop
  endfacet
  facet normal -0.411507 -0.14463 0.899858
    outer loop
      vertex 9.07757 48.0579 29.8161
      vertex 9.20179 48 29.8636
      vertex 9.3136 48.1118 29.9327
    endloop
  endfacet
  facet normal -0.411284 -0.143985 0.900063
    outer loop
      vertex 9.20179 48 29.8636
      vertex 9.07757 48.0579 29.8161
      vertex 9.09784 48 29.8161
    endloop
  endfacet
  facet normal 0.15829 0.15829 0.974622
    outer loop
      vertex 69.0471 54.7099 29.9327
      vertex 68.8838 54.505 29.9925
      vertex 68.905 54.4838 29.9925
    endloop
  endfacet
  facet normal 0.0253045 0.222531 0.974597
    outer loop
      vertex 68.8 54.7963 29.9327
      vertex 68.8 54.5344 29.9925
      vertex 68.8299 54.531 29.9925
    endloop
  endfacet
  facet normal -0.0743237 0.211079 0.974639
    outer loop
      vertex 9.6701 54.531 29.9925
      vertex 9.52804 54.7571 29.9327
      vertex 9.6417 54.521 29.9925
    endloop
  endfacet
  facet normal 0.433399 -0.0487994 0.89988
    outer loop
      vertex 69.4384 48.2 29.8161
      vertex 69.1963 48.2 29.9327
      vertex 69.4224 48.0579 29.8161
    endloop
  endfacet
  facet normal 0.851346 0.29805 0.431712
    outer loop
      vertex 69.9043 54.652 29.1963
      vertex 69.7154 54.8409 29.4384
      vertex 69.7906 54.6261 29.4384
    endloop
  endfacet
  facet normal 0.851345 0.298006 0.431746
    outer loop
      vertex 69.8205 54.8914 29.1963
      vertex 69.7154 54.8409 29.4384
      vertex 69.9043 54.652 29.1963
    endloop
  endfacet
  facet normal 0.530069 0.333098 0.77979
    outer loop
      vertex 69.4634 54.929 29.6485
      vertex 69.2991 54.7981 29.8161
      vertex 69.3752 54.677 29.8161
    endloop
  endfacet
  facet normal 0.663577 0.417212 0.620967
    outer loop
      vertex 69.7154 54.8409 29.4384
      vertex 69.4634 54.929 29.6485
      vertex 69.5645 54.7682 29.6485
    endloop
  endfacet
  facet normal 0.433399 0.0487994 0.89988
    outer loop
      vertex 69.4224 54.5421 29.8161
      vertex 69.1963 54.4 29.9327
      vertex 69.4384 54.4 29.8161
    endloop
  endfacet
  facet normal 0.621969 0.0700317 0.779904
    outer loop
      vertex 69.6273 54.5888 29.6485
      vertex 69.4224 54.5421 29.8161
      vertex 69.4384 54.4 29.8161
    endloop
  endfacet
  facet normal 0.33288 0.530418 0.779646
    outer loop
      vertex 69.329 55.0634 29.6485
      vertex 69.077 54.9752 29.8161
      vertex 69.1981 54.8992 29.8161
    endloop
  endfacet
  facet normal 0.0249742 0.222498 0.974613
    outer loop
      vertex 68.8882 54.7864 29.9327
      vertex 68.8 54.7963 29.9327
      vertex 68.8299 54.531 29.9925
    endloop
  endfacet
  facet normal 0.968865 -0.109482 0.222069
    outer loop
      vertex 69.9225 48 29.1422
      vertex 69.9327 48.2 29.1963
      vertex 69.9101 48 29.1963
    endloop
  endfacet
  facet normal 0.969071 -0.109276 0.221269
    outer loop
      vertex 69.9327 48.2 29.1963
      vertex 69.9225 48 29.1422
      vertex 69.9925 48.2 28.9344
    endloop
  endfacet
  facet normal 0.101087 -0.896308 -0.431757
    outer loop
      vertex 69.052 47.0957 14.8037
      vertex 68.8 47.1839 14.5616
      vertex 69.0261 47.2094 14.5616
    endloop
  endfacet
  facet normal 0.29805 -0.851346 -0.431712
    outer loop
      vertex 69.052 47.0957 14.8037
      vertex 69.0261 47.2094 14.5616
      vertex 69.2409 47.2846 14.5616
    endloop
  endfacet
  facet normal 0.825648 -0.518913 -0.221436
    outer loop
      vertex 69.8744 47.6826 15.0656
      vertex 69.6855 47.4938 14.8037
      vertex 69.8205 47.7086 14.8037
    endloop
  endfacet
  facet normal 0.479734 -0.763876 -0.431681
    outer loop
      vertex 69.2914 47.1795 14.8037
      vertex 69.2409 47.2846 14.5616
      vertex 69.5062 47.3144 14.8037
    endloop
  endfacet
  facet normal 0.689788 -0.689403 -0.221169
    outer loop
      vertex 69.6855 47.4938 14.8037
      vertex 69.5435 47.2677 15.0656
      vertex 69.5062 47.3144 14.8037
    endloop
  endfacet
  facet normal 0.689554 -0.689554 -0.221426
    outer loop
      vertex 69.5435 47.2677 15.0656
      vertex 69.6855 47.4938 14.8037
      vertex 69.7323 47.4565 15.0656
    endloop
  endfacet
  facet normal 0.308558 -0.308253 -0.899874
    outer loop
      vertex 69.1981 47.7008 14.1839
      vertex 69.1099 47.9529 14.0673
      vertex 69.2991 47.8019 14.1839
    endloop
  endfacet
  facet normal 0.308346 -0.308346 -0.899914
    outer loop
      vertex 69.1099 47.9529 14.0673
      vertex 69.1981 47.7008 14.1839
      vertex 69.0471 47.8901 14.0673
    endloop
  endfacet
  facet normal -0.0743237 0.211079 -0.974639
    outer loop
      vertex 9.6417 54.521 14.0075
      vertex 9.52804 54.7571 14.0673
      vertex 9.6701 54.531 14.0075
    endloop
  endfacet
  facet normal 0.781739 0 -0.623605
    outer loop
      vertex 69.8161 48.2 14.5616
      vertex 69.6485 54.4 14.3515
      vertex 69.8161 54.4 14.5616
    endloop
  endfacet
  facet normal 0.781739 0 -0.623605
    outer loop
      vertex 69.6485 54.4 14.3515
      vertex 69.8161 48.2 14.5616
      vertex 69.6485 48.2 14.3515
    endloop
  endfacet
  facet normal 0.222531 -0.0253045 -0.974597
    outer loop
      vertex 69.1963 48.2 14.0673
      vertex 68.931 48.1701 14.0075
      vertex 68.9344 48.2 14.0075
    endloop
  endfacet
  facet normal 0.1191 0.189501 -0.97463
    outer loop
      vertex 69.0471 54.7099 14.0673
      vertex 68.8583 54.521 14.0075
      vertex 68.972 54.7571 14.0673
    endloop
  endfacet
  facet normal 0.433475 0.0486554 -0.899851
    outer loop
      vertex 69.1963 54.4 14.0673
      vertex 69.1864 54.4882 14.0673
      vertex 69.4224 54.5421 14.1839
    endloop
  endfacet
  facet normal 0.222531 0.0253045 -0.974597
    outer loop
      vertex 68.9344 54.4 14.0075
      vertex 68.931 54.4299 14.0075
      vertex 69.1963 54.4 14.0673
    endloop
  endfacet
  facet normal -0.0264331 -0.222828 -0.974499
    outer loop
      vertex 9.67788 48 14.0231
      vertex 9.7 48.0656 14.0075
      vertex 9.7 48 14.0225
    endloop
  endfacet
  facet normal -0.0253774 -0.223172 -0.974449
    outer loop
      vertex 9.7 48.0656 14.0075
      vertex 9.67788 48 14.0231
      vertex 9.6701 48.069 14.0075
    endloop
  endfacet
  facet normal -0.222538 0 -0.974924
    outer loop
      vertex 9.30366 48.2 14.0673
      vertex 9.56564 54.4 14.0075
      vertex 9.56564 48.2 14.0075
    endloop
  endfacet
  facet normal -0.222538 0 -0.974924
    outer loop
      vertex 9.56564 54.4 14.0075
      vertex 9.30366 48.2 14.0673
      vertex 9.30366 54.4 14.0673
    endloop
  endfacet
  facet normal 0.943899 0.330234 0
    outer loop
      vertex 69.9626 54.6653 28.9344
      vertex 69.8744 54.9174 15.0656
      vertex 69.8744 54.9174 28.9344
    endloop
  endfacet
  facet normal 0.943899 0.330234 0
    outer loop
      vertex 69.8744 54.9174 15.0656
      vertex 69.9626 54.6653 28.9344
      vertex 69.9626 54.6653 15.0656
    endloop
  endfacet
  facet normal -0.622089 -0.0701168 -0.779801
    outer loop
      vertex 8.87275 48.0112 14.3515
      vertex 8.85147 48.2 14.3515
      vertex 9.06156 48.2 14.1839
    endloop
  endfacet
  facet normal -0.11926 -0.190111 -0.974492
    outer loop
      vertex 9.583 48 14.0301
      vertex 9.54051 48 14.0353
      vertex 9.61623 48.095 14.0075
    endloop
  endfacet
  facet normal -0.920478 0.322091 -0.221308
    outer loop
      vertex 8.67951 54.8914 14.8037
      vertex 8.59574 54.652 14.8037
      vertex 8.62564 54.9174 15.0656
    endloop
  endfacet
  facet normal -0.920504 0.322049 -0.221262
    outer loop
      vertex 8.59574 54.652 14.8037
      vertex 8.53744 54.6653 15.0656
      vertex 8.62564 54.9174 15.0656
    endloop
  endfacet
  facet normal -0.920478 0.322091 0.221308
    outer loop
      vertex 8.62564 54.9174 28.9344
      vertex 8.59574 54.652 29.1963
      vertex 8.67951 54.8914 29.1963
    endloop
  endfacet
  facet normal -0.920504 0.322049 0.221262
    outer loop
      vertex 8.62564 54.9174 28.9344
      vertex 8.53744 54.6653 28.9344
      vertex 8.59574 54.652 29.1963
    endloop
  endfacet
  facet normal -0.32211 0.920461 -0.22135
    outer loop
      vertex 9.20856 55.4205 14.8037
      vertex 9.18261 55.4744 15.0656
      vertex 9.43465 55.5626 15.0656
    endloop
  endfacet
  facet normal -0.532135 0.84666 0
    outer loop
      vertex 9.18261 55.4744 15.0656
      vertex 8.95652 55.3323 28.9344
      vertex 9.18261 55.4744 28.9344
    endloop
  endfacet
  facet normal -0.532135 0.84666 0
    outer loop
      vertex 8.95652 55.3323 28.9344
      vertex 9.18261 55.4744 15.0656
      vertex 8.95652 55.3323 15.0656
    endloop
  endfacet
  facet normal -0.518994 0.825623 0.22134
    outer loop
      vertex 9.18261 55.4744 28.9344
      vertex 8.9938 55.2855 29.1963
      vertex 9.20856 55.4205 29.1963
    endloop
  endfacet
  facet normal -0.32211 0.920461 0.22135
    outer loop
      vertex 9.43465 55.5626 28.9344
      vertex 9.18261 55.4744 28.9344
      vertex 9.20856 55.4205 29.1963
    endloop
  endfacet
  facet normal -0.101001 0.896346 0.431697
    outer loop
      vertex 9.7 55.5327 29.1963
      vertex 9.44796 55.5043 29.1963
      vertex 9.7 55.4161 29.4384
    endloop
  endfacet
  facet normal 0 0.623605 -0.781739
    outer loop
      vertex 9.7 55.0384 14.1839
      vertex 68.8 55.2485 14.3515
      vertex 68.8 55.0384 14.1839
    endloop
  endfacet
  facet normal 0 0.623605 -0.781739
    outer loop
      vertex 68.8 55.2485 14.3515
      vertex 9.7 55.0384 14.1839
      vertex 9.7 55.2485 14.3515
    endloop
  endfacet
  facet normal -0.109196 0.96908 -0.221271
    outer loop
      vertex 9.44796 55.5043 14.8037
      vertex 9.43465 55.5626 15.0656
      vertex 9.7 55.5327 14.8037
    endloop
  endfacet
  facet normal -0.369308 0.231954 -0.899894
    outer loop
      vertex 9.39013 54.6471 14.0673
      vertex 9.12479 54.677 14.1839
      vertex 9.20085 54.7981 14.1839
    endloop
  endfacet
  facet normal -0.308399 0.308368 -0.899888
    outer loop
      vertex 9.45289 54.7099 14.0673
      vertex 9.20085 54.7981 14.1839
      vertex 9.30194 54.8992 14.1839
    endloop
  endfacet
  facet normal -0.825781 0.518766 -0.221288
    outer loop
      vertex 8.81445 55.1062 14.8037
      vertex 8.67951 54.8914 14.8037
      vertex 8.7677 55.1435 15.0656
    endloop
  endfacet
  facet normal -0.689479 0.689671 -0.221298
    outer loop
      vertex 8.81445 55.1062 14.8037
      vertex 8.7677 55.1435 15.0656
      vertex 8.9938 55.2855 14.8037
    endloop
  endfacet
  facet normal 0.0738907 0.211332 0.974617
    outer loop
      vertex 68.8882 54.7864 29.9327
      vertex 68.8299 54.531 29.9925
      vertex 68.972 54.7571 29.9327
    endloop
  endfacet
  facet normal -0.369265 0.23218 0.899853
    outer loop
      vertex 9.39013 54.6471 29.9327
      vertex 9.12479 54.677 29.8161
      vertex 9.34291 54.572 29.9327
    endloop
  endfacet
  facet normal 0.222531 -0.0253045 0.974597
    outer loop
      vertex 68.9344 48.2 29.9925
      vertex 68.931 48.1701 29.9925
      vertex 69.1963 48.2 29.9327
    endloop
  endfacet
  facet normal -0.157944 0.15854 0.974638
    outer loop
      vertex 9.61623 54.505 29.9925
      vertex 9.45289 54.7099 29.9327
      vertex 9.59495 54.4838 29.9925
    endloop
  endfacet
  facet normal -0.663529 0.41714 0.621066
    outer loop
      vertex 9.03659 54.929 29.6485
      vertex 8.78455 54.8409 29.4384
      vertex 8.9355 54.7682 29.6485
    endloop
  endfacet
  facet normal -0.851455 0.297851 0.431636
    outer loop
      vertex 8.78455 54.8409 29.4384
      vertex 8.59574 54.652 29.1963
      vertex 8.70941 54.6261 29.4384
    endloop
  endfacet
  facet normal -0 0.433916 0.900953
    outer loop
      vertex 9.7 55.0384 29.8161
      vertex 68.8 54.7963 29.9327
      vertex 68.8 55.0384 29.8161
    endloop
  endfacet
  facet normal 0 0.433916 0.900953
    outer loop
      vertex 68.8 54.7963 29.9327
      vertex 9.7 55.0384 29.8161
      vertex 9.7 54.7963 29.9327
    endloop
  endfacet
  facet normal -0.144005 0.411716 0.899862
    outer loop
      vertex 9.55793 55.0224 29.8161
      vertex 9.52804 54.7571 29.9327
      vertex 9.61181 54.7864 29.9327
    endloop
  endfacet
  facet normal -0.0698352 0.621994 0.779901
    outer loop
      vertex 9.7 55.2485 29.6485
      vertex 9.51118 55.2273 29.6485
      vertex 9.55793 55.0224 29.8161
    endloop
  endfacet
  facet normal -0.969078 0.109214 -0.221271
    outer loop
      vertex 8.56734 54.4 14.8037
      vertex 8.50754 54.4 15.0656
      vertex 8.59574 54.652 14.8037
    endloop
  endfacet
  facet normal -0.896359 0.101018 -0.431667
    outer loop
      vertex 8.68393 54.4 14.5616
      vertex 8.56734 54.4 14.8037
      vertex 8.59574 54.652 14.8037
    endloop
  endfacet
  facet normal -0.896361 0.101014 -0.431663
    outer loop
      vertex 8.68393 54.4 14.5616
      vertex 8.59574 54.652 14.8037
      vertex 8.70941 54.6261 14.5616
    endloop
  endfacet
  facet normal -0.851455 0.297851 -0.431636
    outer loop
      vertex 8.70941 54.6261 14.5616
      vertex 8.59574 54.652 14.8037
      vertex 8.78455 54.8409 14.5616
    endloop
  endfacet
  facet normal -0.158355 -0.158953 -0.974504
    outer loop
      vertex 9.54051 48 14.0353
      vertex 9.59495 48.1162 14.0075
      vertex 9.61623 48.095 14.0075
    endloop
  endfacet
  facet normal -0.157975 -0.159139 -0.974535
    outer loop
      vertex 9.59495 48.1162 14.0075
      vertex 9.54051 48 14.0353
      vertex 9.44921 48 14.0501
    endloop
  endfacet
  facet normal -0.23198 0.36935 -0.89987
    outer loop
      vertex 9.45289 54.7099 14.0673
      vertex 9.42299 54.9752 14.1839
      vertex 9.52804 54.7571 14.0673
    endloop
  endfacet
  facet normal -0.370039 -0.23286 -0.89936
    outer loop
      vertex 9.36053 48 14.0673
      vertex 9.2847 48 14.0985
      vertex 9.34291 48.028 14.0673
    endloop
  endfacet
  facet normal -0.622105 -0.0700908 -0.77979
    outer loop
      vertex 9.07757 48.0579 14.1839
      vertex 8.87275 48.0112 14.3515
      vertex 9.06156 48.2 14.1839
    endloop
  endfacet
  facet normal -0.222468 0.0250741 -0.974618
    outer loop
      vertex 9.56564 54.4 14.0075
      vertex 9.30366 54.4 14.0673
      vertex 9.56901 54.4299 14.0075
    endloop
  endfacet
  facet normal 0 0 -1
    outer loop
      vertex 68.8 48.0656 14.0075
      vertex 68.9344 48.2 14.0075
      vertex 68.931 48.1701 14.0075
    endloop
  endfacet
  facet normal -0 0 -1
    outer loop
      vertex 68.9344 48.2 14.0075
      vertex 68.8 48.0656 14.0075
      vertex 68.9344 54.4 14.0075
    endloop
  endfacet
  facet normal 0 0 -1
    outer loop
      vertex 68.8 48.0656 14.0075
      vertex 68.931 48.1701 14.0075
      vertex 68.9211 48.1417 14.0075
    endloop
  endfacet
  facet normal 0 0 -1
    outer loop
      vertex 68.8 54.5344 14.0075
      vertex 68.9344 54.4 14.0075
      vertex 68.8 48.0656 14.0075
    endloop
  endfacet
  facet normal 0 0 -1
    outer loop
      vertex 68.8 48.0656 14.0075
      vertex 68.9211 48.1417 14.0075
      vertex 68.905 48.1162 14.0075
    endloop
  endfacet
  facet normal 0 0 -1
    outer loop
      vertex 68.9344 54.4 14.0075
      vertex 68.8 54.5344 14.0075
      vertex 68.931 54.4299 14.0075
    endloop
  endfacet
  facet normal 0 0 -1
    outer loop
      vertex 68.8 48.0656 14.0075
      vertex 68.905 48.1162 14.0075
      vertex 68.8838 48.095 14.0075
    endloop
  endfacet
  facet normal 0 0 -1
    outer loop
      vertex 68.931 54.4299 14.0075
      vertex 68.8 54.5344 14.0075
      vertex 68.9211 54.4583 14.0075
    endloop
  endfacet
  facet normal 0 0 -1
    outer loop
      vertex 68.8 48.0656 14.0075
      vertex 68.8838 48.095 14.0075
      vertex 68.8583 48.0789 14.0075
    endloop
  endfacet
  facet normal 0 0 -1
    outer loop
      vertex 68.9211 54.4583 14.0075
      vertex 68.8 54.5344 14.0075
      vertex 68.905 54.4838 14.0075
    endloop
  endfacet
  facet normal 0 0 -1
    outer loop
      vertex 68.8 48.0656 14.0075
      vertex 68.8583 48.0789 14.0075
      vertex 68.8299 48.069 14.0075
    endloop
  endfacet
  facet normal 0 0 -1
    outer loop
      vertex 68.905 54.4838 14.0075
      vertex 68.8 54.5344 14.0075
      vertex 68.8838 54.505 14.0075
    endloop
  endfacet
  facet normal 0 0 -1
    outer loop
      vertex 68.8838 54.505 14.0075
      vertex 68.8 54.5344 14.0075
      vertex 68.8583 54.521 14.0075
    endloop
  endfacet
  facet normal 0 0 -1
    outer loop
      vertex 68.8583 54.521 14.0075
      vertex 68.8 54.5344 14.0075
      vertex 68.8299 54.531 14.0075
    endloop
  endfacet
  facet normal 0 0 -1
    outer loop
      vertex 9.7 48.0656 14.0075
      vertex 68.8 54.5344 14.0075
      vertex 68.8 48.0656 14.0075
    endloop
  endfacet
  facet normal 0 0 -1
    outer loop
      vertex 9.7 48.0656 14.0075
      vertex 9.7 54.5344 14.0075
      vertex 68.8 54.5344 14.0075
    endloop
  endfacet
  facet normal 0 0 -1
    outer loop
      vertex 9.56564 48.2 14.0075
      vertex 9.7 48.0656 14.0075
      vertex 9.6701 48.069 14.0075
    endloop
  endfacet
  facet normal 0 0 -1
    outer loop
      vertex 9.7 48.0656 14.0075
      vertex 9.56564 48.2 14.0075
      vertex 9.7 54.5344 14.0075
    endloop
  endfacet
  facet normal 0 0 -1
    outer loop
      vertex 9.56564 48.2 14.0075
      vertex 9.6701 48.069 14.0075
      vertex 9.6417 48.0789 14.0075
    endloop
  endfacet
  facet normal 0 0 -1
    outer loop
      vertex 9.56564 54.4 14.0075
      vertex 9.7 54.5344 14.0075
      vertex 9.56564 48.2 14.0075
    endloop
  endfacet
  facet normal 0 0 -1
    outer loop
      vertex 9.56564 48.2 14.0075
      vertex 9.6417 48.0789 14.0075
      vertex 9.61623 48.095 14.0075
    endloop
  endfacet
  facet normal 0 0 -1
    outer loop
      vertex 9.7 54.5344 14.0075
      vertex 9.56564 54.4 14.0075
      vertex 9.6701 54.531 14.0075
    endloop
  endfacet
  facet normal 0 0 -1
    outer loop
      vertex 9.56564 48.2 14.0075
      vertex 9.61623 48.095 14.0075
      vertex 9.59495 48.1162 14.0075
    endloop
  endfacet
  facet normal 0 0 -1
    outer loop
      vertex 9.6701 54.531 14.0075
      vertex 9.56564 54.4 14.0075
      vertex 9.6417 54.521 14.0075
    endloop
  endfacet
  facet normal 0 0 -1
    outer loop
      vertex 9.56564 48.2 14.0075
      vertex 9.59495 48.1162 14.0075
      vertex 9.57895 48.1417 14.0075
    endloop
  endfacet
  facet normal 0 0 -1
    outer loop
      vertex 9.6417 54.521 14.0075
      vertex 9.56564 54.4 14.0075
      vertex 9.61623 54.505 14.0075
    endloop
  endfacet
  facet normal 0 0 -1
    outer loop
      vertex 9.56564 48.2 14.0075
      vertex 9.57895 48.1417 14.0075
      vertex 9.56901 48.1701 14.0075
    endloop
  endfacet
  facet normal 0 0 -1
    outer loop
      vertex 9.61623 54.505 14.0075
      vertex 9.56564 54.4 14.0075
      vertex 9.59495 54.4838 14.0075
    endloop
  endfacet
  facet normal 0 0 -1
    outer loop
      vertex 9.59495 54.4838 14.0075
      vertex 9.56564 54.4 14.0075
      vertex 9.57895 54.4583 14.0075
    endloop
  endfacet
  facet normal 0 0 -1
    outer loop
      vertex 9.57895 54.4583 14.0075
      vertex 9.56564 54.4 14.0075
      vertex 9.56901 54.4299 14.0075
    endloop
  endfacet
  facet normal 0.943899 -0.330234 0
    outer loop
      vertex 69.8744 47.6826 26.8633
      vertex 69.9626 47.9347 15.0656
      vertex 69.9626 47.9347 27.1056
    endloop
  endfacet
  facet normal 0.943899 -0.330234 0
    outer loop
      vertex 69.9626 47.9347 15.0656
      vertex 69.8744 47.6826 26.8633
      vertex 69.8744 47.6826 15.0656
    endloop
  endfacet
  facet normal 0.763803 0.479856 -0.431675
    outer loop
      vertex 69.7154 54.8409 14.5616
      vertex 69.5944 55.0335 14.5616
      vertex 69.8205 54.8914 14.8037
    endloop
  endfacet
  facet normal 0.896345 0.101017 -0.431697
    outer loop
      vertex 69.9327 54.4 14.8037
      vertex 69.8161 54.4 14.5616
      vertex 69.9043 54.652 14.8037
    endloop
  endfacet
  facet normal 0.101017 0.896345 -0.431697
    outer loop
      vertex 69.052 55.5043 14.8037
      vertex 68.8 55.4161 14.5616
      vertex 68.8 55.5327 14.8037
    endloop
  endfacet
  facet normal 0.322038 0.920473 -0.221407
    outer loop
      vertex 69.2914 55.4205 14.8037
      vertex 69.0653 55.5626 15.0656
      vertex 69.3174 55.4744 15.0656
    endloop
  endfacet
  facet normal 0.622082 0.0698524 -0.77983
    outer loop
      vertex 69.6485 54.4 14.3515
      vertex 69.4384 54.4 14.1839
      vertex 69.6273 54.5888 14.3515
    endloop
  endfacet
  facet normal 0.144057 0.411722 -0.899851
    outer loop
      vertex 68.972 54.7571 14.0673
      vertex 68.9421 55.0224 14.1839
      vertex 69.077 54.9752 14.1839
    endloop
  endfacet
  facet normal 0.072031 -0.212339 0.974538
    outer loop
      vertex 68.8583 48.0789 29.9925
      vertex 68.8733 48 29.9742
      vertex 68.8963 48 29.9725
    endloop
  endfacet
  facet normal 0.0738916 -0.211972 0.974478
    outer loop
      vertex 68.8733 48 29.9742
      vertex 68.8583 48.0789 29.9925
      vertex 68.8299 48.069 29.9925
    endloop
  endfacet
  facet normal -0.0253045 0.222531 0.974597
    outer loop
      vertex 9.7 54.7963 29.9327
      vertex 9.6701 54.531 29.9925
      vertex 9.7 54.5344 29.9925
    endloop
  endfacet
  facet normal 0.411762 0.143969 0.899847
    outer loop
      vertex 69.3752 54.677 29.8161
      vertex 69.1571 54.572 29.9327
      vertex 69.1864 54.4882 29.9327
    endloop
  endfacet
  facet normal 0.369324 0.232118 0.899845
    outer loop
      vertex 69.3752 54.677 29.8161
      vertex 69.1099 54.6471 29.9327
      vertex 69.1571 54.572 29.9327
    endloop
  endfacet
  facet normal 0.189517 0.11911 0.974626
    outer loop
      vertex 69.1099 54.6471 29.9327
      vertex 68.905 54.4838 29.9925
      vertex 69.1571 54.572 29.9327
    endloop
  endfacet
  facet normal -0 0.222602 0.974909
    outer loop
      vertex 9.7 54.7963 29.9327
      vertex 68.8 54.5344 29.9925
      vertex 68.8 54.7963 29.9327
    endloop
  endfacet
  facet normal 0 0.222602 0.974909
    outer loop
      vertex 68.8 54.5344 29.9925
      vertex 9.7 54.7963 29.9327
      vertex 9.7 54.5344 29.9925
    endloop
  endfacet
  facet normal 0.189356 -0.119554 0.974603
    outer loop
      vertex 68.9211 48.1417 29.9925
      vertex 68.905 48.1162 29.9925
      vertex 69.1571 48.028 29.9327
    endloop
  endfacet
  facet normal 0.222602 0 0.974909
    outer loop
      vertex 68.9344 54.4 29.9925
      vertex 69.1963 48.2 29.9327
      vertex 69.1963 54.4 29.9327
    endloop
  endfacet
  facet normal 0.222602 0 0.974909
    outer loop
      vertex 69.1963 48.2 29.9327
      vertex 68.9344 54.4 29.9925
      vertex 68.9344 48.2 29.9925
    endloop
  endfacet
  facet normal 0.122378 -0.189017 0.974318
    outer loop
      vertex 68.8838 48.095 29.9925
      vertex 68.8963 48 29.9725
      vertex 68.917 48 29.9699
    endloop
  endfacet
  facet normal 0.119606 -0.189437 0.974581
    outer loop
      vertex 68.8963 48 29.9725
      vertex 68.8838 48.095 29.9925
      vertex 68.8583 48.0789 29.9925
    endloop
  endfacet
  facet normal 0.15829 0.15829 0.974622
    outer loop
      vertex 69.0471 54.7099 29.9327
      vertex 68.905 54.4838 29.9925
      vertex 69.1099 54.6471 29.9327
    endloop
  endfacet
  facet normal 0.591902 -0.206501 0.779108
    outer loop
      vertex 69.4224 48.0579 29.8161
      vertex 69.4022 48 29.8161
      vertex 69.4588 48 29.7731
    endloop
  endfacet
  facet normal 0.0743201 0.211069 0.974642
    outer loop
      vertex 68.972 54.7571 29.9327
      vertex 68.8299 54.531 29.9925
      vertex 68.8583 54.521 29.9925
    endloop
  endfacet
  facet normal 0.1191 0.189501 0.97463
    outer loop
      vertex 68.972 54.7571 29.9327
      vertex 68.8583 54.521 29.9925
      vertex 69.0471 54.7099 29.9327
    endloop
  endfacet
  facet normal 0.621969 -0.0700317 0.779904
    outer loop
      vertex 69.4384 48.2 29.8161
      vertex 69.4224 48.0579 29.8161
      vertex 69.6273 48.0112 29.6485
    endloop
  endfacet
  facet normal 0.663611 0.41691 0.621133
    outer loop
      vertex 69.5944 55.0335 29.4384
      vertex 69.4634 54.929 29.6485
      vertex 69.7154 54.8409 29.4384
    endloop
  endfacet
  facet normal 0.739816 0.258977 0.62097
    outer loop
      vertex 69.7154 54.8409 29.4384
      vertex 69.5645 54.7682 29.6485
      vertex 69.6273 54.5888 29.6485
    endloop
  endfacet
  facet normal 0.416974 -0.663713 -0.620982
    outer loop
      vertex 69.2409 47.2846 14.5616
      vertex 69.1682 47.4355 14.3515
      vertex 69.4335 47.4056 14.5616
    endloop
  endfacet
  facet normal 0.763858 -0.47989 -0.431539
    outer loop
      vertex 69.6855 47.4938 14.8037
      vertex 69.5944 47.5665 14.5616
      vertex 69.7154 47.7591 14.5616
    endloop
  endfacet
  facet normal 0.622082 -0.0698524 -0.77983
    outer loop
      vertex 69.6273 48.0112 14.3515
      vertex 69.4384 48.2 14.1839
      vertex 69.6485 48.2 14.3515
    endloop
  endfacet
  facet normal 0.479825 -0.763754 -0.431795
    outer loop
      vertex 69.5062 47.3144 14.8037
      vertex 69.2409 47.2846 14.5616
      vertex 69.4335 47.4056 14.5616
    endloop
  endfacet
  facet normal 0.258977 -0.739816 -0.62097
    outer loop
      vertex 69.2409 47.2846 14.5616
      vertex 68.9888 47.3727 14.3515
      vertex 69.1682 47.4355 14.3515
    endloop
  endfacet
  facet normal 0 -0.222602 -0.974909
    outer loop
      vertex 65.217 47.8037 14.0673
      vertex 68.8 48.0656 14.0075
      vertex 68.8 47.8037 14.0673
    endloop
  endfacet
  facet normal -7.74311e-06 -0.222502 -0.974932
    outer loop
      vertex 65.2007 48 14.0225
      vertex 68.8 48.0656 14.0075
      vertex 65.217 47.8037 14.0673
    endloop
  endfacet
  facet normal 0 -0.222906 -0.97484
    outer loop
      vertex 9.7 48.0656 14.0075
      vertex 65.2007 48 14.0225
      vertex 9.7 48 14.0225
    endloop
  endfacet
  facet normal 0 -0.222906 -0.97484
    outer loop
      vertex 65.2007 48 14.0225
      vertex 9.7 48.0656 14.0075
      vertex 68.8 48.0656 14.0075
    endloop
  endfacet
  facet normal 0.0249742 0.222498 -0.974613
    outer loop
      vertex 68.8299 54.531 14.0075
      vertex 68.8 54.7963 14.0673
      vertex 68.8882 54.7864 14.0673
    endloop
  endfacet
  facet normal 0.0738907 0.211332 -0.974617
    outer loop
      vertex 68.972 54.7571 14.0673
      vertex 68.8299 54.531 14.0075
      vertex 68.8882 54.7864 14.0673
    endloop
  endfacet
  facet normal 0.778745 -0.0874438 -0.621217
    outer loop
      vertex 69.8161 48.2 14.5616
      vertex 69.6273 48.0112 14.3515
      vertex 69.6485 48.2 14.3515
    endloop
  endfacet
  facet normal -0.433392 0.0488426 -0.899881
    outer loop
      vertex 9.30366 54.4 14.0673
      vertex 9.07757 54.5421 14.1839
      vertex 9.3136 54.4882 14.0673
    endloop
  endfacet
  facet normal 0.851345 0.298006 -0.431746
    outer loop
      vertex 69.9043 54.652 14.8037
      vertex 69.7154 54.8409 14.5616
      vertex 69.8205 54.8914 14.8037
    endloop
  endfacet
  facet normal 0.900953 0 -0.433916
    outer loop
      vertex 69.9327 48.2 14.8037
      vertex 69.8161 54.4 14.5616
      vertex 69.9327 54.4 14.8037
    endloop
  endfacet
  facet normal 0.900953 0 -0.433916
    outer loop
      vertex 69.8161 54.4 14.5616
      vertex 69.9327 48.2 14.8037
      vertex 69.8161 48.2 14.5616
    endloop
  endfacet
  facet normal 0.896308 -0.101087 -0.431757
    outer loop
      vertex 69.9043 47.948 14.8037
      vertex 69.7906 47.9739 14.5616
      vertex 69.8161 48.2 14.5616
    endloop
  endfacet
  facet normal 0.851346 -0.29805 -0.431712
    outer loop
      vertex 69.9043 47.948 14.8037
      vertex 69.7154 47.7591 14.5616
      vertex 69.7906 47.9739 14.5616
    endloop
  endfacet
  facet normal 0.0743201 0.211069 -0.974642
    outer loop
      vertex 68.8583 54.521 14.0075
      vertex 68.8299 54.531 14.0075
      vertex 68.972 54.7571 14.0673
    endloop
  endfacet
  facet normal -0.369265 0.23218 -0.899853
    outer loop
      vertex 9.34291 54.572 14.0673
      vertex 9.12479 54.677 14.1839
      vertex 9.39013 54.6471 14.0673
    endloop
  endfacet
  facet normal 0.189517 0.11911 -0.974626
    outer loop
      vertex 69.1571 54.572 14.0673
      vertex 68.905 54.4838 14.0075
      vertex 69.1099 54.6471 14.0673
    endloop
  endfacet
  facet normal 0.189356 0.119554 -0.974603
    outer loop
      vertex 68.9211 54.4583 14.0075
      vertex 68.905 54.4838 14.0075
      vertex 69.1571 54.572 14.0673
    endloop
  endfacet
  facet normal -0.18961 0.118971 -0.974625
    outer loop
      vertex 9.57895 54.4583 14.0075
      vertex 9.34291 54.572 14.0673
      vertex 9.59495 54.4838 14.0075
    endloop
  endfacet
  facet normal -0.433399 -0.0488298 -0.899878
    outer loop
      vertex 9.07757 48.0579 14.1839
      vertex 9.06156 48.2 14.1839
      vertex 9.30366 48.2 14.0673
    endloop
  endfacet
  facet normal -0.590788 -0.206248 -0.78002
    outer loop
      vertex 8.87275 48.0112 14.3515
      vertex 9.04117 48 14.2269
      vertex 8.87666 48 14.3515
    endloop
  endfacet
  facet normal -0.590664 -0.207733 -0.77972
    outer loop
      vertex 9.04117 48 14.2269
      vertex 8.87275 48.0112 14.3515
      vertex 9.07757 48.0579 14.1839
    endloop
  endfacet
  facet normal -0.222468 -0.0250717 -0.974618
    outer loop
      vertex 9.3136 48.1118 14.0673
      vertex 9.30366 48.2 14.0673
      vertex 9.56901 48.1701 14.0075
    endloop
  endfacet
  facet normal -0.0248485 -0.223118 -0.974475
    outer loop
      vertex 9.67788 48 14.0231
      vertex 9.65435 48 14.0237
      vertex 9.6701 48.069 14.0075
    endloop
  endfacet
  facet normal -0.298005 0.851341 -0.431754
    outer loop
      vertex 9.4739 55.3906 14.5616
      vertex 9.20856 55.4205 14.8037
      vertex 9.44796 55.5043 14.8037
    endloop
  endfacet
  facet normal -0.259043 0.739789 -0.620974
    outer loop
      vertex 9.33184 55.1645 14.3515
      vertex 9.25914 55.3154 14.5616
      vertex 9.4739 55.3906 14.5616
    endloop
  endfacet
  facet normal 0 0.974909 0.222602
    outer loop
      vertex 68.8 55.5925 28.9344
      vertex 9.7 55.5327 29.1963
      vertex 68.8 55.5327 29.1963
    endloop
  endfacet
  facet normal 0 0.974909 0.222602
    outer loop
      vertex 9.7 55.5327 29.1963
      vertex 68.8 55.5925 28.9344
      vertex 9.7 55.5925 28.9344
    endloop
  endfacet
  facet normal -0.109197 0.969079 0.221271
    outer loop
      vertex 9.7 55.5925 28.9344
      vertex 9.43465 55.5626 28.9344
      vertex 9.7 55.5327 29.1963
    endloop
  endfacet
  facet normal -0.0698352 0.621994 -0.779901
    outer loop
      vertex 9.55793 55.0224 14.1839
      vertex 9.51118 55.2273 14.3515
      vertex 9.7 55.2485 14.3515
    endloop
  endfacet
  facet normal -0.0700582 0.622073 -0.779818
    outer loop
      vertex 9.7 55.0384 14.1839
      vertex 9.55793 55.0224 14.1839
      vertex 9.7 55.2485 14.3515
    endloop
  endfacet
  facet normal 0.189356 -0.119554 -0.974603
    outer loop
      vertex 69.1571 48.028 14.0673
      vertex 68.905 48.1162 14.0075
      vertex 68.9211 48.1417 14.0075
    endloop
  endfacet
  facet normal -0.332928 0.530275 -0.779722
    outer loop
      vertex 9.30194 54.8992 14.1839
      vertex 9.17095 55.0634 14.3515
      vertex 9.42299 54.9752 14.1839
    endloop
  endfacet
  facet normal -0.825734 0.518814 -0.22135
    outer loop
      vertex 8.67951 54.8914 14.8037
      vertex 8.62564 54.9174 15.0656
      vertex 8.7677 55.1435 15.0656
    endloop
  endfacet
  facet normal -0.637744 0.637922 -0.43167
    outer loop
      vertex 8.9056 55.0335 14.5616
      vertex 8.81445 55.1062 14.8037
      vertex 8.9938 55.2855 14.8037
    endloop
  endfacet
  facet normal -0.763818 0.47984 -0.431666
    outer loop
      vertex 8.9056 55.0335 14.5616
      vertex 8.67951 54.8914 14.8037
      vertex 8.81445 55.1062 14.8037
    endloop
  endfacet
  facet normal -0.763779 0.480039 -0.431513
    outer loop
      vertex 8.78455 54.8409 14.5616
      vertex 8.67951 54.8914 14.8037
      vertex 8.9056 55.0335 14.5616
    endloop
  endfacet
  facet normal -0.0248485 -0.223118 0.974475
    outer loop
      vertex 9.6701 48.069 29.9925
      vertex 9.65435 48 29.9763
      vertex 9.67788 48 29.9769
    endloop
  endfacet
  facet normal 0.37018 -0.232684 0.899347
    outer loop
      vertex 69.1571 48.028 29.9327
      vertex 69.1395 48 29.9327
      vertex 69.2153 48 29.9015
    endloop
  endfacet
  facet normal 0.143954 0.411719 0.899869
    outer loop
      vertex 68.9421 55.0224 29.8161
      vertex 68.8882 54.7864 29.9327
      vertex 68.972 54.7571 29.9327
    endloop
  endfacet
  facet normal 0.0486554 0.433475 0.899851
    outer loop
      vertex 68.9421 55.0224 29.8161
      vertex 68.8 54.7963 29.9327
      vertex 68.8882 54.7864 29.9327
    endloop
  endfacet
  facet normal -0.211294 -0.073953 0.974621
    outer loop
      vertex 9.56901 48.1701 29.9925
      vertex 9.34291 48.028 29.9327
      vertex 9.57895 48.1417 29.9925
    endloop
  endfacet
  facet normal -0.637895 0.637855 0.431545
    outer loop
      vertex 8.9938 55.2855 29.1963
      vertex 8.9056 55.0335 29.4384
      vertex 9.06649 55.1944 29.4384
    endloop
  endfacet
  facet normal -0.416993 0.6636 0.621089
    outer loop
      vertex 9.33184 55.1645 29.6485
      vertex 9.06649 55.1944 29.4384
      vertex 9.17095 55.0634 29.6485
    endloop
  endfacet
  facet normal -0.739787 0.258788 0.621083
    outer loop
      vertex 8.78455 54.8409 29.4384
      vertex 8.70941 54.6261 29.4384
      vertex 8.87275 54.5888 29.6485
    endloop
  endfacet
  facet normal -0.896361 0.101014 0.431663
    outer loop
      vertex 8.70941 54.6261 29.4384
      vertex 8.59574 54.652 29.1963
      vertex 8.68393 54.4 29.4384
    endloop
  endfacet
  facet normal -0.18961 -0.118971 0.974625
    outer loop
      vertex 9.57895 48.1417 29.9925
      vertex 9.34291 48.028 29.9327
      vertex 9.59495 48.1162 29.9925
    endloop
  endfacet
  facet normal -0.0488096 0.433399 0.899879
    outer loop
      vertex 9.7 55.0384 29.8161
      vertex 9.55793 55.0224 29.8161
      vertex 9.7 54.7963 29.9327
    endloop
  endfacet
  facet normal -0.0878447 0.77889 0.620978
    outer loop
      vertex 9.7 55.4161 29.4384
      vertex 9.4739 55.3906 29.4384
      vertex 9.51118 55.2273 29.6485
    endloop
  endfacet
  facet normal -0.206858 0.590731 0.779901
    outer loop
      vertex 9.51118 55.2273 29.6485
      vertex 9.33184 55.1645 29.6485
      vertex 9.55793 55.0224 29.8161
    endloop
  endfacet
  facet normal -0.900968 0 0.433886
    outer loop
      vertex 8.56734 48.2 29.1963
      vertex 8.68393 54.4 29.4384
      vertex 8.56734 54.4 29.1963
    endloop
  endfacet
  facet normal -0.900968 0 0.433886
    outer loop
      vertex 8.68393 54.4 29.4384
      vertex 8.56734 48.2 29.1963
      vertex 8.68393 48.2 29.4384
    endloop
  endfacet
  facet normal -0.969076 -0.109228 0.221271
    outer loop
      vertex 8.57753 48 29.1422
      vertex 8.56734 48.2 29.1963
      vertex 8.50754 48.2 28.9344
    endloop
  endfacet
  facet normal -0.969132 -0.109173 0.221055
    outer loop
      vertex 8.56734 48.2 29.1963
      vertex 8.57753 48 29.1422
      vertex 8.58987 48 29.1963
    endloop
  endfacet
  facet normal -0.896355 -0.100974 0.431685
    outer loop
      vertex 8.61395 48 29.2463
      vertex 8.56734 48.2 29.1963
      vertex 8.58987 48 29.1963
    endloop
  endfacet
  facet normal -0.896362 -0.10098 0.431668
    outer loop
      vertex 8.56734 48.2 29.1963
      vertex 8.61395 48 29.2463
      vertex 8.68393 48.2 29.4384
    endloop
  endfacet
  facet normal -0.778912 -0.0877834 0.620959
    outer loop
      vertex 8.82374 48 29.5855
      vertex 8.68393 48.2 29.4384
      vertex 8.70647 48 29.4384
    endloop
  endfacet
  facet normal -0.778685 -0.0873733 0.621301
    outer loop
      vertex 8.68393 48.2 29.4384
      vertex 8.82374 48 29.5855
      vertex 8.87275 48.0112 29.6485
    endloop
  endfacet
  facet normal -0.157944 0.15854 -0.974638
    outer loop
      vertex 9.59495 54.4838 14.0075
      vertex 9.45289 54.7099 14.0673
      vertex 9.61623 54.505 14.0075
    endloop
  endfacet
  facet normal 0.118978 0.189621 -0.974622
    outer loop
      vertex 68.8838 54.505 14.0075
      vertex 68.8583 54.521 14.0075
      vertex 69.0471 54.7099 14.0673
    endloop
  endfacet
  facet normal -0.411642 0.14409 -0.899883
    outer loop
      vertex 9.3136 54.4882 14.0673
      vertex 9.07757 54.5421 14.1839
      vertex 9.12479 54.677 14.1839
    endloop
  endfacet
  facet normal 0.0737078 -0.211445 -0.974607
    outer loop
      vertex 68.972 47.8429 14.0673
      vertex 68.8299 48.069 14.0075
      vertex 68.8583 48.0789 14.0075
    endloop
  endfacet
  facet normal 0.896353 -0.100925 0.431701
    outer loop
      vertex 69.8861 48 29.2463
      vertex 69.9327 48.2 29.1963
      vertex 69.8161 48.2 29.4384
    endloop
  endfacet
  facet normal 0.896881 -0.101348 0.430503
    outer loop
      vertex 69.9327 48.2 29.1963
      vertex 69.8861 48 29.2463
      vertex 69.9101 48 29.1963
    endloop
  endfacet
  facet normal 0.896174 -0.101268 0.431992
    outer loop
      vertex 69.8161 48.2 29.4384
      vertex 69.7935 48 29.4384
      vertex 69.8861 48 29.2463
    endloop
  endfacet
  facet normal 0.322197 0.920453 -0.221259
    outer loop
      vertex 69.2914 55.4205 14.8037
      vertex 69.052 55.5043 14.8037
      vertex 69.0653 55.5626 15.0656
    endloop
  endfacet
  facet normal 0.298011 0.851359 -0.431714
    outer loop
      vertex 69.2914 55.4205 14.8037
      vertex 69.0261 55.3906 14.5616
      vertex 69.052 55.5043 14.8037
    endloop
  endfacet
  facet normal 0.763771 0.480024 -0.431546
    outer loop
      vertex 69.8205 54.8914 14.8037
      vertex 69.5944 55.0335 14.5616
      vertex 69.6855 55.1062 14.8037
    endloop
  endfacet
  facet normal 0.637867 0.637867 -0.431568
    outer loop
      vertex 69.5944 55.0335 14.5616
      vertex 69.5062 55.2855 14.8037
      vertex 69.6855 55.1062 14.8037
    endloop
  endfacet
  facet normal 0.0874438 0.778745 -0.621217
    outer loop
      vertex 68.9888 55.2273 14.3515
      vertex 68.8 55.2485 14.3515
      vertex 68.8 55.4161 14.5616
    endloop
  endfacet
  facet normal 0.0878443 0.778886 -0.620983
    outer loop
      vertex 68.9888 55.2273 14.3515
      vertex 68.8 55.4161 14.5616
      vertex 69.0261 55.3906 14.5616
    endloop
  endfacet
  facet normal -0.433916 0 0.900953
    outer loop
      vertex 9.06156 54.4 29.8161
      vertex 9.30366 48.2 29.9327
      vertex 9.30366 54.4 29.9327
    endloop
  endfacet
  facet normal -0.433916 0 0.900953
    outer loop
      vertex 9.30366 48.2 29.9327
      vertex 9.06156 54.4 29.8161
      vertex 9.06156 48.2 29.8161
    endloop
  endfacet
  facet normal -0.119062 0.189532 0.974629
    outer loop
      vertex 9.6417 54.521 29.9925
      vertex 9.45289 54.7099 29.9327
      vertex 9.61623 54.505 29.9925
    endloop
  endfacet
  facet normal 0.189356 0.119554 0.974603
    outer loop
      vertex 69.1571 54.572 29.9327
      vertex 68.905 54.4838 29.9925
      vertex 68.9211 54.4583 29.9925
    endloop
  endfacet
  facet normal 0.211445 0.0737078 0.974607
    outer loop
      vertex 69.1571 54.572 29.9327
      vertex 68.9211 54.4583 29.9925
      vertex 68.931 54.4299 29.9925
    endloop
  endfacet
  facet normal 0.411405 -0.144782 0.89988
    outer loop
      vertex 69.1864 48.1118 29.9327
      vertex 69.2153 48 29.9015
      vertex 69.2982 48 29.8636
    endloop
  endfacet
  facet normal 0.412709 -0.1443 0.89936
    outer loop
      vertex 69.2153 48 29.9015
      vertex 69.1864 48.1118 29.9327
      vertex 69.1571 48.028 29.9327
    endloop
  endfacet
  facet normal 0.0253782 -0.223179 0.974447
    outer loop
      vertex 68.8 48.0656 29.9925
      vertex 68.8221 48 29.9769
      vertex 68.8299 48.069 29.9925
    endloop
  endfacet
  facet normal 0.026457 -0.222827 0.974499
    outer loop
      vertex 68.8221 48 29.9769
      vertex 68.8 48.0656 29.9925
      vertex 68.8 48 29.9775
    endloop
  endfacet
  facet normal 0.0248801 -0.223128 0.974472
    outer loop
      vertex 68.8299 48.069 29.9925
      vertex 68.8221 48 29.9769
      vertex 68.8456 48 29.9763
    endloop
  endfacet
  facet normal -0.222468 0.0250717 0.974618
    outer loop
      vertex 9.3136 54.4882 29.9327
      vertex 9.30366 54.4 29.9327
      vertex 9.56901 54.4299 29.9925
    endloop
  endfacet
  facet normal -0.23198 0.36935 0.89987
    outer loop
      vertex 9.52804 54.7571 29.9327
      vertex 9.42299 54.9752 29.8161
      vertex 9.45289 54.7099 29.9327
    endloop
  endfacet
  facet normal 0.529931 0.333184 0.779847
    outer loop
      vertex 69.4634 54.929 29.6485
      vertex 69.3752 54.677 29.8161
      vertex 69.5645 54.7682 29.6485
    endloop
  endfacet
  facet normal 0.590814 0.206818 0.77985
    outer loop
      vertex 69.5645 54.7682 29.6485
      vertex 69.3752 54.677 29.8161
      vertex 69.6273 54.5888 29.6485
    endloop
  endfacet
  facet normal 0 -0.433916 -0.900953
    outer loop
      vertex 65.2595 47.5616 14.1839
      vertex 68.8 47.8037 14.0673
      vertex 68.8 47.5616 14.1839
    endloop
  endfacet
  facet normal -0 -0.433916 -0.900953
    outer loop
      vertex 68.8 47.8037 14.0673
      vertex 65.2595 47.5616 14.1839
      vertex 65.217 47.8037 14.0673
    endloop
  endfacet
  facet normal 0.417135 -0.663455 -0.621148
    outer loop
      vertex 69.4335 47.4056 14.5616
      vertex 69.1682 47.4355 14.3515
      vertex 69.329 47.5366 14.3515
    endloop
  endfacet
  facet normal 0.82565 -0.518907 -0.221442
    outer loop
      vertex 69.7323 47.4565 15.0656
      vertex 69.6855 47.4938 14.8037
      vertex 69.8744 47.6826 15.0656
    endloop
  endfacet
  facet normal 0.144048 -0.411695 -0.899865
    outer loop
      vertex 68.9421 47.5776 14.1839
      vertex 68.8882 47.8136 14.0673
      vertex 69.077 47.6248 14.1839
    endloop
  endfacet
  facet normal 0.0249742 -0.222498 -0.974613
    outer loop
      vertex 68.8882 47.8136 14.0673
      vertex 68.8 47.8037 14.0673
      vertex 68.8299 48.069 14.0075
    endloop
  endfacet
  facet normal 0.0486554 -0.433475 -0.899851
    outer loop
      vertex 68.9421 47.5776 14.1839
      vertex 68.8 47.8037 14.0673
      vertex 68.8882 47.8136 14.0673
    endloop
  endfacet
  facet normal 0.222498 -0.0249742 -0.974613
    outer loop
      vertex 69.1864 48.1118 14.0673
      vertex 68.931 48.1701 14.0075
      vertex 69.1963 48.2 14.0673
    endloop
  endfacet
  facet normal 0.222602 0 -0.974909
    outer loop
      vertex 68.9344 48.2 14.0075
      vertex 69.1963 54.4 14.0673
      vertex 69.1963 48.2 14.0673
    endloop
  endfacet
  facet normal 0.222602 0 -0.974909
    outer loop
      vertex 69.1963 54.4 14.0673
      vertex 68.9344 48.2 14.0075
      vertex 68.9344 54.4 14.0075
    endloop
  endfacet
  facet normal 0.189517 -0.11911 -0.974626
    outer loop
      vertex 69.1099 47.9529 14.0673
      vertex 68.905 48.1162 14.0075
      vertex 69.1571 48.028 14.0673
    endloop
  endfacet
  facet normal 0.739795 0.258997 -0.620986
    outer loop
      vertex 69.7906 54.6261 14.5616
      vertex 69.6273 54.5888 14.3515
      vertex 69.7154 54.8409 14.5616
    endloop
  endfacet
  facet normal 0.825647 0.518912 -0.221442
    outer loop
      vertex 69.8205 54.8914 14.8037
      vertex 69.6855 55.1062 14.8037
      vertex 69.7323 55.1435 15.0656
    endloop
  endfacet
  facet normal 0.621969 -0.0700317 -0.779904
    outer loop
      vertex 69.6273 48.0112 14.3515
      vertex 69.4224 48.0579 14.1839
      vertex 69.4384 48.2 14.1839
    endloop
  endfacet
  facet normal 0.411762 -0.143969 -0.899847
    outer loop
      vertex 69.3752 47.923 14.1839
      vertex 69.1571 48.028 14.0673
      vertex 69.1864 48.1118 14.0673
    endloop
  endfacet
  facet normal 0.623605 0 -0.781739
    outer loop
      vertex 69.4384 48.2 14.1839
      vertex 69.6485 54.4 14.3515
      vertex 69.6485 48.2 14.3515
    endloop
  endfacet
  facet normal 0.623605 0 -0.781739
    outer loop
      vertex 69.6485 54.4 14.3515
      vertex 69.4384 48.2 14.1839
      vertex 69.4384 54.4 14.1839
    endloop
  endfacet
  facet normal 0.92042 0.322186 -0.221411
    outer loop
      vertex 69.9043 54.652 14.8037
      vertex 69.8205 54.8914 14.8037
      vertex 69.8744 54.9174 15.0656
    endloop
  endfacet
  facet normal 0.663577 0.417212 -0.620967
    outer loop
      vertex 69.5645 54.7682 14.3515
      vertex 69.4634 54.929 14.3515
      vertex 69.7154 54.8409 14.5616
    endloop
  endfacet
  facet normal 0.15829 0.15829 -0.974622
    outer loop
      vertex 68.905 54.4838 14.0075
      vertex 68.8838 54.505 14.0075
      vertex 69.0471 54.7099 14.0673
    endloop
  endfacet
  facet normal -0.18961 -0.118971 -0.974625
    outer loop
      vertex 9.59495 48.1162 14.0075
      vertex 9.34291 48.028 14.0673
      vertex 9.57895 48.1417 14.0075
    endloop
  endfacet
  facet normal 0.554154 0.554154 -0.621149
    outer loop
      vertex 69.5944 55.0335 14.5616
      vertex 69.329 55.0634 14.3515
      vertex 69.4335 55.1944 14.5616
    endloop
  endfacet
  facet normal 0.308419 0.308419 -0.899864
    outer loop
      vertex 69.1099 54.6471 14.0673
      vertex 69.0471 54.7099 14.0673
      vertex 69.2991 54.7981 14.1839
    endloop
  endfacet
  facet normal -0.739074 -0.258016 -0.622252
    outer loop
      vertex 8.87666 48 14.3515
      vertex 8.86883 48 14.3608
      vertex 8.87275 48.0112 14.3515
    endloop
  endfacet
  facet normal -0.41264 -0.144326 -0.899388
    outer loop
      vertex 9.2847 48 14.0985
      vertex 9.3136 48.1118 14.0673
      vertex 9.34291 48.028 14.0673
    endloop
  endfacet
  facet normal -0.411363 -0.144798 -0.899897
    outer loop
      vertex 9.3136 48.1118 14.0673
      vertex 9.2847 48 14.0985
      vertex 9.20179 48 14.1364
    endloop
  endfacet
  facet normal -0.21132 -0.0739114 -0.974618
    outer loop
      vertex 9.34291 48.028 14.0673
      vertex 9.3136 48.1118 14.0673
      vertex 9.56901 48.1701 14.0075
    endloop
  endfacet
  facet normal -0.433392 -0.0488426 -0.899881
    outer loop
      vertex 9.3136 48.1118 14.0673
      vertex 9.07757 48.0579 14.1839
      vertex 9.30366 48.2 14.0673
    endloop
  endfacet
  facet normal -0.411284 -0.143985 -0.900063
    outer loop
      vertex 9.07757 48.0579 14.1839
      vertex 9.20179 48 14.1364
      vertex 9.09784 48 14.1839
    endloop
  endfacet
  facet normal -0.411507 -0.14463 -0.899858
    outer loop
      vertex 9.20179 48 14.1364
      vertex 9.07757 48.0579 14.1839
      vertex 9.3136 48.1118 14.0673
    endloop
  endfacet
  facet normal -0.896362 -0.10098 -0.431668
    outer loop
      vertex 8.61395 48 14.7537
      vertex 8.56734 48.2 14.8037
      vertex 8.68393 48.2 14.5616
    endloop
  endfacet
  facet normal -0.896355 -0.100974 -0.431685
    outer loop
      vertex 8.56734 48.2 14.8037
      vertex 8.61395 48 14.7537
      vertex 8.58987 48 14.8037
    endloop
  endfacet
  facet normal -0.896343 -0.101018 -0.4317
    outer loop
      vertex 8.70647 48 14.5616
      vertex 8.61395 48 14.7537
      vertex 8.68393 48.2 14.5616
    endloop
  endfacet
  facet normal -0.101087 0.896301 -0.43177
    outer loop
      vertex 9.4739 55.3906 14.5616
      vertex 9.44796 55.5043 14.8037
      vertex 9.7 55.4161 14.5616
    endloop
  endfacet
  facet normal -0.298081 0.851276 -0.43183
    outer loop
      vertex 9.25914 55.3154 14.5616
      vertex 9.20856 55.4205 14.8037
      vertex 9.4739 55.3906 14.5616
    endloop
  endfacet
  facet normal -0.144012 0.411716 -0.899861
    outer loop
      vertex 9.52804 54.7571 14.0673
      vertex 9.42299 54.9752 14.1839
      vertex 9.55793 55.0224 14.1839
    endloop
  endfacet
  facet normal -0.206689 0.590902 -0.779817
    outer loop
      vertex 9.42299 54.9752 14.1839
      vertex 9.33184 55.1645 14.3515
      vertex 9.55793 55.0224 14.1839
    endloop
  endfacet
  facet normal -0.554209 0.554174 -0.621083
    outer loop
      vertex 9.17095 55.0634 14.3515
      vertex 8.9056 55.0335 14.5616
      vertex 9.06649 55.1944 14.5616
    endloop
  endfacet
  facet normal -0.416993 0.6636 -0.621089
    outer loop
      vertex 9.17095 55.0634 14.3515
      vertex 9.06649 55.1944 14.5616
      vertex 9.33184 55.1645 14.3515
    endloop
  endfacet
  facet normal -0.119049 0.189545 -0.974628
    outer loop
      vertex 9.6417 54.521 14.0075
      vertex 9.45289 54.7099 14.0673
      vertex 9.52804 54.7571 14.0673
    endloop
  endfacet
  facet normal -0.119062 0.189532 -0.974629
    outer loop
      vertex 9.61623 54.505 14.0075
      vertex 9.45289 54.7099 14.0673
      vertex 9.6417 54.521 14.0075
    endloop
  endfacet
  facet normal -0.663541 0.417038 -0.621122
    outer loop
      vertex 9.03659 54.929 14.3515
      vertex 8.78455 54.8409 14.5616
      vertex 8.9056 55.0335 14.5616
    endloop
  endfacet
  facet normal -0.30845 0.308253 -0.89991
    outer loop
      vertex 9.39013 54.6471 14.0673
      vertex 9.20085 54.7981 14.1839
      vertex 9.45289 54.7099 14.0673
    endloop
  endfacet
  facet normal -0.763779 0.480039 0.431513
    outer loop
      vertex 8.9056 55.0335 29.4384
      vertex 8.67951 54.8914 29.1963
      vertex 8.78455 54.8409 29.4384
    endloop
  endfacet
  facet normal -0.851458 0.297939 0.43157
    outer loop
      vertex 8.67951 54.8914 29.1963
      vertex 8.59574 54.652 29.1963
      vertex 8.78455 54.8409 29.4384
    endloop
  endfacet
  facet normal -0.416894 0.663758 0.620987
    outer loop
      vertex 9.25914 55.3154 29.4384
      vertex 9.06649 55.1944 29.4384
      vertex 9.33184 55.1645 29.6485
    endloop
  endfacet
  facet normal -0.259043 0.739789 0.620974
    outer loop
      vertex 9.4739 55.3906 29.4384
      vertex 9.25914 55.3154 29.4384
      vertex 9.33184 55.1645 29.6485
    endloop
  endfacet
  facet normal -0.433399 0.0488298 0.899878
    outer loop
      vertex 9.07757 54.5421 29.8161
      vertex 9.06156 54.4 29.8161
      vertex 9.30366 54.4 29.9327
    endloop
  endfacet
  facet normal -0.622089 0.0701168 0.779801
    outer loop
      vertex 8.87275 54.5888 29.6485
      vertex 8.85147 54.4 29.6485
      vertex 9.06156 54.4 29.8161
    endloop
  endfacet
  facet normal -0.479806 0.763923 0.431518
    outer loop
      vertex 9.25914 55.3154 29.4384
      vertex 8.9938 55.2855 29.1963
      vertex 9.06649 55.1944 29.4384
    endloop
  endfacet
  facet normal -0.333071 0.530047 0.779817
    outer loop
      vertex 9.33184 55.1645 29.6485
      vertex 9.17095 55.0634 29.6485
      vertex 9.42299 54.9752 29.8161
    endloop
  endfacet
  facet normal -0.41264 -0.144326 0.899388
    outer loop
      vertex 9.3136 48.1118 29.9327
      vertex 9.2847 48 29.9015
      vertex 9.34291 48.028 29.9327
    endloop
  endfacet
  facet normal -0.411363 -0.144798 0.899897
    outer loop
      vertex 9.2847 48 29.9015
      vertex 9.3136 48.1118 29.9327
      vertex 9.20179 48 29.8636
    endloop
  endfacet
  facet normal -0.781848 0 0.623469
    outer loop
      vertex 8.68393 48.2 29.4384
      vertex 8.85147 54.4 29.6485
      vertex 8.68393 54.4 29.4384
    endloop
  endfacet
  facet normal -0.781848 0 0.623469
    outer loop
      vertex 8.85147 54.4 29.6485
      vertex 8.68393 48.2 29.4384
      vertex 8.85147 48.2 29.6485
    endloop
  endfacet
  facet normal -0.623624 0 0.781725
    outer loop
      vertex 8.85147 54.4 29.6485
      vertex 9.06156 48.2 29.8161
      vertex 9.06156 54.4 29.8161
    endloop
  endfacet
  facet normal -0.623624 0 0.781725
    outer loop
      vertex 9.06156 48.2 29.8161
      vertex 8.85147 54.4 29.6485
      vertex 8.85147 48.2 29.6485
    endloop
  endfacet
  facet normal -0.222468 0.0250717 -0.974618
    outer loop
      vertex 9.56901 54.4299 14.0075
      vertex 9.30366 54.4 14.0673
      vertex 9.3136 54.4882 14.0673
    endloop
  endfacet
  facet normal -0.0739032 -0.212005 0.97447
    outer loop
      vertex 9.6417 48.0789 29.9925
      vertex 9.62674 48 29.9742
      vertex 9.6701 48.069 29.9925
    endloop
  endfacet
  facet normal -0.0718435 -0.212411 0.974536
    outer loop
      vertex 9.62674 48 29.9742
      vertex 9.6417 48.0789 29.9925
      vertex 9.60368 48 29.9725
    endloop
  endfacet
  facet normal -0.119699 -0.189363 0.974584
    outer loop
      vertex 9.61623 48.095 29.9925
      vertex 9.60368 48 29.9725
      vertex 9.6417 48.0789 29.9925
    endloop
  endfacet
  facet normal -0.122497 -0.188937 0.974319
    outer loop
      vertex 9.60368 48 29.9725
      vertex 9.61623 48.095 29.9925
      vertex 9.583 48 29.9699
    endloop
  endfacet
  facet normal -0.622105 -0.0700908 0.77979
    outer loop
      vertex 9.06156 48.2 29.8161
      vertex 8.87275 48.0112 29.6485
      vertex 9.07757 48.0579 29.8161
    endloop
  endfacet
  facet normal -0.0249771 0.222498 0.974613
    outer loop
      vertex 9.7 54.7963 29.9327
      vertex 9.61181 54.7864 29.9327
      vertex 9.6701 54.531 29.9925
    endloop
  endfacet
  facet normal -0.0486611 0.433477 0.89985
    outer loop
      vertex 9.7 54.7963 29.9327
      vertex 9.55793 55.0224 29.8161
      vertex 9.61181 54.7864 29.9327
    endloop
  endfacet
  facet normal 0.211445 -0.0737078 0.974607
    outer loop
      vertex 68.931 48.1701 29.9925
      vertex 68.9211 48.1417 29.9925
      vertex 69.1571 48.028 29.9327
    endloop
  endfacet
  facet normal -0.590664 -0.207733 0.77972
    outer loop
      vertex 8.87275 48.0112 29.6485
      vertex 9.04117 48 29.7731
      vertex 9.07757 48.0579 29.8161
    endloop
  endfacet
  facet normal -0.590788 -0.206248 0.78002
    outer loop
      vertex 9.04117 48 29.7731
      vertex 8.87275 48.0112 29.6485
      vertex 8.87666 48 29.6485
    endloop
  endfacet
  facet normal -0.222468 0.0250741 0.974618
    outer loop
      vertex 9.56901 54.4299 29.9925
      vertex 9.30366 54.4 29.9327
      vertex 9.56564 54.4 29.9925
    endloop
  endfacet
  facet normal -0.119049 0.189545 0.974628
    outer loop
      vertex 9.52804 54.7571 29.9327
      vertex 9.45289 54.7099 29.9327
      vertex 9.6417 54.521 29.9925
    endloop
  endfacet
  facet normal 0.211332 -0.0738907 0.974617
    outer loop
      vertex 69.1864 48.1118 29.9327
      vertex 68.931 48.1701 29.9925
      vertex 69.1571 48.028 29.9327
    endloop
  endfacet
  facet normal 0.369324 -0.232118 -0.899845
    outer loop
      vertex 69.3752 47.923 14.1839
      vertex 69.1099 47.9529 14.0673
      vertex 69.1571 48.028 14.0673
    endloop
  endfacet
  facet normal 0.15829 -0.15829 -0.974622
    outer loop
      vertex 69.0471 47.8901 14.0673
      vertex 68.905 48.1162 14.0075
      vertex 69.1099 47.9529 14.0673
    endloop
  endfacet
  facet normal 0.15829 -0.15829 -0.974622
    outer loop
      vertex 68.905 48.1162 14.0075
      vertex 69.0471 47.8901 14.0673
      vertex 68.8838 48.095 14.0075
    endloop
  endfacet
  facet normal 0.554154 -0.554154 -0.621149
    outer loop
      vertex 69.4335 47.4056 14.5616
      vertex 69.4634 47.671 14.3515
      vertex 69.5944 47.5665 14.5616
    endloop
  endfacet
  facet normal 0.554154 -0.554154 -0.621149
    outer loop
      vertex 69.4634 47.671 14.3515
      vertex 69.4335 47.4056 14.5616
      vertex 69.329 47.5366 14.3515
    endloop
  endfacet
  facet normal 0.0698524 -0.622082 -0.77983
    outer loop
      vertex 68.9888 47.3727 14.3515
      vertex 68.8 47.3515 14.3515
      vertex 68.8 47.5616 14.1839
    endloop
  endfacet
  facet normal -0.211294 -0.073953 -0.974621
    outer loop
      vertex 9.57895 48.1417 14.0075
      vertex 9.34291 48.028 14.0673
      vertex 9.56901 48.1701 14.0075
    endloop
  endfacet
  facet normal 0.143969 -0.411762 -0.899847
    outer loop
      vertex 69.077 47.6248 14.1839
      vertex 68.8882 47.8136 14.0673
      vertex 68.972 47.8429 14.0673
    endloop
  endfacet
  facet normal 0.206732 -0.59085 -0.779845
    outer loop
      vertex 69.1682 47.4355 14.3515
      vertex 68.9421 47.5776 14.1839
      vertex 69.077 47.6248 14.1839
    endloop
  endfacet
  facet normal -0.189537 0.119173 -0.974615
    outer loop
      vertex 9.59495 54.4838 14.0075
      vertex 9.34291 54.572 14.0673
      vertex 9.39013 54.6471 14.0673
    endloop
  endfacet
  facet normal -0.158368 0.158267 -0.974613
    outer loop
      vertex 9.59495 54.4838 14.0075
      vertex 9.39013 54.6471 14.0673
      vertex 9.45289 54.7099 14.0673
    endloop
  endfacet
  facet normal 0.433916 0 -0.900953
    outer loop
      vertex 69.1963 48.2 14.0673
      vertex 69.4384 54.4 14.1839
      vertex 69.4384 48.2 14.1839
    endloop
  endfacet
  facet normal 0.433916 0 -0.900953
    outer loop
      vertex 69.4384 54.4 14.1839
      vertex 69.1963 48.2 14.0673
      vertex 69.1963 54.4 14.0673
    endloop
  endfacet
  facet normal 0.663713 -0.416974 -0.620982
    outer loop
      vertex 69.5944 47.5665 14.5616
      vertex 69.5645 47.8318 14.3515
      vertex 69.7154 47.7591 14.5616
    endloop
  endfacet
  facet normal 0.663455 -0.417135 -0.621148
    outer loop
      vertex 69.5944 47.5665 14.5616
      vertex 69.4634 47.671 14.3515
      vertex 69.5645 47.8318 14.3515
    endloop
  endfacet
  facet normal 0.433399 0.0487994 -0.89988
    outer loop
      vertex 69.4384 54.4 14.1839
      vertex 69.1963 54.4 14.0673
      vertex 69.4224 54.5421 14.1839
    endloop
  endfacet
  facet normal 0.530069 0.333098 -0.77979
    outer loop
      vertex 69.3752 54.677 14.1839
      vertex 69.2991 54.7981 14.1839
      vertex 69.4634 54.929 14.3515
    endloop
  endfacet
  facet normal 0.969078 0.109218 -0.221267
    outer loop
      vertex 69.9925 54.4 15.0656
      vertex 69.9043 54.652 14.8037
      vertex 69.9626 54.6653 15.0656
    endloop
  endfacet
  facet normal 0.969078 0.109214 -0.221271
    outer loop
      vertex 69.9327 54.4 14.8037
      vertex 69.9043 54.652 14.8037
      vertex 69.9925 54.4 15.0656
    endloop
  endfacet
  facet normal 0.663611 0.41691 -0.621133
    outer loop
      vertex 69.7154 54.8409 14.5616
      vertex 69.4634 54.929 14.3515
      vertex 69.5944 55.0335 14.5616
    endloop
  endfacet
  facet normal 0.689554 0.689554 -0.221426
    outer loop
      vertex 69.6855 55.1062 14.8037
      vertex 69.5062 55.2855 14.8037
      vertex 69.7323 55.1435 15.0656
    endloop
  endfacet
  facet normal 0.590802 0.206715 -0.779886
    outer loop
      vertex 69.4224 54.5421 14.1839
      vertex 69.3752 54.677 14.1839
      vertex 69.6273 54.5888 14.3515
    endloop
  endfacet
  facet normal 0.369329 0.232089 -0.89985
    outer loop
      vertex 69.3752 54.677 14.1839
      vertex 69.1099 54.6471 14.0673
      vertex 69.2991 54.7981 14.1839
    endloop
  endfacet
  facet normal -0.0741186 -0.211873 -0.974483
    outer loop
      vertex 9.65435 48 14.0237
      vertex 9.62674 48 14.0258
      vertex 9.6701 48.069 14.0075
    endloop
  endfacet
  facet normal -0.781848 0 -0.623469
    outer loop
      vertex 8.85147 48.2 14.3515
      vertex 8.68393 54.4 14.5616
      vertex 8.85147 54.4 14.3515
    endloop
  endfacet
  facet normal -0.781848 -0 -0.623469
    outer loop
      vertex 8.68393 54.4 14.5616
      vertex 8.85147 48.2 14.3515
      vertex 8.68393 48.2 14.5616
    endloop
  endfacet
  facet normal -0.900968 0 -0.433886
    outer loop
      vertex 8.68393 48.2 14.5616
      vertex 8.56734 54.4 14.8037
      vertex 8.68393 54.4 14.5616
    endloop
  endfacet
  facet normal -0.900968 -0 -0.433886
    outer loop
      vertex 8.56734 54.4 14.8037
      vertex 8.68393 48.2 14.5616
      vertex 8.56734 48.2 14.8037
    endloop
  endfacet
  facet normal -0.0878447 0.77889 -0.620978
    outer loop
      vertex 9.51118 55.2273 14.3515
      vertex 9.4739 55.3906 14.5616
      vertex 9.7 55.4161 14.5616
    endloop
  endfacet
  facet normal -0.259055 0.73979 -0.620968
    outer loop
      vertex 9.51118 55.2273 14.3515
      vertex 9.33184 55.1645 14.3515
      vertex 9.4739 55.3906 14.5616
    endloop
  endfacet
  facet normal -0.554242 0.554077 -0.621139
    outer loop
      vertex 9.03659 54.929 14.3515
      vertex 8.9056 55.0335 14.5616
      vertex 9.17095 55.0634 14.3515
    endloop
  endfacet
  facet normal -0.222538 0 0.974924
    outer loop
      vertex 9.30366 54.4 29.9327
      vertex 9.56564 48.2 29.9925
      vertex 9.56564 54.4 29.9925
    endloop
  endfacet
  facet normal -0.222538 0 0.974924
    outer loop
      vertex 9.56564 48.2 29.9925
      vertex 9.30366 54.4 29.9327
      vertex 9.30366 48.2 29.9327
    endloop
  endfacet
  facet normal -0.332928 0.530275 0.779722
    outer loop
      vertex 9.42299 54.9752 29.8161
      vertex 9.17095 55.0634 29.6485
      vertex 9.30194 54.8992 29.8161
    endloop
  endfacet
  facet normal -0.308399 0.308368 0.899888
    outer loop
      vertex 9.30194 54.8992 29.8161
      vertex 9.20085 54.7981 29.8161
      vertex 9.45289 54.7099 29.9327
    endloop
  endfacet
  facet normal -0.298081 0.851276 0.43183
    outer loop
      vertex 9.4739 55.3906 29.4384
      vertex 9.20856 55.4205 29.1963
      vertex 9.25914 55.3154 29.4384
    endloop
  endfacet
  facet normal -0.480025 0.76363 0.431793
    outer loop
      vertex 9.20856 55.4205 29.1963
      vertex 8.9938 55.2855 29.1963
      vertex 9.25914 55.3154 29.4384
    endloop
  endfacet
  facet normal -0.370039 -0.23286 0.89936
    outer loop
      vertex 9.34291 48.028 29.9327
      vertex 9.2847 48 29.9015
      vertex 9.36053 48 29.9327
    endloop
  endfacet
  facet normal -0.740112 -0.256983 0.621446
    outer loop
      vertex 8.87275 48.0112 29.6485
      vertex 8.82374 48 29.5855
      vertex 8.86883 48 29.6392
    endloop
  endfacet
  facet normal -0.739074 -0.258016 0.622252
    outer loop
      vertex 8.87275 48.0112 29.6485
      vertex 8.86883 48 29.6392
      vertex 8.87666 48 29.6485
    endloop
  endfacet
  facet normal -0.211294 0.073953 -0.974621
    outer loop
      vertex 9.56901 54.4299 14.0075
      vertex 9.34291 54.572 14.0673
      vertex 9.57895 54.4583 14.0075
    endloop
  endfacet
  facet normal -0.21132 0.0739114 -0.974618
    outer loop
      vertex 9.56901 54.4299 14.0075
      vertex 9.3136 54.4882 14.0673
      vertex 9.34291 54.572 14.0673
    endloop
  endfacet
  facet normal -0.0741186 -0.211873 0.974483
    outer loop
      vertex 9.6701 48.069 29.9925
      vertex 9.62674 48 29.9742
      vertex 9.65435 48 29.9763
    endloop
  endfacet
  facet normal 0.222498 -0.0249742 0.974613
    outer loop
      vertex 69.1963 48.2 29.9327
      vertex 68.931 48.1701 29.9925
      vertex 69.1864 48.1118 29.9327
    endloop
  endfacet
  facet normal -0.411717 0.144003 0.899862
    outer loop
      vertex 9.34291 54.572 29.9327
      vertex 9.12479 54.677 29.8161
      vertex 9.3136 54.4882 29.9327
    endloop
  endfacet
  facet normal 0.119231 -0.190157 0.974487
    outer loop
      vertex 68.9595 48 29.9647
      vertex 68.8838 48.095 29.9925
      vertex 68.917 48 29.9699
    endloop
  endfacet
  facet normal 0.411153 -0.143442 0.90021
    outer loop
      vertex 69.4224 48.0579 29.8161
      vertex 69.2982 48 29.8636
      vertex 69.4022 48 29.8161
    endloop
  endfacet
  facet normal 0.411555 -0.144607 0.89984
    outer loop
      vertex 69.2982 48 29.8636
      vertex 69.4224 48.0579 29.8161
      vertex 69.1864 48.1118 29.9327
    endloop
  endfacet
  facet normal 0.433475 -0.0486554 0.899851
    outer loop
      vertex 69.1963 48.2 29.9327
      vertex 69.1864 48.1118 29.9327
      vertex 69.4224 48.0579 29.8161
    endloop
  endfacet
  facet normal 0.11911 -0.189517 -0.974626
    outer loop
      vertex 68.972 47.8429 14.0673
      vertex 68.8838 48.095 14.0075
      vertex 69.0471 47.8901 14.0673
    endloop
  endfacet
  facet normal 0.33288 -0.530418 -0.779646
    outer loop
      vertex 69.329 47.5366 14.3515
      vertex 69.077 47.6248 14.1839
      vertex 69.1981 47.7008 14.1839
    endloop
  endfacet
  facet normal 0.211332 -0.0738907 -0.974617
    outer loop
      vertex 69.1571 48.028 14.0673
      vertex 68.931 48.1701 14.0075
      vertex 69.1864 48.1118 14.0673
    endloop
  endfacet
  facet normal 0.433399 -0.0487994 -0.89988
    outer loop
      vertex 69.4224 48.0579 14.1839
      vertex 69.1963 48.2 14.0673
      vertex 69.4384 48.2 14.1839
    endloop
  endfacet
  facet normal 0.222498 0.0249742 -0.974613
    outer loop
      vertex 69.1963 54.4 14.0673
      vertex 68.931 54.4299 14.0075
      vertex 69.1864 54.4882 14.0673
    endloop
  endfacet
  facet normal 0.211332 0.0738907 -0.974617
    outer loop
      vertex 69.1864 54.4882 14.0673
      vertex 68.931 54.4299 14.0075
      vertex 69.1571 54.572 14.0673
    endloop
  endfacet
  facet normal 0.896308 0.101087 -0.431757
    outer loop
      vertex 69.8161 54.4 14.5616
      vertex 69.7906 54.6261 14.5616
      vertex 69.9043 54.652 14.8037
    endloop
  endfacet
  facet normal 0.529931 0.333184 -0.779847
    outer loop
      vertex 69.5645 54.7682 14.3515
      vertex 69.3752 54.677 14.1839
      vertex 69.4634 54.929 14.3515
    endloop
  endfacet
  facet normal 0.411695 0.144048 -0.899865
    outer loop
      vertex 69.4224 54.5421 14.1839
      vertex 69.1864 54.4882 14.0673
      vertex 69.3752 54.677 14.1839
    endloop
  endfacet
  facet normal 0.411762 0.143969 -0.899847
    outer loop
      vertex 69.1864 54.4882 14.0673
      vertex 69.1571 54.572 14.0673
      vertex 69.3752 54.677 14.1839
    endloop
  endfacet
  facet normal 0.231817 0.369382 -0.899899
    outer loop
      vertex 69.1981 54.8992 14.1839
      vertex 69.0471 54.7099 14.0673
      vertex 69.077 54.9752 14.1839
    endloop
  endfacet
  facet normal 0.442707 0.442707 -0.779757
    outer loop
      vertex 69.2991 54.7981 14.1839
      vertex 69.329 55.0634 14.3515
      vertex 69.4634 54.929 14.3515
    endloop
  endfacet
  facet normal 0.443033 0.442594 -0.779636
    outer loop
      vertex 69.329 55.0634 14.3515
      vertex 69.2991 54.7981 14.1839
      vertex 69.1981 54.8992 14.1839
    endloop
  endfacet
  facet normal 0.637867 0.637867 -0.431568
    outer loop
      vertex 69.5944 55.0335 14.5616
      vertex 69.4335 55.1944 14.5616
      vertex 69.5062 55.2855 14.8037
    endloop
  endfacet
  facet normal 0.417135 0.663455 -0.621148
    outer loop
      vertex 69.329 55.0634 14.3515
      vertex 69.1682 55.1645 14.3515
      vertex 69.4335 55.1944 14.5616
    endloop
  endfacet
  facet normal -0.778685 -0.0873733 -0.621301
    outer loop
      vertex 8.82374 48 14.4145
      vertex 8.68393 48.2 14.5616
      vertex 8.87275 48.0112 14.3515
    endloop
  endfacet
  facet normal -0.778912 -0.0877834 -0.620959
    outer loop
      vertex 8.68393 48.2 14.5616
      vertex 8.82374 48 14.4145
      vertex 8.70647 48 14.5616
    endloop
  endfacet
  facet normal -0.740112 -0.256983 -0.621446
    outer loop
      vertex 8.86883 48 14.3608
      vertex 8.82374 48 14.4145
      vertex 8.87275 48.0112 14.3515
    endloop
  endfacet
  facet normal -0.416894 0.663758 -0.620987
    outer loop
      vertex 9.33184 55.1645 14.3515
      vertex 9.06649 55.1944 14.5616
      vertex 9.25914 55.3154 14.5616
    endloop
  endfacet
  facet normal -0.479806 0.763923 -0.431518
    outer loop
      vertex 9.06649 55.1944 14.5616
      vertex 8.9938 55.2855 14.8037
      vertex 9.25914 55.3154 14.5616
    endloop
  endfacet
  facet normal -0.529957 0.333168 -0.779836
    outer loop
      vertex 9.12479 54.677 14.1839
      vertex 8.9355 54.7682 14.3515
      vertex 9.03659 54.929 14.3515
    endloop
  endfacet
  facet normal -0.663529 0.41714 -0.621066
    outer loop
      vertex 8.9355 54.7682 14.3515
      vertex 8.78455 54.8409 14.5616
      vertex 9.03659 54.929 14.3515
    endloop
  endfacet
  facet normal -0.433392 0.0488426 0.899881
    outer loop
      vertex 9.3136 54.4882 29.9327
      vertex 9.07757 54.5421 29.8161
      vertex 9.30366 54.4 29.9327
    endloop
  endfacet
  facet normal -0.530208 0.333011 0.779733
    outer loop
      vertex 9.20085 54.7981 29.8161
      vertex 9.03659 54.929 29.6485
      vertex 9.12479 54.677 29.8161
    endloop
  endfacet
  facet normal -0.30845 0.308253 0.89991
    outer loop
      vertex 9.45289 54.7099 29.9327
      vertex 9.20085 54.7981 29.8161
      vertex 9.39013 54.6471 29.9327
    endloop
  endfacet
  facet normal -0.231902 0.369365 0.899884
    outer loop
      vertex 9.42299 54.9752 29.8161
      vertex 9.30194 54.8992 29.8161
      vertex 9.45289 54.7099 29.9327
    endloop
  endfacet
  facet normal -0.144012 0.411716 0.899861
    outer loop
      vertex 9.55793 55.0224 29.8161
      vertex 9.42299 54.9752 29.8161
      vertex 9.52804 54.7571 29.9327
    endloop
  endfacet
  facet normal -0.554209 0.554174 0.621083
    outer loop
      vertex 9.06649 55.1944 29.4384
      vertex 8.9056 55.0335 29.4384
      vertex 9.17095 55.0634 29.6485
    endloop
  endfacet
  facet normal -0.554242 0.554077 0.621139
    outer loop
      vertex 9.17095 55.0634 29.6485
      vertex 8.9056 55.0335 29.4384
      vertex 9.03659 54.929 29.6485
    endloop
  endfacet
  facet normal -0.433392 -0.0488426 0.899881
    outer loop
      vertex 9.30366 48.2 29.9327
      vertex 9.07757 48.0579 29.8161
      vertex 9.3136 48.1118 29.9327
    endloop
  endfacet
  facet normal -0.433399 -0.0488298 0.899878
    outer loop
      vertex 9.30366 48.2 29.9327
      vertex 9.06156 48.2 29.8161
      vertex 9.07757 48.0579 29.8161
    endloop
  endfacet
  facet normal -0.622089 -0.0701168 0.779801
    outer loop
      vertex 9.06156 48.2 29.8161
      vertex 8.85147 48.2 29.6485
      vertex 8.87275 48.0112 29.6485
    endloop
  endfacet
  facet normal -0.77883 -0.0877834 0.621062
    outer loop
      vertex 8.85147 48.2 29.6485
      vertex 8.68393 48.2 29.4384
      vertex 8.87275 48.0112 29.6485
    endloop
  endfacet
  facet normal 0.442707 -0.442707 -0.779757
    outer loop
      vertex 69.329 47.5366 14.3515
      vertex 69.2991 47.8019 14.1839
      vertex 69.4634 47.671 14.3515
    endloop
  endfacet
  facet normal 0.443033 -0.442594 -0.779636
    outer loop
      vertex 69.2991 47.8019 14.1839
      vertex 69.329 47.5366 14.3515
      vertex 69.1981 47.7008 14.1839
    endloop
  endfacet
  facet normal 0.778886 -0.0878443 -0.620983
    outer loop
      vertex 69.7906 47.9739 14.5616
      vertex 69.6273 48.0112 14.3515
      vertex 69.8161 48.2 14.5616
    endloop
  endfacet
  facet normal 0.739795 -0.258997 -0.620986
    outer loop
      vertex 69.7154 47.7591 14.5616
      vertex 69.6273 48.0112 14.3515
      vertex 69.7906 47.9739 14.5616
    endloop
  endfacet
  facet normal 0.433475 -0.0486554 -0.899851
    outer loop
      vertex 69.4224 48.0579 14.1839
      vertex 69.1864 48.1118 14.0673
      vertex 69.1963 48.2 14.0673
    endloop
  endfacet
  facet normal 0.411695 -0.144048 -0.899865
    outer loop
      vertex 69.3752 47.923 14.1839
      vertex 69.1864 48.1118 14.0673
      vertex 69.4224 48.0579 14.1839
    endloop
  endfacet
  facet normal 0.554154 0.554154 -0.621149
    outer loop
      vertex 69.4634 54.929 14.3515
      vertex 69.329 55.0634 14.3515
      vertex 69.5944 55.0335 14.5616
    endloop
  endfacet
  facet normal 0.851346 0.29805 -0.431712
    outer loop
      vertex 69.7906 54.6261 14.5616
      vertex 69.7154 54.8409 14.5616
      vertex 69.9043 54.652 14.8037
    endloop
  endfacet
  facet normal 0.621969 0.0700317 -0.779904
    outer loop
      vertex 69.4384 54.4 14.1839
      vertex 69.4224 54.5421 14.1839
      vertex 69.6273 54.5888 14.3515
    endloop
  endfacet
  facet normal 0.416974 0.663713 -0.620982
    outer loop
      vertex 69.4335 55.1944 14.5616
      vertex 69.1682 55.1645 14.3515
      vertex 69.2409 55.3154 14.5616
    endloop
  endfacet
  facet normal 0.47989 0.763858 -0.431539
    outer loop
      vertex 69.4335 55.1944 14.5616
      vertex 69.2409 55.3154 14.5616
      vertex 69.5062 55.2855 14.8037
    endloop
  endfacet
  facet normal -0.21132 0.0739114 0.974618
    outer loop
      vertex 9.34291 54.572 29.9327
      vertex 9.3136 54.4882 29.9327
      vertex 9.56901 54.4299 29.9925
    endloop
  endfacet
  facet normal -0.189537 0.119173 0.974615
    outer loop
      vertex 9.39013 54.6471 29.9327
      vertex 9.34291 54.572 29.9327
      vertex 9.59495 54.4838 29.9925
    endloop
  endfacet
  facet normal -0.590891 0.20668 0.779827
    outer loop
      vertex 8.9355 54.7682 29.6485
      vertex 8.87275 54.5888 29.6485
      vertex 9.12479 54.677 29.8161
    endloop
  endfacet
  facet normal -0.529957 0.333168 0.779836
    outer loop
      vertex 9.03659 54.929 29.6485
      vertex 8.9355 54.7682 29.6485
      vertex 9.12479 54.677 29.8161
    endloop
  endfacet
  facet normal -0.411642 0.14409 0.899883
    outer loop
      vertex 9.12479 54.677 29.8161
      vertex 9.07757 54.5421 29.8161
      vertex 9.3136 54.4882 29.9327
    endloop
  endfacet
  facet normal -0.59091 0.20684 0.779771
    outer loop
      vertex 9.12479 54.677 29.8161
      vertex 8.87275 54.5888 29.6485
      vertex 9.07757 54.5421 29.8161
    endloop
  endfacet
  facet normal 0 0 1
    outer loop
      vertex 68.8 54.5344 29.9925
      vertex 68.9344 54.4 29.9925
      vertex 68.931 54.4299 29.9925
    endloop
  endfacet
  facet normal 0 0 1
    outer loop
      vertex 68.9344 54.4 29.9925
      vertex 68.8 54.5344 29.9925
      vertex 68.9344 48.2 29.9925
    endloop
  endfacet
  facet normal 0 0 1
    outer loop
      vertex 68.8 54.5344 29.9925
      vertex 68.931 54.4299 29.9925
      vertex 68.9211 54.4583 29.9925
    endloop
  endfacet
  facet normal 0 0 1
    outer loop
      vertex 68.8 48.0656 29.9925
      vertex 68.9344 48.2 29.9925
      vertex 68.8 54.5344 29.9925
    endloop
  endfacet
  facet normal 0 0 1
    outer loop
      vertex 68.8 54.5344 29.9925
      vertex 68.9211 54.4583 29.9925
      vertex 68.905 54.4838 29.9925
    endloop
  endfacet
  facet normal 0 0 1
    outer loop
      vertex 68.9344 48.2 29.9925
      vertex 68.8 48.0656 29.9925
      vertex 68.931 48.1701 29.9925
    endloop
  endfacet
  facet normal 0 0 1
    outer loop
      vertex 68.8 54.5344 29.9925
      vertex 68.905 54.4838 29.9925
      vertex 68.8838 54.505 29.9925
    endloop
  endfacet
  facet normal 0 0 1
    outer loop
      vertex 68.931 48.1701 29.9925
      vertex 68.8 48.0656 29.9925
      vertex 68.9211 48.1417 29.9925
    endloop
  endfacet
  facet normal 0 0 1
    outer loop
      vertex 68.8 54.5344 29.9925
      vertex 68.8838 54.505 29.9925
      vertex 68.8583 54.521 29.9925
    endloop
  endfacet
  facet normal 0 0 1
    outer loop
      vertex 68.9211 48.1417 29.9925
      vertex 68.8 48.0656 29.9925
      vertex 68.905 48.1162 29.9925
    endloop
  endfacet
  facet normal 0 0 1
    outer loop
      vertex 68.8 54.5344 29.9925
      vertex 68.8583 54.521 29.9925
      vertex 68.8299 54.531 29.9925
    endloop
  endfacet
  facet normal 0 0 1
    outer loop
      vertex 68.905 48.1162 29.9925
      vertex 68.8 48.0656 29.9925
      vertex 68.8838 48.095 29.9925
    endloop
  endfacet
  facet normal 0 0 1
    outer loop
      vertex 68.8838 48.095 29.9925
      vertex 68.8 48.0656 29.9925
      vertex 68.8583 48.0789 29.9925
    endloop
  endfacet
  facet normal 0 0 1
    outer loop
      vertex 68.8583 48.0789 29.9925
      vertex 68.8 48.0656 29.9925
      vertex 68.8299 48.069 29.9925
    endloop
  endfacet
  facet normal -0 0 1
    outer loop
      vertex 9.7 54.5344 29.9925
      vertex 68.8 48.0656 29.9925
      vertex 68.8 54.5344 29.9925
    endloop
  endfacet
  facet normal 0 0 1
    outer loop
      vertex 9.7 54.5344 29.9925
      vertex 9.7 48.0656 29.9925
      vertex 68.8 48.0656 29.9925
    endloop
  endfacet
  facet normal 0 0 1
    outer loop
      vertex 9.56564 54.4 29.9925
      vertex 9.7 54.5344 29.9925
      vertex 9.6701 54.531 29.9925
    endloop
  endfacet
  facet normal 0 0 1
    outer loop
      vertex 9.7 54.5344 29.9925
      vertex 9.56564 54.4 29.9925
      vertex 9.7 48.0656 29.9925
    endloop
  endfacet
  facet normal 0 0 1
    outer loop
      vertex 9.56564 54.4 29.9925
      vertex 9.6701 54.531 29.9925
      vertex 9.6417 54.521 29.9925
    endloop
  endfacet
  facet normal -0 0 1
    outer loop
      vertex 9.56564 48.2 29.9925
      vertex 9.7 48.0656 29.9925
      vertex 9.56564 54.4 29.9925
    endloop
  endfacet
  facet normal 0 0 1
    outer loop
      vertex 9.56564 54.4 29.9925
      vertex 9.6417 54.521 29.9925
      vertex 9.61623 54.505 29.9925
    endloop
  endfacet
  facet normal 0 0 1
    outer loop
      vertex 9.7 48.0656 29.9925
      vertex 9.56564 48.2 29.9925
      vertex 9.6701 48.069 29.9925
    endloop
  endfacet
  facet normal 0 0 1
    outer loop
      vertex 9.56564 54.4 29.9925
      vertex 9.61623 54.505 29.9925
      vertex 9.59495 54.4838 29.9925
    endloop
  endfacet
  facet normal 0 0 1
    outer loop
      vertex 9.6701 48.069 29.9925
      vertex 9.56564 48.2 29.9925
      vertex 9.6417 48.0789 29.9925
    endloop
  endfacet
  facet normal 0 0 1
    outer loop
      vertex 9.56564 54.4 29.9925
      vertex 9.59495 54.4838 29.9925
      vertex 9.57895 54.4583 29.9925
    endloop
  endfacet
  facet normal 0 0 1
    outer loop
      vertex 9.6417 48.0789 29.9925
      vertex 9.56564 48.2 29.9925
      vertex 9.61623 48.095 29.9925
    endloop
  endfacet
  facet normal 0 0 1
    outer loop
      vertex 9.56564 54.4 29.9925
      vertex 9.57895 54.4583 29.9925
      vertex 9.56901 54.4299 29.9925
    endloop
  endfacet
  facet normal 0 0 1
    outer loop
      vertex 9.61623 48.095 29.9925
      vertex 9.56564 48.2 29.9925
      vertex 9.59495 48.1162 29.9925
    endloop
  endfacet
  facet normal 0 0 1
    outer loop
      vertex 9.59495 48.1162 29.9925
      vertex 9.56564 48.2 29.9925
      vertex 9.57895 48.1417 29.9925
    endloop
  endfacet
  facet normal 0 0 1
    outer loop
      vertex 9.57895 48.1417 29.9925
      vertex 9.56564 48.2 29.9925
      vertex 9.56901 48.1701 29.9925
    endloop
  endfacet
  facet normal 0.231817 -0.369382 -0.899899
    outer loop
      vertex 69.077 47.6248 14.1839
      vertex 69.0471 47.8901 14.0673
      vertex 69.1981 47.7008 14.1839
    endloop
  endfacet
  facet normal 0.232118 -0.369324 -0.899845
    outer loop
      vertex 69.077 47.6248 14.1839
      vertex 68.972 47.8429 14.0673
      vertex 69.0471 47.8901 14.0673
    endloop
  endfacet
  facet normal 0.369329 -0.232089 -0.89985
    outer loop
      vertex 69.2991 47.8019 14.1839
      vertex 69.1099 47.9529 14.0673
      vertex 69.3752 47.923 14.1839
    endloop
  endfacet
  facet normal 0.530069 -0.333098 -0.77979
    outer loop
      vertex 69.4634 47.671 14.3515
      vertex 69.2991 47.8019 14.1839
      vertex 69.3752 47.923 14.1839
    endloop
  endfacet
  facet normal 0.778886 0.0878443 -0.620983
    outer loop
      vertex 69.8161 54.4 14.5616
      vertex 69.6273 54.5888 14.3515
      vertex 69.7906 54.6261 14.5616
    endloop
  endfacet
  facet normal 0.778745 0.0874438 -0.621217
    outer loop
      vertex 69.6485 54.4 14.3515
      vertex 69.6273 54.5888 14.3515
      vertex 69.8161 54.4 14.5616
    endloop
  endfacet
  facet normal 0.33288 0.530418 -0.779646
    outer loop
      vertex 69.1981 54.8992 14.1839
      vertex 69.077 54.9752 14.1839
      vertex 69.329 55.0634 14.3515
    endloop
  endfacet
  facet normal 0.333184 0.529931 -0.779847
    outer loop
      vertex 69.329 55.0634 14.3515
      vertex 69.077 54.9752 14.1839
      vertex 69.1682 55.1645 14.3515
    endloop
  endfacet
  facet normal -0.369308 0.231954 0.899894
    outer loop
      vertex 9.20085 54.7981 29.8161
      vertex 9.12479 54.677 29.8161
      vertex 9.39013 54.6471 29.9327
    endloop
  endfacet
  facet normal -0.158368 0.158267 0.974613
    outer loop
      vertex 9.45289 54.7099 29.9327
      vertex 9.39013 54.6471 29.9327
      vertex 9.59495 54.4838 29.9925
    endloop
  endfacet
  facet normal -0.44274 0.442696 0.779745
    outer loop
      vertex 9.17095 55.0634 29.6485
      vertex 9.20085 54.7981 29.8161
      vertex 9.30194 54.8992 29.8161
    endloop
  endfacet
  facet normal -0.442805 0.442673 0.77972
    outer loop
      vertex 9.20085 54.7981 29.8161
      vertex 9.17095 55.0634 29.6485
      vertex 9.03659 54.929 29.6485
    endloop
  endfacet
  facet normal -0.211294 0.073953 0.974621
    outer loop
      vertex 9.57895 54.4583 29.9925
      vertex 9.34291 54.572 29.9327
      vertex 9.56901 54.4299 29.9925
    endloop
  endfacet
  facet normal -0.18961 0.118971 0.974625
    outer loop
      vertex 9.59495 54.4838 29.9925
      vertex 9.34291 54.572 29.9327
      vertex 9.57895 54.4583 29.9925
    endloop
  endfacet
  facet normal 0.189018 -0.118811 0.97476
    outer loop
      vertex 69.1571 48.028 29.9327
      vertex 69.0508 48 29.9499
      vertex 69.1395 48 29.9327
    endloop
  endfacet
  facet normal 0.189257 -0.119826 0.974589
    outer loop
      vertex 69.0508 48 29.9499
      vertex 69.1571 48.028 29.9327
      vertex 68.905 48.1162 29.9925
    endloop
  endfacet
  facet normal 0.739816 0.258977 -0.62097
    outer loop
      vertex 69.6273 54.5888 14.3515
      vertex 69.5645 54.7682 14.3515
      vertex 69.7154 54.8409 14.5616
    endloop
  endfacet
  facet normal 0.590814 0.206818 -0.77985
    outer loop
      vertex 69.6273 54.5888 14.3515
      vertex 69.3752 54.677 14.1839
      vertex 69.5645 54.7682 14.3515
    endloop
  endfacet
  facet normal 0.416974 -0.663713 0.620982
    outer loop
      vertex 69.4335 -55.1944 29.4384
      vertex 69.1682 -55.1645 29.6485
      vertex 69.2409 -55.3154 29.4384
    endloop
  endfacet
  facet normal 0.417135 -0.663455 0.621148
    outer loop
      vertex 69.329 -55.0634 29.6485
      vertex 69.1682 -55.1645 29.6485
      vertex 69.4335 -55.1944 29.4384
    endloop
  endfacet
  facet normal 0.258972 -0.739803 0.620987
    outer loop
      vertex 69.1682 -55.1645 29.6485
      vertex 68.9888 -55.2273 29.6485
      vertex 69.0261 -55.3906 29.4384
    endloop
  endfacet
  facet normal 0.211332 0.0738907 -0.974617
    outer loop
      vertex 69.1864 -48.1118 14.0673
      vertex 68.931 -48.1701 14.0075
      vertex 69.1571 -48.028 14.0673
    endloop
  endfacet
  facet normal -0.21132 -0.0739114 -0.974618
    outer loop
      vertex 9.34291 -54.572 14.0673
      vertex 9.3136 -54.4882 14.0673
      vertex 9.56901 -54.4299 14.0075
    endloop
  endfacet
  facet normal 0.0874438 -0.778745 0.621217
    outer loop
      vertex 68.8 -55.2485 29.6485
      vertex 68.8 -55.4161 29.4384
      vertex 68.9888 -55.2273 29.6485
    endloop
  endfacet
  facet normal -0.969075 0.109215 0.221283
    outer loop
      vertex 8.53008 -48 28.9344
      vertex 8.50754 -48.2 28.9344
      vertex 8.57753 -48 29.1422
    endloop
  endfacet
  facet normal 0.518907 -0.82565 -0.221442
    outer loop
      vertex 69.5435 -55.3323 15.0656
      vertex 69.3174 -55.4744 15.0656
      vertex 69.5062 -55.2855 14.8037
    endloop
  endfacet
  facet normal 0.222531 -0.0253045 0.974597
    outer loop
      vertex 68.9344 -54.4 29.9925
      vertex 68.931 -54.4299 29.9925
      vertex 69.1963 -54.4 29.9327
    endloop
  endfacet
  facet normal -0.332928 -0.530275 0.779722
    outer loop
      vertex 9.30194 -54.8992 29.8161
      vertex 9.17095 -55.0634 29.6485
      vertex 9.42299 -54.9752 29.8161
    endloop
  endfacet
  facet normal 0.330234 -0.943899 0
    outer loop
      vertex 69.0653 -55.5626 15.0656
      vertex 69.3174 -55.4744 28.9344
      vertex 69.0653 -55.5626 28.9344
    endloop
  endfacet
  facet normal 0.330234 -0.943899 0
    outer loop
      vertex 69.3174 -55.4744 28.9344
      vertex 69.0653 -55.5626 15.0656
      vertex 69.3174 -55.4744 15.0656
    endloop
  endfacet
  facet normal 0.222498 0.0249742 0.974613
    outer loop
      vertex 69.1864 -48.1118 29.9327
      vertex 68.931 -48.1701 29.9925
      vertex 69.1963 -48.2 29.9327
    endloop
  endfacet
  facet normal 0.689554 -0.689554 -0.221426
    outer loop
      vertex 69.5435 -55.3323 15.0656
      vertex 69.5062 -55.2855 14.8037
      vertex 69.7323 -55.1435 15.0656
    endloop
  endfacet
  facet normal 0.896345 -0.101017 0.431697
    outer loop
      vertex 69.9327 -54.4 29.1963
      vertex 69.8161 -54.4 29.4384
      vertex 69.9043 -54.652 29.1963
    endloop
  endfacet
  facet normal 0.0698436 -0.622003 -0.779894
    outer loop
      vertex 68.9888 -55.2273 14.3515
      vertex 68.8 -55.2485 14.3515
      vertex 68.9421 -55.0224 14.1839
    endloop
  endfacet
  facet normal 0.92042 -0.322186 -0.221411
    outer loop
      vertex 69.8744 -54.9174 15.0656
      vertex 69.8205 -54.8914 14.8037
      vertex 69.9043 -54.652 14.8037
    endloop
  endfacet
  facet normal 0.0878443 -0.778886 0.620983
    outer loop
      vertex 68.9888 -55.2273 29.6485
      vertex 68.8 -55.4161 29.4384
      vertex 69.0261 -55.3906 29.4384
    endloop
  endfacet
  facet normal -0.637744 -0.637922 -0.43167
    outer loop
      vertex 8.9938 -55.2855 14.8037
      vertex 8.81445 -55.1062 14.8037
      vertex 8.9056 -55.0335 14.5616
    endloop
  endfacet
  facet normal 0 -0.222602 0.974909
    outer loop
      vertex 9.7 -54.5344 29.9925
      vertex 68.8 -54.7963 29.9327
      vertex 68.8 -54.5344 29.9925
    endloop
  endfacet
  facet normal 0 -0.222602 0.974909
    outer loop
      vertex 68.8 -54.7963 29.9327
      vertex 9.7 -54.5344 29.9925
      vertex 9.7 -54.7963 29.9327
    endloop
  endfacet
  facet normal -0.689479 -0.689671 -0.221298
    outer loop
      vertex 8.9938 -55.2855 14.8037
      vertex 8.7677 -55.1435 15.0656
      vertex 8.81445 -55.1062 14.8037
    endloop
  endfacet
  facet normal 0.333184 -0.529931 0.779847
    outer loop
      vertex 69.329 -55.0634 29.6485
      vertex 69.077 -54.9752 29.8161
      vertex 69.1682 -55.1645 29.6485
    endloop
  endfacet
  facet normal 0.222602 0 0.974909
    outer loop
      vertex 68.9344 -48.2 29.9925
      vertex 69.1963 -54.4 29.9327
      vertex 69.1963 -48.2 29.9327
    endloop
  endfacet
  facet normal 0.222602 0 0.974909
    outer loop
      vertex 69.1963 -54.4 29.9327
      vertex 68.9344 -48.2 29.9925
      vertex 68.9344 -54.4 29.9925
    endloop
  endfacet
  facet normal -0 0.222906 0.97484
    outer loop
      vertex 9.7 -48 29.9775
      vertex 68.8 -48.0656 29.9925
      vertex 68.8 -48 29.9775
    endloop
  endfacet
  facet normal 0 0.222906 0.97484
    outer loop
      vertex 68.8 -48.0656 29.9925
      vertex 9.7 -48 29.9775
      vertex 9.7 -48.0656 29.9925
    endloop
  endfacet
  facet normal 0.189356 0.119554 -0.974603
    outer loop
      vertex 68.9211 -48.1417 14.0075
      vertex 68.905 -48.1162 14.0075
      vertex 69.1571 -48.028 14.0673
    endloop
  endfacet
  facet normal 0.530069 0.333098 -0.77979
    outer loop
      vertex 69.3752 -47.923 14.1839
      vertex 69.2991 -47.8019 14.1839
      vertex 69.4634 -47.671 14.3515
    endloop
  endfacet
  facet normal -0.896355 0.100974 0.431685
    outer loop
      vertex 8.56734 -48.2 29.1963
      vertex 8.61395 -48 29.2463
      vertex 8.58987 -48 29.1963
    endloop
  endfacet
  facet normal -0.896362 0.10098 0.431668
    outer loop
      vertex 8.61395 -48 29.2463
      vertex 8.56734 -48.2 29.1963
      vertex 8.68393 -48.2 29.4384
    endloop
  endfacet
  facet normal 0.298045 -0.85133 0.431748
    outer loop
      vertex 69.2409 -55.3154 29.4384
      vertex 69.0261 -55.3906 29.4384
      vertex 69.2914 -55.4205 29.1963
    endloop
  endfacet
  facet normal 0.518913 -0.825648 0.221436
    outer loop
      vertex 69.5062 -55.2855 29.1963
      vertex 69.2914 -55.4205 29.1963
      vertex 69.3174 -55.4744 28.9344
    endloop
  endfacet
  facet normal 0.322038 -0.920473 0.221407
    outer loop
      vertex 69.2914 -55.4205 29.1963
      vertex 69.0653 -55.5626 28.9344
      vertex 69.3174 -55.4744 28.9344
    endloop
  endfacet
  facet normal -0.369265 -0.23218 -0.899853
    outer loop
      vertex 9.39013 -54.6471 14.0673
      vertex 9.12479 -54.677 14.1839
      vertex 9.34291 -54.572 14.0673
    endloop
  endfacet
  facet normal 0 -0.222602 -0.974909
    outer loop
      vertex 9.7 -54.7963 14.0673
      vertex 68.8 -54.5344 14.0075
      vertex 68.8 -54.7963 14.0673
    endloop
  endfacet
  facet normal -0 -0.222602 -0.974909
    outer loop
      vertex 68.8 -54.5344 14.0075
      vertex 9.7 -54.7963 14.0673
      vertex 9.7 -54.5344 14.0075
    endloop
  endfacet
  facet normal 0 -0.900953 0.433916
    outer loop
      vertex 9.7 -55.5327 29.1963
      vertex 68.8 -55.4161 29.4384
      vertex 9.7 -55.4161 29.4384
    endloop
  endfacet
  facet normal 0 -0.900953 0.433916
    outer loop
      vertex 68.8 -55.4161 29.4384
      vertex 9.7 -55.5327 29.1963
      vertex 68.8 -55.5327 29.1963
    endloop
  endfacet
  facet normal 0 -0.974909 0.222602
    outer loop
      vertex 9.7 -55.5925 28.9344
      vertex 68.8 -55.5327 29.1963
      vertex 9.7 -55.5327 29.1963
    endloop
  endfacet
  facet normal 0 -0.974909 0.222602
    outer loop
      vertex 68.8 -55.5327 29.1963
      vertex 9.7 -55.5925 28.9344
      vertex 68.8 -55.5925 28.9344
    endloop
  endfacet
  facet normal 0.433399 0.0487994 0.89988
    outer loop
      vertex 69.4224 -48.0579 29.8161
      vertex 69.1963 -48.2 29.9327
      vertex 69.4384 -48.2 29.8161
    endloop
  endfacet
  facet normal 0.119554 0.189356 -0.974603
    outer loop
      vertex 68.8838 -48.095 14.0075
      vertex 68.8583 -48.0789 14.0075
      vertex 68.972 -47.8429 14.0673
    endloop
  endfacet
  facet normal 0 1 -0
    outer loop
      vertex 68.8 -47.0075 15.0656
      vertex 65.5804 -47.0075 15.0656
      vertex 68.8 -47.0075 23.9115
    endloop
  endfacet
  facet normal -0.206858 -0.590731 0.779901
    outer loop
      vertex 9.55793 -55.0224 29.8161
      vertex 9.33184 -55.1645 29.6485
      vertex 9.51118 -55.2273 29.6485
    endloop
  endfacet
  facet normal 0.778745 0.0874438 0.621217
    outer loop
      vertex 69.8161 -48.2 29.4384
      vertex 69.6273 -48.0112 29.6485
      vertex 69.6485 -48.2 29.6485
    endloop
  endfacet
  facet normal 0.763803 -0.479856 0.431675
    outer loop
      vertex 69.7154 -54.8409 29.4384
      vertex 69.5944 -55.0335 29.4384
      vertex 69.8205 -54.8914 29.1963
    endloop
  endfacet
  facet normal 0.109218 -0.969077 -0.221271
    outer loop
      vertex 69.0653 -55.5626 15.0656
      vertex 68.8 -55.5925 15.0656
      vertex 68.8 -55.5327 14.8037
    endloop
  endfacet
  facet normal 0.433475 -0.0486554 -0.899851
    outer loop
      vertex 69.4224 -54.5421 14.1839
      vertex 69.1864 -54.4882 14.0673
      vertex 69.1963 -54.4 14.0673
    endloop
  endfacet
  facet normal -0.529957 -0.333168 -0.779836
    outer loop
      vertex 9.03659 -54.929 14.3515
      vertex 8.9355 -54.7682 14.3515
      vertex 9.12479 -54.677 14.1839
    endloop
  endfacet
  facet normal 0.222531 0.0253045 0.974597
    outer loop
      vertex 69.1963 -48.2 29.9327
      vertex 68.931 -48.1701 29.9925
      vertex 68.9344 -48.2 29.9925
    endloop
  endfacet
  facet normal 0.518943 0.825708 -0.221142
    outer loop
      vertex 69.5062 -47.3144 14.8037
      vertex 69.3174 -47.1256 15.0656
      vertex 69.5435 -47.2677 15.0656
    endloop
  endfacet
  facet normal 0.259001 -0.739806 0.620971
    outer loop
      vertex 69.1682 -55.1645 29.6485
      vertex 69.0261 -55.3906 29.4384
      vertex 69.2409 -55.3154 29.4384
    endloop
  endfacet
  facet normal -0.0878447 -0.77889 0.620978
    outer loop
      vertex 9.51118 -55.2273 29.6485
      vertex 9.4739 -55.3906 29.4384
      vertex 9.7 -55.4161 29.4384
    endloop
  endfacet
  facet normal -0.0874346 -0.778745 0.621217
    outer loop
      vertex 9.7 -55.2485 29.6485
      vertex 9.51118 -55.2273 29.6485
      vertex 9.7 -55.4161 29.4384
    endloop
  endfacet
  facet normal 0.622082 0.0698524 0.77983
    outer loop
      vertex 69.6273 -48.0112 29.6485
      vertex 69.4384 -48.2 29.8161
      vertex 69.6485 -48.2 29.6485
    endloop
  endfacet
  facet normal 0.47989 -0.763858 -0.431539
    outer loop
      vertex 69.5062 -55.2855 14.8037
      vertex 69.2409 -55.3154 14.5616
      vertex 69.4335 -55.1944 14.5616
    endloop
  endfacet
  facet normal -0.222468 -0.0250741 -0.974618
    outer loop
      vertex 9.56901 -54.4299 14.0075
      vertex 9.30366 -54.4 14.0673
      vertex 9.56564 -54.4 14.0075
    endloop
  endfacet
  facet normal -0.369308 -0.231954 -0.899894
    outer loop
      vertex 9.20085 -54.7981 14.1839
      vertex 9.12479 -54.677 14.1839
      vertex 9.39013 -54.6471 14.0673
    endloop
  endfacet
  facet normal -0.0488096 -0.433399 -0.899879
    outer loop
      vertex 9.7 -55.0384 14.1839
      vertex 9.55793 -55.0224 14.1839
      vertex 9.7 -54.7963 14.0673
    endloop
  endfacet
  facet normal 0.15829 -0.15829 -0.974622
    outer loop
      vertex 69.0471 -54.7099 14.0673
      vertex 68.8838 -54.505 14.0075
      vertex 68.905 -54.4838 14.0075
    endloop
  endfacet
  facet normal -0.109196 -0.96908 -0.221271
    outer loop
      vertex 9.7 -55.5327 14.8037
      vertex 9.43465 -55.5626 15.0656
      vertex 9.44796 -55.5043 14.8037
    endloop
  endfacet
  facet normal 0.111994 -0.993709 0
    outer loop
      vertex 68.8 -55.5925 15.0656
      vertex 69.0653 -55.5626 28.9344
      vertex 68.8 -55.5925 28.9344
    endloop
  endfacet
  facet normal 0.111994 -0.993709 0
    outer loop
      vertex 69.0653 -55.5626 28.9344
      vertex 68.8 -55.5925 15.0656
      vertex 69.0653 -55.5626 15.0656
    endloop
  endfacet
  facet normal 0 -0.974909 -0.222602
    outer loop
      vertex 9.7 -55.5327 14.8037
      vertex 68.8 -55.5925 15.0656
      vertex 9.7 -55.5925 15.0656
    endloop
  endfacet
  facet normal 0 -0.974909 -0.222602
    outer loop
      vertex 68.8 -55.5925 15.0656
      vertex 9.7 -55.5327 14.8037
      vertex 68.8 -55.5327 14.8037
    endloop
  endfacet
  facet normal 0 -0.900953 -0.433916
    outer loop
      vertex 9.7 -55.4161 14.5616
      vertex 68.8 -55.5327 14.8037
      vertex 9.7 -55.5327 14.8037
    endloop
  endfacet
  facet normal 0 -0.900953 -0.433916
    outer loop
      vertex 68.8 -55.5327 14.8037
      vertex 9.7 -55.4161 14.5616
      vertex 68.8 -55.4161 14.5616
    endloop
  endfacet
  facet normal 0 -1 0
    outer loop
      vertex 9.7 -55.5925 15.0656
      vertex 68.8 -55.5925 28.9344
      vertex 9.7 -55.5925 28.9344
    endloop
  endfacet
  facet normal 0 -1 -0
    outer loop
      vertex 68.8 -55.5925 28.9344
      vertex 9.7 -55.5925 15.0656
      vertex 68.8 -55.5925 15.0656
    endloop
  endfacet
  facet normal -0.41264 0.144326 -0.899388
    outer loop
      vertex 9.3136 -48.1118 14.0673
      vertex 9.2847 -48 14.0985
      vertex 9.34291 -48.028 14.0673
    endloop
  endfacet
  facet normal -0.411363 0.144798 -0.899897
    outer loop
      vertex 9.2847 -48 14.0985
      vertex 9.3136 -48.1118 14.0673
      vertex 9.20179 -48 14.1364
    endloop
  endfacet
  facet normal -0.622105 0.0700908 0.77979
    outer loop
      vertex 9.07757 -48.0579 29.8161
      vertex 8.87275 -48.0112 29.6485
      vertex 9.06156 -48.2 29.8161
    endloop
  endfacet
  facet normal 0.590802 -0.206715 0.779886
    outer loop
      vertex 69.4224 -54.5421 29.8161
      vertex 69.3752 -54.677 29.8161
      vertex 69.6273 -54.5888 29.6485
    endloop
  endfacet
  facet normal -0.739074 0.258016 0.622252
    outer loop
      vertex 8.87666 -48 29.6485
      vertex 8.86883 -48 29.6392
      vertex 8.87275 -48.0112 29.6485
    endloop
  endfacet
  facet normal 0.0700435 -0.622074 0.779819
    outer loop
      vertex 68.8 -55.0384 29.8161
      vertex 68.8 -55.2485 29.6485
      vertex 68.9421 -55.0224 29.8161
    endloop
  endfacet
  facet normal -0.0700582 -0.622073 0.779818
    outer loop
      vertex 9.7 -55.0384 29.8161
      vertex 9.55793 -55.0224 29.8161
      vertex 9.7 -55.2485 29.6485
    endloop
  endfacet
  facet normal 0.554154 -0.554154 -0.621149
    outer loop
      vertex 69.5944 -55.0335 14.5616
      vertex 69.329 -55.0634 14.3515
      vertex 69.4634 -54.929 14.3515
    endloop
  endfacet
  facet normal 0.222498 -0.0249742 -0.974613
    outer loop
      vertex 69.1864 -54.4882 14.0673
      vertex 68.931 -54.4299 14.0075
      vertex 69.1963 -54.4 14.0673
    endloop
  endfacet
  facet normal 0.529931 -0.333184 -0.779847
    outer loop
      vertex 69.4634 -54.929 14.3515
      vertex 69.3752 -54.677 14.1839
      vertex 69.5645 -54.7682 14.3515
    endloop
  endfacet
  facet normal 0.968865 0.109482 0.222069
    outer loop
      vertex 69.9327 -48.2 29.1963
      vertex 69.9225 -48 29.1422
      vertex 69.9101 -48 29.1963
    endloop
  endfacet
  facet normal 0.969071 0.109276 0.221269
    outer loop
      vertex 69.9225 -48 29.1422
      vertex 69.9327 -48.2 29.1963
      vertex 69.9925 -48.2 28.9344
    endloop
  endfacet
  facet normal -0.411642 -0.14409 0.899883
    outer loop
      vertex 9.3136 -54.4882 29.9327
      vertex 9.07757 -54.5421 29.8161
      vertex 9.12479 -54.677 29.8161
    endloop
  endfacet
  facet normal -0.222468 -0.0250741 0.974618
    outer loop
      vertex 9.56564 -54.4 29.9925
      vertex 9.30366 -54.4 29.9327
      vertex 9.56901 -54.4299 29.9925
    endloop
  endfacet
  facet normal 0.222498 -0.0249742 0.974613
    outer loop
      vertex 69.1963 -54.4 29.9327
      vertex 68.931 -54.4299 29.9925
      vertex 69.1864 -54.4882 29.9327
    endloop
  endfacet
  facet normal 0.622082 -0.0698524 0.77983
    outer loop
      vertex 69.6485 -54.4 29.6485
      vertex 69.4384 -54.4 29.8161
      vertex 69.6273 -54.5888 29.6485
    endloop
  endfacet
  facet normal -0.0743237 -0.211079 -0.974639
    outer loop
      vertex 9.6701 -54.531 14.0075
      vertex 9.52804 -54.7571 14.0673
      vertex 9.6417 -54.521 14.0075
    endloop
  endfacet
  facet normal -0.101087 -0.896301 0.43177
    outer loop
      vertex 9.4739 -55.3906 29.4384
      vertex 9.44796 -55.5043 29.1963
      vertex 9.7 -55.4161 29.4384
    endloop
  endfacet
  facet normal -0.0698352 -0.621994 0.779901
    outer loop
      vertex 9.55793 -55.0224 29.8161
      vertex 9.51118 -55.2273 29.6485
      vertex 9.7 -55.2485 29.6485
    endloop
  endfacet
  facet normal 0 -0.781739 0.623605
    outer loop
      vertex 9.7 -55.4161 29.4384
      vertex 68.8 -55.2485 29.6485
      vertex 9.7 -55.2485 29.6485
    endloop
  endfacet
  facet normal 0 -0.781739 0.623605
    outer loop
      vertex 68.8 -55.2485 29.6485
      vertex 9.7 -55.4161 29.4384
      vertex 68.8 -55.4161 29.4384
    endloop
  endfacet
  facet normal 0.529931 -0.333184 0.779847
    outer loop
      vertex 69.5645 -54.7682 29.6485
      vertex 69.3752 -54.677 29.8161
      vertex 69.4634 -54.929 29.6485
    endloop
  endfacet
  facet normal 0.969078 -0.109218 0.221267
    outer loop
      vertex 69.9925 -54.4 28.9344
      vertex 69.9043 -54.652 29.1963
      vertex 69.9626 -54.6653 28.9344
    endloop
  endfacet
  facet normal 1 -0 0
    outer loop
      vertex 69.9925 -54.4 28.9344
      vertex 69.9925 -48.2 15.0656
      vertex 69.9925 -48.2 28.9344
    endloop
  endfacet
  facet normal 1 0 0
    outer loop
      vertex 69.9925 -48.2 15.0656
      vertex 69.9925 -54.4 28.9344
      vertex 69.9925 -54.4 15.0656
    endloop
  endfacet
  facet normal -0.993709 0.111991 0
    outer loop
      vertex 8.50754 -48.2 15.0656
      vertex 8.53008 -48 28.9344
      vertex 8.53008 -48 15.0656
    endloop
  endfacet
  facet normal -0.993709 0.111991 0
    outer loop
      vertex 8.53008 -48 28.9344
      vertex 8.50754 -48.2 15.0656
      vertex 8.50754 -48.2 28.9344
    endloop
  endfacet
  facet normal -0.433392 -0.0488426 -0.899881
    outer loop
      vertex 9.3136 -54.4882 14.0673
      vertex 9.07757 -54.5421 14.1839
      vertex 9.30366 -54.4 14.0673
    endloop
  endfacet
  facet normal 0.258972 -0.739803 -0.620987
    outer loop
      vertex 69.0261 -55.3906 14.5616
      vertex 68.9888 -55.2273 14.3515
      vertex 69.1682 -55.1645 14.3515
    endloop
  endfacet
  facet normal 0.232118 -0.369324 -0.899845
    outer loop
      vertex 69.077 -54.9752 14.1839
      vertex 68.972 -54.7571 14.0673
      vertex 69.0471 -54.7099 14.0673
    endloop
  endfacet
  facet normal -0.0874346 -0.778745 -0.621217
    outer loop
      vertex 9.7 -55.4161 14.5616
      vertex 9.51118 -55.2273 14.3515
      vertex 9.7 -55.2485 14.3515
    endloop
  endfacet
  facet normal 0 -0.623605 -0.781739
    outer loop
      vertex 9.7 -55.2485 14.3515
      vertex 68.8 -55.0384 14.1839
      vertex 68.8 -55.2485 14.3515
    endloop
  endfacet
  facet normal -0 -0.623605 -0.781739
    outer loop
      vertex 68.8 -55.0384 14.1839
      vertex 9.7 -55.2485 14.3515
      vertex 9.7 -55.0384 14.1839
    endloop
  endfacet
  facet normal 0.144057 -0.411722 -0.899851
    outer loop
      vertex 69.077 -54.9752 14.1839
      vertex 68.9421 -55.0224 14.1839
      vertex 68.972 -54.7571 14.0673
    endloop
  endfacet
  facet normal 0.333184 -0.529931 -0.779847
    outer loop
      vertex 69.1682 -55.1645 14.3515
      vertex 69.077 -54.9752 14.1839
      vertex 69.329 -55.0634 14.3515
    endloop
  endfacet
  facet normal 0.0878443 -0.778886 -0.620983
    outer loop
      vertex 69.0261 -55.3906 14.5616
      vertex 68.8 -55.4161 14.5616
      vertex 68.9888 -55.2273 14.3515
    endloop
  endfacet
  facet normal -0.101001 -0.896346 0.431697
    outer loop
      vertex 9.7 -55.4161 29.4384
      vertex 9.44796 -55.5043 29.1963
      vertex 9.7 -55.5327 29.1963
    endloop
  endfacet
  facet normal 0.298011 -0.851359 0.431714
    outer loop
      vertex 69.2914 -55.4205 29.1963
      vertex 69.0261 -55.3906 29.4384
      vertex 69.052 -55.5043 29.1963
    endloop
  endfacet
  facet normal -0.433392 0.0488426 -0.899881
    outer loop
      vertex 9.30366 -48.2 14.0673
      vertex 9.07757 -48.0579 14.1839
      vertex 9.3136 -48.1118 14.0673
    endloop
  endfacet
  facet normal -0.590891 -0.20668 -0.779827
    outer loop
      vertex 8.9355 -54.7682 14.3515
      vertex 8.87275 -54.5888 14.3515
      vertex 9.12479 -54.677 14.1839
    endloop
  endfacet
  facet normal -0.480025 -0.76363 -0.431793
    outer loop
      vertex 9.20856 -55.4205 14.8037
      vertex 8.9938 -55.2855 14.8037
      vertex 9.25914 -55.3154 14.5616
    endloop
  endfacet
  facet normal 0.433399 -0.0487994 0.89988
    outer loop
      vertex 69.4384 -54.4 29.8161
      vertex 69.1963 -54.4 29.9327
      vertex 69.4224 -54.5421 29.8161
    endloop
  endfacet
  facet normal 0.442707 -0.442707 0.779757
    outer loop
      vertex 69.2991 -54.7981 29.8161
      vertex 69.329 -55.0634 29.6485
      vertex 69.4634 -54.929 29.6485
    endloop
  endfacet
  facet normal 0.443033 -0.442594 0.779636
    outer loop
      vertex 69.329 -55.0634 29.6485
      vertex 69.2991 -54.7981 29.8161
      vertex 69.1981 -54.8992 29.8161
    endloop
  endfacet
  facet normal -0.433916 0 0.900953
    outer loop
      vertex 9.06156 -48.2 29.8161
      vertex 9.30366 -54.4 29.9327
      vertex 9.30366 -48.2 29.9327
    endloop
  endfacet
  facet normal -0.433916 0 0.900953
    outer loop
      vertex 9.30366 -54.4 29.9327
      vertex 9.06156 -48.2 29.8161
      vertex 9.06156 -54.4 29.8161
    endloop
  endfacet
  facet normal -0.969078 -0.109214 0.221271
    outer loop
      vertex 8.56734 -54.4 29.1963
      vertex 8.50754 -54.4 28.9344
      vertex 8.59574 -54.652 29.1963
    endloop
  endfacet
  facet normal 0.623605 0 -0.781739
    outer loop
      vertex 69.4384 -54.4 14.1839
      vertex 69.6485 -48.2 14.3515
      vertex 69.6485 -54.4 14.3515
    endloop
  endfacet
  facet normal 0.623605 0 -0.781739
    outer loop
      vertex 69.6485 -48.2 14.3515
      vertex 69.4384 -54.4 14.1839
      vertex 69.4384 -48.2 14.1839
    endloop
  endfacet
  facet normal 0.518913 -0.825648 -0.221436
    outer loop
      vertex 69.3174 -55.4744 15.0656
      vertex 69.2914 -55.4205 14.8037
      vertex 69.5062 -55.2855 14.8037
    endloop
  endfacet
  facet normal -0.144005 -0.411716 -0.899862
    outer loop
      vertex 9.55793 -55.0224 14.1839
      vertex 9.52804 -54.7571 14.0673
      vertex 9.61181 -54.7864 14.0673
    endloop
  endfacet
  facet normal 0.663611 -0.41691 -0.621133
    outer loop
      vertex 69.5944 -55.0335 14.5616
      vertex 69.4634 -54.929 14.3515
      vertex 69.7154 -54.8409 14.5616
    endloop
  endfacet
  facet normal 0.479992 -0.763721 -0.431668
    outer loop
      vertex 69.2914 -55.4205 14.8037
      vertex 69.2409 -55.3154 14.5616
      vertex 69.5062 -55.2855 14.8037
    endloop
  endfacet
  facet normal 0.763803 -0.479856 -0.431675
    outer loop
      vertex 69.8205 -54.8914 14.8037
      vertex 69.5944 -55.0335 14.5616
      vertex 69.7154 -54.8409 14.5616
    endloop
  endfacet
  facet normal 0.206805 -0.590777 -0.779881
    outer loop
      vertex 68.9888 -55.2273 14.3515
      vertex 68.9421 -55.0224 14.1839
      vertex 69.1682 -55.1645 14.3515
    endloop
  endfacet
  facet normal 0.298045 -0.85133 -0.431748
    outer loop
      vertex 69.2914 -55.4205 14.8037
      vertex 69.0261 -55.3906 14.5616
      vertex 69.2409 -55.3154 14.5616
    endloop
  endfacet
  facet normal 0.896308 -0.101087 0.431757
    outer loop
      vertex 69.8161 -54.4 29.4384
      vertex 69.7906 -54.6261 29.4384
      vertex 69.9043 -54.652 29.1963
    endloop
  endfacet
  facet normal -0.411284 0.143985 0.900063
    outer loop
      vertex 9.07757 -48.0579 29.8161
      vertex 9.20179 -48 29.8636
      vertex 9.09784 -48 29.8161
    endloop
  endfacet
  facet normal -0.411507 0.14463 0.899858
    outer loop
      vertex 9.20179 -48 29.8636
      vertex 9.07757 -48.0579 29.8161
      vertex 9.3136 -48.1118 29.9327
    endloop
  endfacet
  facet normal -0.433392 0.0488426 0.899881
    outer loop
      vertex 9.3136 -48.1118 29.9327
      vertex 9.07757 -48.0579 29.8161
      vertex 9.30366 -48.2 29.9327
    endloop
  endfacet
  facet normal 0.119231 0.190157 0.974487
    outer loop
      vertex 68.917 -48 29.9699
      vertex 68.8838 -48.095 29.9925
      vertex 68.9595 -48 29.9647
    endloop
  endfacet
  facet normal 0.0743201 -0.211069 -0.974642
    outer loop
      vertex 68.972 -54.7571 14.0673
      vertex 68.8299 -54.531 14.0075
      vertex 68.8583 -54.521 14.0075
    endloop
  endfacet
  facet normal 0.851345 -0.298006 0.431746
    outer loop
      vertex 69.9043 -54.652 29.1963
      vertex 69.7154 -54.8409 29.4384
      vertex 69.8205 -54.8914 29.1963
    endloop
  endfacet
  facet normal 0.109214 -0.969079 -0.221267
    outer loop
      vertex 69.0653 -55.5626 15.0656
      vertex 68.8 -55.5327 14.8037
      vertex 69.052 -55.5043 14.8037
    endloop
  endfacet
  facet normal 0.322038 -0.920473 -0.221407
    outer loop
      vertex 69.3174 -55.4744 15.0656
      vertex 69.0653 -55.5626 15.0656
      vertex 69.2914 -55.4205 14.8037
    endloop
  endfacet
  facet normal 0.101087 -0.896308 0.431757
    outer loop
      vertex 69.0261 -55.3906 29.4384
      vertex 68.8 -55.4161 29.4384
      vertex 69.052 -55.5043 29.1963
    endloop
  endfacet
  facet normal -0.637744 -0.637922 0.43167
    outer loop
      vertex 8.9056 -55.0335 29.4384
      vertex 8.81445 -55.1062 29.1963
      vertex 8.9938 -55.2855 29.1963
    endloop
  endfacet
  facet normal -0.369265 -0.23218 0.899853
    outer loop
      vertex 9.34291 -54.572 29.9327
      vertex 9.12479 -54.677 29.8161
      vertex 9.39013 -54.6471 29.9327
    endloop
  endfacet
  facet normal 0.532118 -0.84667 0
    outer loop
      vertex 69.3174 -55.4744 15.0656
      vertex 69.5435 -55.3323 28.9344
      vertex 69.3174 -55.4744 28.9344
    endloop
  endfacet
  facet normal 0.532118 -0.84667 0
    outer loop
      vertex 69.5435 -55.3323 28.9344
      vertex 69.3174 -55.4744 15.0656
      vertex 69.5435 -55.3323 15.0656
    endloop
  endfacet
  facet normal 0.663611 -0.41691 0.621133
    outer loop
      vertex 69.7154 -54.8409 29.4384
      vertex 69.4634 -54.929 29.6485
      vertex 69.5944 -55.0335 29.4384
    endloop
  endfacet
  facet normal 0.969078 -0.109214 0.221271
    outer loop
      vertex 69.9327 -54.4 29.1963
      vertex 69.9043 -54.652 29.1963
      vertex 69.9925 -54.4 28.9344
    endloop
  endfacet
  facet normal 0.84667 -0.532118 0
    outer loop
      vertex 69.7323 -55.1435 28.9344
      vertex 69.8744 -54.9174 15.0656
      vertex 69.8744 -54.9174 28.9344
    endloop
  endfacet
  facet normal 0.84667 -0.532118 0
    outer loop
      vertex 69.8744 -54.9174 15.0656
      vertex 69.7323 -55.1435 28.9344
      vertex 69.7323 -55.1435 15.0656
    endloop
  endfacet
  facet normal 0.308419 -0.308419 0.899864
    outer loop
      vertex 69.1099 -54.6471 29.9327
      vertex 69.0471 -54.7099 29.9327
      vertex 69.2991 -54.7981 29.8161
    endloop
  endfacet
  facet normal -0.411717 -0.144003 -0.899862
    outer loop
      vertex 9.34291 -54.572 14.0673
      vertex 9.12479 -54.677 14.1839
      vertex 9.3136 -54.4882 14.0673
    endloop
  endfacet
  facet normal -0.59091 -0.20684 -0.779771
    outer loop
      vertex 9.12479 -54.677 14.1839
      vertex 8.87275 -54.5888 14.3515
      vertex 9.07757 -54.5421 14.1839
    endloop
  endfacet
  facet normal -1 0 0
    outer loop
      vertex 8.50754 -54.4 15.0656
      vertex 8.50754 -48.2 28.9344
      vertex 8.50754 -48.2 15.0656
    endloop
  endfacet
  facet normal -1 -0 0
    outer loop
      vertex 8.50754 -48.2 28.9344
      vertex 8.50754 -54.4 15.0656
      vertex 8.50754 -54.4 28.9344
    endloop
  endfacet
  facet normal -0.993709 -0.111994 0
    outer loop
      vertex 8.53744 -54.6653 15.0656
      vertex 8.50754 -54.4 28.9344
      vertex 8.50754 -54.4 15.0656
    endloop
  endfacet
  facet normal -0.993709 -0.111994 0
    outer loop
      vertex 8.50754 -54.4 28.9344
      vertex 8.53744 -54.6653 15.0656
      vertex 8.53744 -54.6653 28.9344
    endloop
  endfacet
  facet normal -0.119699 0.189363 -0.974584
    outer loop
      vertex 9.61623 -48.095 14.0075
      vertex 9.60368 -48 14.0275
      vertex 9.6417 -48.0789 14.0075
    endloop
  endfacet
  facet normal -0.122497 0.188937 -0.974319
    outer loop
      vertex 9.60368 -48 14.0275
      vertex 9.61623 -48.095 14.0075
      vertex 9.583 -48 14.0301
    endloop
  endfacet
  facet normal 0.232118 0.369324 -0.899845
    outer loop
      vertex 69.0471 -47.8901 14.0673
      vertex 68.972 -47.8429 14.0673
      vertex 69.077 -47.6248 14.1839
    endloop
  endfacet
  facet normal -0.259043 -0.739789 -0.620974
    outer loop
      vertex 9.4739 -55.3906 14.5616
      vertex 9.25914 -55.3154 14.5616
      vertex 9.33184 -55.1645 14.3515
    endloop
  endfacet
  facet normal 0.0486554 -0.433475 -0.899851
    outer loop
      vertex 68.9421 -55.0224 14.1839
      vertex 68.8 -54.7963 14.0673
      vertex 68.8882 -54.7864 14.0673
    endloop
  endfacet
  facet normal -0.101001 -0.896346 -0.431697
    outer loop
      vertex 9.7 -55.5327 14.8037
      vertex 9.44796 -55.5043 14.8037
      vertex 9.7 -55.4161 14.5616
    endloop
  endfacet
  facet normal -0.101087 -0.896301 -0.43177
    outer loop
      vertex 9.7 -55.4161 14.5616
      vertex 9.44796 -55.5043 14.8037
      vertex 9.4739 -55.3906 14.5616
    endloop
  endfacet
  facet normal 0.1191 -0.189501 -0.97463
    outer loop
      vertex 68.972 -54.7571 14.0673
      vertex 68.8583 -54.521 14.0075
      vertex 69.0471 -54.7099 14.0673
    endloop
  endfacet
  facet normal -0.920504 -0.322049 0.221262
    outer loop
      vertex 8.59574 -54.652 29.1963
      vertex 8.53744 -54.6653 28.9344
      vertex 8.62564 -54.9174 28.9344
    endloop
  endfacet
  facet normal -0.23198 -0.36935 0.89987
    outer loop
      vertex 9.45289 -54.7099 29.9327
      vertex 9.42299 -54.9752 29.8161
      vertex 9.52804 -54.7571 29.9327
    endloop
  endfacet
  facet normal -0.111973 -0.993711 0
    outer loop
      vertex 9.43465 -55.5626 15.0656
      vertex 9.7 -55.5925 28.9344
      vertex 9.43465 -55.5626 28.9344
    endloop
  endfacet
  facet normal -0.111973 -0.993711 -0
    outer loop
      vertex 9.7 -55.5925 28.9344
      vertex 9.43465 -55.5626 15.0656
      vertex 9.7 -55.5925 15.0656
    endloop
  endfacet
  facet normal -0.518928 -0.825647 -0.221405
    outer loop
      vertex 9.18261 -55.4744 15.0656
      vertex 8.95652 -55.3323 15.0656
      vertex 8.9938 -55.2855 14.8037
    endloop
  endfacet
  facet normal -0.109197 -0.969079 -0.221271
    outer loop
      vertex 9.7 -55.5925 15.0656
      vertex 9.43465 -55.5626 15.0656
      vertex 9.7 -55.5327 14.8037
    endloop
  endfacet
  facet normal -0.109197 -0.969079 0.221271
    outer loop
      vertex 9.7 -55.5327 29.1963
      vertex 9.43465 -55.5626 28.9344
      vertex 9.7 -55.5925 28.9344
    endloop
  endfacet
  facet normal -0.689526 -0.689599 0.221377
    outer loop
      vertex 8.9938 -55.2855 29.1963
      vertex 8.7677 -55.1435 28.9344
      vertex 8.95652 -55.3323 28.9344
    endloop
  endfacet
  facet normal -0.740112 0.256983 0.621446
    outer loop
      vertex 8.86883 -48 29.6392
      vertex 8.82374 -48 29.5855
      vertex 8.87275 -48.0112 29.6485
    endloop
  endfacet
  facet normal -0.778912 0.0877834 0.620959
    outer loop
      vertex 8.68393 -48.2 29.4384
      vertex 8.82374 -48 29.5855
      vertex 8.70647 -48 29.4384
    endloop
  endfacet
  facet normal -0.778685 0.0873733 0.621301
    outer loop
      vertex 8.82374 -48 29.5855
      vertex 8.68393 -48.2 29.4384
      vertex 8.87275 -48.0112 29.6485
    endloop
  endfacet
  facet normal 0.0486554 -0.433475 0.899851
    outer loop
      vertex 68.8882 -54.7864 29.9327
      vertex 68.8 -54.7963 29.9327
      vertex 68.9421 -55.0224 29.8161
    endloop
  endfacet
  facet normal -0.0253045 -0.222531 0.974597
    outer loop
      vertex 9.7 -54.5344 29.9925
      vertex 9.6701 -54.531 29.9925
      vertex 9.7 -54.7963 29.9327
    endloop
  endfacet
  facet normal 0 -0.433916 0.900953
    outer loop
      vertex 9.7 -54.7963 29.9327
      vertex 68.8 -55.0384 29.8161
      vertex 68.8 -54.7963 29.9327
    endloop
  endfacet
  facet normal 0 -0.433916 0.900953
    outer loop
      vertex 68.8 -55.0384 29.8161
      vertex 9.7 -54.7963 29.9327
      vertex 9.7 -55.0384 29.8161
    endloop
  endfacet
  facet normal 0.433399 -0.0487994 -0.89988
    outer loop
      vertex 69.4224 -54.5421 14.1839
      vertex 69.1963 -54.4 14.0673
      vertex 69.4384 -54.4 14.1839
    endloop
  endfacet
  facet normal 0.211445 -0.0737078 -0.974607
    outer loop
      vertex 69.1571 -54.572 14.0673
      vertex 68.9211 -54.4583 14.0075
      vertex 68.931 -54.4299 14.0075
    endloop
  endfacet
  facet normal 0.0874438 0.778745 -0.621217
    outer loop
      vertex 68.9888 -47.3727 14.3515
      vertex 68.8 -47.3515 14.3515
      vertex 68.8 -47.1839 14.5616
    endloop
  endfacet
  facet normal 0.322186 0.92042 -0.221411
    outer loop
      vertex 69.2914 -47.1795 14.8037
      vertex 69.052 -47.0957 14.8037
      vertex 69.3174 -47.1256 15.0656
    endloop
  endfacet
  facet normal 0.621969 0.0700317 -0.779904
    outer loop
      vertex 69.4384 -48.2 14.1839
      vertex 69.4224 -48.0579 14.1839
      vertex 69.6273 -48.0112 14.3515
    endloop
  endfacet
  facet normal 0 0.974909 -0.222602
    outer loop
      vertex 68.8 -47.0673 14.8037
      vertex 65.5804 -47.0075 15.0656
      vertex 68.8 -47.0075 15.0656
    endloop
  endfacet
  facet normal 0 0.974909 -0.222602
    outer loop
      vertex 65.5804 -47.0075 15.0656
      vertex 68.8 -47.0673 14.8037
      vertex 65.485 -47.0673 14.8037
    endloop
  endfacet
  facet normal 0.231817 -0.369382 -0.899899
    outer loop
      vertex 69.077 -54.9752 14.1839
      vertex 69.0471 -54.7099 14.0673
      vertex 69.1981 -54.8992 14.1839
    endloop
  endfacet
  facet normal 0.637867 -0.637867 -0.431568
    outer loop
      vertex 69.5062 -55.2855 14.8037
      vertex 69.4335 -55.1944 14.5616
      vertex 69.5944 -55.0335 14.5616
    endloop
  endfacet
  facet normal 0.101017 -0.896345 -0.431697
    outer loop
      vertex 69.052 -55.5043 14.8037
      vertex 68.8 -55.5327 14.8037
      vertex 68.8 -55.4161 14.5616
    endloop
  endfacet
  facet normal 0.101087 -0.896308 -0.431757
    outer loop
      vertex 69.052 -55.5043 14.8037
      vertex 68.8 -55.4161 14.5616
      vertex 69.0261 -55.3906 14.5616
    endloop
  endfacet
  facet normal 0.0874438 -0.778745 -0.621217
    outer loop
      vertex 68.9888 -55.2273 14.3515
      vertex 68.8 -55.4161 14.5616
      vertex 68.8 -55.2485 14.3515
    endloop
  endfacet
  facet normal 0 -0.781739 -0.623605
    outer loop
      vertex 9.7 -55.2485 14.3515
      vertex 68.8 -55.4161 14.5616
      vertex 9.7 -55.4161 14.5616
    endloop
  endfacet
  facet normal 0 -0.781739 -0.623605
    outer loop
      vertex 68.8 -55.4161 14.5616
      vertex 9.7 -55.2485 14.3515
      vertex 68.8 -55.2485 14.3515
    endloop
  endfacet
  facet normal 0.206732 -0.59085 -0.779845
    outer loop
      vertex 69.1682 -55.1645 14.3515
      vertex 68.9421 -55.0224 14.1839
      vertex 69.077 -54.9752 14.1839
    endloop
  endfacet
  facet normal 0.0700435 -0.622074 -0.779819
    outer loop
      vertex 68.9421 -55.0224 14.1839
      vertex 68.8 -55.2485 14.3515
      vertex 68.8 -55.0384 14.1839
    endloop
  endfacet
  facet normal 0.781739 -0 0.623605
    outer loop
      vertex 69.6485 -54.4 29.6485
      vertex 69.8161 -48.2 29.4384
      vertex 69.6485 -48.2 29.6485
    endloop
  endfacet
  facet normal 0.781739 0 0.623605
    outer loop
      vertex 69.8161 -48.2 29.4384
      vertex 69.6485 -54.4 29.6485
      vertex 69.8161 -54.4 29.4384
    endloop
  endfacet
  facet normal -0.433399 0.0488298 0.899878
    outer loop
      vertex 9.07757 -48.0579 29.8161
      vertex 9.06156 -48.2 29.8161
      vertex 9.30366 -48.2 29.9327
    endloop
  endfacet
  facet normal 0.157977 0.159059 0.974548
    outer loop
      vertex 68.9595 -48 29.9647
      vertex 68.905 -48.1162 29.9925
      vertex 69.0508 -48 29.9499
    endloop
  endfacet
  facet normal 0.158704 0.158704 0.974488
    outer loop
      vertex 68.905 -48.1162 29.9925
      vertex 68.9595 -48 29.9647
      vertex 68.8838 -48.095 29.9925
    endloop
  endfacet
  facet normal -0.18961 0.118971 0.974625
    outer loop
      vertex 9.59495 -48.1162 29.9925
      vertex 9.34291 -48.028 29.9327
      vertex 9.57895 -48.1417 29.9925
    endloop
  endfacet
  facet normal -0.222538 0 0.974924
    outer loop
      vertex 9.30366 -48.2 29.9327
      vertex 9.56564 -54.4 29.9925
      vertex 9.56564 -48.2 29.9925
    endloop
  endfacet
  facet normal -0.222538 0 0.974924
    outer loop
      vertex 9.56564 -54.4 29.9925
      vertex 9.30366 -48.2 29.9327
      vertex 9.30366 -54.4 29.9327
    endloop
  endfacet
  facet normal -0.189055 0.11897 0.974733
    outer loop
      vertex 9.34291 -48.028 29.9327
      vertex 9.44921 -48 29.9499
      vertex 9.36053 -48 29.9327
    endloop
  endfacet
  facet normal -0.189274 0.119898 0.974577
    outer loop
      vertex 9.44921 -48 29.9499
      vertex 9.34291 -48.028 29.9327
      vertex 9.59495 -48.1162 29.9925
    endloop
  endfacet
  facet normal 0.0738907 -0.211332 0.974617
    outer loop
      vertex 68.972 -54.7571 29.9327
      vertex 68.8299 -54.531 29.9925
      vertex 68.8882 -54.7864 29.9327
    endloop
  endfacet
  facet normal -0.211294 -0.073953 0.974621
    outer loop
      vertex 9.56901 -54.4299 29.9925
      vertex 9.34291 -54.572 29.9327
      vertex 9.57895 -54.4583 29.9925
    endloop
  endfacet
  facet normal 0.0248801 0.223128 0.974472
    outer loop
      vertex 68.8456 -48 29.9763
      vertex 68.8221 -48 29.9769
      vertex 68.8299 -48.069 29.9925
    endloop
  endfacet
  facet normal 0.479734 0.763876 -0.431681
    outer loop
      vertex 69.5062 -47.3144 14.8037
      vertex 69.2409 -47.2846 14.5616
      vertex 69.2914 -47.1795 14.8037
    endloop
  endfacet
  facet normal 0.689554 -0.689554 0.221426
    outer loop
      vertex 69.7323 -55.1435 28.9344
      vertex 69.5062 -55.2855 29.1963
      vertex 69.5435 -55.3323 28.9344
    endloop
  endfacet
  facet normal 0.518907 -0.82565 0.221442
    outer loop
      vertex 69.5062 -55.2855 29.1963
      vertex 69.3174 -55.4744 28.9344
      vertex 69.5435 -55.3323 28.9344
    endloop
  endfacet
  facet normal 0.298011 -0.851359 -0.431714
    outer loop
      vertex 69.052 -55.5043 14.8037
      vertex 69.0261 -55.3906 14.5616
      vertex 69.2914 -55.4205 14.8037
    endloop
  endfacet
  facet normal 0.322197 -0.920453 -0.221259
    outer loop
      vertex 69.0653 -55.5626 15.0656
      vertex 69.052 -55.5043 14.8037
      vertex 69.2914 -55.4205 14.8037
    endloop
  endfacet
  facet normal 0.109218 -0.969077 0.221271
    outer loop
      vertex 68.8 -55.5327 29.1963
      vertex 68.8 -55.5925 28.9344
      vertex 69.0653 -55.5626 28.9344
    endloop
  endfacet
  facet normal 0.101017 -0.896345 0.431697
    outer loop
      vertex 68.8 -55.4161 29.4384
      vertex 68.8 -55.5327 29.1963
      vertex 69.052 -55.5043 29.1963
    endloop
  endfacet
  facet normal 0.143954 -0.411719 0.899869
    outer loop
      vertex 68.972 -54.7571 29.9327
      vertex 68.8882 -54.7864 29.9327
      vertex 68.9421 -55.0224 29.8161
    endloop
  endfacet
  facet normal -0.0488096 -0.433399 0.899879
    outer loop
      vertex 9.7 -54.7963 29.9327
      vertex 9.55793 -55.0224 29.8161
      vertex 9.7 -55.0384 29.8161
    endloop
  endfacet
  facet normal -0.920478 -0.322091 0.221308
    outer loop
      vertex 8.67951 -54.8914 29.1963
      vertex 8.59574 -54.652 29.1963
      vertex 8.62564 -54.9174 28.9344
    endloop
  endfacet
  facet normal -0.411717 -0.144003 0.899862
    outer loop
      vertex 9.3136 -54.4882 29.9327
      vertex 9.12479 -54.677 29.8161
      vertex 9.34291 -54.572 29.9327
    endloop
  endfacet
  facet normal 0.896308 -0.101087 -0.431757
    outer loop
      vertex 69.9043 -54.652 14.8037
      vertex 69.7906 -54.6261 14.5616
      vertex 69.8161 -54.4 14.5616
    endloop
  endfacet
  facet normal 0.851346 -0.29805 -0.431712
    outer loop
      vertex 69.9043 -54.652 14.8037
      vertex 69.7154 -54.8409 14.5616
      vertex 69.7906 -54.6261 14.5616
    endloop
  endfacet
  facet normal 0.920504 -0.322049 0.221262
    outer loop
      vertex 69.9043 -54.652 29.1963
      vertex 69.8744 -54.9174 28.9344
      vertex 69.9626 -54.6653 28.9344
    endloop
  endfacet
  facet normal 0.969078 -0.109214 -0.221271
    outer loop
      vertex 69.9925 -54.4 15.0656
      vertex 69.9043 -54.652 14.8037
      vertex 69.9327 -54.4 14.8037
    endloop
  endfacet
  facet normal 0.637867 -0.637867 0.431568
    outer loop
      vertex 69.5944 -55.0335 29.4384
      vertex 69.4335 -55.1944 29.4384
      vertex 69.5062 -55.2855 29.1963
    endloop
  endfacet
  facet normal 0.778886 -0.0878443 0.620983
    outer loop
      vertex 69.8161 -54.4 29.4384
      vertex 69.6273 -54.5888 29.6485
      vertex 69.7906 -54.6261 29.4384
    endloop
  endfacet
  facet normal 0.778745 -0.0874438 0.621217
    outer loop
      vertex 69.6485 -54.4 29.6485
      vertex 69.6273 -54.5888 29.6485
      vertex 69.8161 -54.4 29.4384
    endloop
  endfacet
  facet normal -0.119049 -0.189545 -0.974628
    outer loop
      vertex 9.52804 -54.7571 14.0673
      vertex 9.45289 -54.7099 14.0673
      vertex 9.6417 -54.521 14.0075
    endloop
  endfacet
  facet normal -0.637895 -0.637855 -0.431545
    outer loop
      vertex 8.9938 -55.2855 14.8037
      vertex 8.9056 -55.0335 14.5616
      vertex 9.06649 -55.1944 14.5616
    endloop
  endfacet
  facet normal -0.739074 0.258016 -0.622252
    outer loop
      vertex 8.87275 -48.0112 14.3515
      vertex 8.86883 -48 14.3608
      vertex 8.87666 -48 14.3515
    endloop
  endfacet
  facet normal -0.825734 -0.518814 -0.22135
    outer loop
      vertex 8.7677 -55.1435 15.0656
      vertex 8.62564 -54.9174 15.0656
      vertex 8.67951 -54.8914 14.8037
    endloop
  endfacet
  facet normal -0.416993 -0.6636 -0.621089
    outer loop
      vertex 9.33184 -55.1645 14.3515
      vertex 9.06649 -55.1944 14.5616
      vertex 9.17095 -55.0634 14.3515
    endloop
  endfacet
  facet normal -0.778685 0.0873733 -0.621301
    outer loop
      vertex 8.68393 -48.2 14.5616
      vertex 8.82374 -48 14.4145
      vertex 8.87275 -48.0112 14.3515
    endloop
  endfacet
  facet normal -0.778912 0.0877834 -0.620959
    outer loop
      vertex 8.82374 -48 14.4145
      vertex 8.68393 -48.2 14.5616
      vertex 8.70647 -48 14.5616
    endloop
  endfacet
  facet normal -0.740112 0.256983 -0.621446
    outer loop
      vertex 8.87275 -48.0112 14.3515
      vertex 8.82374 -48 14.4145
      vertex 8.86883 -48 14.3608
    endloop
  endfacet
  facet normal -0.11926 0.190111 -0.974492
    outer loop
      vertex 9.61623 -48.095 14.0075
      vertex 9.54051 -48 14.0353
      vertex 9.583 -48 14.0301
    endloop
  endfacet
  facet normal 0.118978 -0.189621 -0.974622
    outer loop
      vertex 69.0471 -54.7099 14.0673
      vertex 68.8583 -54.521 14.0075
      vertex 68.8838 -54.505 14.0075
    endloop
  endfacet
  facet normal -0.0878447 -0.77889 -0.620978
    outer loop
      vertex 9.7 -55.4161 14.5616
      vertex 9.4739 -55.3906 14.5616
      vertex 9.51118 -55.2273 14.3515
    endloop
  endfacet
  facet normal -0.259055 -0.73979 -0.620968
    outer loop
      vertex 9.4739 -55.3906 14.5616
      vertex 9.33184 -55.1645 14.3515
      vertex 9.51118 -55.2273 14.3515
    endloop
  endfacet
  facet normal -0.896362 0.10098 -0.431668
    outer loop
      vertex 8.56734 -48.2 14.8037
      vertex 8.61395 -48 14.7537
      vertex 8.68393 -48.2 14.5616
    endloop
  endfacet
  facet normal -0.896355 0.100974 -0.431685
    outer loop
      vertex 8.61395 -48 14.7537
      vertex 8.56734 -48.2 14.8037
      vertex 8.58987 -48 14.8037
    endloop
  endfacet
  facet normal -0.416894 -0.663758 -0.620987
    outer loop
      vertex 9.25914 -55.3154 14.5616
      vertex 9.06649 -55.1944 14.5616
      vertex 9.33184 -55.1645 14.3515
    endloop
  endfacet
  facet normal -0.0264331 0.222828 -0.974499
    outer loop
      vertex 9.7 -48.0656 14.0075
      vertex 9.67788 -48 14.0231
      vertex 9.7 -48 14.0225
    endloop
  endfacet
  facet normal -0.0253774 0.223172 -0.974449
    outer loop
      vertex 9.67788 -48 14.0231
      vertex 9.7 -48.0656 14.0075
      vertex 9.6701 -48.069 14.0075
    endloop
  endfacet
  facet normal -0.21132 -0.0739114 0.974618
    outer loop
      vertex 9.56901 -54.4299 29.9925
      vertex 9.3136 -54.4882 29.9327
      vertex 9.34291 -54.572 29.9327
    endloop
  endfacet
  facet normal -0.781848 0 0.623469
    outer loop
      vertex 8.68393 -54.4 29.4384
      vertex 8.85147 -48.2 29.6485
      vertex 8.68393 -48.2 29.4384
    endloop
  endfacet
  facet normal -0.781848 0 0.623469
    outer loop
      vertex 8.85147 -48.2 29.6485
      vertex 8.68393 -54.4 29.4384
      vertex 8.85147 -54.4 29.6485
    endloop
  endfacet
  facet normal -0.479806 -0.763923 -0.431518
    outer loop
      vertex 9.25914 -55.3154 14.5616
      vertex 8.9938 -55.2855 14.8037
      vertex 9.06649 -55.1944 14.5616
    endloop
  endfacet
  facet normal -0.532135 -0.84666 0
    outer loop
      vertex 8.95652 -55.3323 15.0656
      vertex 9.18261 -55.4744 28.9344
      vertex 8.95652 -55.3323 28.9344
    endloop
  endfacet
  facet normal -0.532135 -0.84666 -0
    outer loop
      vertex 9.18261 -55.4744 28.9344
      vertex 8.95652 -55.3323 15.0656
      vertex 9.18261 -55.4744 15.0656
    endloop
  endfacet
  facet normal -0.637895 -0.637855 0.431545
    outer loop
      vertex 9.06649 -55.1944 29.4384
      vertex 8.9056 -55.0335 29.4384
      vertex 8.9938 -55.2855 29.1963
    endloop
  endfacet
  facet normal -0.109196 -0.96908 0.221271
    outer loop
      vertex 9.44796 -55.5043 29.1963
      vertex 9.43465 -55.5626 28.9344
      vertex 9.7 -55.5327 29.1963
    endloop
  endfacet
  facet normal 0.231817 -0.369382 0.899899
    outer loop
      vertex 69.1981 -54.8992 29.8161
      vertex 69.0471 -54.7099 29.9327
      vertex 69.077 -54.9752 29.8161
    endloop
  endfacet
  facet normal 0.33288 -0.530418 0.779646
    outer loop
      vertex 69.1981 -54.8992 29.8161
      vertex 69.077 -54.9752 29.8161
      vertex 69.329 -55.0634 29.6485
    endloop
  endfacet
  facet normal 0.621969 -0.0700317 0.779904
    outer loop
      vertex 69.4384 -54.4 29.8161
      vertex 69.4224 -54.5421 29.8161
      vertex 69.6273 -54.5888 29.6485
    endloop
  endfacet
  facet normal 0.433916 0 0.900953
    outer loop
      vertex 69.1963 -48.2 29.9327
      vertex 69.4384 -54.4 29.8161
      vertex 69.4384 -48.2 29.8161
    endloop
  endfacet
  facet normal 0.433916 0 0.900953
    outer loop
      vertex 69.4384 -54.4 29.8161
      vertex 69.1963 -48.2 29.9327
      vertex 69.1963 -54.4 29.9327
    endloop
  endfacet
  facet normal 0.211332 -0.0738907 0.974617
    outer loop
      vertex 69.1864 -54.4882 29.9327
      vertex 68.931 -54.4299 29.9925
      vertex 69.1571 -54.572 29.9327
    endloop
  endfacet
  facet normal 0.590814 -0.206818 0.77985
    outer loop
      vertex 69.6273 -54.5888 29.6485
      vertex 69.3752 -54.677 29.8161
      vertex 69.5645 -54.7682 29.6485
    endloop
  endfacet
  facet normal 0.411405 0.144782 0.89988
    outer loop
      vertex 69.2153 -48 29.9015
      vertex 69.1864 -48.1118 29.9327
      vertex 69.2982 -48 29.8636
    endloop
  endfacet
  facet normal 0.412709 0.1443 0.89936
    outer loop
      vertex 69.1864 -48.1118 29.9327
      vertex 69.2153 -48 29.9015
      vertex 69.1571 -48.028 29.9327
    endloop
  endfacet
  facet normal -0.119699 0.189363 0.974584
    outer loop
      vertex 9.60368 -48 29.9725
      vertex 9.61623 -48.095 29.9925
      vertex 9.6417 -48.0789 29.9925
    endloop
  endfacet
  facet normal -0.122497 0.188937 0.974319
    outer loop
      vertex 9.61623 -48.095 29.9925
      vertex 9.60368 -48 29.9725
      vertex 9.583 -48 29.9699
    endloop
  endfacet
  facet normal -0.073916 -0.211329 -0.974616
    outer loop
      vertex 9.61181 -54.7864 14.0673
      vertex 9.52804 -54.7571 14.0673
      vertex 9.6701 -54.531 14.0075
    endloop
  endfacet
  facet normal -0.144012 -0.411716 -0.899861
    outer loop
      vertex 9.55793 -55.0224 14.1839
      vertex 9.42299 -54.9752 14.1839
      vertex 9.52804 -54.7571 14.0673
    endloop
  endfacet
  facet normal 0.222531 -0.0253045 -0.974597
    outer loop
      vertex 69.1963 -54.4 14.0673
      vertex 68.931 -54.4299 14.0075
      vertex 68.9344 -54.4 14.0075
    endloop
  endfacet
  facet normal 0.442707 -0.442707 -0.779757
    outer loop
      vertex 69.329 -55.0634 14.3515
      vertex 69.2991 -54.7981 14.1839
      vertex 69.4634 -54.929 14.3515
    endloop
  endfacet
  facet normal 0.443033 -0.442594 -0.779636
    outer loop
      vertex 69.2991 -54.7981 14.1839
      vertex 69.329 -55.0634 14.3515
      vertex 69.1981 -54.8992 14.1839
    endloop
  endfacet
  facet normal 0.189356 -0.119554 -0.974603
    outer loop
      vertex 69.1571 -54.572 14.0673
      vertex 68.905 -54.4838 14.0075
      vertex 68.9211 -54.4583 14.0075
    endloop
  endfacet
  facet normal 0.590802 -0.206715 -0.779886
    outer loop
      vertex 69.6273 -54.5888 14.3515
      vertex 69.3752 -54.677 14.1839
      vertex 69.4224 -54.5421 14.1839
    endloop
  endfacet
  facet normal 0.851345 -0.298006 -0.431746
    outer loop
      vertex 69.8205 -54.8914 14.8037
      vertex 69.7154 -54.8409 14.5616
      vertex 69.9043 -54.652 14.8037
    endloop
  endfacet
  facet normal 0.84667 0.532118 -0
    outer loop
      vertex 69.8744 -47.6826 15.0656
      vertex 69.7323 -47.4565 26.4729
      vertex 69.8744 -47.6826 26.8633
    endloop
  endfacet
  facet normal 0.84667 0.532118 0
    outer loop
      vertex 69.7323 -47.4565 26.4729
      vertex 69.8744 -47.6826 15.0656
      vertex 69.7323 -47.4565 15.0656
    endloop
  endfacet
  facet normal 0.920504 0.322049 -0.221262
    outer loop
      vertex 69.9043 -47.948 14.8037
      vertex 69.8744 -47.6826 15.0656
      vertex 69.9626 -47.9347 15.0656
    endloop
  endfacet
  facet normal 0.416974 -0.663713 -0.620982
    outer loop
      vertex 69.2409 -55.3154 14.5616
      vertex 69.1682 -55.1645 14.3515
      vertex 69.4335 -55.1944 14.5616
    endloop
  endfacet
  facet normal 0.259001 -0.739806 -0.620971
    outer loop
      vertex 69.2409 -55.3154 14.5616
      vertex 69.0261 -55.3906 14.5616
      vertex 69.1682 -55.1645 14.3515
    endloop
  endfacet
  facet normal 0.0487994 -0.433399 -0.89988
    outer loop
      vertex 68.9421 -55.0224 14.1839
      vertex 68.8 -55.0384 14.1839
      vertex 68.8 -54.7963 14.0673
    endloop
  endfacet
  facet normal 0.143954 -0.411719 -0.899869
    outer loop
      vertex 68.9421 -55.0224 14.1839
      vertex 68.8882 -54.7864 14.0673
      vertex 68.972 -54.7571 14.0673
    endloop
  endfacet
  facet normal 0.623605 0 0.781739
    outer loop
      vertex 69.4384 -48.2 29.8161
      vertex 69.6485 -54.4 29.6485
      vertex 69.6485 -48.2 29.6485
    endloop
  endfacet
  facet normal 0.623605 0 0.781739
    outer loop
      vertex 69.6485 -54.4 29.6485
      vertex 69.4384 -48.2 29.8161
      vertex 69.4384 -54.4 29.8161
    endloop
  endfacet
  facet normal 0.993676 0.112285 0
    outer loop
      vertex 69.9699 -48 28.9344
      vertex 69.9925 -48.2 28.9344
      vertex 69.9699 -48 27.1258
    endloop
  endfacet
  facet normal 0.993809 0.111106 1.98116e-05
    outer loop
      vertex 69.9925 -48.2 15.0656
      vertex 69.9626 -47.9347 27.1056
      vertex 69.9699 -48 27.1258
    endloop
  endfacet
  facet normal 0.993676 0.112285 -0
    outer loop
      vertex 69.9925 -48.2 15.0656
      vertex 69.9699 -48 27.1258
      vertex 69.9925 -48.2 28.9344
    endloop
  endfacet
  facet normal 0.993709 0.111994 0
    outer loop
      vertex 69.9626 -47.9347 27.1056
      vertex 69.9925 -48.2 15.0656
      vertex 69.9626 -47.9347 15.0656
    endloop
  endfacet
  facet normal 0.621969 0.0700317 0.779904
    outer loop
      vertex 69.6273 -48.0112 29.6485
      vertex 69.4224 -48.0579 29.8161
      vertex 69.4384 -48.2 29.8161
    endloop
  endfacet
  facet normal 0.969078 0.109218 -0.221267
    outer loop
      vertex 69.9925 -48.2 15.0656
      vertex 69.9043 -47.948 14.8037
      vertex 69.9626 -47.9347 15.0656
    endloop
  endfacet
  facet normal 0.943899 0.330234 -0
    outer loop
      vertex 69.9626 -47.9347 15.0656
      vertex 69.8744 -47.6826 26.8633
      vertex 69.9626 -47.9347 27.1056
    endloop
  endfacet
  facet normal 0.943899 0.330234 0
    outer loop
      vertex 69.8744 -47.6826 26.8633
      vertex 69.9626 -47.9347 15.0656
      vertex 69.8744 -47.6826 15.0656
    endloop
  endfacet
  facet normal 0.211445 0.0737078 0.974607
    outer loop
      vertex 69.1571 -48.028 29.9327
      vertex 68.9211 -48.1417 29.9925
      vertex 68.931 -48.1701 29.9925
    endloop
  endfacet
  facet normal -0.119049 -0.189545 0.974628
    outer loop
      vertex 9.6417 -54.521 29.9925
      vertex 9.45289 -54.7099 29.9327
      vertex 9.52804 -54.7571 29.9327
    endloop
  endfacet
  facet normal 0.026457 0.222827 0.974499
    outer loop
      vertex 68.8 -48.0656 29.9925
      vertex 68.8221 -48 29.9769
      vertex 68.8 -48 29.9775
    endloop
  endfacet
  facet normal 0.0253782 0.223179 0.974447
    outer loop
      vertex 68.8221 -48 29.9769
      vertex 68.8 -48.0656 29.9925
      vertex 68.8299 -48.069 29.9925
    endloop
  endfacet
  facet normal -0.41264 0.144326 0.899388
    outer loop
      vertex 9.2847 -48 29.9015
      vertex 9.3136 -48.1118 29.9327
      vertex 9.34291 -48.028 29.9327
    endloop
  endfacet
  facet normal -0.411363 0.144798 0.899897
    outer loop
      vertex 9.3136 -48.1118 29.9327
      vertex 9.2847 -48 29.9015
      vertex 9.20179 -48 29.8636
    endloop
  endfacet
  facet normal -0.969075 0.109215 -0.221283
    outer loop
      vertex 8.57753 -48 14.8578
      vertex 8.50754 -48.2 15.0656
      vertex 8.53008 -48 15.0656
    endloop
  endfacet
  facet normal 0.0253045 -0.222531 -0.974597
    outer loop
      vertex 68.8299 -54.531 14.0075
      vertex 68.8 -54.7963 14.0673
      vertex 68.8 -54.5344 14.0075
    endloop
  endfacet
  facet normal 0.47989 -0.763858 0.431539
    outer loop
      vertex 69.4335 -55.1944 29.4384
      vertex 69.2409 -55.3154 29.4384
      vertex 69.5062 -55.2855 29.1963
    endloop
  endfacet
  facet normal 0.479992 -0.763721 0.431668
    outer loop
      vertex 69.5062 -55.2855 29.1963
      vertex 69.2409 -55.3154 29.4384
      vertex 69.2914 -55.4205 29.1963
    endloop
  endfacet
  facet normal 0.109214 -0.969079 0.221267
    outer loop
      vertex 69.052 -55.5043 29.1963
      vertex 68.8 -55.5327 29.1963
      vertex 69.0653 -55.5626 28.9344
    endloop
  endfacet
  facet normal 0.322197 -0.920453 0.221259
    outer loop
      vertex 69.2914 -55.4205 29.1963
      vertex 69.052 -55.5043 29.1963
      vertex 69.0653 -55.5626 28.9344
    endloop
  endfacet
  facet normal -0.144012 -0.411716 0.899861
    outer loop
      vertex 9.52804 -54.7571 29.9327
      vertex 9.42299 -54.9752 29.8161
      vertex 9.55793 -55.0224 29.8161
    endloop
  endfacet
  facet normal -0.333071 -0.530047 0.779817
    outer loop
      vertex 9.42299 -54.9752 29.8161
      vertex 9.17095 -55.0634 29.6485
      vertex 9.33184 -55.1645 29.6485
    endloop
  endfacet
  facet normal -0.158368 -0.158267 0.974613
    outer loop
      vertex 9.59495 -54.4838 29.9925
      vertex 9.39013 -54.6471 29.9327
      vertex 9.45289 -54.7099 29.9327
    endloop
  endfacet
  facet normal -0.896359 -0.101018 0.431667
    outer loop
      vertex 8.68393 -54.4 29.4384
      vertex 8.56734 -54.4 29.1963
      vertex 8.59574 -54.652 29.1963
    endloop
  endfacet
  facet normal -0.369308 -0.231954 0.899894
    outer loop
      vertex 9.39013 -54.6471 29.9327
      vertex 9.12479 -54.677 29.8161
      vertex 9.20085 -54.7981 29.8161
    endloop
  endfacet
  facet normal 0.417135 -0.663455 -0.621148
    outer loop
      vertex 69.4335 -55.1944 14.5616
      vertex 69.1682 -55.1645 14.3515
      vertex 69.329 -55.0634 14.3515
    endloop
  endfacet
  facet normal 0.554154 -0.554154 -0.621149
    outer loop
      vertex 69.4335 -55.1944 14.5616
      vertex 69.329 -55.0634 14.3515
      vertex 69.5944 -55.0335 14.5616
    endloop
  endfacet
  facet normal 0.707107 -0.707107 0
    outer loop
      vertex 69.5435 -55.3323 15.0656
      vertex 69.7323 -55.1435 28.9344
      vertex 69.5435 -55.3323 28.9344
    endloop
  endfacet
  facet normal 0.707107 -0.707107 0
    outer loop
      vertex 69.7323 -55.1435 28.9344
      vertex 69.5435 -55.3323 15.0656
      vertex 69.7323 -55.1435 15.0656
    endloop
  endfacet
  facet normal 0.993709 -0.111994 0
    outer loop
      vertex 69.9626 -54.6653 28.9344
      vertex 69.9925 -54.4 15.0656
      vertex 69.9925 -54.4 28.9344
    endloop
  endfacet
  facet normal 0.993709 -0.111994 0
    outer loop
      vertex 69.9925 -54.4 15.0656
      vertex 69.9626 -54.6653 28.9344
      vertex 69.9626 -54.6653 15.0656
    endloop
  endfacet
  facet normal 0.943899 -0.330234 0
    outer loop
      vertex 69.8744 -54.9174 28.9344
      vertex 69.9626 -54.6653 15.0656
      vertex 69.9626 -54.6653 28.9344
    endloop
  endfacet
  facet normal 0.943899 -0.330234 0
    outer loop
      vertex 69.9626 -54.6653 15.0656
      vertex 69.8744 -54.9174 28.9344
      vertex 69.8744 -54.9174 15.0656
    endloop
  endfacet
  facet normal 0.974909 -0 0.222602
    outer loop
      vertex 69.9327 -54.4 29.1963
      vertex 69.9925 -48.2 28.9344
      vertex 69.9327 -48.2 29.1963
    endloop
  endfacet
  facet normal 0.974909 0 0.222602
    outer loop
      vertex 69.9925 -48.2 28.9344
      vertex 69.9327 -54.4 29.1963
      vertex 69.9925 -54.4 28.9344
    endloop
  endfacet
  facet normal 0.900953 -0 0.433916
    outer loop
      vertex 69.8161 -54.4 29.4384
      vertex 69.9327 -48.2 29.1963
      vertex 69.8161 -48.2 29.4384
    endloop
  endfacet
  facet normal 0.900953 0 0.433916
    outer loop
      vertex 69.9327 -48.2 29.1963
      vertex 69.8161 -54.4 29.4384
      vertex 69.9327 -54.4 29.1963
    endloop
  endfacet
  facet normal 0.637867 -0.637867 0.431568
    outer loop
      vertex 69.5944 -55.0335 29.4384
      vertex 69.5062 -55.2855 29.1963
      vertex 69.6855 -55.1062 29.1963
    endloop
  endfacet
  facet normal 0.689554 -0.689554 0.221426
    outer loop
      vertex 69.6855 -55.1062 29.1963
      vertex 69.5062 -55.2855 29.1963
      vertex 69.7323 -55.1435 28.9344
    endloop
  endfacet
  facet normal -0.222468 -0.0250717 -0.974618
    outer loop
      vertex 9.3136 -54.4882 14.0673
      vertex 9.30366 -54.4 14.0673
      vertex 9.56901 -54.4299 14.0075
    endloop
  endfacet
  facet normal -0.622105 -0.0700908 0.77979
    outer loop
      vertex 9.06156 -54.4 29.8161
      vertex 8.87275 -54.5888 29.6485
      vertex 9.07757 -54.5421 29.8161
    endloop
  endfacet
  facet normal -0.689479 -0.689671 0.221298
    outer loop
      vertex 8.81445 -55.1062 29.1963
      vertex 8.7677 -55.1435 28.9344
      vertex 8.9938 -55.2855 29.1963
    endloop
  endfacet
  facet normal -0.411507 0.14463 -0.899858
    outer loop
      vertex 9.07757 -48.0579 14.1839
      vertex 9.20179 -48 14.1364
      vertex 9.3136 -48.1118 14.0673
    endloop
  endfacet
  facet normal -0.411284 0.143985 -0.900063
    outer loop
      vertex 9.20179 -48 14.1364
      vertex 9.07757 -48.0579 14.1839
      vertex 9.09784 -48 14.1839
    endloop
  endfacet
  facet normal -0.739787 -0.258788 -0.621083
    outer loop
      vertex 8.78455 -54.8409 14.5616
      vertex 8.70941 -54.6261 14.5616
      vertex 8.87275 -54.5888 14.3515
    endloop
  endfacet
  facet normal -0.333071 -0.530047 -0.779817
    outer loop
      vertex 9.33184 -55.1645 14.3515
      vertex 9.17095 -55.0634 14.3515
      vertex 9.42299 -54.9752 14.1839
    endloop
  endfacet
  facet normal -0.189537 -0.119173 -0.974615
    outer loop
      vertex 9.39013 -54.6471 14.0673
      vertex 9.34291 -54.572 14.0673
      vertex 9.59495 -54.4838 14.0075
    endloop
  endfacet
  facet normal -0.211294 -0.073953 -0.974621
    outer loop
      vertex 9.57895 -54.4583 14.0075
      vertex 9.34291 -54.572 14.0673
      vertex 9.56901 -54.4299 14.0075
    endloop
  endfacet
  facet normal -0.18961 -0.118971 -0.974625
    outer loop
      vertex 9.59495 -54.4838 14.0075
      vertex 9.34291 -54.572 14.0673
      vertex 9.57895 -54.4583 14.0075
    endloop
  endfacet
  facet normal -0.222468 0.0250741 -0.974618
    outer loop
      vertex 9.56564 -48.2 14.0075
      vertex 9.30366 -48.2 14.0673
      vertex 9.56901 -48.1701 14.0075
    endloop
  endfacet
  facet normal 0.222602 0 -0.974909
    outer loop
      vertex 68.9344 -54.4 14.0075
      vertex 69.1963 -48.2 14.0673
      vertex 69.1963 -54.4 14.0673
    endloop
  endfacet
  facet normal 0.222602 0 -0.974909
    outer loop
      vertex 69.1963 -48.2 14.0673
      vertex 68.9344 -54.4 14.0075
      vertex 68.9344 -48.2 14.0075
    endloop
  endfacet
  facet normal -0.0248485 0.223118 0.974475
    outer loop
      vertex 9.67788 -48 29.9769
      vertex 9.65435 -48 29.9763
      vertex 9.6701 -48.069 29.9925
    endloop
  endfacet
  facet normal -0.11926 0.190111 0.974492
    outer loop
      vertex 9.583 -48 29.9699
      vertex 9.54051 -48 29.9647
      vertex 9.61623 -48.095 29.9925
    endloop
  endfacet
  facet normal -0.969076 0.109228 0.221271
    outer loop
      vertex 8.56734 -48.2 29.1963
      vertex 8.57753 -48 29.1422
      vertex 8.50754 -48.2 28.9344
    endloop
  endfacet
  facet normal -0.969132 0.109173 0.221055
    outer loop
      vertex 8.57753 -48 29.1422
      vertex 8.56734 -48.2 29.1963
      vertex 8.58987 -48 29.1963
    endloop
  endfacet
  facet normal -0.969132 0.109173 -0.221055
    outer loop
      vertex 8.56734 -48.2 14.8037
      vertex 8.57753 -48 14.8578
      vertex 8.58987 -48 14.8037
    endloop
  endfacet
  facet normal -0.969076 0.109228 -0.221271
    outer loop
      vertex 8.57753 -48 14.8578
      vertex 8.56734 -48.2 14.8037
      vertex 8.50754 -48.2 15.0656
    endloop
  endfacet
  facet normal -0.763779 -0.480039 -0.431513
    outer loop
      vertex 8.9056 -55.0335 14.5616
      vertex 8.67951 -54.8914 14.8037
      vertex 8.78455 -54.8409 14.5616
    endloop
  endfacet
  facet normal -0.689526 -0.689599 -0.221377
    outer loop
      vertex 8.95652 -55.3323 15.0656
      vertex 8.7677 -55.1435 15.0656
      vertex 8.9938 -55.2855 14.8037
    endloop
  endfacet
  facet normal -0.298081 -0.851276 -0.43183
    outer loop
      vertex 9.4739 -55.3906 14.5616
      vertex 9.20856 -55.4205 14.8037
      vertex 9.25914 -55.3154 14.5616
    endloop
  endfacet
  facet normal -0.518994 -0.825623 -0.22134
    outer loop
      vertex 9.18261 -55.4744 15.0656
      vertex 8.9938 -55.2855 14.8037
      vertex 9.20856 -55.4205 14.8037
    endloop
  endfacet
  facet normal -0.896343 0.101018 0.4317
    outer loop
      vertex 8.70647 -48 29.4384
      vertex 8.61395 -48 29.2463
      vertex 8.68393 -48.2 29.4384
    endloop
  endfacet
  facet normal -0.590788 0.206248 0.78002
    outer loop
      vertex 8.87275 -48.0112 29.6485
      vertex 9.04117 -48 29.7731
      vertex 8.87666 -48 29.6485
    endloop
  endfacet
  facet normal -0.590664 0.207733 0.77972
    outer loop
      vertex 9.04117 -48 29.7731
      vertex 8.87275 -48.0112 29.6485
      vertex 9.07757 -48.0579 29.8161
    endloop
  endfacet
  facet normal -0.59137 0.207031 0.779371
    outer loop
      vertex 9.09784 -48 29.8161
      vertex 9.04117 -48 29.7731
      vertex 9.07757 -48.0579 29.8161
    endloop
  endfacet
  facet normal 0 -0.623605 0.781739
    outer loop
      vertex 9.7 -55.0384 29.8161
      vertex 68.8 -55.2485 29.6485
      vertex 68.8 -55.0384 29.8161
    endloop
  endfacet
  facet normal 0 -0.623605 0.781739
    outer loop
      vertex 68.8 -55.2485 29.6485
      vertex 9.7 -55.0384 29.8161
      vertex 9.7 -55.2485 29.6485
    endloop
  endfacet
  facet normal -0.0739032 0.212005 0.97447
    outer loop
      vertex 9.62674 -48 29.9742
      vertex 9.6417 -48.0789 29.9925
      vertex 9.6701 -48.069 29.9925
    endloop
  endfacet
  facet normal -0.0718435 0.212411 0.974536
    outer loop
      vertex 9.6417 -48.0789 29.9925
      vertex 9.62674 -48 29.9742
      vertex 9.60368 -48 29.9725
    endloop
  endfacet
  facet normal 0.530069 -0.333098 0.77979
    outer loop
      vertex 69.3752 -54.677 29.8161
      vertex 69.2991 -54.7981 29.8161
      vertex 69.4634 -54.929 29.6485
    endloop
  endfacet
  facet normal 0.433475 -0.0486554 0.899851
    outer loop
      vertex 69.1963 -54.4 29.9327
      vertex 69.1864 -54.4882 29.9327
      vertex 69.4224 -54.5421 29.8161
    endloop
  endfacet
  facet normal 0.663577 -0.417212 0.620967
    outer loop
      vertex 69.5645 -54.7682 29.6485
      vertex 69.4634 -54.929 29.6485
      vertex 69.7154 -54.8409 29.4384
    endloop
  endfacet
  facet normal 0.739816 -0.258977 0.62097
    outer loop
      vertex 69.6273 -54.5888 29.6485
      vertex 69.5645 -54.7682 29.6485
      vertex 69.7154 -54.8409 29.4384
    endloop
  endfacet
  facet normal -0.0741186 0.211873 0.974483
    outer loop
      vertex 9.65435 -48 29.9763
      vertex 9.62674 -48 29.9742
      vertex 9.6701 -48.069 29.9925
    endloop
  endfacet
  facet normal -0.370039 0.23286 0.89936
    outer loop
      vertex 9.36053 -48 29.9327
      vertex 9.2847 -48 29.9015
      vertex 9.34291 -48.028 29.9327
    endloop
  endfacet
  facet normal 0.411762 -0.143969 -0.899847
    outer loop
      vertex 69.3752 -54.677 14.1839
      vertex 69.1571 -54.572 14.0673
      vertex 69.1864 -54.4882 14.0673
    endloop
  endfacet
  facet normal 0.211332 -0.0738907 -0.974617
    outer loop
      vertex 69.1571 -54.572 14.0673
      vertex 68.931 -54.4299 14.0075
      vertex 69.1864 -54.4882 14.0673
    endloop
  endfacet
  facet normal 0.433916 0 -0.900953
    outer loop
      vertex 69.1963 -54.4 14.0673
      vertex 69.4384 -48.2 14.1839
      vertex 69.4384 -54.4 14.1839
    endloop
  endfacet
  facet normal 0.433916 0 -0.900953
    outer loop
      vertex 69.4384 -48.2 14.1839
      vertex 69.1963 -54.4 14.0673
      vertex 69.1963 -48.2 14.0673
    endloop
  endfacet
  facet normal 0.778745 -0.0874438 -0.621217
    outer loop
      vertex 69.8161 -54.4 14.5616
      vertex 69.6273 -54.5888 14.3515
      vertex 69.6485 -54.4 14.3515
    endloop
  endfacet
  facet normal 0.222498 0.0249742 -0.974613
    outer loop
      vertex 69.1963 -48.2 14.0673
      vertex 68.931 -48.1701 14.0075
      vertex 69.1864 -48.1118 14.0673
    endloop
  endfacet
  facet normal 0.778886 -0.0878443 -0.620983
    outer loop
      vertex 69.7906 -54.6261 14.5616
      vertex 69.6273 -54.5888 14.3515
      vertex 69.8161 -54.4 14.5616
    endloop
  endfacet
  facet normal 0.411695 -0.144048 -0.899865
    outer loop
      vertex 69.3752 -54.677 14.1839
      vertex 69.1864 -54.4882 14.0673
      vertex 69.4224 -54.5421 14.1839
    endloop
  endfacet
  facet normal 0.739795 -0.258997 -0.620986
    outer loop
      vertex 69.7154 -54.8409 14.5616
      vertex 69.6273 -54.5888 14.3515
      vertex 69.7906 -54.6261 14.5616
    endloop
  endfacet
  facet normal 0.308512 -0.308207 -0.899905
    outer loop
      vertex 69.1981 -54.8992 14.1839
      vertex 69.0471 -54.7099 14.0673
      vertex 69.2991 -54.7981 14.1839
    endloop
  endfacet
  facet normal 0.15829 -0.15829 -0.974622
    outer loop
      vertex 69.0471 -54.7099 14.0673
      vertex 68.905 -54.4838 14.0075
      vertex 69.1099 -54.6471 14.0673
    endloop
  endfacet
  facet normal 0.896345 0.101017 -0.431697
    outer loop
      vertex 69.9327 -48.2 14.8037
      vertex 69.8161 -48.2 14.5616
      vertex 69.9043 -47.948 14.8037
    endloop
  endfacet
  facet normal 0.778745 0.0874438 -0.621217
    outer loop
      vertex 69.6485 -48.2 14.3515
      vertex 69.6273 -48.0112 14.3515
      vertex 69.8161 -48.2 14.5616
    endloop
  endfacet
  facet normal 0.416974 0.663713 -0.620982
    outer loop
      vertex 69.4335 -47.4056 14.5616
      vertex 69.1682 -47.4355 14.3515
      vertex 69.2409 -47.2846 14.5616
    endloop
  endfacet
  facet normal 0.111994 0.993709 -0
    outer loop
      vertex 69.0653 -47.0374 15.0656
      vertex 68.8 -47.0075 23.9115
      vertex 69.0653 -47.0374 24.6405
    endloop
  endfacet
  facet normal 0.111994 0.993709 0
    outer loop
      vertex 68.8 -47.0075 23.9115
      vertex 69.0653 -47.0374 15.0656
      vertex 68.8 -47.0075 15.0656
    endloop
  endfacet
  facet normal 0.101017 0.896345 -0.431697
    outer loop
      vertex 69.052 -47.0957 14.8037
      vertex 68.8 -47.1839 14.5616
      vertex 68.8 -47.0673 14.8037
    endloop
  endfacet
  facet normal 0 0 -1
    outer loop
      vertex 68.8 -54.5344 14.0075
      vertex 68.9344 -54.4 14.0075
      vertex 68.931 -54.4299 14.0075
    endloop
  endfacet
  facet normal -0 0 -1
    outer loop
      vertex 68.9344 -54.4 14.0075
      vertex 68.8 -54.5344 14.0075
      vertex 68.9344 -48.2 14.0075
    endloop
  endfacet
  facet normal 0 0 -1
    outer loop
      vertex 68.8 -54.5344 14.0075
      vertex 68.931 -54.4299 14.0075
      vertex 68.9211 -54.4583 14.0075
    endloop
  endfacet
  facet normal 0 0 -1
    outer loop
      vertex 68.8 -48.0656 14.0075
      vertex 68.9344 -48.2 14.0075
      vertex 68.8 -54.5344 14.0075
    endloop
  endfacet
  facet normal 0 0 -1
    outer loop
      vertex 68.8 -54.5344 14.0075
      vertex 68.9211 -54.4583 14.0075
      vertex 68.905 -54.4838 14.0075
    endloop
  endfacet
  facet normal 0 0 -1
    outer loop
      vertex 68.9344 -48.2 14.0075
      vertex 68.8 -48.0656 14.0075
      vertex 68.931 -48.1701 14.0075
    endloop
  endfacet
  facet normal 0 0 -1
    outer loop
      vertex 68.8 -54.5344 14.0075
      vertex 68.905 -54.4838 14.0075
      vertex 68.8838 -54.505 14.0075
    endloop
  endfacet
  facet normal 0 0 -1
    outer loop
      vertex 68.931 -48.1701 14.0075
      vertex 68.8 -48.0656 14.0075
      vertex 68.9211 -48.1417 14.0075
    endloop
  endfacet
  facet normal 0 0 -1
    outer loop
      vertex 68.8 -54.5344 14.0075
      vertex 68.8838 -54.505 14.0075
      vertex 68.8583 -54.521 14.0075
    endloop
  endfacet
  facet normal 0 0 -1
    outer loop
      vertex 68.9211 -48.1417 14.0075
      vertex 68.8 -48.0656 14.0075
      vertex 68.905 -48.1162 14.0075
    endloop
  endfacet
  facet normal 0 0 -1
    outer loop
      vertex 68.8 -54.5344 14.0075
      vertex 68.8583 -54.521 14.0075
      vertex 68.8299 -54.531 14.0075
    endloop
  endfacet
  facet normal 0 0 -1
    outer loop
      vertex 68.905 -48.1162 14.0075
      vertex 68.8 -48.0656 14.0075
      vertex 68.8838 -48.095 14.0075
    endloop
  endfacet
  facet normal 0 0 -1
    outer loop
      vertex 68.8838 -48.095 14.0075
      vertex 68.8 -48.0656 14.0075
      vertex 68.8583 -48.0789 14.0075
    endloop
  endfacet
  facet normal 0 0 -1
    outer loop
      vertex 68.8583 -48.0789 14.0075
      vertex 68.8 -48.0656 14.0075
      vertex 68.8299 -48.069 14.0075
    endloop
  endfacet
  facet normal 0 0 -1
    outer loop
      vertex 9.7 -54.5344 14.0075
      vertex 68.8 -48.0656 14.0075
      vertex 68.8 -54.5344 14.0075
    endloop
  endfacet
  facet normal 0 0 -1
    outer loop
      vertex 9.7 -54.5344 14.0075
      vertex 9.7 -48.0656 14.0075
      vertex 68.8 -48.0656 14.0075
    endloop
  endfacet
  facet normal 0 0 -1
    outer loop
      vertex 9.56564 -54.4 14.0075
      vertex 9.7 -54.5344 14.0075
      vertex 9.6701 -54.531 14.0075
    endloop
  endfacet
  facet normal 0 0 -1
    outer loop
      vertex 9.7 -54.5344 14.0075
      vertex 9.56564 -54.4 14.0075
      vertex 9.7 -48.0656 14.0075
    endloop
  endfacet
  facet normal 0 0 -1
    outer loop
      vertex 9.56564 -54.4 14.0075
      vertex 9.6701 -54.531 14.0075
      vertex 9.6417 -54.521 14.0075
    endloop
  endfacet
  facet normal 0 0 -1
    outer loop
      vertex 9.56564 -48.2 14.0075
      vertex 9.7 -48.0656 14.0075
      vertex 9.56564 -54.4 14.0075
    endloop
  endfacet
  facet normal 0 0 -1
    outer loop
      vertex 9.56564 -54.4 14.0075
      vertex 9.6417 -54.521 14.0075
      vertex 9.61623 -54.505 14.0075
    endloop
  endfacet
  facet normal 0 0 -1
    outer loop
      vertex 9.7 -48.0656 14.0075
      vertex 9.56564 -48.2 14.0075
      vertex 9.6701 -48.069 14.0075
    endloop
  endfacet
  facet normal 0 0 -1
    outer loop
      vertex 9.56564 -54.4 14.0075
      vertex 9.61623 -54.505 14.0075
      vertex 9.59495 -54.4838 14.0075
    endloop
  endfacet
  facet normal 0 0 -1
    outer loop
      vertex 9.6701 -48.069 14.0075
      vertex 9.56564 -48.2 14.0075
      vertex 9.6417 -48.0789 14.0075
    endloop
  endfacet
  facet normal 0 0 -1
    outer loop
      vertex 9.56564 -54.4 14.0075
      vertex 9.59495 -54.4838 14.0075
      vertex 9.57895 -54.4583 14.0075
    endloop
  endfacet
  facet normal 0 0 -1
    outer loop
      vertex 9.6417 -48.0789 14.0075
      vertex 9.56564 -48.2 14.0075
      vertex 9.61623 -48.095 14.0075
    endloop
  endfacet
  facet normal 0 0 -1
    outer loop
      vertex 9.56564 -54.4 14.0075
      vertex 9.57895 -54.4583 14.0075
      vertex 9.56901 -54.4299 14.0075
    endloop
  endfacet
  facet normal 0 0 -1
    outer loop
      vertex 9.61623 -48.095 14.0075
      vertex 9.56564 -48.2 14.0075
      vertex 9.59495 -48.1162 14.0075
    endloop
  endfacet
  facet normal 0 0 -1
    outer loop
      vertex 9.59495 -48.1162 14.0075
      vertex 9.56564 -48.2 14.0075
      vertex 9.57895 -48.1417 14.0075
    endloop
  endfacet
  facet normal 0 0 -1
    outer loop
      vertex 9.57895 -48.1417 14.0075
      vertex 9.56564 -48.2 14.0075
      vertex 9.56901 -48.1701 14.0075
    endloop
  endfacet
  facet normal 0.109214 0.969078 -0.221271
    outer loop
      vertex 69.052 -47.0957 14.8037
      vertex 68.8 -47.0673 14.8037
      vertex 68.8 -47.0075 15.0656
    endloop
  endfacet
  facet normal 0.479825 0.763754 -0.431795
    outer loop
      vertex 69.4335 -47.4056 14.5616
      vertex 69.2409 -47.2846 14.5616
      vertex 69.5062 -47.3144 14.8037
    endloop
  endfacet
  facet normal 0.0249742 -0.222498 -0.974613
    outer loop
      vertex 68.8882 -54.7864 14.0673
      vertex 68.8 -54.7963 14.0673
      vertex 68.8299 -54.531 14.0075
    endloop
  endfacet
  facet normal 0.0738907 -0.211332 -0.974617
    outer loop
      vertex 68.8882 -54.7864 14.0673
      vertex 68.8299 -54.531 14.0075
      vertex 68.972 -54.7571 14.0673
    endloop
  endfacet
  facet normal 0.739816 0.258977 -0.62097
    outer loop
      vertex 69.6273 -48.0112 14.3515
      vertex 69.5645 -47.8318 14.3515
      vertex 69.7154 -47.7591 14.5616
    endloop
  endfacet
  facet normal 0.663455 0.417135 -0.621148
    outer loop
      vertex 69.5645 -47.8318 14.3515
      vertex 69.4634 -47.671 14.3515
      vertex 69.5944 -47.5665 14.5616
    endloop
  endfacet
  facet normal 0.896353 0.100925 0.431701
    outer loop
      vertex 69.9327 -48.2 29.1963
      vertex 69.8861 -48 29.2463
      vertex 69.8161 -48.2 29.4384
    endloop
  endfacet
  facet normal 0.896881 0.101348 0.430503
    outer loop
      vertex 69.8861 -48 29.2463
      vertex 69.9327 -48.2 29.1963
      vertex 69.9101 -48 29.1963
    endloop
  endfacet
  facet normal 0.0738774 0.211981 0.974477
    outer loop
      vertex 68.8456 -48 29.9763
      vertex 68.8299 -48.069 29.9925
      vertex 68.8733 -48 29.9742
    endloop
  endfacet
  facet normal -0.0743237 -0.211079 0.974639
    outer loop
      vertex 9.6417 -54.521 29.9925
      vertex 9.52804 -54.7571 29.9327
      vertex 9.6701 -54.531 29.9925
    endloop
  endfacet
  facet normal 0.0743201 -0.211069 0.974642
    outer loop
      vertex 68.8583 -54.521 29.9925
      vertex 68.8299 -54.531 29.9925
      vertex 68.972 -54.7571 29.9327
    endloop
  endfacet
  facet normal 0.189018 0.118811 0.97476
    outer loop
      vertex 69.0508 -48 29.9499
      vertex 69.1571 -48.028 29.9327
      vertex 69.1395 -48 29.9327
    endloop
  endfacet
  facet normal 0.189257 0.119826 0.974589
    outer loop
      vertex 69.1571 -48.028 29.9327
      vertex 69.0508 -48 29.9499
      vertex 68.905 -48.1162 29.9925
    endloop
  endfacet
  facet normal 0.189356 0.119554 0.974603
    outer loop
      vertex 69.1571 -48.028 29.9327
      vertex 68.905 -48.1162 29.9925
      vertex 68.9211 -48.1417 29.9925
    endloop
  endfacet
  facet normal 0.37018 0.232684 0.899347
    outer loop
      vertex 69.2153 -48 29.9015
      vertex 69.1395 -48 29.9327
      vertex 69.1571 -48.028 29.9327
    endloop
  endfacet
  facet normal 0.189517 -0.11911 0.974626
    outer loop
      vertex 69.1571 -54.572 29.9327
      vertex 68.905 -54.4838 29.9925
      vertex 69.1099 -54.6471 29.9327
    endloop
  endfacet
  facet normal 0.211445 -0.0737078 0.974607
    outer loop
      vertex 68.931 -54.4299 29.9925
      vertex 68.9211 -54.4583 29.9925
      vertex 69.1571 -54.572 29.9327
    endloop
  endfacet
  facet normal 0.211332 0.0738907 0.974617
    outer loop
      vertex 69.1571 -48.028 29.9327
      vertex 68.931 -48.1701 29.9925
      vertex 69.1864 -48.1118 29.9327
    endloop
  endfacet
  facet normal 0.735386 0.262638 0.624683
    outer loop
      vertex 69.6312 -48 29.6392
      vertex 69.6233 -48 29.6485
      vertex 69.6273 -48.0112 29.6485
    endloop
  endfacet
  facet normal -0.144005 -0.411716 0.899862
    outer loop
      vertex 9.61181 -54.7864 29.9327
      vertex 9.52804 -54.7571 29.9327
      vertex 9.55793 -55.0224 29.8161
    endloop
  endfacet
  facet normal -0.0486611 -0.433477 0.89985
    outer loop
      vertex 9.61181 -54.7864 29.9327
      vertex 9.55793 -55.0224 29.8161
      vertex 9.7 -54.7963 29.9327
    endloop
  endfacet
  facet normal -0.322196 -0.92045 0.22127
    outer loop
      vertex 9.44796 -55.5043 29.1963
      vertex 9.20856 -55.4205 29.1963
      vertex 9.43465 -55.5626 28.9344
    endloop
  endfacet
  facet normal -0.554242 -0.554077 0.621139
    outer loop
      vertex 9.03659 -54.929 29.6485
      vertex 8.9056 -55.0335 29.4384
      vertex 9.17095 -55.0634 29.6485
    endloop
  endfacet
  facet normal -0.739787 -0.258788 0.621083
    outer loop
      vertex 8.87275 -54.5888 29.6485
      vertex 8.70941 -54.6261 29.4384
      vertex 8.78455 -54.8409 29.4384
    endloop
  endfacet
  facet normal -0.663529 -0.41714 0.621066
    outer loop
      vertex 8.9355 -54.7682 29.6485
      vertex 8.78455 -54.8409 29.4384
      vertex 9.03659 -54.929 29.6485
    endloop
  endfacet
  facet normal 0.689554 -0.689554 -0.221426
    outer loop
      vertex 69.7323 -55.1435 15.0656
      vertex 69.5062 -55.2855 14.8037
      vertex 69.6855 -55.1062 14.8037
    endloop
  endfacet
  facet normal 0.637867 -0.637867 -0.431568
    outer loop
      vertex 69.6855 -55.1062 14.8037
      vertex 69.5062 -55.2855 14.8037
      vertex 69.5944 -55.0335 14.5616
    endloop
  endfacet
  facet normal 0.825652 -0.518908 -0.221437
    outer loop
      vertex 69.8744 -54.9174 15.0656
      vertex 69.7323 -55.1435 15.0656
      vertex 69.8205 -54.8914 14.8037
    endloop
  endfacet
  facet normal 0.590814 -0.206818 -0.77985
    outer loop
      vertex 69.5645 -54.7682 14.3515
      vertex 69.3752 -54.677 14.1839
      vertex 69.6273 -54.5888 14.3515
    endloop
  endfacet
  facet normal 0.969094 0.109508 0.221054
    outer loop
      vertex 69.9699 -48 28.9344
      vertex 69.9225 -48 29.1422
      vertex 69.9925 -48.2 28.9344
    endloop
  endfacet
  facet normal 0.739795 -0.258997 0.620986
    outer loop
      vertex 69.7906 -54.6261 29.4384
      vertex 69.6273 -54.5888 29.6485
      vertex 69.7154 -54.8409 29.4384
    endloop
  endfacet
  facet normal 0.851346 -0.29805 0.431712
    outer loop
      vertex 69.7906 -54.6261 29.4384
      vertex 69.7154 -54.8409 29.4384
      vertex 69.9043 -54.652 29.1963
    endloop
  endfacet
  facet normal 0.554154 -0.554154 0.621149
    outer loop
      vertex 69.4634 -54.929 29.6485
      vertex 69.329 -55.0634 29.6485
      vertex 69.5944 -55.0335 29.4384
    endloop
  endfacet
  facet normal 0.554154 -0.554154 0.621149
    outer loop
      vertex 69.5944 -55.0335 29.4384
      vertex 69.329 -55.0634 29.6485
      vertex 69.4335 -55.1944 29.4384
    endloop
  endfacet
  facet normal -0.623624 0 -0.781725
    outer loop
      vertex 8.85147 -54.4 14.3515
      vertex 9.06156 -48.2 14.1839
      vertex 9.06156 -54.4 14.1839
    endloop
  endfacet
  facet normal -0.623624 0 -0.781725
    outer loop
      vertex 9.06156 -48.2 14.1839
      vertex 8.85147 -54.4 14.3515
      vertex 8.85147 -48.2 14.3515
    endloop
  endfacet
  facet normal -0.778825 -0.0877685 -0.621071
    outer loop
      vertex 8.70941 -54.6261 14.5616
      vertex 8.68393 -54.4 14.5616
      vertex 8.87275 -54.5888 14.3515
    endloop
  endfacet
  facet normal -0.554209 -0.554174 -0.621083
    outer loop
      vertex 9.06649 -55.1944 14.5616
      vertex 8.9056 -55.0335 14.5616
      vertex 9.17095 -55.0634 14.3515
    endloop
  endfacet
  facet normal -0.920478 -0.322091 -0.221308
    outer loop
      vertex 8.62564 -54.9174 15.0656
      vertex 8.59574 -54.652 14.8037
      vertex 8.67951 -54.8914 14.8037
    endloop
  endfacet
  facet normal -0.896343 0.101018 -0.4317
    outer loop
      vertex 8.68393 -48.2 14.5616
      vertex 8.61395 -48 14.7537
      vertex 8.70647 -48 14.5616
    endloop
  endfacet
  facet normal -0.974909 0 0.222602
    outer loop
      vertex 8.50754 -54.4 28.9344
      vertex 8.56734 -48.2 29.1963
      vertex 8.50754 -48.2 28.9344
    endloop
  endfacet
  facet normal -0.974909 0 0.222602
    outer loop
      vertex 8.56734 -48.2 29.1963
      vertex 8.50754 -54.4 28.9344
      vertex 8.56734 -54.4 29.1963
    endloop
  endfacet
  facet normal -0.663541 -0.417038 0.621122
    outer loop
      vertex 9.03659 -54.929 29.6485
      vertex 8.78455 -54.8409 29.4384
      vertex 8.9056 -55.0335 29.4384
    endloop
  endfacet
  facet normal -0.969078 -0.109218 0.221267
    outer loop
      vertex 8.59574 -54.652 29.1963
      vertex 8.50754 -54.4 28.9344
      vertex 8.53744 -54.6653 28.9344
    endloop
  endfacet
  facet normal -0.851458 -0.297939 -0.43157
    outer loop
      vertex 8.67951 -54.8914 14.8037
      vertex 8.59574 -54.652 14.8037
      vertex 8.78455 -54.8409 14.5616
    endloop
  endfacet
  facet normal -0.920504 -0.322049 -0.221262
    outer loop
      vertex 8.62564 -54.9174 15.0656
      vertex 8.53744 -54.6653 15.0656
      vertex 8.59574 -54.652 14.8037
    endloop
  endfacet
  facet normal -0.119062 -0.189532 -0.974629
    outer loop
      vertex 9.6417 -54.521 14.0075
      vertex 9.45289 -54.7099 14.0673
      vertex 9.61623 -54.505 14.0075
    endloop
  endfacet
  facet normal 0.433475 0.0486554 -0.899851
    outer loop
      vertex 69.1963 -48.2 14.0673
      vertex 69.1864 -48.1118 14.0673
      vertex 69.4224 -48.0579 14.1839
    endloop
  endfacet
  facet normal 0.590777 0.206805 -0.779881
    outer loop
      vertex 69.6273 -48.0112 14.3515
      vertex 69.4224 -48.0579 14.1839
      vertex 69.5645 -47.8318 14.3515
    endloop
  endfacet
  facet normal 0.222531 0.0253045 -0.974597
    outer loop
      vertex 68.9344 -48.2 14.0075
      vertex 68.931 -48.1701 14.0075
      vertex 69.1963 -48.2 14.0673
    endloop
  endfacet
  facet normal 0.0738907 0.211332 -0.974617
    outer loop
      vertex 68.972 -47.8429 14.0673
      vertex 68.8299 -48.069 14.0075
      vertex 68.8882 -47.8136 14.0673
    endloop
  endfacet
  facet normal -0.969078 -0.109218 -0.221267
    outer loop
      vertex 8.53744 -54.6653 15.0656
      vertex 8.50754 -54.4 15.0656
      vertex 8.59574 -54.652 14.8037
    endloop
  endfacet
  facet normal -0.851455 -0.297851 -0.431636
    outer loop
      vertex 8.78455 -54.8409 14.5616
      vertex 8.59574 -54.652 14.8037
      vertex 8.70941 -54.6261 14.5616
    endloop
  endfacet
  facet normal -0.298005 -0.851341 -0.431754
    outer loop
      vertex 9.44796 -55.5043 14.8037
      vertex 9.20856 -55.4205 14.8037
      vertex 9.4739 -55.3906 14.5616
    endloop
  endfacet
  facet normal -0.322196 -0.92045 -0.22127
    outer loop
      vertex 9.43465 -55.5626 15.0656
      vertex 9.20856 -55.4205 14.8037
      vertex 9.44796 -55.5043 14.8037
    endloop
  endfacet
  facet normal -0.707069 -0.707144 0
    outer loop
      vertex 8.95652 -55.3323 15.0656
      vertex 8.7677 -55.1435 28.9344
      vertex 8.7677 -55.1435 15.0656
    endloop
  endfacet
  facet normal -0.707069 -0.707144 0
    outer loop
      vertex 8.7677 -55.1435 28.9344
      vertex 8.95652 -55.3323 15.0656
      vertex 8.95652 -55.3323 28.9344
    endloop
  endfacet
  facet normal 0.232118 -0.369324 0.899845
    outer loop
      vertex 69.0471 -54.7099 29.9327
      vertex 68.972 -54.7571 29.9327
      vertex 69.077 -54.9752 29.8161
    endloop
  endfacet
  facet normal 0.206805 -0.590777 0.779881
    outer loop
      vertex 69.1682 -55.1645 29.6485
      vertex 68.9421 -55.0224 29.8161
      vertex 68.9888 -55.2273 29.6485
    endloop
  endfacet
  facet normal 0.308512 -0.308207 0.899905
    outer loop
      vertex 69.2991 -54.7981 29.8161
      vertex 69.0471 -54.7099 29.9327
      vertex 69.1981 -54.8992 29.8161
    endloop
  endfacet
  facet normal 0.411695 -0.144048 0.899865
    outer loop
      vertex 69.4224 -54.5421 29.8161
      vertex 69.1864 -54.4882 29.9327
      vertex 69.3752 -54.677 29.8161
    endloop
  endfacet
  facet normal 0.369329 -0.232089 0.89985
    outer loop
      vertex 69.3752 -54.677 29.8161
      vertex 69.1099 -54.6471 29.9327
      vertex 69.2991 -54.7981 29.8161
    endloop
  endfacet
  facet normal 0.15829 -0.15829 0.974622
    outer loop
      vertex 68.905 -54.4838 29.9925
      vertex 68.8838 -54.505 29.9925
      vertex 69.0471 -54.7099 29.9327
    endloop
  endfacet
  facet normal -0.211294 0.073953 -0.974621
    outer loop
      vertex 9.56901 -48.1701 14.0075
      vertex 9.34291 -48.028 14.0673
      vertex 9.57895 -48.1417 14.0075
    endloop
  endfacet
  facet normal -0.18961 0.118971 -0.974625
    outer loop
      vertex 9.57895 -48.1417 14.0075
      vertex 9.34291 -48.028 14.0673
      vertex 9.59495 -48.1162 14.0075
    endloop
  endfacet
  facet normal 0.621969 -0.0700317 -0.779904
    outer loop
      vertex 69.6273 -54.5888 14.3515
      vertex 69.4224 -54.5421 14.1839
      vertex 69.4384 -54.4 14.1839
    endloop
  endfacet
  facet normal 0.622082 -0.0698524 -0.77983
    outer loop
      vertex 69.6273 -54.5888 14.3515
      vertex 69.4384 -54.4 14.1839
      vertex 69.6485 -54.4 14.3515
    endloop
  endfacet
  facet normal 0.308419 -0.308419 -0.899864
    outer loop
      vertex 69.2991 -54.7981 14.1839
      vertex 69.0471 -54.7099 14.0673
      vertex 69.1099 -54.6471 14.0673
    endloop
  endfacet
  facet normal 0.33288 -0.530418 -0.779646
    outer loop
      vertex 69.329 -55.0634 14.3515
      vertex 69.077 -54.9752 14.1839
      vertex 69.1981 -54.8992 14.1839
    endloop
  endfacet
  facet normal 0.369324 -0.232118 -0.899845
    outer loop
      vertex 69.3752 -54.677 14.1839
      vertex 69.1099 -54.6471 14.0673
      vertex 69.1571 -54.572 14.0673
    endloop
  endfacet
  facet normal 0.189517 -0.11911 -0.974626
    outer loop
      vertex 69.1099 -54.6471 14.0673
      vertex 68.905 -54.4838 14.0075
      vertex 69.1571 -54.572 14.0673
    endloop
  endfacet
  facet normal 0.781739 0 -0.623605
    outer loop
      vertex 69.8161 -54.4 14.5616
      vertex 69.6485 -48.2 14.3515
      vertex 69.8161 -48.2 14.5616
    endloop
  endfacet
  facet normal 0.781739 0 -0.623605
    outer loop
      vertex 69.6485 -48.2 14.3515
      vertex 69.8161 -54.4 14.5616
      vertex 69.6485 -54.4 14.3515
    endloop
  endfacet
  facet normal 0.969078 0.109214 -0.221271
    outer loop
      vertex 69.9327 -48.2 14.8037
      vertex 69.9043 -47.948 14.8037
      vertex 69.9925 -48.2 15.0656
    endloop
  endfacet
  facet normal 0.974909 0 -0.222602
    outer loop
      vertex 69.9925 -54.4 15.0656
      vertex 69.9327 -48.2 14.8037
      vertex 69.9925 -48.2 15.0656
    endloop
  endfacet
  facet normal 0.974909 0 -0.222602
    outer loop
      vertex 69.9327 -48.2 14.8037
      vertex 69.9925 -54.4 15.0656
      vertex 69.9327 -54.4 14.8037
    endloop
  endfacet
  facet normal 0 0.623605 -0.781739
    outer loop
      vertex 68.8 -47.5616 14.1839
      vertex 65.3204 -47.3515 14.3515
      vertex 68.8 -47.3515 14.3515
    endloop
  endfacet
  facet normal 0 0.623605 -0.781739
    outer loop
      vertex 65.3204 -47.3515 14.3515
      vertex 68.8 -47.5616 14.1839
      vertex 65.2595 -47.5616 14.1839
    endloop
  endfacet
  facet normal 0.231817 0.369382 -0.899899
    outer loop
      vertex 69.1981 -47.7008 14.1839
      vertex 69.0471 -47.8901 14.0673
      vertex 69.077 -47.6248 14.1839
    endloop
  endfacet
  facet normal 0.433399 0.0487994 -0.89988
    outer loop
      vertex 69.4384 -48.2 14.1839
      vertex 69.1963 -48.2 14.0673
      vertex 69.4224 -48.0579 14.1839
    endloop
  endfacet
  facet normal 0.330234 0.943899 -0
    outer loop
      vertex 69.3174 -47.1256 15.0656
      vertex 69.0653 -47.0374 24.6405
      vertex 69.3174 -47.1256 25.333
    endloop
  endfacet
  facet normal 0.330234 0.943899 0
    outer loop
      vertex 69.0653 -47.0374 24.6405
      vertex 69.3174 -47.1256 15.0656
      vertex 69.0653 -47.0374 15.0656
    endloop
  endfacet
  facet normal 0.707107 0.707107 -0
    outer loop
      vertex 69.7323 -47.4565 15.0656
      vertex 69.5435 -47.2677 25.9542
      vertex 69.7323 -47.4565 26.4729
    endloop
  endfacet
  facet normal 0.707107 0.707107 0
    outer loop
      vertex 69.5435 -47.2677 25.9542
      vertex 69.7323 -47.4565 15.0656
      vertex 69.5435 -47.2677 15.0656
    endloop
  endfacet
  facet normal 0.532118 0.84667 -0
    outer loop
      vertex 69.5435 -47.2677 15.0656
      vertex 69.3174 -47.1256 25.333
      vertex 69.5435 -47.2677 25.9542
    endloop
  endfacet
  facet normal 0.532118 0.84667 0
    outer loop
      vertex 69.3174 -47.1256 25.333
      vertex 69.5435 -47.2677 15.0656
      vertex 69.3174 -47.1256 15.0656
    endloop
  endfacet
  facet normal 0.689554 0.689554 -0.221426
    outer loop
      vertex 69.6855 -47.4938 14.8037
      vertex 69.5435 -47.2677 15.0656
      vertex 69.7323 -47.4565 15.0656
    endloop
  endfacet
  facet normal 0.689788 0.689403 -0.221169
    outer loop
      vertex 69.5435 -47.2677 15.0656
      vertex 69.6855 -47.4938 14.8037
      vertex 69.5062 -47.3144 14.8037
    endloop
  endfacet
  facet normal -0.222468 0.0250741 0.974618
    outer loop
      vertex 9.56901 -48.1701 29.9925
      vertex 9.30366 -48.2 29.9327
      vertex 9.56564 -48.2 29.9925
    endloop
  endfacet
  facet normal -0.0264331 0.222828 0.974499
    outer loop
      vertex 9.67788 -48 29.9769
      vertex 9.7 -48.0656 29.9925
      vertex 9.7 -48 29.9775
    endloop
  endfacet
  facet normal -0.0253774 0.223172 0.974449
    outer loop
      vertex 9.7 -48.0656 29.9925
      vertex 9.67788 -48 29.9769
      vertex 9.6701 -48.069 29.9925
    endloop
  endfacet
  facet normal 0.189356 -0.119554 0.974603
    outer loop
      vertex 68.9211 -54.4583 29.9925
      vertex 68.905 -54.4838 29.9925
      vertex 69.1571 -54.572 29.9327
    endloop
  endfacet
  facet normal -0.211294 0.073953 0.974621
    outer loop
      vertex 9.57895 -48.1417 29.9925
      vertex 9.34291 -48.028 29.9327
      vertex 9.56901 -48.1701 29.9925
    endloop
  endfacet
  facet normal 0.590225 0.210795 0.77923
    outer loop
      vertex 69.4588 -48 29.7731
      vertex 69.6273 -48.0112 29.6485
      vertex 69.6233 -48 29.6485
    endloop
  endfacet
  facet normal 0.590468 0.207928 0.779816
    outer loop
      vertex 69.6273 -48.0112 29.6485
      vertex 69.4588 -48 29.7731
      vertex 69.4224 -48.0579 29.8161
    endloop
  endfacet
  facet normal 0.591902 0.206501 0.779108
    outer loop
      vertex 69.4588 -48 29.7731
      vertex 69.4022 -48 29.8161
      vertex 69.4224 -48.0579 29.8161
    endloop
  endfacet
  facet normal -0.158355 0.158953 0.974504
    outer loop
      vertex 9.54051 -48 29.9647
      vertex 9.59495 -48.1162 29.9925
      vertex 9.61623 -48.095 29.9925
    endloop
  endfacet
  facet normal -0.157975 0.159139 0.974535
    outer loop
      vertex 9.59495 -48.1162 29.9925
      vertex 9.54051 -48 29.9647
      vertex 9.44921 -48 29.9499
    endloop
  endfacet
  facet normal -0.59137 0.207031 -0.779371
    outer loop
      vertex 9.07757 -48.0579 14.1839
      vertex 9.04117 -48 14.2269
      vertex 9.09784 -48 14.1839
    endloop
  endfacet
  facet normal -0.157944 -0.15854 0.974638
    outer loop
      vertex 9.59495 -54.4838 29.9925
      vertex 9.45289 -54.7099 29.9327
      vertex 9.61623 -54.505 29.9925
    endloop
  endfacet
  facet normal -0.073916 -0.211329 0.974616
    outer loop
      vertex 9.6701 -54.531 29.9925
      vertex 9.52804 -54.7571 29.9327
      vertex 9.61181 -54.7864 29.9327
    endloop
  endfacet
  facet normal -0.0249771 -0.222498 0.974613
    outer loop
      vertex 9.6701 -54.531 29.9925
      vertex 9.61181 -54.7864 29.9327
      vertex 9.7 -54.7963 29.9327
    endloop
  endfacet
  facet normal -0.480025 -0.76363 0.431793
    outer loop
      vertex 9.25914 -55.3154 29.4384
      vertex 8.9938 -55.2855 29.1963
      vertex 9.20856 -55.4205 29.1963
    endloop
  endfacet
  facet normal -0.206689 -0.590902 0.779817
    outer loop
      vertex 9.42299 -54.9752 29.8161
      vertex 9.33184 -55.1645 29.6485
      vertex 9.55793 -55.0224 29.8161
    endloop
  endfacet
  facet normal -0.518928 -0.825647 0.221405
    outer loop
      vertex 8.9938 -55.2855 29.1963
      vertex 8.95652 -55.3323 28.9344
      vertex 9.18261 -55.4744 28.9344
    endloop
  endfacet
  facet normal -0.530208 -0.333011 0.779733
    outer loop
      vertex 9.12479 -54.677 29.8161
      vertex 9.03659 -54.929 29.6485
      vertex 9.20085 -54.7981 29.8161
    endloop
  endfacet
  facet normal -0.622089 0.0701168 0.779801
    outer loop
      vertex 8.87275 -48.0112 29.6485
      vertex 8.85147 -48.2 29.6485
      vertex 9.06156 -48.2 29.8161
    endloop
  endfacet
  facet normal -0.77883 -0.0877834 0.621062
    outer loop
      vertex 8.85147 -54.4 29.6485
      vertex 8.68393 -54.4 29.4384
      vertex 8.87275 -54.5888 29.6485
    endloop
  endfacet
  facet normal -0.222468 -0.0250717 0.974618
    outer loop
      vertex 9.56901 -54.4299 29.9925
      vertex 9.30366 -54.4 29.9327
      vertex 9.3136 -54.4882 29.9327
    endloop
  endfacet
  facet normal -0.433392 -0.0488426 0.899881
    outer loop
      vertex 9.30366 -54.4 29.9327
      vertex 9.07757 -54.5421 29.8161
      vertex 9.3136 -54.4882 29.9327
    endloop
  endfacet
  facet normal -0.433399 -0.0488298 0.899878
    outer loop
      vertex 9.30366 -54.4 29.9327
      vertex 9.06156 -54.4 29.8161
      vertex 9.07757 -54.5421 29.8161
    endloop
  endfacet
  facet normal 0.825647 -0.518912 -0.221442
    outer loop
      vertex 69.7323 -55.1435 15.0656
      vertex 69.6855 -55.1062 14.8037
      vertex 69.8205 -54.8914 14.8037
    endloop
  endfacet
  facet normal 0.763771 -0.480024 -0.431546
    outer loop
      vertex 69.6855 -55.1062 14.8037
      vertex 69.5944 -55.0335 14.5616
      vertex 69.8205 -54.8914 14.8037
    endloop
  endfacet
  facet normal 0.896174 0.101268 0.431992
    outer loop
      vertex 69.8861 -48 29.2463
      vertex 69.7935 -48 29.4384
      vertex 69.8161 -48.2 29.4384
    endloop
  endfacet
  facet normal 0.825647 -0.518912 0.221442
    outer loop
      vertex 69.8205 -54.8914 29.1963
      vertex 69.6855 -55.1062 29.1963
      vertex 69.7323 -55.1435 28.9344
    endloop
  endfacet
  facet normal 0.763771 -0.480024 0.431546
    outer loop
      vertex 69.8205 -54.8914 29.1963
      vertex 69.5944 -55.0335 29.4384
      vertex 69.6855 -55.1062 29.1963
    endloop
  endfacet
  facet normal -0.622089 -0.0701168 -0.779801
    outer loop
      vertex 8.87275 -54.5888 14.3515
      vertex 8.85147 -54.4 14.3515
      vertex 9.06156 -54.4 14.1839
    endloop
  endfacet
  facet normal -0.433399 -0.0488298 -0.899878
    outer loop
      vertex 9.07757 -54.5421 14.1839
      vertex 9.06156 -54.4 14.1839
      vertex 9.30366 -54.4 14.0673
    endloop
  endfacet
  facet normal -0.222538 0 -0.974924
    outer loop
      vertex 9.30366 -54.4 14.0673
      vertex 9.56564 -48.2 14.0075
      vertex 9.56564 -54.4 14.0075
    endloop
  endfacet
  facet normal -0.222538 0 -0.974924
    outer loop
      vertex 9.56564 -48.2 14.0075
      vertex 9.30366 -54.4 14.0673
      vertex 9.30366 -48.2 14.0673
    endloop
  endfacet
  facet normal -0.622089 0.0701168 -0.779801
    outer loop
      vertex 9.06156 -48.2 14.1839
      vertex 8.85147 -48.2 14.3515
      vertex 8.87275 -48.0112 14.3515
    endloop
  endfacet
  facet normal -0.77883 0.0877834 -0.621062
    outer loop
      vertex 8.85147 -48.2 14.3515
      vertex 8.68393 -48.2 14.5616
      vertex 8.87275 -48.0112 14.3515
    endloop
  endfacet
  facet normal 0.0737078 0.211445 -0.974607
    outer loop
      vertex 68.8583 -48.0789 14.0075
      vertex 68.8299 -48.069 14.0075
      vertex 68.972 -47.8429 14.0673
    endloop
  endfacet
  facet normal -0.530208 -0.333011 -0.779733
    outer loop
      vertex 9.20085 -54.7981 14.1839
      vertex 9.03659 -54.929 14.3515
      vertex 9.12479 -54.677 14.1839
    endloop
  endfacet
  facet normal -0.554242 -0.554077 -0.621139
    outer loop
      vertex 9.17095 -55.0634 14.3515
      vertex 8.9056 -55.0335 14.5616
      vertex 9.03659 -54.929 14.3515
    endloop
  endfacet
  facet normal -0.739807 -0.258768 -0.621067
    outer loop
      vertex 8.9355 -54.7682 14.3515
      vertex 8.78455 -54.8409 14.5616
      vertex 8.87275 -54.5888 14.3515
    endloop
  endfacet
  facet normal -0.411642 -0.14409 -0.899883
    outer loop
      vertex 9.12479 -54.677 14.1839
      vertex 9.07757 -54.5421 14.1839
      vertex 9.3136 -54.4882 14.0673
    endloop
  endfacet
  facet normal -0.206689 -0.590902 -0.779817
    outer loop
      vertex 9.55793 -55.0224 14.1839
      vertex 9.33184 -55.1645 14.3515
      vertex 9.42299 -54.9752 14.1839
    endloop
  endfacet
  facet normal -0.308399 -0.308368 -0.899888
    outer loop
      vertex 9.30194 -54.8992 14.1839
      vertex 9.20085 -54.7981 14.1839
      vertex 9.45289 -54.7099 14.0673
    endloop
  endfacet
  facet normal -0.969078 -0.109214 -0.221271
    outer loop
      vertex 8.59574 -54.652 14.8037
      vertex 8.50754 -54.4 15.0656
      vertex 8.56734 -54.4 14.8037
    endloop
  endfacet
  facet normal -0.896359 -0.101018 -0.431667
    outer loop
      vertex 8.59574 -54.652 14.8037
      vertex 8.56734 -54.4 14.8037
      vertex 8.68393 -54.4 14.5616
    endloop
  endfacet
  facet normal -0.663529 -0.41714 -0.621066
    outer loop
      vertex 9.03659 -54.929 14.3515
      vertex 8.78455 -54.8409 14.5616
      vertex 8.9355 -54.7682 14.3515
    endloop
  endfacet
  facet normal -0.663541 -0.417038 -0.621122
    outer loop
      vertex 8.9056 -55.0335 14.5616
      vertex 8.78455 -54.8409 14.5616
      vertex 9.03659 -54.929 14.3515
    endloop
  endfacet
  facet normal -0.32211 -0.920461 -0.22135
    outer loop
      vertex 9.43465 -55.5626 15.0656
      vertex 9.18261 -55.4744 15.0656
      vertex 9.20856 -55.4205 14.8037
    endloop
  endfacet
  facet normal -0.330304 -0.943875 0
    outer loop
      vertex 9.18261 -55.4744 15.0656
      vertex 9.43465 -55.5626 28.9344
      vertex 9.18261 -55.4744 28.9344
    endloop
  endfacet
  facet normal -0.330304 -0.943875 -0
    outer loop
      vertex 9.43465 -55.5626 28.9344
      vertex 9.18261 -55.4744 15.0656
      vertex 9.43465 -55.5626 15.0656
    endloop
  endfacet
  facet normal 0.0487994 -0.433399 0.89988
    outer loop
      vertex 68.8 -54.7963 29.9327
      vertex 68.8 -55.0384 29.8161
      vertex 68.9421 -55.0224 29.8161
    endloop
  endfacet
  facet normal 0.0698436 -0.622003 0.779894
    outer loop
      vertex 68.9421 -55.0224 29.8161
      vertex 68.8 -55.2485 29.6485
      vertex 68.9888 -55.2273 29.6485
    endloop
  endfacet
  facet normal 0.206732 -0.59085 0.779845
    outer loop
      vertex 69.077 -54.9752 29.8161
      vertex 68.9421 -55.0224 29.8161
      vertex 69.1682 -55.1645 29.6485
    endloop
  endfacet
  facet normal 0.144057 -0.411722 0.899851
    outer loop
      vertex 68.972 -54.7571 29.9327
      vertex 68.9421 -55.0224 29.8161
      vertex 69.077 -54.9752 29.8161
    endloop
  endfacet
  facet normal 0.15829 -0.15829 0.974622
    outer loop
      vertex 69.1099 -54.6471 29.9327
      vertex 68.905 -54.4838 29.9925
      vertex 69.0471 -54.7099 29.9327
    endloop
  endfacet
  facet normal -0.119062 -0.189532 0.974629
    outer loop
      vertex 9.61623 -54.505 29.9925
      vertex 9.45289 -54.7099 29.9327
      vertex 9.6417 -54.521 29.9925
    endloop
  endfacet
  facet normal 0.1191 -0.189501 0.97463
    outer loop
      vertex 69.0471 -54.7099 29.9327
      vertex 68.8583 -54.521 29.9925
      vertex 68.972 -54.7571 29.9327
    endloop
  endfacet
  facet normal 0.206732 0.59085 -0.779845
    outer loop
      vertex 69.077 -47.6248 14.1839
      vertex 68.9421 -47.5776 14.1839
      vertex 69.1682 -47.4355 14.3515
    endloop
  endfacet
  facet normal 0.739816 -0.258977 -0.62097
    outer loop
      vertex 69.7154 -54.8409 14.5616
      vertex 69.5645 -54.7682 14.3515
      vertex 69.6273 -54.5888 14.3515
    endloop
  endfacet
  facet normal 0.663577 -0.417212 -0.620967
    outer loop
      vertex 69.7154 -54.8409 14.5616
      vertex 69.4634 -54.929 14.3515
      vertex 69.5645 -54.7682 14.3515
    endloop
  endfacet
  facet normal 0.369329 -0.232089 -0.89985
    outer loop
      vertex 69.2991 -54.7981 14.1839
      vertex 69.1099 -54.6471 14.0673
      vertex 69.3752 -54.677 14.1839
    endloop
  endfacet
  facet normal 0.530069 -0.333098 -0.77979
    outer loop
      vertex 69.4634 -54.929 14.3515
      vertex 69.2991 -54.7981 14.1839
      vertex 69.3752 -54.677 14.1839
    endloop
  endfacet
  facet normal 0.851346 0.29805 -0.431712
    outer loop
      vertex 69.7906 -47.9739 14.5616
      vertex 69.7154 -47.7591 14.5616
      vertex 69.9043 -47.948 14.8037
    endloop
  endfacet
  facet normal 0.622082 0.0698524 -0.77983
    outer loop
      vertex 69.6485 -48.2 14.3515
      vertex 69.4384 -48.2 14.1839
      vertex 69.6273 -48.0112 14.3515
    endloop
  endfacet
  facet normal 0 0.781739 -0.623605
    outer loop
      vertex 68.8 -47.3515 14.3515
      vertex 65.3969 -47.1839 14.5616
      vertex 68.8 -47.1839 14.5616
    endloop
  endfacet
  facet normal 0 0.781739 -0.623605
    outer loop
      vertex 65.3969 -47.1839 14.5616
      vertex 68.8 -47.3515 14.3515
      vertex 65.3204 -47.3515 14.3515
    endloop
  endfacet
  facet normal 0 0.900953 -0.433916
    outer loop
      vertex 68.8 -47.1839 14.5616
      vertex 65.485 -47.0673 14.8037
      vertex 68.8 -47.0673 14.8037
    endloop
  endfacet
  facet normal 0 0.900953 -0.433916
    outer loop
      vertex 65.485 -47.0673 14.8037
      vertex 68.8 -47.1839 14.5616
      vertex 65.3969 -47.1839 14.5616
    endloop
  endfacet
  facet normal 0.33288 0.530418 -0.779646
    outer loop
      vertex 69.1981 -47.7008 14.1839
      vertex 69.077 -47.6248 14.1839
      vertex 69.329 -47.5366 14.3515
    endloop
  endfacet
  facet normal 0.663713 0.416974 -0.620982
    outer loop
      vertex 69.7154 -47.7591 14.5616
      vertex 69.5645 -47.8318 14.3515
      vertex 69.5944 -47.5665 14.5616
    endloop
  endfacet
  facet normal 0.211445 0.0737078 -0.974607
    outer loop
      vertex 68.931 -48.1701 14.0075
      vertex 68.9211 -48.1417 14.0075
      vertex 69.1571 -48.028 14.0673
    endloop
  endfacet
  facet normal 0.763858 0.47989 -0.431539
    outer loop
      vertex 69.7154 -47.7591 14.5616
      vertex 69.5944 -47.5665 14.5616
      vertex 69.6855 -47.4938 14.8037
    endloop
  endfacet
  facet normal 0.82565 0.518907 -0.221442
    outer loop
      vertex 69.8744 -47.6826 15.0656
      vertex 69.6855 -47.4938 14.8037
      vertex 69.7323 -47.4565 15.0656
    endloop
  endfacet
  facet normal 0.072031 0.212339 0.974538
    outer loop
      vertex 68.8733 -48 29.9742
      vertex 68.8583 -48.0789 29.9925
      vertex 68.8963 -48 29.9725
    endloop
  endfacet
  facet normal 0.0738916 0.211972 0.974478
    outer loop
      vertex 68.8583 -48.0789 29.9925
      vertex 68.8733 -48 29.9742
      vertex 68.8299 -48.069 29.9925
    endloop
  endfacet
  facet normal 0.122378 0.189017 0.974318
    outer loop
      vertex 68.8963 -48 29.9725
      vertex 68.8838 -48.095 29.9925
      vertex 68.917 -48 29.9699
    endloop
  endfacet
  facet normal 0.119606 0.189437 0.974581
    outer loop
      vertex 68.8838 -48.095 29.9925
      vertex 68.8963 -48 29.9725
      vertex 68.8583 -48.0789 29.9925
    endloop
  endfacet
  facet normal -0.21132 0.0739114 0.974618
    outer loop
      vertex 9.34291 -48.028 29.9327
      vertex 9.3136 -48.1118 29.9327
      vertex 9.56901 -48.1701 29.9925
    endloop
  endfacet
  facet normal -0.222468 0.0250717 0.974618
    outer loop
      vertex 9.3136 -48.1118 29.9327
      vertex 9.30366 -48.2 29.9327
      vertex 9.56901 -48.1701 29.9925
    endloop
  endfacet
  facet normal 0.433475 0.0486554 0.899851
    outer loop
      vertex 69.4224 -48.0579 29.8161
      vertex 69.1864 -48.1118 29.9327
      vertex 69.1963 -48.2 29.9327
    endloop
  endfacet
  facet normal 0.411153 0.143442 0.90021
    outer loop
      vertex 69.2982 -48 29.8636
      vertex 69.4224 -48.0579 29.8161
      vertex 69.4022 -48 29.8161
    endloop
  endfacet
  facet normal 0.411555 0.144607 0.89984
    outer loop
      vertex 69.4224 -48.0579 29.8161
      vertex 69.2982 -48 29.8636
      vertex 69.1864 -48.1118 29.9327
    endloop
  endfacet
  facet normal -0.0248485 0.223118 -0.974475
    outer loop
      vertex 9.6701 -48.069 14.0075
      vertex 9.65435 -48 14.0237
      vertex 9.67788 -48 14.0231
    endloop
  endfacet
  facet normal -0.18961 -0.118971 0.974625
    outer loop
      vertex 9.57895 -54.4583 29.9925
      vertex 9.34291 -54.572 29.9327
      vertex 9.59495 -54.4838 29.9925
    endloop
  endfacet
  facet normal -0.189537 -0.119173 0.974615
    outer loop
      vertex 9.59495 -54.4838 29.9925
      vertex 9.34291 -54.572 29.9327
      vertex 9.39013 -54.6471 29.9327
    endloop
  endfacet
  facet normal 0.0249742 -0.222498 0.974613
    outer loop
      vertex 68.8299 -54.531 29.9925
      vertex 68.8 -54.7963 29.9327
      vertex 68.8882 -54.7864 29.9327
    endloop
  endfacet
  facet normal 0.0253045 -0.222531 0.974597
    outer loop
      vertex 68.8 -54.5344 29.9925
      vertex 68.8 -54.7963 29.9327
      vertex 68.8299 -54.531 29.9925
    endloop
  endfacet
  facet normal -0.298005 -0.851341 0.431754
    outer loop
      vertex 9.4739 -55.3906 29.4384
      vertex 9.20856 -55.4205 29.1963
      vertex 9.44796 -55.5043 29.1963
    endloop
  endfacet
  facet normal -0.259055 -0.73979 0.620968
    outer loop
      vertex 9.51118 -55.2273 29.6485
      vertex 9.33184 -55.1645 29.6485
      vertex 9.4739 -55.3906 29.4384
    endloop
  endfacet
  facet normal -0.231902 -0.369365 0.899884
    outer loop
      vertex 9.45289 -54.7099 29.9327
      vertex 9.30194 -54.8992 29.8161
      vertex 9.42299 -54.9752 29.8161
    endloop
  endfacet
  facet normal -0.44274 -0.442696 0.779745
    outer loop
      vertex 9.20085 -54.7981 29.8161
      vertex 9.17095 -55.0634 29.6485
      vertex 9.30194 -54.8992 29.8161
    endloop
  endfacet
  facet normal -0.442805 -0.442673 0.77972
    outer loop
      vertex 9.17095 -55.0634 29.6485
      vertex 9.20085 -54.7981 29.8161
      vertex 9.03659 -54.929 29.6485
    endloop
  endfacet
  facet normal -0.529957 -0.333168 0.779836
    outer loop
      vertex 9.12479 -54.677 29.8161
      vertex 8.9355 -54.7682 29.6485
      vertex 9.03659 -54.929 29.6485
    endloop
  endfacet
  facet normal -0.59091 -0.20684 0.779771
    outer loop
      vertex 9.07757 -54.5421 29.8161
      vertex 8.87275 -54.5888 29.6485
      vertex 9.12479 -54.677 29.8161
    endloop
  endfacet
  facet normal -0.943899 -0.330234 0
    outer loop
      vertex 8.62564 -54.9174 15.0656
      vertex 8.53744 -54.6653 28.9344
      vertex 8.53744 -54.6653 15.0656
    endloop
  endfacet
  facet normal -0.943899 -0.330234 0
    outer loop
      vertex 8.53744 -54.6653 28.9344
      vertex 8.62564 -54.9174 15.0656
      vertex 8.62564 -54.9174 28.9344
    endloop
  endfacet
  facet normal -0.846738 -0.53201 0
    outer loop
      vertex 8.7677 -55.1435 15.0656
      vertex 8.62564 -54.9174 28.9344
      vertex 8.62564 -54.9174 15.0656
    endloop
  endfacet
  facet normal -0.846738 -0.53201 0
    outer loop
      vertex 8.62564 -54.9174 28.9344
      vertex 8.7677 -55.1435 15.0656
      vertex 8.7677 -55.1435 28.9344
    endloop
  endfacet
  facet normal -0.298081 -0.851276 0.43183
    outer loop
      vertex 9.25914 -55.3154 29.4384
      vertex 9.20856 -55.4205 29.1963
      vertex 9.4739 -55.3906 29.4384
    endloop
  endfacet
  facet normal -0.259043 -0.739789 0.620974
    outer loop
      vertex 9.33184 -55.1645 29.6485
      vertex 9.25914 -55.3154 29.4384
      vertex 9.4739 -55.3906 29.4384
    endloop
  endfacet
  facet normal -0.825734 -0.518814 0.22135
    outer loop
      vertex 8.67951 -54.8914 29.1963
      vertex 8.62564 -54.9174 28.9344
      vertex 8.7677 -55.1435 28.9344
    endloop
  endfacet
  facet normal -0.77883 0.0877834 0.621062
    outer loop
      vertex 8.87275 -48.0112 29.6485
      vertex 8.68393 -48.2 29.4384
      vertex 8.85147 -48.2 29.6485
    endloop
  endfacet
  facet normal -0.622089 -0.0701168 0.779801
    outer loop
      vertex 9.06156 -54.4 29.8161
      vertex 8.85147 -54.4 29.6485
      vertex 8.87275 -54.5888 29.6485
    endloop
  endfacet
  facet normal 0.739775 0.258301 0.6213
    outer loop
      vertex 69.6312 -48 29.6392
      vertex 69.6273 -48.0112 29.6485
      vertex 69.6763 -48 29.5855
    endloop
  endfacet
  facet normal 0.778738 0.0874252 0.621228
    outer loop
      vertex 69.8161 -48.2 29.4384
      vertex 69.6763 -48 29.5855
      vertex 69.6273 -48.0112 29.6485
    endloop
  endfacet
  facet normal 0.779076 0.0880355 0.620718
    outer loop
      vertex 69.6763 -48 29.5855
      vertex 69.8161 -48.2 29.4384
      vertex 69.7935 -48 29.4384
    endloop
  endfacet
  facet normal 0.825652 -0.518908 0.221437
    outer loop
      vertex 69.8205 -54.8914 29.1963
      vertex 69.7323 -55.1435 28.9344
      vertex 69.8744 -54.9174 28.9344
    endloop
  endfacet
  facet normal 0.92042 -0.322186 0.221411
    outer loop
      vertex 69.9043 -54.652 29.1963
      vertex 69.8205 -54.8914 29.1963
      vertex 69.8744 -54.9174 28.9344
    endloop
  endfacet
  facet normal -0.781848 0 -0.623469
    outer loop
      vertex 8.85147 -54.4 14.3515
      vertex 8.68393 -48.2 14.5616
      vertex 8.85147 -48.2 14.3515
    endloop
  endfacet
  facet normal -0.781848 -0 -0.623469
    outer loop
      vertex 8.68393 -48.2 14.5616
      vertex 8.85147 -54.4 14.3515
      vertex 8.68393 -54.4 14.5616
    endloop
  endfacet
  facet normal -0.622105 -0.0700908 -0.77979
    outer loop
      vertex 9.07757 -54.5421 14.1839
      vertex 8.87275 -54.5888 14.3515
      vertex 9.06156 -54.4 14.1839
    endloop
  endfacet
  facet normal -0.433916 0 -0.900953
    outer loop
      vertex 9.06156 -54.4 14.1839
      vertex 9.30366 -48.2 14.0673
      vertex 9.30366 -54.4 14.0673
    endloop
  endfacet
  facet normal -0.433916 0 -0.900953
    outer loop
      vertex 9.30366 -48.2 14.0673
      vertex 9.06156 -54.4 14.1839
      vertex 9.06156 -48.2 14.1839
    endloop
  endfacet
  facet normal -0.189274 0.119898 -0.974577
    outer loop
      vertex 9.34291 -48.028 14.0673
      vertex 9.44921 -48 14.0501
      vertex 9.59495 -48.1162 14.0075
    endloop
  endfacet
  facet normal -0.189055 0.11897 -0.974733
    outer loop
      vertex 9.44921 -48 14.0501
      vertex 9.34291 -48.028 14.0673
      vertex 9.36053 -48 14.0673
    endloop
  endfacet
  facet normal -0.433399 0.0488298 -0.899878
    outer loop
      vertex 9.30366 -48.2 14.0673
      vertex 9.06156 -48.2 14.1839
      vertex 9.07757 -48.0579 14.1839
    endloop
  endfacet
  facet normal -0.332928 -0.530275 -0.779722
    outer loop
      vertex 9.42299 -54.9752 14.1839
      vertex 9.17095 -55.0634 14.3515
      vertex 9.30194 -54.8992 14.1839
    endloop
  endfacet
  facet normal -0.157944 -0.15854 -0.974638
    outer loop
      vertex 9.61623 -54.505 14.0075
      vertex 9.45289 -54.7099 14.0673
      vertex 9.59495 -54.4838 14.0075
    endloop
  endfacet
  facet normal -0.0486611 -0.433477 -0.89985
    outer loop
      vertex 9.7 -54.7963 14.0673
      vertex 9.55793 -55.0224 14.1839
      vertex 9.61181 -54.7864 14.0673
    endloop
  endfacet
  facet normal -0.23198 -0.36935 -0.89987
    outer loop
      vertex 9.52804 -54.7571 14.0673
      vertex 9.42299 -54.9752 14.1839
      vertex 9.45289 -54.7099 14.0673
    endloop
  endfacet
  facet normal -0.231902 -0.369365 -0.899884
    outer loop
      vertex 9.42299 -54.9752 14.1839
      vertex 9.30194 -54.8992 14.1839
      vertex 9.45289 -54.7099 14.0673
    endloop
  endfacet
  facet normal -0.0700582 -0.622073 -0.779818
    outer loop
      vertex 9.7 -55.2485 14.3515
      vertex 9.55793 -55.0224 14.1839
      vertex 9.7 -55.0384 14.1839
    endloop
  endfacet
  facet normal -0.974909 0 -0.222602
    outer loop
      vertex 8.56734 -54.4 14.8037
      vertex 8.50754 -48.2 15.0656
      vertex 8.56734 -48.2 14.8037
    endloop
  endfacet
  facet normal -0.974909 -0 -0.222602
    outer loop
      vertex 8.50754 -48.2 15.0656
      vertex 8.56734 -54.4 14.8037
      vertex 8.50754 -54.4 15.0656
    endloop
  endfacet
  facet normal -0.763818 -0.47984 -0.431666
    outer loop
      vertex 8.81445 -55.1062 14.8037
      vertex 8.67951 -54.8914 14.8037
      vertex 8.9056 -55.0335 14.5616
    endloop
  endfacet
  facet normal -0.825781 -0.518766 -0.221288
    outer loop
      vertex 8.7677 -55.1435 15.0656
      vertex 8.67951 -54.8914 14.8037
      vertex 8.81445 -55.1062 14.8037
    endloop
  endfacet
  facet normal 0.369324 -0.232118 0.899845
    outer loop
      vertex 69.1571 -54.572 29.9327
      vertex 69.1099 -54.6471 29.9327
      vertex 69.3752 -54.677 29.8161
    endloop
  endfacet
  facet normal 0.411762 -0.143969 0.899847
    outer loop
      vertex 69.1864 -54.4882 29.9327
      vertex 69.1571 -54.572 29.9327
      vertex 69.3752 -54.677 29.8161
    endloop
  endfacet
  facet normal 0.118978 -0.189621 0.974622
    outer loop
      vertex 68.8838 -54.505 29.9925
      vertex 68.8583 -54.521 29.9925
      vertex 69.0471 -54.7099 29.9327
    endloop
  endfacet
  facet normal 0.189517 0.11911 -0.974626
    outer loop
      vertex 69.1571 -48.028 14.0673
      vertex 68.905 -48.1162 14.0075
      vertex 69.1099 -47.9529 14.0673
    endloop
  endfacet
  facet normal 0.411762 0.143969 -0.899847
    outer loop
      vertex 69.1864 -48.1118 14.0673
      vertex 69.1571 -48.028 14.0673
      vertex 69.3752 -47.923 14.1839
    endloop
  endfacet
  facet normal 0.739795 0.258997 -0.620986
    outer loop
      vertex 69.7906 -47.9739 14.5616
      vertex 69.6273 -48.0112 14.3515
      vertex 69.7154 -47.7591 14.5616
    endloop
  endfacet
  facet normal 0.896308 0.101087 -0.431757
    outer loop
      vertex 69.8161 -48.2 14.5616
      vertex 69.7906 -47.9739 14.5616
      vertex 69.9043 -47.948 14.8037
    endloop
  endfacet
  facet normal 0.411695 0.144048 -0.899865
    outer loop
      vertex 69.4224 -48.0579 14.1839
      vertex 69.1864 -48.1118 14.0673
      vertex 69.3752 -47.923 14.1839
    endloop
  endfacet
  facet normal 0.529931 0.333184 -0.779847
    outer loop
      vertex 69.5645 -47.8318 14.3515
      vertex 69.3752 -47.923 14.1839
      vertex 69.4634 -47.671 14.3515
    endloop
  endfacet
  facet normal 0.896345 -0.101017 -0.431697
    outer loop
      vertex 69.9043 -54.652 14.8037
      vertex 69.8161 -54.4 14.5616
      vertex 69.9327 -54.4 14.8037
    endloop
  endfacet
  facet normal 0.900953 0 -0.433916
    outer loop
      vertex 69.9327 -54.4 14.8037
      vertex 69.8161 -48.2 14.5616
      vertex 69.9327 -48.2 14.8037
    endloop
  endfacet
  facet normal 0.900953 0 -0.433916
    outer loop
      vertex 69.8161 -48.2 14.5616
      vertex 69.9327 -54.4 14.8037
      vertex 69.8161 -54.4 14.5616
    endloop
  endfacet
  facet normal 0.109218 0.969078 -0.221267
    outer loop
      vertex 69.052 -47.0957 14.8037
      vertex 68.8 -47.0075 15.0656
      vertex 69.0653 -47.0374 15.0656
    endloop
  endfacet
  facet normal 0.322049 0.920504 -0.221262
    outer loop
      vertex 69.3174 -47.1256 15.0656
      vertex 69.052 -47.0957 14.8037
      vertex 69.0653 -47.0374 15.0656
    endloop
  endfacet
  facet normal 0.59085 0.206732 -0.779845
    outer loop
      vertex 69.4224 -48.0579 14.1839
      vertex 69.3752 -47.923 14.1839
      vertex 69.5645 -47.8318 14.3515
    endloop
  endfacet
  facet normal 0.29805 0.851346 -0.431712
    outer loop
      vertex 69.2409 -47.2846 14.5616
      vertex 69.0261 -47.2094 14.5616
      vertex 69.052 -47.0957 14.8037
    endloop
  endfacet
  facet normal 0.518636 0.82582 -0.221444
    outer loop
      vertex 69.5062 -47.3144 14.8037
      vertex 69.2914 -47.1795 14.8037
      vertex 69.3174 -47.1256 15.0656
    endloop
  endfacet
  facet normal 0.825648 0.518913 -0.221436
    outer loop
      vertex 69.8205 -47.7086 14.8037
      vertex 69.6855 -47.4938 14.8037
      vertex 69.8744 -47.6826 15.0656
    endloop
  endfacet
  facet normal 0.92042 0.322186 -0.221411
    outer loop
      vertex 69.9043 -47.948 14.8037
      vertex 69.8205 -47.7086 14.8037
      vertex 69.8744 -47.6826 15.0656
    endloop
  endfacet
  facet normal -0.0739032 0.212005 -0.97447
    outer loop
      vertex 9.6417 -48.0789 14.0075
      vertex 9.62674 -48 14.0258
      vertex 9.6701 -48.069 14.0075
    endloop
  endfacet
  facet normal -0.0718435 0.212411 -0.974536
    outer loop
      vertex 9.62674 -48 14.0258
      vertex 9.6417 -48.0789 14.0075
      vertex 9.60368 -48 14.0275
    endloop
  endfacet
  facet normal -0.308399 -0.308368 0.899888
    outer loop
      vertex 9.45289 -54.7099 29.9327
      vertex 9.20085 -54.7981 29.8161
      vertex 9.30194 -54.8992 29.8161
    endloop
  endfacet
  facet normal -0.30845 -0.308253 0.89991
    outer loop
      vertex 9.39013 -54.6471 29.9327
      vertex 9.20085 -54.7981 29.8161
      vertex 9.45289 -54.7099 29.9327
    endloop
  endfacet
  facet normal -0.623624 0 0.781725
    outer loop
      vertex 8.85147 -48.2 29.6485
      vertex 9.06156 -54.4 29.8161
      vertex 9.06156 -48.2 29.8161
    endloop
  endfacet
  facet normal -0.623624 0 0.781725
    outer loop
      vertex 9.06156 -54.4 29.8161
      vertex 8.85147 -48.2 29.6485
      vertex 8.85147 -54.4 29.6485
    endloop
  endfacet
  facet normal -0.590891 -0.20668 0.779827
    outer loop
      vertex 9.12479 -54.677 29.8161
      vertex 8.87275 -54.5888 29.6485
      vertex 8.9355 -54.7682 29.6485
    endloop
  endfacet
  facet normal -0.518994 -0.825623 0.22134
    outer loop
      vertex 9.20856 -55.4205 29.1963
      vertex 8.9938 -55.2855 29.1963
      vertex 9.18261 -55.4744 28.9344
    endloop
  endfacet
  facet normal -0.32211 -0.920461 0.22135
    outer loop
      vertex 9.20856 -55.4205 29.1963
      vertex 9.18261 -55.4744 28.9344
      vertex 9.43465 -55.5626 28.9344
    endloop
  endfacet
  facet normal -0.825781 -0.518766 0.221288
    outer loop
      vertex 8.81445 -55.1062 29.1963
      vertex 8.67951 -54.8914 29.1963
      vertex 8.7677 -55.1435 28.9344
    endloop
  endfacet
  facet normal -0.763818 -0.47984 0.431666
    outer loop
      vertex 8.9056 -55.0335 29.4384
      vertex 8.67951 -54.8914 29.1963
      vertex 8.81445 -55.1062 29.1963
    endloop
  endfacet
  facet normal -0.896361 -0.101014 -0.431663
    outer loop
      vertex 8.70941 -54.6261 14.5616
      vertex 8.59574 -54.652 14.8037
      vertex 8.68393 -54.4 14.5616
    endloop
  endfacet
  facet normal -0.77883 -0.0877834 -0.621062
    outer loop
      vertex 8.87275 -54.5888 14.3515
      vertex 8.68393 -54.4 14.5616
      vertex 8.85147 -54.4 14.3515
    endloop
  endfacet
  facet normal -0.622105 0.0700908 -0.77979
    outer loop
      vertex 9.06156 -48.2 14.1839
      vertex 8.87275 -48.0112 14.3515
      vertex 9.07757 -48.0579 14.1839
    endloop
  endfacet
  facet normal -0.590664 0.207733 -0.77972
    outer loop
      vertex 8.87275 -48.0112 14.3515
      vertex 9.04117 -48 14.2269
      vertex 9.07757 -48.0579 14.1839
    endloop
  endfacet
  facet normal -0.590788 0.206248 -0.78002
    outer loop
      vertex 9.04117 -48 14.2269
      vertex 8.87275 -48.0112 14.3515
      vertex 8.87666 -48 14.3515
    endloop
  endfacet
  facet normal -0.44274 -0.442696 -0.779745
    outer loop
      vertex 9.17095 -55.0634 14.3515
      vertex 9.20085 -54.7981 14.1839
      vertex 9.30194 -54.8992 14.1839
    endloop
  endfacet
  facet normal -0.442805 -0.442673 -0.77972
    outer loop
      vertex 9.20085 -54.7981 14.1839
      vertex 9.17095 -55.0634 14.3515
      vertex 9.03659 -54.929 14.3515
    endloop
  endfacet
  facet normal -0.158368 -0.158267 -0.974613
    outer loop
      vertex 9.45289 -54.7099 14.0673
      vertex 9.39013 -54.6471 14.0673
      vertex 9.59495 -54.4838 14.0075
    endloop
  endfacet
  facet normal -0.30845 -0.308253 -0.89991
    outer loop
      vertex 9.45289 -54.7099 14.0673
      vertex 9.20085 -54.7981 14.1839
      vertex 9.39013 -54.6471 14.0673
    endloop
  endfacet
  facet normal 0.15829 0.15829 -0.974622
    outer loop
      vertex 68.905 -48.1162 14.0075
      vertex 69.0471 -47.8901 14.0673
      vertex 69.1099 -47.9529 14.0673
    endloop
  endfacet
  facet normal 0.15829 0.15829 -0.974622
    outer loop
      vertex 69.0471 -47.8901 14.0673
      vertex 68.905 -48.1162 14.0075
      vertex 68.8838 -48.095 14.0075
    endloop
  endfacet
  facet normal 0.11911 0.189517 -0.974626
    outer loop
      vertex 69.0471 -47.8901 14.0673
      vertex 68.8838 -48.095 14.0075
      vertex 68.972 -47.8429 14.0673
    endloop
  endfacet
  facet normal -0.0249771 -0.222498 -0.974613
    outer loop
      vertex 9.7 -54.7963 14.0673
      vertex 9.61181 -54.7864 14.0673
      vertex 9.6701 -54.531 14.0075
    endloop
  endfacet
  facet normal -0.0253045 -0.222531 -0.974597
    outer loop
      vertex 9.7 -54.7963 14.0673
      vertex 9.6701 -54.531 14.0075
      vertex 9.7 -54.5344 14.0075
    endloop
  endfacet
  facet normal 0 0 1
    outer loop
      vertex 68.8 -48.0656 29.9925
      vertex 68.9344 -48.2 29.9925
      vertex 68.931 -48.1701 29.9925
    endloop
  endfacet
  facet normal 0 0 1
    outer loop
      vertex 68.9344 -48.2 29.9925
      vertex 68.8 -48.0656 29.9925
      vertex 68.9344 -54.4 29.9925
    endloop
  endfacet
  facet normal 0 0 1
    outer loop
      vertex 68.8 -48.0656 29.9925
      vertex 68.931 -48.1701 29.9925
      vertex 68.9211 -48.1417 29.9925
    endloop
  endfacet
  facet normal 0 0 1
    outer loop
      vertex 68.8 -54.5344 29.9925
      vertex 68.9344 -54.4 29.9925
      vertex 68.8 -48.0656 29.9925
    endloop
  endfacet
  facet normal 0 0 1
    outer loop
      vertex 68.8 -48.0656 29.9925
      vertex 68.9211 -48.1417 29.9925
      vertex 68.905 -48.1162 29.9925
    endloop
  endfacet
  facet normal 0 0 1
    outer loop
      vertex 68.9344 -54.4 29.9925
      vertex 68.8 -54.5344 29.9925
      vertex 68.931 -54.4299 29.9925
    endloop
  endfacet
  facet normal 0 0 1
    outer loop
      vertex 68.8 -48.0656 29.9925
      vertex 68.905 -48.1162 29.9925
      vertex 68.8838 -48.095 29.9925
    endloop
  endfacet
  facet normal 0 0 1
    outer loop
      vertex 68.931 -54.4299 29.9925
      vertex 68.8 -54.5344 29.9925
      vertex 68.9211 -54.4583 29.9925
    endloop
  endfacet
  facet normal 0 0 1
    outer loop
      vertex 68.8 -48.0656 29.9925
      vertex 68.8838 -48.095 29.9925
      vertex 68.8583 -48.0789 29.9925
    endloop
  endfacet
  facet normal 0 0 1
    outer loop
      vertex 68.9211 -54.4583 29.9925
      vertex 68.8 -54.5344 29.9925
      vertex 68.905 -54.4838 29.9925
    endloop
  endfacet
  facet normal 0 0 1
    outer loop
      vertex 68.8 -48.0656 29.9925
      vertex 68.8583 -48.0789 29.9925
      vertex 68.8299 -48.069 29.9925
    endloop
  endfacet
  facet normal 0 0 1
    outer loop
      vertex 68.905 -54.4838 29.9925
      vertex 68.8 -54.5344 29.9925
      vertex 68.8838 -54.505 29.9925
    endloop
  endfacet
  facet normal 0 0 1
    outer loop
      vertex 68.8838 -54.505 29.9925
      vertex 68.8 -54.5344 29.9925
      vertex 68.8583 -54.521 29.9925
    endloop
  endfacet
  facet normal 0 0 1
    outer loop
      vertex 68.8583 -54.521 29.9925
      vertex 68.8 -54.5344 29.9925
      vertex 68.8299 -54.531 29.9925
    endloop
  endfacet
  facet normal -0 0 1
    outer loop
      vertex 9.7 -48.0656 29.9925
      vertex 68.8 -54.5344 29.9925
      vertex 68.8 -48.0656 29.9925
    endloop
  endfacet
  facet normal 0 0 1
    outer loop
      vertex 9.7 -48.0656 29.9925
      vertex 9.7 -54.5344 29.9925
      vertex 68.8 -54.5344 29.9925
    endloop
  endfacet
  facet normal 0 0 1
    outer loop
      vertex 9.56564 -48.2 29.9925
      vertex 9.7 -48.0656 29.9925
      vertex 9.6701 -48.069 29.9925
    endloop
  endfacet
  facet normal 0 0 1
    outer loop
      vertex 9.7 -48.0656 29.9925
      vertex 9.56564 -48.2 29.9925
      vertex 9.7 -54.5344 29.9925
    endloop
  endfacet
  facet normal 0 0 1
    outer loop
      vertex 9.56564 -48.2 29.9925
      vertex 9.6701 -48.069 29.9925
      vertex 9.6417 -48.0789 29.9925
    endloop
  endfacet
  facet normal -0 0 1
    outer loop
      vertex 9.56564 -54.4 29.9925
      vertex 9.7 -54.5344 29.9925
      vertex 9.56564 -48.2 29.9925
    endloop
  endfacet
  facet normal 0 0 1
    outer loop
      vertex 9.56564 -48.2 29.9925
      vertex 9.6417 -48.0789 29.9925
      vertex 9.61623 -48.095 29.9925
    endloop
  endfacet
  facet normal 0 0 1
    outer loop
      vertex 9.7 -54.5344 29.9925
      vertex 9.56564 -54.4 29.9925
      vertex 9.6701 -54.531 29.9925
    endloop
  endfacet
  facet normal 0 0 1
    outer loop
      vertex 9.56564 -48.2 29.9925
      vertex 9.61623 -48.095 29.9925
      vertex 9.59495 -48.1162 29.9925
    endloop
  endfacet
  facet normal 0 0 1
    outer loop
      vertex 9.6701 -54.531 29.9925
      vertex 9.56564 -54.4 29.9925
      vertex 9.6417 -54.521 29.9925
    endloop
  endfacet
  facet normal 0 0 1
    outer loop
      vertex 9.56564 -48.2 29.9925
      vertex 9.59495 -48.1162 29.9925
      vertex 9.57895 -48.1417 29.9925
    endloop
  endfacet
  facet normal 0 0 1
    outer loop
      vertex 9.6417 -54.521 29.9925
      vertex 9.56564 -54.4 29.9925
      vertex 9.61623 -54.505 29.9925
    endloop
  endfacet
  facet normal 0 0 1
    outer loop
      vertex 9.56564 -48.2 29.9925
      vertex 9.57895 -48.1417 29.9925
      vertex 9.56901 -48.1701 29.9925
    endloop
  endfacet
  facet normal 0 0 1
    outer loop
      vertex 9.61623 -54.505 29.9925
      vertex 9.56564 -54.4 29.9925
      vertex 9.59495 -54.4838 29.9925
    endloop
  endfacet
  facet normal 0 0 1
    outer loop
      vertex 9.59495 -54.4838 29.9925
      vertex 9.56564 -54.4 29.9925
      vertex 9.57895 -54.4583 29.9925
    endloop
  endfacet
  facet normal 0 0 1
    outer loop
      vertex 9.57895 -54.4583 29.9925
      vertex 9.56564 -54.4 29.9925
      vertex 9.56901 -54.4299 29.9925
    endloop
  endfacet
  facet normal 0.0253045 0.222531 -0.974597
    outer loop
      vertex 68.8299 -48.069 14.0075
      vertex 68.8 -48.0656 14.0075
      vertex 68.8 -47.8037 14.0673
    endloop
  endfacet
  facet normal 0.258977 0.739816 -0.62097
    outer loop
      vertex 69.1682 -47.4355 14.3515
      vertex 68.9888 -47.3727 14.3515
      vertex 69.2409 -47.2846 14.5616
    endloop
  endfacet
  facet normal 0.333184 0.529931 -0.779847
    outer loop
      vertex 69.329 -47.5366 14.3515
      vertex 69.077 -47.6248 14.1839
      vertex 69.1682 -47.4355 14.3515
    endloop
  endfacet
  facet normal 0.637976 0.637621 -0.431771
    outer loop
      vertex 69.6855 -47.4938 14.8037
      vertex 69.4335 -47.4056 14.5616
      vertex 69.5062 -47.3144 14.8037
    endloop
  endfacet
  facet normal 0.637867 0.637867 -0.431568
    outer loop
      vertex 69.4335 -47.4056 14.5616
      vertex 69.6855 -47.4938 14.8037
      vertex 69.5944 -47.5665 14.5616
    endloop
  endfacet
  facet normal 0.778886 0.0878443 -0.620983
    outer loop
      vertex 69.8161 -48.2 14.5616
      vertex 69.6273 -48.0112 14.3515
      vertex 69.7906 -47.9739 14.5616
    endloop
  endfacet
  facet normal 0.369324 0.232118 -0.899845
    outer loop
      vertex 69.1571 -48.028 14.0673
      vertex 69.1099 -47.9529 14.0673
      vertex 69.3752 -47.923 14.1839
    endloop
  endfacet
  facet normal 0.369329 0.232089 -0.89985
    outer loop
      vertex 69.3752 -47.923 14.1839
      vertex 69.1099 -47.9529 14.0673
      vertex 69.2991 -47.8019 14.1839
    endloop
  endfacet
  facet normal 0.969078 -0.109218 -0.221267
    outer loop
      vertex 69.9626 -54.6653 15.0656
      vertex 69.9043 -54.652 14.8037
      vertex 69.9925 -54.4 15.0656
    endloop
  endfacet
  facet normal 0.920504 -0.322049 -0.221262
    outer loop
      vertex 69.9626 -54.6653 15.0656
      vertex 69.8744 -54.9174 15.0656
      vertex 69.9043 -54.652 14.8037
    endloop
  endfacet
  facet normal 0.101087 0.896308 -0.431757
    outer loop
      vertex 69.0261 -47.2094 14.5616
      vertex 68.8 -47.1839 14.5616
      vertex 69.052 -47.0957 14.8037
    endloop
  endfacet
  facet normal 0.298006 0.851345 -0.431746
    outer loop
      vertex 69.2409 -47.2846 14.5616
      vertex 69.052 -47.0957 14.8037
      vertex 69.2914 -47.1795 14.8037
    endloop
  endfacet
  facet normal 0.763721 0.479992 -0.431668
    outer loop
      vertex 69.7154 -47.7591 14.5616
      vertex 69.6855 -47.4938 14.8037
      vertex 69.8205 -47.7086 14.8037
    endloop
  endfacet
  facet normal 0.851345 0.298006 -0.431746
    outer loop
      vertex 69.9043 -47.948 14.8037
      vertex 69.7154 -47.7591 14.5616
      vertex 69.8205 -47.7086 14.8037
    endloop
  endfacet
  facet normal -0.851455 -0.297851 0.431636
    outer loop
      vertex 8.70941 -54.6261 29.4384
      vertex 8.59574 -54.652 29.1963
      vertex 8.78455 -54.8409 29.4384
    endloop
  endfacet
  facet normal -0.739807 -0.258768 0.621067
    outer loop
      vertex 8.87275 -54.5888 29.6485
      vertex 8.78455 -54.8409 29.4384
      vertex 8.9355 -54.7682 29.6485
    endloop
  endfacet
  facet normal -0.778825 -0.0877685 0.621071
    outer loop
      vertex 8.87275 -54.5888 29.6485
      vertex 8.68393 -54.4 29.4384
      vertex 8.70941 -54.6261 29.4384
    endloop
  endfacet
  facet normal -0.896361 -0.101014 0.431663
    outer loop
      vertex 8.68393 -54.4 29.4384
      vertex 8.59574 -54.652 29.1963
      vertex 8.70941 -54.6261 29.4384
    endloop
  endfacet
  facet normal -0.416894 -0.663758 0.620987
    outer loop
      vertex 9.33184 -55.1645 29.6485
      vertex 9.06649 -55.1944 29.4384
      vertex 9.25914 -55.3154 29.4384
    endloop
  endfacet
  facet normal -0.479806 -0.763923 0.431518
    outer loop
      vertex 9.06649 -55.1944 29.4384
      vertex 8.9938 -55.2855 29.1963
      vertex 9.25914 -55.3154 29.4384
    endloop
  endfacet
  facet normal -0.851458 -0.297939 0.43157
    outer loop
      vertex 8.78455 -54.8409 29.4384
      vertex 8.59574 -54.652 29.1963
      vertex 8.67951 -54.8914 29.1963
    endloop
  endfacet
  facet normal -0.763779 -0.480039 0.431513
    outer loop
      vertex 8.78455 -54.8409 29.4384
      vertex 8.67951 -54.8914 29.1963
      vertex 8.9056 -55.0335 29.4384
    endloop
  endfacet
  facet normal -0.900968 0 -0.433886
    outer loop
      vertex 8.68393 -54.4 14.5616
      vertex 8.56734 -48.2 14.8037
      vertex 8.68393 -48.2 14.5616
    endloop
  endfacet
  facet normal -0.900968 -0 -0.433886
    outer loop
      vertex 8.56734 -48.2 14.8037
      vertex 8.68393 -54.4 14.5616
      vertex 8.56734 -54.4 14.8037
    endloop
  endfacet
  facet normal -0.370039 0.23286 -0.89936
    outer loop
      vertex 9.34291 -48.028 14.0673
      vertex 9.2847 -48 14.0985
      vertex 9.36053 -48 14.0673
    endloop
  endfacet
  facet normal 0 -0.433916 -0.900953
    outer loop
      vertex 9.7 -55.0384 14.1839
      vertex 68.8 -54.7963 14.0673
      vertex 68.8 -55.0384 14.1839
    endloop
  endfacet
  facet normal -0 -0.433916 -0.900953
    outer loop
      vertex 68.8 -54.7963 14.0673
      vertex 9.7 -55.0384 14.1839
      vertex 9.7 -54.7963 14.0673
    endloop
  endfacet
  facet normal 0.417135 0.663455 -0.621148
    outer loop
      vertex 69.329 -47.5366 14.3515
      vertex 69.1682 -47.4355 14.3515
      vertex 69.4335 -47.4056 14.5616
    endloop
  endfacet
  facet normal 0.308558 0.308253 -0.899874
    outer loop
      vertex 69.1099 -47.9529 14.0673
      vertex 69.1981 -47.7008 14.1839
      vertex 69.2991 -47.8019 14.1839
    endloop
  endfacet
  facet normal 0.308346 0.308346 -0.899914
    outer loop
      vertex 69.1981 -47.7008 14.1839
      vertex 69.1099 -47.9529 14.0673
      vertex 69.0471 -47.8901 14.0673
    endloop
  endfacet
  facet normal 0 0.222602 -0.974909
    outer loop
      vertex 68.8 -48.0656 14.0075
      vertex 65.217 -47.8037 14.0673
      vertex 68.8 -47.8037 14.0673
    endloop
  endfacet
  facet normal -7.74311e-06 0.222502 -0.974932
    outer loop
      vertex 68.8 -48.0656 14.0075
      vertex 65.2007 -48 14.0225
      vertex 65.217 -47.8037 14.0673
    endloop
  endfacet
  facet normal 0 0.222906 -0.97484
    outer loop
      vertex 9.7 -48.0656 14.0075
      vertex 65.2007 -48 14.0225
      vertex 68.8 -48.0656 14.0075
    endloop
  endfacet
  facet normal 0 0.222906 -0.97484
    outer loop
      vertex 65.2007 -48 14.0225
      vertex 9.7 -48.0656 14.0075
      vertex 9.7 -48 14.0225
    endloop
  endfacet
  facet normal 0 0.433916 -0.900953
    outer loop
      vertex 68.8 -47.8037 14.0673
      vertex 65.2595 -47.5616 14.1839
      vertex 68.8 -47.5616 14.1839
    endloop
  endfacet
  facet normal 0 0.433916 -0.900953
    outer loop
      vertex 65.2595 -47.5616 14.1839
      vertex 68.8 -47.8037 14.0673
      vertex 65.217 -47.8037 14.0673
    endloop
  endfacet
  facet normal 0.144048 0.411695 -0.899865
    outer loop
      vertex 69.077 -47.6248 14.1839
      vertex 68.8882 -47.8136 14.0673
      vertex 68.9421 -47.5776 14.1839
    endloop
  endfacet
  facet normal 0.143969 0.411762 -0.899847
    outer loop
      vertex 68.972 -47.8429 14.0673
      vertex 68.8882 -47.8136 14.0673
      vertex 69.077 -47.6248 14.1839
    endloop
  endfacet
  facet normal 0.258997 0.739795 -0.620986
    outer loop
      vertex 69.2409 -47.2846 14.5616
      vertex 68.9888 -47.3727 14.3515
      vertex 69.0261 -47.2094 14.5616
    endloop
  endfacet
  facet normal 0.0878443 0.778886 -0.620983
    outer loop
      vertex 68.9888 -47.3727 14.3515
      vertex 68.8 -47.1839 14.5616
      vertex 69.0261 -47.2094 14.5616
    endloop
  endfacet
  facet normal 0.554154 0.554154 -0.621149
    outer loop
      vertex 69.4634 -47.671 14.3515
      vertex 69.4335 -47.4056 14.5616
      vertex 69.5944 -47.5665 14.5616
    endloop
  endfacet
  facet normal 0.554154 0.554154 -0.621149
    outer loop
      vertex 69.4335 -47.4056 14.5616
      vertex 69.4634 -47.671 14.3515
      vertex 69.329 -47.5366 14.3515
    endloop
  endfacet
  facet normal -0.0741186 0.211873 -0.974483
    outer loop
      vertex 9.6701 -48.069 14.0075
      vertex 9.62674 -48 14.0258
      vertex 9.65435 -48 14.0237
    endloop
  endfacet
  facet normal -0.900968 0 0.433886
    outer loop
      vertex 8.56734 -54.4 29.1963
      vertex 8.68393 -48.2 29.4384
      vertex 8.56734 -48.2 29.1963
    endloop
  endfacet
  facet normal -0.900968 0 0.433886
    outer loop
      vertex 8.68393 -48.2 29.4384
      vertex 8.56734 -54.4 29.1963
      vertex 8.68393 -54.4 29.4384
    endloop
  endfacet
  facet normal -0.416993 -0.6636 0.621089
    outer loop
      vertex 9.17095 -55.0634 29.6485
      vertex 9.06649 -55.1944 29.4384
      vertex 9.33184 -55.1645 29.6485
    endloop
  endfacet
  facet normal -0.554209 -0.554174 0.621083
    outer loop
      vertex 9.17095 -55.0634 29.6485
      vertex 8.9056 -55.0335 29.4384
      vertex 9.06649 -55.1944 29.4384
    endloop
  endfacet
  facet normal -0.21132 0.0739114 -0.974618
    outer loop
      vertex 9.56901 -48.1701 14.0075
      vertex 9.3136 -48.1118 14.0673
      vertex 9.34291 -48.028 14.0673
    endloop
  endfacet
  facet normal -0.222468 0.0250717 -0.974618
    outer loop
      vertex 9.56901 -48.1701 14.0075
      vertex 9.30366 -48.2 14.0673
      vertex 9.3136 -48.1118 14.0673
    endloop
  endfacet
  facet normal -0.158355 0.158953 -0.974504
    outer loop
      vertex 9.59495 -48.1162 14.0075
      vertex 9.54051 -48 14.0353
      vertex 9.61623 -48.095 14.0075
    endloop
  endfacet
  facet normal -0.157975 0.159139 -0.974535
    outer loop
      vertex 9.54051 -48 14.0353
      vertex 9.59495 -48.1162 14.0075
      vertex 9.44921 -48 14.0501
    endloop
  endfacet
  facet normal -0.0698352 -0.621994 -0.779901
    outer loop
      vertex 9.7 -55.2485 14.3515
      vertex 9.51118 -55.2273 14.3515
      vertex 9.55793 -55.0224 14.1839
    endloop
  endfacet
  facet normal -0.206858 -0.590731 -0.779901
    outer loop
      vertex 9.51118 -55.2273 14.3515
      vertex 9.33184 -55.1645 14.3515
      vertex 9.55793 -55.0224 14.1839
    endloop
  endfacet
  facet normal 0.442707 0.442707 -0.779757
    outer loop
      vertex 69.2991 -47.8019 14.1839
      vertex 69.329 -47.5366 14.3515
      vertex 69.4634 -47.671 14.3515
    endloop
  endfacet
  facet normal 0.443033 0.442594 -0.779636
    outer loop
      vertex 69.329 -47.5366 14.3515
      vertex 69.2991 -47.8019 14.1839
      vertex 69.1981 -47.7008 14.1839
    endloop
  endfacet
  facet normal 0.0487994 0.433399 -0.89988
    outer loop
      vertex 68.9421 -47.5776 14.1839
      vertex 68.8 -47.8037 14.0673
      vertex 68.8 -47.5616 14.1839
    endloop
  endfacet
  facet normal 0.206805 0.590777 -0.779881
    outer loop
      vertex 69.1682 -47.4355 14.3515
      vertex 68.9421 -47.5776 14.1839
      vertex 68.9888 -47.3727 14.3515
    endloop
  endfacet
  facet normal 0.0700317 0.621969 -0.779904
    outer loop
      vertex 68.9421 -47.5776 14.1839
      vertex 68.8 -47.5616 14.1839
      vertex 68.9888 -47.3727 14.3515
    endloop
  endfacet
  facet normal 0.0698524 0.622082 -0.77983
    outer loop
      vertex 68.9888 -47.3727 14.3515
      vertex 68.8 -47.5616 14.1839
      vertex 68.8 -47.3515 14.3515
    endloop
  endfacet
  facet normal 0.0249742 0.222498 -0.974613
    outer loop
      vertex 68.8299 -48.069 14.0075
      vertex 68.8 -47.8037 14.0673
      vertex 68.8882 -47.8136 14.0673
    endloop
  endfacet
  facet normal 0.0486554 0.433475 -0.899851
    outer loop
      vertex 68.8882 -47.8136 14.0673
      vertex 68.8 -47.8037 14.0673
      vertex 68.9421 -47.5776 14.1839
    endloop
  endfacet
  facet normal 0 1 0
    outer loop
      vertex 65.2007 48 14.0225
      vertex 65.1925 48 14
      vertex 9.7 48 14.0225
    endloop
  endfacet
  facet normal 0 1 0
    outer loop
      vertex 120.152 48 165
      vertex 68.8 48 29.9775
      vertex 8.5 48 165
    endloop
  endfacet
  facet normal 0 1 0
    outer loop
      vertex 120.152 48 165
      vertex 68.8221 48 29.9769
      vertex 68.8 48 29.9775
    endloop
  endfacet
  facet normal 0 1 0
    outer loop
      vertex 120.152 48 165
      vertex 68.8456 48 29.9763
      vertex 68.8221 48 29.9769
    endloop
  endfacet
  facet normal 0 1 0
    outer loop
      vertex 120.152 48 165
      vertex 68.8733 48 29.9742
      vertex 68.8456 48 29.9763
    endloop
  endfacet
  facet normal 0 1 0
    outer loop
      vertex 120.152 48 165
      vertex 68.8963 48 29.9725
      vertex 68.8733 48 29.9742
    endloop
  endfacet
  facet normal 0 1 0
    outer loop
      vertex 120.152 48 165
      vertex 68.917 48 29.9699
      vertex 68.8963 48 29.9725
    endloop
  endfacet
  facet normal 0 1 0
    outer loop
      vertex 120.152 48 165
      vertex 68.9595 48 29.9647
      vertex 68.917 48 29.9699
    endloop
  endfacet
  facet normal 0 1 0
    outer loop
      vertex 120.152 48 165
      vertex 69.0508 48 29.9499
      vertex 68.9595 48 29.9647
    endloop
  endfacet
  facet normal 0 1 0
    outer loop
      vertex 120.152 48 165
      vertex 69.1395 48 29.9327
      vertex 69.0508 48 29.9499
    endloop
  endfacet
  facet normal 0 1 0
    outer loop
      vertex 120.152 48 165
      vertex 69.2153 48 29.9015
      vertex 69.1395 48 29.9327
    endloop
  endfacet
  facet normal 0 1 0
    outer loop
      vertex 120.152 48 165
      vertex 69.2982 48 29.8636
      vertex 69.2153 48 29.9015
    endloop
  endfacet
  facet normal 0 1 0
    outer loop
      vertex 120.152 48 165
      vertex 69.4022 48 29.8161
      vertex 69.2982 48 29.8636
    endloop
  endfacet
  facet normal 0 1 0
    outer loop
      vertex 120.152 48 165
      vertex 69.4588 48 29.7731
      vertex 69.4022 48 29.8161
    endloop
  endfacet
  facet normal 0 1 0
    outer loop
      vertex 120.152 48 165
      vertex 69.6233 48 29.6485
      vertex 69.4588 48 29.7731
    endloop
  endfacet
  facet normal 0 1 0
    outer loop
      vertex 120.152 48 165
      vertex 69.6312 48 29.6392
      vertex 69.6233 48 29.6485
    endloop
  endfacet
  facet normal 0 1 0
    outer loop
      vertex 120.152 48 165
      vertex 69.6763 48 29.5855
      vertex 69.6312 48 29.6392
    endloop
  endfacet
  facet normal 0 1 0
    outer loop
      vertex 120.152 48 165
      vertex 69.7935 48 29.4384
      vertex 69.6763 48 29.5855
    endloop
  endfacet
  facet normal 0 1 0
    outer loop
      vertex 120.152 48 165
      vertex 69.8861 48 29.2463
      vertex 69.7935 48 29.4384
    endloop
  endfacet
  facet normal 0 1 0
    outer loop
      vertex 120.152 48 165
      vertex 69.9101 48 29.1963
      vertex 69.8861 48 29.2463
    endloop
  endfacet
  facet normal 0 1 0
    outer loop
      vertex 120.152 48 165
      vertex 69.9225 48 29.1422
      vertex 69.9101 48 29.1963
    endloop
  endfacet
  facet normal 0 1 0
    outer loop
      vertex 120.152 48 165
      vertex 69.9699 48 28.9344
      vertex 69.9225 48 29.1422
    endloop
  endfacet
  facet normal -0 1 0
    outer loop
      vertex 69.9699 48 28.9344
      vertex 120.152 48 165
      vertex 69.9699 48 27.1258
    endloop
  endfacet
  facet normal 0 1 -0
    outer loop
      vertex 9.7 48 29.9775
      vertex 8.5 48 165
      vertex 68.8 48 29.9775
    endloop
  endfacet
  facet normal 0 1 -0
    outer loop
      vertex 9.67788 48 29.9769
      vertex 8.5 48 165
      vertex 9.7 48 29.9775
    endloop
  endfacet
  facet normal 0 1 -0
    outer loop
      vertex 9.65435 48 29.9763
      vertex 8.5 48 165
      vertex 9.67788 48 29.9769
    endloop
  endfacet
  facet normal 0 1 -0
    outer loop
      vertex 9.62674 48 29.9742
      vertex 8.5 48 165
      vertex 9.65435 48 29.9763
    endloop
  endfacet
  facet normal 0 1 -0
    outer loop
      vertex 9.60368 48 29.9725
      vertex 8.5 48 165
      vertex 9.62674 48 29.9742
    endloop
  endfacet
  facet normal 0 1 -0
    outer loop
      vertex 9.583 48 29.9699
      vertex 8.5 48 165
      vertex 9.60368 48 29.9725
    endloop
  endfacet
  facet normal 0 1 -0
    outer loop
      vertex 9.54051 48 29.9647
      vertex 8.5 48 165
      vertex 9.583 48 29.9699
    endloop
  endfacet
  facet normal 0 1 -0
    outer loop
      vertex 9.44921 48 29.9499
      vertex 8.5 48 165
      vertex 9.54051 48 29.9647
    endloop
  endfacet
  facet normal 0 1 -0
    outer loop
      vertex 9.36053 48 29.9327
      vertex 8.5 48 165
      vertex 9.44921 48 29.9499
    endloop
  endfacet
  facet normal 0 1 -0
    outer loop
      vertex 9.2847 48 29.9015
      vertex 8.5 48 165
      vertex 9.36053 48 29.9327
    endloop
  endfacet
  facet normal 0 1 -0
    outer loop
      vertex 9.20179 48 29.8636
      vertex 8.5 48 165
      vertex 9.2847 48 29.9015
    endloop
  endfacet
  facet normal 0 1 -0
    outer loop
      vertex 9.09784 48 29.8161
      vertex 8.5 48 165
      vertex 9.20179 48 29.8636
    endloop
  endfacet
  facet normal 0 1 -0
    outer loop
      vertex 9.04117 48 29.7731
      vertex 8.5 48 165
      vertex 9.09784 48 29.8161
    endloop
  endfacet
  facet normal 0 1 -0
    outer loop
      vertex 8.87666 48 29.6485
      vertex 8.5 48 165
      vertex 9.04117 48 29.7731
    endloop
  endfacet
  facet normal 0 1 -0
    outer loop
      vertex 8.86883 48 29.6392
      vertex 8.5 48 165
      vertex 8.87666 48 29.6485
    endloop
  endfacet
  facet normal 0 1 -0
    outer loop
      vertex 8.82374 48 29.5855
      vertex 8.5 48 165
      vertex 8.86883 48 29.6392
    endloop
  endfacet
  facet normal 0 1 -0
    outer loop
      vertex 8.70647 48 29.4384
      vertex 8.5 48 165
      vertex 8.82374 48 29.5855
    endloop
  endfacet
  facet normal 0 1 -0
    outer loop
      vertex 8.61395 48 29.2463
      vertex 8.5 48 165
      vertex 8.70647 48 29.4384
    endloop
  endfacet
  facet normal 0 1 -0
    outer loop
      vertex 8.58987 48 29.1963
      vertex 8.5 48 165
      vertex 8.61395 48 29.2463
    endloop
  endfacet
  facet normal 0 1 -0
    outer loop
      vertex 8.57753 48 29.1422
      vertex 8.5 48 165
      vertex 8.58987 48 29.1963
    endloop
  endfacet
  facet normal 0 1 -0
    outer loop
      vertex 8.53008 48 28.9344
      vertex 8.5 48 165
      vertex 8.57753 48 29.1422
    endloop
  endfacet
  facet normal 0 1 0
    outer loop
      vertex 8.5 48 14
      vertex 8.53008 48 28.9344
      vertex 8.53008 48 15.0656
    endloop
  endfacet
  facet normal 0 1 0
    outer loop
      vertex 8.5 48 14
      vertex 8.61395 48 14.7537
      vertex 8.70647 48 14.5616
    endloop
  endfacet
  facet normal 0 1 0
    outer loop
      vertex 8.5 48 14
      vertex 9.04117 48 14.2269
      vertex 9.09784 48 14.1839
    endloop
  endfacet
  facet normal 0 1 0
    outer loop
      vertex 8.5 48 14
      vertex 9.20179 48 14.1364
      vertex 9.2847 48 14.0985
    endloop
  endfacet
  facet normal 0 1 0
    outer loop
      vertex 9.60368 48 14.0275
      vertex 9.54051 48 14.0353
      vertex 9.583 48 14.0301
    endloop
  endfacet
  facet normal 0 1 0
    outer loop
      vertex 9.65435 48 14.0237
      vertex 9.60368 48 14.0275
      vertex 9.62674 48 14.0258
    endloop
  endfacet
  facet normal 0 1 0
    outer loop
      vertex 9.7 48 14.0225
      vertex 9.65435 48 14.0237
      vertex 9.67788 48 14.0231
    endloop
  endfacet
  facet normal 0 1 0
    outer loop
      vertex 8.53008 48 28.9344
      vertex 8.5 48 14
      vertex 8.5 48 165
    endloop
  endfacet
  facet normal 0 1 0
    outer loop
      vertex 8.57753 48 14.8578
      vertex 8.5 48 14
      vertex 8.53008 48 15.0656
    endloop
  endfacet
  facet normal 0 1 0
    outer loop
      vertex 8.58987 48 14.8037
      vertex 8.5 48 14
      vertex 8.57753 48 14.8578
    endloop
  endfacet
  facet normal 0 1 0
    outer loop
      vertex 8.61395 48 14.7537
      vertex 8.5 48 14
      vertex 8.58987 48 14.8037
    endloop
  endfacet
  facet normal 0 1 0
    outer loop
      vertex 8.82374 48 14.4145
      vertex 8.5 48 14
      vertex 8.70647 48 14.5616
    endloop
  endfacet
  facet normal 0 1 0
    outer loop
      vertex 8.86883 48 14.3608
      vertex 8.5 48 14
      vertex 8.82374 48 14.4145
    endloop
  endfacet
  facet normal 0 1 0
    outer loop
      vertex 8.87666 48 14.3515
      vertex 8.5 48 14
      vertex 8.86883 48 14.3608
    endloop
  endfacet
  facet normal 0 1 0
    outer loop
      vertex 9.04117 48 14.2269
      vertex 8.5 48 14
      vertex 8.87666 48 14.3515
    endloop
  endfacet
  facet normal 0 1 0
    outer loop
      vertex 9.20179 48 14.1364
      vertex 8.5 48 14
      vertex 9.09784 48 14.1839
    endloop
  endfacet
  facet normal 0 1 0
    outer loop
      vertex 9.36053 48 14.0673
      vertex 8.5 48 14
      vertex 9.2847 48 14.0985
    endloop
  endfacet
  facet normal 0 1 0
    outer loop
      vertex 9.44921 48 14.0501
      vertex 8.5 48 14
      vertex 9.36053 48 14.0673
    endloop
  endfacet
  facet normal 0 1 0
    outer loop
      vertex 9.54051 48 14.0353
      vertex 8.5 48 14
      vertex 9.44921 48 14.0501
    endloop
  endfacet
  facet normal 0 1 0
    outer loop
      vertex 9.60368 48 14.0275
      vertex 8.5 48 14
      vertex 9.54051 48 14.0353
    endloop
  endfacet
  facet normal 0 1 0
    outer loop
      vertex 9.65435 48 14.0237
      vertex 8.5 48 14
      vertex 9.60368 48 14.0275
    endloop
  endfacet
  facet normal 0 1 0
    outer loop
      vertex 9.7 48 14.0225
      vertex 8.5 48 14
      vertex 9.65435 48 14.0237
    endloop
  endfacet
  facet normal 0 1 0
    outer loop
      vertex 8.5 48 14
      vertex 9.7 48 14.0225
      vertex 65.1925 48 14
    endloop
  endfacet
  facet normal 0 0 -1
    outer loop
      vertex 65.1925 -48 14
      vertex 62 -45 14
      vertex 65.1925 48 14
    endloop
  endfacet
  facet normal 0 0 -1
    outer loop
      vertex 65.1925 -48 14
      vertex 12 -45 14
      vertex 62 -45 14
    endloop
  endfacet
  facet normal -0 0 -1
    outer loop
      vertex 12 -45 14
      vertex 8.5 -48 14
      vertex 12 45 14
    endloop
  endfacet
  facet normal 0 0 -1
    outer loop
      vertex 8.5 -48 14
      vertex 12 -45 14
      vertex 65.1925 -48 14
    endloop
  endfacet
  facet normal 0 0 -1
    outer loop
      vertex 62 45 14
      vertex 65.1925 48 14
      vertex 62 -45 14
    endloop
  endfacet
  facet normal 0 0 -1
    outer loop
      vertex 12 45 14
      vertex 65.1925 48 14
      vertex 62 45 14
    endloop
  endfacet
  facet normal 0 0 -1
    outer loop
      vertex 12 45 14
      vertex 8.5 48 14
      vertex 65.1925 48 14
    endloop
  endfacet
  facet normal 0 0 -1
    outer loop
      vertex 8.5 48 14
      vertex 12 45 14
      vertex 8.5 -48 14
    endloop
  endfacet
  facet normal 0.939692 0.00075115 -0.34202
    outer loop
      vertex 120.152 48 165
      vertex 69.9626 47.9347 27.1056
      vertex 69.9699 48 27.1258
    endloop
  endfacet
  facet normal 0.939693 0 -0.34202
    outer loop
      vertex 69.9626 -47.9347 27.1056
      vertex 69.9626 47.9347 27.1056
      vertex 120.152 48 165
    endloop
  endfacet
  facet normal 0.93968 0 -0.342054
    outer loop
      vertex 69.9626 47.9347 27.1056
      vertex 69.9626 -47.9347 27.1056
      vertex 69.8744 47.6826 26.8633
    endloop
  endfacet
  facet normal 0.93968 0 -0.342054
    outer loop
      vertex 69.8744 -47.6826 26.8633
      vertex 69.8744 47.6826 26.8633
      vertex 69.9626 -47.9347 27.1056
    endloop
  endfacet
  facet normal 0.939688 0 -0.342033
    outer loop
      vertex 69.8744 47.6826 26.8633
      vertex 69.8744 -47.6826 26.8633
      vertex 69.7323 47.4565 26.4729
    endloop
  endfacet
  facet normal 0.939688 0 -0.342033
    outer loop
      vertex 69.7323 -47.4565 26.4729
      vertex 69.7323 47.4565 26.4729
      vertex 69.8744 -47.6826 26.8633
    endloop
  endfacet
  facet normal 0.939688 0 -0.342034
    outer loop
      vertex 69.7323 47.4565 26.4729
      vertex 69.7323 -47.4565 26.4729
      vertex 69.5435 47.2677 25.9542
    endloop
  endfacet
  facet normal 0.939694 0 -0.342016
    outer loop
      vertex 68.8 47.0075 23.9115
      vertex 68.8 -47.0075 23.9115
      vertex 65.5804 47.0075 15.0656
    endloop
  endfacet
  facet normal 0.939688 0 -0.342034
    outer loop
      vertex 69.5435 -47.2677 25.9542
      vertex 69.5435 47.2677 25.9542
      vertex 69.7323 -47.4565 26.4729
    endloop
  endfacet
  facet normal 0.939707 0 -0.341981
    outer loop
      vertex 68.8 47.0075 23.9115
      vertex 69.0653 -47.0374 24.6405
      vertex 68.8 -47.0075 23.9115
    endloop
  endfacet
  facet normal 0.939707 0 -0.341981
    outer loop
      vertex 69.0653 47.0374 24.6405
      vertex 69.0653 -47.0374 24.6405
      vertex 68.8 47.0075 23.9115
    endloop
  endfacet
  facet normal 0.939671 0 -0.342081
    outer loop
      vertex 69.0653 -47.0374 24.6405
      vertex 69.0653 47.0374 24.6405
      vertex 69.3174 -47.1256 25.333
    endloop
  endfacet
  facet normal 0.939671 0 -0.342081
    outer loop
      vertex 69.3174 47.1256 25.333
      vertex 69.3174 -47.1256 25.333
      vertex 69.0653 47.0374 24.6405
    endloop
  endfacet
  facet normal 0.939692 0 -0.342022
    outer loop
      vertex 69.3174 -47.1256 25.333
      vertex 69.3174 47.1256 25.333
      vertex 69.5435 -47.2677 25.9542
    endloop
  endfacet
  facet normal 0.939692 0 -0.342022
    outer loop
      vertex 69.5435 47.2677 25.9542
      vertex 69.5435 -47.2677 25.9542
      vertex 69.3174 47.1256 25.333
    endloop
  endfacet
  facet normal 0.939693 0 -0.34202
    outer loop
      vertex 120.152 -48 165
      vertex 69.9626 -47.9347 27.1056
      vertex 120.152 48 165
    endloop
  endfacet
  facet normal 0.939692 -0.00075115 -0.34202
    outer loop
      vertex 69.9626 -47.9347 27.1056
      vertex 120.152 -48 165
      vertex 69.9699 -48 27.1258
    endloop
  endfacet
  facet normal 0.939549 -0.000129762 -0.342414
    outer loop
      vertex 65.217 47.8037 14.0673
      vertex 65.1925 48 14
      vertex 65.2007 48 14.0225
    endloop
  endfacet
  facet normal 0.939694 0 -0.342016
    outer loop
      vertex 65.5804 -47.0075 15.0656
      vertex 65.5804 47.0075 15.0656
      vertex 68.8 -47.0075 23.9115
    endloop
  endfacet
  facet normal 0.939605 0 -0.342262
    outer loop
      vertex 65.5804 47.0075 15.0656
      vertex 65.5804 -47.0075 15.0656
      vertex 65.485 47.0673 14.8037
    endloop
  endfacet
  facet normal 0.939605 0 -0.342262
    outer loop
      vertex 65.485 -47.0673 14.8037
      vertex 65.485 47.0673 14.8037
      vertex 65.5804 -47.0075 15.0656
    endloop
  endfacet
  facet normal 0.939714 0 -0.341961
    outer loop
      vertex 65.485 47.0673 14.8037
      vertex 65.485 -47.0673 14.8037
      vertex 65.3969 47.1839 14.5616
    endloop
  endfacet
  facet normal 0.939714 0 -0.341961
    outer loop
      vertex 65.3969 -47.1839 14.5616
      vertex 65.3969 47.1839 14.5616
      vertex 65.485 -47.0673 14.8037
    endloop
  endfacet
  facet normal 0.93965 0 -0.342138
    outer loop
      vertex 65.3969 47.1839 14.5616
      vertex 65.3969 -47.1839 14.5616
      vertex 65.3204 47.3515 14.3515
    endloop
  endfacet
  facet normal 0.93965 0 -0.342138
    outer loop
      vertex 65.3204 -47.3515 14.3515
      vertex 65.3204 47.3515 14.3515
      vertex 65.3969 -47.1839 14.5616
    endloop
  endfacet
  facet normal 0.939875 0 -0.341518
    outer loop
      vertex 65.3204 47.3515 14.3515
      vertex 65.3204 -47.3515 14.3515
      vertex 65.2595 47.5616 14.1839
    endloop
  endfacet
  facet normal 0.939875 0 -0.341518
    outer loop
      vertex 65.2595 -47.5616 14.1839
      vertex 65.2595 47.5616 14.1839
      vertex 65.3204 -47.3515 14.3515
    endloop
  endfacet
  facet normal 0.939534 0 -0.342455
    outer loop
      vertex 65.2595 47.5616 14.1839
      vertex 65.2595 -47.5616 14.1839
      vertex 65.217 47.8037 14.0673
    endloop
  endfacet
  facet normal 0.939534 0 -0.342455
    outer loop
      vertex 65.217 -47.8037 14.0673
      vertex 65.217 47.8037 14.0673
      vertex 65.2595 -47.5616 14.1839
    endloop
  endfacet
  facet normal 0.939671 0 -0.342079
    outer loop
      vertex 65.217 47.8037 14.0673
      vertex 65.217 -47.8037 14.0673
      vertex 65.1925 48 14
    endloop
  endfacet
  facet normal 0.939549 0.000129762 -0.342414
    outer loop
      vertex 65.1925 -48 14
      vertex 65.217 -47.8037 14.0673
      vertex 65.2007 -48 14.0225
    endloop
  endfacet
  facet normal 0.939671 0 -0.342079
    outer loop
      vertex 65.217 -47.8037 14.0673
      vertex 65.1925 -48 14
      vertex 65.1925 48 14
    endloop
  endfacet
  facet normal -1 0 0
    outer loop
      vertex 8.5 -48 14
      vertex 8.5 48 165
      vertex 8.5 48 14
    endloop
  endfacet
  facet normal -1 -0 0
    outer loop
      vertex 8.5 48 165
      vertex 8.5 -48 14
      vertex 8.5 -48 165
    endloop
  endfacet
  facet normal 0 0 1
    outer loop
      vertex 120.152 48 165
      vertex 116.959 45 165
      vertex 120.152 -48 165
    endloop
  endfacet
  facet normal 0 0 1
    outer loop
      vertex 120.152 48 165
      vertex 12 45 165
      vertex 116.959 45 165
    endloop
  endfacet
  facet normal 0 0 1
    outer loop
      vertex 12 45 165
      vertex 8.5 48 165
      vertex 12 -45 165
    endloop
  endfacet
  facet normal -0 0 1
    outer loop
      vertex 8.5 48 165
      vertex 12 45 165
      vertex 120.152 48 165
    endloop
  endfacet
  facet normal -0 0 1
    outer loop
      vertex 116.959 -45 165
      vertex 120.152 -48 165
      vertex 116.959 45 165
    endloop
  endfacet
  facet normal -0 0 1
    outer loop
      vertex 12 -45 165
      vertex 120.152 -48 165
      vertex 116.959 -45 165
    endloop
  endfacet
  facet normal 0 0 1
    outer loop
      vertex 12 -45 165
      vertex 8.5 -48 165
      vertex 120.152 -48 165
    endloop
  endfacet
  facet normal 0 0 1
    outer loop
      vertex 8.5 -48 165
      vertex 12 -45 165
      vertex 8.5 48 165
    endloop
  endfacet
  facet normal 0 -1 0
    outer loop
      vertex 68.8 -48 29.9775
      vertex 8.5 -48 165
      vertex 9.7 -48 29.9775
    endloop
  endfacet
  facet normal 0 -1 0
    outer loop
      vertex 8.5 -48 165
      vertex 9.67788 -48 29.9769
      vertex 9.7 -48 29.9775
    endloop
  endfacet
  facet normal 0 -1 0
    outer loop
      vertex 8.5 -48 165
      vertex 9.65435 -48 29.9763
      vertex 9.67788 -48 29.9769
    endloop
  endfacet
  facet normal 0 -1 0
    outer loop
      vertex 8.5 -48 165
      vertex 9.62674 -48 29.9742
      vertex 9.65435 -48 29.9763
    endloop
  endfacet
  facet normal 0 -1 0
    outer loop
      vertex 8.5 -48 165
      vertex 9.60368 -48 29.9725
      vertex 9.62674 -48 29.9742
    endloop
  endfacet
  facet normal 0 -1 0
    outer loop
      vertex 8.5 -48 165
      vertex 9.583 -48 29.9699
      vertex 9.60368 -48 29.9725
    endloop
  endfacet
  facet normal 0 -1 0
    outer loop
      vertex 8.5 -48 165
      vertex 9.54051 -48 29.9647
      vertex 9.583 -48 29.9699
    endloop
  endfacet
  facet normal 0 -1 0
    outer loop
      vertex 8.5 -48 165
      vertex 9.44921 -48 29.9499
      vertex 9.54051 -48 29.9647
    endloop
  endfacet
  facet normal 0 -1 0
    outer loop
      vertex 8.5 -48 165
      vertex 9.36053 -48 29.9327
      vertex 9.44921 -48 29.9499
    endloop
  endfacet
  facet normal 0 -1 0
    outer loop
      vertex 8.5 -48 165
      vertex 9.2847 -48 29.9015
      vertex 9.36053 -48 29.9327
    endloop
  endfacet
  facet normal 0 -1 0
    outer loop
      vertex 8.5 -48 165
      vertex 9.20179 -48 29.8636
      vertex 9.2847 -48 29.9015
    endloop
  endfacet
  facet normal 0 -1 0
    outer loop
      vertex 8.5 -48 165
      vertex 9.09784 -48 29.8161
      vertex 9.20179 -48 29.8636
    endloop
  endfacet
  facet normal 0 -1 0
    outer loop
      vertex 8.5 -48 165
      vertex 9.04117 -48 29.7731
      vertex 9.09784 -48 29.8161
    endloop
  endfacet
  facet normal 0 -1 0
    outer loop
      vertex 8.5 -48 165
      vertex 8.87666 -48 29.6485
      vertex 9.04117 -48 29.7731
    endloop
  endfacet
  facet normal 0 -1 0
    outer loop
      vertex 8.5 -48 165
      vertex 8.86883 -48 29.6392
      vertex 8.87666 -48 29.6485
    endloop
  endfacet
  facet normal 0 -1 0
    outer loop
      vertex 8.5 -48 165
      vertex 8.82374 -48 29.5855
      vertex 8.86883 -48 29.6392
    endloop
  endfacet
  facet normal 0 -1 0
    outer loop
      vertex 8.5 -48 165
      vertex 8.70647 -48 29.4384
      vertex 8.82374 -48 29.5855
    endloop
  endfacet
  facet normal 0 -1 0
    outer loop
      vertex 8.5 -48 165
      vertex 8.61395 -48 29.2463
      vertex 8.70647 -48 29.4384
    endloop
  endfacet
  facet normal 0 -1 0
    outer loop
      vertex 8.5 -48 165
      vertex 8.58987 -48 29.1963
      vertex 8.61395 -48 29.2463
    endloop
  endfacet
  facet normal 0 -1 0
    outer loop
      vertex 8.5 -48 165
      vertex 8.57753 -48 29.1422
      vertex 8.58987 -48 29.1963
    endloop
  endfacet
  facet normal 0 -1 0
    outer loop
      vertex 8.5 -48 165
      vertex 8.53008 -48 28.9344
      vertex 8.57753 -48 29.1422
    endloop
  endfacet
  facet normal 0 -1 0
    outer loop
      vertex 8.5 -48 14
      vertex 8.53008 -48 28.9344
      vertex 8.5 -48 165
    endloop
  endfacet
  facet normal 0 -1 0
    outer loop
      vertex 8.5 -48 14
      vertex 8.61395 -48 14.7537
      vertex 8.58987 -48 14.8037
    endloop
  endfacet
  facet normal 0 -1 0
    outer loop
      vertex 8.5 -48 14
      vertex 9.04117 -48 14.2269
      vertex 8.87666 -48 14.3515
    endloop
  endfacet
  facet normal 0 -1 0
    outer loop
      vertex 8.5 -48 14
      vertex 9.20179 -48 14.1364
      vertex 9.09784 -48 14.1839
    endloop
  endfacet
  facet normal 0 -1 0
    outer loop
      vertex 9.54051 -48 14.0353
      vertex 9.60368 -48 14.0275
      vertex 9.583 -48 14.0301
    endloop
  endfacet
  facet normal 0 -1 0
    outer loop
      vertex 9.60368 -48 14.0275
      vertex 9.65435 -48 14.0237
      vertex 9.62674 -48 14.0258
    endloop
  endfacet
  facet normal 0 -1 0
    outer loop
      vertex 9.65435 -48 14.0237
      vertex 9.7 -48 14.0225
      vertex 9.67788 -48 14.0231
    endloop
  endfacet
  facet normal 0 -1 -0
    outer loop
      vertex 8.53008 -48 28.9344
      vertex 8.5 -48 14
      vertex 8.53008 -48 15.0656
    endloop
  endfacet
  facet normal 0 -1 0
    outer loop
      vertex 8.5 -48 14
      vertex 8.57753 -48 14.8578
      vertex 8.53008 -48 15.0656
    endloop
  endfacet
  facet normal 0 -1 0
    outer loop
      vertex 8.5 -48 14
      vertex 8.58987 -48 14.8037
      vertex 8.57753 -48 14.8578
    endloop
  endfacet
  facet normal 0 -1 -0
    outer loop
      vertex 8.61395 -48 14.7537
      vertex 8.5 -48 14
      vertex 8.70647 -48 14.5616
    endloop
  endfacet
  facet normal 0 -1 0
    outer loop
      vertex 8.5 -48 14
      vertex 8.82374 -48 14.4145
      vertex 8.70647 -48 14.5616
    endloop
  endfacet
  facet normal 0 -1 0
    outer loop
      vertex 8.5 -48 14
      vertex 8.86883 -48 14.3608
      vertex 8.82374 -48 14.4145
    endloop
  endfacet
  facet normal 0 -1 0
    outer loop
      vertex 8.5 -48 14
      vertex 8.87666 -48 14.3515
      vertex 8.86883 -48 14.3608
    endloop
  endfacet
  facet normal 0 -1 -0
    outer loop
      vertex 9.04117 -48 14.2269
      vertex 8.5 -48 14
      vertex 9.09784 -48 14.1839
    endloop
  endfacet
  facet normal 0 -1 -0
    outer loop
      vertex 9.20179 -48 14.1364
      vertex 8.5 -48 14
      vertex 9.2847 -48 14.0985
    endloop
  endfacet
  facet normal 0 -1 0
    outer loop
      vertex 8.5 -48 14
      vertex 9.36053 -48 14.0673
      vertex 9.2847 -48 14.0985
    endloop
  endfacet
  facet normal 0 -1 0
    outer loop
      vertex 8.5 -48 14
      vertex 9.44921 -48 14.0501
      vertex 9.36053 -48 14.0673
    endloop
  endfacet
  facet normal 0 -1 0
    outer loop
      vertex 8.5 -48 14
      vertex 9.54051 -48 14.0353
      vertex 9.44921 -48 14.0501
    endloop
  endfacet
  facet normal 0 -1 0
    outer loop
      vertex 8.5 -48 14
      vertex 9.60368 -48 14.0275
      vertex 9.54051 -48 14.0353
    endloop
  endfacet
  facet normal 0 -1 0
    outer loop
      vertex 8.5 -48 14
      vertex 9.65435 -48 14.0237
      vertex 9.60368 -48 14.0275
    endloop
  endfacet
  facet normal 0 -1 0
    outer loop
      vertex 8.5 -48 14
      vertex 9.7 -48 14.0225
      vertex 9.65435 -48 14.0237
    endloop
  endfacet
  facet normal 0 -1 0
    outer loop
      vertex 65.1925 -48 14
      vertex 9.7 -48 14.0225
      vertex 8.5 -48 14
    endloop
  endfacet
  facet normal 0 -1 0
    outer loop
      vertex 9.7 -48 14.0225
      vertex 65.1925 -48 14
      vertex 65.2007 -48 14.0225
    endloop
  endfacet
  facet normal 0 -1 0
    outer loop
      vertex 8.5 -48 165
      vertex 68.8 -48 29.9775
      vertex 120.152 -48 165
    endloop
  endfacet
  facet normal 0 -1 0
    outer loop
      vertex 68.8221 -48 29.9769
      vertex 120.152 -48 165
      vertex 68.8 -48 29.9775
    endloop
  endfacet
  facet normal 0 -1 0
    outer loop
      vertex 68.8456 -48 29.9763
      vertex 120.152 -48 165
      vertex 68.8221 -48 29.9769
    endloop
  endfacet
  facet normal 0 -1 0
    outer loop
      vertex 68.8733 -48 29.9742
      vertex 120.152 -48 165
      vertex 68.8456 -48 29.9763
    endloop
  endfacet
  facet normal 0 -1 0
    outer loop
      vertex 68.8963 -48 29.9725
      vertex 120.152 -48 165
      vertex 68.8733 -48 29.9742
    endloop
  endfacet
  facet normal 0 -1 0
    outer loop
      vertex 68.917 -48 29.9699
      vertex 120.152 -48 165
      vertex 68.8963 -48 29.9725
    endloop
  endfacet
  facet normal 0 -1 0
    outer loop
      vertex 68.9595 -48 29.9647
      vertex 120.152 -48 165
      vertex 68.917 -48 29.9699
    endloop
  endfacet
  facet normal 0 -1 0
    outer loop
      vertex 69.0508 -48 29.9499
      vertex 120.152 -48 165
      vertex 68.9595 -48 29.9647
    endloop
  endfacet
  facet normal 0 -1 0
    outer loop
      vertex 69.1395 -48 29.9327
      vertex 120.152 -48 165
      vertex 69.0508 -48 29.9499
    endloop
  endfacet
  facet normal 0 -1 0
    outer loop
      vertex 69.2153 -48 29.9015
      vertex 120.152 -48 165
      vertex 69.1395 -48 29.9327
    endloop
  endfacet
  facet normal 0 -1 0
    outer loop
      vertex 69.2982 -48 29.8636
      vertex 120.152 -48 165
      vertex 69.2153 -48 29.9015
    endloop
  endfacet
  facet normal 0 -1 0
    outer loop
      vertex 69.4022 -48 29.8161
      vertex 120.152 -48 165
      vertex 69.2982 -48 29.8636
    endloop
  endfacet
  facet normal 0 -1 0
    outer loop
      vertex 69.4588 -48 29.7731
      vertex 120.152 -48 165
      vertex 69.4022 -48 29.8161
    endloop
  endfacet
  facet normal 0 -1 0
    outer loop
      vertex 69.6233 -48 29.6485
      vertex 120.152 -48 165
      vertex 69.4588 -48 29.7731
    endloop
  endfacet
  facet normal 0 -1 0
    outer loop
      vertex 69.6312 -48 29.6392
      vertex 120.152 -48 165
      vertex 69.6233 -48 29.6485
    endloop
  endfacet
  facet normal 0 -1 0
    outer loop
      vertex 69.6763 -48 29.5855
      vertex 120.152 -48 165
      vertex 69.6312 -48 29.6392
    endloop
  endfacet
  facet normal 0 -1 0
    outer loop
      vertex 69.7935 -48 29.4384
      vertex 120.152 -48 165
      vertex 69.6763 -48 29.5855
    endloop
  endfacet
  facet normal 0 -1 0
    outer loop
      vertex 69.8861 -48 29.2463
      vertex 120.152 -48 165
      vertex 69.7935 -48 29.4384
    endloop
  endfacet
  facet normal 0 -1 0
    outer loop
      vertex 69.9101 -48 29.1963
      vertex 120.152 -48 165
      vertex 69.8861 -48 29.2463
    endloop
  endfacet
  facet normal 0 -1 0
    outer loop
      vertex 69.9225 -48 29.1422
      vertex 120.152 -48 165
      vertex 69.9101 -48 29.1963
    endloop
  endfacet
  facet normal 0 -1 0
    outer loop
      vertex 69.9699 -48 28.9344
      vertex 120.152 -48 165
      vertex 69.9225 -48 29.1422
    endloop
  endfacet
  facet normal 0 -1 0
    outer loop
      vertex 120.152 -48 165
      vertex 69.9699 -48 28.9344
      vertex 69.9699 -48 27.1258
    endloop
  endfacet
  facet normal 0 -1 0
    outer loop
      vertex 62 45 14
      vertex 12 45 165
      vertex 12 45 14
    endloop
  endfacet
  facet normal 0 -1 0
    outer loop
      vertex 12 45 165
      vertex 62 45 14
      vertex 116.959 45 165
    endloop
  endfacet
  facet normal -0.939694 0 0.342017
    outer loop
      vertex 62 -45 14
      vertex 116.959 45 165
      vertex 62 45 14
    endloop
  endfacet
  facet normal -0.939694 0 0.342017
    outer loop
      vertex 116.959 45 165
      vertex 62 -45 14
      vertex 116.959 -45 165
    endloop
  endfacet
  facet normal 0 1 -0
    outer loop
      vertex 62 -45 14
      vertex 12 -45 165
      vertex 116.959 -45 165
    endloop
  endfacet
  facet normal 0 1 0
    outer loop
      vertex 12 -45 165
      vertex 62 -45 14
      vertex 12 -45 14
    endloop
  endfacet
  facet normal 1 -0 0
    outer loop
      vertex 12 -45 165
      vertex 12 45 14
      vertex 12 45 165
    endloop
  endfacet
  facet normal 1 0 0
    outer loop
      vertex 12 45 14
      vertex 12 -45 165
      vertex 12 -45 14
    endloop
  endfacet
endsolid OpenSCAD_Model
