solid OpenSCAD_Model
  facet normal 0 0 -1
    outer loop
      vertex 33 -82 0
      vertex 37 -82 0
      vertex 37 -88 0
    endloop
  endfacet
  facet normal 0 0 -1
    outer loop
      vertex 37 -82 0
      vertex 33 -82 0
      vertex 37 -78 0
    endloop
  endfacet
  facet normal 0 0 -1
    outer loop
      vertex 33 -82 0
      vertex 37 -88 0
      vertex 33 -88 0
    endloop
  endfacet
  facet normal 0 0 -1
    outer loop
      vertex 37 -82 0
      vertex 49 -78 0
      vertex 49 -82 0
    endloop
  endfacet
  facet normal -0 0 -1
    outer loop
      vertex 49 -78 0
      vertex 37 -82 0
      vertex 37 -78 0
    endloop
  endfacet
  facet normal 0 0 -1
    outer loop
      vertex 69 2.5 0
      vertex 51.8613 5.5 0
      vertex 69 5.5 0
    endloop
  endfacet
  facet normal 0 0 -1
    outer loop
      vertex 52 74.5 0
      vertex 51.1273 76.994 0
      vertex 51.6039 76.2355 0
    endloop
  endfacet
  facet normal 0 0 -1
    outer loop
      vertex 52 6.5 0
      vertex 47.5 75.0594 0
      vertex 51.1273 76.994 0
    endloop
  endfacet
  facet normal -0 0 -1
    outer loop
      vertex 51.1273 76.994 0
      vertex 47.5 75.0594 0
      vertex 50.494 77.6273 0
    endloop
  endfacet
  facet normal -0 0 -1
    outer loop
      vertex 50.494 77.6273 0
      vertex 47.5 75.0594 0
      vertex 49.7355 78.1039 0
    endloop
  endfacet
  facet normal -0 0 -1
    outer loop
      vertex 49.7355 78.1039 0
      vertex 47.5 75.0594 0
      vertex 48.8901 78.3997 0
    endloop
  endfacet
  facet normal -0 0 -1
    outer loop
      vertex 52 6.5 0
      vertex 47.5 5.92981 0
      vertex 47.5 75.0594 0
    endloop
  endfacet
  facet normal 0 0 -1
    outer loop
      vertex 37 2.5 0
      vertex 51.8613 5.5 0
      vertex 69 2.5 0
    endloop
  endfacet
  facet normal 0 0 -1
    outer loop
      vertex 51.8613 5.5 0
      vertex 46.8843 5.63329 0
      vertex 47.5 5.92981 0
    endloop
  endfacet
  facet normal 0 -0 -1
    outer loop
      vertex 46 5.5 0
      vertex 51.8613 5.5 0
      vertex 37 2.5 0
    endloop
  endfacet
  facet normal 0 0 -1
    outer loop
      vertex 51.8613 5.5 0
      vertex 46 5.5 0
      vertex 46.8843 5.63329 0
    endloop
  endfacet
  facet normal -0 0 -1
    outer loop
      vertex 37 -78 0
      vertex 33 -82 0
      vertex 33 -78 0
    endloop
  endfacet
  facet normal 0 0 -1
    outer loop
      vertex 37 -78 0
      vertex 33 -78 0
      vertex 37 2.5 0
    endloop
  endfacet
  facet normal 0 0 -1
    outer loop
      vertex 33 2.5 0
      vertex 37 2.5 0
      vertex 33 -78 0
    endloop
  endfacet
  facet normal 0 0 -1
    outer loop
      vertex 33 2.5 0
      vertex 46 5.5 0
      vertex 37 2.5 0
    endloop
  endfacet
  facet normal 0 0 -1
    outer loop
      vertex -33 2.5 0
      vertex 46 5.5 0
      vertex 33 2.5 0
    endloop
  endfacet
  facet normal 0 0 -1
    outer loop
      vertex -37 -78 0
      vertex -33 -78 0
      vertex -37 -82 0
    endloop
  endfacet
  facet normal 0 0 -1
    outer loop
      vertex -33 -78 0
      vertex -37 -78 0
      vertex -33 2.5 0
    endloop
  endfacet
  facet normal 0 0 -1
    outer loop
      vertex -37 2.5 0
      vertex -33 2.5 0
      vertex -37 -78 0
    endloop
  endfacet
  facet normal 0 0 -1
    outer loop
      vertex -46 5.5 0
      vertex -33 2.5 0
      vertex -37 2.5 0
    endloop
  endfacet
  facet normal 0 0 -1
    outer loop
      vertex -33 2.5 0
      vertex -46 5.5 0
      vertex 46 5.5 0
    endloop
  endfacet
  facet normal 0 0 -1
    outer loop
      vertex -51.8613 5.5 0
      vertex -46 5.5 0
      vertex -37 2.5 0
    endloop
  endfacet
  facet normal 0 0 -1
    outer loop
      vertex -52 74.5 0
      vertex -47.5 75.0702 0
      vertex -47.5 5.94062 0
    endloop
  endfacet
  facet normal 0 -0 -1
    outer loop
      vertex -51.8997 75.3901 0
      vertex -47.5 75.0702 0
      vertex -52 74.5 0
    endloop
  endfacet
  facet normal 0 0 -1
    outer loop
      vertex -47.5 75.0702 0
      vertex -48.8901 78.3997 0
      vertex -48 78.5 0
    endloop
  endfacet
  facet normal 0 0 -1
    outer loop
      vertex -47.5 75.0702 0
      vertex -49.7355 78.1039 0
      vertex -48.8901 78.3997 0
    endloop
  endfacet
  facet normal 0 0 -1
    outer loop
      vertex -47.5 75.0702 0
      vertex -50.494 77.6273 0
      vertex -49.7355 78.1039 0
    endloop
  endfacet
  facet normal 0 0 -1
    outer loop
      vertex -47.5 75.0702 0
      vertex -51.1273 76.994 0
      vertex -50.494 77.6273 0
    endloop
  endfacet
  facet normal 0 0 -1
    outer loop
      vertex -52 6.5 0
      vertex -47.5 5.94062 0
      vertex -51.8613 5.5 0
    endloop
  endfacet
  facet normal -0 0 -1
    outer loop
      vertex -47.096 5.70738 0
      vertex -51.8613 5.5 0
      vertex -47.5 5.94062 0
    endloop
  endfacet
  facet normal 0 0 -1
    outer loop
      vertex -46 5.5 0
      vertex -51.8613 5.5 0
      vertex -47.096 5.70738 0
    endloop
  endfacet
  facet normal 0 0 -1
    outer loop
      vertex -69 2.5 0
      vertex -51.8613 5.5 0
      vertex -37 2.5 0
    endloop
  endfacet
  facet normal -0 0 -1
    outer loop
      vertex -51.8613 5.5 0
      vertex -69 2.5 0
      vertex -69 5.5 0
    endloop
  endfacet
  facet normal 0 0 -1
    outer loop
      vertex 51.8613 5.5 0
      vertex 52 6.5 0
      vertex 51.8997 5.60991 0
    endloop
  endfacet
  facet normal 0 0 -1
    outer loop
      vertex 47.5 5.92981 0
      vertex 52 6.5 0
      vertex 51.8613 5.5 0
    endloop
  endfacet
  facet normal 0 0 -1
    outer loop
      vertex 51.1273 76.994 0
      vertex 52 74.5 0
      vertex 52 6.5 0
    endloop
  endfacet
  facet normal 0 0 -1
    outer loop
      vertex 52 74.5 0
      vertex 51.6039 76.2355 0
      vertex 51.8997 75.3901 0
    endloop
  endfacet
  facet normal -0 0 -1
    outer loop
      vertex 48.8901 78.3997 0
      vertex 47.5 75.0594 0
      vertex 48 78.5 0
    endloop
  endfacet
  facet normal 0 0 -1
    outer loop
      vertex 47.096 75.2926 0
      vertex 48 78.5 0
      vertex 47.5 75.0594 0
    endloop
  endfacet
  facet normal 0 0 -1
    outer loop
      vertex 46 75.5 0
      vertex 48 78.5 0
      vertex 47.096 75.2926 0
    endloop
  endfacet
  facet normal 0 0 -1
    outer loop
      vertex -46 75.5 0
      vertex 48 78.5 0
      vertex 46 75.5 0
    endloop
  endfacet
  facet normal 0 0 -1
    outer loop
      vertex -46 75.5 0
      vertex -48 78.5 0
      vertex 48 78.5 0
    endloop
  endfacet
  facet normal 0 0 -1
    outer loop
      vertex -46.8843 75.3667 0
      vertex -48 78.5 0
      vertex -46 75.5 0
    endloop
  endfacet
  facet normal 0 0 -1
    outer loop
      vertex -48 78.5 0
      vertex -46.8843 75.3667 0
      vertex -47.5 75.0702 0
    endloop
  endfacet
  facet normal 0 0 -1
    outer loop
      vertex -49 -82 0
      vertex -37 -78 0
      vertex -37 -82 0
    endloop
  endfacet
  facet normal -0 0 -1
    outer loop
      vertex -37 -78 0
      vertex -49 -82 0
      vertex -49 -78 0
    endloop
  endfacet
  facet normal 0 0 -1
    outer loop
      vertex -52 6.5 0
      vertex -51.8613 5.5 0
      vertex -51.8997 5.60991 0
    endloop
  endfacet
  facet normal 0 0 -1
    outer loop
      vertex -52 74.5 0
      vertex -47.5 5.94062 0
      vertex -52 6.5 0
    endloop
  endfacet
  facet normal 0 0 -1
    outer loop
      vertex -47.5 75.0702 0
      vertex -51.6039 76.2355 0
      vertex -51.1273 76.994 0
    endloop
  endfacet
  facet normal 0 0 -1
    outer loop
      vertex -47.5 75.0702 0
      vertex -51.8997 75.3901 0
      vertex -51.6039 76.2355 0
    endloop
  endfacet
  facet normal 0 0 -1
    outer loop
      vertex -37 -88 0
      vertex -33 -82 0
      vertex -33 -88 0
    endloop
  endfacet
  facet normal 0 0 -1
    outer loop
      vertex -37 -82 0
      vertex -33 -82 0
      vertex -37 -88 0
    endloop
  endfacet
  facet normal 0 0 -1
    outer loop
      vertex -33 -82 0
      vertex -37 -82 0
      vertex -33 -78 0
    endloop
  endfacet
  facet normal 0 0 -1
    outer loop
      vertex -33 -82 0
      vertex 33 -78 0
      vertex 33 -82 0
    endloop
  endfacet
  facet normal -0 0 -1
    outer loop
      vertex 33 -78 0
      vertex -33 -82 0
      vertex -33 -78 0
    endloop
  endfacet
  facet normal 0 0 -1
    outer loop
      vertex 46 -67 22
      vertex 49 -64 22
      vertex 48.7926 -65.096 22
    endloop
  endfacet
  facet normal 0 0 -1
    outer loop
      vertex 46 -67 22
      vertex 48.7926 -65.096 22
      vertex 48.3455 -65.8705 22
    endloop
  endfacet
  facet normal 0 0 -1
    outer loop
      vertex 46 -67 22
      vertex 48.3455 -65.8705 22
      vertex 47.69 -66.4787 22
    endloop
  endfacet
  facet normal 0 0 -1
    outer loop
      vertex 46 -67 22
      vertex 47.69 -66.4787 22
      vertex 46.8843 -66.8667 22
    endloop
  endfacet
  facet normal -0 0 -1
    outer loop
      vertex 49 -64 22
      vertex 46 -67 22
      vertex 44 5.6 22
    endloop
  endfacet
  facet normal 0 0 -1
    outer loop
      vertex 49 -64 22
      vertex 44 5.6 22
      vertex 49 5.6 22
    endloop
  endfacet
  facet normal 0 0 -1
    outer loop
      vertex 44 5.6 22
      vertex -44 5.6 22
      vertex 44 75.1 22
    endloop
  endfacet
  facet normal 0 0 -1
    outer loop
      vertex 46 -67 22
      vertex -44 5.6 22
      vertex 44 5.6 22
    endloop
  endfacet
  facet normal 0 0 -1
    outer loop
      vertex -46 -67 22
      vertex -44 5.6 22
      vertex 46 -67 22
    endloop
  endfacet
  facet normal 0 0 -1
    outer loop
      vertex -49 -64 22
      vertex -46 -67 22
      vertex -47.096 -66.7926 22
    endloop
  endfacet
  facet normal 0 0 -1
    outer loop
      vertex -49 -64 22
      vertex -47.096 -66.7926 22
      vertex -47.8705 -66.3455 22
    endloop
  endfacet
  facet normal 0 0 -1
    outer loop
      vertex -49 -64 22
      vertex -47.8705 -66.3455 22
      vertex -48.4787 -65.6899 22
    endloop
  endfacet
  facet normal 0 0 -1
    outer loop
      vertex -49 -64 22
      vertex -48.4787 -65.6899 22
      vertex -48.8667 -64.8842 22
    endloop
  endfacet
  facet normal 0 0 -1
    outer loop
      vertex -46 -67 22
      vertex -49 -64 22
      vertex -44 5.6 22
    endloop
  endfacet
  facet normal -0 0 -1
    outer loop
      vertex -44 5.6 22
      vertex -49 -64 22
      vertex -49 5.6 22
    endloop
  endfacet
  facet normal -0 0 -1
    outer loop
      vertex 44 75.1 22
      vertex -44 5.6 22
      vertex -44 75.1 22
    endloop
  endfacet
  facet normal -0 0 1
    outer loop
      vertex -46 75.5 22
      vertex -44 75.1 22
      vertex -44 75.5 22
    endloop
  endfacet
  facet normal 0 0 1
    outer loop
      vertex -46 75.5 22
      vertex -46 75.1 22
      vertex -44 75.1 22
    endloop
  endfacet
  facet normal -0 0 1
    outer loop
      vertex -46.8843 75.3667 22
      vertex -46 75.1 22
      vertex -46 75.5 22
    endloop
  endfacet
  facet normal 0 0 1
    outer loop
      vertex -46.8843 75.3667 22
      vertex -46.8843 74.9667 22
      vertex -46 75.1 22
    endloop
  endfacet
  facet normal -0 0 1
    outer loop
      vertex -47.69 74.9787 22
      vertex -46.8843 74.9667 22
      vertex -46.8843 75.3667 22
    endloop
  endfacet
  facet normal 0 0 1
    outer loop
      vertex -47.69 74.9787 22
      vertex -47.69 74.5787 22
      vertex -46.8843 74.9667 22
    endloop
  endfacet
  facet normal 0 0 1
    outer loop
      vertex -48.3455 74.3705 22
      vertex -47.69 74.5787 22
      vertex -47.69 74.9787 22
    endloop
  endfacet
  facet normal -0 0 1
    outer loop
      vertex -48.3455 74.3705 22
      vertex -48.3455 73.9705 22
      vertex -47.69 74.5787 22
    endloop
  endfacet
  facet normal 0 0 1
    outer loop
      vertex -48.7926 73.596 22
      vertex -48.3455 73.9705 22
      vertex -48.3455 74.3705 22
    endloop
  endfacet
  facet normal -0 0 1
    outer loop
      vertex -48.7926 73.596 22
      vertex -48.7926 73.196 22
      vertex -48.3455 73.9705 22
    endloop
  endfacet
  facet normal 0 0 1
    outer loop
      vertex -49 72.5 22
      vertex -48.7926 73.196 22
      vertex -48.7926 73.596 22
    endloop
  endfacet
  facet normal 0 0 1
    outer loop
      vertex -48.7926 73.196 22
      vertex -49 72.5 22
      vertex -49 72.1 22
    endloop
  endfacet
  facet normal -0 0 1
    outer loop
      vertex 48.8667 72.9843 22
      vertex 49 72.5 22
      vertex 48.8667 73.3843 22
    endloop
  endfacet
  facet normal 0 0 1
    outer loop
      vertex 49 72.5 22
      vertex 48.8667 72.9843 22
      vertex 49 72.1 22
    endloop
  endfacet
  facet normal -0 0 1
    outer loop
      vertex 48.4787 73.7899 22
      vertex 48.8667 73.3843 22
      vertex 48.4787 74.19 22
    endloop
  endfacet
  facet normal 0 0 1
    outer loop
      vertex 48.8667 73.3843 22
      vertex 48.4787 73.7899 22
      vertex 48.8667 72.9843 22
    endloop
  endfacet
  facet normal -0 0 1
    outer loop
      vertex 47.8705 74.4455 22
      vertex 48.4787 74.19 22
      vertex 47.8705 74.8455 22
    endloop
  endfacet
  facet normal 0 0 1
    outer loop
      vertex 48.4787 74.19 22
      vertex 47.8705 74.4455 22
      vertex 48.4787 73.7899 22
    endloop
  endfacet
  facet normal -0 0 1
    outer loop
      vertex 47.096 74.8926 22
      vertex 47.8705 74.8455 22
      vertex 47.096 75.2926 22
    endloop
  endfacet
  facet normal 0 0 1
    outer loop
      vertex 47.8705 74.8455 22
      vertex 47.096 74.8926 22
      vertex 47.8705 74.4455 22
    endloop
  endfacet
  facet normal 0 0 1
    outer loop
      vertex 46 75.1 22
      vertex 47.096 75.2926 22
      vertex 46 75.5 22
    endloop
  endfacet
  facet normal 0 0 1
    outer loop
      vertex 47.096 75.2926 22
      vertex 46 75.1 22
      vertex 47.096 74.8926 22
    endloop
  endfacet
  facet normal -0 0 1
    outer loop
      vertex 44 75.5 22
      vertex 46 75.1 22
      vertex 46 75.5 22
    endloop
  endfacet
  facet normal 0 0 1
    outer loop
      vertex 46 75.1 22
      vertex 44 75.5 22
      vertex 44 75.1 22
    endloop
  endfacet
  facet normal 0.986394 -4.70383e-07 -0.164399
    outer loop
      vertex -44.1667 5.6 20
      vertex -46 75.5 9
      vertex -44 75.5 21
    endloop
  endfacet
  facet normal 0.986393 0 -0.164406
    outer loop
      vertex -46 75.5 9
      vertex -46 5.5 9
      vertex -46.8843 75.3667 3.69443
    endloop
  endfacet
  facet normal 0.986394 8.08914e-07 -0.164396
    outer loop
      vertex -47.096 5.70738 2.42386
      vertex -46.8843 75.3667 3.69443
      vertex -46 5.5 9
    endloop
  endfacet
  facet normal 0.986392 0 -0.164408
    outer loop
      vertex -47.5 75.0702 0
      vertex -47.096 5.70738 2.42386
      vertex -47.5 5.94062 0
    endloop
  endfacet
  facet normal 0.986389 0 -0.164431
    outer loop
      vertex -44.1667 5.6 20
      vertex -44 75.5 21
      vertex -44 5.6 21
    endloop
  endfacet
  facet normal 0.986394 0 -0.164396
    outer loop
      vertex -46 75.5 9
      vertex -44.1667 5.6 20
      vertex -46 5.5 9
    endloop
  endfacet
  facet normal 0.986393 0.000658795 -0.164402
    outer loop
      vertex -46 5.5 9
      vertex -44.1667 5.6 20
      vertex -44.1733 5.5 19.96
    endloop
  endfacet
  facet normal 0.986396 6.87543e-07 -0.164389
    outer loop
      vertex -46.8843 75.3667 3.69443
      vertex -47.096 5.70738 2.42386
      vertex -47.5 75.0702 0
    endloop
  endfacet
  facet normal 0 -1 0
    outer loop
      vertex -44 75.5 21
      vertex 44 75.5 22
      vertex -44 75.5 22
    endloop
  endfacet
  facet normal 0 -1 0
    outer loop
      vertex -44 75.5 21
      vertex 44 75.5 21
      vertex 44 75.5 22
    endloop
  endfacet
  facet normal 0 -1 0
    outer loop
      vertex -46 75.5 9
      vertex 44 75.5 21
      vertex -44 75.5 21
    endloop
  endfacet
  facet normal 0 -1 0
    outer loop
      vertex -46 75.5 9
      vertex 46 75.5 9
      vertex 44 75.5 21
    endloop
  endfacet
  facet normal 0 -1 0
    outer loop
      vertex -46 75.5 0
      vertex 46 75.5 9
      vertex -46 75.5 9
    endloop
  endfacet
  facet normal 0 -1 -0
    outer loop
      vertex 46 75.5 9
      vertex -46 75.5 0
      vertex 46 75.5 0
    endloop
  endfacet
  facet normal 0 -1 0
    outer loop
      vertex -46 75.5 33
      vertex 46 75.5 168
      vertex -46 75.5 168
    endloop
  endfacet
  facet normal 0 -1 0
    outer loop
      vertex -46 75.5 33
      vertex 46 75.5 33
      vertex 46 75.5 168
    endloop
  endfacet
  facet normal 0 -1 0
    outer loop
      vertex -44 75.5 22
      vertex -46 75.5 33
      vertex -46 75.5 31
    endloop
  endfacet
  facet normal 0 -1 0
    outer loop
      vertex -46 75.5 33
      vertex -44 75.5 22
      vertex 46 75.5 33
    endloop
  endfacet
  facet normal 0 -1 0
    outer loop
      vertex -44 75.5 22
      vertex -46 75.5 31
      vertex -46 75.5 22
    endloop
  endfacet
  facet normal 0 -1 0
    outer loop
      vertex 44 75.5 22
      vertex 46 75.5 33
      vertex -44 75.5 22
    endloop
  endfacet
  facet normal 0 -1 -0
    outer loop
      vertex 46 75.5 33
      vertex 44 75.5 22
      vertex 46 75.5 31
    endloop
  endfacet
  facet normal 0 -1 -0
    outer loop
      vertex 46 75.5 31
      vertex 44 75.5 22
      vertex 46 75.5 22
    endloop
  endfacet
  facet normal 1 0 0
    outer loop
      vertex -49 72.5 26.5
      vertex -49 72.1 25
      vertex -49 72.5 22
    endloop
  endfacet
  facet normal 1 -0 0
    outer loop
      vertex -49 8.5 26.5
      vertex -49 72.1 25
      vertex -49 72.5 26.5
    endloop
  endfacet
  facet normal 1 0 0
    outer loop
      vertex -49 72.1 25
      vertex -49 8.5 26.5
      vertex -49 8.5 25
    endloop
  endfacet
  facet normal 1 0 0
    outer loop
      vertex -49 72.5 22
      vertex -49 72.1 25
      vertex -49 72.1 22
    endloop
  endfacet
  facet normal -1 0 0
    outer loop
      vertex -49 -64 22
      vertex -49 5.6 25
      vertex -49 5.6 22
    endloop
  endfacet
  facet normal -1 -0 0
    outer loop
      vertex -49 5.6 25
      vertex -49 -64 22
      vertex -49 -64 25
    endloop
  endfacet
  facet normal 1 -0 0
    outer loop
      vertex -49 8.5 168
      vertex -49 72.5 33
      vertex -49 72.5 168
    endloop
  endfacet
  facet normal 1 0 0
    outer loop
      vertex -49 72.5 33
      vertex -49 8.5 168
      vertex -49 8.5 33
    endloop
  endfacet
  facet normal 0 1 0
    outer loop
      vertex 75 5.5 126
      vertex 69 5.5 132
      vertex 70.3351 5.5 131.85
    endloop
  endfacet
  facet normal 0 1 0
    outer loop
      vertex 75 5.5 126
      vertex 70.3351 5.5 131.85
      vertex 71.192 5.5 131.585
    endloop
  endfacet
  facet normal 0 1 0
    outer loop
      vertex 75 5.5 126
      vertex 71.192 5.5 131.585
      vertex 72 5.5 131.196
    endloop
  endfacet
  facet normal 0 1 0
    outer loop
      vertex 75 5.5 126
      vertex 72 5.5 131.196
      vertex 72.7409 5.5 130.691
    endloop
  endfacet
  facet normal 0 1 0
    outer loop
      vertex 75 5.5 126
      vertex 72.7409 5.5 130.691
      vertex 73.3983 5.5 130.081
    endloop
  endfacet
  facet normal 0 1 0
    outer loop
      vertex 75 5.5 126
      vertex 73.3983 5.5 130.081
      vertex 73.9574 5.5 129.38
    endloop
  endfacet
  facet normal 0 1 0
    outer loop
      vertex 75 5.5 126
      vertex 73.9574 5.5 129.38
      vertex 74.4058 5.5 128.603
    endloop
  endfacet
  facet normal 0 1 0
    outer loop
      vertex 75 5.5 126
      vertex 74.4058 5.5 128.603
      vertex 74.7334 5.5 127.769
    endloop
  endfacet
  facet normal 0 1 0
    outer loop
      vertex 75 5.5 126
      vertex 74.7334 5.5 127.769
      vertex 74.933 5.5 126.894
    endloop
  endfacet
  facet normal 0 1 0
    outer loop
      vertex 69 5.5 132
      vertex 75 5.5 126
      vertex 51.8613 5.5 132
    endloop
  endfacet
  facet normal 0 1 -0
    outer loop
      vertex 75 5.5 6
      vertex 51.8613 5.5 132
      vertex 75 5.5 126
    endloop
  endfacet
  facet normal 0 1 0
    outer loop
      vertex 69 5.5 0
      vertex 75 5.5 6
      vertex 74.8496 5.5 4.66487
    endloop
  endfacet
  facet normal 0 1 0
    outer loop
      vertex 69 5.5 0
      vertex 74.8496 5.5 4.66487
      vertex 74.5852 5.5 3.80795
    endloop
  endfacet
  facet normal 0 1 0
    outer loop
      vertex 69 5.5 0
      vertex 74.5852 5.5 3.80795
      vertex 74.1962 5.5 3
    endloop
  endfacet
  facet normal 0 1 0
    outer loop
      vertex 69 5.5 0
      vertex 74.1962 5.5 3
      vertex 73.691 5.5 2.25906
    endloop
  endfacet
  facet normal 0 1 0
    outer loop
      vertex 69 5.5 0
      vertex 73.691 5.5 2.25906
      vertex 73.081 5.5 1.60168
    endloop
  endfacet
  facet normal 0 1 0
    outer loop
      vertex 69 5.5 0
      vertex 73.081 5.5 1.60168
      vertex 72.3799 5.5 1.04257
    endloop
  endfacet
  facet normal 0 1 0
    outer loop
      vertex 69 5.5 0
      vertex 72.3799 5.5 1.04257
      vertex 71.6033 5.5 0.594193
    endloop
  endfacet
  facet normal 0 1 0
    outer loop
      vertex 69 5.5 0
      vertex 71.6033 5.5 0.594193
      vertex 70.7685 5.5 0.266556
    endloop
  endfacet
  facet normal 0 1 0
    outer loop
      vertex 69 5.5 0
      vertex 70.7685 5.5 0.266556
      vertex 69.8943 5.5 0.0670166
    endloop
  endfacet
  facet normal 0 1 0
    outer loop
      vertex 75 5.5 6
      vertex 69 5.5 0
      vertex 51.8613 5.5 0
    endloop
  endfacet
  facet normal 0 1 0
    outer loop
      vertex 75 5.5 6
      vertex 51.8613 5.5 0
      vertex 51.8613 5.5 132
    endloop
  endfacet
  facet normal 0 1 0
    outer loop
      vertex -75 5.5 126
      vertex -69 5.5 132
      vertex -51.8613 5.5 132
    endloop
  endfacet
  facet normal 0 1 0
    outer loop
      vertex -69 5.5 132
      vertex -75 5.5 126
      vertex -69.8943 5.5 131.933
    endloop
  endfacet
  facet normal 0 1 0
    outer loop
      vertex -69.8943 5.5 131.933
      vertex -75 5.5 126
      vertex -70.7685 5.5 131.733
    endloop
  endfacet
  facet normal 0 1 0
    outer loop
      vertex -70.7685 5.5 131.733
      vertex -75 5.5 126
      vertex -71.6033 5.5 131.406
    endloop
  endfacet
  facet normal 0 1 0
    outer loop
      vertex -71.6033 5.5 131.406
      vertex -75 5.5 126
      vertex -72.3799 5.5 130.957
    endloop
  endfacet
  facet normal 0 1 0
    outer loop
      vertex -72.3799 5.5 130.957
      vertex -75 5.5 126
      vertex -73.081 5.5 130.398
    endloop
  endfacet
  facet normal 0 1 0
    outer loop
      vertex -73.081 5.5 130.398
      vertex -75 5.5 126
      vertex -73.691 5.5 129.741
    endloop
  endfacet
  facet normal 0 1 0
    outer loop
      vertex -73.691 5.5 129.741
      vertex -75 5.5 126
      vertex -74.1962 5.5 129
    endloop
  endfacet
  facet normal 0 1 0
    outer loop
      vertex -74.1962 5.5 129
      vertex -75 5.5 126
      vertex -74.5852 5.5 128.192
    endloop
  endfacet
  facet normal 0 1 0
    outer loop
      vertex -74.5852 5.5 128.192
      vertex -75 5.5 126
      vertex -74.8496 5.5 127.335
    endloop
  endfacet
  facet normal 0 1 0
    outer loop
      vertex -51.8613 5.5 132
      vertex -75 5.5 6
      vertex -75 5.5 126
    endloop
  endfacet
  facet normal 0 1 -0
    outer loop
      vertex -51.8613 5.5 0
      vertex -75 5.5 6
      vertex -51.8613 5.5 132
    endloop
  endfacet
  facet normal 0 1 -0
    outer loop
      vertex -69 5.5 0
      vertex -75 5.5 6
      vertex -51.8613 5.5 0
    endloop
  endfacet
  facet normal 0 1 0
    outer loop
      vertex -75 5.5 6
      vertex -69 5.5 0
      vertex -74.933 5.5 5.10574
    endloop
  endfacet
  facet normal 0 1 0
    outer loop
      vertex -74.933 5.5 5.10574
      vertex -69 5.5 0
      vertex -74.7334 5.5 4.23148
    endloop
  endfacet
  facet normal 0 1 0
    outer loop
      vertex -74.7334 5.5 4.23148
      vertex -69 5.5 0
      vertex -74.4058 5.5 3.3967
    endloop
  endfacet
  facet normal 0 1 0
    outer loop
      vertex -74.4058 5.5 3.3967
      vertex -69 5.5 0
      vertex -73.9574 5.5 2.62009
    endloop
  endfacet
  facet normal 0 1 0
    outer loop
      vertex -73.9574 5.5 2.62009
      vertex -69 5.5 0
      vertex -73.3983 5.5 1.91896
    endloop
  endfacet
  facet normal 0 1 0
    outer loop
      vertex -73.3983 5.5 1.91896
      vertex -69 5.5 0
      vertex -72.7409 5.5 1.30901
    endloop
  endfacet
  facet normal 0 1 0
    outer loop
      vertex -72.7409 5.5 1.30901
      vertex -69 5.5 0
      vertex -72 5.5 0.803848
    endloop
  endfacet
  facet normal 0 1 0
    outer loop
      vertex -72 5.5 0.803848
      vertex -69 5.5 0
      vertex -71.192 5.5 0.414764
    endloop
  endfacet
  facet normal 0 1 0
    outer loop
      vertex -71.192 5.5 0.414764
      vertex -69 5.5 0
      vertex -70.3351 5.5 0.150436
    endloop
  endfacet
  facet normal 0 1 0
    outer loop
      vertex 46 5.5 9
      vertex -44.1733 5.5 19.96
      vertex 44.1733 5.5 19.96
    endloop
  endfacet
  facet normal 0 1 0
    outer loop
      vertex 46 5.5 9
      vertex -46 5.5 9
      vertex -44.1733 5.5 19.96
    endloop
  endfacet
  facet normal 0 1 -0
    outer loop
      vertex 46 5.5 0
      vertex -46 5.5 9
      vertex 46 5.5 9
    endloop
  endfacet
  facet normal 0 1 0
    outer loop
      vertex -46 5.5 9
      vertex 46 5.5 0
      vertex -46 5.5 0
    endloop
  endfacet
  facet normal 0 1 0
    outer loop
      vertex 46 5.5 168
      vertex 45.5 5.5 75.04
      vertex -46 5.5 168
    endloop
  endfacet
  facet normal 0 1 0
    outer loop
      vertex 46 5.5 168
      vertex 45.5027 5.5 75.0399
      vertex 45.5 5.5 75.04
    endloop
  endfacet
  facet normal -0 1 0
    outer loop
      vertex 45.5027 5.5 75.0399
      vertex 46 5.5 168
      vertex 46 5.5 75.0064
    endloop
  endfacet
  facet normal 0 1 -0
    outer loop
      vertex -45.5 5.5 75.04
      vertex -46 5.5 168
      vertex 45.5 5.5 75.04
    endloop
  endfacet
  facet normal 0 1 -0
    outer loop
      vertex -45.5036 5.5 75.0398
      vertex -46 5.5 168
      vertex -45.5 5.5 75.04
    endloop
  endfacet
  facet normal 0 1 0
    outer loop
      vertex -46 5.5 168
      vertex -45.5036 5.5 75.0398
      vertex -46 5.5 74.9952
    endloop
  endfacet
  facet normal 1 -0 0
    outer loop
      vertex -44 75.1 22
      vertex -44 75.5 21
      vertex -44 75.5 22
    endloop
  endfacet
  facet normal 1 0 0
    outer loop
      vertex -44 5.6 21
      vertex -44 75.1 22
      vertex -44 5.6 22
    endloop
  endfacet
  facet normal 1 0 0
    outer loop
      vertex -44 75.1 22
      vertex -44 5.6 21
      vertex -44 75.5 21
    endloop
  endfacet
  facet normal -1 0 0
    outer loop
      vertex 44 75.5 21
      vertex 44 75.1 22
      vertex 44 75.5 22
    endloop
  endfacet
  facet normal -1 0 0
    outer loop
      vertex 44 5.6 21
      vertex 44 75.1 22
      vertex 44 75.5 21
    endloop
  endfacet
  facet normal -1 -0 0
    outer loop
      vertex 44 75.1 22
      vertex 44 5.6 21
      vertex 44 5.6 22
    endloop
  endfacet
  facet normal 1 -0 0
    outer loop
      vertex 49 -64 25
      vertex 49 5.6 22
      vertex 49 5.6 25
    endloop
  endfacet
  facet normal 1 0 0
    outer loop
      vertex 49 5.6 22
      vertex 49 -64 25
      vertex 49 -64 22
    endloop
  endfacet
  facet normal -1 0 0
    outer loop
      vertex 49 72.1 25
      vertex 49 72.5 22
      vertex 49 72.1 22
    endloop
  endfacet
  facet normal -1 0 0
    outer loop
      vertex 49 72.5 22
      vertex 49 72.1 25
      vertex 49 72.5 26.5
    endloop
  endfacet
  facet normal -1 0 0
    outer loop
      vertex 49 8.5 26.5
      vertex 49 72.1 25
      vertex 49 8.5 25
    endloop
  endfacet
  facet normal -1 0 0
    outer loop
      vertex 49 72.1 25
      vertex 49 8.5 26.5
      vertex 49 72.5 26.5
    endloop
  endfacet
  facet normal -1 0 0
    outer loop
      vertex 49 8.5 33
      vertex 49 72.5 168
      vertex 49 72.5 33
    endloop
  endfacet
  facet normal -1 -0 0
    outer loop
      vertex 49 72.5 168
      vertex 49 8.5 33
      vertex 49 8.5 168
    endloop
  endfacet
  facet normal -0.986394 -0 -0.164396
    outer loop
      vertex 46 75.5 9
      vertex 46 5.5 9
      vertex 44.1667 5.6 20
    endloop
  endfacet
  facet normal -0.986393 0.000658795 -0.164402
    outer loop
      vertex 44.1667 5.6 20
      vertex 46 5.5 9
      vertex 44.1733 5.5 19.96
    endloop
  endfacet
  facet normal -0.986394 -8.08914e-07 -0.164396
    outer loop
      vertex 46.8843 5.63329 3.69443
      vertex 46 75.5 9
      vertex 47.096 75.2926 2.42386
    endloop
  endfacet
  facet normal -0.986392 -1.04458e-06 -0.164408
    outer loop
      vertex 46.8843 5.63329 3.69443
      vertex 47.096 75.2926 2.42386
      vertex 47.5 75.0594 0
    endloop
  endfacet
  facet normal -0.986396 0 -0.164389
    outer loop
      vertex 46.8843 5.63329 3.69443
      vertex 47.5 75.0594 0
      vertex 47.5 5.92981 0
    endloop
  endfacet
  facet normal -0.986393 0 -0.164406
    outer loop
      vertex 46 5.5 9
      vertex 46 75.5 9
      vertex 46.8843 5.63329 3.69443
    endloop
  endfacet
  facet normal -0.986394 -4.70383e-07 -0.164399
    outer loop
      vertex 46 75.5 9
      vertex 44.1667 5.6 20
      vertex 44 75.5 21
    endloop
  endfacet
  facet normal -0.986389 -0 -0.164431
    outer loop
      vertex 44 75.5 21
      vertex 44.1667 5.6 20
      vertex 44 5.6 21
    endloop
  endfacet
  facet normal 0 0 -1
    outer loop
      vertex -49 72.5 26.5
      vertex -48.5 74.1029 26.5
      vertex -48.5 6.85424 26.5
    endloop
  endfacet
  facet normal 0 0 -1
    outer loop
      vertex -49 8.5 26.5
      vertex -48.5 6.85424 26.5
      vertex -48.8667 7.61574 26.5
    endloop
  endfacet
  facet normal 0 0 -1
    outer loop
      vertex -49 72.5 26.5
      vertex -48.5 6.85424 26.5
      vertex -49 8.5 26.5
    endloop
  endfacet
  facet normal 0 0 -1
    outer loop
      vertex -48.5 74.1029 26.5
      vertex -49 72.5 26.5
      vertex -48.7926 73.596 26.5
    endloop
  endfacet
  facet normal -0 0 1
    outer loop
      vertex -49 72.5 33
      vertex -46 5.6 33
      vertex -46 75.5 33
    endloop
  endfacet
  facet normal 0 0 1
    outer loop
      vertex -49 72.5 33
      vertex -46 75.5 33
      vertex -46.8843 75.3667 33
    endloop
  endfacet
  facet normal 0 0 1
    outer loop
      vertex -46 5.6 33
      vertex -49 72.5 33
      vertex -49 8.5 33
    endloop
  endfacet
  facet normal 0 0 1
    outer loop
      vertex -49 72.5 33
      vertex -46.8843 75.3667 33
      vertex -47.69 74.9787 33
    endloop
  endfacet
  facet normal -0 -0 1
    outer loop
      vertex -48.8667 7.61574 33
      vertex -46 5.6 33
      vertex -49 8.5 33
    endloop
  endfacet
  facet normal 0 0 1
    outer loop
      vertex -49 72.5 33
      vertex -47.69 74.9787 33
      vertex -48.3455 74.3705 33
    endloop
  endfacet
  facet normal -0 -0 1
    outer loop
      vertex -48.4787 6.81004 33
      vertex -46 5.6 33
      vertex -48.8667 7.61574 33
    endloop
  endfacet
  facet normal 0 0 1
    outer loop
      vertex -49 72.5 33
      vertex -48.3455 74.3705 33
      vertex -48.7926 73.596 33
    endloop
  endfacet
  facet normal 0 0 1
    outer loop
      vertex -46.5285 5.6 33
      vertex -47.8705 6.15451 33
      vertex -47.096 5.70738 33
    endloop
  endfacet
  facet normal 0 0 1
    outer loop
      vertex -46 5.6 33
      vertex -47.8705 6.15451 33
      vertex -46.5285 5.6 33
    endloop
  endfacet
  facet normal -0 -0 1
    outer loop
      vertex -47.8705 6.15451 33
      vertex -46 5.6 33
      vertex -48.4787 6.81004 33
    endloop
  endfacet
  facet normal 1 -0 0
    outer loop
      vertex -46 5.6 33
      vertex -46 75.5 31
      vertex -46 75.5 33
    endloop
  endfacet
  facet normal 1 0 0
    outer loop
      vertex -46 75.5 31
      vertex -46 5.6 33
      vertex -46 5.6 31
    endloop
  endfacet
  facet normal 0.87415 5.38298e-05 -0.485656
    outer loop
      vertex -48.5 74.1029 26.5
      vertex -46.8843 75.3667 29.4083
      vertex -46 75.5 31
    endloop
  endfacet
  facet normal 0.874131 0.000160308 -0.485691
    outer loop
      vertex -46.8843 75.3667 29.4083
      vertex -48.5 74.1029 26.5
      vertex -47.69 74.9787 27.9581
    endloop
  endfacet
  facet normal 0.874195 -9.2113e-05 -0.485575
    outer loop
      vertex -47.69 74.9787 27.9581
      vertex -48.5 74.1029 26.5
      vertex -48.3455 74.3705 26.7781
    endloop
  endfacet
  facet normal 0.874157 0 -0.485643
    outer loop
      vertex -46 5.6 31
      vertex -48.5 74.1029 26.5
      vertex -46 75.5 31
    endloop
  endfacet
  facet normal 0.874157 0 -0.485643
    outer loop
      vertex -48.5 74.1029 26.5
      vertex -46 5.6 31
      vertex -48.5 6.85424 26.5
    endloop
  endfacet
  facet normal 0.874157 -3.9043e-15 -0.485643
    outer loop
      vertex -46.5285 5.6 30.0487
      vertex -48.5 6.85424 26.5
      vertex -46 5.6 31
    endloop
  endfacet
  facet normal 0.874133 -0.000162301 -0.485687
    outer loop
      vertex -47.8705 6.15451 27.6332
      vertex -48.5 6.85424 26.5
      vertex -46.5285 5.6 30.0487
    endloop
  endfacet
  facet normal 0.874444 0.00102548 -0.485126
    outer loop
      vertex -48.5 6.85424 26.5
      vertex -47.8705 6.15451 27.6332
      vertex -48.4787 6.81004 26.5383
    endloop
  endfacet
  facet normal 0.874164 0.000161563 -0.48563
    outer loop
      vertex -47.8705 6.15451 27.6332
      vertex -46.5285 5.6 30.0487
      vertex -47.096 5.70738 29.0272
    endloop
  endfacet
  facet normal 0 0 1
    outer loop
      vertex 46 75.5 33
      vertex 49 72.5 33
      vertex 48.8667 73.3843 33
    endloop
  endfacet
  facet normal 0 0 1
    outer loop
      vertex 46 5.6 33
      vertex 49 72.5 33
      vertex 46 75.5 33
    endloop
  endfacet
  facet normal 0 0 1
    outer loop
      vertex 46 75.5 33
      vertex 48.8667 73.3843 33
      vertex 48.4787 74.19 33
    endloop
  endfacet
  facet normal 0 0 1
    outer loop
      vertex 49 72.5 33
      vertex 46 5.6 33
      vertex 49 8.5 33
    endloop
  endfacet
  facet normal 0 0 1
    outer loop
      vertex 46 75.5 33
      vertex 48.4787 74.19 33
      vertex 47.8705 74.8455 33
    endloop
  endfacet
  facet normal 0 0 1
    outer loop
      vertex 49 8.5 33
      vertex 46 5.6 33
      vertex 48.7926 7.40398 33
    endloop
  endfacet
  facet normal 0 0 1
    outer loop
      vertex 46 75.5 33
      vertex 47.8705 74.8455 33
      vertex 47.096 75.2926 33
    endloop
  endfacet
  facet normal 0 0 1
    outer loop
      vertex 48.7926 7.40398 33
      vertex 46 5.6 33
      vertex 48.3455 6.62953 33
    endloop
  endfacet
  facet normal 0 -0 1
    outer loop
      vertex 46.6634 5.6 33
      vertex 47.69 6.02129 33
      vertex 46 5.6 33
    endloop
  endfacet
  facet normal 0 0 1
    outer loop
      vertex 48.3455 6.62953 33
      vertex 46 5.6 33
      vertex 47.69 6.02129 33
    endloop
  endfacet
  facet normal 0 0 1
    outer loop
      vertex 47.69 6.02129 33
      vertex 46.6634 5.6 33
      vertex 46.8843 5.63329 33
    endloop
  endfacet
  facet normal -1 0 0
    outer loop
      vertex 46 5.6 31
      vertex 46 75.5 33
      vertex 46 75.5 31
    endloop
  endfacet
  facet normal -1 -0 0
    outer loop
      vertex 46 75.5 33
      vertex 46 5.6 31
      vertex 46 5.6 33
    endloop
  endfacet
  facet normal -0.874107 0.000261825 -0.485734
    outer loop
      vertex 48.5 74.1458 26.5
      vertex 47.096 75.2926 29.0272
      vertex 47.8705 74.8455 27.6332
    endloop
  endfacet
  facet normal -0.874444 -0.00102543 -0.485126
    outer loop
      vertex 48.5 74.1458 26.5
      vertex 47.8705 74.8455 27.6332
      vertex 48.4787 74.19 26.5383
    endloop
  endfacet
  facet normal -0.874157 -7.1465e-15 -0.485643
    outer loop
      vertex 47.096 75.2926 29.0272
      vertex 48.5 74.1458 26.5
      vertex 46 75.5 31
    endloop
  endfacet
  facet normal -0.874157 0 -0.485643
    outer loop
      vertex 46 5.6 31
      vertex 48.5 74.1458 26.5
      vertex 48.5 6.89715 26.5
    endloop
  endfacet
  facet normal -0.874195 9.21052e-05 -0.485575
    outer loop
      vertex 47.69 6.02129 27.9581
      vertex 48.5 6.89715 26.5
      vertex 48.3455 6.62953 26.7781
    endloop
  endfacet
  facet normal -0.874116 -0.000216308 -0.485717
    outer loop
      vertex 48.5 6.89715 26.5
      vertex 47.69 6.02129 27.9581
      vertex 46.6634 5.6 29.8058
    endloop
  endfacet
  facet normal -0.87407 -0.000688266 -0.485799
    outer loop
      vertex 46.6634 5.6 29.8058
      vertex 47.69 6.02129 27.9581
      vertex 46.8843 5.63329 29.4083
    endloop
  endfacet
  facet normal -0.874171 0.000112865 -0.485618
    outer loop
      vertex 48.5 6.89715 26.5
      vertex 46.6634 5.6 29.8058
      vertex 46 5.6 31
    endloop
  endfacet
  facet normal -0.874157 0 -0.485643
    outer loop
      vertex 48.5 74.1458 26.5
      vertex 46 5.6 31
      vertex 46 75.5 31
    endloop
  endfacet
  facet normal 0 0 -1
    outer loop
      vertex 48.5 74.1458 26.5
      vertex 49 72.5 26.5
      vertex 49 8.5 26.5
    endloop
  endfacet
  facet normal 0 0 -1
    outer loop
      vertex 48.5 6.89715 26.5
      vertex 49 8.5 26.5
      vertex 48.7926 7.40398 26.5
    endloop
  endfacet
  facet normal 0 0 -1
    outer loop
      vertex 48.5 74.1458 26.5
      vertex 49 8.5 26.5
      vertex 48.5 6.89715 26.5
    endloop
  endfacet
  facet normal 0 0 -1
    outer loop
      vertex 49 72.5 26.5
      vertex 48.5 74.1458 26.5
      vertex 48.8667 73.3843 26.5
    endloop
  endfacet
  facet normal -1 0 0
    outer loop
      vertex -32.5 -15 112
      vertex -32.5 -11 127
      vertex -32.5 -11 104
    endloop
  endfacet
  facet normal -1 0 0
    outer loop
      vertex -32.5 -15 129
      vertex -32.5 -11 127
      vertex -32.5 -15 112
    endloop
  endfacet
  facet normal -1 0 -0
    outer loop
      vertex -32.5 -14.7926 130.096
      vertex -32.5 -11 127
      vertex -32.5 -15 129
    endloop
  endfacet
  facet normal -1 0 0
    outer loop
      vertex -32.5 -11 127
      vertex -32.5 -12.8843 131.867
      vertex -32.5 -12 132
    endloop
  endfacet
  facet normal -1 0 0
    outer loop
      vertex -32.5 -11 127
      vertex -32.5 -14.3455 130.87
      vertex -32.5 -13.69 131.479
    endloop
  endfacet
  facet normal -1 0 0
    outer loop
      vertex -32.5 -11 127
      vertex -32.5 -13.69 131.479
      vertex -32.5 -12.8843 131.867
    endloop
  endfacet
  facet normal -1 0 0
    outer loop
      vertex -32.5 -11 127
      vertex -32.5 -14.7926 130.096
      vertex -32.5 -14.3455 130.87
    endloop
  endfacet
  facet normal -1 0 0
    outer loop
      vertex -32.5 -11 127
      vertex -32.5 2.5 132
      vertex -32.5 2.5 127
    endloop
  endfacet
  facet normal -1 -0 0
    outer loop
      vertex -32.5 2.5 132
      vertex -32.5 -11 127
      vertex -32.5 -12 132
    endloop
  endfacet
  facet normal 1 0 0
    outer loop
      vertex -27.5 2.5 132
      vertex -27.5 -11 127
      vertex -27.5 2.5 127
    endloop
  endfacet
  facet normal 1 -0 0
    outer loop
      vertex -27.5 -12 132
      vertex -27.5 -11 127
      vertex -27.5 2.5 132
    endloop
  endfacet
  facet normal 1 -0 0
    outer loop
      vertex -27.5 -12.8843 131.867
      vertex -27.5 -11 127
      vertex -27.5 -12 132
    endloop
  endfacet
  facet normal 1 -0 0
    outer loop
      vertex -27.5 -13.69 131.479
      vertex -27.5 -11 127
      vertex -27.5 -12.8843 131.867
    endloop
  endfacet
  facet normal 1 -0 0
    outer loop
      vertex -27.5 -14.3455 130.87
      vertex -27.5 -11 127
      vertex -27.5 -13.69 131.479
    endloop
  endfacet
  facet normal 1 -0 0
    outer loop
      vertex -27.5 -14.7926 130.096
      vertex -27.5 -11 127
      vertex -27.5 -14.3455 130.87
    endloop
  endfacet
  facet normal 1 0 0
    outer loop
      vertex -27.5 -11 127
      vertex -27.5 -14.7926 130.096
      vertex -27.5 -15 129
    endloop
  endfacet
  facet normal 1 0 0
    outer loop
      vertex -27.5 -11 127
      vertex -27.5 -15 129
      vertex -27.5 -15 112
    endloop
  endfacet
  facet normal 1 0 0
    outer loop
      vertex -27.5 -11 127
      vertex -27.5 -15 112
      vertex -27.5 -11 104
    endloop
  endfacet
  facet normal 0 0 -1
    outer loop
      vertex -32.5 -11 127
      vertex -27.5 2.5 127
      vertex -27.5 -11 127
    endloop
  endfacet
  facet normal -0 0 -1
    outer loop
      vertex -27.5 2.5 127
      vertex -32.5 -11 127
      vertex -32.5 2.5 127
    endloop
  endfacet
  facet normal -0 0 1
    outer loop
      vertex -32.5 2.5 132
      vertex -27.5 -12 132
      vertex -27.5 2.5 132
    endloop
  endfacet
  facet normal 0 0 1
    outer loop
      vertex -27.5 -12 132
      vertex -32.5 2.5 132
      vertex -32.5 -12 132
    endloop
  endfacet
  facet normal 0 -0.148729 0.988878
    outer loop
      vertex -32.5 -12 132
      vertex -27.5 -12.8843 131.867
      vertex -27.5 -12 132
    endloop
  endfacet
  facet normal 0 -0.148729 0.988878
    outer loop
      vertex -27.5 -12.8843 131.867
      vertex -32.5 -12 132
      vertex -32.5 -12.8843 131.867
    endloop
  endfacet
  facet normal 0 -0.433879 0.900971
    outer loop
      vertex -32.5 -12.8843 131.867
      vertex -27.5 -13.69 131.479
      vertex -27.5 -12.8843 131.867
    endloop
  endfacet
  facet normal 0 -0.433879 0.900971
    outer loop
      vertex -27.5 -13.69 131.479
      vertex -32.5 -12.8843 131.867
      vertex -32.5 -13.69 131.479
    endloop
  endfacet
  facet normal 0 -0.680644 0.732614
    outer loop
      vertex -32.5 -13.69 131.479
      vertex -27.5 -14.3455 130.87
      vertex -27.5 -13.69 131.479
    endloop
  endfacet
  facet normal 0 -0.680644 0.732614
    outer loop
      vertex -27.5 -14.3455 130.87
      vertex -32.5 -13.69 131.479
      vertex -32.5 -14.3455 130.87
    endloop
  endfacet
  facet normal 0 -0.865914 0.500194
    outer loop
      vertex -32.5 -14.7926 130.096
      vertex -27.5 -14.3455 130.87
      vertex -32.5 -14.3455 130.87
    endloop
  endfacet
  facet normal 0 -0.865914 0.500194
    outer loop
      vertex -27.5 -14.3455 130.87
      vertex -32.5 -14.7926 130.096
      vertex -27.5 -14.7926 130.096
    endloop
  endfacet
  facet normal 0 -0.982562 0.185934
    outer loop
      vertex -32.5 -15 129
      vertex -27.5 -14.7926 130.096
      vertex -32.5 -14.7926 130.096
    endloop
  endfacet
  facet normal 0 -0.982562 0.185934
    outer loop
      vertex -27.5 -14.7926 130.096
      vertex -32.5 -15 129
      vertex -27.5 -15 129
    endloop
  endfacet
  facet normal 0 -1 0
    outer loop
      vertex -32.5 -15 112
      vertex -27.5 -15 129
      vertex -32.5 -15 129
    endloop
  endfacet
  facet normal 0 -1 -0
    outer loop
      vertex -27.5 -15 129
      vertex -32.5 -15 112
      vertex -27.5 -15 112
    endloop
  endfacet
  facet normal 0 -0.894427 -0.447214
    outer loop
      vertex -32.5 -11 104
      vertex -27.5 -15 112
      vertex -32.5 -15 112
    endloop
  endfacet
  facet normal 0 -0.894427 -0.447214
    outer loop
      vertex -27.5 -15 112
      vertex -32.5 -11 104
      vertex -27.5 -11 104
    endloop
  endfacet
  facet normal 0 1 -0
    outer loop
      vertex -27.5 -11 104
      vertex -32.5 -11 127
      vertex -27.5 -11 127
    endloop
  endfacet
  facet normal 0 1 0
    outer loop
      vertex -32.5 -11 127
      vertex -27.5 -11 104
      vertex -32.5 -11 104
    endloop
  endfacet
  facet normal -1 0 0
    outer loop
      vertex 27.5 -15 112
      vertex 27.5 -11 127
      vertex 27.5 -11 104
    endloop
  endfacet
  facet normal -1 0 0
    outer loop
      vertex 27.5 -15 129
      vertex 27.5 -11 127
      vertex 27.5 -15 112
    endloop
  endfacet
  facet normal -1 0 -0
    outer loop
      vertex 27.5 -14.7926 130.096
      vertex 27.5 -11 127
      vertex 27.5 -15 129
    endloop
  endfacet
  facet normal -1 0 0
    outer loop
      vertex 27.5 -11 127
      vertex 27.5 -12.8843 131.867
      vertex 27.5 -12 132
    endloop
  endfacet
  facet normal -1 0 0
    outer loop
      vertex 27.5 -11 127
      vertex 27.5 -14.3455 130.87
      vertex 27.5 -13.69 131.479
    endloop
  endfacet
  facet normal -1 0 0
    outer loop
      vertex 27.5 -11 127
      vertex 27.5 -13.69 131.479
      vertex 27.5 -12.8843 131.867
    endloop
  endfacet
  facet normal -1 0 0
    outer loop
      vertex 27.5 -11 127
      vertex 27.5 -14.7926 130.096
      vertex 27.5 -14.3455 130.87
    endloop
  endfacet
  facet normal -1 0 0
    outer loop
      vertex 27.5 -11 127
      vertex 27.5 2.5 132
      vertex 27.5 2.5 127
    endloop
  endfacet
  facet normal -1 -0 0
    outer loop
      vertex 27.5 2.5 132
      vertex 27.5 -11 127
      vertex 27.5 -12 132
    endloop
  endfacet
  facet normal 1 0 0
    outer loop
      vertex 32.5 2.5 132
      vertex 32.5 -11 127
      vertex 32.5 2.5 127
    endloop
  endfacet
  facet normal 1 -0 0
    outer loop
      vertex 32.5 -12 132
      vertex 32.5 -11 127
      vertex 32.5 2.5 132
    endloop
  endfacet
  facet normal 1 -0 0
    outer loop
      vertex 32.5 -12.8843 131.867
      vertex 32.5 -11 127
      vertex 32.5 -12 132
    endloop
  endfacet
  facet normal 1 -0 0
    outer loop
      vertex 32.5 -13.69 131.479
      vertex 32.5 -11 127
      vertex 32.5 -12.8843 131.867
    endloop
  endfacet
  facet normal 1 -0 0
    outer loop
      vertex 32.5 -14.3455 130.87
      vertex 32.5 -11 127
      vertex 32.5 -13.69 131.479
    endloop
  endfacet
  facet normal 1 -0 0
    outer loop
      vertex 32.5 -14.7926 130.096
      vertex 32.5 -11 127
      vertex 32.5 -14.3455 130.87
    endloop
  endfacet
  facet normal 1 0 0
    outer loop
      vertex 32.5 -11 127
      vertex 32.5 -14.7926 130.096
      vertex 32.5 -15 129
    endloop
  endfacet
  facet normal 1 0 0
    outer loop
      vertex 32.5 -11 127
      vertex 32.5 -15 129
      vertex 32.5 -15 112
    endloop
  endfacet
  facet normal 1 0 0
    outer loop
      vertex 32.5 -11 127
      vertex 32.5 -15 112
      vertex 32.5 -11 104
    endloop
  endfacet
  facet normal 0 0 -1
    outer loop
      vertex 27.5 -11 127
      vertex 32.5 2.5 127
      vertex 32.5 -11 127
    endloop
  endfacet
  facet normal -0 0 -1
    outer loop
      vertex 32.5 2.5 127
      vertex 27.5 -11 127
      vertex 27.5 2.5 127
    endloop
  endfacet
  facet normal -0 0 1
    outer loop
      vertex 27.5 2.5 132
      vertex 32.5 -12 132
      vertex 32.5 2.5 132
    endloop
  endfacet
  facet normal 0 0 1
    outer loop
      vertex 32.5 -12 132
      vertex 27.5 2.5 132
      vertex 27.5 -12 132
    endloop
  endfacet
  facet normal 0 -0.148729 0.988878
    outer loop
      vertex 27.5 -12 132
      vertex 32.5 -12.8843 131.867
      vertex 32.5 -12 132
    endloop
  endfacet
  facet normal 0 -0.148729 0.988878
    outer loop
      vertex 32.5 -12.8843 131.867
      vertex 27.5 -12 132
      vertex 27.5 -12.8843 131.867
    endloop
  endfacet
  facet normal 0 -0.433879 0.900971
    outer loop
      vertex 27.5 -12.8843 131.867
      vertex 32.5 -13.69 131.479
      vertex 32.5 -12.8843 131.867
    endloop
  endfacet
  facet normal 0 -0.433879 0.900971
    outer loop
      vertex 32.5 -13.69 131.479
      vertex 27.5 -12.8843 131.867
      vertex 27.5 -13.69 131.479
    endloop
  endfacet
  facet normal 0 -0.680644 0.732614
    outer loop
      vertex 27.5 -13.69 131.479
      vertex 32.5 -14.3455 130.87
      vertex 32.5 -13.69 131.479
    endloop
  endfacet
  facet normal 0 -0.680644 0.732614
    outer loop
      vertex 32.5 -14.3455 130.87
      vertex 27.5 -13.69 131.479
      vertex 27.5 -14.3455 130.87
    endloop
  endfacet
  facet normal 0 -0.865914 0.500194
    outer loop
      vertex 27.5 -14.7926 130.096
      vertex 32.5 -14.3455 130.87
      vertex 27.5 -14.3455 130.87
    endloop
  endfacet
  facet normal 0 -0.865914 0.500194
    outer loop
      vertex 32.5 -14.3455 130.87
      vertex 27.5 -14.7926 130.096
      vertex 32.5 -14.7926 130.096
    endloop
  endfacet
  facet normal 0 -0.982562 0.185934
    outer loop
      vertex 27.5 -15 129
      vertex 32.5 -14.7926 130.096
      vertex 27.5 -14.7926 130.096
    endloop
  endfacet
  facet normal 0 -0.982562 0.185934
    outer loop
      vertex 32.5 -14.7926 130.096
      vertex 27.5 -15 129
      vertex 32.5 -15 129
    endloop
  endfacet
  facet normal 0 -1 0
    outer loop
      vertex 27.5 -15 112
      vertex 32.5 -15 129
      vertex 27.5 -15 129
    endloop
  endfacet
  facet normal 0 -1 -0
    outer loop
      vertex 32.5 -15 129
      vertex 27.5 -15 112
      vertex 32.5 -15 112
    endloop
  endfacet
  facet normal 0 -0.894427 -0.447214
    outer loop
      vertex 27.5 -11 104
      vertex 32.5 -15 112
      vertex 27.5 -15 112
    endloop
  endfacet
  facet normal 0 -0.894427 -0.447214
    outer loop
      vertex 32.5 -15 112
      vertex 27.5 -11 104
      vertex 32.5 -11 104
    endloop
  endfacet
  facet normal 0 1 -0
    outer loop
      vertex 32.5 -11 104
      vertex 27.5 -11 127
      vertex 32.5 -11 127
    endloop
  endfacet
  facet normal 0 1 0
    outer loop
      vertex 27.5 -11 127
      vertex 32.5 -11 104
      vertex 27.5 -11 104
    endloop
  endfacet
  facet normal 0 -1 0
    outer loop
      vertex -37 -88 0
      vertex -33 -88 13
      vertex -37 -88 13
    endloop
  endfacet
  facet normal 0 -1 -0
    outer loop
      vertex -33 -88 13
      vertex -37 -88 0
      vertex -33 -88 0
    endloop
  endfacet
  facet normal 0 -0.149222 0.988804
    outer loop
      vertex -37 -85.824 15.8758
      vertex -33 -85.8843 15.8667
      vertex -33 -85.824 15.8758
    endloop
  endfacet
  facet normal 0 -0.149222 0.988804
    outer loop
      vertex -33 -85.8843 15.8667
      vertex -37 -85.824 15.8758
      vertex -37 -85.8843 15.8667
    endloop
  endfacet
  facet normal -0 0 1
    outer loop
      vertex -37 2.5 16
      vertex -33 -74.2685 16
      vertex -33 2.5 16
    endloop
  endfacet
  facet normal 0 0 1
    outer loop
      vertex -33 -74.2685 16
      vertex -37 2.5 16
      vertex -37 -74.2685 16
    endloop
  endfacet
  facet normal 0 -0.433879 0.900971
    outer loop
      vertex -37 -85.8843 15.8667
      vertex -33 -86.69 15.4787
      vertex -33 -85.8843 15.8667
    endloop
  endfacet
  facet normal 0 -0.433879 0.900971
    outer loop
      vertex -33 -86.69 15.4787
      vertex -37 -85.8843 15.8667
      vertex -37 -86.69 15.4787
    endloop
  endfacet
  facet normal 0 -0.866053 0.499952
    outer loop
      vertex -37 -87.7926 14.096
      vertex -33 -87.3455 14.8705
      vertex -37 -87.3455 14.8705
    endloop
  endfacet
  facet normal 0 -0.866053 0.499952
    outer loop
      vertex -33 -87.3455 14.8705
      vertex -37 -87.7926 14.096
      vertex -33 -87.7926 14.096
    endloop
  endfacet
  facet normal -1 0 0
    outer loop
      vertex -37 -73.0575 11.1049
      vertex -37 2.5 16
      vertex -37 2.5 0
    endloop
  endfacet
  facet normal -1 0 0
    outer loop
      vertex -37 2.5 16
      vertex -37 -73.0575 11.1049
      vertex -37 -73 12
    endloop
  endfacet
  facet normal -1 0 0
    outer loop
      vertex -37 2.5 0
      vertex -37 -73.2289 10.2244
      vertex -37 -73.0575 11.1049
    endloop
  endfacet
  facet normal -1 0 0
    outer loop
      vertex -37 2.5 0
      vertex -37 -73.5116 9.37313
      vertex -37 -73.2289 10.2244
    endloop
  endfacet
  facet normal -1 0 -0
    outer loop
      vertex -37 -73.5116 9.37313
      vertex -37 2.5 0
      vertex -37 -78 0
    endloop
  endfacet
  facet normal -1 0 0
    outer loop
      vertex -37 -73.0575 12.8951
      vertex -37 2.5 16
      vertex -37 -73 12
    endloop
  endfacet
  facet normal -1 0 0
    outer loop
      vertex -37 -73.2289 13.7756
      vertex -37 2.5 16
      vertex -37 -73.0575 12.8951
    endloop
  endfacet
  facet normal -1 0 0
    outer loop
      vertex -37 -73.5116 14.6269
      vertex -37 2.5 16
      vertex -37 -73.2289 13.7756
    endloop
  endfacet
  facet normal -1 0 0
    outer loop
      vertex -37 -73.9008 15.435
      vertex -37 2.5 16
      vertex -37 -73.5116 14.6269
    endloop
  endfacet
  facet normal -1 -0 0
    outer loop
      vertex -37 2.5 16
      vertex -37 -73.9008 15.435
      vertex -37 -74.2685 16
    endloop
  endfacet
  facet normal -1 0 0
    outer loop
      vertex -37 -88 13
      vertex -37 -86.9856 12.4485
      vertex -37 -86.9856 11.5515
    endloop
  endfacet
  facet normal -1 0 0
    outer loop
      vertex -37 -86.9856 12.4485
      vertex -37 -87.7926 14.096
      vertex -37 -87.3455 14.8705
    endloop
  endfacet
  facet normal -1 0 0
    outer loop
      vertex -37 -88 13
      vertex -37 -86.9856 11.5515
      vertex -37 -86.8709 10.6619
    endloop
  endfacet
  facet normal -1 0 0
    outer loop
      vertex -37 -88 13
      vertex -37 -86.8709 10.6619
      vertex -37 -86.6434 9.79424
    endloop
  endfacet
  facet normal -1 0 0
    outer loop
      vertex -37 -88 0
      vertex -37 -86.3068 8.96281
      vertex -37 -82 0
    endloop
  endfacet
  facet normal -1 0 0
    outer loop
      vertex -37 -88 0
      vertex -37 -86.6434 9.79424
      vertex -37 -86.3068 8.96281
    endloop
  endfacet
  facet normal -1 0 0
    outer loop
      vertex -37 -88 13
      vertex -37 -86.6434 9.79424
      vertex -37 -88 0
    endloop
  endfacet
  facet normal -1 0 0
    outer loop
      vertex -37 -86.9856 12.4485
      vertex -37 -88 13
      vertex -37 -87.7926 14.096
    endloop
  endfacet
  facet normal -1 0 0
    outer loop
      vertex -37 -85.8666 15.8187
      vertex -37 -85.8843 15.8667
      vertex -37 -85.824 15.8758
    endloop
  endfacet
  facet normal -1 0 0
    outer loop
      vertex -37 -86.69 15.4787
      vertex -37 -85.8666 15.8187
      vertex -37 -86.3068 15.0372
    endloop
  endfacet
  facet normal -1 -0 0
    outer loop
      vertex -37 -85.8666 15.8187
      vertex -37 -86.69 15.4787
      vertex -37 -85.8843 15.8667
    endloop
  endfacet
  facet normal -1 0 0
    outer loop
      vertex -37 -87.3455 14.8705
      vertex -37 -86.3068 15.0372
      vertex -37 -86.6434 14.2058
    endloop
  endfacet
  facet normal -1 0 0
    outer loop
      vertex -37 -87.3455 14.8705
      vertex -37 -86.6434 14.2058
      vertex -37 -86.8709 13.3381
    endloop
  endfacet
  facet normal -1 0 0
    outer loop
      vertex -37 -87.3455 14.8705
      vertex -37 -86.8709 13.3381
      vertex -37 -86.9856 12.4485
    endloop
  endfacet
  facet normal -1 -0 0
    outer loop
      vertex -37 -86.3068 15.0372
      vertex -37 -87.3455 14.8705
      vertex -37 -86.69 15.4787
    endloop
  endfacet
  facet normal 1 -0 0
    outer loop
      vertex -33 -85.8843 15.8667
      vertex -33 -85.8666 15.8187
      vertex -33 -85.824 15.8758
    endloop
  endfacet
  facet normal 1 0 0
    outer loop
      vertex -33 -86.69 15.4787
      vertex -33 -85.8666 15.8187
      vertex -33 -85.8843 15.8667
    endloop
  endfacet
  facet normal 1 0 0
    outer loop
      vertex -33 -85.8666 15.8187
      vertex -33 -86.69 15.4787
      vertex -33 -86.3068 15.0372
    endloop
  endfacet
  facet normal 1 0 0
    outer loop
      vertex -33 -87.3455 14.8705
      vertex -33 -86.3068 15.0372
      vertex -33 -86.69 15.4787
    endloop
  endfacet
  facet normal 1 0 0
    outer loop
      vertex -33 -86.3068 15.0372
      vertex -33 -87.3455 14.8705
      vertex -33 -86.6434 14.2058
    endloop
  endfacet
  facet normal 1 0 0
    outer loop
      vertex -33 -87.7926 14.096
      vertex -33 -86.6434 14.2058
      vertex -33 -87.3455 14.8705
    endloop
  endfacet
  facet normal 1 0 0
    outer loop
      vertex -33 -88 13
      vertex -33 -86.8709 13.3381
      vertex -33 -87.7926 14.096
    endloop
  endfacet
  facet normal 1 0 0
    outer loop
      vertex -33 -86.6434 14.2058
      vertex -33 -87.7926 14.096
      vertex -33 -86.8709 13.3381
    endloop
  endfacet
  facet normal 1 0 0
    outer loop
      vertex -33 -86.8709 13.3381
      vertex -33 -88 13
      vertex -33 -86.9856 12.4485
    endloop
  endfacet
  facet normal 1 0 0
    outer loop
      vertex -33 -86.9856 12.4485
      vertex -33 -88 13
      vertex -33 -86.9856 11.5515
    endloop
  endfacet
  facet normal 1 0 0
    outer loop
      vertex -33 -86.9856 11.5515
      vertex -33 -88 13
      vertex -33 -86.8709 10.6619
    endloop
  endfacet
  facet normal 1 0 0
    outer loop
      vertex -33 -86.8709 10.6619
      vertex -33 -88 13
      vertex -33 -86.6434 9.79424
    endloop
  endfacet
  facet normal 1 0 0
    outer loop
      vertex -33 -88 0
      vertex -33 -86.6434 9.79424
      vertex -33 -88 13
    endloop
  endfacet
  facet normal 1 0 0
    outer loop
      vertex -33 -86.3068 8.96281
      vertex -33 -88 0
      vertex -33 -82 0
    endloop
  endfacet
  facet normal 1 0 0
    outer loop
      vertex -33 -86.6434 9.79424
      vertex -33 -88 0
      vertex -33 -86.3068 8.96281
    endloop
  endfacet
  facet normal 1 0 0
    outer loop
      vertex -33 -73.0575 11.1049
      vertex -33 2.5 16
      vertex -33 -73 12
    endloop
  endfacet
  facet normal 1 0 0
    outer loop
      vertex -33 2.5 16
      vertex -33 -73.0575 12.8951
      vertex -33 -73 12
    endloop
  endfacet
  facet normal 1 0 0
    outer loop
      vertex -33 2.5 16
      vertex -33 -73.2289 13.7756
      vertex -33 -73.0575 12.8951
    endloop
  endfacet
  facet normal 1 0 0
    outer loop
      vertex -33 2.5 16
      vertex -33 -73.5116 14.6269
      vertex -33 -73.2289 13.7756
    endloop
  endfacet
  facet normal 1 0 0
    outer loop
      vertex -33 2.5 16
      vertex -33 -73.9008 15.435
      vertex -33 -73.5116 14.6269
    endloop
  endfacet
  facet normal 1 0 -0
    outer loop
      vertex -33 -73.9008 15.435
      vertex -33 2.5 16
      vertex -33 -74.2685 16
    endloop
  endfacet
  facet normal 1 0 0
    outer loop
      vertex -33 2.5 16
      vertex -33 -73.0575 11.1049
      vertex -33 2.5 0
    endloop
  endfacet
  facet normal 1 -0 0
    outer loop
      vertex -33 -73.2289 10.2244
      vertex -33 2.5 0
      vertex -33 -73.0575 11.1049
    endloop
  endfacet
  facet normal 1 -0 0
    outer loop
      vertex -33 -73.5116 9.37313
      vertex -33 2.5 0
      vertex -33 -73.2289 10.2244
    endloop
  endfacet
  facet normal 1 0 0
    outer loop
      vertex -33 2.5 0
      vertex -33 -73.5116 9.37313
      vertex -33 -78 0
    endloop
  endfacet
  facet normal 0 -0.982562 0.185934
    outer loop
      vertex -37 -88 13
      vertex -33 -87.7926 14.096
      vertex -37 -87.7926 14.096
    endloop
  endfacet
  facet normal 0 -0.982562 0.185934
    outer loop
      vertex -33 -87.7926 14.096
      vertex -37 -88 13
      vertex -33 -88 13
    endloop
  endfacet
  facet normal 0 -0.680164 0.73306
    outer loop
      vertex -37 -86.69 15.4787
      vertex -33 -87.3455 14.8705
      vertex -33 -86.69 15.4787
    endloop
  endfacet
  facet normal 0 -0.680164 0.73306
    outer loop
      vertex -33 -87.3455 14.8705
      vertex -37 -86.69 15.4787
      vertex -37 -87.3455 14.8705
    endloop
  endfacet
  facet normal 0 -1 0
    outer loop
      vertex 33 -88 0
      vertex 37 -88 13
      vertex 33 -88 13
    endloop
  endfacet
  facet normal 0 -1 -0
    outer loop
      vertex 37 -88 13
      vertex 33 -88 0
      vertex 37 -88 0
    endloop
  endfacet
  facet normal 0 -0.149222 0.988804
    outer loop
      vertex 33 -85.824 15.8758
      vertex 37 -85.8843 15.8667
      vertex 37 -85.824 15.8758
    endloop
  endfacet
  facet normal 0 -0.149222 0.988804
    outer loop
      vertex 37 -85.8843 15.8667
      vertex 33 -85.824 15.8758
      vertex 33 -85.8843 15.8667
    endloop
  endfacet
  facet normal -0 0 1
    outer loop
      vertex 33 2.5 16
      vertex 37 -74.2685 16
      vertex 37 2.5 16
    endloop
  endfacet
  facet normal 0 0 1
    outer loop
      vertex 37 -74.2685 16
      vertex 33 2.5 16
      vertex 33 -74.2685 16
    endloop
  endfacet
  facet normal 0 -0.433879 0.900971
    outer loop
      vertex 33 -85.8843 15.8667
      vertex 37 -86.69 15.4787
      vertex 37 -85.8843 15.8667
    endloop
  endfacet
  facet normal 0 -0.433879 0.900971
    outer loop
      vertex 37 -86.69 15.4787
      vertex 33 -85.8843 15.8667
      vertex 33 -86.69 15.4787
    endloop
  endfacet
  facet normal 0 -0.866053 0.499952
    outer loop
      vertex 33 -87.7926 14.096
      vertex 37 -87.3455 14.8705
      vertex 33 -87.3455 14.8705
    endloop
  endfacet
  facet normal 0 -0.866053 0.499952
    outer loop
      vertex 37 -87.3455 14.8705
      vertex 33 -87.7926 14.096
      vertex 37 -87.7926 14.096
    endloop
  endfacet
  facet normal -1 0 0
    outer loop
      vertex 33 -73.0575 11.1049
      vertex 33 2.5 16
      vertex 33 2.5 0
    endloop
  endfacet
  facet normal -1 0 0
    outer loop
      vertex 33 2.5 16
      vertex 33 -73.0575 11.1049
      vertex 33 -73 12
    endloop
  endfacet
  facet normal -1 0 0
    outer loop
      vertex 33 2.5 0
      vertex 33 -73.2289 10.2244
      vertex 33 -73.0575 11.1049
    endloop
  endfacet
  facet normal -1 0 0
    outer loop
      vertex 33 2.5 0
      vertex 33 -73.5116 9.37313
      vertex 33 -73.2289 10.2244
    endloop
  endfacet
  facet normal -1 0 -0
    outer loop
      vertex 33 -73.5116 9.37313
      vertex 33 2.5 0
      vertex 33 -78 0
    endloop
  endfacet
  facet normal -1 0 0
    outer loop
      vertex 33 -73.0575 12.8951
      vertex 33 2.5 16
      vertex 33 -73 12
    endloop
  endfacet
  facet normal -1 0 0
    outer loop
      vertex 33 -73.2289 13.7756
      vertex 33 2.5 16
      vertex 33 -73.0575 12.8951
    endloop
  endfacet
  facet normal -1 0 0
    outer loop
      vertex 33 -73.5116 14.6269
      vertex 33 2.5 16
      vertex 33 -73.2289 13.7756
    endloop
  endfacet
  facet normal -1 0 0
    outer loop
      vertex 33 -73.9008 15.435
      vertex 33 2.5 16
      vertex 33 -73.5116 14.6269
    endloop
  endfacet
  facet normal -1 -0 0
    outer loop
      vertex 33 2.5 16
      vertex 33 -73.9008 15.435
      vertex 33 -74.2685 16
    endloop
  endfacet
  facet normal -1 0 0
    outer loop
      vertex 33 -88 13
      vertex 33 -86.9856 12.4485
      vertex 33 -86.9856 11.5515
    endloop
  endfacet
  facet normal -1 0 0
    outer loop
      vertex 33 -86.9856 12.4485
      vertex 33 -87.7926 14.096
      vertex 33 -87.3455 14.8705
    endloop
  endfacet
  facet normal -1 0 0
    outer loop
      vertex 33 -88 13
      vertex 33 -86.9856 11.5515
      vertex 33 -86.8709 10.6619
    endloop
  endfacet
  facet normal -1 0 0
    outer loop
      vertex 33 -88 13
      vertex 33 -86.8709 10.6619
      vertex 33 -86.6434 9.79424
    endloop
  endfacet
  facet normal -1 0 0
    outer loop
      vertex 33 -88 0
      vertex 33 -86.3068 8.96281
      vertex 33 -82 0
    endloop
  endfacet
  facet normal -1 0 0
    outer loop
      vertex 33 -88 0
      vertex 33 -86.6434 9.79424
      vertex 33 -86.3068 8.96281
    endloop
  endfacet
  facet normal -1 0 0
    outer loop
      vertex 33 -88 13
      vertex 33 -86.6434 9.79424
      vertex 33 -88 0
    endloop
  endfacet
  facet normal -1 0 0
    outer loop
      vertex 33 -86.9856 12.4485
      vertex 33 -88 13
      vertex 33 -87.7926 14.096
    endloop
  endfacet
  facet normal -1 0 0
    outer loop
      vertex 33 -85.8666 15.8187
      vertex 33 -85.8843 15.8667
      vertex 33 -85.824 15.8758
    endloop
  endfacet
  facet normal -1 0 0
    outer loop
      vertex 33 -86.69 15.4787
      vertex 33 -85.8666 15.8187
      vertex 33 -86.3068 15.0372
    endloop
  endfacet
  facet normal -1 -0 0
    outer loop
      vertex 33 -85.8666 15.8187
      vertex 33 -86.69 15.4787
      vertex 33 -85.8843 15.8667
    endloop
  endfacet
  facet normal -1 0 0
    outer loop
      vertex 33 -87.3455 14.8705
      vertex 33 -86.3068 15.0372
      vertex 33 -86.6434 14.2058
    endloop
  endfacet
  facet normal -1 0 0
    outer loop
      vertex 33 -87.3455 14.8705
      vertex 33 -86.6434 14.2058
      vertex 33 -86.8709 13.3381
    endloop
  endfacet
  facet normal -1 0 0
    outer loop
      vertex 33 -87.3455 14.8705
      vertex 33 -86.8709 13.3381
      vertex 33 -86.9856 12.4485
    endloop
  endfacet
  facet normal -1 -0 0
    outer loop
      vertex 33 -86.3068 15.0372
      vertex 33 -87.3455 14.8705
      vertex 33 -86.69 15.4787
    endloop
  endfacet
  facet normal 1 -0 0
    outer loop
      vertex 37 -85.8843 15.8667
      vertex 37 -85.8666 15.8187
      vertex 37 -85.824 15.8758
    endloop
  endfacet
  facet normal 1 0 0
    outer loop
      vertex 37 -86.69 15.4787
      vertex 37 -85.8666 15.8187
      vertex 37 -85.8843 15.8667
    endloop
  endfacet
  facet normal 1 0 0
    outer loop
      vertex 37 -85.8666 15.8187
      vertex 37 -86.69 15.4787
      vertex 37 -86.3068 15.0372
    endloop
  endfacet
  facet normal 1 0 0
    outer loop
      vertex 37 -87.3455 14.8705
      vertex 37 -86.3068 15.0372
      vertex 37 -86.69 15.4787
    endloop
  endfacet
  facet normal 1 0 0
    outer loop
      vertex 37 -86.3068 15.0372
      vertex 37 -87.3455 14.8705
      vertex 37 -86.6434 14.2058
    endloop
  endfacet
  facet normal 1 0 0
    outer loop
      vertex 37 -87.7926 14.096
      vertex 37 -86.6434 14.2058
      vertex 37 -87.3455 14.8705
    endloop
  endfacet
  facet normal 1 0 0
    outer loop
      vertex 37 -88 13
      vertex 37 -86.8709 13.3381
      vertex 37 -87.7926 14.096
    endloop
  endfacet
  facet normal 1 0 0
    outer loop
      vertex 37 -86.6434 14.2058
      vertex 37 -87.7926 14.096
      vertex 37 -86.8709 13.3381
    endloop
  endfacet
  facet normal 1 0 0
    outer loop
      vertex 37 -86.8709 13.3381
      vertex 37 -88 13
      vertex 37 -86.9856 12.4485
    endloop
  endfacet
  facet normal 1 0 0
    outer loop
      vertex 37 -86.9856 12.4485
      vertex 37 -88 13
      vertex 37 -86.9856 11.5515
    endloop
  endfacet
  facet normal 1 0 0
    outer loop
      vertex 37 -86.9856 11.5515
      vertex 37 -88 13
      vertex 37 -86.8709 10.6619
    endloop
  endfacet
  facet normal 1 0 0
    outer loop
      vertex 37 -86.8709 10.6619
      vertex 37 -88 13
      vertex 37 -86.6434 9.79424
    endloop
  endfacet
  facet normal 1 0 0
    outer loop
      vertex 37 -88 0
      vertex 37 -86.6434 9.79424
      vertex 37 -88 13
    endloop
  endfacet
  facet normal 1 0 0
    outer loop
      vertex 37 -86.3068 8.96281
      vertex 37 -88 0
      vertex 37 -82 0
    endloop
  endfacet
  facet normal 1 0 0
    outer loop
      vertex 37 -86.6434 9.79424
      vertex 37 -88 0
      vertex 37 -86.3068 8.96281
    endloop
  endfacet
  facet normal 1 0 0
    outer loop
      vertex 37 -73.0575 11.1049
      vertex 37 2.5 16
      vertex 37 -73 12
    endloop
  endfacet
  facet normal 1 0 0
    outer loop
      vertex 37 2.5 16
      vertex 37 -73.0575 12.8951
      vertex 37 -73 12
    endloop
  endfacet
  facet normal 1 0 0
    outer loop
      vertex 37 2.5 16
      vertex 37 -73.2289 13.7756
      vertex 37 -73.0575 12.8951
    endloop
  endfacet
  facet normal 1 0 0
    outer loop
      vertex 37 2.5 16
      vertex 37 -73.5116 14.6269
      vertex 37 -73.2289 13.7756
    endloop
  endfacet
  facet normal 1 0 0
    outer loop
      vertex 37 2.5 16
      vertex 37 -73.9008 15.435
      vertex 37 -73.5116 14.6269
    endloop
  endfacet
  facet normal 1 0 -0
    outer loop
      vertex 37 -73.9008 15.435
      vertex 37 2.5 16
      vertex 37 -74.2685 16
    endloop
  endfacet
  facet normal 1 0 0
    outer loop
      vertex 37 2.5 16
      vertex 37 -73.0575 11.1049
      vertex 37 2.5 0
    endloop
  endfacet
  facet normal 1 -0 0
    outer loop
      vertex 37 -73.2289 10.2244
      vertex 37 2.5 0
      vertex 37 -73.0575 11.1049
    endloop
  endfacet
  facet normal 1 -0 0
    outer loop
      vertex 37 -73.5116 9.37313
      vertex 37 2.5 0
      vertex 37 -73.2289 10.2244
    endloop
  endfacet
  facet normal 1 0 0
    outer loop
      vertex 37 2.5 0
      vertex 37 -73.5116 9.37313
      vertex 37 -78 0
    endloop
  endfacet
  facet normal 0 -0.982562 0.185934
    outer loop
      vertex 33 -88 13
      vertex 37 -87.7926 14.096
      vertex 33 -87.7926 14.096
    endloop
  endfacet
  facet normal 0 -0.982562 0.185934
    outer loop
      vertex 37 -87.7926 14.096
      vertex 33 -88 13
      vertex 37 -88 13
    endloop
  endfacet
  facet normal 0 -0.680164 0.73306
    outer loop
      vertex 33 -86.69 15.4787
      vertex 37 -87.3455 14.8705
      vertex 37 -86.69 15.4787
    endloop
  endfacet
  facet normal 0 -0.680164 0.73306
    outer loop
      vertex 37 -87.3455 14.8705
      vertex 33 -86.69 15.4787
      vertex 33 -87.3455 14.8705
    endloop
  endfacet
  facet normal 0 0 -1
    outer loop
      vertex 51.8997 5.60991 168
      vertex 52.4 6.47754 168
      vertex 52.2922 5.52034 168
    endloop
  endfacet
  facet normal 0 0 -1
    outer loop
      vertex 52.4 6.47754 168
      vertex 52 6.5 168
      vertex 52.4 74.5225 168
    endloop
  endfacet
  facet normal 0 0 -1
    outer loop
      vertex 52 74.5 168
      vertex 52.4 74.5225 168
      vertex 52 6.5 168
    endloop
  endfacet
  facet normal 0 0 -1
    outer loop
      vertex 51.8997 5.60991 168
      vertex 52.2922 5.52034 168
      vertex 51.9666 4.58981 168
    endloop
  endfacet
  facet normal -0 0 -1
    outer loop
      vertex 52.4 6.47754 168
      vertex 51.8997 5.60991 168
      vertex 52 6.5 168
    endloop
  endfacet
  facet normal 0 0 -1
    outer loop
      vertex 51.9666 4.58981 168
      vertex 51.6039 4.76447 168
      vertex 51.8997 5.60991 168
    endloop
  endfacet
  facet normal 0 0 -1
    outer loop
      vertex 51.442 3.75507 168
      vertex 51.6039 4.76447 168
      vertex 51.9666 4.58981 168
    endloop
  endfacet
  facet normal 0 0 -1
    outer loop
      vertex 51.442 3.75507 168
      vertex 51.1273 4.00604 168
      vertex 51.6039 4.76447 168
    endloop
  endfacet
  facet normal 0 0 -1
    outer loop
      vertex 50.7449 3.05797 168
      vertex 51.1273 4.00604 168
      vertex 51.442 3.75507 168
    endloop
  endfacet
  facet normal 0 0 -1
    outer loop
      vertex 50.7449 3.05797 168
      vertex 50.494 3.37268 168
      vertex 51.1273 4.00604 168
    endloop
  endfacet
  facet normal 0 0 -1
    outer loop
      vertex 49.9102 2.53345 168
      vertex 50.494 3.37268 168
      vertex 50.7449 3.05797 168
    endloop
  endfacet
  facet normal 0 0 -1
    outer loop
      vertex 49.9102 2.53345 168
      vertex 49.7355 2.89612 168
      vertex 50.494 3.37268 168
    endloop
  endfacet
  facet normal 0 0 -1
    outer loop
      vertex 48.9797 2.20784 168
      vertex 49.7355 2.89612 168
      vertex 49.9102 2.53345 168
    endloop
  endfacet
  facet normal 0 0 -1
    outer loop
      vertex 48.9797 2.20784 168
      vertex 48.8901 2.60028 168
      vertex 49.7355 2.89612 168
    endloop
  endfacet
  facet normal 0 0 -1
    outer loop
      vertex 48.0225 2.10001 168
      vertex 48.8901 2.60028 168
      vertex 48.9797 2.20784 168
    endloop
  endfacet
  facet normal 0 0 -1
    outer loop
      vertex 48.0225 2.10001 168
      vertex 48 2.5 168
      vertex 48.8901 2.60028 168
    endloop
  endfacet
  facet normal 0 0 -1
    outer loop
      vertex 48.0225 2.10001 168
      vertex -48 2.5 168
      vertex 48 2.5 168
    endloop
  endfacet
  facet normal 0 0 -1
    outer loop
      vertex -48.0225 2.10001 168
      vertex -48 2.5 168
      vertex 48.0225 2.10001 168
    endloop
  endfacet
  facet normal 0 0 -1
    outer loop
      vertex -48.0225 2.10001 168
      vertex -48.8901 2.60028 168
      vertex -48 2.5 168
    endloop
  endfacet
  facet normal 0 0 -1
    outer loop
      vertex -48.9797 2.20784 168
      vertex -48.8901 2.60028 168
      vertex -48.0225 2.10001 168
    endloop
  endfacet
  facet normal 0 0 -1
    outer loop
      vertex -48.9797 2.20784 168
      vertex -49.7355 2.89612 168
      vertex -48.8901 2.60028 168
    endloop
  endfacet
  facet normal 0 0 -1
    outer loop
      vertex -49.9102 2.53345 168
      vertex -49.7355 2.89612 168
      vertex -48.9797 2.20784 168
    endloop
  endfacet
  facet normal 0 0 -1
    outer loop
      vertex -49.9102 2.53345 168
      vertex -50.494 3.37268 168
      vertex -49.7355 2.89612 168
    endloop
  endfacet
  facet normal 0 0 -1
    outer loop
      vertex -50.7449 3.05797 168
      vertex -50.494 3.37268 168
      vertex -49.9102 2.53345 168
    endloop
  endfacet
  facet normal 0 0 -1
    outer loop
      vertex -50.7449 3.05797 168
      vertex -51.1273 4.00604 168
      vertex -50.494 3.37268 168
    endloop
  endfacet
  facet normal 0 0 -1
    outer loop
      vertex -51.442 3.75507 168
      vertex -51.1273 4.00604 168
      vertex -50.7449 3.05797 168
    endloop
  endfacet
  facet normal 0 0 -1
    outer loop
      vertex -51.442 3.75507 168
      vertex -51.6039 4.76447 168
      vertex -51.1273 4.00604 168
    endloop
  endfacet
  facet normal 0 0 -1
    outer loop
      vertex -51.9666 4.58981 168
      vertex -51.6039 4.76447 168
      vertex -51.442 3.75507 168
    endloop
  endfacet
  facet normal -0 0 -1
    outer loop
      vertex -51.6039 4.76447 168
      vertex -51.9666 4.58981 168
      vertex -51.8997 5.60991 168
    endloop
  endfacet
  facet normal 0 0 -1
    outer loop
      vertex -52.2922 5.52034 168
      vertex -51.8997 5.60991 168
      vertex -51.9666 4.58981 168
    endloop
  endfacet
  facet normal 0 0 -1
    outer loop
      vertex -51.8997 5.60991 168
      vertex -52.4 6.47754 168
      vertex -52 6.5 168
    endloop
  endfacet
  facet normal 0 0 -1
    outer loop
      vertex -52.4 6.47754 168
      vertex -51.8997 5.60991 168
      vertex -52.2922 5.52034 168
    endloop
  endfacet
  facet normal 0 0 -1
    outer loop
      vertex 51.8997 75.3901 168
      vertex 52.4 74.5225 168
      vertex 52 74.5 168
    endloop
  endfacet
  facet normal 0 0 -1
    outer loop
      vertex 52.4 74.5225 168
      vertex 51.8997 75.3901 168
      vertex 52.2922 75.4797 168
    endloop
  endfacet
  facet normal -0 0 -1
    outer loop
      vertex 52.2922 75.4797 168
      vertex 51.8997 75.3901 168
      vertex 51.9666 76.4102 168
    endloop
  endfacet
  facet normal 0 0 -1
    outer loop
      vertex 51.6039 76.2355 168
      vertex 51.9666 76.4102 168
      vertex 51.8997 75.3901 168
    endloop
  endfacet
  facet normal 0 0 -1
    outer loop
      vertex 51.6039 76.2355 168
      vertex 51.442 77.2449 168
      vertex 51.9666 76.4102 168
    endloop
  endfacet
  facet normal 0 0 -1
    outer loop
      vertex 51.1273 76.994 168
      vertex 51.442 77.2449 168
      vertex 51.6039 76.2355 168
    endloop
  endfacet
  facet normal 0 0 -1
    outer loop
      vertex 51.1273 76.994 168
      vertex 50.7449 77.942 168
      vertex 51.442 77.2449 168
    endloop
  endfacet
  facet normal 0 0 -1
    outer loop
      vertex 50.494 77.6273 168
      vertex 50.7449 77.942 168
      vertex 51.1273 76.994 168
    endloop
  endfacet
  facet normal 0 0 -1
    outer loop
      vertex 50.494 77.6273 168
      vertex 49.9102 78.4666 168
      vertex 50.7449 77.942 168
    endloop
  endfacet
  facet normal 0 0 -1
    outer loop
      vertex 49.7355 78.1039 168
      vertex 49.9102 78.4666 168
      vertex 50.494 77.6273 168
    endloop
  endfacet
  facet normal 0 0 -1
    outer loop
      vertex 49.7355 78.1039 168
      vertex 48.9797 78.7922 168
      vertex 49.9102 78.4666 168
    endloop
  endfacet
  facet normal 0 0 -1
    outer loop
      vertex 48.8901 78.3997 168
      vertex 48.9797 78.7922 168
      vertex 49.7355 78.1039 168
    endloop
  endfacet
  facet normal 0 0 -1
    outer loop
      vertex 48.8901 78.3997 168
      vertex 48.0225 78.9 168
      vertex 48.9797 78.7922 168
    endloop
  endfacet
  facet normal 0 0 -1
    outer loop
      vertex 48 78.5 168
      vertex 48.0225 78.9 168
      vertex 48.8901 78.3997 168
    endloop
  endfacet
  facet normal 0 0 -1
    outer loop
      vertex -48 78.5 168
      vertex 48.0225 78.9 168
      vertex 48 78.5 168
    endloop
  endfacet
  facet normal 0 0 -1
    outer loop
      vertex -48 78.5 168
      vertex -48.0225 78.9 168
      vertex 48.0225 78.9 168
    endloop
  endfacet
  facet normal 0 0 -1
    outer loop
      vertex -48.8901 78.3997 168
      vertex -48.0225 78.9 168
      vertex -48 78.5 168
    endloop
  endfacet
  facet normal 0 0 -1
    outer loop
      vertex -48.8901 78.3997 168
      vertex -48.9797 78.7922 168
      vertex -48.0225 78.9 168
    endloop
  endfacet
  facet normal 0 0 -1
    outer loop
      vertex -49.7355 78.1039 168
      vertex -48.9797 78.7922 168
      vertex -48.8901 78.3997 168
    endloop
  endfacet
  facet normal 0 0 -1
    outer loop
      vertex -49.7355 78.1039 168
      vertex -49.9102 78.4666 168
      vertex -48.9797 78.7922 168
    endloop
  endfacet
  facet normal 0 0 -1
    outer loop
      vertex -50.494 77.6273 168
      vertex -49.9102 78.4666 168
      vertex -49.7355 78.1039 168
    endloop
  endfacet
  facet normal 0 0 -1
    outer loop
      vertex -50.494 77.6273 168
      vertex -50.7449 77.942 168
      vertex -49.9102 78.4666 168
    endloop
  endfacet
  facet normal 0 0 -1
    outer loop
      vertex -51.1273 76.994 168
      vertex -50.7449 77.942 168
      vertex -50.494 77.6273 168
    endloop
  endfacet
  facet normal 0 0 -1
    outer loop
      vertex -51.1273 76.994 168
      vertex -51.442 77.2449 168
      vertex -50.7449 77.942 168
    endloop
  endfacet
  facet normal 0 0 -1
    outer loop
      vertex -51.6039 76.2355 168
      vertex -51.442 77.2449 168
      vertex -51.1273 76.994 168
    endloop
  endfacet
  facet normal 0 0 -1
    outer loop
      vertex -51.9666 76.4102 168
      vertex -51.6039 76.2355 168
      vertex -51.8997 75.3901 168
    endloop
  endfacet
  facet normal 0 0 -1
    outer loop
      vertex -51.6039 76.2355 168
      vertex -51.9666 76.4102 168
      vertex -51.442 77.2449 168
    endloop
  endfacet
  facet normal 0 0 -1
    outer loop
      vertex -52.4 74.5225 168
      vertex -51.8997 75.3901 168
      vertex -52 74.5 168
    endloop
  endfacet
  facet normal 0 0 -1
    outer loop
      vertex -51.8997 75.3901 168
      vertex -52.2922 75.4797 168
      vertex -51.9666 76.4102 168
    endloop
  endfacet
  facet normal -0 0 -1
    outer loop
      vertex -52 6.5 168
      vertex -52.4 6.47754 168
      vertex -52 74.5 168
    endloop
  endfacet
  facet normal 0 0 -1
    outer loop
      vertex -52.4 74.5225 168
      vertex -52 74.5 168
      vertex -52.4 6.47754 168
    endloop
  endfacet
  facet normal -0 0 -1
    outer loop
      vertex -51.8997 75.3901 168
      vertex -52.4 74.5225 168
      vertex -52.2922 75.4797 168
    endloop
  endfacet
  facet normal 0 0 -1
    outer loop
      vertex 46 75.5 168
      vertex 49 72.5 168
      vertex 49 8.5 168
    endloop
  endfacet
  facet normal 0 0 -1
    outer loop
      vertex 46 5.5 168
      vertex 49 8.5 168
      vertex 48.7926 7.40398 168
    endloop
  endfacet
  facet normal 0 0 -1
    outer loop
      vertex 46 75.5 168
      vertex 49 8.5 168
      vertex 46 5.5 168
    endloop
  endfacet
  facet normal 0 0 -1
    outer loop
      vertex 46 5.5 168
      vertex 48.7926 7.40398 168
      vertex 48.3455 6.62953 168
    endloop
  endfacet
  facet normal 0 0 -1
    outer loop
      vertex 49 72.5 168
      vertex 46 75.5 168
      vertex 48.8667 73.3843 168
    endloop
  endfacet
  facet normal 0 0 -1
    outer loop
      vertex 46 5.5 168
      vertex 48.3455 6.62953 168
      vertex 47.69 6.02129 168
    endloop
  endfacet
  facet normal 0 0 -1
    outer loop
      vertex 48.8667 73.3843 168
      vertex 46 75.5 168
      vertex 48.4787 74.19 168
    endloop
  endfacet
  facet normal 0 0 -1
    outer loop
      vertex 46 5.5 168
      vertex 47.69 6.02129 168
      vertex 46.8843 5.63329 168
    endloop
  endfacet
  facet normal 0 0 -1
    outer loop
      vertex 48.4787 74.19 168
      vertex 46 75.5 168
      vertex 47.8705 74.8455 168
    endloop
  endfacet
  facet normal 0 0 -1
    outer loop
      vertex 47.8705 74.8455 168
      vertex 46 75.5 168
      vertex 47.096 75.2926 168
    endloop
  endfacet
  facet normal 0 0 -1
    outer loop
      vertex -46 5.5 168
      vertex 46 75.5 168
      vertex 46 5.5 168
    endloop
  endfacet
  facet normal 0 0 -1
    outer loop
      vertex -46 5.5 168
      vertex -46 75.5 168
      vertex 46 75.5 168
    endloop
  endfacet
  facet normal 0 0 -1
    outer loop
      vertex -49 72.5 168
      vertex -46 75.5 168
      vertex -46 5.5 168
    endloop
  endfacet
  facet normal 0 0 -1
    outer loop
      vertex -49 8.5 168
      vertex -46 5.5 168
      vertex -47.096 5.70738 168
    endloop
  endfacet
  facet normal 0 0 -1
    outer loop
      vertex -49 72.5 168
      vertex -46 5.5 168
      vertex -49 8.5 168
    endloop
  endfacet
  facet normal 0 0 -1
    outer loop
      vertex -49 8.5 168
      vertex -47.096 5.70738 168
      vertex -47.8705 6.15451 168
    endloop
  endfacet
  facet normal 0 0 -1
    outer loop
      vertex -46 75.5 168
      vertex -49 72.5 168
      vertex -46.8843 75.3667 168
    endloop
  endfacet
  facet normal 0 0 -1
    outer loop
      vertex -49 8.5 168
      vertex -47.8705 6.15451 168
      vertex -48.4787 6.81004 168
    endloop
  endfacet
  facet normal 0 0 -1
    outer loop
      vertex -46.8843 75.3667 168
      vertex -49 72.5 168
      vertex -47.69 74.9787 168
    endloop
  endfacet
  facet normal 0 0 -1
    outer loop
      vertex -49 8.5 168
      vertex -48.4787 6.81004 168
      vertex -48.8667 7.61574 168
    endloop
  endfacet
  facet normal 0 0 -1
    outer loop
      vertex -47.69 74.9787 168
      vertex -49 72.5 168
      vertex -48.3455 74.3705 168
    endloop
  endfacet
  facet normal 0 0 -1
    outer loop
      vertex -48.3455 74.3705 168
      vertex -49 72.5 168
      vertex -48.7926 73.596 168
    endloop
  endfacet
  facet normal 0.330301 -0.943876 0
    outer loop
      vertex 48.8901 2.60028 132
      vertex 49.7355 2.89612 168
      vertex 48.8901 2.60028 168
    endloop
  endfacet
  facet normal 0.330301 -0.943876 0
    outer loop
      vertex 49.7355 2.89612 168
      vertex 48.8901 2.60028 132
      vertex 49.7355 2.89612 132
    endloop
  endfacet
  facet normal 0.532002 -0.846743 0
    outer loop
      vertex 49.7355 2.89612 132
      vertex 50.494 3.37268 168
      vertex 49.7355 2.89612 168
    endloop
  endfacet
  facet normal 0.532002 -0.846743 0
    outer loop
      vertex 50.494 3.37268 168
      vertex 49.7355 2.89612 132
      vertex 50.494 3.37268 132
    endloop
  endfacet
  facet normal 0.70714 -0.707073 0
    outer loop
      vertex 50.494 3.37268 168
      vertex 51.1273 4.00604 132
      vertex 51.1273 4.00604 168
    endloop
  endfacet
  facet normal 0.70714 -0.707073 0
    outer loop
      vertex 51.1273 4.00604 132
      vertex 50.494 3.37268 168
      vertex 50.494 3.37268 132
    endloop
  endfacet
  facet normal 0.846701 -0.53207 0
    outer loop
      vertex 51.1273 4.00604 168
      vertex 51.6039 4.76447 132
      vertex 51.6039 4.76447 168
    endloop
  endfacet
  facet normal 0.846701 -0.53207 0
    outer loop
      vertex 51.6039 4.76447 132
      vertex 51.1273 4.00604 168
      vertex 51.1273 4.00604 132
    endloop
  endfacet
  facet normal 0.944042 -0.329826 0
    outer loop
      vertex 51.8997 5.60991 168
      vertex 51.8613 5.5 132
      vertex 51.8997 5.60991 0
    endloop
  endfacet
  facet normal 0.943895 -0.330247 1.44153e-06
    outer loop
      vertex 51.6039 4.76447 168
      vertex 51.8613 5.5 132
      vertex 51.8997 5.60991 168
    endloop
  endfacet
  facet normal 0.943873 -0.33031 0
    outer loop
      vertex 51.8613 5.5 132
      vertex 51.6039 4.76447 168
      vertex 51.6039 4.76447 132
    endloop
  endfacet
  facet normal 0.944042 -0.329826 0
    outer loop
      vertex 51.8997 5.60991 0
      vertex 51.8613 5.5 132
      vertex 51.8613 5.5 0
    endloop
  endfacet
  facet normal 0.993711 -0.111977 0
    outer loop
      vertex 51.8997 5.60991 168
      vertex 52 6.5 0
      vertex 52 6.5 168
    endloop
  endfacet
  facet normal 0.993711 -0.111977 0
    outer loop
      vertex 52 6.5 0
      vertex 51.8997 5.60991 168
      vertex 51.8997 5.60991 0
    endloop
  endfacet
  facet normal 1 -0 0
    outer loop
      vertex 52 6.5 168
      vertex 52 74.5 0
      vertex 52 74.5 168
    endloop
  endfacet
  facet normal 1 0 0
    outer loop
      vertex 52 74.5 0
      vertex 52 6.5 168
      vertex 52 6.5 0
    endloop
  endfacet
  facet normal 0.993711 0.111975 0
    outer loop
      vertex 52 74.5 168
      vertex 51.8997 75.3901 0
      vertex 51.8997 75.3901 168
    endloop
  endfacet
  facet normal 0.993711 0.111975 0
    outer loop
      vertex 51.8997 75.3901 0
      vertex 52 74.5 168
      vertex 52 74.5 0
    endloop
  endfacet
  facet normal 0.94389 0.330261 0
    outer loop
      vertex 51.8997 75.3901 168
      vertex 51.6039 76.2355 0
      vertex 51.6039 76.2355 168
    endloop
  endfacet
  facet normal 0.94389 0.330261 0
    outer loop
      vertex 51.6039 76.2355 0
      vertex 51.8997 75.3901 168
      vertex 51.8997 75.3901 0
    endloop
  endfacet
  facet normal 0.846723 0.532034 0
    outer loop
      vertex 51.6039 76.2355 168
      vertex 51.1273 76.994 0
      vertex 51.1273 76.994 168
    endloop
  endfacet
  facet normal 0.846723 0.532034 0
    outer loop
      vertex 51.1273 76.994 0
      vertex 51.6039 76.2355 168
      vertex 51.6039 76.2355 0
    endloop
  endfacet
  facet normal 0.707107 0.707107 0
    outer loop
      vertex 51.1273 76.994 168
      vertex 50.494 77.6273 0
      vertex 50.494 77.6273 168
    endloop
  endfacet
  facet normal 0.707107 0.707107 0
    outer loop
      vertex 50.494 77.6273 0
      vertex 51.1273 76.994 168
      vertex 51.1273 76.994 0
    endloop
  endfacet
  facet normal 0.532034 0.846723 -0
    outer loop
      vertex 50.494 77.6273 0
      vertex 49.7355 78.1039 168
      vertex 50.494 77.6273 168
    endloop
  endfacet
  facet normal 0.532034 0.846723 0
    outer loop
      vertex 49.7355 78.1039 168
      vertex 50.494 77.6273 0
      vertex 49.7355 78.1039 0
    endloop
  endfacet
  facet normal 0.330261 0.94389 -0
    outer loop
      vertex 49.7355 78.1039 0
      vertex 48.8901 78.3997 168
      vertex 49.7355 78.1039 168
    endloop
  endfacet
  facet normal 0.330261 0.94389 0
    outer loop
      vertex 48.8901 78.3997 168
      vertex 49.7355 78.1039 0
      vertex 48.8901 78.3997 0
    endloop
  endfacet
  facet normal 0.111975 0.993711 -0
    outer loop
      vertex 48.8901 78.3997 0
      vertex 48 78.5 168
      vertex 48.8901 78.3997 168
    endloop
  endfacet
  facet normal 0.111975 0.993711 0
    outer loop
      vertex 48 78.5 168
      vertex 48.8901 78.3997 0
      vertex 48 78.5 0
    endloop
  endfacet
  facet normal 0 1 -0
    outer loop
      vertex 48 78.5 0
      vertex -48 78.5 168
      vertex 48 78.5 168
    endloop
  endfacet
  facet normal 0 1 0
    outer loop
      vertex -48 78.5 168
      vertex 48 78.5 0
      vertex -48 78.5 0
    endloop
  endfacet
  facet normal -0.111975 0.993711 0
    outer loop
      vertex -48 78.5 0
      vertex -48.8901 78.3997 168
      vertex -48 78.5 168
    endloop
  endfacet
  facet normal -0.111975 0.993711 0
    outer loop
      vertex -48.8901 78.3997 168
      vertex -48 78.5 0
      vertex -48.8901 78.3997 0
    endloop
  endfacet
  facet normal -0.330261 0.94389 0
    outer loop
      vertex -48.8901 78.3997 0
      vertex -49.7355 78.1039 168
      vertex -48.8901 78.3997 168
    endloop
  endfacet
  facet normal -0.330261 0.94389 0
    outer loop
      vertex -49.7355 78.1039 168
      vertex -48.8901 78.3997 0
      vertex -49.7355 78.1039 0
    endloop
  endfacet
  facet normal -0.532034 0.846723 0
    outer loop
      vertex -49.7355 78.1039 0
      vertex -50.494 77.6273 168
      vertex -49.7355 78.1039 168
    endloop
  endfacet
  facet normal -0.532034 0.846723 0
    outer loop
      vertex -50.494 77.6273 168
      vertex -49.7355 78.1039 0
      vertex -50.494 77.6273 0
    endloop
  endfacet
  facet normal -0.707107 0.707107 0
    outer loop
      vertex -51.1273 76.994 0
      vertex -50.494 77.6273 168
      vertex -50.494 77.6273 0
    endloop
  endfacet
  facet normal -0.707107 0.707107 0
    outer loop
      vertex -50.494 77.6273 168
      vertex -51.1273 76.994 0
      vertex -51.1273 76.994 168
    endloop
  endfacet
  facet normal -0.846723 0.532034 0
    outer loop
      vertex -51.6039 76.2355 0
      vertex -51.1273 76.994 168
      vertex -51.1273 76.994 0
    endloop
  endfacet
  facet normal -0.846723 0.532034 0
    outer loop
      vertex -51.1273 76.994 168
      vertex -51.6039 76.2355 0
      vertex -51.6039 76.2355 168
    endloop
  endfacet
  facet normal -0.94389 0.330261 0
    outer loop
      vertex -51.8997 75.3901 0
      vertex -51.6039 76.2355 168
      vertex -51.6039 76.2355 0
    endloop
  endfacet
  facet normal -0.94389 0.330261 0
    outer loop
      vertex -51.6039 76.2355 168
      vertex -51.8997 75.3901 0
      vertex -51.8997 75.3901 168
    endloop
  endfacet
  facet normal -0.993711 0.111975 0
    outer loop
      vertex -52 74.5 0
      vertex -51.8997 75.3901 168
      vertex -51.8997 75.3901 0
    endloop
  endfacet
  facet normal -0.993711 0.111975 0
    outer loop
      vertex -51.8997 75.3901 168
      vertex -52 74.5 0
      vertex -52 74.5 168
    endloop
  endfacet
  facet normal -1 0 0
    outer loop
      vertex -52 6.5 0
      vertex -52 74.5 168
      vertex -52 74.5 0
    endloop
  endfacet
  facet normal -1 -0 0
    outer loop
      vertex -52 74.5 168
      vertex -52 6.5 0
      vertex -52 6.5 168
    endloop
  endfacet
  facet normal -0.993711 -0.111977 0
    outer loop
      vertex -51.8997 5.60991 0
      vertex -52 6.5 168
      vertex -52 6.5 0
    endloop
  endfacet
  facet normal -0.993711 -0.111977 0
    outer loop
      vertex -52 6.5 168
      vertex -51.8997 5.60991 0
      vertex -51.8997 5.60991 168
    endloop
  endfacet
  facet normal -0.944042 -0.329826 -0
    outer loop
      vertex -51.8613 5.5 132
      vertex -51.8997 5.60991 0
      vertex -51.8613 5.5 0
    endloop
  endfacet
  facet normal -0.944042 -0.329826 0
    outer loop
      vertex -51.8997 5.60991 0
      vertex -51.8613 5.5 132
      vertex -51.8997 5.60991 168
    endloop
  endfacet
  facet normal -0.943873 -0.33031 1.6569e-06
    outer loop
      vertex -51.6039 4.76447 132
      vertex -51.8997 5.60991 168
      vertex -51.8613 5.5 132
    endloop
  endfacet
  facet normal -0.943895 -0.330247 0
    outer loop
      vertex -51.8997 5.60991 168
      vertex -51.6039 4.76447 132
      vertex -51.6039 4.76447 168
    endloop
  endfacet
  facet normal -0.846701 -0.53207 0
    outer loop
      vertex -51.1273 4.00604 132
      vertex -51.6039 4.76447 168
      vertex -51.6039 4.76447 132
    endloop
  endfacet
  facet normal -0.846701 -0.53207 0
    outer loop
      vertex -51.6039 4.76447 168
      vertex -51.1273 4.00604 132
      vertex -51.1273 4.00604 168
    endloop
  endfacet
  facet normal -0.70714 -0.707073 0
    outer loop
      vertex -50.494 3.37268 132
      vertex -51.1273 4.00604 168
      vertex -51.1273 4.00604 132
    endloop
  endfacet
  facet normal -0.70714 -0.707073 0
    outer loop
      vertex -51.1273 4.00604 168
      vertex -50.494 3.37268 132
      vertex -50.494 3.37268 168
    endloop
  endfacet
  facet normal -0.532002 -0.846743 0
    outer loop
      vertex -50.494 3.37268 132
      vertex -49.7355 2.89612 168
      vertex -50.494 3.37268 168
    endloop
  endfacet
  facet normal -0.532002 -0.846743 -0
    outer loop
      vertex -49.7355 2.89612 168
      vertex -50.494 3.37268 132
      vertex -49.7355 2.89612 132
    endloop
  endfacet
  facet normal -0.330301 -0.943876 0
    outer loop
      vertex -49.7355 2.89612 132
      vertex -48.8901 2.60028 168
      vertex -49.7355 2.89612 168
    endloop
  endfacet
  facet normal -0.330301 -0.943876 -0
    outer loop
      vertex -48.8901 2.60028 168
      vertex -49.7355 2.89612 132
      vertex -48.8901 2.60028 132
    endloop
  endfacet
  facet normal -0.111953 -0.993713 0
    outer loop
      vertex -48.8901 2.60028 132
      vertex -48 2.5 168
      vertex -48.8901 2.60028 168
    endloop
  endfacet
  facet normal -0.111953 -0.993713 -0
    outer loop
      vertex -48 2.5 168
      vertex -48.8901 2.60028 132
      vertex -48 2.5 132
    endloop
  endfacet
  facet normal 0 -1 0
    outer loop
      vertex -33 2.5 0
      vertex 33 2.5 16
      vertex -33 2.5 16
    endloop
  endfacet
  facet normal 0 -1 -0
    outer loop
      vertex 33 2.5 16
      vertex -33 2.5 0
      vertex 33 2.5 0
    endloop
  endfacet
  facet normal 0 -1 0
    outer loop
      vertex -27.5 2.5 127
      vertex 27.5 2.5 132
      vertex -27.5 2.5 132
    endloop
  endfacet
  facet normal 0 -1 -0
    outer loop
      vertex 27.5 2.5 132
      vertex -27.5 2.5 127
      vertex 27.5 2.5 127
    endloop
  endfacet
  facet normal 0 -1 0
    outer loop
      vertex -32.5 2.5 132
      vertex -48 2.5 168
      vertex -48 2.5 132
    endloop
  endfacet
  facet normal 0 -1 0
    outer loop
      vertex -27.5 2.5 132
      vertex -48 2.5 168
      vertex -32.5 2.5 132
    endloop
  endfacet
  facet normal 0 -1 0
    outer loop
      vertex -48 2.5 168
      vertex -27.5 2.5 132
      vertex 48 2.5 168
    endloop
  endfacet
  facet normal 0 -1 0
    outer loop
      vertex 27.5 2.5 132
      vertex 48 2.5 168
      vertex -27.5 2.5 132
    endloop
  endfacet
  facet normal 0 -1 0
    outer loop
      vertex 32.5 2.5 132
      vertex 48 2.5 168
      vertex 27.5 2.5 132
    endloop
  endfacet
  facet normal 0 -1 0
    outer loop
      vertex 32.5 2.5 132
      vertex 48 2.5 132
      vertex 48 2.5 168
    endloop
  endfacet
  facet normal 0 -1 0
    outer loop
      vertex 32.5 2.5 127
      vertex 48 2.5 132
      vertex 32.5 2.5 132
    endloop
  endfacet
  facet normal 0 -1 0
    outer loop
      vertex 46.2546 2.5 76.1919
      vertex 48 2.5 132
      vertex 32.5 2.5 127
    endloop
  endfacet
  facet normal 0 -1 0
    outer loop
      vertex 48 2.5 132
      vertex 75 2.5 126
      vertex 69 2.5 132
    endloop
  endfacet
  facet normal 0 -1 0
    outer loop
      vertex 69 2.5 132
      vertex 75 2.5 126
      vertex 70.3351 2.5 131.85
    endloop
  endfacet
  facet normal 0 -1 0
    outer loop
      vertex 70.3351 2.5 131.85
      vertex 75 2.5 126
      vertex 71.192 2.5 131.585
    endloop
  endfacet
  facet normal 0 -1 0
    outer loop
      vertex 71.192 2.5 131.585
      vertex 75 2.5 126
      vertex 72 2.5 131.196
    endloop
  endfacet
  facet normal 0 -1 0
    outer loop
      vertex 72 2.5 131.196
      vertex 75 2.5 126
      vertex 72.7409 2.5 130.691
    endloop
  endfacet
  facet normal 0 -1 0
    outer loop
      vertex 72.7409 2.5 130.691
      vertex 75 2.5 126
      vertex 73.3983 2.5 130.081
    endloop
  endfacet
  facet normal 0 -1 0
    outer loop
      vertex 73.3983 2.5 130.081
      vertex 75 2.5 126
      vertex 73.9574 2.5 129.38
    endloop
  endfacet
  facet normal 0 -1 0
    outer loop
      vertex 73.9574 2.5 129.38
      vertex 75 2.5 126
      vertex 74.4058 2.5 128.603
    endloop
  endfacet
  facet normal 0 -1 0
    outer loop
      vertex 74.4058 2.5 128.603
      vertex 75 2.5 126
      vertex 74.7334 2.5 127.769
    endloop
  endfacet
  facet normal 0 -1 0
    outer loop
      vertex -75 2.5 126
      vertex -48 2.5 132
      vertex -69 2.5 132
    endloop
  endfacet
  facet normal 0 -1 0
    outer loop
      vertex -75 2.5 126
      vertex -69 2.5 132
      vertex -69.8943 2.5 131.933
    endloop
  endfacet
  facet normal 0 -1 0
    outer loop
      vertex -75 2.5 126
      vertex -69.8943 2.5 131.933
      vertex -70.7685 2.5 131.733
    endloop
  endfacet
  facet normal 0 -1 0
    outer loop
      vertex -75 2.5 126
      vertex -70.7685 2.5 131.733
      vertex -71.6033 2.5 131.406
    endloop
  endfacet
  facet normal 0 -1 0
    outer loop
      vertex -75 2.5 126
      vertex -71.6033 2.5 131.406
      vertex -72.3799 2.5 130.957
    endloop
  endfacet
  facet normal 0 -1 0
    outer loop
      vertex -75 2.5 126
      vertex -72.3799 2.5 130.957
      vertex -73.081 2.5 130.398
    endloop
  endfacet
  facet normal 0 -1 0
    outer loop
      vertex -75 2.5 126
      vertex -73.081 2.5 130.398
      vertex -73.691 2.5 129.741
    endloop
  endfacet
  facet normal 0 -1 0
    outer loop
      vertex -75 2.5 126
      vertex -73.691 2.5 129.741
      vertex -74.1962 2.5 129
    endloop
  endfacet
  facet normal 0 -1 0
    outer loop
      vertex -75 2.5 126
      vertex -74.1962 2.5 129
      vertex -74.5852 2.5 128.192
    endloop
  endfacet
  facet normal 0 -1 0
    outer loop
      vertex -75 2.5 126
      vertex -74.5852 2.5 128.192
      vertex -74.8496 2.5 127.335
    endloop
  endfacet
  facet normal 0 -1 0
    outer loop
      vertex -48 2.5 132
      vertex -32.5 2.5 127
      vertex -32.5 2.5 132
    endloop
  endfacet
  facet normal 0 -1 0
    outer loop
      vertex -45.5 2.5 76.24
      vertex -27.5 2.5 127
      vertex -32.5 2.5 127
    endloop
  endfacet
  facet normal 0 -1 -0
    outer loop
      vertex -27.5 2.5 127
      vertex -45.5 2.5 76.24
      vertex 27.5 2.5 127
    endloop
  endfacet
  facet normal 0 -1 0
    outer loop
      vertex 27.5 2.5 127
      vertex 45.5 2.5 76.24
      vertex 32.5 2.5 127
    endloop
  endfacet
  facet normal 0 -1 0
    outer loop
      vertex -47.5868 2.5 75.8765
      vertex -48 2.5 132
      vertex -75 2.5 126
    endloop
  endfacet
  facet normal -0 -1 0
    outer loop
      vertex -46.5039 2.5 76.1547
      vertex -48 2.5 132
      vertex -46.7227 2.5 76.115
    endloop
  endfacet
  facet normal 0 -1 -0
    outer loop
      vertex 27.5 2.5 127
      vertex -45.5 2.5 76.24
      vertex 45.5 2.5 76.24
    endloop
  endfacet
  facet normal 0 -1 0
    outer loop
      vertex 45.5834 2.5 76.2372
      vertex 32.5 2.5 127
      vertex 45.5 2.5 76.24
    endloop
  endfacet
  facet normal 0 -1 0
    outer loop
      vertex -32.5 2.5 127
      vertex -45.6112 2.5 76.235
      vertex -45.5 2.5 76.24
    endloop
  endfacet
  facet normal 0 -1 0
    outer loop
      vertex -32.5 2.5 127
      vertex -46.5039 2.5 76.1547
      vertex -45.6112 2.5 76.235
    endloop
  endfacet
  facet normal 0 -1 0
    outer loop
      vertex -48 2.5 132
      vertex -46.5039 2.5 76.1547
      vertex -32.5 2.5 127
    endloop
  endfacet
  facet normal 0 -1 0
    outer loop
      vertex -48 2.5 132
      vertex -47.5868 2.5 75.8765
      vertex -46.7227 2.5 76.115
    endloop
  endfacet
  facet normal 0 -1 0
    outer loop
      vertex -75 2.5 126
      vertex -47.7949 2.5 75.7984
      vertex -47.5868 2.5 75.8765
    endloop
  endfacet
  facet normal 0 -1 0
    outer loop
      vertex -75 2.5 126
      vertex -48.6025 2.5 75.4095
      vertex -47.7949 2.5 75.7984
    endloop
  endfacet
  facet normal 0 -1 0
    outer loop
      vertex -75 2.5 126
      vertex -48.7934 2.5 75.2954
      vertex -48.6025 2.5 75.4095
    endloop
  endfacet
  facet normal 0 -1 0
    outer loop
      vertex -75 2.5 126
      vertex -49.5186 2.5 74.7685
      vertex -48.7934 2.5 75.2954
    endloop
  endfacet
  facet normal 0 -1 0
    outer loop
      vertex -75 2.5 126
      vertex -49.6859 2.5 74.6223
      vertex -49.5186 2.5 74.7685
    endloop
  endfacet
  facet normal 0 -1 0
    outer loop
      vertex -75 2.5 126
      vertex -50.3054 2.5 73.9744
      vertex -49.6859 2.5 74.6223
    endloop
  endfacet
  facet normal 0 -1 0
    outer loop
      vertex -75 2.5 126
      vertex -50.444 2.5 73.8006
      vertex -50.3054 2.5 73.9744
    endloop
  endfacet
  facet normal 0 -1 0
    outer loop
      vertex -75 2.5 126
      vertex -50.9379 2.5 73.0525
      vertex -50.444 2.5 73.8006
    endloop
  endfacet
  facet normal 0 -1 0
    outer loop
      vertex -75 2.5 126
      vertex -51.0432 2.5 72.8567
      vertex -50.9379 2.5 73.0525
    endloop
  endfacet
  facet normal 0 -1 0
    outer loop
      vertex -75 2.5 126
      vertex -51.3955 2.5 72.0324
      vertex -51.0432 2.5 72.8567
    endloop
  endfacet
  facet normal 0 -1 0
    outer loop
      vertex -75 2.5 126
      vertex -51.4642 2.5 71.821
      vertex -51.3955 2.5 72.0324
    endloop
  endfacet
  facet normal 0 -1 0
    outer loop
      vertex -75 2.5 126
      vertex -51.6637 2.5 70.9471
      vertex -51.4642 2.5 71.821
    endloop
  endfacet
  facet normal 0 -1 0
    outer loop
      vertex -75 2.5 126
      vertex -51.6919 2.5 70.7546
      vertex -51.6637 2.5 70.9471
    endloop
  endfacet
  facet normal 0 -1 0
    outer loop
      vertex -75 2.5 126
      vertex -51.7372 2.5 70.0834
      vertex -51.6919 2.5 70.7546
    endloop
  endfacet
  facet normal 0 -1 0
    outer loop
      vertex -75 2.5 126
      vertex -51.74 2.5 70
      vertex -51.7372 2.5 70.0834
    endloop
  endfacet
  facet normal 0 -1 0
    outer loop
      vertex -75 2.5 6
      vertex -51.74 2.5 70
      vertex -75 2.5 126
    endloop
  endfacet
  facet normal 0 -1 -0
    outer loop
      vertex -51.74 2.5 70
      vertex -75 2.5 6
      vertex -51.74 2.5 25
    endloop
  endfacet
  facet normal 0 -1 -0
    outer loop
      vertex -51.74 2.5 25
      vertex -75 2.5 6
      vertex -51.735 2.5 24.8888
    endloop
  endfacet
  facet normal 0 -1 -0
    outer loop
      vertex -51.735 2.5 24.8888
      vertex -75 2.5 6
      vertex -51.6547 2.5 23.9961
    endloop
  endfacet
  facet normal 0 -1 0
    outer loop
      vertex -33 2.5 16
      vertex -45.5 2.5 18.76
      vertex -37 2.5 16
    endloop
  endfacet
  facet normal 0 -1 0
    outer loop
      vertex -37 2.5 0
      vertex -45.5 2.5 18.76
      vertex -45.5834 2.5 18.7628
    endloop
  endfacet
  facet normal 0 -1 0
    outer loop
      vertex -37 2.5 0
      vertex -45.5834 2.5 18.7628
      vertex -46.2546 2.5 18.8081
    endloop
  endfacet
  facet normal 0 -1 0
    outer loop
      vertex -37 2.5 0
      vertex -46.2546 2.5 18.8081
      vertex -46.4471 2.5 18.8363
    endloop
  endfacet
  facet normal 0 -1 0
    outer loop
      vertex -37 2.5 0
      vertex -46.4471 2.5 18.8363
      vertex -47.321 2.5 19.0358
    endloop
  endfacet
  facet normal 0 -1 -0
    outer loop
      vertex -51.6547 2.5 23.9961
      vertex -75 2.5 6
      vertex -51.615 2.5 23.7773
    endloop
  endfacet
  facet normal 0 -1 0
    outer loop
      vertex -75 2.5 6
      vertex -51.3765 2.5 22.9132
      vertex -51.615 2.5 23.7773
    endloop
  endfacet
  facet normal 0 -1 0
    outer loop
      vertex -75 2.5 6
      vertex -51.2984 2.5 22.7051
      vertex -51.3765 2.5 22.9132
    endloop
  endfacet
  facet normal 0 -1 0
    outer loop
      vertex -75 2.5 6
      vertex -50.9095 2.5 21.8975
      vertex -51.2984 2.5 22.7051
    endloop
  endfacet
  facet normal 0 -1 0
    outer loop
      vertex -75 2.5 6
      vertex -50.7954 2.5 21.7066
      vertex -50.9095 2.5 21.8975
    endloop
  endfacet
  facet normal 0 -1 0
    outer loop
      vertex -75 2.5 6
      vertex -50.2685 2.5 20.9814
      vertex -50.7954 2.5 21.7066
    endloop
  endfacet
  facet normal 0 -1 0
    outer loop
      vertex -69 2.5 0
      vertex -50.2685 2.5 20.9814
      vertex -75 2.5 6
    endloop
  endfacet
  facet normal 0 -1 -0
    outer loop
      vertex -50.2685 2.5 20.9814
      vertex -69 2.5 0
      vertex -50.1223 2.5 20.8141
    endloop
  endfacet
  facet normal 0 -1 -0
    outer loop
      vertex -50.1223 2.5 20.8141
      vertex -69 2.5 0
      vertex -49.4744 2.5 20.1946
    endloop
  endfacet
  facet normal 0 -1 -0
    outer loop
      vertex -49.4744 2.5 20.1946
      vertex -69 2.5 0
      vertex -49.3006 2.5 20.056
    endloop
  endfacet
  facet normal 0 -1 -0
    outer loop
      vertex -49.3006 2.5 20.056
      vertex -69 2.5 0
      vertex -48.5524 2.5 19.5621
    endloop
  endfacet
  facet normal 0 -1 -0
    outer loop
      vertex -48.5524 2.5 19.5621
      vertex -69 2.5 0
      vertex -48.3567 2.5 19.4568
    endloop
  endfacet
  facet normal 0 -1 -0
    outer loop
      vertex -48.3567 2.5 19.4568
      vertex -69 2.5 0
      vertex -47.5324 2.5 19.1045
    endloop
  endfacet
  facet normal 0 -1 0
    outer loop
      vertex -37 2.5 0
      vertex -47.5324 2.5 19.1045
      vertex -69 2.5 0
    endloop
  endfacet
  facet normal 0 -1 0
    outer loop
      vertex -69 2.5 0
      vertex -75 2.5 6
      vertex -74.933 2.5 5.10574
    endloop
  endfacet
  facet normal 0 -1 0
    outer loop
      vertex -69 2.5 0
      vertex -74.933 2.5 5.10574
      vertex -74.7334 2.5 4.23148
    endloop
  endfacet
  facet normal 0 -1 0
    outer loop
      vertex -69 2.5 0
      vertex -74.7334 2.5 4.23148
      vertex -74.4058 2.5 3.3967
    endloop
  endfacet
  facet normal 0 -1 0
    outer loop
      vertex -69 2.5 0
      vertex -74.4058 2.5 3.3967
      vertex -73.9574 2.5 2.62009
    endloop
  endfacet
  facet normal 0 -1 0
    outer loop
      vertex -69 2.5 0
      vertex -73.9574 2.5 2.62009
      vertex -73.3983 2.5 1.91896
    endloop
  endfacet
  facet normal 0 -1 0
    outer loop
      vertex -69 2.5 0
      vertex -73.3983 2.5 1.91896
      vertex -72.7409 2.5 1.30901
    endloop
  endfacet
  facet normal 0 -1 0
    outer loop
      vertex -69 2.5 0
      vertex -72.7409 2.5 1.30901
      vertex -72 2.5 0.803848
    endloop
  endfacet
  facet normal 0 -1 0
    outer loop
      vertex -69 2.5 0
      vertex -72 2.5 0.803848
      vertex -71.192 2.5 0.414764
    endloop
  endfacet
  facet normal 0 -1 0
    outer loop
      vertex -69 2.5 0
      vertex -71.192 2.5 0.414764
      vertex -70.3351 2.5 0.150436
    endloop
  endfacet
  facet normal 0 -1 0
    outer loop
      vertex -47.5324 2.5 19.1045
      vertex -37 2.5 0
      vertex -47.321 2.5 19.0358
    endloop
  endfacet
  facet normal 0 -1 0
    outer loop
      vertex -45.5 2.5 18.76
      vertex -37 2.5 0
      vertex -37 2.5 16
    endloop
  endfacet
  facet normal 0 -1 0
    outer loop
      vertex 74.7334 2.5 127.769
      vertex 75 2.5 126
      vertex 74.933 2.5 126.894
    endloop
  endfacet
  facet normal 0 -1 0
    outer loop
      vertex 46.2546 2.5 76.1919
      vertex 32.5 2.5 127
      vertex 45.5834 2.5 76.2372
    endloop
  endfacet
  facet normal 0 -1 0
    outer loop
      vertex 48 2.5 132
      vertex 46.2546 2.5 76.1919
      vertex 46.4471 2.5 76.1637
    endloop
  endfacet
  facet normal 0 -1 0
    outer loop
      vertex 47.321 2.5 75.9642
      vertex 48 2.5 132
      vertex 46.4471 2.5 76.1637
    endloop
  endfacet
  facet normal 0 -1 -0
    outer loop
      vertex 48 2.5 132
      vertex 47.321 2.5 75.9642
      vertex 75 2.5 126
    endloop
  endfacet
  facet normal 0 -1 0
    outer loop
      vertex 47.5324 2.5 75.8955
      vertex 75 2.5 126
      vertex 47.321 2.5 75.9642
    endloop
  endfacet
  facet normal 0 -1 0
    outer loop
      vertex 48.3567 2.5 75.5432
      vertex 75 2.5 126
      vertex 47.5324 2.5 75.8955
    endloop
  endfacet
  facet normal 0 -1 0
    outer loop
      vertex 48.5524 2.5 75.4379
      vertex 75 2.5 126
      vertex 48.3567 2.5 75.5432
    endloop
  endfacet
  facet normal 0 -1 0
    outer loop
      vertex 49.3006 2.5 74.944
      vertex 75 2.5 126
      vertex 48.5524 2.5 75.4379
    endloop
  endfacet
  facet normal 0 -1 0
    outer loop
      vertex 49.4744 2.5 74.8054
      vertex 75 2.5 126
      vertex 49.3006 2.5 74.944
    endloop
  endfacet
  facet normal 0 -1 0
    outer loop
      vertex 50.1223 2.5 74.1859
      vertex 75 2.5 126
      vertex 49.4744 2.5 74.8054
    endloop
  endfacet
  facet normal 0 -1 0
    outer loop
      vertex 50.2685 2.5 74.0186
      vertex 75 2.5 126
      vertex 50.1223 2.5 74.1859
    endloop
  endfacet
  facet normal 0 -1 0
    outer loop
      vertex 50.7954 2.5 73.2934
      vertex 75 2.5 126
      vertex 50.2685 2.5 74.0186
    endloop
  endfacet
  facet normal 0 -1 0
    outer loop
      vertex 50.9095 2.5 73.1025
      vertex 75 2.5 126
      vertex 50.7954 2.5 73.2934
    endloop
  endfacet
  facet normal 0 -1 0
    outer loop
      vertex 51.2984 2.5 72.2949
      vertex 75 2.5 126
      vertex 50.9095 2.5 73.1025
    endloop
  endfacet
  facet normal 0 -1 0
    outer loop
      vertex 51.3765 2.5 72.0868
      vertex 75 2.5 126
      vertex 51.2984 2.5 72.2949
    endloop
  endfacet
  facet normal 0 -1 0
    outer loop
      vertex 51.615 2.5 71.2227
      vertex 75 2.5 126
      vertex 51.3765 2.5 72.0868
    endloop
  endfacet
  facet normal 0 -1 0
    outer loop
      vertex 51.6547 2.5 71.0039
      vertex 75 2.5 126
      vertex 51.615 2.5 71.2227
    endloop
  endfacet
  facet normal 0 -1 0
    outer loop
      vertex 51.735 2.5 70.1112
      vertex 75 2.5 126
      vertex 51.6547 2.5 71.0039
    endloop
  endfacet
  facet normal 0 -1 0
    outer loop
      vertex 51.74 2.5 70
      vertex 75 2.5 126
      vertex 51.735 2.5 70.1112
    endloop
  endfacet
  facet normal 0 -1 0
    outer loop
      vertex 75 2.5 6
      vertex 51.74 2.5 70
      vertex 51.74 2.5 25
    endloop
  endfacet
  facet normal 0 -1 0
    outer loop
      vertex 75 2.5 6
      vertex 51.74 2.5 25
      vertex 51.7372 2.5 24.9166
    endloop
  endfacet
  facet normal 0 -1 0
    outer loop
      vertex 75 2.5 6
      vertex 51.7372 2.5 24.9166
      vertex 51.6919 2.5 24.2454
    endloop
  endfacet
  facet normal 0 -1 0
    outer loop
      vertex 75 2.5 6
      vertex 51.6919 2.5 24.2454
      vertex 51.6637 2.5 24.0529
    endloop
  endfacet
  facet normal 0 -1 0
    outer loop
      vertex 75 2.5 6
      vertex 51.6637 2.5 24.0529
      vertex 51.4642 2.5 23.179
    endloop
  endfacet
  facet normal 0 -1 0
    outer loop
      vertex -45.5 2.5 18.76
      vertex -33 2.5 16
      vertex 45.5 2.5 18.76
    endloop
  endfacet
  facet normal 0 -1 0
    outer loop
      vertex 33 2.5 16
      vertex 45.5 2.5 18.76
      vertex -33 2.5 16
    endloop
  endfacet
  facet normal 0 -1 0
    outer loop
      vertex 37 2.5 16
      vertex 45.5 2.5 18.76
      vertex 33 2.5 16
    endloop
  endfacet
  facet normal 0 -1 0
    outer loop
      vertex 37 2.5 0
      vertex 45.5 2.5 18.76
      vertex 37 2.5 16
    endloop
  endfacet
  facet normal 0 -1 -0
    outer loop
      vertex 45.5 2.5 18.76
      vertex 37 2.5 0
      vertex 45.6112 2.5 18.765
    endloop
  endfacet
  facet normal 0 -1 -0
    outer loop
      vertex 45.6112 2.5 18.765
      vertex 37 2.5 0
      vertex 46.5039 2.5 18.8453
    endloop
  endfacet
  facet normal 0 -1 -0
    outer loop
      vertex 46.5039 2.5 18.8453
      vertex 37 2.5 0
      vertex 46.7227 2.5 18.885
    endloop
  endfacet
  facet normal 0 -1 0
    outer loop
      vertex 51.74 2.5 70
      vertex 75 2.5 6
      vertex 75 2.5 126
    endloop
  endfacet
  facet normal 0 -1 0
    outer loop
      vertex 51.3955 2.5 22.9676
      vertex 75 2.5 6
      vertex 51.4642 2.5 23.179
    endloop
  endfacet
  facet normal 0 -1 0
    outer loop
      vertex 51.0432 2.5 22.1433
      vertex 75 2.5 6
      vertex 51.3955 2.5 22.9676
    endloop
  endfacet
  facet normal 0 -1 0
    outer loop
      vertex 50.9379 2.5 21.9475
      vertex 75 2.5 6
      vertex 51.0432 2.5 22.1433
    endloop
  endfacet
  facet normal 0 -1 0
    outer loop
      vertex 50.444 2.5 21.1994
      vertex 75 2.5 6
      vertex 50.9379 2.5 21.9475
    endloop
  endfacet
  facet normal 0 -1 0
    outer loop
      vertex 69 2.5 0
      vertex 50.444 2.5 21.1994
      vertex 50.3054 2.5 21.0256
    endloop
  endfacet
  facet normal 0 -1 0
    outer loop
      vertex 69 2.5 0
      vertex 50.3054 2.5 21.0256
      vertex 49.6859 2.5 20.3777
    endloop
  endfacet
  facet normal 0 -1 0
    outer loop
      vertex 69 2.5 0
      vertex 49.6859 2.5 20.3777
      vertex 49.5186 2.5 20.2315
    endloop
  endfacet
  facet normal 0 -1 0
    outer loop
      vertex 69 2.5 0
      vertex 49.5186 2.5 20.2315
      vertex 48.7934 2.5 19.7046
    endloop
  endfacet
  facet normal 0 -1 0
    outer loop
      vertex 69 2.5 0
      vertex 48.7934 2.5 19.7046
      vertex 48.6025 2.5 19.5905
    endloop
  endfacet
  facet normal 0 -1 0
    outer loop
      vertex 69 2.5 0
      vertex 48.6025 2.5 19.5905
      vertex 47.7949 2.5 19.2016
    endloop
  endfacet
  facet normal 0 -1 0
    outer loop
      vertex 69 2.5 0
      vertex 47.7949 2.5 19.2016
      vertex 47.5868 2.5 19.1235
    endloop
  endfacet
  facet normal 0 -1 -0
    outer loop
      vertex 46.7227 2.5 18.885
      vertex 37 2.5 0
      vertex 47.5868 2.5 19.1235
    endloop
  endfacet
  facet normal 0 -1 0
    outer loop
      vertex 50.444 2.5 21.1994
      vertex 69 2.5 0
      vertex 75 2.5 6
    endloop
  endfacet
  facet normal 0 -1 0
    outer loop
      vertex 75 2.5 6
      vertex 69 2.5 0
      vertex 74.8496 2.5 4.66487
    endloop
  endfacet
  facet normal 0 -1 0
    outer loop
      vertex 74.8496 2.5 4.66487
      vertex 69 2.5 0
      vertex 74.5852 2.5 3.80795
    endloop
  endfacet
  facet normal 0 -1 0
    outer loop
      vertex 74.5852 2.5 3.80795
      vertex 69 2.5 0
      vertex 74.1962 2.5 3
    endloop
  endfacet
  facet normal 0 -1 0
    outer loop
      vertex 74.1962 2.5 3
      vertex 69 2.5 0
      vertex 73.691 2.5 2.25906
    endloop
  endfacet
  facet normal 0 -1 0
    outer loop
      vertex 73.691 2.5 2.25906
      vertex 69 2.5 0
      vertex 73.081 2.5 1.60168
    endloop
  endfacet
  facet normal 0 -1 0
    outer loop
      vertex 73.081 2.5 1.60168
      vertex 69 2.5 0
      vertex 72.3799 2.5 1.04257
    endloop
  endfacet
  facet normal 0 -1 0
    outer loop
      vertex 72.3799 2.5 1.04257
      vertex 69 2.5 0
      vertex 71.6033 2.5 0.594193
    endloop
  endfacet
  facet normal 0 -1 0
    outer loop
      vertex 71.6033 2.5 0.594193
      vertex 69 2.5 0
      vertex 70.7685 2.5 0.266556
    endloop
  endfacet
  facet normal 0 -1 -0
    outer loop
      vertex 47.5868 2.5 19.1235
      vertex 37 2.5 0
      vertex 69 2.5 0
    endloop
  endfacet
  facet normal 0 -1 0
    outer loop
      vertex 70.7685 2.5 0.266556
      vertex 69 2.5 0
      vertex 69.8943 2.5 0.0670166
    endloop
  endfacet
  facet normal 0.111953 -0.993713 0
    outer loop
      vertex 48 2.5 132
      vertex 48.8901 2.60028 168
      vertex 48 2.5 168
    endloop
  endfacet
  facet normal 0.111953 -0.993713 0
    outer loop
      vertex 48.8901 2.60028 168
      vertex 48 2.5 132
      vertex 48.8901 2.60028 132
    endloop
  endfacet
  facet normal 0.185916 0.982566 -0
    outer loop
      vertex -46 5.5 0
      vertex -47.096 5.70738 2.42386
      vertex -46 5.5 9
    endloop
  endfacet
  facet normal 0.185916 0.982566 0
    outer loop
      vertex -47.096 5.70738 2.42386
      vertex -46 5.5 0
      vertex -47.096 5.70738 0
    endloop
  endfacet
  facet normal 0.185916 0.982566 -0
    outer loop
      vertex -46 5.5 74.9952
      vertex -47.096 5.70738 168
      vertex -46 5.5 168
    endloop
  endfacet
  facet normal 0.185907 0.982567 -1.19608e-07
    outer loop
      vertex -46.3937 5.57449 74.9298
      vertex -47.096 5.70738 168
      vertex -46 5.5 74.9952
    endloop
  endfacet
  facet normal 0.185607 0.982624 -2.45938e-06
    outer loop
      vertex -46.3955 5.57483 74.9294
      vertex -47.096 5.70738 168
      vertex -46.3937 5.57449 74.9298
    endloop
  endfacet
  facet normal 0.185948 0.98256 1.92768e-07
    outer loop
      vertex -46.5285 5.6 74.8822
      vertex -47.096 5.70738 168
      vertex -46.3955 5.57483 74.9294
    endloop
  endfacet
  facet normal 0.185917 0.982565 0
    outer loop
      vertex -47.096 5.70738 33
      vertex -46.5285 5.6 74.8822
      vertex -46.5285 5.6 33
    endloop
  endfacet
  facet normal 0.185917 0.982565 0
    outer loop
      vertex -46.5285 5.6 74.8822
      vertex -47.096 5.70738 33
      vertex -47.096 5.70738 168
    endloop
  endfacet
  facet normal 0.185917 0.982565 -0
    outer loop
      vertex -46.5285 5.6 25
      vertex -47.096 5.70738 29.0272
      vertex -46.5285 5.6 30.0487
    endloop
  endfacet
  facet normal 0.185917 0.982565 0
    outer loop
      vertex -47.096 5.70738 29.0272
      vertex -46.5285 5.6 25
      vertex -47.096 5.70738 25
    endloop
  endfacet
  facet normal 0.499985 0.866034 0
    outer loop
      vertex -47.096 5.70738 2.42386
      vertex -47.096 5.70738 0
      vertex -47.5 5.94062 0
    endloop
  endfacet
  facet normal 0.499977 0.866039 -0
    outer loop
      vertex -47.096 5.70738 33
      vertex -47.8705 6.15451 168
      vertex -47.096 5.70738 168
    endloop
  endfacet
  facet normal 0.499977 0.866039 0
    outer loop
      vertex -47.8705 6.15451 168
      vertex -47.096 5.70738 33
      vertex -47.8705 6.15451 33
    endloop
  endfacet
  facet normal 0.499977 0.866039 -0
    outer loop
      vertex -47.096 5.70738 25
      vertex -47.8705 6.15451 27.6332
      vertex -47.096 5.70738 29.0272
    endloop
  endfacet
  facet normal 0.499977 0.866039 0
    outer loop
      vertex -47.8705 6.15451 27.6332
      vertex -47.096 5.70738 25
      vertex -47.8705 6.15451 25
    endloop
  endfacet
  facet normal 0.733076 0.680147 0
    outer loop
      vertex -47.8705 6.15451 168
      vertex -48.4787 6.81004 33
      vertex -48.4787 6.81004 168
    endloop
  endfacet
  facet normal 0.733076 0.680147 0
    outer loop
      vertex -48.4787 6.81004 33
      vertex -47.8705 6.15451 168
      vertex -47.8705 6.15451 33
    endloop
  endfacet
  facet normal 0.733076 0.680147 -0
    outer loop
      vertex -47.8705 6.15451 25
      vertex -48.4787 6.81004 26.5383
      vertex -47.8705 6.15451 27.6332
    endloop
  endfacet
  facet normal 0.733076 0.680147 0
    outer loop
      vertex -48.4787 6.81004 26.5383
      vertex -47.8705 6.15451 25
      vertex -48.4787 6.81004 25
    endloop
  endfacet
  facet normal 0.900971 0.433879 0
    outer loop
      vertex -48.4787 6.81004 168
      vertex -48.8667 7.61574 33
      vertex -48.8667 7.61574 168
    endloop
  endfacet
  facet normal 0.900971 0.433879 0
    outer loop
      vertex -48.8667 7.61574 33
      vertex -48.4787 6.81004 168
      vertex -48.4787 6.81004 33
    endloop
  endfacet
  facet normal 0.900978 0.433865 0
    outer loop
      vertex -48.5 6.85424 26.5
      vertex -48.8667 7.61574 25
      vertex -48.8667 7.61574 26.5
    endloop
  endfacet
  facet normal 0.900854 0.434122 -0
    outer loop
      vertex -48.4787 6.81004 25
      vertex -48.5 6.85424 26.5
      vertex -48.4787 6.81004 26.5383
    endloop
  endfacet
  facet normal 0.900971 0.433879 8.80432e-06
    outer loop
      vertex -48.5 6.85424 26.5
      vertex -48.4787 6.81004 25
      vertex -48.8667 7.61574 25
    endloop
  endfacet
  facet normal 0.988828 0.149063 0
    outer loop
      vertex -48.8667 7.61574 168
      vertex -49 8.5 33
      vertex -49 8.5 168
    endloop
  endfacet
  facet normal 0.988828 0.149063 0
    outer loop
      vertex -49 8.5 33
      vertex -48.8667 7.61574 168
      vertex -48.8667 7.61574 33
    endloop
  endfacet
  facet normal 0.988828 0.149063 0
    outer loop
      vertex -48.8667 7.61574 26.5
      vertex -49 8.5 25
      vertex -49 8.5 26.5
    endloop
  endfacet
  facet normal 0.988828 0.149063 0
    outer loop
      vertex -49 8.5 25
      vertex -48.8667 7.61574 26.5
      vertex -48.8667 7.61574 25
    endloop
  endfacet
  facet normal 0.982562 -0.185934 0
    outer loop
      vertex -49 72.5 168
      vertex -48.7926 73.596 33
      vertex -48.7926 73.596 168
    endloop
  endfacet
  facet normal 0.982562 -0.185934 0
    outer loop
      vertex -48.7926 73.596 33
      vertex -49 72.5 168
      vertex -49 72.5 33
    endloop
  endfacet
  facet normal 0.982562 -0.185934 0
    outer loop
      vertex -49 72.5 26.5
      vertex -48.7926 73.596 22
      vertex -48.7926 73.596 26.5
    endloop
  endfacet
  facet normal 0.982562 -0.185934 0
    outer loop
      vertex -48.7926 73.596 22
      vertex -49 72.5 26.5
      vertex -49 72.5 22
    endloop
  endfacet
  facet normal 0.866053 -0.499952 0
    outer loop
      vertex -48.7926 73.596 168
      vertex -48.3455 74.3705 33
      vertex -48.3455 74.3705 168
    endloop
  endfacet
  facet normal 0.866053 -0.499952 0
    outer loop
      vertex -48.3455 74.3705 33
      vertex -48.7926 73.596 168
      vertex -48.7926 73.596 33
    endloop
  endfacet
  facet normal 0.866024 -0.500003 0
    outer loop
      vertex -48.5 74.1029 26.5
      vertex -48.3455 74.3705 22
      vertex -48.3455 74.3705 26.7781
    endloop
  endfacet
  facet normal 0.866069 -0.499925 0
    outer loop
      vertex -48.7926 73.596 22
      vertex -48.5 74.1029 26.5
      vertex -48.7926 73.596 26.5
    endloop
  endfacet
  facet normal 0.866053 -0.499952 4.04792e-06
    outer loop
      vertex -48.5 74.1029 26.5
      vertex -48.7926 73.596 22
      vertex -48.3455 74.3705 22
    endloop
  endfacet
  facet normal 0.680164 -0.73306 0
    outer loop
      vertex -48.3455 74.3705 33
      vertex -47.69 74.9787 168
      vertex -48.3455 74.3705 168
    endloop
  endfacet
  facet normal 0.680164 -0.73306 0
    outer loop
      vertex -47.69 74.9787 168
      vertex -48.3455 74.3705 33
      vertex -47.69 74.9787 33
    endloop
  endfacet
  facet normal 0.680164 -0.73306 0
    outer loop
      vertex -47.69 74.9787 22
      vertex -48.3455 74.3705 26.7781
      vertex -48.3455 74.3705 22
    endloop
  endfacet
  facet normal 0.680164 -0.73306 0
    outer loop
      vertex -48.3455 74.3705 26.7781
      vertex -47.69 74.9787 22
      vertex -47.69 74.9787 27.9581
    endloop
  endfacet
  facet normal 0.433877 -0.900972 0
    outer loop
      vertex -46.8843 75.3667 0
      vertex -46.8843 75.3667 3.69443
      vertex -47.5 75.0702 0
    endloop
  endfacet
  facet normal 0.433879 -0.900971 0
    outer loop
      vertex -47.69 74.9787 33
      vertex -46.8843 75.3667 168
      vertex -47.69 74.9787 168
    endloop
  endfacet
  facet normal 0.433879 -0.900971 0
    outer loop
      vertex -46.8843 75.3667 168
      vertex -47.69 74.9787 33
      vertex -46.8843 75.3667 33
    endloop
  endfacet
  facet normal 0.433879 -0.900971 0
    outer loop
      vertex -46.8843 75.3667 22
      vertex -47.69 74.9787 27.9581
      vertex -47.69 74.9787 22
    endloop
  endfacet
  facet normal 0.433879 -0.900971 0
    outer loop
      vertex -47.69 74.9787 27.9581
      vertex -46.8843 75.3667 22
      vertex -46.8843 75.3667 29.4083
    endloop
  endfacet
  facet normal 0.149057 -0.988829 0
    outer loop
      vertex -46 75.5 0
      vertex -46.8843 75.3667 3.69443
      vertex -46.8843 75.3667 0
    endloop
  endfacet
  facet normal 0.149057 -0.988829 0
    outer loop
      vertex -46.8843 75.3667 3.69443
      vertex -46 75.5 0
      vertex -46 75.5 9
    endloop
  endfacet
  facet normal 0.149057 -0.988829 0
    outer loop
      vertex -46.8843 75.3667 33
      vertex -46 75.5 168
      vertex -46.8843 75.3667 168
    endloop
  endfacet
  facet normal 0.149057 -0.988829 0
    outer loop
      vertex -46 75.5 168
      vertex -46.8843 75.3667 33
      vertex -46 75.5 33
    endloop
  endfacet
  facet normal 0.149057 -0.988829 0
    outer loop
      vertex -46 75.5 22
      vertex -46.8843 75.3667 29.4083
      vertex -46.8843 75.3667 22
    endloop
  endfacet
  facet normal 0.149057 -0.988829 0
    outer loop
      vertex -46.8843 75.3667 29.4083
      vertex -46 75.5 22
      vertex -46 75.5 31
    endloop
  endfacet
  facet normal -0.185934 -0.982562 0
    outer loop
      vertex 46 75.5 0
      vertex 47.096 75.2926 2.42386
      vertex 46 75.5 9
    endloop
  endfacet
  facet normal -0.185934 -0.982562 -0
    outer loop
      vertex 47.096 75.2926 2.42386
      vertex 46 75.5 0
      vertex 47.096 75.2926 0
    endloop
  endfacet
  facet normal -0.185934 -0.982562 0
    outer loop
      vertex 46 75.5 33
      vertex 47.096 75.2926 168
      vertex 46 75.5 168
    endloop
  endfacet
  facet normal -0.185934 -0.982562 -0
    outer loop
      vertex 47.096 75.2926 168
      vertex 46 75.5 33
      vertex 47.096 75.2926 33
    endloop
  endfacet
  facet normal -0.185934 -0.982562 0
    outer loop
      vertex 46 75.5 22
      vertex 47.096 75.2926 29.0272
      vertex 46 75.5 31
    endloop
  endfacet
  facet normal -0.185934 -0.982562 -0
    outer loop
      vertex 47.096 75.2926 29.0272
      vertex 46 75.5 22
      vertex 47.096 75.2926 22
    endloop
  endfacet
  facet normal -0.49992 -0.866071 0
    outer loop
      vertex 47.5 75.0594 0
      vertex 47.096 75.2926 2.42386
      vertex 47.096 75.2926 0
    endloop
  endfacet
  facet normal -0.499952 -0.866053 0
    outer loop
      vertex 47.096 75.2926 33
      vertex 47.8705 74.8455 168
      vertex 47.096 75.2926 168
    endloop
  endfacet
  facet normal -0.499952 -0.866053 -0
    outer loop
      vertex 47.8705 74.8455 168
      vertex 47.096 75.2926 33
      vertex 47.8705 74.8455 33
    endloop
  endfacet
  facet normal -0.499952 -0.866053 0
    outer loop
      vertex 47.096 75.2926 22
      vertex 47.8705 74.8455 27.6332
      vertex 47.096 75.2926 29.0272
    endloop
  endfacet
  facet normal -0.499952 -0.866053 -0
    outer loop
      vertex 47.8705 74.8455 27.6332
      vertex 47.096 75.2926 22
      vertex 47.8705 74.8455 22
    endloop
  endfacet
  facet normal -0.73306 -0.680164 0
    outer loop
      vertex 48.4787 74.19 33
      vertex 47.8705 74.8455 168
      vertex 47.8705 74.8455 33
    endloop
  endfacet
  facet normal -0.73306 -0.680164 0
    outer loop
      vertex 47.8705 74.8455 168
      vertex 48.4787 74.19 33
      vertex 48.4787 74.19 168
    endloop
  endfacet
  facet normal -0.73306 -0.680164 -0
    outer loop
      vertex 48.4787 74.19 26.5383
      vertex 47.8705 74.8455 22
      vertex 48.4787 74.19 22
    endloop
  endfacet
  facet normal -0.73306 -0.680164 0
    outer loop
      vertex 47.8705 74.8455 22
      vertex 48.4787 74.19 26.5383
      vertex 47.8705 74.8455 27.6332
    endloop
  endfacet
  facet normal -0.900971 -0.433879 0
    outer loop
      vertex 48.8667 73.3843 33
      vertex 48.4787 74.19 168
      vertex 48.4787 74.19 33
    endloop
  endfacet
  facet normal -0.900971 -0.433879 0
    outer loop
      vertex 48.4787 74.19 168
      vertex 48.8667 73.3843 33
      vertex 48.8667 73.3843 168
    endloop
  endfacet
  facet normal -0.900854 -0.434122 0
    outer loop
      vertex 48.4787 74.19 22
      vertex 48.5 74.1458 26.5
      vertex 48.4787 74.19 26.5383
    endloop
  endfacet
  facet normal -0.900971 -0.433879 2.93477e-06
    outer loop
      vertex 48.8667 73.3843 22
      vertex 48.5 74.1458 26.5
      vertex 48.4787 74.19 22
    endloop
  endfacet
  facet normal -0.900978 -0.433865 0
    outer loop
      vertex 48.5 74.1458 26.5
      vertex 48.8667 73.3843 22
      vertex 48.8667 73.3843 26.5
    endloop
  endfacet
  facet normal -0.988829 -0.149057 0
    outer loop
      vertex 49 72.5 33
      vertex 48.8667 73.3843 168
      vertex 48.8667 73.3843 33
    endloop
  endfacet
  facet normal -0.988829 -0.149057 0
    outer loop
      vertex 48.8667 73.3843 168
      vertex 49 72.5 33
      vertex 49 72.5 168
    endloop
  endfacet
  facet normal -0.988829 -0.149057 0
    outer loop
      vertex 49 72.5 22
      vertex 48.8667 73.3843 26.5
      vertex 48.8667 73.3843 22
    endloop
  endfacet
  facet normal -0.988829 -0.149057 0
    outer loop
      vertex 48.8667 73.3843 26.5
      vertex 49 72.5 22
      vertex 49 72.5 26.5
    endloop
  endfacet
  facet normal -0.982563 0.18593 0
    outer loop
      vertex 48.7926 7.40398 33
      vertex 49 8.5 168
      vertex 49 8.5 33
    endloop
  endfacet
  facet normal -0.982563 0.18593 0
    outer loop
      vertex 49 8.5 168
      vertex 48.7926 7.40398 33
      vertex 48.7926 7.40398 168
    endloop
  endfacet
  facet normal -0.982563 0.18593 0
    outer loop
      vertex 48.7926 7.40398 25
      vertex 49 8.5 26.5
      vertex 49 8.5 25
    endloop
  endfacet
  facet normal -0.982563 0.18593 0
    outer loop
      vertex 49 8.5 26.5
      vertex 48.7926 7.40398 25
      vertex 48.7926 7.40398 26.5
    endloop
  endfacet
  facet normal -0.866039 0.499976 0
    outer loop
      vertex 48.3455 6.62953 33
      vertex 48.7926 7.40398 168
      vertex 48.7926 7.40398 33
    endloop
  endfacet
  facet normal -0.866039 0.499976 0
    outer loop
      vertex 48.7926 7.40398 168
      vertex 48.3455 6.62953 33
      vertex 48.3455 6.62953 168
    endloop
  endfacet
  facet normal -0.866039 0.499976 0
    outer loop
      vertex 48.7926 7.40398 25
      vertex 48.5 6.89715 26.5
      vertex 48.7926 7.40398 26.5
    endloop
  endfacet
  facet normal -0.866039 0.499976 -2.81057e-07
    outer loop
      vertex 48.3455 6.62953 25
      vertex 48.5 6.89715 26.5
      vertex 48.7926 7.40398 25
    endloop
  endfacet
  facet normal -0.86604 0.499975 0
    outer loop
      vertex 48.5 6.89715 26.5
      vertex 48.3455 6.62953 25
      vertex 48.3455 6.62953 26.7781
    endloop
  endfacet
  facet normal -0.680188 0.733038 0
    outer loop
      vertex 48.3455 6.62953 33
      vertex 47.69 6.02129 168
      vertex 48.3455 6.62953 168
    endloop
  endfacet
  facet normal -0.680188 0.733038 0
    outer loop
      vertex 47.69 6.02129 168
      vertex 48.3455 6.62953 33
      vertex 47.69 6.02129 33
    endloop
  endfacet
  facet normal -0.680188 0.733038 0
    outer loop
      vertex 47.69 6.02129 25
      vertex 48.3455 6.62953 26.7781
      vertex 48.3455 6.62953 25
    endloop
  endfacet
  facet normal -0.680188 0.733038 0
    outer loop
      vertex 48.3455 6.62953 26.7781
      vertex 47.69 6.02129 25
      vertex 47.69 6.02129 27.9581
    endloop
  endfacet
  facet normal -0.433901 0.900961 0
    outer loop
      vertex 46.8843 5.63329 3.69443
      vertex 47.5 5.92981 0
      vertex 46.8843 5.63329 0
    endloop
  endfacet
  facet normal -0.433879 0.900971 0
    outer loop
      vertex 47.69 6.02129 33
      vertex 46.8843 5.63329 168
      vertex 47.69 6.02129 168
    endloop
  endfacet
  facet normal -0.433879 0.900971 0
    outer loop
      vertex 46.8843 5.63329 168
      vertex 47.69 6.02129 33
      vertex 46.8843 5.63329 33
    endloop
  endfacet
  facet normal -0.433879 0.900971 0
    outer loop
      vertex 46.8843 5.63329 25
      vertex 47.69 6.02129 27.9581
      vertex 47.69 6.02129 25
    endloop
  endfacet
  facet normal -0.433879 0.900971 0
    outer loop
      vertex 47.69 6.02129 27.9581
      vertex 46.8843 5.63329 25
      vertex 46.8843 5.63329 29.4083
    endloop
  endfacet
  facet normal -0.149046 0.98883 0
    outer loop
      vertex 46 5.5 0
      vertex 46.8843 5.63329 3.69443
      vertex 46.8843 5.63329 0
    endloop
  endfacet
  facet normal -0.149046 0.98883 0
    outer loop
      vertex 46.8843 5.63329 3.69443
      vertex 46 5.5 0
      vertex 46 5.5 9
    endloop
  endfacet
  facet normal -0.149046 0.98883 0
    outer loop
      vertex 46.8843 5.63329 168
      vertex 46 5.5 75.0064
      vertex 46 5.5 168
    endloop
  endfacet
  facet normal -0.14901 0.988836 -3.43263e-07
    outer loop
      vertex 46.8843 5.63329 168
      vertex 46.1732 5.5261 74.9842
      vertex 46 5.5 75.0064
    endloop
  endfacet
  facet normal -0.149414 0.988775 2.81388e-06
    outer loop
      vertex 46.8843 5.63329 168
      vertex 46.1777 5.52678 74.9833
      vertex 46.1732 5.5261 74.9842
    endloop
  endfacet
  facet normal -0.149067 0.988827 1.1673e-07
    outer loop
      vertex 46.8843 5.63329 168
      vertex 46.6634 5.6 74.8424
      vertex 46.1777 5.52678 74.9833
    endloop
  endfacet
  facet normal -0.149019 0.988834 0
    outer loop
      vertex 46.8843 5.63329 33
      vertex 46.6634 5.6 74.8424
      vertex 46.8843 5.63329 168
    endloop
  endfacet
  facet normal -0.149019 0.988834 0
    outer loop
      vertex 46.6634 5.6 74.8424
      vertex 46.8843 5.63329 33
      vertex 46.6634 5.6 33
    endloop
  endfacet
  facet normal -0.149019 0.988834 0
    outer loop
      vertex 46.6634 5.6 25
      vertex 46.8843 5.63329 29.4083
      vertex 46.8843 5.63329 25
    endloop
  endfacet
  facet normal -0.149019 0.988834 0
    outer loop
      vertex 46.8843 5.63329 29.4083
      vertex 46.6634 5.6 25
      vertex 46.6634 5.6 29.8058
    endloop
  endfacet
  facet normal 0.365343 0 -0.930873
    outer loop
      vertex 70.7685 2.5 0.266556
      vertex 71.6033 5.5 0.594193
      vertex 71.6033 2.5 0.594193
    endloop
  endfacet
  facet normal 0.365343 0 -0.930873
    outer loop
      vertex 71.6033 5.5 0.594193
      vertex 70.7685 2.5 0.266556
      vertex 70.7685 5.5 0.266556
    endloop
  endfacet
  facet normal 0.22253 0 -0.974926
    outer loop
      vertex 69.8943 2.5 0.0670166
      vertex 70.7685 5.5 0.266556
      vertex 70.7685 2.5 0.266556
    endloop
  endfacet
  facet normal 0.22253 0 -0.974926
    outer loop
      vertex 70.7685 5.5 0.266556
      vertex 69.8943 2.5 0.0670166
      vertex 69.8943 5.5 0.0670166
    endloop
  endfacet
  facet normal 0.997203 -0 0.0747345
    outer loop
      vertex 74.933 2.5 126.894
      vertex 75 5.5 126
      vertex 74.933 5.5 126.894
    endloop
  endfacet
  facet normal 0.997203 0 0.0747345
    outer loop
      vertex 75 5.5 126
      vertex 74.933 2.5 126.894
      vertex 75 2.5 126
    endloop
  endfacet
  facet normal 0.781793 -0 0.623538
    outer loop
      vertex 73.3983 2.5 130.081
      vertex 73.9574 5.5 129.38
      vertex 73.3983 5.5 130.081
    endloop
  endfacet
  facet normal 0.781793 0 0.623538
    outer loop
      vertex 73.9574 5.5 129.38
      vertex 73.3983 2.5 130.081
      vertex 73.9574 2.5 129.38
    endloop
  endfacet
  facet normal 0.074728 0 -0.997204
    outer loop
      vertex 69 2.5 0
      vertex 69.8943 5.5 0.0670166
      vertex 69.8943 2.5 0.0670166
    endloop
  endfacet
  facet normal 0.074728 0 -0.997204
    outer loop
      vertex 69.8943 5.5 0.0670166
      vertex 69 2.5 0
      vertex 69 5.5 0
    endloop
  endfacet
  facet normal -0.866014 0 -0.50002
    outer loop
      vertex -73.9574 2.5 2.62009
      vertex -74.4058 5.5 3.3967
      vertex -73.9574 5.5 2.62009
    endloop
  endfacet
  facet normal -0.866014 -0 -0.50002
    outer loop
      vertex -74.4058 5.5 3.3967
      vertex -73.9574 2.5 2.62009
      vertex -74.4058 2.5 3.3967
    endloop
  endfacet
  facet normal -0.111969 0 -0.993712
    outer loop
      vertex -70.3351 2.5 0.150436
      vertex -69 5.5 0
      vertex -69 2.5 0
    endloop
  endfacet
  facet normal -0.111969 0 -0.993712
    outer loop
      vertex -69 5.5 0
      vertex -70.3351 2.5 0.150436
      vertex -70.3351 5.5 0.150436
    endloop
  endfacet
  facet normal -0.955557 0 0.294807
    outer loop
      vertex -74.8496 2.5 127.335
      vertex -74.5852 5.5 128.192
      vertex -74.8496 5.5 127.335
    endloop
  endfacet
  facet normal -0.955557 0 0.294807
    outer loop
      vertex -74.5852 5.5 128.192
      vertex -74.8496 2.5 127.335
      vertex -74.5852 2.5 128.192
    endloop
  endfacet
  facet normal 0.955549 0 -0.294832
    outer loop
      vertex 74.8496 2.5 4.66487
      vertex 74.5852 5.5 3.80795
      vertex 74.8496 5.5 4.66487
    endloop
  endfacet
  facet normal 0.955549 0 -0.294832
    outer loop
      vertex 74.5852 5.5 3.80795
      vertex 74.8496 2.5 4.66487
      vertex 74.5852 2.5 3.80795
    endloop
  endfacet
  facet normal 0.930768 -0 0.365611
    outer loop
      vertex 74.4058 2.5 128.603
      vertex 74.7334 5.5 127.769
      vertex 74.4058 5.5 128.603
    endloop
  endfacet
  facet normal 0.930768 0 0.365611
    outer loop
      vertex 74.7334 5.5 127.769
      vertex 74.4058 2.5 128.603
      vertex 74.7334 2.5 127.769
    endloop
  endfacet
  facet normal -0.433858 0 -0.900981
    outer loop
      vertex -72 2.5 0.803848
      vertex -71.192 5.5 0.414764
      vertex -71.192 2.5 0.414764
    endloop
  endfacet
  facet normal -0.433858 0 -0.900981
    outer loop
      vertex -71.192 5.5 0.414764
      vertex -72 2.5 0.803848
      vertex -72 5.5 0.803848
    endloop
  endfacet
  facet normal -0.623416 0 0.781891
    outer loop
      vertex -73.081 5.5 130.398
      vertex -72.3799 2.5 130.957
      vertex -72.3799 5.5 130.957
    endloop
  endfacet
  facet normal -0.623416 0 0.781891
    outer loop
      vertex -72.3799 2.5 130.957
      vertex -73.081 5.5 130.398
      vertex -73.081 2.5 130.398
    endloop
  endfacet
  facet normal -0.500526 0 0.865721
    outer loop
      vertex -72.3799 5.5 130.957
      vertex -71.6033 2.5 131.406
      vertex -71.6033 5.5 131.406
    endloop
  endfacet
  facet normal -0.500526 0 0.865721
    outer loop
      vertex -71.6033 2.5 131.406
      vertex -72.3799 5.5 130.957
      vertex -72.3799 2.5 130.957
    endloop
  endfacet
  facet normal -0.0747096 0 0.997205
    outer loop
      vertex -69.8943 5.5 131.933
      vertex -69 2.5 132
      vertex -69 5.5 132
    endloop
  endfacet
  facet normal -0.0747096 0 0.997205
    outer loop
      vertex -69 2.5 132
      vertex -69.8943 5.5 131.933
      vertex -69.8943 2.5 131.933
    endloop
  endfacet
  facet normal 1 -0 0
    outer loop
      vertex 75 2.5 126
      vertex 75 5.5 6
      vertex 75 5.5 126
    endloop
  endfacet
  facet normal 1 0 0
    outer loop
      vertex 75 5.5 6
      vertex 75 2.5 126
      vertex 75 2.5 6
    endloop
  endfacet
  facet normal -1 0 0
    outer loop
      vertex -75 2.5 6
      vertex -75 5.5 126
      vertex -75 5.5 6
    endloop
  endfacet
  facet normal -1 -0 0
    outer loop
      vertex -75 5.5 126
      vertex -75 2.5 6
      vertex -75 2.5 126
    endloop
  endfacet
  facet normal 0.295449 0 0.955359
    outer loop
      vertex 70.3351 5.5 131.85
      vertex 71.192 2.5 131.585
      vertex 71.192 5.5 131.585
    endloop
  endfacet
  facet normal 0.295449 0 0.955359
    outer loop
      vertex 71.192 2.5 131.585
      vertex 70.3351 5.5 131.85
      vertex 70.3351 2.5 131.85
    endloop
  endfacet
  facet normal 0.623491 0 -0.781831
    outer loop
      vertex 72.3799 2.5 1.04257
      vertex 73.081 5.5 1.60168
      vertex 73.081 2.5 1.60168
    endloop
  endfacet
  facet normal 0.623491 0 -0.781831
    outer loop
      vertex 73.081 5.5 1.60168
      vertex 72.3799 2.5 1.04257
      vertex 72.3799 5.5 1.04257
    endloop
  endfacet
  facet normal -0.781849 0 -0.623468
    outer loop
      vertex -73.3983 2.5 1.91896
      vertex -73.9574 5.5 2.62009
      vertex -73.3983 5.5 1.91896
    endloop
  endfacet
  facet normal -0.781849 -0 -0.623468
    outer loop
      vertex -73.9574 5.5 2.62009
      vertex -73.3983 2.5 1.91896
      vertex -73.9574 2.5 2.62009
    endloop
  endfacet
  facet normal -0.294765 0 -0.95557
    outer loop
      vertex -71.192 2.5 0.414764
      vertex -70.3351 5.5 0.150436
      vertex -70.3351 2.5 0.150436
    endloop
  endfacet
  facet normal -0.294765 0 -0.95557
    outer loop
      vertex -70.3351 5.5 0.150436
      vertex -71.192 2.5 0.414764
      vertex -71.192 5.5 0.414764
    endloop
  endfacet
  facet normal 0.433782 0 0.901018
    outer loop
      vertex 71.192 5.5 131.585
      vertex 72 2.5 131.196
      vertex 72 5.5 131.196
    endloop
  endfacet
  facet normal 0.433782 0 0.901018
    outer loop
      vertex 72 2.5 131.196
      vertex 71.192 5.5 131.585
      vertex 71.192 2.5 131.585
    endloop
  endfacet
  facet normal -0.732833 0 0.680408
    outer loop
      vertex -73.691 2.5 129.741
      vertex -73.081 5.5 130.398
      vertex -73.691 5.5 129.741
    endloop
  endfacet
  facet normal -0.732833 0 0.680408
    outer loop
      vertex -73.081 5.5 130.398
      vertex -73.691 2.5 129.741
      vertex -73.081 2.5 130.398
    endloop
  endfacet
  facet normal 0.901007 0 -0.433804
    outer loop
      vertex 74.5852 2.5 3.80795
      vertex 74.1962 5.5 3
      vertex 74.5852 5.5 3.80795
    endloop
  endfacet
  facet normal 0.901007 0 -0.433804
    outer loop
      vertex 74.1962 5.5 3
      vertex 74.5852 2.5 3.80795
      vertex 74.1962 2.5 3
    endloop
  endfacet
  facet normal 0.82622 0 -0.563347
    outer loop
      vertex 74.1962 2.5 3
      vertex 73.691 5.5 2.25906
      vertex 74.1962 5.5 3
    endloop
  endfacet
  facet normal 0.82622 0 -0.563347
    outer loop
      vertex 73.691 5.5 2.25906
      vertex 74.1962 2.5 3
      vertex 73.691 2.5 2.25906
    endloop
  endfacet
  facet normal -0.680156 0 -0.733067
    outer loop
      vertex -73.3983 2.5 1.91896
      vertex -72.7409 5.5 1.30901
      vertex -72.7409 2.5 1.30901
    endloop
  endfacet
  facet normal -0.680156 0 -0.733067
    outer loop
      vertex -72.7409 5.5 1.30901
      vertex -73.3983 2.5 1.91896
      vertex -73.3983 5.5 1.91896
    endloop
  endfacet
  facet normal -0 0 1
    outer loop
      vertex 51.8613 5.5 132
      vertex 69 2.5 132
      vertex 69 5.5 132
    endloop
  endfacet
  facet normal -0 0 1
    outer loop
      vertex 51.6039 4.76447 132
      vertex 69 2.5 132
      vertex 51.8613 5.5 132
    endloop
  endfacet
  facet normal -0 0 1
    outer loop
      vertex 51.1273 4.00604 132
      vertex 69 2.5 132
      vertex 51.6039 4.76447 132
    endloop
  endfacet
  facet normal -0 0 1
    outer loop
      vertex 50.494 3.37268 132
      vertex 69 2.5 132
      vertex 51.1273 4.00604 132
    endloop
  endfacet
  facet normal -0 0 1
    outer loop
      vertex 49.7355 2.89612 132
      vertex 69 2.5 132
      vertex 50.494 3.37268 132
    endloop
  endfacet
  facet normal -0 0 1
    outer loop
      vertex 48.8901 2.60028 132
      vertex 69 2.5 132
      vertex 49.7355 2.89612 132
    endloop
  endfacet
  facet normal 0 0 1
    outer loop
      vertex 69 2.5 132
      vertex 48.8901 2.60028 132
      vertex 48 2.5 132
    endloop
  endfacet
  facet normal 0 0 1
    outer loop
      vertex -69 2.5 132
      vertex -51.8613 5.5 132
      vertex -69 5.5 132
    endloop
  endfacet
  facet normal 0 0 1
    outer loop
      vertex -51.8613 5.5 132
      vertex -69 2.5 132
      vertex -51.6039 4.76447 132
    endloop
  endfacet
  facet normal 0 0 1
    outer loop
      vertex -51.6039 4.76447 132
      vertex -69 2.5 132
      vertex -51.1273 4.00604 132
    endloop
  endfacet
  facet normal 0 0 1
    outer loop
      vertex -51.1273 4.00604 132
      vertex -69 2.5 132
      vertex -50.494 3.37268 132
    endloop
  endfacet
  facet normal 0 0 1
    outer loop
      vertex -50.494 3.37268 132
      vertex -69 2.5 132
      vertex -49.7355 2.89612 132
    endloop
  endfacet
  facet normal 0 0 1
    outer loop
      vertex -48.8901 2.60028 132
      vertex -69 2.5 132
      vertex -48 2.5 132
    endloop
  endfacet
  facet normal 0 0 1
    outer loop
      vertex -49.7355 2.89612 132
      vertex -69 2.5 132
      vertex -48.8901 2.60028 132
    endloop
  endfacet
  facet normal 0.680186 0 0.73304
    outer loop
      vertex 72.7409 5.5 130.691
      vertex 73.3983 2.5 130.081
      vertex 73.3983 5.5 130.081
    endloop
  endfacet
  facet normal 0.680186 0 0.73304
    outer loop
      vertex 73.3983 2.5 130.081
      vertex 72.7409 5.5 130.691
      vertex 72.7409 2.5 130.691
    endloop
  endfacet
  facet normal 0.993715 0 -0.11194
    outer loop
      vertex 75 2.5 6
      vertex 74.8496 5.5 4.66487
      vertex 75 5.5 6
    endloop
  endfacet
  facet normal 0.993715 0 -0.11194
    outer loop
      vertex 74.8496 5.5 4.66487
      vertex 75 2.5 6
      vertex 74.8496 2.5 4.66487
    endloop
  endfacet
  facet normal -0.364727 0 0.931114
    outer loop
      vertex -71.6033 5.5 131.406
      vertex -70.7685 2.5 131.733
      vertex -70.7685 5.5 131.733
    endloop
  endfacet
  facet normal -0.364727 0 0.931114
    outer loop
      vertex -70.7685 2.5 131.733
      vertex -71.6033 5.5 131.406
      vertex -71.6033 2.5 131.406
    endloop
  endfacet
  facet normal -0.930884 0 -0.365315
    outer loop
      vertex -74.4058 2.5 3.3967
      vertex -74.7334 5.5 4.23148
      vertex -74.4058 5.5 3.3967
    endloop
  endfacet
  facet normal -0.930884 -0 -0.365315
    outer loop
      vertex -74.7334 5.5 4.23148
      vertex -74.4058 2.5 3.3967
      vertex -74.7334 2.5 4.23148
    endloop
  endfacet
  facet normal -0.993714 0 0.111951
    outer loop
      vertex -75 2.5 126
      vertex -74.8496 5.5 127.335
      vertex -75 5.5 126
    endloop
  endfacet
  facet normal -0.993714 0 0.111951
    outer loop
      vertex -74.8496 5.5 127.335
      vertex -75 2.5 126
      vertex -74.8496 2.5 127.335
    endloop
  endfacet
  facet normal 0.563216 0 0.82631
    outer loop
      vertex 72 5.5 131.196
      vertex 72.7409 2.5 130.691
      vertex 72.7409 5.5 130.691
    endloop
  endfacet
  facet normal 0.563216 0 0.82631
    outer loop
      vertex 72.7409 2.5 130.691
      vertex 72 5.5 131.196
      vertex 72 2.5 131.196
    endloop
  endfacet
  facet normal -0.223019 0 0.974814
    outer loop
      vertex -70.7685 5.5 131.733
      vertex -69.8943 2.5 131.933
      vertex -69.8943 5.5 131.933
    endloop
  endfacet
  facet normal -0.223019 0 0.974814
    outer loop
      vertex -69.8943 2.5 131.933
      vertex -70.7685 5.5 131.733
      vertex -70.7685 2.5 131.733
    endloop
  endfacet
  facet normal -0.901018 0 0.433782
    outer loop
      vertex -74.5852 2.5 128.192
      vertex -74.1962 5.5 129
      vertex -74.5852 5.5 128.192
    endloop
  endfacet
  facet normal -0.901018 0 0.433782
    outer loop
      vertex -74.1962 5.5 129
      vertex -74.5852 2.5 128.192
      vertex -74.1962 2.5 129
    endloop
  endfacet
  facet normal 0.974955 -0 0.222401
    outer loop
      vertex 74.7334 2.5 127.769
      vertex 74.933 5.5 126.894
      vertex 74.7334 5.5 127.769
    endloop
  endfacet
  facet normal 0.974955 0 0.222401
    outer loop
      vertex 74.933 5.5 126.894
      vertex 74.7334 2.5 127.769
      vertex 74.933 2.5 126.894
    endloop
  endfacet
  facet normal -0.826241 0 0.563316
    outer loop
      vertex -74.1962 2.5 129
      vertex -73.691 5.5 129.741
      vertex -74.1962 5.5 129
    endloop
  endfacet
  facet normal -0.826241 0 0.563316
    outer loop
      vertex -73.691 5.5 129.741
      vertex -74.1962 2.5 129
      vertex -73.691 2.5 129.741
    endloop
  endfacet
  facet normal -0.563339 0 -0.826226
    outer loop
      vertex -72.7409 2.5 1.30901
      vertex -72 5.5 0.803848
      vertex -72 2.5 0.803848
    endloop
  endfacet
  facet normal -0.563339 0 -0.826226
    outer loop
      vertex -72 5.5 0.803848
      vertex -72.7409 2.5 1.30901
      vertex -72.7409 5.5 1.30901
    endloop
  endfacet
  facet normal 0.111649 0 0.993748
    outer loop
      vertex 69 5.5 132
      vertex 70.3351 2.5 131.85
      vertex 70.3351 5.5 131.85
    endloop
  endfacet
  facet normal 0.111649 0 0.993748
    outer loop
      vertex 70.3351 2.5 131.85
      vertex 69 5.5 132
      vertex 69 2.5 132
    endloop
  endfacet
  facet normal -0.997205 0 -0.0747129
    outer loop
      vertex -74.933 2.5 5.10574
      vertex -75 5.5 6
      vertex -74.933 5.5 5.10574
    endloop
  endfacet
  facet normal -0.997205 -0 -0.0747129
    outer loop
      vertex -75 5.5 6
      vertex -74.933 2.5 5.10574
      vertex -75 2.5 6
    endloop
  endfacet
  facet normal -0.974914 0 -0.22258
    outer loop
      vertex -74.7334 2.5 4.23148
      vertex -74.933 5.5 5.10574
      vertex -74.7334 5.5 4.23148
    endloop
  endfacet
  facet normal -0.974914 -0 -0.22258
    outer loop
      vertex -74.933 5.5 5.10574
      vertex -74.7334 2.5 4.23148
      vertex -74.933 2.5 5.10574
    endloop
  endfacet
  facet normal 0.866122 -0 0.499832
    outer loop
      vertex 73.9574 2.5 129.38
      vertex 74.4058 5.5 128.603
      vertex 73.9574 5.5 129.38
    endloop
  endfacet
  facet normal 0.866122 0 0.499832
    outer loop
      vertex 74.4058 5.5 128.603
      vertex 73.9574 2.5 129.38
      vertex 74.4058 2.5 128.603
    endloop
  endfacet
  facet normal 0.733029 0 -0.680197
    outer loop
      vertex 73.691 2.5 2.25906
      vertex 73.081 5.5 1.60168
      vertex 73.691 5.5 2.25906
    endloop
  endfacet
  facet normal 0.733029 0 -0.680197
    outer loop
      vertex 73.081 5.5 1.60168
      vertex 73.691 2.5 2.25906
      vertex 73.081 2.5 1.60168
    endloop
  endfacet
  facet normal 0.500006 0 -0.866022
    outer loop
      vertex 71.6033 2.5 0.594193
      vertex 72.3799 5.5 1.04257
      vertex 72.3799 2.5 1.04257
    endloop
  endfacet
  facet normal 0.500006 0 -0.866022
    outer loop
      vertex 72.3799 5.5 1.04257
      vertex 71.6033 2.5 0.594193
      vertex 71.6033 5.5 0.594193
    endloop
  endfacet
  facet normal 0 -0.967302 -0.253626
    outer loop
      vertex 37 -86.6434 9.79424
      vertex 49 -86.8709 10.6619
      vertex 37 -86.8709 10.6619
    endloop
  endfacet
  facet normal 0 -0.967302 -0.253626
    outer loop
      vertex 49 -86.8709 10.6619
      vertex 37 -86.6434 9.79424
      vertex 49 -86.6434 9.79424
    endloop
  endfacet
  facet normal 0 -0.967302 -0.253626
    outer loop
      vertex -49 -86.6434 9.79424
      vertex -37 -86.8709 10.6619
      vertex -49 -86.8709 10.6619
    endloop
  endfacet
  facet normal 0 -0.967302 -0.253626
    outer loop
      vertex -37 -86.8709 10.6619
      vertex -49 -86.6434 9.79424
      vertex -37 -86.6434 9.79424
    endloop
  endfacet
  facet normal 0 -0.967302 -0.253626
    outer loop
      vertex -33 -86.6434 9.79424
      vertex 33 -86.8709 10.6619
      vertex -33 -86.8709 10.6619
    endloop
  endfacet
  facet normal 0 -0.967302 -0.253626
    outer loop
      vertex 33 -86.8709 10.6619
      vertex -33 -86.6434 9.79424
      vertex 33 -86.6434 9.79424
    endloop
  endfacet
  facet normal 0 0.900952 0.43392
    outer loop
      vertex 49 -73.5116 14.6269
      vertex 37 -73.9008 15.435
      vertex 49 -73.9008 15.435
    endloop
  endfacet
  facet normal 0 0.900952 0.43392
    outer loop
      vertex 37 -73.9008 15.435
      vertex 49 -73.5116 14.6269
      vertex 37 -73.5116 14.6269
    endloop
  endfacet
  facet normal 0 0.900952 0.43392
    outer loop
      vertex -37 -73.5116 14.6269
      vertex -49 -73.9008 15.435
      vertex -37 -73.9008 15.435
    endloop
  endfacet
  facet normal 0 0.900952 0.43392
    outer loop
      vertex -49 -73.9008 15.435
      vertex -37 -73.5116 14.6269
      vertex -49 -73.5116 14.6269
    endloop
  endfacet
  facet normal 0 0.900952 0.43392
    outer loop
      vertex 33 -73.5116 14.6269
      vertex -33 -73.9008 15.435
      vertex 33 -73.9008 15.435
    endloop
  endfacet
  facet normal 0 0.900952 0.43392
    outer loop
      vertex -33 -73.9008 15.435
      vertex 33 -73.5116 14.6269
      vertex -33 -73.5116 14.6269
    endloop
  endfacet
  facet normal 0 0.981575 0.191076
    outer loop
      vertex -37 -73.0575 12.8951
      vertex -49 -73.2289 13.7756
      vertex -37 -73.2289 13.7756
    endloop
  endfacet
  facet normal 0 0.981575 0.191076
    outer loop
      vertex -49 -73.2289 13.7756
      vertex -37 -73.0575 12.8951
      vertex -49 -73.0575 12.8951
    endloop
  endfacet
  facet normal 0 0.981575 0.191076
    outer loop
      vertex 49 -73.0575 12.8951
      vertex 37 -73.2289 13.7756
      vertex 49 -73.2289 13.7756
    endloop
  endfacet
  facet normal 0 0.981575 0.191076
    outer loop
      vertex 37 -73.2289 13.7756
      vertex 49 -73.0575 12.8951
      vertex 37 -73.0575 12.8951
    endloop
  endfacet
  facet normal 0 0.981575 0.191076
    outer loop
      vertex 33 -73.0575 12.8951
      vertex -33 -73.2289 13.7756
      vertex 33 -73.2289 13.7756
    endloop
  endfacet
  facet normal 0 0.981575 0.191076
    outer loop
      vertex -33 -73.2289 13.7756
      vertex 33 -73.0575 12.8951
      vertex -33 -73.0575 12.8951
    endloop
  endfacet
  facet normal 0 -0.99179 -0.127876
    outer loop
      vertex 37 -86.8709 10.6619
      vertex 49 -86.9856 11.5515
      vertex 37 -86.9856 11.5515
    endloop
  endfacet
  facet normal 0 -0.99179 -0.127876
    outer loop
      vertex 49 -86.9856 11.5515
      vertex 37 -86.8709 10.6619
      vertex 49 -86.8709 10.6619
    endloop
  endfacet
  facet normal 0 -0.99179 -0.127876
    outer loop
      vertex -49 -86.8709 10.6619
      vertex -37 -86.9856 11.5515
      vertex -49 -86.9856 11.5515
    endloop
  endfacet
  facet normal 0 -0.99179 -0.127876
    outer loop
      vertex -37 -86.9856 11.5515
      vertex -49 -86.8709 10.6619
      vertex -37 -86.8709 10.6619
    endloop
  endfacet
  facet normal 0 -0.99179 -0.127876
    outer loop
      vertex -33 -86.8709 10.6619
      vertex 33 -86.9856 11.5515
      vertex -33 -86.9856 11.5515
    endloop
  endfacet
  facet normal 0 -0.99179 -0.127876
    outer loop
      vertex 33 -86.9856 11.5515
      vertex -33 -86.8709 10.6619
      vertex 33 -86.8709 10.6619
    endloop
  endfacet
  facet normal 0 -0.15966 0.987172
    outer loop
      vertex -49 -80.6722 18.9677
      vertex 49 -81.5576 18.8245
      vertex 49 -80.6722 18.9677
    endloop
  endfacet
  facet normal 0 -0.15966 0.987172
    outer loop
      vertex 49 -81.5576 18.8245
      vertex -49 -80.6722 18.9677
      vertex -49 -81.5576 18.8245
    endloop
  endfacet
  facet normal 0 -0.284483 0.958681
    outer loop
      vertex -49 -81.5576 18.8245
      vertex 49 -82.4176 18.5693
      vertex 49 -81.5576 18.8245
    endloop
  endfacet
  facet normal 0 -0.284483 0.958681
    outer loop
      vertex 49 -82.4176 18.5693
      vertex -49 -81.5576 18.8245
      vertex -49 -82.4176 18.5693
    endloop
  endfacet
  facet normal 0 -0.871287 0.490775
    outer loop
      vertex -49 -86.3068 15.0372
      vertex -37 -85.8666 15.8187
      vertex -49 -85.8666 15.8187
    endloop
  endfacet
  facet normal 0 -0.871287 0.490775
    outer loop
      vertex -37 -85.8666 15.8187
      vertex -49 -86.3068 15.0372
      vertex -37 -86.3068 15.0372
    endloop
  endfacet
  facet normal 0 -0.871287 0.490775
    outer loop
      vertex 37 -86.3068 15.0372
      vertex 49 -85.8666 15.8187
      vertex 37 -85.8666 15.8187
    endloop
  endfacet
  facet normal 0 -0.871287 0.490775
    outer loop
      vertex 49 -85.8666 15.8187
      vertex 37 -86.3068 15.0372
      vertex 49 -86.3068 15.0372
    endloop
  endfacet
  facet normal 0 -0.871287 0.490775
    outer loop
      vertex -33 -86.3068 15.0372
      vertex 33 -85.8666 15.8187
      vertex -33 -85.8666 15.8187
    endloop
  endfacet
  facet normal 0 -0.871287 0.490775
    outer loop
      vertex 33 -85.8666 15.8187
      vertex -33 -86.3068 15.0372
      vertex 33 -86.3068 15.0372
    endloop
  endfacet
  facet normal 0 0.949039 0.315157
    outer loop
      vertex 49 -73.2289 13.7756
      vertex 37 -73.5116 14.6269
      vertex 49 -73.5116 14.6269
    endloop
  endfacet
  facet normal 0 0.949039 0.315157
    outer loop
      vertex 37 -73.5116 14.6269
      vertex 49 -73.2289 13.7756
      vertex 37 -73.2289 13.7756
    endloop
  endfacet
  facet normal 0 0.949039 0.315157
    outer loop
      vertex -37 -73.2289 13.7756
      vertex -49 -73.5116 14.6269
      vertex -37 -73.5116 14.6269
    endloop
  endfacet
  facet normal 0 0.949039 0.315157
    outer loop
      vertex -49 -73.5116 14.6269
      vertex -37 -73.2289 13.7756
      vertex -49 -73.2289 13.7756
    endloop
  endfacet
  facet normal 0 0.949039 0.315157
    outer loop
      vertex 33 -73.2289 13.7756
      vertex -33 -73.5116 14.6269
      vertex 33 -73.5116 14.6269
    endloop
  endfacet
  facet normal 0 0.949039 0.315157
    outer loop
      vertex -33 -73.5116 14.6269
      vertex 33 -73.2289 13.7756
      vertex -33 -73.2289 13.7756
    endloop
  endfacet
  facet normal 0 -0.926915 0.37527
    outer loop
      vertex 37 -86.6434 14.2058
      vertex 49 -86.3068 15.0372
      vertex 37 -86.3068 15.0372
    endloop
  endfacet
  facet normal 0 -0.926915 0.37527
    outer loop
      vertex 49 -86.3068 15.0372
      vertex 37 -86.6434 14.2058
      vertex 49 -86.6434 14.2058
    endloop
  endfacet
  facet normal 0 -0.926915 0.37527
    outer loop
      vertex -49 -86.6434 14.2058
      vertex -37 -86.3068 15.0372
      vertex -49 -86.3068 15.0372
    endloop
  endfacet
  facet normal 0 -0.926915 0.37527
    outer loop
      vertex -37 -86.3068 15.0372
      vertex -49 -86.6434 14.2058
      vertex -37 -86.6434 14.2058
    endloop
  endfacet
  facet normal 0 -0.926915 0.37527
    outer loop
      vertex -33 -86.6434 14.2058
      vertex 33 -86.3068 15.0372
      vertex -33 -86.3068 15.0372
    endloop
  endfacet
  facet normal 0 -0.926915 0.37527
    outer loop
      vertex 33 -86.3068 15.0372
      vertex -33 -86.6434 14.2058
      vertex 33 -86.6434 14.2058
    endloop
  endfacet
  facet normal 0 -0.518425 0.855123
    outer loop
      vertex -49 -83.2378 18.2062
      vertex 49 -84.0048 17.7412
      vertex 49 -83.2378 18.2062
    endloop
  endfacet
  facet normal 0 -0.518425 0.855123
    outer loop
      vertex 49 -84.0048 17.7412
      vertex -49 -83.2378 18.2062
      vertex -49 -84.0048 17.7412
    endloop
  endfacet
  facet normal 0 0.761416 0.648263
    outer loop
      vertex 49 -74.3901 16.1868
      vertex -49 -74.9716 16.8698
      vertex 49 -74.9716 16.8698
    endloop
  endfacet
  facet normal 0 0.761416 0.648263
    outer loop
      vertex -49 -74.9716 16.8698
      vertex 49 -74.3901 16.1868
      vertex -49 -74.3901 16.1868
    endloop
  endfacet
  facet normal -1 0 0
    outer loop
      vertex -49 -73.0575 11.1049
      vertex -49 -73.0575 12.8951
      vertex -49 -73 12
    endloop
  endfacet
  facet normal -1 0 0
    outer loop
      vertex -49 -73.2289 10.2244
      vertex -49 -73.0575 12.8951
      vertex -49 -73.0575 11.1049
    endloop
  endfacet
  facet normal -1 0 0
    outer loop
      vertex -49 -73.2289 10.2244
      vertex -49 -73.2289 13.7756
      vertex -49 -73.0575 12.8951
    endloop
  endfacet
  facet normal -1 0 0
    outer loop
      vertex -49 -73.5116 9.37313
      vertex -49 -73.2289 13.7756
      vertex -49 -73.2289 10.2244
    endloop
  endfacet
  facet normal -1 0 0
    outer loop
      vertex -49 -73.5116 9.37313
      vertex -49 -73.5116 14.6269
      vertex -49 -73.2289 13.7756
    endloop
  endfacet
  facet normal -1 0 0
    outer loop
      vertex -49 -73.5116 9.37313
      vertex -49 -73.9008 15.435
      vertex -49 -73.5116 14.6269
    endloop
  endfacet
  facet normal -1 0 0
    outer loop
      vertex -49 -73.5116 9.37313
      vertex -49 -74.3901 16.1868
      vertex -49 -73.9008 15.435
    endloop
  endfacet
  facet normal -1 0 0
    outer loop
      vertex -49 -73.5116 9.37313
      vertex -49 -74.9716 16.8698
      vertex -49 -74.3901 16.1868
    endloop
  endfacet
  facet normal -1 0 0
    outer loop
      vertex -49 -73.5116 9.37313
      vertex -49 -75.6356 17.4728
      vertex -49 -74.9716 16.8698
    endloop
  endfacet
  facet normal -1 0 0
    outer loop
      vertex -49 -73.5116 9.37313
      vertex -49 -76.3713 17.986
      vertex -49 -75.6356 17.4728
    endloop
  endfacet
  facet normal -1 0 0
    outer loop
      vertex -49 -73.5116 9.37313
      vertex -49 -77.1665 18.4009
      vertex -49 -76.3713 17.986
    endloop
  endfacet
  facet normal -1 0 0
    outer loop
      vertex -49 -86.3068 8.96281
      vertex -49 -73.5116 9.37313
      vertex -49 -78 0
    endloop
  endfacet
  facet normal -1 -0 0
    outer loop
      vertex -49 -73.5116 9.37313
      vertex -49 -86.3068 8.96281
      vertex -49 -77.1665 18.4009
    endloop
  endfacet
  facet normal -1 -0 0
    outer loop
      vertex -49 -77.1665 18.4009
      vertex -49 -86.3068 8.96281
      vertex -49 -78.0083 18.7107
    endloop
  endfacet
  facet normal -1 -0 0
    outer loop
      vertex -49 -78.0083 18.7107
      vertex -49 -86.3068 8.96281
      vertex -49 -78.8828 18.9103
    endloop
  endfacet
  facet normal -1 -0 0
    outer loop
      vertex -49 -78.8828 18.9103
      vertex -49 -86.3068 8.96281
      vertex -49 -79.7756 18.9964
    endloop
  endfacet
  facet normal -1 0 0
    outer loop
      vertex -49 -79.7756 18.9964
      vertex -49 -86.3068 8.96281
      vertex -49 -80.6722 18.9677
    endloop
  endfacet
  facet normal -1 0 0
    outer loop
      vertex -49 -86.3068 8.96281
      vertex -49 -78 0
      vertex -49 -82 0
    endloop
  endfacet
  facet normal -1 0 0
    outer loop
      vertex -49 -80.6722 18.9677
      vertex -49 -86.3068 8.96281
      vertex -49 -81.5576 18.8245
    endloop
  endfacet
  facet normal -1 0 0
    outer loop
      vertex -49 -81.5576 18.8245
      vertex -49 -86.3068 8.96281
      vertex -49 -82.4176 18.5693
    endloop
  endfacet
  facet normal -1 0 0
    outer loop
      vertex -49 -82.4176 18.5693
      vertex -49 -86.3068 8.96281
      vertex -49 -83.2378 18.2062
    endloop
  endfacet
  facet normal -1 0 0
    outer loop
      vertex -49 -83.2378 18.2062
      vertex -49 -86.3068 8.96281
      vertex -49 -84.0048 17.7412
    endloop
  endfacet
  facet normal -1 0 0
    outer loop
      vertex -49 -84.0048 17.7412
      vertex -49 -86.3068 8.96281
      vertex -49 -84.7061 17.1819
    endloop
  endfacet
  facet normal -1 0 0
    outer loop
      vertex -49 -84.7061 17.1819
      vertex -49 -86.3068 8.96281
      vertex -49 -85.3301 16.5376
    endloop
  endfacet
  facet normal -1 0 0
    outer loop
      vertex -49 -85.3301 16.5376
      vertex -49 -86.3068 8.96281
      vertex -49 -85.8666 15.8187
    endloop
  endfacet
  facet normal -1 0 0
    outer loop
      vertex -49 -86.3068 8.96281
      vertex -49 -86.3068 15.0372
      vertex -49 -85.8666 15.8187
    endloop
  endfacet
  facet normal -1 0 0
    outer loop
      vertex -49 -86.6434 9.79424
      vertex -49 -86.3068 15.0372
      vertex -49 -86.3068 8.96281
    endloop
  endfacet
  facet normal -1 0 0
    outer loop
      vertex -49 -86.6434 9.79424
      vertex -49 -86.6434 14.2058
      vertex -49 -86.3068 15.0372
    endloop
  endfacet
  facet normal -1 0 0
    outer loop
      vertex -49 -86.8709 10.6619
      vertex -49 -86.6434 14.2058
      vertex -49 -86.6434 9.79424
    endloop
  endfacet
  facet normal -1 0 0
    outer loop
      vertex -49 -86.8709 10.6619
      vertex -49 -86.8709 13.3381
      vertex -49 -86.6434 14.2058
    endloop
  endfacet
  facet normal -1 0 0
    outer loop
      vertex -49 -86.9856 11.5515
      vertex -49 -86.8709 13.3381
      vertex -49 -86.8709 10.6619
    endloop
  endfacet
  facet normal -1 0 0
    outer loop
      vertex -49 -86.8709 13.3381
      vertex -49 -86.9856 11.5515
      vertex -49 -86.9856 12.4485
    endloop
  endfacet
  facet normal 0 -0.404804 0.914404
    outer loop
      vertex -49 -82.4176 18.5693
      vertex 49 -83.2378 18.2062
      vertex 49 -82.4176 18.5693
    endloop
  endfacet
  facet normal 0 -0.404804 0.914404
    outer loop
      vertex 49 -83.2378 18.2062
      vertex -49 -82.4176 18.5693
      vertex -49 -83.2378 18.2062
    endloop
  endfacet
  facet normal -0 0.222522 0.974928
    outer loop
      vertex -49 -78.0083 18.7107
      vertex 49 -78.8828 18.9103
      vertex 49 -78.0083 18.7107
    endloop
  endfacet
  facet normal 0 0.222522 0.974928
    outer loop
      vertex 49 -78.8828 18.9103
      vertex -49 -78.0083 18.7107
      vertex -49 -78.8828 18.9103
    endloop
  endfacet
  facet normal -0 0.462577 0.886579
    outer loop
      vertex -49 -76.3713 17.986
      vertex 49 -77.1665 18.4009
      vertex 49 -76.3713 17.986
    endloop
  endfacet
  facet normal 0 0.462577 0.886579
    outer loop
      vertex 49 -77.1665 18.4009
      vertex -49 -76.3713 17.986
      vertex -49 -77.1665 18.4009
    endloop
  endfacet
  facet normal 0 0.901924 -0.431894
    outer loop
      vertex -37 -78 0
      vertex -49 -73.5116 9.37313
      vertex -37 -73.5116 9.37313
    endloop
  endfacet
  facet normal 0 0.901924 -0.431894
    outer loop
      vertex -49 -73.5116 9.37313
      vertex -37 -78 0
      vertex -49 -78 0
    endloop
  endfacet
  facet normal 0 0.901924 -0.431894
    outer loop
      vertex 49 -78 0
      vertex 37 -73.5116 9.37313
      vertex 49 -73.5116 9.37313
    endloop
  endfacet
  facet normal 0 0.901924 -0.431894
    outer loop
      vertex 37 -73.5116 9.37313
      vertex 49 -78 0
      vertex 37 -78 0
    endloop
  endfacet
  facet normal 0 0.901924 -0.431894
    outer loop
      vertex 33 -78 0
      vertex -33 -73.5116 9.37313
      vertex 33 -73.5116 9.37313
    endloop
  endfacet
  facet normal 0 0.901924 -0.431894
    outer loop
      vertex -33 -73.5116 9.37313
      vertex 33 -78 0
      vertex -33 -78 0
    endloop
  endfacet
  facet normal 0 0.949036 -0.315167
    outer loop
      vertex -37 -73.5116 9.37313
      vertex -49 -73.2289 10.2244
      vertex -37 -73.2289 10.2244
    endloop
  endfacet
  facet normal 0 0.949036 -0.315167
    outer loop
      vertex -49 -73.2289 10.2244
      vertex -37 -73.5116 9.37313
      vertex -49 -73.5116 9.37313
    endloop
  endfacet
  facet normal 0 0.949036 -0.315167
    outer loop
      vertex 49 -73.5116 9.37313
      vertex 37 -73.2289 10.2244
      vertex 49 -73.2289 10.2244
    endloop
  endfacet
  facet normal 0 0.949036 -0.315167
    outer loop
      vertex 37 -73.2289 10.2244
      vertex 49 -73.5116 9.37313
      vertex 37 -73.5116 9.37313
    endloop
  endfacet
  facet normal 0 0.949036 -0.315167
    outer loop
      vertex 33 -73.5116 9.37313
      vertex -33 -73.2289 10.2244
      vertex 33 -73.2289 10.2244
    endloop
  endfacet
  facet normal 0 0.949036 -0.315167
    outer loop
      vertex -33 -73.2289 10.2244
      vertex 33 -73.5116 9.37313
      vertex -33 -73.5116 9.37313
    endloop
  endfacet
  facet normal 0 -0.967305 0.253615
    outer loop
      vertex 37 -86.8709 13.3381
      vertex 49 -86.6434 14.2058
      vertex 37 -86.6434 14.2058
    endloop
  endfacet
  facet normal 0 -0.967305 0.253615
    outer loop
      vertex 49 -86.6434 14.2058
      vertex 37 -86.8709 13.3381
      vertex 49 -86.8709 13.3381
    endloop
  endfacet
  facet normal 0 -0.967305 0.253615
    outer loop
      vertex -49 -86.8709 13.3381
      vertex -37 -86.6434 14.2058
      vertex -49 -86.6434 14.2058
    endloop
  endfacet
  facet normal 0 -0.967305 0.253615
    outer loop
      vertex -37 -86.6434 14.2058
      vertex -49 -86.8709 13.3381
      vertex -37 -86.8709 13.3381
    endloop
  endfacet
  facet normal 0 -0.967305 0.253615
    outer loop
      vertex -33 -86.8709 13.3381
      vertex 33 -86.6434 14.2058
      vertex -33 -86.6434 14.2058
    endloop
  endfacet
  facet normal 0 -0.967305 0.253615
    outer loop
      vertex 33 -86.6434 14.2058
      vertex -33 -86.8709 13.3381
      vertex 33 -86.8709 13.3381
    endloop
  endfacet
  facet normal 0 -0.801513 0.597977
    outer loop
      vertex -33 -85.8666 15.8187
      vertex 33 -85.824 15.8758
      vertex -33 -85.824 15.8758
    endloop
  endfacet
  facet normal 0 -0.801513 0.597977
    outer loop
      vertex 33 -85.824 15.8758
      vertex -33 -85.8666 15.8187
      vertex 33 -85.8666 15.8187
    endloop
  endfacet
  facet normal 0 -0.801422 0.5981
    outer loop
      vertex -33 -85.824 15.8758
      vertex -49 -85.3301 16.5376
      vertex -37 -85.824 15.8758
    endloop
  endfacet
  facet normal -8.37028e-07 -0.801429 0.59809
    outer loop
      vertex -49 -85.8666 15.8187
      vertex -37 -85.824 15.8758
      vertex -49 -85.3301 16.5376
    endloop
  endfacet
  facet normal 0 -0.801513 0.597977
    outer loop
      vertex -37 -85.824 15.8758
      vertex -49 -85.8666 15.8187
      vertex -37 -85.8666 15.8187
    endloop
  endfacet
  facet normal 0 -0.801422 0.5981
    outer loop
      vertex -49 -85.3301 16.5376
      vertex -33 -85.824 15.8758
      vertex 49 -85.3301 16.5376
    endloop
  endfacet
  facet normal 0 -0.801422 0.5981
    outer loop
      vertex 33 -85.824 15.8758
      vertex 49 -85.3301 16.5376
      vertex -33 -85.824 15.8758
    endloop
  endfacet
  facet normal 0 -0.801422 0.5981
    outer loop
      vertex 37 -85.824 15.8758
      vertex 49 -85.3301 16.5376
      vertex 33 -85.824 15.8758
    endloop
  endfacet
  facet normal 0 -0.801513 0.597977
    outer loop
      vertex 49 -85.8666 15.8187
      vertex 37 -85.824 15.8758
      vertex 37 -85.8666 15.8187
    endloop
  endfacet
  facet normal 8.37028e-07 -0.801429 0.59809
    outer loop
      vertex 37 -85.824 15.8758
      vertex 49 -85.8666 15.8187
      vertex 49 -85.3301 16.5376
    endloop
  endfacet
  facet normal 0 -0.623512 0.781814
    outer loop
      vertex -49 -84.0048 17.7412
      vertex 49 -84.7061 17.1819
      vertex 49 -84.0048 17.7412
    endloop
  endfacet
  facet normal 0 -0.623512 0.781814
    outer loop
      vertex 49 -84.7061 17.1819
      vertex -49 -84.0048 17.7412
      vertex -49 -84.7061 17.1819
    endloop
  endfacet
  facet normal 0 -0.92692 -0.375259
    outer loop
      vertex -49 -86.3068 8.96281
      vertex -37 -86.6434 9.79424
      vertex -49 -86.6434 9.79424
    endloop
  endfacet
  facet normal 0 -0.92692 -0.375259
    outer loop
      vertex -37 -86.6434 9.79424
      vertex -49 -86.3068 8.96281
      vertex -37 -86.3068 8.96281
    endloop
  endfacet
  facet normal 0 -0.92692 -0.375259
    outer loop
      vertex 37 -86.3068 8.96281
      vertex 49 -86.6434 9.79424
      vertex 37 -86.6434 9.79424
    endloop
  endfacet
  facet normal 0 -0.92692 -0.375259
    outer loop
      vertex 49 -86.6434 9.79424
      vertex 37 -86.3068 8.96281
      vertex 49 -86.3068 8.96281
    endloop
  endfacet
  facet normal 0 -0.92692 -0.375259
    outer loop
      vertex -33 -86.3068 8.96281
      vertex 33 -86.6434 9.79424
      vertex -33 -86.6434 9.79424
    endloop
  endfacet
  facet normal 0 -0.92692 -0.375259
    outer loop
      vertex 33 -86.6434 9.79424
      vertex -33 -86.3068 8.96281
      vertex 33 -86.3068 8.96281
    endloop
  endfacet
  facet normal 0 -0.901341 -0.433111
    outer loop
      vertex 37 -82 0
      vertex 49 -86.3068 8.96281
      vertex 37 -86.3068 8.96281
    endloop
  endfacet
  facet normal 0 -0.901341 -0.433111
    outer loop
      vertex 49 -86.3068 8.96281
      vertex 37 -82 0
      vertex 49 -82 0
    endloop
  endfacet
  facet normal 0 -0.901341 -0.433111
    outer loop
      vertex -49 -82 0
      vertex -37 -86.3068 8.96281
      vertex -49 -86.3068 8.96281
    endloop
  endfacet
  facet normal 0 -0.901341 -0.433111
    outer loop
      vertex -37 -86.3068 8.96281
      vertex -49 -82 0
      vertex -37 -82 0
    endloop
  endfacet
  facet normal 0 -0.901341 -0.433111
    outer loop
      vertex -33 -82 0
      vertex 33 -86.3068 8.96281
      vertex -33 -86.3068 8.96281
    endloop
  endfacet
  facet normal 0 -0.901341 -0.433111
    outer loop
      vertex 33 -86.3068 8.96281
      vertex -33 -82 0
      vertex 33 -82 0
    endloop
  endfacet
  facet normal 0 0.997943 0.0641065
    outer loop
      vertex -37 -73 12
      vertex -49 -73.0575 12.8951
      vertex -37 -73.0575 12.8951
    endloop
  endfacet
  facet normal 0 0.997943 0.0641065
    outer loop
      vertex -49 -73.0575 12.8951
      vertex -37 -73 12
      vertex -49 -73 12
    endloop
  endfacet
  facet normal 0 0.997943 0.0641065
    outer loop
      vertex 49 -73 12
      vertex 37 -73.0575 12.8951
      vertex 49 -73.0575 12.8951
    endloop
  endfacet
  facet normal 0 0.997943 0.0641065
    outer loop
      vertex 37 -73.0575 12.8951
      vertex 49 -73 12
      vertex 37 -73 12
    endloop
  endfacet
  facet normal 0 0.997943 0.0641065
    outer loop
      vertex 33 -73 12
      vertex -33 -73.0575 12.8951
      vertex 33 -73.0575 12.8951
    endloop
  endfacet
  facet normal 0 0.997943 0.0641065
    outer loop
      vertex -33 -73.0575 12.8951
      vertex 33 -73 12
      vertex -33 -73 12
    endloop
  endfacet
  facet normal 0 -1 0
    outer loop
      vertex 37 -86.9856 11.5515
      vertex 49 -86.9856 12.4485
      vertex 37 -86.9856 12.4485
    endloop
  endfacet
  facet normal 0 -1 -0
    outer loop
      vertex 49 -86.9856 12.4485
      vertex 37 -86.9856 11.5515
      vertex 49 -86.9856 11.5515
    endloop
  endfacet
  facet normal 0 -1 0
    outer loop
      vertex -49 -86.9856 11.5515
      vertex -37 -86.9856 12.4485
      vertex -49 -86.9856 12.4485
    endloop
  endfacet
  facet normal 0 -1 -0
    outer loop
      vertex -37 -86.9856 12.4485
      vertex -49 -86.9856 11.5515
      vertex -37 -86.9856 11.5515
    endloop
  endfacet
  facet normal 0 -1 0
    outer loop
      vertex -33 -86.9856 11.5515
      vertex 33 -86.9856 12.4485
      vertex -33 -86.9856 12.4485
    endloop
  endfacet
  facet normal 0 -1 -0
    outer loop
      vertex 33 -86.9856 12.4485
      vertex -33 -86.9856 11.5515
      vertex 33 -86.9856 11.5515
    endloop
  endfacet
  facet normal 1 0 0
    outer loop
      vertex 49 -73.0575 12.8951
      vertex 49 -73.0575 11.1049
      vertex 49 -73 12
    endloop
  endfacet
  facet normal 1 0 0
    outer loop
      vertex 49 -73.2289 13.7756
      vertex 49 -73.0575 11.1049
      vertex 49 -73.0575 12.8951
    endloop
  endfacet
  facet normal 1 0 0
    outer loop
      vertex 49 -73.2289 13.7756
      vertex 49 -73.2289 10.2244
      vertex 49 -73.0575 11.1049
    endloop
  endfacet
  facet normal 1 0 0
    outer loop
      vertex 49 -73.5116 14.6269
      vertex 49 -73.2289 10.2244
      vertex 49 -73.2289 13.7756
    endloop
  endfacet
  facet normal 1 0 0
    outer loop
      vertex 49 -73.5116 14.6269
      vertex 49 -73.5116 9.37313
      vertex 49 -73.2289 10.2244
    endloop
  endfacet
  facet normal 1 0 0
    outer loop
      vertex 49 -73.9008 15.435
      vertex 49 -73.5116 9.37313
      vertex 49 -73.5116 14.6269
    endloop
  endfacet
  facet normal 1 0 0
    outer loop
      vertex 49 -74.3901 16.1868
      vertex 49 -73.5116 9.37313
      vertex 49 -73.9008 15.435
    endloop
  endfacet
  facet normal 1 0 0
    outer loop
      vertex 49 -74.9716 16.8698
      vertex 49 -73.5116 9.37313
      vertex 49 -74.3901 16.1868
    endloop
  endfacet
  facet normal 1 0 0
    outer loop
      vertex 49 -75.6356 17.4728
      vertex 49 -73.5116 9.37313
      vertex 49 -74.9716 16.8698
    endloop
  endfacet
  facet normal 1 0 0
    outer loop
      vertex 49 -76.3713 17.986
      vertex 49 -73.5116 9.37313
      vertex 49 -75.6356 17.4728
    endloop
  endfacet
  facet normal 1 0 0
    outer loop
      vertex 49 -77.1665 18.4009
      vertex 49 -73.5116 9.37313
      vertex 49 -76.3713 17.986
    endloop
  endfacet
  facet normal 1 0 0
    outer loop
      vertex 49 -86.3068 8.96281
      vertex 49 -73.5116 9.37313
      vertex 49 -77.1665 18.4009
    endloop
  endfacet
  facet normal 1 0 0
    outer loop
      vertex 49 -86.3068 8.96281
      vertex 49 -77.1665 18.4009
      vertex 49 -78.0083 18.7107
    endloop
  endfacet
  facet normal 1 0 0
    outer loop
      vertex 49 -86.3068 8.96281
      vertex 49 -78.0083 18.7107
      vertex 49 -78.8828 18.9103
    endloop
  endfacet
  facet normal 1 0 0
    outer loop
      vertex 49 -86.3068 8.96281
      vertex 49 -78.8828 18.9103
      vertex 49 -79.7756 18.9964
    endloop
  endfacet
  facet normal 1 0 0
    outer loop
      vertex 49 -86.3068 8.96281
      vertex 49 -79.7756 18.9964
      vertex 49 -80.6722 18.9677
    endloop
  endfacet
  facet normal 1 0 0
    outer loop
      vertex 49 -86.3068 8.96281
      vertex 49 -80.6722 18.9677
      vertex 49 -81.5576 18.8245
    endloop
  endfacet
  facet normal 1 0 0
    outer loop
      vertex 49 -73.5116 9.37313
      vertex 49 -86.3068 8.96281
      vertex 49 -78 0
    endloop
  endfacet
  facet normal 1 0 0
    outer loop
      vertex 49 -86.3068 8.96281
      vertex 49 -81.5576 18.8245
      vertex 49 -82.4176 18.5693
    endloop
  endfacet
  facet normal 1 0 0
    outer loop
      vertex 49 -86.3068 8.96281
      vertex 49 -82.4176 18.5693
      vertex 49 -83.2378 18.2062
    endloop
  endfacet
  facet normal 1 0 0
    outer loop
      vertex 49 -86.3068 8.96281
      vertex 49 -83.2378 18.2062
      vertex 49 -84.0048 17.7412
    endloop
  endfacet
  facet normal 1 0 0
    outer loop
      vertex 49 -86.3068 8.96281
      vertex 49 -84.0048 17.7412
      vertex 49 -84.7061 17.1819
    endloop
  endfacet
  facet normal 1 0 0
    outer loop
      vertex 49 -86.3068 8.96281
      vertex 49 -84.7061 17.1819
      vertex 49 -85.3301 16.5376
    endloop
  endfacet
  facet normal 1 0 0
    outer loop
      vertex 49 -86.3068 8.96281
      vertex 49 -85.3301 16.5376
      vertex 49 -85.8666 15.8187
    endloop
  endfacet
  facet normal 1 0 0
    outer loop
      vertex 49 -86.3068 8.96281
      vertex 49 -85.8666 15.8187
      vertex 49 -86.3068 15.0372
    endloop
  endfacet
  facet normal 1 0 0
    outer loop
      vertex 49 -78 0
      vertex 49 -86.3068 8.96281
      vertex 49 -82 0
    endloop
  endfacet
  facet normal 1 -0 0
    outer loop
      vertex 49 -86.6434 14.2058
      vertex 49 -86.3068 8.96281
      vertex 49 -86.3068 15.0372
    endloop
  endfacet
  facet normal 1 0 0
    outer loop
      vertex 49 -86.6434 14.2058
      vertex 49 -86.6434 9.79424
      vertex 49 -86.3068 8.96281
    endloop
  endfacet
  facet normal 1 -0 0
    outer loop
      vertex 49 -86.8709 13.3381
      vertex 49 -86.6434 9.79424
      vertex 49 -86.6434 14.2058
    endloop
  endfacet
  facet normal 1 0 0
    outer loop
      vertex 49 -86.8709 13.3381
      vertex 49 -86.8709 10.6619
      vertex 49 -86.6434 9.79424
    endloop
  endfacet
  facet normal 1 -0 0
    outer loop
      vertex 49 -86.9856 12.4485
      vertex 49 -86.8709 10.6619
      vertex 49 -86.8709 13.3381
    endloop
  endfacet
  facet normal 1 0 0
    outer loop
      vertex 49 -86.8709 10.6619
      vertex 49 -86.9856 12.4485
      vertex 49 -86.9856 11.5515
    endloop
  endfacet
  facet normal -0 0.345375 0.938465
    outer loop
      vertex -49 -77.1665 18.4009
      vertex 49 -78.0083 18.7107
      vertex 49 -77.1665 18.4009
    endloop
  endfacet
  facet normal 0 0.345375 0.938465
    outer loop
      vertex 49 -78.0083 18.7107
      vertex -49 -77.1665 18.4009
      vertex -49 -78.0083 18.7107
    endloop
  endfacet
  facet normal 0 0.981575 -0.191076
    outer loop
      vertex -37 -73.2289 10.2244
      vertex -49 -73.0575 11.1049
      vertex -37 -73.0575 11.1049
    endloop
  endfacet
  facet normal 0 0.981575 -0.191076
    outer loop
      vertex -49 -73.0575 11.1049
      vertex -37 -73.2289 10.2244
      vertex -49 -73.2289 10.2244
    endloop
  endfacet
  facet normal 0 0.981575 -0.191076
    outer loop
      vertex 49 -73.2289 10.2244
      vertex 37 -73.0575 11.1049
      vertex 49 -73.0575 11.1049
    endloop
  endfacet
  facet normal 0 0.981575 -0.191076
    outer loop
      vertex 37 -73.0575 11.1049
      vertex 49 -73.2289 10.2244
      vertex 37 -73.2289 10.2244
    endloop
  endfacet
  facet normal 0 0.981575 -0.191076
    outer loop
      vertex 33 -73.2289 10.2244
      vertex -33 -73.0575 11.1049
      vertex 33 -73.0575 11.1049
    endloop
  endfacet
  facet normal 0 0.981575 -0.191076
    outer loop
      vertex -33 -73.0575 11.1049
      vertex 33 -73.2289 10.2244
      vertex -33 -73.2289 10.2244
    endloop
  endfacet
  facet normal 0 0.838138 0.545458
    outer loop
      vertex 33 -73.9008 15.435
      vertex -33 -74.2685 16
      vertex 33 -74.2685 16
    endloop
  endfacet
  facet normal 0 0.838138 0.545458
    outer loop
      vertex -33 -74.2685 16
      vertex 33 -73.9008 15.435
      vertex -33 -73.9008 15.435
    endloop
  endfacet
  facet normal -0 0.838074 0.545556
    outer loop
      vertex 33 -74.2685 16
      vertex 49 -74.3901 16.1868
      vertex 37 -74.2685 16
    endloop
  endfacet
  facet normal 1.63879e-06 0.838123 0.545482
    outer loop
      vertex 49 -73.9008 15.435
      vertex 37 -74.2685 16
      vertex 49 -74.3901 16.1868
    endloop
  endfacet
  facet normal 0 0.838138 0.545458
    outer loop
      vertex 37 -74.2685 16
      vertex 49 -73.9008 15.435
      vertex 37 -73.9008 15.435
    endloop
  endfacet
  facet normal 0 0.838074 0.545556
    outer loop
      vertex 49 -74.3901 16.1868
      vertex 33 -74.2685 16
      vertex -49 -74.3901 16.1868
    endloop
  endfacet
  facet normal -0 0.838074 0.545556
    outer loop
      vertex -33 -74.2685 16
      vertex -49 -74.3901 16.1868
      vertex 33 -74.2685 16
    endloop
  endfacet
  facet normal -0 0.838074 0.545556
    outer loop
      vertex -37 -74.2685 16
      vertex -49 -74.3901 16.1868
      vertex -33 -74.2685 16
    endloop
  endfacet
  facet normal -0 0.838138 0.545458
    outer loop
      vertex -49 -73.9008 15.435
      vertex -37 -74.2685 16
      vertex -37 -73.9008 15.435
    endloop
  endfacet
  facet normal -1.63879e-06 0.838123 0.545482
    outer loop
      vertex -37 -74.2685 16
      vertex -49 -73.9008 15.435
      vertex -49 -74.3901 16.1868
    endloop
  endfacet
  facet normal 0 -0.99179 0.127876
    outer loop
      vertex -49 -86.9856 12.4485
      vertex -37 -86.8709 13.3381
      vertex -49 -86.8709 13.3381
    endloop
  endfacet
  facet normal 0 -0.99179 0.127876
    outer loop
      vertex -37 -86.8709 13.3381
      vertex -49 -86.9856 12.4485
      vertex -37 -86.9856 12.4485
    endloop
  endfacet
  facet normal 0 -0.99179 0.127876
    outer loop
      vertex 37 -86.9856 12.4485
      vertex 49 -86.8709 13.3381
      vertex 37 -86.8709 13.3381
    endloop
  endfacet
  facet normal 0 -0.99179 0.127876
    outer loop
      vertex 49 -86.8709 13.3381
      vertex 37 -86.9856 12.4485
      vertex 49 -86.9856 12.4485
    endloop
  endfacet
  facet normal 0 -0.99179 0.127876
    outer loop
      vertex -33 -86.9856 12.4485
      vertex 33 -86.8709 13.3381
      vertex -33 -86.8709 13.3381
    endloop
  endfacet
  facet normal 0 -0.99179 0.127876
    outer loop
      vertex 33 -86.8709 13.3381
      vertex -33 -86.9856 12.4485
      vertex 33 -86.9856 12.4485
    endloop
  endfacet
  facet normal 0 -0.718332 0.6957
    outer loop
      vertex -49 -85.3301 16.5376
      vertex 49 -84.7061 17.1819
      vertex -49 -84.7061 17.1819
    endloop
  endfacet
  facet normal 0 -0.718332 0.6957
    outer loop
      vertex 49 -84.7061 17.1819
      vertex -49 -85.3301 16.5376
      vertex 49 -85.3301 16.5376
    endloop
  endfacet
  facet normal 0 0.997943 -0.0641065
    outer loop
      vertex -37 -73.0575 11.1049
      vertex -49 -73 12
      vertex -37 -73 12
    endloop
  endfacet
  facet normal 0 0.997943 -0.0641065
    outer loop
      vertex -49 -73 12
      vertex -37 -73.0575 11.1049
      vertex -49 -73.0575 11.1049
    endloop
  endfacet
  facet normal 0 0.997943 -0.0641065
    outer loop
      vertex 49 -73.0575 11.1049
      vertex 37 -73 12
      vertex 49 -73 12
    endloop
  endfacet
  facet normal 0 0.997943 -0.0641065
    outer loop
      vertex 37 -73 12
      vertex 49 -73.0575 11.1049
      vertex 37 -73.0575 11.1049
    endloop
  endfacet
  facet normal 0 0.997943 -0.0641065
    outer loop
      vertex 33 -73.0575 11.1049
      vertex -33 -73 12
      vertex 33 -73 12
    endloop
  endfacet
  facet normal 0 0.997943 -0.0641065
    outer loop
      vertex -33 -73 12
      vertex 33 -73.0575 11.1049
      vertex -33 -73.0575 11.1049
    endloop
  endfacet
  facet normal -0 0.672284 0.740293
    outer loop
      vertex -49 -74.9716 16.8698
      vertex 49 -75.6356 17.4728
      vertex 49 -74.9716 16.8698
    endloop
  endfacet
  facet normal 0 0.672284 0.740293
    outer loop
      vertex 49 -75.6356 17.4728
      vertex -49 -74.9716 16.8698
      vertex -49 -75.6356 17.4728
    endloop
  endfacet
  facet normal 0 -0.0319934 0.999488
    outer loop
      vertex -49 -79.7756 18.9964
      vertex 49 -80.6722 18.9677
      vertex 49 -79.7756 18.9964
    endloop
  endfacet
  facet normal 0 -0.0319934 0.999488
    outer loop
      vertex 49 -80.6722 18.9677
      vertex -49 -79.7756 18.9964
      vertex -49 -80.6722 18.9677
    endloop
  endfacet
  facet normal -0 0.572122 0.820168
    outer loop
      vertex -49 -75.6356 17.4728
      vertex 49 -76.3713 17.986
      vertex 49 -75.6356 17.4728
    endloop
  endfacet
  facet normal 0 0.572122 0.820168
    outer loop
      vertex 49 -76.3713 17.986
      vertex -49 -75.6356 17.4728
      vertex -49 -76.3713 17.986
    endloop
  endfacet
  facet normal -0 0.0959928 0.995382
    outer loop
      vertex -49 -78.8828 18.9103
      vertex 49 -79.7756 18.9964
      vertex 49 -78.8828 18.9103
    endloop
  endfacet
  facet normal 0 0.0959928 0.995382
    outer loop
      vertex 49 -79.7756 18.9964
      vertex -49 -78.8828 18.9103
      vertex -49 -79.7756 18.9964
    endloop
  endfacet
  facet normal 0.883511 -0.370095 -0.28712
    outer loop
      vertex -50.2553 5.6 71.5451
      vertex -51.3955 2.5 72.0324
      vertex -51.4642 2.5 71.821
    endloop
  endfacet
  facet normal -0.402835 -0.371389 0.836537
    outer loop
      vertex 48.0645 5.6 20.7077
      vertex 47.7949 2.5 19.2016
      vertex 48.6025 2.5 19.5905
    endloop
  endfacet
  facet normal -0.402835 -0.371389 0.836537
    outer loop
      vertex 47.7949 2.5 19.2016
      vertex 48.0645 5.6 20.7077
      vertex 47.2569 5.6 20.3188
    endloop
  endfacet
  facet normal 0.924735 -0.37139 0.0832759
    outer loop
      vertex -51.735 2.5 24.8888
      vertex -50.4196 5.6 24.1072
      vertex -50.5 5.6 25
    endloop
  endfacet
  facet normal 0.924734 -0.371413 0.0831815
    outer loop
      vertex -50.4196 5.6 24.1072
      vertex -51.735 2.5 24.8888
      vertex -51.6547 2.5 23.9961
    endloop
  endfacet
  facet normal -0.165851 -0.370122 0.914058
    outer loop
      vertex 46.5039 2.5 18.8453
      vertex 46.7227 2.5 18.885
      vertex 46.3928 5.6 20.0804
    endloop
  endfacet
  facet normal 0.928026 -0.37121 -0.0311567
    outer loop
      vertex -50.5 5.6 70
      vertex -51.7372 2.5 70.0834
      vertex -51.74 2.5 70
    endloop
  endfacet
  facet normal 0.797416 -0.370094 0.476612
    outer loop
      vertex -50.7954 2.5 21.7066
      vertex -49.7923 5.6 22.4355
      vertex -50.9095 2.5 21.8975
    endloop
  endfacet
  facet normal -0.0417117 -0.371067 0.927669
    outer loop
      vertex 45.6112 2.5 18.765
      vertex 45.5 5.6 20
      vertex 45.5 2.5 18.76
    endloop
  endfacet
  facet normal 0.927669 -0.371067 0.0417117
    outer loop
      vertex -51.735 2.5 24.8888
      vertex -50.5 5.6 25
      vertex -51.74 2.5 25
    endloop
  endfacet
  facet normal -0.927669 -0.371067 -0.0417117
    outer loop
      vertex 51.74 2.5 70
      vertex 51.735 2.5 70.1112
      vertex 50.5 5.6 70
    endloop
  endfacet
  facet normal 0 -0.371391 -0.928477
    outer loop
      vertex -45.5 2.5 76.24
      vertex 45.5 5.5 75.04
      vertex 45.5 2.5 76.24
    endloop
  endfacet
  facet normal -0 -0.371391 -0.928477
    outer loop
      vertex 45.5 5.5 75.04
      vertex -45.5 2.5 76.24
      vertex -45.5 5.5 75.04
    endloop
  endfacet
  facet normal 0 -0.371391 0.928477
    outer loop
      vertex -44.1667 5.6 20
      vertex -45.5 5.6 20
      vertex -44.1733 5.5 19.96
    endloop
  endfacet
  facet normal 4.6368e-16 -0.371391 0.928477
    outer loop
      vertex 45.5 5.6 20
      vertex 44.1733 5.5 19.96
      vertex 45.5 2.5 18.76
    endloop
  endfacet
  facet normal 0 -0.371391 0.928477
    outer loop
      vertex 44.1733 5.5 19.96
      vertex 45.5 5.6 20
      vertex 44.1667 5.6 20
    endloop
  endfacet
  facet normal 0 -0.371391 0.928477
    outer loop
      vertex -44.1733 5.5 19.96
      vertex 45.5 2.5 18.76
      vertex 44.1733 5.5 19.96
    endloop
  endfacet
  facet normal 0 -0.371391 0.928477
    outer loop
      vertex -44.1733 5.5 19.96
      vertex -45.5 2.5 18.76
      vertex 45.5 2.5 18.76
    endloop
  endfacet
  facet normal -5.01276e-16 -0.371391 0.928477
    outer loop
      vertex -45.5 2.5 18.76
      vertex -44.1733 5.5 19.96
      vertex -45.5 5.6 20
    endloop
  endfacet
  facet normal -0.699529 -0.370089 -0.611304
    outer loop
      vertex 50.2685 2.5 74.0186
      vertex 50.1223 2.5 74.1859
      vertex 49.2654 5.6 73.2897
    endloop
  endfacet
  facet normal 0.0311567 -0.37121 0.928026
    outer loop
      vertex -45.5 2.5 18.76
      vertex -45.5 5.6 20
      vertex -45.5834 2.5 18.7628
    endloop
  endfacet
  facet normal 0.914058 -0.370122 0.165851
    outer loop
      vertex -51.615 2.5 23.7773
      vertex -50.4196 5.6 24.1072
      vertex -51.6547 2.5 23.9961
    endloop
  endfacet
  facet normal 0.206543 -0.371412 0.905204
    outer loop
      vertex -47.0451 5.6 20.2447
      vertex -46.4471 2.5 18.8363
      vertex -46.1712 5.6 20.0453
    endloop
  endfacet
  facet normal 0.206643 -0.371387 0.905191
    outer loop
      vertex -46.4471 2.5 18.8363
      vertex -47.0451 5.6 20.2447
      vertex -47.321 2.5 19.0358
    endloop
  endfacet
  facet normal 0.751151 -0.371381 0.545755
    outer loop
      vertex -50.7954 2.5 21.7066
      vertex -49.2654 5.6 21.7103
      vertex -49.7923 5.6 22.4355
    endloop
  endfacet
  facet normal 0.751151 -0.371381 0.545755
    outer loop
      vertex -49.2654 5.6 21.7103
      vertex -50.7954 2.5 21.7066
      vertex -50.2685 2.5 20.9814
    endloop
  endfacet
  facet normal -0.364894 -0.371392 -0.853768
    outer loop
      vertex 47.5324 2.5 75.8955
      vertex 47.8693 5.6 74.403
      vertex 48.3567 2.5 75.5432
    endloop
  endfacet
  facet normal -0.364933 -0.371382 -0.853756
    outer loop
      vertex 47.8693 5.6 74.403
      vertex 47.5324 2.5 75.8955
      vertex 47.0451 5.6 74.7553
    endloop
  endfacet
  facet normal 0.926368 -0.371393 -0.0625216
    outer loop
      vertex -51.7372 2.5 70.0834
      vertex -50.4547 5.6 70.6712
      vertex -51.6919 2.5 70.7546
    endloop
  endfacet
  facet normal 0.926368 -0.371393 -0.0625216
    outer loop
      vertex -50.4547 5.6 70.6712
      vertex -51.7372 2.5 70.0834
      vertex -50.5 5.6 70
    endloop
  endfacet
  facet normal 0.869757 -0.370099 0.32642
    outer loop
      vertex -51.2984 2.5 22.7051
      vertex -50.1812 5.6 23.2431
      vertex -51.3765 2.5 22.9132
    endloop
  endfacet
  facet normal 0.928477 -0.371391 0
    outer loop
      vertex -51.74 2.5 70
      vertex -50.5 5.6 25
      vertex -50.5 5.6 70
    endloop
  endfacet
  facet normal 0.928477 -0.371391 0
    outer loop
      vertex -50.5 5.6 25
      vertex -51.74 2.5 70
      vertex -51.74 2.5 25
    endloop
  endfacet
  facet normal -0.32642 -0.370099 0.869757
    outer loop
      vertex 47.5868 2.5 19.1235
      vertex 47.7949 2.5 19.2016
      vertex 47.2569 5.6 20.3188
    endloop
  endfacet
  facet normal -0.928477 -0.371391 0
    outer loop
      vertex 51.74 2.5 25
      vertex 50.5 5.6 70
      vertex 50.5 5.6 25
    endloop
  endfacet
  facet normal -0.928477 -0.371391 0
    outer loop
      vertex 50.5 5.6 70
      vertex 51.74 2.5 25
      vertex 51.74 2.5 70
    endloop
  endfacet
  facet normal 0.364933 -0.371382 0.853756
    outer loop
      vertex -47.8693 5.6 20.597
      vertex -47.5324 2.5 19.1045
      vertex -47.0451 5.6 20.2447
    endloop
  endfacet
  facet normal 0.364894 -0.371392 0.853768
    outer loop
      vertex -47.5324 2.5 19.1045
      vertex -47.8693 5.6 20.597
      vertex -48.3567 2.5 19.4568
    endloop
  endfacet
  facet normal -0.0311567 -0.371213 -0.928025
    outer loop
      vertex 45.5 2.5 76.24
      vertex 45.5027 5.5 75.0399
      vertex 45.5834 2.5 76.2372
    endloop
  endfacet
  facet normal -0.0343677 -0.371171 -0.927928
    outer loop
      vertex 45.5027 5.5 75.0399
      vertex 45.5 2.5 76.24
      vertex 45.5 5.5 75.04
    endloop
  endfacet
  facet normal -0.206643 -0.371387 -0.905191
    outer loop
      vertex 46.4471 2.5 76.1637
      vertex 47.0451 5.6 74.7553
      vertex 47.321 2.5 75.9642
    endloop
  endfacet
  facet normal -0.206558 -0.371408 -0.905202
    outer loop
      vertex 47.0451 5.6 74.7553
      vertex 46.4471 2.5 76.1637
      vertex 46.6634 5.6 74.8424
    endloop
  endfacet
  facet normal -0.206604 -0.371401 -0.905194
    outer loop
      vertex 46.6634 5.6 74.8424
      vertex 46.4471 2.5 76.1637
      vertex 46.1777 5.52678 74.9833
    endloop
  endfacet
  facet normal -0.726317 -0.370101 0.579215
    outer loop
      vertex 50.3054 2.5 21.0256
      vertex 50.444 2.5 21.1994
      vertex 49.4092 5.6 21.8826
    endloop
  endfacet
  facet normal -0.476612 -0.370094 0.797416
    outer loop
      vertex 48.6025 2.5 19.5905
      vertex 48.7934 2.5 19.7046
      vertex 48.0645 5.6 20.7077
    endloop
  endfacet
  facet normal -0.751151 -0.371381 -0.545755
    outer loop
      vertex 50.7954 2.5 73.2934
      vertex 49.2654 5.6 73.2897
      vertex 49.7923 5.6 72.5645
    endloop
  endfacet
  facet normal -0.751151 -0.371381 -0.545755
    outer loop
      vertex 49.2654 5.6 73.2897
      vertex 50.7954 2.5 73.2934
      vertex 50.2685 2.5 74.0186
    endloop
  endfacet
  facet normal 0.895029 -0.371413 0.246933
    outer loop
      vertex -51.615 2.5 23.7773
      vertex -50.1812 5.6 23.2431
      vertex -50.4196 5.6 24.1072
    endloop
  endfacet
  facet normal 0.895012 -0.371388 0.247032
    outer loop
      vertex -50.1812 5.6 23.2431
      vertex -51.615 2.5 23.7773
      vertex -51.3765 2.5 22.9132
    endloop
  endfacet
  facet normal 0.579215 -0.370101 0.726317
    outer loop
      vertex -49.3006 2.5 20.056
      vertex -48.6174 5.6 21.0908
      vertex -49.4744 2.5 20.1946
    endloop
  endfacet
  facet normal 0.699529 -0.370089 0.611304
    outer loop
      vertex -50.1223 2.5 20.8141
      vertex -49.2654 5.6 21.7103
      vertex -50.2685 2.5 20.9814
    endloop
  endfacet
  facet normal 0.853768 -0.371392 -0.364894
    outer loop
      vertex -51.3955 2.5 72.0324
      vertex -49.903 5.6 72.3693
      vertex -51.0432 2.5 72.8567
    endloop
  endfacet
  facet normal 0.853756 -0.371382 -0.364933
    outer loop
      vertex -49.903 5.6 72.3693
      vertex -51.3955 2.5 72.0324
      vertex -50.2553 5.6 71.5451
    endloop
  endfacet
  facet normal 0.836537 -0.371389 0.402835
    outer loop
      vertex -51.2984 2.5 22.7051
      vertex -49.7923 5.6 22.4355
      vertex -50.1812 5.6 23.2431
    endloop
  endfacet
  facet normal 0.836537 -0.371389 0.402835
    outer loop
      vertex -49.7923 5.6 22.4355
      vertex -51.2984 2.5 22.7051
      vertex -50.9095 2.5 21.8975
    endloop
  endfacet
  facet normal -0.0831815 -0.371413 0.924734
    outer loop
      vertex 46.3928 5.6 20.0804
      vertex 45.6112 2.5 18.765
      vertex 46.5039 2.5 18.8453
    endloop
  endfacet
  facet normal -0.0832759 -0.37139 0.924735
    outer loop
      vertex 45.6112 2.5 18.765
      vertex 46.3928 5.6 20.0804
      vertex 45.5 5.6 20
    endloop
  endfacet
  facet normal -0.247032 -0.371388 0.895012
    outer loop
      vertex 47.2569 5.6 20.3188
      vertex 46.7227 2.5 18.885
      vertex 47.5868 2.5 19.1235
    endloop
  endfacet
  facet normal -0.246933 -0.371413 0.895029
    outer loop
      vertex 46.7227 2.5 18.885
      vertex 47.2569 5.6 20.3188
      vertex 46.3928 5.6 20.0804
    endloop
  endfacet
  facet normal -0.928026 -0.37121 0.0311567
    outer loop
      vertex 51.7372 2.5 24.9166
      vertex 51.74 2.5 25
      vertex 50.5 5.6 25
    endloop
  endfacet
  facet normal -0.797416 -0.370094 -0.476612
    outer loop
      vertex 50.9095 2.5 73.1025
      vertex 50.7954 2.5 73.2934
      vertex 49.7923 5.6 72.5645
    endloop
  endfacet
  facet normal 0.28712 -0.370095 0.883511
    outer loop
      vertex -47.321 2.5 19.0358
      vertex -47.0451 5.6 20.2447
      vertex -47.5324 2.5 19.1045
    endloop
  endfacet
  facet normal -0.926368 -0.371393 0.0625216
    outer loop
      vertex 51.7372 2.5 24.9166
      vertex 50.4547 5.6 24.3288
      vertex 51.6919 2.5 24.2454
    endloop
  endfacet
  facet normal -0.926368 -0.371393 0.0625216
    outer loop
      vertex 50.4547 5.6 24.3288
      vertex 51.7372 2.5 24.9166
      vertex 50.5 5.6 25
    endloop
  endfacet
  facet normal -0.134636 -0.370413 -0.919058
    outer loop
      vertex 46.1732 5.5261 74.9842
      vertex 46.4471 2.5 76.1637
      vertex 46.2546 2.5 76.1919
    endloop
  endfacet
  facet normal -0.128071 -0.370215 -0.920075
    outer loop
      vertex 46.4471 2.5 76.1637
      vertex 46.1732 5.5261 74.9842
      vertex 46.1777 5.52678 74.9833
    endloop
  endfacet
  facet normal -0.579215 -0.370101 -0.726317
    outer loop
      vertex 49.4744 2.5 74.8054
      vertex 49.3006 2.5 74.944
      vertex 48.6174 5.6 73.9092
    endloop
  endfacet
  facet normal 0.134636 -0.370415 0.919057
    outer loop
      vertex -46.2546 2.5 18.8081
      vertex -46.1712 5.6 20.0453
      vertex -46.4471 2.5 18.8363
    endloop
  endfacet
  facet normal 0.0625216 -0.371393 0.926368
    outer loop
      vertex -46.1712 5.6 20.0453
      vertex -45.5834 2.5 18.7628
      vertex -45.5 5.6 20
    endloop
  endfacet
  facet normal 0.0625216 -0.371393 0.926368
    outer loop
      vertex -45.5834 2.5 18.7628
      vertex -46.1712 5.6 20.0453
      vertex -46.2546 2.5 18.8081
    endloop
  endfacet
  facet normal -0.641664 -0.371375 -0.67108
    outer loop
      vertex 49.4744 2.5 74.8054
      vertex 49.2654 5.6 73.2897
      vertex 50.1223 2.5 74.1859
    endloop
  endfacet
  facet normal -0.641607 -0.371393 -0.671124
    outer loop
      vertex 49.2654 5.6 73.2897
      vertex 49.4744 2.5 74.8054
      vertex 48.6174 5.6 73.9092
    endloop
  endfacet
  facet normal 0.67108 -0.371375 -0.641664
    outer loop
      vertex -50.3054 2.5 73.9744
      vertex -48.7897 5.6 73.7654
      vertex -49.6859 2.5 74.6223
    endloop
  endfacet
  facet normal 0.671124 -0.371393 -0.641607
    outer loop
      vertex -48.7897 5.6 73.7654
      vertex -50.3054 2.5 73.9744
      vertex -49.4092 5.6 73.1174
    endloop
  endfacet
  facet normal -0.895029 -0.371413 -0.246933
    outer loop
      vertex 51.615 2.5 71.2227
      vertex 50.1812 5.6 71.7569
      vertex 50.4196 5.6 70.8928
    endloop
  endfacet
  facet normal -0.895012 -0.371388 -0.247032
    outer loop
      vertex 50.1812 5.6 71.7569
      vertex 51.615 2.5 71.2227
      vertex 51.3765 2.5 72.0868
    endloop
  endfacet
  facet normal 0.919057 -0.370415 -0.134636
    outer loop
      vertex -50.4547 5.6 70.6712
      vertex -51.6637 2.5 70.9471
      vertex -51.6919 2.5 70.7546
    endloop
  endfacet
  facet normal 0.476612 -0.370094 -0.797416
    outer loop
      vertex -48.0645 5.6 74.2923
      vertex -48.6025 2.5 75.4095
      vertex -48.7934 2.5 75.2954
    endloop
  endfacet
  facet normal 0.545755 -0.371381 -0.751151
    outer loop
      vertex -48.7934 2.5 75.2954
      vertex -48.7897 5.6 73.7654
      vertex -48.0645 5.6 74.2923
    endloop
  endfacet
  facet normal 0.545755 -0.371381 -0.751151
    outer loop
      vertex -48.7897 5.6 73.7654
      vertex -48.7934 2.5 75.2954
      vertex -49.5186 2.5 74.7685
    endloop
  endfacet
  facet normal 0.247316 -0.371388 -0.894933
    outer loop
      vertex -46.7227 2.5 76.115
      vertex -46.5285 5.6 74.8822
      vertex -46.3955 5.57483 74.9294
    endloop
  endfacet
  facet normal 0.246979 -0.371402 -0.895021
    outer loop
      vertex -46.7227 2.5 76.115
      vertex -47.2569 5.6 74.6812
      vertex -46.5285 5.6 74.8822
    endloop
  endfacet
  facet normal 0.247032 -0.371388 -0.895012
    outer loop
      vertex -47.2569 5.6 74.6812
      vertex -46.7227 2.5 76.115
      vertex -47.5868 2.5 75.8765
    endloop
  endfacet
  facet normal -0.924735 -0.37139 -0.0832759
    outer loop
      vertex 51.735 2.5 70.1112
      vertex 50.4196 5.6 70.8928
      vertex 50.5 5.6 70
    endloop
  endfacet
  facet normal -0.924734 -0.371413 -0.0831815
    outer loop
      vertex 50.4196 5.6 70.8928
      vertex 51.735 2.5 70.1112
      vertex 51.6547 2.5 71.0039
    endloop
  endfacet
  facet normal -0.511508 -0.371388 -0.774874
    outer loop
      vertex 48.5524 2.5 75.4379
      vertex 48.6174 5.6 73.9092
      vertex 49.3006 2.5 74.944
    endloop
  endfacet
  facet normal -0.511482 -0.371395 -0.774888
    outer loop
      vertex 48.6174 5.6 73.9092
      vertex 48.5524 2.5 75.4379
      vertex 47.8693 5.6 74.403
    endloop
  endfacet
  facet normal -0.440185 -0.370105 -0.818083
    outer loop
      vertex 48.5524 2.5 75.4379
      vertex 48.3567 2.5 75.5432
      vertex 47.8693 5.6 74.403
    endloop
  endfacet
  facet normal -0.28712 -0.370095 -0.883511
    outer loop
      vertex 47.5324 2.5 75.8955
      vertex 47.321 2.5 75.9642
      vertex 47.0451 5.6 74.7553
    endloop
  endfacet
  facet normal -0.545755 -0.371381 0.751151
    outer loop
      vertex 48.7897 5.6 21.2346
      vertex 48.7934 2.5 19.7046
      vertex 49.5186 2.5 20.2315
    endloop
  endfacet
  facet normal -0.545755 -0.371381 0.751151
    outer loop
      vertex 48.7934 2.5 19.7046
      vertex 48.7897 5.6 21.2346
      vertex 48.0645 5.6 20.7077
    endloop
  endfacet
  facet normal 0.818175 -0.370111 -0.440009
    outer loop
      vertex -49.903 5.6 72.3693
      vertex -50.9379 2.5 73.0525
      vertex -51.0432 2.5 72.8567
    endloop
  endfacet
  facet normal -0.0627698 -0.371391 -0.926352
    outer loop
      vertex 46.2546 2.5 76.1919
      vertex 46 5.5 75.0064
      vertex 46.1732 5.5261 74.9842
    endloop
  endfacet
  facet normal -0.062522 -0.371378 -0.926374
    outer loop
      vertex 45.5834 2.5 76.2372
      vertex 46 5.5 75.0064
      vertex 46.2546 2.5 76.1919
    endloop
  endfacet
  facet normal -0.0624041 -0.371395 -0.926375
    outer loop
      vertex 46 5.5 75.0064
      vertex 45.5834 2.5 76.2372
      vertex 45.5027 5.5 75.0399
    endloop
  endfacet
  facet normal -0.919057 -0.370415 0.134636
    outer loop
      vertex 51.6637 2.5 24.0529
      vertex 51.6919 2.5 24.2454
      vertex 50.4547 5.6 24.3288
    endloop
  endfacet
  facet normal -0.774843 -0.371388 0.511556
    outer loop
      vertex 50.9379 2.5 21.9475
      vertex 49.4092 5.6 21.8826
      vertex 50.444 2.5 21.1994
    endloop
  endfacet
  facet normal -0.774883 -0.371409 0.511479
    outer loop
      vertex 49.4092 5.6 21.8826
      vertex 50.9379 2.5 21.9475
      vertex 49.903 5.6 22.6307
    endloop
  endfacet
  facet normal 0.905191 -0.371387 -0.206643
    outer loop
      vertex -51.6637 2.5 70.9471
      vertex -50.2553 5.6 71.5451
      vertex -51.4642 2.5 71.821
    endloop
  endfacet
  facet normal 0.905204 -0.371412 -0.206543
    outer loop
      vertex -50.2553 5.6 71.5451
      vertex -51.6637 2.5 70.9471
      vertex -50.4547 5.6 70.6712
    endloop
  endfacet
  facet normal 0.726317 -0.370101 -0.579215
    outer loop
      vertex -49.4092 5.6 73.1174
      vertex -50.3054 2.5 73.9744
      vertex -50.444 2.5 73.8006
    endloop
  endfacet
  facet normal 0.165851 -0.370114 -0.914062
    outer loop
      vertex -46.7227 2.5 76.115
      vertex -46.3937 5.57449 74.9298
      vertex -46.5039 2.5 76.1547
    endloop
  endfacet
  facet normal 0.134679 -0.368931 -0.919647
    outer loop
      vertex -46.3937 5.57449 74.9298
      vertex -46.7227 2.5 76.115
      vertex -46.3955 5.57483 74.9294
    endloop
  endfacet
  facet normal 0.402835 -0.371389 -0.836537
    outer loop
      vertex -47.7949 2.5 75.7984
      vertex -48.0645 5.6 74.2923
      vertex -47.2569 5.6 74.6812
    endloop
  endfacet
  facet normal 0.402835 -0.371389 -0.836537
    outer loop
      vertex -48.0645 5.6 74.2923
      vertex -47.7949 2.5 75.7984
      vertex -48.6025 2.5 75.4095
    endloop
  endfacet
  facet normal 0.511482 -0.371395 0.774888
    outer loop
      vertex -48.6174 5.6 21.0908
      vertex -48.5524 2.5 19.5621
      vertex -47.8693 5.6 20.597
    endloop
  endfacet
  facet normal 0.511508 -0.371388 0.774874
    outer loop
      vertex -48.5524 2.5 19.5621
      vertex -48.6174 5.6 21.0908
      vertex -49.3006 2.5 20.056
    endloop
  endfacet
  facet normal -0.905191 -0.371387 0.206643
    outer loop
      vertex 51.6637 2.5 24.0529
      vertex 50.2553 5.6 23.4549
      vertex 51.4642 2.5 23.179
    endloop
  endfacet
  facet normal -0.905204 -0.371412 0.206543
    outer loop
      vertex 50.2553 5.6 23.4549
      vertex 51.6637 2.5 24.0529
      vertex 50.4547 5.6 24.3288
    endloop
  endfacet
  facet normal -0.836537 -0.371389 -0.402835
    outer loop
      vertex 51.2984 2.5 72.2949
      vertex 49.7923 5.6 72.5645
      vertex 50.1812 5.6 71.7569
    endloop
  endfacet
  facet normal -0.836537 -0.371389 -0.402835
    outer loop
      vertex 49.7923 5.6 72.5645
      vertex 51.2984 2.5 72.2949
      vertex 50.9095 2.5 73.1025
    endloop
  endfacet
  facet normal -0.611304 -0.370089 0.699529
    outer loop
      vertex 49.5186 2.5 20.2315
      vertex 49.6859 2.5 20.3777
      vertex 48.7897 5.6 21.2346
    endloop
  endfacet
  facet normal -0.67108 -0.371375 0.641664
    outer loop
      vertex 50.3054 2.5 21.0256
      vertex 48.7897 5.6 21.2346
      vertex 49.6859 2.5 20.3777
    endloop
  endfacet
  facet normal -0.671124 -0.371393 0.641607
    outer loop
      vertex 48.7897 5.6 21.2346
      vertex 50.3054 2.5 21.0256
      vertex 49.4092 5.6 21.8826
    endloop
  endfacet
  facet normal 0.774843 -0.371388 -0.511556
    outer loop
      vertex -50.9379 2.5 73.0525
      vertex -49.4092 5.6 73.1174
      vertex -50.444 2.5 73.8006
    endloop
  endfacet
  facet normal 0.774883 -0.371409 -0.511479
    outer loop
      vertex -49.4092 5.6 73.1174
      vertex -50.9379 2.5 73.0525
      vertex -49.903 5.6 72.3693
    endloop
  endfacet
  facet normal 0.611304 -0.370089 -0.699529
    outer loop
      vertex -48.7897 5.6 73.7654
      vertex -49.5186 2.5 74.7685
      vertex -49.6859 2.5 74.6223
    endloop
  endfacet
  facet normal 0.641607 -0.371393 0.671124
    outer loop
      vertex -49.2654 5.6 21.7103
      vertex -49.4744 2.5 20.1946
      vertex -48.6174 5.6 21.0908
    endloop
  endfacet
  facet normal 0.641664 -0.371375 0.67108
    outer loop
      vertex -49.4744 2.5 20.1946
      vertex -49.2654 5.6 21.7103
      vertex -50.1223 2.5 20.8141
    endloop
  endfacet
  facet normal 0.440185 -0.370105 0.818083
    outer loop
      vertex -48.3567 2.5 19.4568
      vertex -47.8693 5.6 20.597
      vertex -48.5524 2.5 19.5621
    endloop
  endfacet
  facet normal -0.914058 -0.370122 -0.165851
    outer loop
      vertex 51.6547 2.5 71.0039
      vertex 51.615 2.5 71.2227
      vertex 50.4196 5.6 70.8928
    endloop
  endfacet
  facet normal -0.869757 -0.370099 -0.32642
    outer loop
      vertex 51.3765 2.5 72.0868
      vertex 51.2984 2.5 72.2949
      vertex 50.1812 5.6 71.7569
    endloop
  endfacet
  facet normal 0.0830857 -0.3714 -0.924748
    outer loop
      vertex -45.6112 2.5 76.235
      vertex -46 5.5 74.9952
      vertex -45.5036 5.5 75.0398
    endloop
  endfacet
  facet normal 0.0831825 -0.371386 -0.924745
    outer loop
      vertex -46.5039 2.5 76.1547
      vertex -46 5.5 74.9952
      vertex -45.6112 2.5 76.235
    endloop
  endfacet
  facet normal 0.0833402 -0.371404 -0.924723
    outer loop
      vertex -46 5.5 74.9952
      vertex -46.5039 2.5 76.1547
      vertex -46.3937 5.57449 74.9298
    endloop
  endfacet
  facet normal 0.32642 -0.370099 -0.869757
    outer loop
      vertex -47.2569 5.6 74.6812
      vertex -47.5868 2.5 75.8765
      vertex -47.7949 2.5 75.7984
    endloop
  endfacet
  facet normal 0 -1 0
    outer loop
      vertex 46 5.6 33
      vertex 46 5.6 31
      vertex 46.6634 5.6 33
    endloop
  endfacet
  facet normal 0 -1 0
    outer loop
      vertex 46.6634 5.6 74.8424
      vertex 47.8693 5.6 74.403
      vertex 47.0451 5.6 74.7553
    endloop
  endfacet
  facet normal 0 -1 0
    outer loop
      vertex 46.6634 5.6 74.8424
      vertex 48.6174 5.6 73.9092
      vertex 47.8693 5.6 74.403
    endloop
  endfacet
  facet normal 0 -1 0
    outer loop
      vertex 46.6634 5.6 74.8424
      vertex 49.2654 5.6 73.2897
      vertex 48.6174 5.6 73.9092
    endloop
  endfacet
  facet normal 0 -1 0
    outer loop
      vertex 46.6634 5.6 74.8424
      vertex 49.7923 5.6 72.5645
      vertex 49.2654 5.6 73.2897
    endloop
  endfacet
  facet normal 0 -1 0
    outer loop
      vertex 46.6634 5.6 74.8424
      vertex 50.1812 5.6 71.7569
      vertex 49.7923 5.6 72.5645
    endloop
  endfacet
  facet normal 0 -1 0
    outer loop
      vertex 46.6634 5.6 74.8424
      vertex 50.4196 5.6 70.8928
      vertex 50.1812 5.6 71.7569
    endloop
  endfacet
  facet normal 0 -1 0
    outer loop
      vertex 46.6634 5.6 74.8424
      vertex 50.5 5.6 70
      vertex 50.4196 5.6 70.8928
    endloop
  endfacet
  facet normal 0 -1 0
    outer loop
      vertex 46.6634 5.6 33
      vertex 50.5 5.6 70
      vertex 46.6634 5.6 74.8424
    endloop
  endfacet
  facet normal 0 -1 0
    outer loop
      vertex 46.6634 5.6 29.8058
      vertex 46.6634 5.6 33
      vertex 46 5.6 31
    endloop
  endfacet
  facet normal 0 -1 0
    outer loop
      vertex 50.5 5.6 25
      vertex 46.6634 5.6 33
      vertex 46.6634 5.6 29.8058
    endloop
  endfacet
  facet normal 0 -1 0
    outer loop
      vertex 49 5.6 25
      vertex 46.6634 5.6 29.8058
      vertex 46.6634 5.6 25
    endloop
  endfacet
  facet normal 0 -1 0
    outer loop
      vertex 50.5 5.6 25
      vertex 46.6634 5.6 29.8058
      vertex 49 5.6 25
    endloop
  endfacet
  facet normal 0 -1 0
    outer loop
      vertex 46.6634 5.6 33
      vertex 50.5 5.6 25
      vertex 50.5 5.6 70
    endloop
  endfacet
  facet normal 0 -1 0
    outer loop
      vertex 49 5.6 25
      vertex 50.4547 5.6 24.3288
      vertex 50.5 5.6 25
    endloop
  endfacet
  facet normal 0 -1 0
    outer loop
      vertex 49 5.6 25
      vertex 50.2553 5.6 23.4549
      vertex 50.4547 5.6 24.3288
    endloop
  endfacet
  facet normal 0 -1 0
    outer loop
      vertex 49 5.6 25
      vertex 49.903 5.6 22.6307
      vertex 50.2553 5.6 23.4549
    endloop
  endfacet
  facet normal 0 -1 0
    outer loop
      vertex 49 5.6 22
      vertex 49.903 5.6 22.6307
      vertex 49 5.6 25
    endloop
  endfacet
  facet normal 0 -1 0
    outer loop
      vertex 49.903 5.6 22.6307
      vertex 49 5.6 22
      vertex 49.4092 5.6 21.8826
    endloop
  endfacet
  facet normal 0 -1 0
    outer loop
      vertex 47.2569 5.6 20.3188
      vertex 49 5.6 22
      vertex 44 5.6 22
    endloop
  endfacet
  facet normal 0 -1 -0
    outer loop
      vertex 49 5.6 22
      vertex 48.7897 5.6 21.2346
      vertex 49.4092 5.6 21.8826
    endloop
  endfacet
  facet normal 0 -1 0
    outer loop
      vertex 45.5 5.6 20
      vertex 44 5.6 22
      vertex 44 5.6 21
    endloop
  endfacet
  facet normal 0 -1 0
    outer loop
      vertex 49 5.6 22
      vertex 48.0645 5.6 20.7077
      vertex 48.7897 5.6 21.2346
    endloop
  endfacet
  facet normal 0 -1 0
    outer loop
      vertex 49 5.6 22
      vertex 47.2569 5.6 20.3188
      vertex 48.0645 5.6 20.7077
    endloop
  endfacet
  facet normal 0 -1 0
    outer loop
      vertex 44 5.6 22
      vertex 46.3928 5.6 20.0804
      vertex 47.2569 5.6 20.3188
    endloop
  endfacet
  facet normal 0 -1 0
    outer loop
      vertex 45.5 5.6 20
      vertex 44 5.6 21
      vertex 44.1667 5.6 20
    endloop
  endfacet
  facet normal 0 -1 0
    outer loop
      vertex 44 5.6 22
      vertex 45.5 5.6 20
      vertex 46.3928 5.6 20.0804
    endloop
  endfacet
  facet normal 0 -1 0
    outer loop
      vertex -50.4196 5.6 24.1072
      vertex -49 5.6 25
      vertex -50.5 5.6 25
    endloop
  endfacet
  facet normal 0 -1 0
    outer loop
      vertex -50.1812 5.6 23.2431
      vertex -49 5.6 25
      vertex -50.4196 5.6 24.1072
    endloop
  endfacet
  facet normal 0 -1 0
    outer loop
      vertex -49 5.6 22
      vertex -50.1812 5.6 23.2431
      vertex -49.7923 5.6 22.4355
    endloop
  endfacet
  facet normal 0 -1 0
    outer loop
      vertex -50.1812 5.6 23.2431
      vertex -49 5.6 22
      vertex -49 5.6 25
    endloop
  endfacet
  facet normal 0 -1 0
    outer loop
      vertex -49.2654 5.6 21.7103
      vertex -49 5.6 22
      vertex -49.7923 5.6 22.4355
    endloop
  endfacet
  facet normal 0 -1 0
    outer loop
      vertex -48.6174 5.6 21.0908
      vertex -49 5.6 22
      vertex -49.2654 5.6 21.7103
    endloop
  endfacet
  facet normal 0 -1 0
    outer loop
      vertex -47.8693 5.6 20.597
      vertex -49 5.6 22
      vertex -48.6174 5.6 21.0908
    endloop
  endfacet
  facet normal 0 -1 0
    outer loop
      vertex -49 5.6 22
      vertex -47.8693 5.6 20.597
      vertex -44 5.6 22
    endloop
  endfacet
  facet normal 0 -1 0
    outer loop
      vertex -47.0451 5.6 20.2447
      vertex -44 5.6 22
      vertex -47.8693 5.6 20.597
    endloop
  endfacet
  facet normal 0 -1 0
    outer loop
      vertex -46.1712 5.6 20.0453
      vertex -44 5.6 22
      vertex -47.0451 5.6 20.2447
    endloop
  endfacet
  facet normal 0 -1 0
    outer loop
      vertex -45.5 5.6 20
      vertex -44 5.6 22
      vertex -46.1712 5.6 20.0453
    endloop
  endfacet
  facet normal 0 -1 -0
    outer loop
      vertex -44 5.6 22
      vertex -45.5 5.6 20
      vertex -44 5.6 21
    endloop
  endfacet
  facet normal 0 -1 0
    outer loop
      vertex -44 5.6 21
      vertex -45.5 5.6 20
      vertex -44.1667 5.6 20
    endloop
  endfacet
  facet normal 0 -1 0
    outer loop
      vertex -48.0645 5.6 74.2923
      vertex -46.5285 5.6 74.8822
      vertex -47.2569 5.6 74.6812
    endloop
  endfacet
  facet normal 0 -1 0
    outer loop
      vertex -48.7897 5.6 73.7654
      vertex -46.5285 5.6 74.8822
      vertex -48.0645 5.6 74.2923
    endloop
  endfacet
  facet normal 0 -1 0
    outer loop
      vertex -49.4092 5.6 73.1174
      vertex -46.5285 5.6 74.8822
      vertex -48.7897 5.6 73.7654
    endloop
  endfacet
  facet normal 0 -1 0
    outer loop
      vertex -49.903 5.6 72.3693
      vertex -46.5285 5.6 74.8822
      vertex -49.4092 5.6 73.1174
    endloop
  endfacet
  facet normal 0 -1 0
    outer loop
      vertex -50.2553 5.6 71.5451
      vertex -46.5285 5.6 74.8822
      vertex -49.903 5.6 72.3693
    endloop
  endfacet
  facet normal 0 -1 0
    outer loop
      vertex -50.4547 5.6 70.6712
      vertex -46.5285 5.6 74.8822
      vertex -50.2553 5.6 71.5451
    endloop
  endfacet
  facet normal 0 -1 0
    outer loop
      vertex -50.5 5.6 70
      vertex -46.5285 5.6 74.8822
      vertex -50.4547 5.6 70.6712
    endloop
  endfacet
  facet normal 0 -1 0
    outer loop
      vertex -50.5 5.6 70
      vertex -46.5285 5.6 33
      vertex -46.5285 5.6 74.8822
    endloop
  endfacet
  facet normal 0 -1 0
    outer loop
      vertex -46.5285 5.6 33
      vertex -46 5.6 31
      vertex -46 5.6 33
    endloop
  endfacet
  facet normal 0 -1 0
    outer loop
      vertex -46.5285 5.6 33
      vertex -46.5285 5.6 30.0487
      vertex -46 5.6 31
    endloop
  endfacet
  facet normal 0 -1 0
    outer loop
      vertex -50.5 5.6 25
      vertex -46.5285 5.6 33
      vertex -50.5 5.6 70
    endloop
  endfacet
  facet normal 0 -1 -0
    outer loop
      vertex -46.5285 5.6 33
      vertex -50.5 5.6 25
      vertex -46.5285 5.6 30.0487
    endloop
  endfacet
  facet normal 0 -1 0
    outer loop
      vertex -49 5.6 25
      vertex -46.5285 5.6 30.0487
      vertex -50.5 5.6 25
    endloop
  endfacet
  facet normal 0 -1 -0
    outer loop
      vertex -46.5285 5.6 30.0487
      vertex -49 5.6 25
      vertex -46.5285 5.6 25
    endloop
  endfacet
  facet normal 0.0515136 -0.370898 -0.927244
    outer loop
      vertex -45.5 2.5 76.24
      vertex -45.5036 5.5 75.0398
      vertex -45.5 5.5 75.04
    endloop
  endfacet
  facet normal 0.0417115 -0.371078 -0.927665
    outer loop
      vertex -45.5036 5.5 75.0398
      vertex -45.5 2.5 76.24
      vertex -45.6112 2.5 76.235
    endloop
  endfacet
  facet normal -0.883511 -0.370095 0.28712
    outer loop
      vertex 51.3955 2.5 22.9676
      vertex 51.4642 2.5 23.179
      vertex 50.2553 5.6 23.4549
    endloop
  endfacet
  facet normal -0.818175 -0.370111 0.440009
    outer loop
      vertex 50.9379 2.5 21.9475
      vertex 51.0432 2.5 22.1433
      vertex 49.903 5.6 22.6307
    endloop
  endfacet
  facet normal -0.853768 -0.371392 0.364894
    outer loop
      vertex 51.3955 2.5 22.9676
      vertex 49.903 5.6 22.6307
      vertex 51.0432 2.5 22.1433
    endloop
  endfacet
  facet normal -0.853756 -0.371382 0.364933
    outer loop
      vertex 49.903 5.6 22.6307
      vertex 51.3955 2.5 22.9676
      vertex 50.2553 5.6 23.4549
    endloop
  endfacet
  facet normal 0.328203 -0.937829 0.112961
    outer loop
      vertex 45.606 -66.6378 25
      vertex 43.5205 -64.244 50.9332
      vertex 43.1543 -64.3776 50.888
    endloop
  endfacet
  facet normal 0.328163 -0.937843 0.112959
    outer loop
      vertex 43.5205 -64.244 50.9332
      vertex 45.606 -66.6378 25
      vertex 46.4022 -66.3592 25
    endloop
  endfacet
  facet normal 0.328132 -0.937854 0.112956
    outer loop
      vertex 45.5628 -66.6529 25
      vertex 43.1543 -64.3776 50.888
      vertex 42.7436 -64.5274 50.8373
    endloop
  endfacet
  facet normal 0.32785 -0.937955 0.112939
    outer loop
      vertex 43.1543 -64.3776 50.888
      vertex 45.5628 -66.6529 25
      vertex 45.606 -66.6378 25
    endloop
  endfacet
  facet normal 0.527694 -0.839866 0.127138
    outer loop
      vertex 47.1552 -65.886 25
      vertex 43.8863 -64.0017 51.0153
      vertex 46.4409 -66.3348 25
    endloop
  endfacet
  facet normal 0.527688 -0.83987 0.127138
    outer loop
      vertex 43.8863 -64.0017 51.0153
      vertex 47.1552 -65.886 25
      vertex 44.2093 -63.7878 51.0877
    endloop
  endfacet
  facet normal 0.529002 -0.839031 0.127217
    outer loop
      vertex 46.4409 -66.3348 25
      vertex 43.5205 -64.244 50.9332
      vertex 46.4022 -66.3592 25
    endloop
  endfacet
  facet normal 0.527753 -0.839828 0.127141
    outer loop
      vertex 43.5205 -64.244 50.9332
      vertex 46.4409 -66.3348 25
      vertex 43.8863 -64.0017 51.0153
    endloop
  endfacet
  facet normal 0.700673 -0.700504 0.135467
    outer loop
      vertex 44.2093 -63.7878 51.0877
      vertex 47.784 -65.2572 25
      vertex 44.7753 -63.182 51.2928
    endloop
  endfacet
  facet normal 0.700589 -0.700589 0.13546
    outer loop
      vertex 47.784 -65.2572 25
      vertex 44.2093 -63.7878 51.0877
      vertex 47.1552 -65.886 25
    endloop
  endfacet
  facet normal 0.83866 -0.526998 0.137561
    outer loop
      vertex 44.7753 -63.182 51.2928
      vertex 48.2328 -64.5429 25
      vertex 44.9668 -62.8477 51.406
    endloop
  endfacet
  facet normal 0.838687 -0.526954 0.137562
    outer loop
      vertex 48.2328 -64.5429 25
      vertex 44.7753 -63.182 51.2928
      vertex 47.784 -65.2572 25
    endloop
  endfacet
  facet normal 0.838571 -0.52714 0.137561
    outer loop
      vertex 44.9668 -62.8477 51.406
      vertex 48.2572 -64.5042 25
      vertex 45.1904 -62.4575 51.5382
    endloop
  endfacet
  facet normal 0.837864 -0.528266 0.137544
    outer loop
      vertex 48.2572 -64.5042 25
      vertex 44.9668 -62.8477 51.406
      vertex 48.2328 -64.5429 25
    endloop
  endfacet
  facet normal 0.935488 -0.327232 0.133347
    outer loop
      vertex 45.1904 -62.4575 51.5382
      vertex 48.5358 -63.708 25
      vertex 45.3014 -62.0894 51.6628
    endloop
  endfacet
  facet normal 0.935455 -0.327327 0.133347
    outer loop
      vertex 48.5358 -63.708 25
      vertex 45.1904 -62.4575 51.5382
      vertex 48.2572 -64.5042 25
    endloop
  endfacet
  facet normal 0.935433 -0.327389 0.133348
    outer loop
      vertex 45.3014 -62.0894 51.6628
      vertex 48.5509 -63.6647 25
      vertex 45.4337 -61.6509 51.8113
    endloop
  endfacet
  facet normal 0.935801 -0.326342 0.133331
    outer loop
      vertex 48.5509 -63.6647 25
      vertex 45.3014 -62.0894 51.6628
      vertex 48.5358 -63.708 25
    endloop
  endfacet
  facet normal 0.986177 -0.111024 0.123001
    outer loop
      vertex 45.4337 -61.6509 51.8113
      vertex 48.6454 -62.8265 25
      vertex 45.4606 -61.2686 51.9407
    endloop
  endfacet
  facet normal 0.986158 -0.111181 0.123006
    outer loop
      vertex 48.6454 -62.8265 25
      vertex 45.4337 -61.6509 51.8113
      vertex 48.5509 -63.6647 25
    endloop
  endfacet
  facet normal 0.986164 -0.111134 0.123005
    outer loop
      vertex 45.4606 -61.2686 51.9407
      vertex 48.6505 -62.781 25
      vertex 45.4934 -60.803 52.0984
    endloop
  endfacet
  facet normal 0.986233 -0.110545 0.12298
    outer loop
      vertex 48.6505 -62.781 25
      vertex 45.4606 -61.2686 51.9407
      vertex 48.6454 -62.8265 25
    endloop
  endfacet
  facet normal 0.993282 2.54717e-07 0.115723
    outer loop
      vertex 45.4934 -60.803 52.0984
      vertex 48.6505 -1.81897 25
      vertex 43.2987 -5.17202 70.936
    endloop
  endfacet
  facet normal 0.993282 0 0.115722
    outer loop
      vertex 48.6505 -1.81897 25
      vertex 45.4934 -60.803 52.0984
      vertex 48.6505 -62.781 25
    endloop
  endfacet
  facet normal 0.986012 0.112391 0.123082
    outer loop
      vertex 43.186 -4.44406 71.1825
      vertex 48.5509 -0.93523 25
      vertex 43.1799 -4.405 71.1957
    endloop
  endfacet
  facet normal 0.986159 0.111176 0.123006
    outer loop
      vertex 48.5509 -0.93523 25
      vertex 43.186 -4.44406 71.1825
      vertex 48.6454 -1.77347 25
    endloop
  endfacet
  facet normal 0.986177 0.111026 0.123
    outer loop
      vertex 43.2987 -5.17202 70.936
      vertex 48.6454 -1.77347 25
      vertex 43.186 -4.44406 71.1825
    endloop
  endfacet
  facet normal 0.986234 0.110545 0.122971
    outer loop
      vertex 48.6454 -1.77347 25
      vertex 43.2987 -5.17202 70.936
      vertex 48.6505 -1.81897 25
    endloop
  endfacet
  facet normal 0.935269 0.32785 0.133367
    outer loop
      vertex 42.9034 -3.71056 71.4309
      vertex 48.2572 -0.0958324 25
      vertex 42.8902 -3.67746 71.4421
    endloop
  endfacet
  facet normal 0.935452 0.327334 0.133348
    outer loop
      vertex 48.2572 -0.0958324 25
      vertex 42.9034 -3.71056 71.4309
      vertex 48.5358 -0.892013 25
    endloop
  endfacet
  facet normal 0.935463 0.327303 0.133347
    outer loop
      vertex 43.1799 -4.405 71.1957
      vertex 48.5358 -0.892013 25
      vertex 42.9034 -3.71056 71.4309
    endloop
  endfacet
  facet normal 0.935606 0.3269 0.133333
    outer loop
      vertex 48.5358 -0.892013 25
      vertex 43.1799 -4.405 71.1957
      vertex 48.5509 -0.93523 25
    endloop
  endfacet
  facet normal 0.838879 0.52665 0.137558
    outer loop
      vertex 42.4625 -3.05209 71.6538
      vertex 47.784 0.657181 25
      vertex 42.4444 -3.02561 71.6628
    endloop
  endfacet
  facet normal 0.838669 0.526984 0.13756
    outer loop
      vertex 47.784 0.657181 25
      vertex 42.4625 -3.05209 71.6538
      vertex 48.2328 -0.0570622 25
    endloop
  endfacet
  facet normal 0.838657 0.527003 0.13756
    outer loop
      vertex 42.8902 -3.67746 71.4421
      vertex 48.2328 -0.0570622 25
      vertex 42.4625 -3.05209 71.6538
    endloop
  endfacet
  facet normal 0.838294 0.52758 0.137563
    outer loop
      vertex 48.2328 -0.0570622 25
      vertex 42.8902 -3.67746 71.4421
      vertex 48.2572 -0.0958324 25
    endloop
  endfacet
  facet normal 0.700611 0.700567 0.135462
    outer loop
      vertex 47.1552 1.28602 25
      vertex 42.4444 -3.02561 71.6628
      vertex 47.784 0.657181 25
    endloop
  endfacet
  facet normal 0.700562 0.700616 0.135461
    outer loop
      vertex 42.4444 -3.02561 71.6628
      vertex 47.1552 1.28602 25
      vertex 41.865 -2.48185 71.8469
    endloop
  endfacet
  facet normal 0.527702 0.83986 0.12714
    outer loop
      vertex 46.4409 1.73483 25
      vertex 41.865 -2.48185 71.8469
      vertex 47.1552 1.28602 25
    endloop
  endfacet
  facet normal 0.528682 0.839238 0.12718
    outer loop
      vertex 41.865 -2.48185 71.8469
      vertex 46.4409 1.73483 25
      vertex 41.8402 -2.467 71.852
    endloop
  endfacet
  facet normal 0.528384 0.839428 0.127168
    outer loop
      vertex 46.4022 1.75919 25
      vertex 41.8402 -2.467 71.852
      vertex 46.4409 1.73483 25
    endloop
  endfacet
  facet normal 0.527696 0.839865 0.12714
    outer loop
      vertex 41.8402 -2.467 71.852
      vertex 46.4022 1.75919 25
      vertex 41.1811 -2.07306 71.9853
    endloop
  endfacet
  facet normal 0.32817 0.93784 0.11296
    outer loop
      vertex 45.7095 2.00158 25
      vertex 41.1811 -2.07306 71.9853
      vertex 46.4022 1.75919 25
    endloop
  endfacet
  facet normal 0.329439 0.937385 0.113043
    outer loop
      vertex 41.1811 -2.07306 71.9853
      vertex 45.7095 2.00158 25
      vertex 41.1593 -2.0657 71.9878
    endloop
  endfacet
  facet normal 0.328236 0.937817 0.112963
    outer loop
      vertex 45.6719 2.01474 25
      vertex 41.1593 -2.0657 71.9878
      vertex 45.7095 2.00158 25
    endloop
  endfacet
  facet normal 0.328148 0.937848 0.112958
    outer loop
      vertex 41.1593 -2.0657 71.9878
      vertex 45.6719 2.01474 25
      vertex 40.5248 -1.8524 72.0601
    endloop
  endfacet
  facet normal -0.994072 -5.79081e-07 -0.108725
    outer loop
      vertex 45.6719 2.01474 25
      vertex 42.6377 -58.9022 52.7421
      vertex 40.5248 -1.8524 72.0601
    endloop
  endfacet
  facet normal -0.994072 0 -0.108723
    outer loop
      vertex 42.6377 -58.9022 52.7421
      vertex 45.6719 2.01474 25
      vertex 45.6719 -60.7953 25
    endloop
  endfacet
  facet normal -0.975531 0.184685 -0.119296
    outer loop
      vertex 45.6613 -60.8513 25
      vertex 42.4838 -59.9431 52.3896
      vertex 42.5514 -59.4861 52.5443
    endloop
  endfacet
  facet normal -0.97555 0.184581 -0.119295
    outer loop
      vertex 42.4838 -59.9431 52.3896
      vertex 45.6613 -60.8513 25
      vertex 45.466 -61.8835 25
    endloop
  endfacet
  facet normal -0.975548 0.184597 -0.119294
    outer loop
      vertex 45.6719 -60.7953 25
      vertex 42.5514 -59.4861 52.5443
      vertex 42.6377 -58.9022 52.7421
    endloop
  endfacet
  facet normal -0.975536 0.184655 -0.119296
    outer loop
      vertex 42.5514 -59.4861 52.5443
      vertex 45.6719 -60.7953 25
      vertex 45.6613 -60.8513 25
    endloop
  endfacet
  facet normal -0.858864 0.495787 -0.128638
    outer loop
      vertex 45.4431 -61.9231 25
      vertex 42.0959 -60.6797 52.1402
      vertex 42.2684 -60.3521 52.2511
    endloop
  endfacet
  facet normal -0.858811 0.49588 -0.128635
    outer loop
      vertex 42.0959 -60.6797 52.1402
      vertex 45.4431 -61.9231 25
      vertex 45.022 -62.6524 25
    endloop
  endfacet
  facet normal -0.858822 0.49586 -0.128638
    outer loop
      vertex 45.466 -61.8835 25
      vertex 42.2684 -60.3521 52.2511
      vertex 42.4838 -59.9431 52.3896
    endloop
  endfacet
  facet normal -0.858484 0.496447 -0.128631
    outer loop
      vertex 42.2684 -60.3521 52.2511
      vertex 45.466 -61.8835 25
      vertex 45.4431 -61.9231 25
    endloop
  endfacet
  facet normal -0.674797 0.727235 -0.125612
    outer loop
      vertex 45.022 -62.6524 25
      vertex 41.8324 -60.9394 52.0522
      vertex 42.0959 -60.6797 52.1402
    endloop
  endfacet
  facet normal -0.674804 0.727228 -0.125613
    outer loop
      vertex 41.8324 -60.9394 52.0522
      vertex 45.022 -62.6524 25
      vertex 44.4047 -63.2252 25
    endloop
  endfacet
  facet normal -0.674783 0.727248 -0.125612
    outer loop
      vertex 44.4047 -63.2252 25
      vertex 41.5082 -61.2589 51.944
      vertex 41.8324 -60.9394 52.0522
    endloop
  endfacet
  facet normal -0.674978 0.727066 -0.12562
    outer loop
      vertex 41.5082 -61.2589 51.944
      vertex 44.4047 -63.2252 25
      vertex 44.3712 -63.2563 25
    endloop
  endfacet
  facet normal -0.431127 0.895291 -0.11218
    outer loop
      vertex 43.6124 -63.6217 25
      vertex 41.5082 -61.2589 51.944
      vertex 44.3712 -63.2563 25
    endloop
  endfacet
  facet normal -0.431122 0.895293 -0.11218
    outer loop
      vertex 41.5082 -61.2589 51.944
      vertex 43.6124 -63.6217 25
      vertex 41.1761 -61.4259 51.8875
    endloop
  endfacet
  facet normal -0.430425 0.895633 -0.112144
    outer loop
      vertex 43.5712 -63.6415 25
      vertex 41.1761 -61.4259 51.8875
      vertex 43.6124 -63.6217 25
    endloop
  endfacet
  facet normal -0.431182 0.895264 -0.112181
    outer loop
      vertex 41.1761 -61.4259 51.8875
      vertex 43.5712 -63.6415 25
      vertex 40.7729 -61.6287 51.8188
    endloop
  endfacet
  facet normal -0.14855 0.984854 -0.089415
    outer loop
      vertex 42.7385 -63.7671 25
      vertex 40.7729 -61.6287 51.8188
      vertex 43.5712 -63.6415 25
    endloop
  endfacet
  facet normal -0.148409 0.984876 -0.0894064
    outer loop
      vertex 40.7729 -61.6287 51.8188
      vertex 42.7385 -63.7671 25
      vertex 40.4024 -61.6863 51.7993
    endloop
  endfacet
  facet normal -0.148173 0.984913 -0.0893887
    outer loop
      vertex 42.6933 -63.7739 25
      vertex 40.4024 -61.6863 51.7993
      vertex 42.7385 -63.7671 25
    endloop
  endfacet
  facet normal -0.148343 0.984887 -0.0894012
    outer loop
      vertex 40.4024 -61.6863 51.7993
      vertex 42.6933 -63.7739 25
      vertex 39.9558 -61.7557 51.7758
    endloop
  endfacet
  facet normal 0 0.997171 -0.0751608
    outer loop
      vertex 42.6933 -63.7739 25
      vertex -39.9558 -61.7557 51.7758
      vertex 39.9558 -61.7557 51.7758
    endloop
  endfacet
  facet normal 0 0.997171 -0.0751608
    outer loop
      vertex -39.9558 -61.7557 51.7758
      vertex 42.6933 -63.7739 25
      vertex -42.6933 -63.7739 25
    endloop
  endfacet
  facet normal 0.185104 0.97834 -0.092666
    outer loop
      vertex -42.7493 -63.7633 25
      vertex -40.9672 -61.558 51.8427
      vertex -40.5088 -61.6476 51.8124
    endloop
  endfacet
  facet normal 0.185109 0.978339 -0.0926663
    outer loop
      vertex -40.9672 -61.558 51.8427
      vertex -42.7493 -63.7633 25
      vertex -43.7815 -63.568 25
    endloop
  endfacet
  facet normal 0.185112 0.978339 -0.0926668
    outer loop
      vertex -42.6933 -63.7739 25
      vertex -40.5088 -61.6476 51.8124
      vertex -39.9558 -61.7557 51.7758
    endloop
  endfacet
  facet normal 0.185183 0.978325 -0.0926714
    outer loop
      vertex -40.5088 -61.6476 51.8124
      vertex -42.6933 -63.7739 25
      vertex -42.7493 -63.7633 25
    endloop
  endfacet
  facet normal 0.496434 0.860226 -0.116465
    outer loop
      vertex -43.8211 -63.5451 25
      vertex -41.6713 -61.132 51.987
      vertex -41.3537 -61.3241 51.9219
    endloop
  endfacet
  facet normal 0.496631 0.860112 -0.116471
    outer loop
      vertex -41.6713 -61.132 51.987
      vertex -43.8211 -63.5451 25
      vertex -44.5504 -63.124 25
    endloop
  endfacet
  facet normal 0.496645 0.860103 -0.116475
    outer loop
      vertex -43.7815 -63.568 25
      vertex -41.3537 -61.3241 51.9219
      vertex -40.9672 -61.558 51.8427
    endloop
  endfacet
  facet normal 0.497197 0.859781 -0.116498
    outer loop
      vertex -41.3537 -61.3241 51.9219
      vertex -43.7815 -63.568 25
      vertex -43.8211 -63.5451 25
    endloop
  endfacet
  facet normal 0.727089 0.674625 -0.127369
    outer loop
      vertex -41.9708 -60.7871 52.1038
      vertex -45.1543 -62.4732 25
      vertex -42.2133 -60.5079 52.1983
    endloop
  endfacet
  facet normal 0.727064 0.674652 -0.127367
    outer loop
      vertex -45.1543 -62.4732 25
      vertex -41.9708 -60.7871 52.1038
      vertex -44.5815 -63.0905 25
    endloop
  endfacet
  facet normal 0.727146 0.674563 -0.127368
    outer loop
      vertex -41.6713 -61.132 51.987
      vertex -44.5815 -63.0905 25
      vertex -41.9708 -60.7871 52.1038
    endloop
  endfacet
  facet normal 0.726903 0.674827 -0.127361
    outer loop
      vertex -44.5815 -63.0905 25
      vertex -41.6713 -61.132 51.987
      vertex -44.5504 -63.124 25
    endloop
  endfacet
  facet normal 0.893578 0.430356 -0.127719
    outer loop
      vertex -42.2133 -60.5079 52.1983
      vertex -45.5197 -61.7144 25
      vertex -42.3605 -60.1681 52.3134
    endloop
  endfacet
  facet normal 0.893599 0.430312 -0.12772
    outer loop
      vertex -45.5197 -61.7144 25
      vertex -42.2133 -60.5079 52.1983
      vertex -45.1543 -62.4732 25
    endloop
  endfacet
  facet normal 0.893649 0.430208 -0.127721
    outer loop
      vertex -42.3605 -60.1681 52.3134
      vertex -45.5396 -61.6732 25
      vertex -42.5451 -59.7418 52.4577
    endloop
  endfacet
  facet normal 0.893089 0.43137 -0.12772
    outer loop
      vertex -45.5396 -61.6732 25
      vertex -42.3605 -60.1681 52.3134
      vertex -45.5197 -61.7144 25
    endloop
  endfacet
  facet normal 0.981957 0.148162 -0.117508
    outer loop
      vertex -42.5451 -59.7418 52.4577
      vertex -45.6651 -60.8405 25
      vertex -42.5857 -59.3739 52.5823
    endloop
  endfacet
  facet normal 0.981982 0.147999 -0.117504
    outer loop
      vertex -45.6651 -60.8405 25
      vertex -42.5451 -59.7418 52.4577
      vertex -45.5396 -61.6732 25
    endloop
  endfacet
  facet normal 0.981973 0.14806 -0.117504
    outer loop
      vertex -42.5857 -59.3739 52.5823
      vertex -45.6719 -60.7953 25
      vertex -42.6377 -58.9022 52.7421
    endloop
  endfacet
  facet normal 0.982023 0.147738 -0.117493
    outer loop
      vertex -45.6719 -60.7953 25
      vertex -42.5857 -59.3739 52.5823
      vertex -45.6651 -60.8405 25
    endloop
  endfacet
  facet normal 0.994072 -5.79081e-07 -0.108725
    outer loop
      vertex -42.6377 -58.9022 52.7421
      vertex -45.6719 2.01474 25
      vertex -40.5248 -1.8524 72.0601
    endloop
  endfacet
  facet normal 0.994072 0 -0.108723
    outer loop
      vertex -45.6719 2.01474 25
      vertex -42.6377 -58.9022 52.7421
      vertex -45.6719 -60.7953 25
    endloop
  endfacet
  facet normal -0.329439 0.937385 0.113043
    outer loop
      vertex -45.7095 2.00158 25
      vertex -41.1811 -2.07306 71.9853
      vertex -41.1593 -2.0657 71.9878
    endloop
  endfacet
  facet normal -0.32817 0.93784 0.11296
    outer loop
      vertex -41.1811 -2.07306 71.9853
      vertex -45.7095 2.00158 25
      vertex -46.4022 1.75919 25
    endloop
  endfacet
  facet normal -0.328148 0.937848 0.112958
    outer loop
      vertex -45.6719 2.01474 25
      vertex -41.1593 -2.0657 71.9878
      vertex -40.5248 -1.8524 72.0601
    endloop
  endfacet
  facet normal -0.328236 0.937817 0.112963
    outer loop
      vertex -41.1593 -2.0657 71.9878
      vertex -45.6719 2.01474 25
      vertex -45.7095 2.00158 25
    endloop
  endfacet
  facet normal -0.528682 0.839238 0.12718
    outer loop
      vertex -46.4409 1.73483 25
      vertex -41.865 -2.48185 71.8469
      vertex -41.8402 -2.467 71.852
    endloop
  endfacet
  facet normal -0.527702 0.83986 0.12714
    outer loop
      vertex -41.865 -2.48185 71.8469
      vertex -46.4409 1.73483 25
      vertex -47.1552 1.28602 25
    endloop
  endfacet
  facet normal -0.527696 0.839865 0.12714
    outer loop
      vertex -46.4022 1.75919 25
      vertex -41.8402 -2.467 71.852
      vertex -41.1811 -2.07306 71.9853
    endloop
  endfacet
  facet normal -0.528384 0.839428 0.127168
    outer loop
      vertex -41.8402 -2.467 71.852
      vertex -46.4022 1.75919 25
      vertex -46.4409 1.73483 25
    endloop
  endfacet
  facet normal -0.700562 0.700616 0.135461
    outer loop
      vertex -47.1552 1.28602 25
      vertex -42.4444 -3.02561 71.6628
      vertex -41.865 -2.48185 71.8469
    endloop
  endfacet
  facet normal -0.700611 0.700567 0.135462
    outer loop
      vertex -42.4444 -3.02561 71.6628
      vertex -47.1552 1.28602 25
      vertex -47.784 0.657181 25
    endloop
  endfacet
  facet normal -0.838669 0.526984 0.13756
    outer loop
      vertex -42.4625 -3.05209 71.6538
      vertex -47.784 0.657181 25
      vertex -48.2328 -0.0570622 25
    endloop
  endfacet
  facet normal -0.838879 0.52665 0.137558
    outer loop
      vertex -47.784 0.657181 25
      vertex -42.4625 -3.05209 71.6538
      vertex -42.4444 -3.02561 71.6628
    endloop
  endfacet
  facet normal -0.838294 0.52758 0.137563
    outer loop
      vertex -42.8902 -3.67746 71.4421
      vertex -48.2328 -0.0570622 25
      vertex -48.2572 -0.0958324 25
    endloop
  endfacet
  facet normal -0.838657 0.527003 0.13756
    outer loop
      vertex -48.2328 -0.0570622 25
      vertex -42.8902 -3.67746 71.4421
      vertex -42.4625 -3.05209 71.6538
    endloop
  endfacet
  facet normal -0.935452 0.327334 0.133348
    outer loop
      vertex -42.9034 -3.71056 71.4309
      vertex -48.2572 -0.0958324 25
      vertex -48.5358 -0.892013 25
    endloop
  endfacet
  facet normal -0.935269 0.32785 0.133367
    outer loop
      vertex -48.2572 -0.0958324 25
      vertex -42.9034 -3.71056 71.4309
      vertex -42.8902 -3.67746 71.4421
    endloop
  endfacet
  facet normal -0.935606 0.3269 0.133333
    outer loop
      vertex -43.1799 -4.405 71.1957
      vertex -48.5358 -0.892013 25
      vertex -48.5509 -0.93523 25
    endloop
  endfacet
  facet normal -0.935463 0.327303 0.133347
    outer loop
      vertex -48.5358 -0.892013 25
      vertex -43.1799 -4.405 71.1957
      vertex -42.9034 -3.71056 71.4309
    endloop
  endfacet
  facet normal -0.986159 0.111176 0.123006
    outer loop
      vertex -43.186 -4.44406 71.1825
      vertex -48.5509 -0.93523 25
      vertex -48.6454 -1.77347 25
    endloop
  endfacet
  facet normal -0.986012 0.112391 0.123082
    outer loop
      vertex -48.5509 -0.93523 25
      vertex -43.186 -4.44406 71.1825
      vertex -43.1799 -4.405 71.1957
    endloop
  endfacet
  facet normal -0.986234 0.110545 0.122971
    outer loop
      vertex -43.2987 -5.17202 70.936
      vertex -48.6454 -1.77347 25
      vertex -48.6505 -1.81897 25
    endloop
  endfacet
  facet normal -0.986177 0.111026 0.123
    outer loop
      vertex -48.6454 -1.77347 25
      vertex -43.2987 -5.17202 70.936
      vertex -43.186 -4.44406 71.1825
    endloop
  endfacet
  facet normal -0.993282 2.54717e-07 0.115723
    outer loop
      vertex -48.6505 -1.81897 25
      vertex -45.4934 -60.803 52.0984
      vertex -43.2987 -5.17202 70.936
    endloop
  endfacet
  facet normal -0.993282 0 0.115722
    outer loop
      vertex -45.4934 -60.803 52.0984
      vertex -48.6505 -1.81897 25
      vertex -48.6505 -62.781 25
    endloop
  endfacet
  facet normal -0.986177 -0.111024 0.123001
    outer loop
      vertex -48.6454 -62.8265 25
      vertex -45.4337 -61.6509 51.8113
      vertex -45.4606 -61.2686 51.9407
    endloop
  endfacet
  facet normal -0.986158 -0.111181 0.123006
    outer loop
      vertex -45.4337 -61.6509 51.8113
      vertex -48.6454 -62.8265 25
      vertex -48.5509 -63.6647 25
    endloop
  endfacet
  facet normal -0.986164 -0.111134 0.123005
    outer loop
      vertex -48.6505 -62.781 25
      vertex -45.4606 -61.2686 51.9407
      vertex -45.4934 -60.803 52.0984
    endloop
  endfacet
  facet normal -0.986233 -0.110545 0.12298
    outer loop
      vertex -45.4606 -61.2686 51.9407
      vertex -48.6505 -62.781 25
      vertex -48.6454 -62.8265 25
    endloop
  endfacet
  facet normal -0.935488 -0.327232 0.133347
    outer loop
      vertex -48.5358 -63.708 25
      vertex -45.1904 -62.4575 51.5382
      vertex -45.3014 -62.0894 51.6628
    endloop
  endfacet
  facet normal -0.935455 -0.327327 0.133347
    outer loop
      vertex -45.1904 -62.4575 51.5382
      vertex -48.5358 -63.708 25
      vertex -48.2572 -64.5042 25
    endloop
  endfacet
  facet normal -0.935433 -0.327389 0.133348
    outer loop
      vertex -48.5509 -63.6647 25
      vertex -45.3014 -62.0894 51.6628
      vertex -45.4337 -61.6509 51.8113
    endloop
  endfacet
  facet normal -0.935801 -0.326342 0.133331
    outer loop
      vertex -45.3014 -62.0894 51.6628
      vertex -48.5509 -63.6647 25
      vertex -48.5358 -63.708 25
    endloop
  endfacet
  facet normal -0.83866 -0.526998 0.137561
    outer loop
      vertex -48.2328 -64.5429 25
      vertex -44.7753 -63.182 51.2928
      vertex -44.9668 -62.8477 51.406
    endloop
  endfacet
  facet normal -0.838687 -0.526954 0.137562
    outer loop
      vertex -44.7753 -63.182 51.2928
      vertex -48.2328 -64.5429 25
      vertex -47.784 -65.2572 25
    endloop
  endfacet
  facet normal -0.838571 -0.52714 0.137561
    outer loop
      vertex -48.2572 -64.5042 25
      vertex -44.9668 -62.8477 51.406
      vertex -45.1904 -62.4575 51.5382
    endloop
  endfacet
  facet normal -0.837864 -0.528266 0.137544
    outer loop
      vertex -44.9668 -62.8477 51.406
      vertex -48.2572 -64.5042 25
      vertex -48.2328 -64.5429 25
    endloop
  endfacet
  facet normal -0.700673 -0.700504 0.135467
    outer loop
      vertex -47.784 -65.2572 25
      vertex -44.2093 -63.7878 51.0877
      vertex -44.7753 -63.182 51.2928
    endloop
  endfacet
  facet normal -0.700589 -0.700589 0.13546
    outer loop
      vertex -44.2093 -63.7878 51.0877
      vertex -47.784 -65.2572 25
      vertex -47.1552 -65.886 25
    endloop
  endfacet
  facet normal -0.527688 -0.83987 0.127138
    outer loop
      vertex -47.1552 -65.886 25
      vertex -43.8863 -64.0017 51.0153
      vertex -44.2093 -63.7878 51.0877
    endloop
  endfacet
  facet normal -0.527694 -0.839866 0.127138
    outer loop
      vertex -43.8863 -64.0017 51.0153
      vertex -47.1552 -65.886 25
      vertex -46.4409 -66.3348 25
    endloop
  endfacet
  facet normal -0.527753 -0.839828 0.127141
    outer loop
      vertex -46.4409 -66.3348 25
      vertex -43.5205 -64.244 50.9332
      vertex -43.8863 -64.0017 51.0153
    endloop
  endfacet
  facet normal -0.529002 -0.839031 0.127217
    outer loop
      vertex -43.5205 -64.244 50.9332
      vertex -46.4409 -66.3348 25
      vertex -46.4022 -66.3592 25
    endloop
  endfacet
  facet normal -0.328163 -0.937843 0.112959
    outer loop
      vertex -45.606 -66.6378 25
      vertex -43.5205 -64.244 50.9332
      vertex -46.4022 -66.3592 25
    endloop
  endfacet
  facet normal -0.328203 -0.937829 0.112961
    outer loop
      vertex -43.5205 -64.244 50.9332
      vertex -45.606 -66.6378 25
      vertex -43.1543 -64.3776 50.888
    endloop
  endfacet
  facet normal -0.32785 -0.937955 0.112939
    outer loop
      vertex -45.5628 -66.6529 25
      vertex -43.1543 -64.3776 50.888
      vertex -45.606 -66.6378 25
    endloop
  endfacet
  facet normal -0.328132 -0.937854 0.112956
    outer loop
      vertex -43.1543 -64.3776 50.888
      vertex -45.5628 -66.6529 25
      vertex -42.7436 -64.5274 50.8373
    endloop
  endfacet
  facet normal -0.111411 -0.989362 0.0935461
    outer loop
      vertex -44.7245 -66.7473 25
      vertex -42.7436 -64.5274 50.8373
      vertex -45.5628 -66.6529 25
    endloop
  endfacet
  facet normal -0.111421 -0.989361 0.0935467
    outer loop
      vertex -42.7436 -64.5274 50.8373
      vertex -44.7245 -66.7473 25
      vertex -42.3534 -64.5728 50.8219
    endloop
  endfacet
  facet normal -0.113047 -0.989164 0.0936795
    outer loop
      vertex -44.679 -66.7525 25
      vertex -42.3534 -64.5728 50.8219
      vertex -44.7245 -66.7473 25
    endloop
  endfacet
  facet normal -0.111534 -0.989347 0.0935587
    outer loop
      vertex -42.3534 -64.5728 50.8219
      vertex -44.679 -66.7525 25
      vertex -41.9181 -64.6235 50.8047
    endloop
  endfacet
  facet normal 0 -0.996614 0.082225
    outer loop
      vertex -44.679 -66.7525 25
      vertex 41.9181 -64.6235 50.8047
      vertex -41.9181 -64.6235 50.8047
    endloop
  endfacet
  facet normal 0 -0.996614 0.082225
    outer loop
      vertex 41.9181 -64.6235 50.8047
      vertex -44.679 -66.7525 25
      vertex 44.679 -66.7525 25
    endloop
  endfacet
  facet normal 0.111421 -0.989361 0.0935467
    outer loop
      vertex 44.7245 -66.7473 25
      vertex 42.7436 -64.5274 50.8373
      vertex 42.3534 -64.5728 50.8219
    endloop
  endfacet
  facet normal 0.111411 -0.989362 0.0935461
    outer loop
      vertex 42.7436 -64.5274 50.8373
      vertex 44.7245 -66.7473 25
      vertex 45.5628 -66.6529 25
    endloop
  endfacet
  facet normal 0.111534 -0.989347 0.0935587
    outer loop
      vertex 44.679 -66.7525 25
      vertex 42.3534 -64.5728 50.8219
      vertex 41.9181 -64.6235 50.8047
    endloop
  endfacet
  facet normal 0.113047 -0.989164 0.0936795
    outer loop
      vertex 42.3534 -64.5728 50.8219
      vertex 44.679 -66.7525 25
      vertex 44.7245 -66.7473 25
    endloop
  endfacet
  facet normal -0.000954085 -0.319091 0.947724
    outer loop
      vertex -41.8402 -2.467 71.852
      vertex -41.1593 -2.0657 71.9878
      vertex -41.1811 -2.07306 71.9853
    endloop
  endfacet
  facet normal -0.000414442 -0.319913 0.947447
    outer loop
      vertex -41.1593 -2.0657 71.9878
      vertex -41.8402 -2.467 71.852
      vertex -40.5248 -1.8524 72.0601
    endloop
  endfacet
  facet normal -0.00733187 -0.31383 0.949451
    outer loop
      vertex -42.4625 -3.05209 71.6538
      vertex -41.8402 -2.467 71.852
      vertex -41.865 -2.48185 71.8469
    endloop
  endfacet
  facet normal 0.00324614 -0.323787 0.946124
    outer loop
      vertex -42.4625 -3.05209 71.6538
      vertex -41.865 -2.48185 71.8469
      vertex -42.4444 -3.02561 71.6628
    endloop
  endfacet
  facet normal 0.00013819 -0.320974 0.947088
    outer loop
      vertex -41.8402 -2.467 71.852
      vertex -42.4625 -3.05209 71.6538
      vertex -40.5248 -1.8524 72.0601
    endloop
  endfacet
  facet normal -5.79906e-05 -0.32069 0.947184
    outer loop
      vertex -43.2987 -5.17202 70.936
      vertex -40.5248 -1.8524 72.0601
      vertex -42.4625 -3.05209 71.6538
    endloop
  endfacet
  facet normal -7.89758e-06 -0.320728 0.947171
    outer loop
      vertex -40.5248 -1.8524 72.0601
      vertex -43.2987 -5.17202 70.936
      vertex -42.6377 -58.9022 52.7421
    endloop
  endfacet
  facet normal -0.000501741 -0.320338 0.947303
    outer loop
      vertex -42.9034 -3.71056 71.4309
      vertex -42.4625 -3.05209 71.6538
      vertex -42.8902 -3.67746 71.4421
    endloop
  endfacet
  facet normal 0.000289444 -0.320813 0.947143
    outer loop
      vertex -42.4625 -3.05209 71.6538
      vertex -42.9034 -3.71056 71.4309
      vertex -43.2987 -5.17202 70.936
    endloop
  endfacet
  facet normal -1.92978e-05 -0.320728 0.947171
    outer loop
      vertex -45.4934 -60.803 52.0984
      vertex -42.6377 -58.9022 52.7421
      vertex -43.2987 -5.17202 70.936
    endloop
  endfacet
  facet normal -0.00293084 -0.319742 0.9475
    outer loop
      vertex -43.186 -4.44406 71.1825
      vertex -42.9034 -3.71056 71.4309
      vertex -43.1799 -4.405 71.1957
    endloop
  endfacet
  facet normal -0.000134807 -0.32071 0.947177
    outer loop
      vertex -43.2987 -5.17202 70.936
      vertex -42.9034 -3.71056 71.4309
      vertex -43.186 -4.44406 71.1825
    endloop
  endfacet
  facet normal 3.3641e-05 -0.320799 0.947147
    outer loop
      vertex -45.4606 -61.2686 51.9407
      vertex -42.6377 -58.9022 52.7421
      vertex -45.4934 -60.803 52.0984
    endloop
  endfacet
  facet normal -5.85657e-05 -0.3207 0.947181
    outer loop
      vertex -45.3014 -62.0894 51.6628
      vertex -42.6377 -58.9022 52.7421
      vertex -45.4606 -61.2686 51.9407
    endloop
  endfacet
  facet normal -5.75762e-05 -0.320729 0.947171
    outer loop
      vertex -42.6377 -58.9022 52.7421
      vertex -43.1543 -64.3776 50.888
      vertex -42.7436 -64.5274 50.8373
    endloop
  endfacet
  facet normal 1.40266e-05 -0.320735 0.947169
    outer loop
      vertex -42.6377 -58.9022 52.7421
      vertex -43.8863 -64.0017 51.0153
      vertex -43.1543 -64.3776 50.888
    endloop
  endfacet
  facet normal -0.000394361 -0.321448 0.946927
    outer loop
      vertex -43.1543 -64.3776 50.888
      vertex -43.8863 -64.0017 51.0153
      vertex -43.5205 -64.244 50.9332
    endloop
  endfacet
  facet normal -4.80407e-05 -0.320721 0.947174
    outer loop
      vertex -42.6377 -58.9022 52.7421
      vertex -44.9668 -62.8477 51.406
      vertex -43.8863 -64.0017 51.0153
    endloop
  endfacet
  facet normal -0.000150476 -0.320806 0.947145
    outer loop
      vertex -44.2093 -63.7878 51.0877
      vertex -44.9668 -62.8477 51.406
      vertex -44.7753 -63.182 51.2928
    endloop
  endfacet
  facet normal -0.000141313 -0.3208 0.947147
    outer loop
      vertex -43.8863 -64.0017 51.0153
      vertex -44.9668 -62.8477 51.406
      vertex -44.2093 -63.7878 51.0877
    endloop
  endfacet
  facet normal 0.00106646 -0.320336 0.947303
    outer loop
      vertex -44.9668 -62.8477 51.406
      vertex -45.3014 -62.0894 51.6628
      vertex -45.1904 -62.4575 51.5382
    endloop
  endfacet
  facet normal 0.000724171 -0.320564 0.947227
    outer loop
      vertex -45.3014 -62.0894 51.6628
      vertex -45.4606 -61.2686 51.9407
      vertex -45.4337 -61.6509 51.8113
    endloop
  endfacet
  facet normal 1.2205e-05 -0.320753 0.947163
    outer loop
      vertex -42.6377 -58.9022 52.7421
      vertex -45.3014 -62.0894 51.6628
      vertex -44.9668 -62.8477 51.406
    endloop
  endfacet
  facet normal 4.74199e-05 -0.320613 0.94721
    outer loop
      vertex 42.0959 -60.6797 52.1402
      vertex 45.4337 -61.6509 51.8113
      vertex 45.4606 -61.2686 51.9407
    endloop
  endfacet
  facet normal -6.12755e-06 -0.320801 0.947147
    outer loop
      vertex 42.2684 -60.3521 52.2511
      vertex 45.4606 -61.2686 51.9407
      vertex 45.4934 -60.803 52.0984
    endloop
  endfacet
  facet normal 3.71289e-05 -0.320666 0.947192
    outer loop
      vertex 42.0959 -60.6797 52.1402
      vertex 45.4606 -61.2686 51.9407
      vertex 42.2684 -60.3521 52.2511
    endloop
  endfacet
  facet normal 5.83451e-05 -0.32064 0.947201
    outer loop
      vertex 45.3014 -62.0894 51.6628
      vertex 42.0959 -60.6797 52.1402
      vertex 45.1904 -62.4575 51.5382
    endloop
  endfacet
  facet normal -7.36229e-05 -0.320846 0.947131
    outer loop
      vertex 45.1904 -62.4575 51.5382
      vertex 42.0959 -60.6797 52.1402
      vertex 44.9668 -62.8477 51.406
    endloop
  endfacet
  facet normal 1.75392e-05 -0.320738 0.947168
    outer loop
      vertex 44.9668 -62.8477 51.406
      vertex 42.0959 -60.6797 52.1402
      vertex 44.7753 -63.182 51.2928
    endloop
  endfacet
  facet normal -9.26867e-05 -0.320844 0.947132
    outer loop
      vertex 41.8324 -60.9394 52.0522
      vertex 44.7753 -63.182 51.2928
      vertex 42.0959 -60.6797 52.1402
    endloop
  endfacet
  facet normal 2.70798e-05 -0.320703 0.94718
    outer loop
      vertex 44.7753 -63.182 51.2928
      vertex 41.8324 -60.9394 52.0522
      vertex 44.2093 -63.7878 51.0877
    endloop
  endfacet
  facet normal 1.92978e-05 -0.320728 0.947171
    outer loop
      vertex 42.6377 -58.9022 52.7421
      vertex 45.4934 -60.803 52.0984
      vertex 43.2987 -5.17202 70.936
    endloop
  endfacet
  facet normal 7.7758e-06 -0.320728 0.947171
    outer loop
      vertex 40.5248 -1.8524 72.0601
      vertex 43.2987 -5.17202 70.936
      vertex 43.186 -4.44406 71.1825
    endloop
  endfacet
  facet normal 0.00293084 -0.319742 0.9475
    outer loop
      vertex 42.9034 -3.71056 71.4309
      vertex 43.186 -4.44406 71.1825
      vertex 43.1799 -4.405 71.1957
    endloop
  endfacet
  facet normal -6.29929e-05 -0.320839 0.947134
    outer loop
      vertex 42.5514 -59.4861 52.5443
      vertex 45.4934 -60.803 52.0984
      vertex 42.6377 -58.9022 52.7421
    endloop
  endfacet
  facet normal -3.78556e-05 -0.32077 0.947157
    outer loop
      vertex 43.186 -4.44406 71.1825
      vertex 42.9034 -3.71056 71.4309
      vertex 40.5248 -1.8524 72.0601
    endloop
  endfacet
  facet normal 0.000501741 -0.320338 0.947303
    outer loop
      vertex 42.4625 -3.05209 71.6538
      vertex 42.9034 -3.71056 71.4309
      vertex 42.8902 -3.67746 71.4421
    endloop
  endfacet
  facet normal 3.42732e-05 -0.320644 0.9472
    outer loop
      vertex 42.4838 -59.9431 52.3896
      vertex 45.4934 -60.803 52.0984
      vertex 42.5514 -59.4861 52.5443
    endloop
  endfacet
  facet normal 3.11007e-06 -0.320741 0.947167
    outer loop
      vertex 42.2684 -60.3521 52.2511
      vertex 45.4934 -60.803 52.0984
      vertex 42.4838 -59.9431 52.3896
    endloop
  endfacet
  facet normal 0.000159095 -0.320543 0.947234
    outer loop
      vertex 42.9034 -3.71056 71.4309
      vertex 42.4625 -3.05209 71.6538
      vertex 40.5248 -1.8524 72.0601
    endloop
  endfacet
  facet normal -0.00280794 -0.323519 0.946218
    outer loop
      vertex 41.8402 -2.467 71.852
      vertex 42.4625 -3.05209 71.6538
      vertex 42.4444 -3.02561 71.6628
    endloop
  endfacet
  facet normal 0.00764386 -0.313361 0.949603
    outer loop
      vertex 41.8402 -2.467 71.852
      vertex 42.4444 -3.02561 71.6628
      vertex 41.865 -2.48185 71.8469
    endloop
  endfacet
  facet normal -0.00013819 -0.320974 0.947088
    outer loop
      vertex 42.4625 -3.05209 71.6538
      vertex 41.8402 -2.467 71.852
      vertex 40.5248 -1.8524 72.0601
    endloop
  endfacet
  facet normal 0.000954085 -0.319091 0.947724
    outer loop
      vertex 41.1593 -2.0657 71.9878
      vertex 41.8402 -2.467 71.852
      vertex 41.1811 -2.07306 71.9853
    endloop
  endfacet
  facet normal 0.000414442 -0.319913 0.947447
    outer loop
      vertex 40.5248 -1.8524 72.0601
      vertex 41.8402 -2.467 71.852
      vertex 41.1593 -2.0657 71.9878
    endloop
  endfacet
  facet normal 7.89758e-06 -0.320728 0.947171
    outer loop
      vertex 43.2987 -5.17202 70.936
      vertex 40.5248 -1.8524 72.0601
      vertex 42.6377 -58.9022 52.7421
    endloop
  endfacet
  facet normal -3.27199e-07 -0.32076 0.94716
    outer loop
      vertex 45.4337 -61.6509 51.8113
      vertex 42.0959 -60.6797 52.1402
      vertex 45.3014 -62.0894 51.6628
    endloop
  endfacet
  facet normal 5.46317e-05 -0.320682 0.947187
    outer loop
      vertex 44.2093 -63.7878 51.0877
      vertex 41.8324 -60.9394 52.0522
      vertex 43.8863 -64.0017 51.0153
    endloop
  endfacet
  facet normal -2.94716e-05 -0.320733 0.94717
    outer loop
      vertex 41.5082 -61.2589 51.944
      vertex 43.8863 -64.0017 51.0153
      vertex 41.8324 -60.9394 52.0522
    endloop
  endfacet
  facet normal -9.58647e-05 -0.320785 0.947152
    outer loop
      vertex 43.8863 -64.0017 51.0153
      vertex 41.5082 -61.2589 51.944
      vertex 43.5205 -64.244 50.9332
    endloop
  endfacet
  facet normal 8.09221e-05 -0.320678 0.947188
    outer loop
      vertex 43.5205 -64.244 50.9332
      vertex 41.5082 -61.2589 51.944
      vertex 43.1543 -64.3776 50.888
    endloop
  endfacet
  facet normal 4.38482e-05 -0.320695 0.947182
    outer loop
      vertex 43.1543 -64.3776 50.888
      vertex 41.5082 -61.2589 51.944
      vertex 42.7436 -64.5274 50.8373
    endloop
  endfacet
  facet normal -6.45363e-05 -0.320732 0.94717
    outer loop
      vertex 42.7436 -64.5274 50.8373
      vertex 41.5082 -61.2589 51.944
      vertex 42.3534 -64.5728 50.8219
    endloop
  endfacet
  facet normal 0.000118503 -0.32069 0.947184
    outer loop
      vertex 41.1761 -61.4259 51.8875
      vertex 42.3534 -64.5728 50.8219
      vertex 41.5082 -61.2589 51.944
    endloop
  endfacet
  facet normal -6.67603e-05 -0.320752 0.947163
    outer loop
      vertex 42.3534 -64.5728 50.8219
      vertex 41.1761 -61.4259 51.8875
      vertex 41.9181 -64.6235 50.8047
    endloop
  endfacet
  facet normal -5.47872e-05 -0.32075 0.947164
    outer loop
      vertex 40.7729 -61.6287 51.8188
      vertex 41.9181 -64.6235 50.8047
      vertex 41.1761 -61.4259 51.8875
    endloop
  endfacet
  facet normal 1.09258e-05 -0.320727 0.947172
    outer loop
      vertex 40.4024 -61.6863 51.7993
      vertex 41.9181 -64.6235 50.8047
      vertex 40.7729 -61.6287 51.8188
    endloop
  endfacet
  facet normal 6.95199e-07 -0.320732 0.94717
    outer loop
      vertex 39.9558 -61.7557 51.7758
      vertex 41.9181 -64.6235 50.8047
      vertex 40.4024 -61.6863 51.7993
    endloop
  endfacet
  facet normal 0 -0.320732 0.94717
    outer loop
      vertex -39.9558 -61.7557 51.7758
      vertex 41.9181 -64.6235 50.8047
      vertex 39.9558 -61.7557 51.7758
    endloop
  endfacet
  facet normal -7.63566e-05 -0.320699 0.947181
    outer loop
      vertex -41.9181 -64.6235 50.8047
      vertex -40.5088 -61.6476 51.8124
      vertex -40.9672 -61.558 51.8427
    endloop
  endfacet
  facet normal 0 -0.320732 0.94717
    outer loop
      vertex -39.9558 -61.7557 51.7758
      vertex -41.9181 -64.6235 50.8047
      vertex 41.9181 -64.6235 50.8047
    endloop
  endfacet
  facet normal -7.60153e-06 -0.320728 0.947171
    outer loop
      vertex -40.5088 -61.6476 51.8124
      vertex -41.9181 -64.6235 50.8047
      vertex -39.9558 -61.7557 51.7758
    endloop
  endfacet
  facet normal 4.4769e-06 -0.320713 0.947177
    outer loop
      vertex -42.3534 -64.5728 50.8219
      vertex -40.9672 -61.558 51.8427
      vertex -41.3537 -61.3241 51.9219
    endloop
  endfacet
  facet normal 0.000135079 -0.320757 0.947162
    outer loop
      vertex -42.7436 -64.5274 50.8373
      vertex -41.3537 -61.3241 51.9219
      vertex -41.6713 -61.132 51.987
    endloop
  endfacet
  facet normal 3.49633e-05 -0.320728 0.947171
    outer loop
      vertex -42.7436 -64.5274 50.8373
      vertex -41.6713 -61.132 51.987
      vertex -41.9708 -60.7871 52.1038
    endloop
  endfacet
  facet normal -0.000125232 -0.320698 0.947181
    outer loop
      vertex -42.7436 -64.5274 50.8373
      vertex -41.9708 -60.7871 52.1038
      vertex -42.2133 -60.5079 52.1983
    endloop
  endfacet
  facet normal 6.85051e-05 -0.320739 0.947168
    outer loop
      vertex -40.9672 -61.558 51.8427
      vertex -42.3534 -64.5728 50.8219
      vertex -41.9181 -64.6235 50.8047
    endloop
  endfacet
  facet normal 0.00021677 -0.320739 0.947168
    outer loop
      vertex -42.7436 -64.5274 50.8373
      vertex -42.2133 -60.5079 52.1983
      vertex -42.3605 -60.1681 52.3134
    endloop
  endfacet
  facet normal -0.000209818 -0.320705 0.947179
    outer loop
      vertex -42.7436 -64.5274 50.8373
      vertex -42.3605 -60.1681 52.3134
      vertex -42.5451 -59.7418 52.4577
    endloop
  endfacet
  facet normal 0.000498168 -0.320732 0.94717
    outer loop
      vertex -42.7436 -64.5274 50.8373
      vertex -42.5451 -59.7418 52.4577
      vertex -42.5857 -59.3739 52.5823
    endloop
  endfacet
  facet normal 0.0011417 -0.320749 0.947164
    outer loop
      vertex -42.7436 -64.5274 50.8373
      vertex -42.5857 -59.3739 52.5823
      vertex -42.6377 -58.9022 52.7421
    endloop
  endfacet
  facet normal 6.49083e-05 -0.320729 0.947171
    outer loop
      vertex -41.3537 -61.3241 51.9219
      vertex -42.7436 -64.5274 50.8373
      vertex -42.3534 -64.5728 50.8219
    endloop
  endfacet
  facet normal 0.149057 -0.988829 0
    outer loop
      vertex 46 -67 22
      vertex 46.8843 -66.8667 25
      vertex 46 -67 25
    endloop
  endfacet
  facet normal 0.149057 -0.988829 0
    outer loop
      vertex 46.8843 -66.8667 25
      vertex 46 -67 22
      vertex 46.8843 -66.8667 22
    endloop
  endfacet
  facet normal 0.680164 -0.73306 0
    outer loop
      vertex 47.69 -66.4787 22
      vertex 48.3455 -65.8705 25
      vertex 47.69 -66.4787 25
    endloop
  endfacet
  facet normal 0.680164 -0.73306 0
    outer loop
      vertex 48.3455 -65.8705 25
      vertex 47.69 -66.4787 22
      vertex 48.3455 -65.8705 22
    endloop
  endfacet
  facet normal 0 -1 0
    outer loop
      vertex -46 -67 22
      vertex 46 -67 25
      vertex -46 -67 25
    endloop
  endfacet
  facet normal 0 -1 -0
    outer loop
      vertex 46 -67 25
      vertex -46 -67 22
      vertex 46 -67 22
    endloop
  endfacet
  facet normal -0.988826 -0.149073 0
    outer loop
      vertex -48.8667 -64.8842 22
      vertex -49 -64 25
      vertex -49 -64 22
    endloop
  endfacet
  facet normal -0.988826 -0.149073 0
    outer loop
      vertex -49 -64 25
      vertex -48.8667 -64.8842 22
      vertex -48.8667 -64.8842 25
    endloop
  endfacet
  facet normal 0.433879 -0.900971 0
    outer loop
      vertex 46.8843 -66.8667 22
      vertex 47.69 -66.4787 25
      vertex 46.8843 -66.8667 25
    endloop
  endfacet
  facet normal 0.433879 -0.900971 0
    outer loop
      vertex 47.69 -66.4787 25
      vertex 46.8843 -66.8667 22
      vertex 47.69 -66.4787 22
    endloop
  endfacet
  facet normal 0.982562 -0.185934 0
    outer loop
      vertex 48.7926 -65.096 25
      vertex 49 -64 22
      vertex 49 -64 25
    endloop
  endfacet
  facet normal 0.982562 -0.185934 0
    outer loop
      vertex 49 -64 22
      vertex 48.7926 -65.096 25
      vertex 48.7926 -65.096 22
    endloop
  endfacet
  facet normal -0.185934 -0.982562 0
    outer loop
      vertex -47.096 -66.7926 22
      vertex -46 -67 25
      vertex -47.096 -66.7926 25
    endloop
  endfacet
  facet normal -0.185934 -0.982562 -0
    outer loop
      vertex -46 -67 25
      vertex -47.096 -66.7926 22
      vertex -46 -67 22
    endloop
  endfacet
  facet normal 0.185934 0.982562 -0
    outer loop
      vertex 47.096 74.8926 22
      vertex 46 75.1 25
      vertex 47.096 74.8926 25
    endloop
  endfacet
  facet normal 0.185934 0.982562 0
    outer loop
      vertex 46 75.1 25
      vertex 47.096 74.8926 22
      vertex 46 75.1 22
    endloop
  endfacet
  facet normal 0 1 0
    outer loop
      vertex 44 75.1 22
      vertex 46 75.1 25
      vertex 46 75.1 22
    endloop
  endfacet
  facet normal 0 1 0
    outer loop
      vertex 46 75.1 25
      vertex 44 75.1 22
      vertex -46 75.1 25
    endloop
  endfacet
  facet normal 0 1 -0
    outer loop
      vertex -44 75.1 22
      vertex -46 75.1 25
      vertex 44 75.1 22
    endloop
  endfacet
  facet normal 0 1 0
    outer loop
      vertex -46 75.1 25
      vertex -44 75.1 22
      vertex -46 75.1 22
    endloop
  endfacet
  facet normal -0.982562 0.185934 0
    outer loop
      vertex -49 72.1 22
      vertex -48.7926 73.196 25
      vertex -48.7926 73.196 22
    endloop
  endfacet
  facet normal -0.982562 0.185934 0
    outer loop
      vertex -48.7926 73.196 25
      vertex -49 72.1 22
      vertex -49 72.1 25
    endloop
  endfacet
  facet normal -0.499952 -0.866053 0
    outer loop
      vertex -47.8705 -66.3455 22
      vertex -47.096 -66.7926 25
      vertex -47.8705 -66.3455 25
    endloop
  endfacet
  facet normal -0.499952 -0.866053 -0
    outer loop
      vertex -47.096 -66.7926 25
      vertex -47.8705 -66.3455 22
      vertex -47.096 -66.7926 22
    endloop
  endfacet
  facet normal 0 0 1
    outer loop
      vertex 46 75.1 25
      vertex 49 72.1 25
      vertex 48.8667 72.9843 25
    endloop
  endfacet
  facet normal 0 0 1
    outer loop
      vertex 49 72.1 25
      vertex 46 75.1 25
      vertex 49 8.5 25
    endloop
  endfacet
  facet normal 0 0 1
    outer loop
      vertex 46 75.1 25
      vertex 48.8667 72.9843 25
      vertex 48.4787 73.7899 25
    endloop
  endfacet
  facet normal 0 -0 1
    outer loop
      vertex 46.6634 5.6 25
      vertex 49 8.5 25
      vertex 46 75.1 25
    endloop
  endfacet
  facet normal 0 0 1
    outer loop
      vertex 46 75.1 25
      vertex 48.4787 73.7899 25
      vertex 47.8705 74.4455 25
    endloop
  endfacet
  facet normal 0 0 1
    outer loop
      vertex 49 8.5 25
      vertex 46.6634 5.6 25
      vertex 48.7926 7.40398 25
    endloop
  endfacet
  facet normal 0 0 1
    outer loop
      vertex 46 75.1 25
      vertex 47.8705 74.4455 25
      vertex 47.096 74.8926 25
    endloop
  endfacet
  facet normal 0 0 1
    outer loop
      vertex 48.7926 7.40398 25
      vertex 46.6634 5.6 25
      vertex 48.3455 6.62953 25
    endloop
  endfacet
  facet normal 0 0 1
    outer loop
      vertex 47.69 6.02129 25
      vertex 46.6634 5.6 25
      vertex 46.8843 5.63329 25
    endloop
  endfacet
  facet normal 0 0 1
    outer loop
      vertex 48.3455 6.62953 25
      vertex 46.6634 5.6 25
      vertex 47.69 6.02129 25
    endloop
  endfacet
  facet normal 0 0 1
    outer loop
      vertex 46.6634 5.6 25
      vertex 46.4022 1.75919 25
      vertex 46.4409 1.73483 25
    endloop
  endfacet
  facet normal 0 0 1
    outer loop
      vertex -46.5285 5.6 25
      vertex 46.6634 5.6 25
      vertex 46 75.1 25
    endloop
  endfacet
  facet normal 0 0 1
    outer loop
      vertex 46.6634 5.6 25
      vertex 45.7095 2.00158 25
      vertex 46.4022 1.75919 25
    endloop
  endfacet
  facet normal 0 0 1
    outer loop
      vertex 46.6634 5.6 25
      vertex 45.6719 2.01474 25
      vertex 45.7095 2.00158 25
    endloop
  endfacet
  facet normal 0 0 1
    outer loop
      vertex 42.6933 -63.7739 25
      vertex 45.6719 -60.7953 25
      vertex 45.6719 2.01474 25
    endloop
  endfacet
  facet normal 0 0 1
    outer loop
      vertex 45.6719 -60.7953 25
      vertex 42.6933 -63.7739 25
      vertex 45.6613 -60.8513 25
    endloop
  endfacet
  facet normal 0 -0 1
    outer loop
      vertex 42.7385 -63.7671 25
      vertex 45.6613 -60.8513 25
      vertex 42.6933 -63.7739 25
    endloop
  endfacet
  facet normal 0 0 1
    outer loop
      vertex 45.6613 -60.8513 25
      vertex 45.4431 -61.9231 25
      vertex 45.466 -61.8835 25
    endloop
  endfacet
  facet normal 0 0 1
    outer loop
      vertex 46.6634 5.6 25
      vertex -46.5285 5.6 25
      vertex 45.6719 2.01474 25
    endloop
  endfacet
  facet normal 0 -0 1
    outer loop
      vertex 42.6933 -63.7739 25
      vertex 45.6719 2.01474 25
      vertex -45.6719 2.01474 25
    endloop
  endfacet
  facet normal 0 0 1
    outer loop
      vertex 45.6613 -60.8513 25
      vertex 42.7385 -63.7671 25
      vertex 45.4431 -61.9231 25
    endloop
  endfacet
  facet normal 0 -0 1
    outer loop
      vertex 44.4047 -63.2252 25
      vertex 45.4431 -61.9231 25
      vertex 42.7385 -63.7671 25
    endloop
  endfacet
  facet normal 0 0 1
    outer loop
      vertex 44.4047 -63.2252 25
      vertex 43.6124 -63.6217 25
      vertex 44.3712 -63.2563 25
    endloop
  endfacet
  facet normal 0 0 1
    outer loop
      vertex 43.6124 -63.6217 25
      vertex 42.7385 -63.7671 25
      vertex 43.5712 -63.6415 25
    endloop
  endfacet
  facet normal 0 -0 1
    outer loop
      vertex 43.6124 -63.6217 25
      vertex 44.4047 -63.2252 25
      vertex 42.7385 -63.7671 25
    endloop
  endfacet
  facet normal 0 0 1
    outer loop
      vertex 45.4431 -61.9231 25
      vertex 44.4047 -63.2252 25
      vertex 45.022 -62.6524 25
    endloop
  endfacet
  facet normal 0 0 1
    outer loop
      vertex 42.6933 -63.7739 25
      vertex -45.6719 2.01474 25
      vertex -42.6933 -63.7739 25
    endloop
  endfacet
  facet normal -0 0 1
    outer loop
      vertex -45.6719 -60.7953 25
      vertex -42.6933 -63.7739 25
      vertex -45.6719 2.01474 25
    endloop
  endfacet
  facet normal 0 0 1
    outer loop
      vertex -42.6933 -63.7739 25
      vertex -45.6719 -60.7953 25
      vertex -42.7493 -63.7633 25
    endloop
  endfacet
  facet normal -0 -0 1
    outer loop
      vertex -45.6651 -60.8405 25
      vertex -42.7493 -63.7633 25
      vertex -45.6719 -60.7953 25
    endloop
  endfacet
  facet normal 0 0 1
    outer loop
      vertex -42.7493 -63.7633 25
      vertex -43.8211 -63.5451 25
      vertex -43.7815 -63.568 25
    endloop
  endfacet
  facet normal 0 0 1
    outer loop
      vertex -42.7493 -63.7633 25
      vertex -45.6651 -60.8405 25
      vertex -43.8211 -63.5451 25
    endloop
  endfacet
  facet normal 0 0 1
    outer loop
      vertex -43.8211 -63.5451 25
      vertex -45.6651 -60.8405 25
      vertex -44.5815 -63.0905 25
    endloop
  endfacet
  facet normal -0 -0 1
    outer loop
      vertex -45.5197 -61.7144 25
      vertex -44.5815 -63.0905 25
      vertex -45.6651 -60.8405 25
    endloop
  endfacet
  facet normal 0 0 1
    outer loop
      vertex -45.5197 -61.7144 25
      vertex -45.6651 -60.8405 25
      vertex -45.5396 -61.6732 25
    endloop
  endfacet
  facet normal 0 0 1
    outer loop
      vertex -43.8211 -63.5451 25
      vertex -44.5815 -63.0905 25
      vertex -44.5504 -63.124 25
    endloop
  endfacet
  facet normal 0 0 1
    outer loop
      vertex 45.6719 2.01474 25
      vertex -46.5285 5.6 25
      vertex -45.6719 2.01474 25
    endloop
  endfacet
  facet normal 0 0 1
    outer loop
      vertex -46.5285 5.6 25
      vertex 46 75.1 25
      vertex -46 75.1 25
    endloop
  endfacet
  facet normal 0 0 1
    outer loop
      vertex -45.6719 2.01474 25
      vertex -46.5285 5.6 25
      vertex -45.7095 2.00158 25
    endloop
  endfacet
  facet normal 0 0 1
    outer loop
      vertex -45.7095 2.00158 25
      vertex -46.5285 5.6 25
      vertex -46.4022 1.75919 25
    endloop
  endfacet
  facet normal 0 0 1
    outer loop
      vertex -46.4022 1.75919 25
      vertex -46.5285 5.6 25
      vertex -46.4409 1.73483 25
    endloop
  endfacet
  facet normal 0 0 1
    outer loop
      vertex -49 72.1 25
      vertex -46 75.1 25
      vertex -46.8843 74.9667 25
    endloop
  endfacet
  facet normal 0 0 1
    outer loop
      vertex -49 8.5 25
      vertex -46 75.1 25
      vertex -49 72.1 25
    endloop
  endfacet
  facet normal 0 0 1
    outer loop
      vertex -49 72.1 25
      vertex -46.8843 74.9667 25
      vertex -47.69 74.5787 25
    endloop
  endfacet
  facet normal 0 0 1
    outer loop
      vertex -46 75.1 25
      vertex -49 8.5 25
      vertex -46.5285 5.6 25
    endloop
  endfacet
  facet normal 0 0 1
    outer loop
      vertex -49 72.1 25
      vertex -47.69 74.5787 25
      vertex -48.3455 73.9705 25
    endloop
  endfacet
  facet normal -0 -0 1
    outer loop
      vertex -48.8667 7.61574 25
      vertex -46.5285 5.6 25
      vertex -49 8.5 25
    endloop
  endfacet
  facet normal 0 0 1
    outer loop
      vertex -49 72.1 25
      vertex -48.3455 73.9705 25
      vertex -48.7926 73.196 25
    endloop
  endfacet
  facet normal 0 0 1
    outer loop
      vertex -46.5285 5.6 25
      vertex -47.8705 6.15451 25
      vertex -47.096 5.70738 25
    endloop
  endfacet
  facet normal 0 0 1
    outer loop
      vertex -46.5285 5.6 25
      vertex -48.4787 6.81004 25
      vertex -47.8705 6.15451 25
    endloop
  endfacet
  facet normal 0 0 1
    outer loop
      vertex -46.5285 5.6 25
      vertex -48.8667 7.61574 25
      vertex -48.4787 6.81004 25
    endloop
  endfacet
  facet normal -0 0 1
    outer loop
      vertex 48.6505 -1.81897 25
      vertex 49 -64 25
      vertex 49 5.6 25
    endloop
  endfacet
  facet normal -0 0 1
    outer loop
      vertex 48.6505 -62.781 25
      vertex 49 -64 25
      vertex 48.6505 -1.81897 25
    endloop
  endfacet
  facet normal 0 0 1
    outer loop
      vertex 49 5.6 25
      vertex 48.6454 -1.77347 25
      vertex 48.6505 -1.81897 25
    endloop
  endfacet
  facet normal 0 0 1
    outer loop
      vertex 49 5.6 25
      vertex 48.5509 -0.93523 25
      vertex 48.6454 -1.77347 25
    endloop
  endfacet
  facet normal 0 0 1
    outer loop
      vertex 49 5.6 25
      vertex 48.5358 -0.892013 25
      vertex 48.5509 -0.93523 25
    endloop
  endfacet
  facet normal 0 0 1
    outer loop
      vertex 49 5.6 25
      vertex 48.2572 -0.0958324 25
      vertex 48.5358 -0.892013 25
    endloop
  endfacet
  facet normal 0 0 1
    outer loop
      vertex 49 5.6 25
      vertex 48.2328 -0.0570622 25
      vertex 48.2572 -0.0958324 25
    endloop
  endfacet
  facet normal 0 0 1
    outer loop
      vertex 49 5.6 25
      vertex 47.784 0.657181 25
      vertex 48.2328 -0.0570622 25
    endloop
  endfacet
  facet normal 0 0 1
    outer loop
      vertex 49 5.6 25
      vertex 47.1552 1.28602 25
      vertex 47.784 0.657181 25
    endloop
  endfacet
  facet normal 0 0 1
    outer loop
      vertex 46.4409 1.73483 25
      vertex 49 5.6 25
      vertex 46.6634 5.6 25
    endloop
  endfacet
  facet normal 0 0 1
    outer loop
      vertex 49 5.6 25
      vertex 46.4409 1.73483 25
      vertex 47.1552 1.28602 25
    endloop
  endfacet
  facet normal -0 0 1
    outer loop
      vertex 48.6454 -62.8265 25
      vertex 49 -64 25
      vertex 48.6505 -62.781 25
    endloop
  endfacet
  facet normal -0 0 1
    outer loop
      vertex 48.5509 -63.6647 25
      vertex 49 -64 25
      vertex 48.6454 -62.8265 25
    endloop
  endfacet
  facet normal -0 0 1
    outer loop
      vertex 48.5358 -63.708 25
      vertex 49 -64 25
      vertex 48.5509 -63.6647 25
    endloop
  endfacet
  facet normal 0 0 1
    outer loop
      vertex 48.2572 -64.5042 25
      vertex 49 -64 25
      vertex 48.5358 -63.708 25
    endloop
  endfacet
  facet normal 0 0 1
    outer loop
      vertex 49 -64 25
      vertex 48.2572 -64.5042 25
      vertex 48.7926 -65.096 25
    endloop
  endfacet
  facet normal -0 0 1
    outer loop
      vertex 48.2328 -64.5429 25
      vertex 48.7926 -65.096 25
      vertex 48.2572 -64.5042 25
    endloop
  endfacet
  facet normal 0 0 1
    outer loop
      vertex 47.784 -65.2572 25
      vertex 48.7926 -65.096 25
      vertex 48.2328 -64.5429 25
    endloop
  endfacet
  facet normal 0 0 1
    outer loop
      vertex 48.7926 -65.096 25
      vertex 47.784 -65.2572 25
      vertex 48.3455 -65.8705 25
    endloop
  endfacet
  facet normal 0 0 1
    outer loop
      vertex 47.1552 -65.886 25
      vertex 48.3455 -65.8705 25
      vertex 47.784 -65.2572 25
    endloop
  endfacet
  facet normal 0 0 1
    outer loop
      vertex 48.3455 -65.8705 25
      vertex 47.1552 -65.886 25
      vertex 47.69 -66.4787 25
    endloop
  endfacet
  facet normal 0 0 1
    outer loop
      vertex 47.1552 -65.886 25
      vertex 46.8843 -66.8667 25
      vertex 47.69 -66.4787 25
    endloop
  endfacet
  facet normal -0 0 1
    outer loop
      vertex 46.4409 -66.3348 25
      vertex 46.8843 -66.8667 25
      vertex 47.1552 -65.886 25
    endloop
  endfacet
  facet normal -0 0 1
    outer loop
      vertex 46.4022 -66.3592 25
      vertex 46.8843 -66.8667 25
      vertex 46.4409 -66.3348 25
    endloop
  endfacet
  facet normal 0 0 1
    outer loop
      vertex 46.4022 -66.3592 25
      vertex 46 -67 25
      vertex 46.8843 -66.8667 25
    endloop
  endfacet
  facet normal -0 0 1
    outer loop
      vertex 45.606 -66.6378 25
      vertex 46 -67 25
      vertex 46.4022 -66.3592 25
    endloop
  endfacet
  facet normal -0 0 1
    outer loop
      vertex 45.5628 -66.6529 25
      vertex 46 -67 25
      vertex 45.606 -66.6378 25
    endloop
  endfacet
  facet normal -0 0 1
    outer loop
      vertex 44.7245 -66.7473 25
      vertex 46 -67 25
      vertex 45.5628 -66.6529 25
    endloop
  endfacet
  facet normal -0 0 1
    outer loop
      vertex 44.679 -66.7525 25
      vertex 46 -67 25
      vertex 44.7245 -66.7473 25
    endloop
  endfacet
  facet normal -0 0 1
    outer loop
      vertex -44.679 -66.7525 25
      vertex 46 -67 25
      vertex 44.679 -66.7525 25
    endloop
  endfacet
  facet normal 0 0 1
    outer loop
      vertex -46 -67 25
      vertex -44.7245 -66.7473 25
      vertex -45.5628 -66.6529 25
    endloop
  endfacet
  facet normal 0 0 1
    outer loop
      vertex -44.679 -66.7525 25
      vertex -46 -67 25
      vertex 46 -67 25
    endloop
  endfacet
  facet normal 0 0 1
    outer loop
      vertex -44.7245 -66.7473 25
      vertex -46 -67 25
      vertex -44.679 -66.7525 25
    endloop
  endfacet
  facet normal 0 0 1
    outer loop
      vertex -45.606 -66.6378 25
      vertex -46 -67 25
      vertex -45.5628 -66.6529 25
    endloop
  endfacet
  facet normal 0 0 1
    outer loop
      vertex -46.4022 -66.3592 25
      vertex -46 -67 25
      vertex -45.606 -66.6378 25
    endloop
  endfacet
  facet normal 0 0 1
    outer loop
      vertex -47.096 -66.7926 25
      vertex -46.4022 -66.3592 25
      vertex -46.4409 -66.3348 25
    endloop
  endfacet
  facet normal 0 0 1
    outer loop
      vertex -46.4022 -66.3592 25
      vertex -47.096 -66.7926 25
      vertex -46 -67 25
    endloop
  endfacet
  facet normal 0 0 1
    outer loop
      vertex -47.1552 -65.886 25
      vertex -47.096 -66.7926 25
      vertex -46.4409 -66.3348 25
    endloop
  endfacet
  facet normal 0 0 1
    outer loop
      vertex -47.8705 -66.3455 25
      vertex -47.1552 -65.886 25
      vertex -47.784 -65.2572 25
    endloop
  endfacet
  facet normal 0 0 1
    outer loop
      vertex -47.1552 -65.886 25
      vertex -47.8705 -66.3455 25
      vertex -47.096 -66.7926 25
    endloop
  endfacet
  facet normal -0 0 1
    outer loop
      vertex -48.8667 -64.8842 25
      vertex -47.784 -65.2572 25
      vertex -48.2328 -64.5429 25
    endloop
  endfacet
  facet normal 0 0 1
    outer loop
      vertex -48.8667 -64.8842 25
      vertex -48.2328 -64.5429 25
      vertex -48.2572 -64.5042 25
    endloop
  endfacet
  facet normal 0 0 1
    outer loop
      vertex -47.784 -65.2572 25
      vertex -48.4787 -65.6899 25
      vertex -47.8705 -66.3455 25
    endloop
  endfacet
  facet normal -0 0 1
    outer loop
      vertex -49 -64 25
      vertex -48.2572 -64.5042 25
      vertex -48.5358 -63.708 25
    endloop
  endfacet
  facet normal 0 0 1
    outer loop
      vertex -49 -64 25
      vertex -48.5358 -63.708 25
      vertex -48.5509 -63.6647 25
    endloop
  endfacet
  facet normal 0 0 1
    outer loop
      vertex -49 -64 25
      vertex -48.5509 -63.6647 25
      vertex -48.6454 -62.8265 25
    endloop
  endfacet
  facet normal 0 0 1
    outer loop
      vertex -49 -64 25
      vertex -48.6454 -62.8265 25
      vertex -48.6505 -62.781 25
    endloop
  endfacet
  facet normal 0 0 1
    outer loop
      vertex -47.784 -65.2572 25
      vertex -48.8667 -64.8842 25
      vertex -48.4787 -65.6899 25
    endloop
  endfacet
  facet normal 0 0 1
    outer loop
      vertex -44.5815 -63.0905 25
      vertex -45.5197 -61.7144 25
      vertex -45.1543 -62.4732 25
    endloop
  endfacet
  facet normal -0 0 1
    outer loop
      vertex -49 5.6 25
      vertex -46.4409 1.73483 25
      vertex -46.5285 5.6 25
    endloop
  endfacet
  facet normal 0 0 1
    outer loop
      vertex -46.4409 1.73483 25
      vertex -49 5.6 25
      vertex -47.1552 1.28602 25
    endloop
  endfacet
  facet normal 0 0 1
    outer loop
      vertex -47.1552 1.28602 25
      vertex -49 5.6 25
      vertex -47.784 0.657181 25
    endloop
  endfacet
  facet normal 0 0 1
    outer loop
      vertex -47.784 0.657181 25
      vertex -49 5.6 25
      vertex -48.2328 -0.0570622 25
    endloop
  endfacet
  facet normal 0 0 1
    outer loop
      vertex -48.2328 -0.0570622 25
      vertex -49 5.6 25
      vertex -48.2572 -0.0958324 25
    endloop
  endfacet
  facet normal 0 0 1
    outer loop
      vertex -48.2572 -0.0958324 25
      vertex -49 5.6 25
      vertex -48.5358 -0.892013 25
    endloop
  endfacet
  facet normal 0 0 1
    outer loop
      vertex -49 5.6 25
      vertex -48.6454 -1.77347 25
      vertex -48.5509 -0.93523 25
    endloop
  endfacet
  facet normal 0 0 1
    outer loop
      vertex -49 -64 25
      vertex -48.6505 -62.781 25
      vertex -48.6505 -1.81897 25
    endloop
  endfacet
  facet normal 0 0 1
    outer loop
      vertex -48.5358 -0.892013 25
      vertex -49 5.6 25
      vertex -48.5509 -0.93523 25
    endloop
  endfacet
  facet normal 0 0 1
    outer loop
      vertex -48.6454 -1.77347 25
      vertex -49 5.6 25
      vertex -48.6505 -1.81897 25
    endloop
  endfacet
  facet normal 0 0 1
    outer loop
      vertex -49 -64 25
      vertex -48.6505 -1.81897 25
      vertex -49 5.6 25
    endloop
  endfacet
  facet normal 0 0 1
    outer loop
      vertex -48.2572 -64.5042 25
      vertex -49 -64 25
      vertex -48.8667 -64.8842 25
    endloop
  endfacet
  facet normal -0.733112 -0.680108 0
    outer loop
      vertex -47.8705 -66.3455 22
      vertex -48.4787 -65.6899 25
      vertex -48.4787 -65.6899 22
    endloop
  endfacet
  facet normal -0.733112 -0.680108 0
    outer loop
      vertex -48.4787 -65.6899 25
      vertex -47.8705 -66.3455 22
      vertex -47.8705 -66.3455 25
    endloop
  endfacet
  facet normal -0.680164 0.73306 0
    outer loop
      vertex -47.69 74.5787 22
      vertex -48.3455 73.9705 25
      vertex -47.69 74.5787 25
    endloop
  endfacet
  facet normal -0.680164 0.73306 0
    outer loop
      vertex -48.3455 73.9705 25
      vertex -47.69 74.5787 22
      vertex -48.3455 73.9705 22
    endloop
  endfacet
  facet normal -0.866053 0.499952 0
    outer loop
      vertex -48.7926 73.196 22
      vertex -48.3455 73.9705 25
      vertex -48.3455 73.9705 22
    endloop
  endfacet
  facet normal -0.866053 0.499952 0
    outer loop
      vertex -48.3455 73.9705 25
      vertex -48.7926 73.196 22
      vertex -48.7926 73.196 25
    endloop
  endfacet
  facet normal -0.433879 0.900971 0
    outer loop
      vertex -46.8843 74.9667 22
      vertex -47.69 74.5787 25
      vertex -46.8843 74.9667 25
    endloop
  endfacet
  facet normal -0.433879 0.900971 0
    outer loop
      vertex -47.69 74.5787 25
      vertex -46.8843 74.9667 22
      vertex -47.69 74.5787 22
    endloop
  endfacet
  facet normal -0.149057 0.988829 0
    outer loop
      vertex -46 75.1 22
      vertex -46.8843 74.9667 25
      vertex -46 75.1 25
    endloop
  endfacet
  facet normal -0.149057 0.988829 0
    outer loop
      vertex -46.8843 74.9667 25
      vertex -46 75.1 22
      vertex -46.8843 74.9667 22
    endloop
  endfacet
  facet normal -0.900971 -0.433879 0
    outer loop
      vertex -48.4787 -65.6899 22
      vertex -48.8667 -64.8842 25
      vertex -48.8667 -64.8842 22
    endloop
  endfacet
  facet normal -0.900971 -0.433879 0
    outer loop
      vertex -48.8667 -64.8842 25
      vertex -48.4787 -65.6899 22
      vertex -48.4787 -65.6899 25
    endloop
  endfacet
  facet normal 0.866053 -0.499952 0
    outer loop
      vertex 48.3455 -65.8705 25
      vertex 48.7926 -65.096 22
      vertex 48.7926 -65.096 25
    endloop
  endfacet
  facet normal 0.866053 -0.499952 0
    outer loop
      vertex 48.7926 -65.096 22
      vertex 48.3455 -65.8705 25
      vertex 48.3455 -65.8705 22
    endloop
  endfacet
  facet normal 0.988829 0.149057 0
    outer loop
      vertex 49 72.1 25
      vertex 48.8667 72.9843 22
      vertex 48.8667 72.9843 25
    endloop
  endfacet
  facet normal 0.988829 0.149057 0
    outer loop
      vertex 48.8667 72.9843 22
      vertex 49 72.1 25
      vertex 49 72.1 22
    endloop
  endfacet
  facet normal 0.90095 0.433923 0
    outer loop
      vertex 48.8667 72.9843 25
      vertex 48.4787 73.7899 22
      vertex 48.4787 73.7899 25
    endloop
  endfacet
  facet normal 0.90095 0.433923 0
    outer loop
      vertex 48.4787 73.7899 22
      vertex 48.8667 72.9843 25
      vertex 48.8667 72.9843 22
    endloop
  endfacet
  facet normal 0.733112 0.680108 0
    outer loop
      vertex 48.4787 73.7899 25
      vertex 47.8705 74.4455 22
      vertex 47.8705 74.4455 25
    endloop
  endfacet
  facet normal 0.733112 0.680108 0
    outer loop
      vertex 47.8705 74.4455 22
      vertex 48.4787 73.7899 25
      vertex 48.4787 73.7899 22
    endloop
  endfacet
  facet normal 0.499952 0.866053 -0
    outer loop
      vertex 47.8705 74.4455 22
      vertex 47.096 74.8926 25
      vertex 47.8705 74.4455 25
    endloop
  endfacet
  facet normal 0.499952 0.866053 0
    outer loop
      vertex 47.096 74.8926 25
      vertex 47.8705 74.4455 22
      vertex 47.096 74.8926 22
    endloop
  endfacet
  facet normal 0.222508 -0.974931 0
    outer loop
      vertex 49.3155 -0.7733 153
      vertex 49.9705 -0.62381 171
      vertex 49.3155 -0.7733 171
    endloop
  endfacet
  facet normal 0.222508 -0.974931 0
    outer loop
      vertex 49.9705 -0.62381 171
      vertex 49.3155 -0.7733 153
      vertex 49.9705 -0.62381 153
    endloop
  endfacet
  facet normal 0 -1 0
    outer loop
      vertex -48.0225 -0.899994 171
      vertex -7.51379 -0.899994 168
      vertex -7.51379 -0.899994 171
    endloop
  endfacet
  facet normal 0 -1 -0
    outer loop
      vertex -7.51379 -0.899994 168
      vertex -48.0225 -0.899994 153
      vertex 7.51379 -0.899994 168
    endloop
  endfacet
  facet normal 0 -1 0
    outer loop
      vertex -48.0225 -0.899994 153
      vertex -7.51379 -0.899994 168
      vertex -48.0225 -0.899994 171
    endloop
  endfacet
  facet normal 0 -1 0
    outer loop
      vertex 7.51379 -0.899994 168
      vertex 48.0225 -0.899994 171
      vertex 7.51379 -0.899994 171
    endloop
  endfacet
  facet normal 0 -1 0
    outer loop
      vertex 48.0225 -0.899994 153
      vertex 7.51379 -0.899994 168
      vertex -48.0225 -0.899994 153
    endloop
  endfacet
  facet normal 0 -1 0
    outer loop
      vertex 7.51379 -0.899994 168
      vertex 48.0225 -0.899994 153
      vertex 48.0225 -0.899994 171
    endloop
  endfacet
  facet normal 0.111948 -0.993714 0
    outer loop
      vertex 48.3583 -0.881134 153
      vertex 49.3155 -0.7733 171
      vertex 48.3583 -0.881134 171
    endloop
  endfacet
  facet normal 0.111948 -0.993714 0
    outer loop
      vertex 49.3155 -0.7733 171
      vertex 48.3583 -0.881134 153
      vertex 49.3155 -0.7733 153
    endloop
  endfacet
  facet normal 0.056076 -0.998427 0
    outer loop
      vertex 48.0225 -0.899994 153
      vertex 48.3583 -0.881134 171
      vertex 48.0225 -0.899994 171
    endloop
  endfacet
  facet normal 0.056076 -0.998427 0
    outer loop
      vertex 48.3583 -0.881134 171
      vertex 48.0225 -0.899994 153
      vertex 48.3583 -0.881134 153
    endloop
  endfacet
  facet normal -0.433893 -0.900965 0
    outer loop
      vertex -51.5063 -0.00669861 153
      vertex -50.901 -0.298203 171
      vertex -51.5063 -0.00669861 171
    endloop
  endfacet
  facet normal -0.433893 -0.900965 -0
    outer loop
      vertex -50.901 -0.298203 171
      vertex -51.5063 -0.00669861 153
      vertex -50.901 -0.298203 153
    endloop
  endfacet
  facet normal -0.623482 -0.781838 0
    outer loop
      vertex -52.8663 0.936646 153
      vertex -52.3411 0.517822 171
      vertex -52.8663 0.936646 171
    endloop
  endfacet
  facet normal -0.623482 -0.781838 -0
    outer loop
      vertex -52.3411 0.517822 171
      vertex -52.8663 0.936646 153
      vertex -52.3411 0.517822 153
    endloop
  endfacet
  facet normal 0.974928 0.222522 0
    outer loop
      vertex 55.2733 75.8155 171
      vertex 55.1238 76.4705 153
      vertex 55.1238 76.4705 171
    endloop
  endfacet
  facet normal 0.974928 0.222522 0
    outer loop
      vertex 55.1238 76.4705 153
      vertex 55.2733 75.8155 171
      vertex 55.2733 75.8155 153
    endloop
  endfacet
  facet normal 0.111913 0.993718 -0
    outer loop
      vertex 49.3155 81.7733 153
      vertex 48.3583 81.8811 171
      vertex 49.3155 81.7733 171
    endloop
  endfacet
  facet normal 0.111913 0.993718 0
    outer loop
      vertex 48.3583 81.8811 171
      vertex 49.3155 81.7733 153
      vertex 48.3583 81.8811 153
    endloop
  endfacet
  facet normal -0.532018 -0.846733 0
    outer loop
      vertex -52.3411 0.517822 153
      vertex -51.5063 -0.00669861 171
      vertex -52.3411 0.517822 171
    endloop
  endfacet
  facet normal -0.532018 -0.846733 -0
    outer loop
      vertex -51.5063 -0.00669861 171
      vertex -52.3411 0.517822 153
      vertex -51.5063 -0.00669861 153
    endloop
  endfacet
  facet normal 1 -0 0
    outer loop
      vertex 55.4 6.47754 171
      vertex 55.4 74.5225 153
      vertex 55.4 74.5225 171
    endloop
  endfacet
  facet normal 1 0 0
    outer loop
      vertex 55.4 74.5225 153
      vertex 55.4 6.47754 171
      vertex 55.4 6.47754 153
    endloop
  endfacet
  facet normal -1 0 0
    outer loop
      vertex -55.4 6.47754 153
      vertex -55.4 74.5225 171
      vertex -55.4 74.5225 153
    endloop
  endfacet
  facet normal -1 -0 0
    outer loop
      vertex -55.4 74.5225 171
      vertex -55.4 6.47754 153
      vertex -55.4 6.47754 171
    endloop
  endfacet
  facet normal -0.111948 -0.993714 0
    outer loop
      vertex -49.3155 -0.7733 153
      vertex -48.3583 -0.881134 171
      vertex -49.3155 -0.7733 171
    endloop
  endfacet
  facet normal -0.111948 -0.993714 -0
    outer loop
      vertex -48.3583 -0.881134 171
      vertex -49.3155 -0.7733 153
      vertex -48.3583 -0.881134 153
    endloop
  endfacet
  facet normal -0.0561946 0.99842 0
    outer loop
      vertex -48.0225 81.9 153
      vertex -48.3583 81.8811 171
      vertex -48.0225 81.9 171
    endloop
  endfacet
  facet normal -0.0561946 0.99842 0
    outer loop
      vertex -48.3583 81.8811 171
      vertex -48.0225 81.9 153
      vertex -48.3583 81.8811 153
    endloop
  endfacet
  facet normal 0.900964 -0.433893 0
    outer loop
      vertex 54.5067 2.99368 171
      vertex 54.7982 3.59897 153
      vertex 54.7982 3.59897 171
    endloop
  endfacet
  facet normal 0.900964 -0.433893 0
    outer loop
      vertex 54.7982 3.59897 153
      vertex 54.5067 2.99368 171
      vertex 54.5067 2.99368 153
    endloop
  endfacet
  facet normal -0.900967 0.433887 0
    outer loop
      vertex -54.7982 77.401 153
      vertex -54.5067 78.0063 171
      vertex -54.5067 78.0063 153
    endloop
  endfacet
  facet normal -0.900967 0.433887 0
    outer loop
      vertex -54.5067 78.0063 171
      vertex -54.7982 77.401 153
      vertex -54.7982 77.401 171
    endloop
  endfacet
  facet normal 0.781855 0.62346 0
    outer loop
      vertex 53.9822 78.8411 171
      vertex 53.5634 79.3663 153
      vertex 53.5634 79.3663 171
    endloop
  endfacet
  facet normal 0.781855 0.62346 0
    outer loop
      vertex 53.5634 79.3663 153
      vertex 53.9822 78.8411 171
      vertex 53.9822 78.8411 153
    endloop
  endfacet
  facet normal -0.943885 -0.330273 0
    outer loop
      vertex -54.7982 3.59897 153
      vertex -55.1238 4.5295 171
      vertex -55.1238 4.5295 153
    endloop
  endfacet
  facet normal -0.943885 -0.330273 0
    outer loop
      vertex -55.1238 4.5295 171
      vertex -54.7982 3.59897 153
      vertex -54.7982 3.59897 171
    endloop
  endfacet
  facet normal -0.781855 -0.62346 0
    outer loop
      vertex -53.5634 1.63374 153
      vertex -53.9822 2.15894 171
      vertex -53.9822 2.15894 153
    endloop
  endfacet
  facet normal -0.781855 -0.62346 0
    outer loop
      vertex -53.9822 2.15894 171
      vertex -53.5634 1.63374 153
      vertex -53.5634 1.63374 171
    endloop
  endfacet
  facet normal 0 1 -0
    outer loop
      vertex 48.0225 81.9 153
      vertex -48.0225 81.9 171
      vertex 48.0225 81.9 171
    endloop
  endfacet
  facet normal 0 1 0
    outer loop
      vertex -48.0225 81.9 171
      vertex 48.0225 81.9 153
      vertex -48.0225 81.9 153
    endloop
  endfacet
  facet normal -0.846742 0.532003 0
    outer loop
      vertex -54.5067 78.0063 153
      vertex -53.9822 78.8411 171
      vertex -53.9822 78.8411 153
    endloop
  endfacet
  facet normal -0.846742 0.532003 0
    outer loop
      vertex -53.9822 78.8411 171
      vertex -54.5067 78.0063 153
      vertex -54.5067 78.0063 171
    endloop
  endfacet
  facet normal -0.433887 0.900967 0
    outer loop
      vertex -50.901 81.2982 153
      vertex -51.5063 81.0067 171
      vertex -50.901 81.2982 171
    endloop
  endfacet
  facet normal -0.433887 0.900967 0
    outer loop
      vertex -51.5063 81.0067 171
      vertex -50.901 81.2982 153
      vertex -51.5063 81.0067 153
    endloop
  endfacet
  facet normal 0.62346 0.781855 -0
    outer loop
      vertex 52.8663 80.0634 153
      vertex 52.3411 80.4822 171
      vertex 52.8663 80.0634 171
    endloop
  endfacet
  facet normal 0.62346 0.781855 0
    outer loop
      vertex 52.3411 80.4822 171
      vertex 52.8663 80.0634 153
      vertex 52.3411 80.4822 153
    endloop
  endfacet
  facet normal -0.222522 0.974928 0
    outer loop
      vertex -49.3155 81.7733 153
      vertex -49.9705 81.6238 171
      vertex -49.3155 81.7733 171
    endloop
  endfacet
  facet normal -0.222522 0.974928 0
    outer loop
      vertex -49.9705 81.6238 171
      vertex -49.3155 81.7733 153
      vertex -49.9705 81.6238 153
    endloop
  endfacet
  facet normal -0.532003 0.846742 0
    outer loop
      vertex -51.5063 81.0067 153
      vertex -52.3411 80.4822 171
      vertex -51.5063 81.0067 171
    endloop
  endfacet
  facet normal -0.532003 0.846742 0
    outer loop
      vertex -52.3411 80.4822 171
      vertex -51.5063 81.0067 153
      vertex -52.3411 80.4822 153
    endloop
  endfacet
  facet normal -0.707107 0.707107 0
    outer loop
      vertex -53.5634 79.3663 153
      vertex -52.8663 80.0634 171
      vertex -52.8663 80.0634 153
    endloop
  endfacet
  facet normal -0.707107 0.707107 0
    outer loop
      vertex -52.8663 80.0634 171
      vertex -53.5634 79.3663 153
      vertex -53.5634 79.3663 171
    endloop
  endfacet
  facet normal -0.62346 0.781855 0
    outer loop
      vertex -52.3411 80.4822 153
      vertex -52.8663 80.0634 171
      vertex -52.3411 80.4822 171
    endloop
  endfacet
  facet normal -0.62346 0.781855 0
    outer loop
      vertex -52.8663 80.0634 171
      vertex -52.3411 80.4822 153
      vertex -52.8663 80.0634 153
    endloop
  endfacet
  facet normal 0.707107 0.707107 0
    outer loop
      vertex 53.5634 79.3663 171
      vertex 52.8663 80.0634 153
      vertex 52.8663 80.0634 171
    endloop
  endfacet
  facet normal 0.707107 0.707107 0
    outer loop
      vertex 52.8663 80.0634 153
      vertex 53.5634 79.3663 171
      vertex 53.5634 79.3663 153
    endloop
  endfacet
  facet normal -0.111913 0.993718 0
    outer loop
      vertex -48.3583 81.8811 153
      vertex -49.3155 81.7733 171
      vertex -48.3583 81.8811 171
    endloop
  endfacet
  facet normal -0.111913 0.993718 0
    outer loop
      vertex -49.3155 81.7733 171
      vertex -48.3583 81.8811 153
      vertex -49.3155 81.7733 153
    endloop
  endfacet
  facet normal -0.056076 -0.998427 0
    outer loop
      vertex -48.3583 -0.881134 153
      vertex -48.0225 -0.899994 171
      vertex -48.3583 -0.881134 171
    endloop
  endfacet
  facet normal -0.056076 -0.998427 -0
    outer loop
      vertex -48.0225 -0.899994 171
      vertex -48.3583 -0.881134 153
      vertex -48.0225 -0.899994 153
    endloop
  endfacet
  facet normal -0.330283 0.943882 0
    outer loop
      vertex -49.9705 81.6238 153
      vertex -50.901 81.2982 171
      vertex -49.9705 81.6238 171
    endloop
  endfacet
  facet normal -0.330283 0.943882 0
    outer loop
      vertex -50.901 81.2982 171
      vertex -49.9705 81.6238 153
      vertex -50.901 81.2982 153
    endloop
  endfacet
  facet normal -0.99842 -0.0561862 0
    outer loop
      vertex -55.3811 6.14169 153
      vertex -55.4 6.47754 171
      vertex -55.4 6.47754 153
    endloop
  endfacet
  facet normal -0.99842 -0.0561862 0
    outer loop
      vertex -55.4 6.47754 171
      vertex -55.3811 6.14169 153
      vertex -55.3811 6.14169 171
    endloop
  endfacet
  facet normal 0.433887 0.900967 -0
    outer loop
      vertex 51.5063 81.0067 153
      vertex 50.901 81.2982 171
      vertex 51.5063 81.0067 171
    endloop
  endfacet
  facet normal 0.433887 0.900967 0
    outer loop
      vertex 50.901 81.2982 171
      vertex 51.5063 81.0067 153
      vertex 50.901 81.2982 153
    endloop
  endfacet
  facet normal 0.99842 0.0561946 0
    outer loop
      vertex 55.4 74.5225 171
      vertex 55.3811 74.8583 153
      vertex 55.3811 74.8583 171
    endloop
  endfacet
  facet normal 0.99842 0.0561946 0
    outer loop
      vertex 55.3811 74.8583 153
      vertex 55.4 74.5225 171
      vertex 55.4 74.5225 153
    endloop
  endfacet
  facet normal -0.222508 -0.974931 0
    outer loop
      vertex -49.9705 -0.62381 153
      vertex -49.3155 -0.7733 171
      vertex -49.9705 -0.62381 171
    endloop
  endfacet
  facet normal -0.222508 -0.974931 -0
    outer loop
      vertex -49.3155 -0.7733 171
      vertex -49.9705 -0.62381 153
      vertex -49.3155 -0.7733 153
    endloop
  endfacet
  facet normal -0.974928 0.222522 0
    outer loop
      vertex -55.2733 75.8155 153
      vertex -55.1238 76.4705 171
      vertex -55.1238 76.4705 153
    endloop
  endfacet
  facet normal -0.974928 0.222522 0
    outer loop
      vertex -55.1238 76.4705 171
      vertex -55.2733 75.8155 153
      vertex -55.2733 75.8155 171
    endloop
  endfacet
  facet normal -0.330289 -0.94388 0
    outer loop
      vertex -50.901 -0.298203 153
      vertex -49.9705 -0.62381 171
      vertex -50.901 -0.298203 171
    endloop
  endfacet
  facet normal -0.330289 -0.94388 -0
    outer loop
      vertex -49.9705 -0.62381 171
      vertex -50.901 -0.298203 153
      vertex -49.9705 -0.62381 153
    endloop
  endfacet
  facet normal 0.974927 -0.222525 0
    outer loop
      vertex 55.1238 4.5295 171
      vertex 55.2733 5.18449 153
      vertex 55.2733 5.18449 171
    endloop
  endfacet
  facet normal 0.974927 -0.222525 0
    outer loop
      vertex 55.2733 5.18449 153
      vertex 55.1238 4.5295 171
      vertex 55.1238 4.5295 153
    endloop
  endfacet
  facet normal -0.974927 -0.222525 0
    outer loop
      vertex -55.1238 4.5295 153
      vertex -55.2733 5.18449 171
      vertex -55.2733 5.18449 153
    endloop
  endfacet
  facet normal -0.974927 -0.222525 0
    outer loop
      vertex -55.2733 5.18449 171
      vertex -55.1238 4.5295 153
      vertex -55.1238 4.5295 171
    endloop
  endfacet
  facet normal -0.943882 0.330283 0
    outer loop
      vertex -55.1238 76.4705 153
      vertex -54.7982 77.401 171
      vertex -54.7982 77.401 153
    endloop
  endfacet
  facet normal -0.943882 0.330283 0
    outer loop
      vertex -54.7982 77.401 171
      vertex -55.1238 76.4705 153
      vertex -55.1238 76.4705 171
    endloop
  endfacet
  facet normal 0.532003 0.846742 -0
    outer loop
      vertex 52.3411 80.4822 153
      vertex 51.5063 81.0067 171
      vertex 52.3411 80.4822 171
    endloop
  endfacet
  facet normal 0.532003 0.846742 0
    outer loop
      vertex 51.5063 81.0067 171
      vertex 52.3411 80.4822 153
      vertex 51.5063 81.0067 153
    endloop
  endfacet
  facet normal -0.781855 0.62346 0
    outer loop
      vertex -53.9822 78.8411 153
      vertex -53.5634 79.3663 171
      vertex -53.5634 79.3663 153
    endloop
  endfacet
  facet normal -0.781855 0.62346 0
    outer loop
      vertex -53.5634 79.3663 171
      vertex -53.9822 78.8411 153
      vertex -53.9822 78.8411 171
    endloop
  endfacet
  facet normal -0.99842 0.0561946 0
    outer loop
      vertex -55.4 74.5225 153
      vertex -55.3811 74.8583 171
      vertex -55.3811 74.8583 153
    endloop
  endfacet
  facet normal -0.99842 0.0561946 0
    outer loop
      vertex -55.3811 74.8583 171
      vertex -55.4 74.5225 153
      vertex -55.4 74.5225 171
    endloop
  endfacet
  facet normal 0 0 -1
    outer loop
      vertex 12.9683 -12.4068 168
      vertex 12.9683 -10.5932 168
      vertex 13 -11.5 168
    endloop
  endfacet
  facet normal 0 0 -1
    outer loop
      vertex 12.8735 -13.3092 168
      vertex 12.9683 -10.5932 168
      vertex 12.9683 -12.4068 168
    endloop
  endfacet
  facet normal 0 0 -1
    outer loop
      vertex 12.8735 -13.3092 168
      vertex 12.8735 -9.69075 168
      vertex 12.9683 -10.5932 168
    endloop
  endfacet
  facet normal 0 0 -1
    outer loop
      vertex 12.7159 -14.2029 168
      vertex 12.8735 -9.69075 168
      vertex 12.8735 -13.3092 168
    endloop
  endfacet
  facet normal 0 0 -1
    outer loop
      vertex 12.7159 -14.2029 168
      vertex 12.7159 -8.79715 168
      vertex 12.8735 -9.69075 168
    endloop
  endfacet
  facet normal 0 0 -1
    outer loop
      vertex 12.4964 -15.0833 168
      vertex 12.7159 -8.79715 168
      vertex 12.7159 -14.2029 168
    endloop
  endfacet
  facet normal 0 0 -1
    outer loop
      vertex 12.4964 -15.0833 168
      vertex 12.4964 -7.91671 168
      vertex 12.7159 -8.79715 168
    endloop
  endfacet
  facet normal 0 0 -1
    outer loop
      vertex 12.216 -15.9463 168
      vertex 12.4964 -7.91671 168
      vertex 12.4964 -15.0833 168
    endloop
  endfacet
  facet normal 0 0 -1
    outer loop
      vertex 12.216 -15.9463 168
      vertex 12.216 -7.05374 168
      vertex 12.4964 -7.91671 168
    endloop
  endfacet
  facet normal 0 0 -1
    outer loop
      vertex 11.8761 -16.7876 168
      vertex 12.216 -7.05374 168
      vertex 12.216 -15.9463 168
    endloop
  endfacet
  facet normal 0 0 -1
    outer loop
      vertex 11.8761 -16.7876 168
      vertex 11.8761 -6.21242 168
      vertex 12.216 -7.05374 168
    endloop
  endfacet
  facet normal 0 0 -1
    outer loop
      vertex 11.4783 -17.6031 168
      vertex 11.8761 -6.21242 168
      vertex 11.8761 -16.7876 168
    endloop
  endfacet
  facet normal 0 0 -1
    outer loop
      vertex 11.4783 -17.6031 168
      vertex 11.4783 -5.39687 168
      vertex 11.8761 -6.21242 168
    endloop
  endfacet
  facet normal 0 0 -1
    outer loop
      vertex 11.0246 -18.389 168
      vertex 11.4783 -5.39687 168
      vertex 11.4783 -17.6031 168
    endloop
  endfacet
  facet normal 0 0 -1
    outer loop
      vertex 11.0246 -18.389 168
      vertex 11.0246 -4.61105 168
      vertex 11.4783 -5.39687 168
    endloop
  endfacet
  facet normal 0 0 -1
    outer loop
      vertex 10.5172 -19.1412 168
      vertex 11.0246 -4.61105 168
      vertex 11.0246 -18.389 168
    endloop
  endfacet
  facet normal 0 0 -1
    outer loop
      vertex 10.5172 -19.1412 168
      vertex 10.5172 -3.85879 168
      vertex 11.0246 -4.61105 168
    endloop
  endfacet
  facet normal 0 0 -1
    outer loop
      vertex 9.95858 -19.8562 168
      vertex 10.5172 -3.85879 168
      vertex 10.5172 -19.1412 168
    endloop
  endfacet
  facet normal 0 0 -1
    outer loop
      vertex 9.95858 -19.8562 168
      vertex 9.95858 -3.14376 168
      vertex 10.5172 -3.85879 168
    endloop
  endfacet
  facet normal 0 0 -1
    outer loop
      vertex 9.35142 -20.5306 168
      vertex 9.95858 -3.14376 168
      vertex 9.95858 -19.8562 168
    endloop
  endfacet
  facet normal 0 0 -1
    outer loop
      vertex 9.35142 -20.5306 168
      vertex 9.35142 -2.46944 168
      vertex 9.95858 -3.14376 168
    endloop
  endfacet
  facet normal 0 0 -1
    outer loop
      vertex 8.6987 -21.1609 168
      vertex 9.35142 -2.46944 168
      vertex 9.35142 -20.5306 168
    endloop
  endfacet
  facet normal 0 0 -1
    outer loop
      vertex 8.6987 -21.1609 168
      vertex 8.6987 -1.83912 168
      vertex 9.35142 -2.46944 168
    endloop
  endfacet
  facet normal 0 0 -1
    outer loop
      vertex 8.0036 -21.7441 168
      vertex 8.6987 -1.83912 168
      vertex 8.6987 -21.1609 168
    endloop
  endfacet
  facet normal 0 0 -1
    outer loop
      vertex 7.51379 -0.899994 168
      vertex 8.6987 -1.83912 168
      vertex 8.0036 -21.7441 168
    endloop
  endfacet
  facet normal 0 0 -1
    outer loop
      vertex 8.6987 -1.83912 168
      vertex 7.51379 -0.899994 168
      vertex 8.0036 -1.25586 168
    endloop
  endfacet
  facet normal 0 0 -1
    outer loop
      vertex 7.26951 -22.2775 168
      vertex 7.51379 -0.899994 168
      vertex 8.0036 -21.7441 168
    endloop
  endfacet
  facet normal 0 0 -1
    outer loop
      vertex 6.5 -22.7583 168
      vertex 7.51379 -0.899994 168
      vertex 7.26951 -22.2775 168
    endloop
  endfacet
  facet normal 0 0 -1
    outer loop
      vertex 5.69882 -23.1843 168
      vertex 7.51379 -0.899994 168
      vertex 6.5 -22.7583 168
    endloop
  endfacet
  facet normal 0 0 -1
    outer loop
      vertex 4.86989 -23.5534 168
      vertex 7.51379 -0.899994 168
      vertex 5.69882 -23.1843 168
    endloop
  endfacet
  facet normal 0 0 -1
    outer loop
      vertex 4.01722 -23.8637 168
      vertex 7.51379 -0.899994 168
      vertex 4.86989 -23.5534 168
    endloop
  endfacet
  facet normal 0 0 -1
    outer loop
      vertex 3.14498 -24.1138 168
      vertex 7.51379 -0.899994 168
      vertex 4.01722 -23.8637 168
    endloop
  endfacet
  facet normal 0 0 -1
    outer loop
      vertex 2.25743 -24.3025 168
      vertex 7.51379 -0.899994 168
      vertex 3.14498 -24.1138 168
    endloop
  endfacet
  facet normal 0 0 -1
    outer loop
      vertex 1.35887 -24.4288 168
      vertex 7.51379 -0.899994 168
      vertex 2.25743 -24.3025 168
    endloop
  endfacet
  facet normal 0 0 -1
    outer loop
      vertex 0.453693 -24.4921 168
      vertex 7.51379 -0.899994 168
      vertex 1.35887 -24.4288 168
    endloop
  endfacet
  facet normal 0 0 -1
    outer loop
      vertex -0.453693 -24.4921 168
      vertex 7.51379 -0.899994 168
      vertex 0.453693 -24.4921 168
    endloop
  endfacet
  facet normal 0 0 -1
    outer loop
      vertex -1.35887 -24.4288 168
      vertex 7.51379 -0.899994 168
      vertex -0.453693 -24.4921 168
    endloop
  endfacet
  facet normal 0 0 -1
    outer loop
      vertex -2.25743 -24.3025 168
      vertex 7.51379 -0.899994 168
      vertex -1.35887 -24.4288 168
    endloop
  endfacet
  facet normal 0 0 -1
    outer loop
      vertex -3.14498 -24.1138 168
      vertex 7.51379 -0.899994 168
      vertex -2.25743 -24.3025 168
    endloop
  endfacet
  facet normal 0 0 -1
    outer loop
      vertex -4.01722 -23.8637 168
      vertex 7.51379 -0.899994 168
      vertex -3.14498 -24.1138 168
    endloop
  endfacet
  facet normal 0 0 -1
    outer loop
      vertex -4.86989 -23.5534 168
      vertex 7.51379 -0.899994 168
      vertex -4.01722 -23.8637 168
    endloop
  endfacet
  facet normal 0 0 -1
    outer loop
      vertex -5.69882 -23.1843 168
      vertex 7.51379 -0.899994 168
      vertex -4.86989 -23.5534 168
    endloop
  endfacet
  facet normal 0 0 -1
    outer loop
      vertex -6.5 -22.7583 168
      vertex 7.51379 -0.899994 168
      vertex -5.69882 -23.1843 168
    endloop
  endfacet
  facet normal 0 0 -1
    outer loop
      vertex -7.26951 -22.2775 168
      vertex 7.51379 -0.899994 168
      vertex -6.5 -22.7583 168
    endloop
  endfacet
  facet normal 0 0 -1
    outer loop
      vertex -7.26951 -22.2775 168
      vertex -7.51379 -0.899994 168
      vertex 7.51379 -0.899994 168
    endloop
  endfacet
  facet normal 0 0 -1
    outer loop
      vertex -8.0036 -21.7441 168
      vertex -7.51379 -0.899994 168
      vertex -7.26951 -22.2775 168
    endloop
  endfacet
  facet normal 0 0 -1
    outer loop
      vertex -8.6987 -21.1609 168
      vertex -7.51379 -0.899994 168
      vertex -8.0036 -21.7441 168
    endloop
  endfacet
  facet normal 0 0 -1
    outer loop
      vertex -8.6987 -1.83912 168
      vertex -7.51379 -0.899994 168
      vertex -8.6987 -21.1609 168
    endloop
  endfacet
  facet normal 0 0 -1
    outer loop
      vertex -7.51379 -0.899994 168
      vertex -8.6987 -1.83912 168
      vertex -8.0036 -1.25586 168
    endloop
  endfacet
  facet normal 0 0 -1
    outer loop
      vertex -9.35142 -20.5306 168
      vertex -8.6987 -1.83912 168
      vertex -8.6987 -21.1609 168
    endloop
  endfacet
  facet normal 0 0 -1
    outer loop
      vertex -9.35142 -20.5306 168
      vertex -9.35142 -2.46944 168
      vertex -8.6987 -1.83912 168
    endloop
  endfacet
  facet normal 0 0 -1
    outer loop
      vertex -9.95858 -19.8562 168
      vertex -9.35142 -2.46944 168
      vertex -9.35142 -20.5306 168
    endloop
  endfacet
  facet normal 0 0 -1
    outer loop
      vertex -9.95858 -19.8562 168
      vertex -9.95858 -3.14376 168
      vertex -9.35142 -2.46944 168
    endloop
  endfacet
  facet normal 0 0 -1
    outer loop
      vertex -10.5172 -19.1412 168
      vertex -9.95858 -3.14376 168
      vertex -9.95858 -19.8562 168
    endloop
  endfacet
  facet normal 0 0 -1
    outer loop
      vertex -10.5172 -19.1412 168
      vertex -10.5172 -3.85879 168
      vertex -9.95858 -3.14376 168
    endloop
  endfacet
  facet normal 0 0 -1
    outer loop
      vertex -11.0246 -18.389 168
      vertex -10.5172 -3.85879 168
      vertex -10.5172 -19.1412 168
    endloop
  endfacet
  facet normal 0 0 -1
    outer loop
      vertex -11.0246 -18.389 168
      vertex -11.0246 -4.61105 168
      vertex -10.5172 -3.85879 168
    endloop
  endfacet
  facet normal 0 0 -1
    outer loop
      vertex -11.4783 -17.6031 168
      vertex -11.0246 -4.61105 168
      vertex -11.0246 -18.389 168
    endloop
  endfacet
  facet normal 0 0 -1
    outer loop
      vertex -11.4783 -17.6031 168
      vertex -11.4783 -5.39687 168
      vertex -11.0246 -4.61105 168
    endloop
  endfacet
  facet normal 0 0 -1
    outer loop
      vertex -11.8761 -16.7876 168
      vertex -11.4783 -5.39687 168
      vertex -11.4783 -17.6031 168
    endloop
  endfacet
  facet normal 0 0 -1
    outer loop
      vertex -11.8761 -16.7876 168
      vertex -11.8761 -6.21242 168
      vertex -11.4783 -5.39687 168
    endloop
  endfacet
  facet normal 0 0 -1
    outer loop
      vertex -12.216 -15.9463 168
      vertex -11.8761 -6.21242 168
      vertex -11.8761 -16.7876 168
    endloop
  endfacet
  facet normal 0 0 -1
    outer loop
      vertex -12.216 -15.9463 168
      vertex -12.216 -7.05374 168
      vertex -11.8761 -6.21242 168
    endloop
  endfacet
  facet normal 0 0 -1
    outer loop
      vertex -12.4964 -15.0833 168
      vertex -12.216 -7.05374 168
      vertex -12.216 -15.9463 168
    endloop
  endfacet
  facet normal 0 0 -1
    outer loop
      vertex -12.4964 -15.0833 168
      vertex -12.4964 -7.91671 168
      vertex -12.216 -7.05374 168
    endloop
  endfacet
  facet normal 0 0 -1
    outer loop
      vertex -12.7159 -14.2029 168
      vertex -12.4964 -7.91671 168
      vertex -12.4964 -15.0833 168
    endloop
  endfacet
  facet normal 0 0 -1
    outer loop
      vertex -12.7159 -14.2029 168
      vertex -12.7159 -8.79715 168
      vertex -12.4964 -7.91671 168
    endloop
  endfacet
  facet normal 0 0 -1
    outer loop
      vertex -12.8735 -13.3092 168
      vertex -12.7159 -8.79715 168
      vertex -12.7159 -14.2029 168
    endloop
  endfacet
  facet normal 0 0 -1
    outer loop
      vertex -12.8735 -13.3092 168
      vertex -12.8735 -9.69075 168
      vertex -12.7159 -8.79715 168
    endloop
  endfacet
  facet normal 0 0 -1
    outer loop
      vertex -12.9683 -12.4068 168
      vertex -12.8735 -9.69075 168
      vertex -12.8735 -13.3092 168
    endloop
  endfacet
  facet normal 0 0 -1
    outer loop
      vertex -12.9683 -12.4068 168
      vertex -12.9683 -10.5932 168
      vertex -12.8735 -9.69075 168
    endloop
  endfacet
  facet normal 0 -0 -1
    outer loop
      vertex -12.9683 -10.5932 168
      vertex -12.9683 -12.4068 168
      vertex -13 -11.5 168
    endloop
  endfacet
  facet normal 0.433893 -0.900965 0
    outer loop
      vertex 50.901 -0.298203 153
      vertex 51.5063 -0.00669861 171
      vertex 50.901 -0.298203 171
    endloop
  endfacet
  facet normal 0.433893 -0.900965 0
    outer loop
      vertex 51.5063 -0.00669861 171
      vertex 50.901 -0.298203 153
      vertex 51.5063 -0.00669861 153
    endloop
  endfacet
  facet normal 0.623482 -0.781838 0
    outer loop
      vertex 52.3411 0.517822 153
      vertex 52.8663 0.936646 171
      vertex 52.3411 0.517822 171
    endloop
  endfacet
  facet normal 0.623482 -0.781838 0
    outer loop
      vertex 52.8663 0.936646 171
      vertex 52.3411 0.517822 153
      vertex 52.8663 0.936646 153
    endloop
  endfacet
  facet normal 0.943882 0.330283 0
    outer loop
      vertex 55.1238 76.4705 171
      vertex 54.7982 77.401 153
      vertex 54.7982 77.401 171
    endloop
  endfacet
  facet normal 0.943882 0.330283 0
    outer loop
      vertex 54.7982 77.401 153
      vertex 55.1238 76.4705 171
      vertex 55.1238 76.4705 153
    endloop
  endfacet
  facet normal 0.943885 -0.330273 0
    outer loop
      vertex 54.7982 3.59897 171
      vertex 55.1238 4.5295 153
      vertex 55.1238 4.5295 171
    endloop
  endfacet
  facet normal 0.943885 -0.330273 0
    outer loop
      vertex 55.1238 4.5295 153
      vertex 54.7982 3.59897 171
      vertex 54.7982 3.59897 153
    endloop
  endfacet
  facet normal 0.900967 0.433887 0
    outer loop
      vertex 54.7982 77.401 171
      vertex 54.5067 78.0063 153
      vertex 54.5067 78.0063 171
    endloop
  endfacet
  facet normal 0.900967 0.433887 0
    outer loop
      vertex 54.5067 78.0063 153
      vertex 54.7982 77.401 171
      vertex 54.7982 77.401 153
    endloop
  endfacet
  facet normal 0.846742 0.532003 0
    outer loop
      vertex 54.5067 78.0063 171
      vertex 53.9822 78.8411 153
      vertex 53.9822 78.8411 171
    endloop
  endfacet
  facet normal 0.846742 0.532003 0
    outer loop
      vertex 53.9822 78.8411 153
      vertex 54.5067 78.0063 171
      vertex 54.5067 78.0063 153
    endloop
  endfacet
  facet normal -0.707104 -0.70711 0
    outer loop
      vertex -52.8663 0.936646 153
      vertex -53.5634 1.63374 171
      vertex -53.5634 1.63374 153
    endloop
  endfacet
  facet normal -0.707104 -0.70711 0
    outer loop
      vertex -53.5634 1.63374 171
      vertex -52.8663 0.936646 153
      vertex -52.8663 0.936646 171
    endloop
  endfacet
  facet normal -0.846725 -0.532031 0
    outer loop
      vertex -53.9822 2.15894 153
      vertex -54.5067 2.99368 171
      vertex -54.5067 2.99368 153
    endloop
  endfacet
  facet normal -0.846725 -0.532031 0
    outer loop
      vertex -54.5067 2.99368 171
      vertex -53.9822 2.15894 153
      vertex -53.9822 2.15894 171
    endloop
  endfacet
  facet normal 0.781855 -0.62346 0
    outer loop
      vertex 53.5634 1.63374 171
      vertex 53.9822 2.15894 153
      vertex 53.9822 2.15894 171
    endloop
  endfacet
  facet normal 0.781855 -0.62346 0
    outer loop
      vertex 53.9822 2.15894 153
      vertex 53.5634 1.63374 171
      vertex 53.5634 1.63374 153
    endloop
  endfacet
  facet normal 0.993718 0.111913 0
    outer loop
      vertex 55.3811 74.8583 171
      vertex 55.2733 75.8155 153
      vertex 55.2733 75.8155 171
    endloop
  endfacet
  facet normal 0.993718 0.111913 0
    outer loop
      vertex 55.2733 75.8155 153
      vertex 55.3811 74.8583 171
      vertex 55.3811 74.8583 153
    endloop
  endfacet
  facet normal 0.330283 0.943882 -0
    outer loop
      vertex 50.901 81.2982 153
      vertex 49.9705 81.6238 171
      vertex 50.901 81.2982 171
    endloop
  endfacet
  facet normal 0.330283 0.943882 0
    outer loop
      vertex 49.9705 81.6238 171
      vertex 50.901 81.2982 153
      vertex 49.9705 81.6238 153
    endloop
  endfacet
  facet normal -0.993718 0.111913 0
    outer loop
      vertex -55.3811 74.8583 153
      vertex -55.2733 75.8155 171
      vertex -55.2733 75.8155 153
    endloop
  endfacet
  facet normal -0.993718 0.111913 0
    outer loop
      vertex -55.2733 75.8155 171
      vertex -55.3811 74.8583 153
      vertex -55.3811 74.8583 171
    endloop
  endfacet
  facet normal -0.900964 -0.433893 0
    outer loop
      vertex -54.5067 2.99368 153
      vertex -54.7982 3.59897 171
      vertex -54.7982 3.59897 153
    endloop
  endfacet
  facet normal -0.900964 -0.433893 0
    outer loop
      vertex -54.7982 3.59897 171
      vertex -54.5067 2.99368 153
      vertex -54.5067 2.99368 171
    endloop
  endfacet
  facet normal 0.99842 -0.0561862 0
    outer loop
      vertex 55.3811 6.14169 171
      vertex 55.4 6.47754 153
      vertex 55.4 6.47754 171
    endloop
  endfacet
  facet normal 0.99842 -0.0561862 0
    outer loop
      vertex 55.4 6.47754 153
      vertex 55.3811 6.14169 171
      vertex 55.3811 6.14169 153
    endloop
  endfacet
  facet normal 0.0561946 0.99842 -0
    outer loop
      vertex 48.3583 81.8811 153
      vertex 48.0225 81.9 171
      vertex 48.3583 81.8811 171
    endloop
  endfacet
  facet normal 0.0561946 0.99842 0
    outer loop
      vertex 48.0225 81.9 171
      vertex 48.3583 81.8811 153
      vertex 48.0225 81.9 153
    endloop
  endfacet
  facet normal 0.707104 -0.70711 0
    outer loop
      vertex 52.8663 0.936646 171
      vertex 53.5634 1.63374 153
      vertex 53.5634 1.63374 171
    endloop
  endfacet
  facet normal 0.707104 -0.70711 0
    outer loop
      vertex 53.5634 1.63374 153
      vertex 52.8663 0.936646 171
      vertex 52.8663 0.936646 153
    endloop
  endfacet
  facet normal 0.532018 -0.846733 0
    outer loop
      vertex 51.5063 -0.00669861 153
      vertex 52.3411 0.517822 171
      vertex 51.5063 -0.00669861 171
    endloop
  endfacet
  facet normal 0.532018 -0.846733 0
    outer loop
      vertex 52.3411 0.517822 171
      vertex 51.5063 -0.00669861 153
      vertex 52.3411 0.517822 153
    endloop
  endfacet
  facet normal 0.993718 -0.111913 0
    outer loop
      vertex 55.2733 5.18449 171
      vertex 55.3811 6.14169 153
      vertex 55.3811 6.14169 171
    endloop
  endfacet
  facet normal 0.993718 -0.111913 0
    outer loop
      vertex 55.3811 6.14169 153
      vertex 55.2733 5.18449 171
      vertex 55.2733 5.18449 153
    endloop
  endfacet
  facet normal -0.993718 -0.111913 0
    outer loop
      vertex -55.2733 5.18449 153
      vertex -55.3811 6.14169 171
      vertex -55.3811 6.14169 153
    endloop
  endfacet
  facet normal -0.993718 -0.111913 0
    outer loop
      vertex -55.3811 6.14169 171
      vertex -55.2733 5.18449 153
      vertex -55.2733 5.18449 171
    endloop
  endfacet
  facet normal 0.222522 0.974928 -0
    outer loop
      vertex 49.9705 81.6238 153
      vertex 49.3155 81.7733 171
      vertex 49.9705 81.6238 171
    endloop
  endfacet
  facet normal 0.222522 0.974928 0
    outer loop
      vertex 49.3155 81.7733 171
      vertex 49.9705 81.6238 153
      vertex 49.3155 81.7733 153
    endloop
  endfacet
  facet normal 0.846725 -0.532031 0
    outer loop
      vertex 53.9822 2.15894 171
      vertex 54.5067 2.99368 153
      vertex 54.5067 2.99368 171
    endloop
  endfacet
  facet normal 0.846725 -0.532031 0
    outer loop
      vertex 54.5067 2.99368 153
      vertex 53.9822 2.15894 171
      vertex 53.9822 2.15894 153
    endloop
  endfacet
  facet normal 0 0 1
    outer loop
      vertex 48.0225 81.9 171
      vertex 55.4 74.5225 171
      vertex 55.3811 74.8583 171
    endloop
  endfacet
  facet normal 0 0 1
    outer loop
      vertex 55.4 74.5225 171
      vertex 7.51379 -0.899994 171
      vertex 55.4 6.47754 171
    endloop
  endfacet
  facet normal 0 0 1
    outer loop
      vertex 48.3583 81.8811 171
      vertex 55.3811 74.8583 171
      vertex 55.2733 75.8155 171
    endloop
  endfacet
  facet normal 0 -0 1
    outer loop
      vertex 48.0225 -0.899994 171
      vertex 55.4 6.47754 171
      vertex 7.51379 -0.899994 171
    endloop
  endfacet
  facet normal 0 0 1
    outer loop
      vertex 48.3583 81.8811 171
      vertex 55.2733 75.8155 171
      vertex 55.1238 76.4705 171
    endloop
  endfacet
  facet normal 0 0 1
    outer loop
      vertex 55.4 6.47754 171
      vertex 48.0225 -0.899994 171
      vertex 55.3811 6.14169 171
    endloop
  endfacet
  facet normal 0 0 1
    outer loop
      vertex 48.3583 81.8811 171
      vertex 55.1238 76.4705 171
      vertex 54.7982 77.401 171
    endloop
  endfacet
  facet normal 0 -0 1
    outer loop
      vertex 48.3583 -0.881134 171
      vertex 55.3811 6.14169 171
      vertex 48.0225 -0.899994 171
    endloop
  endfacet
  facet normal 0 0 1
    outer loop
      vertex 48.3583 81.8811 171
      vertex 54.7982 77.401 171
      vertex 54.5067 78.0063 171
    endloop
  endfacet
  facet normal 0 0 1
    outer loop
      vertex 55.4 74.5225 171
      vertex 48.0225 81.9 171
      vertex 7.51379 -0.899994 171
    endloop
  endfacet
  facet normal 0 0 1
    outer loop
      vertex 48.3583 81.8811 171
      vertex 54.5067 78.0063 171
      vertex 53.9822 78.8411 171
    endloop
  endfacet
  facet normal 0 0 1
    outer loop
      vertex 55.3811 6.14169 171
      vertex 48.3583 -0.881134 171
      vertex 55.2733 5.18449 171
    endloop
  endfacet
  facet normal 0 0 1
    outer loop
      vertex 48.3583 81.8811 171
      vertex 53.9822 78.8411 171
      vertex 53.5634 79.3663 171
    endloop
  endfacet
  facet normal 0 0 1
    outer loop
      vertex 55.1238 4.5295 171
      vertex 48.3583 -0.881134 171
      vertex 54.7982 3.59897 171
    endloop
  endfacet
  facet normal 0 0 1
    outer loop
      vertex 48.3583 81.8811 171
      vertex 53.5634 79.3663 171
      vertex 52.8663 80.0634 171
    endloop
  endfacet
  facet normal 0 0 1
    outer loop
      vertex 54.7982 3.59897 171
      vertex 48.3583 -0.881134 171
      vertex 54.5067 2.99368 171
    endloop
  endfacet
  facet normal 0 0 1
    outer loop
      vertex 48.3583 81.8811 171
      vertex 52.8663 80.0634 171
      vertex 52.3411 80.4822 171
    endloop
  endfacet
  facet normal 0 0 1
    outer loop
      vertex 54.5067 2.99368 171
      vertex 48.3583 -0.881134 171
      vertex 53.9822 2.15894 171
    endloop
  endfacet
  facet normal 0 0 1
    outer loop
      vertex 48.3583 81.8811 171
      vertex 52.3411 80.4822 171
      vertex 51.5063 81.0067 171
    endloop
  endfacet
  facet normal 0 0 1
    outer loop
      vertex 53.9822 2.15894 171
      vertex 48.3583 -0.881134 171
      vertex 53.5634 1.63374 171
    endloop
  endfacet
  facet normal 0 0 1
    outer loop
      vertex 48.3583 81.8811 171
      vertex 51.5063 81.0067 171
      vertex 50.901 81.2982 171
    endloop
  endfacet
  facet normal 0 0 1
    outer loop
      vertex 53.5634 1.63374 171
      vertex 48.3583 -0.881134 171
      vertex 52.8663 0.936646 171
    endloop
  endfacet
  facet normal 0 0 1
    outer loop
      vertex 48.3583 81.8811 171
      vertex 50.901 81.2982 171
      vertex 49.9705 81.6238 171
    endloop
  endfacet
  facet normal 0 0 1
    outer loop
      vertex 52.8663 0.936646 171
      vertex 48.3583 -0.881134 171
      vertex 52.3411 0.517822 171
    endloop
  endfacet
  facet normal 0 0 1
    outer loop
      vertex 48.3583 81.8811 171
      vertex 49.9705 81.6238 171
      vertex 49.3155 81.7733 171
    endloop
  endfacet
  facet normal 0 0 1
    outer loop
      vertex 52.3411 0.517822 171
      vertex 48.3583 -0.881134 171
      vertex 51.5063 -0.00669861 171
    endloop
  endfacet
  facet normal 0 0 1
    outer loop
      vertex 55.3811 74.8583 171
      vertex 48.3583 81.8811 171
      vertex 48.0225 81.9 171
    endloop
  endfacet
  facet normal 0 0 1
    outer loop
      vertex 51.5063 -0.00669861 171
      vertex 48.3583 -0.881134 171
      vertex 50.901 -0.298203 171
    endloop
  endfacet
  facet normal 0 0 1
    outer loop
      vertex 50.901 -0.298203 171
      vertex 48.3583 -0.881134 171
      vertex 49.9705 -0.62381 171
    endloop
  endfacet
  facet normal 0 0 1
    outer loop
      vertex 49.9705 -0.62381 171
      vertex 48.3583 -0.881134 171
      vertex 49.3155 -0.7733 171
    endloop
  endfacet
  facet normal 0 0 1
    outer loop
      vertex 55.2733 5.18449 171
      vertex 48.3583 -0.881134 171
      vertex 55.1238 4.5295 171
    endloop
  endfacet
  facet normal 0 0 1
    outer loop
      vertex 7.51379 -0.899994 171
      vertex 6.5 -22.7583 171
      vertex 7.26951 -22.2775 171
    endloop
  endfacet
  facet normal 0 0 1
    outer loop
      vertex 7.51379 -0.899994 171
      vertex 5.69882 -23.1843 171
      vertex 6.5 -22.7583 171
    endloop
  endfacet
  facet normal 0 0 1
    outer loop
      vertex 7.51379 -0.899994 171
      vertex 4.86989 -23.5534 171
      vertex 5.69882 -23.1843 171
    endloop
  endfacet
  facet normal 0 0 1
    outer loop
      vertex 7.51379 -0.899994 171
      vertex 4.01722 -23.8637 171
      vertex 4.86989 -23.5534 171
    endloop
  endfacet
  facet normal 0 0 1
    outer loop
      vertex 7.51379 -0.899994 171
      vertex 3.14498 -24.1138 171
      vertex 4.01722 -23.8637 171
    endloop
  endfacet
  facet normal 0 0 1
    outer loop
      vertex 7.51379 -0.899994 171
      vertex 2.25743 -24.3025 171
      vertex 3.14498 -24.1138 171
    endloop
  endfacet
  facet normal 0 0 1
    outer loop
      vertex 7.51379 -0.899994 171
      vertex 1.35887 -24.4288 171
      vertex 2.25743 -24.3025 171
    endloop
  endfacet
  facet normal 0 0 1
    outer loop
      vertex 7.51379 -0.899994 171
      vertex 0.453693 -24.4921 171
      vertex 1.35887 -24.4288 171
    endloop
  endfacet
  facet normal 0 0 1
    outer loop
      vertex 7.51379 -0.899994 171
      vertex -0.453693 -24.4921 171
      vertex 0.453693 -24.4921 171
    endloop
  endfacet
  facet normal 0 0 1
    outer loop
      vertex 7.51379 -0.899994 171
      vertex -1.35887 -24.4288 171
      vertex -0.453693 -24.4921 171
    endloop
  endfacet
  facet normal 0 0 1
    outer loop
      vertex 7.51379 -0.899994 171
      vertex -2.25743 -24.3025 171
      vertex -1.35887 -24.4288 171
    endloop
  endfacet
  facet normal 0 0 1
    outer loop
      vertex 7.51379 -0.899994 171
      vertex -3.14498 -24.1138 171
      vertex -2.25743 -24.3025 171
    endloop
  endfacet
  facet normal 0 0 1
    outer loop
      vertex 7.51379 -0.899994 171
      vertex -4.01722 -23.8637 171
      vertex -3.14498 -24.1138 171
    endloop
  endfacet
  facet normal 0 0 1
    outer loop
      vertex -7.51379 -0.899994 171
      vertex 7.51379 -0.899994 171
      vertex 48.0225 81.9 171
    endloop
  endfacet
  facet normal 0 0 1
    outer loop
      vertex 7.51379 -0.899994 171
      vertex -7.51379 -0.899994 171
      vertex -4.01722 -23.8637 171
    endloop
  endfacet
  facet normal 0 0 1
    outer loop
      vertex -4.01722 -23.8637 171
      vertex -7.51379 -0.899994 171
      vertex -4.86989 -23.5534 171
    endloop
  endfacet
  facet normal 0 0 1
    outer loop
      vertex -4.86989 -23.5534 171
      vertex -7.51379 -0.899994 171
      vertex -5.69882 -23.1843 171
    endloop
  endfacet
  facet normal 0 0 1
    outer loop
      vertex -5.69882 -23.1843 171
      vertex -7.51379 -0.899994 171
      vertex -6.5 -22.7583 171
    endloop
  endfacet
  facet normal 0 0 1
    outer loop
      vertex -6.5 -22.7583 171
      vertex -7.51379 -0.899994 171
      vertex -7.26951 -22.2775 171
    endloop
  endfacet
  facet normal -0 0 1
    outer loop
      vertex -48.0225 81.9 171
      vertex -7.51379 -0.899994 171
      vertex 48.0225 81.9 171
    endloop
  endfacet
  facet normal -0 0 1
    outer loop
      vertex -55.4 74.5225 171
      vertex -7.51379 -0.899994 171
      vertex -48.0225 81.9 171
    endloop
  endfacet
  facet normal 0 0 1
    outer loop
      vertex -55.4 74.5225 171
      vertex -48.0225 81.9 171
      vertex -48.3583 81.8811 171
    endloop
  endfacet
  facet normal -0 0 1
    outer loop
      vertex -55.4 6.47754 171
      vertex -7.51379 -0.899994 171
      vertex -55.4 74.5225 171
    endloop
  endfacet
  facet normal 0 0 1
    outer loop
      vertex -55.3811 74.8583 171
      vertex -48.3583 81.8811 171
      vertex -49.3155 81.7733 171
    endloop
  endfacet
  facet normal 0 0 1
    outer loop
      vertex -7.51379 -0.899994 171
      vertex -55.4 6.47754 171
      vertex -48.0225 -0.899994 171
    endloop
  endfacet
  facet normal 0 0 1
    outer loop
      vertex -55.3811 74.8583 171
      vertex -49.3155 81.7733 171
      vertex -49.9705 81.6238 171
    endloop
  endfacet
  facet normal 0 0 1
    outer loop
      vertex -48.0225 -0.899994 171
      vertex -55.4 6.47754 171
      vertex -48.3583 -0.881134 171
    endloop
  endfacet
  facet normal 0 0 1
    outer loop
      vertex -55.3811 74.8583 171
      vertex -49.9705 81.6238 171
      vertex -50.901 81.2982 171
    endloop
  endfacet
  facet normal -0 -0 1
    outer loop
      vertex -55.3811 6.14169 171
      vertex -48.3583 -0.881134 171
      vertex -55.4 6.47754 171
    endloop
  endfacet
  facet normal 0 0 1
    outer loop
      vertex -55.3811 74.8583 171
      vertex -50.901 81.2982 171
      vertex -51.5063 81.0067 171
    endloop
  endfacet
  facet normal 0 0 1
    outer loop
      vertex -48.3583 -0.881134 171
      vertex -55.3811 6.14169 171
      vertex -49.3155 -0.7733 171
    endloop
  endfacet
  facet normal 0 0 1
    outer loop
      vertex -55.3811 74.8583 171
      vertex -51.5063 81.0067 171
      vertex -52.3411 80.4822 171
    endloop
  endfacet
  facet normal 0 0 1
    outer loop
      vertex -49.3155 -0.7733 171
      vertex -55.3811 6.14169 171
      vertex -49.9705 -0.62381 171
    endloop
  endfacet
  facet normal 0 0 1
    outer loop
      vertex -55.3811 74.8583 171
      vertex -52.3411 80.4822 171
      vertex -52.8663 80.0634 171
    endloop
  endfacet
  facet normal 0 0 1
    outer loop
      vertex -49.9705 -0.62381 171
      vertex -55.3811 6.14169 171
      vertex -50.901 -0.298203 171
    endloop
  endfacet
  facet normal 0 0 1
    outer loop
      vertex -55.3811 74.8583 171
      vertex -52.8663 80.0634 171
      vertex -53.5634 79.3663 171
    endloop
  endfacet
  facet normal 0 0 1
    outer loop
      vertex -50.901 -0.298203 171
      vertex -55.3811 6.14169 171
      vertex -51.5063 -0.00669861 171
    endloop
  endfacet
  facet normal 0 0 1
    outer loop
      vertex -55.3811 74.8583 171
      vertex -53.5634 79.3663 171
      vertex -53.9822 78.8411 171
    endloop
  endfacet
  facet normal 0 0 1
    outer loop
      vertex -51.5063 -0.00669861 171
      vertex -55.3811 6.14169 171
      vertex -52.3411 0.517822 171
    endloop
  endfacet
  facet normal 0 0 1
    outer loop
      vertex -55.3811 74.8583 171
      vertex -53.9822 78.8411 171
      vertex -54.5067 78.0063 171
    endloop
  endfacet
  facet normal 0 0 1
    outer loop
      vertex -52.3411 0.517822 171
      vertex -55.3811 6.14169 171
      vertex -52.8663 0.936646 171
    endloop
  endfacet
  facet normal 0 0 1
    outer loop
      vertex -55.3811 74.8583 171
      vertex -54.5067 78.0063 171
      vertex -54.7982 77.401 171
    endloop
  endfacet
  facet normal 0 0 1
    outer loop
      vertex -52.8663 0.936646 171
      vertex -55.3811 6.14169 171
      vertex -53.5634 1.63374 171
    endloop
  endfacet
  facet normal 0 0 1
    outer loop
      vertex -55.3811 74.8583 171
      vertex -54.7982 77.401 171
      vertex -55.1238 76.4705 171
    endloop
  endfacet
  facet normal 0 0 1
    outer loop
      vertex -53.5634 1.63374 171
      vertex -55.3811 6.14169 171
      vertex -53.9822 2.15894 171
    endloop
  endfacet
  facet normal 0 0 1
    outer loop
      vertex -55.3811 74.8583 171
      vertex -55.1238 76.4705 171
      vertex -55.2733 75.8155 171
    endloop
  endfacet
  facet normal 0 0 1
    outer loop
      vertex -53.9822 2.15894 171
      vertex -55.3811 6.14169 171
      vertex -54.5067 2.99368 171
    endloop
  endfacet
  facet normal 0 0 1
    outer loop
      vertex -48.3583 81.8811 171
      vertex -55.3811 74.8583 171
      vertex -55.4 74.5225 171
    endloop
  endfacet
  facet normal 0 0 1
    outer loop
      vertex -54.5067 2.99368 171
      vertex -55.3811 6.14169 171
      vertex -54.7982 3.59897 171
    endloop
  endfacet
  facet normal 0 0 1
    outer loop
      vertex -54.7982 3.59897 171
      vertex -55.3811 6.14169 171
      vertex -55.1238 4.5295 171
    endloop
  endfacet
  facet normal 0 0 1
    outer loop
      vertex -55.1238 4.5295 171
      vertex -55.3811 6.14169 171
      vertex -55.2733 5.18449 171
    endloop
  endfacet
  facet normal 0 0 1
    outer loop
      vertex 12.9683 -10.5932 171
      vertex 12.9683 -12.4068 171
      vertex 13 -11.5 171
    endloop
  endfacet
  facet normal 0 0 1
    outer loop
      vertex 12.8735 -9.69075 171
      vertex 12.9683 -12.4068 171
      vertex 12.9683 -10.5932 171
    endloop
  endfacet
  facet normal 0 0 1
    outer loop
      vertex 12.8735 -9.69075 171
      vertex 12.8735 -13.3092 171
      vertex 12.9683 -12.4068 171
    endloop
  endfacet
  facet normal 0 0 1
    outer loop
      vertex 12.7159 -8.79715 171
      vertex 12.8735 -13.3092 171
      vertex 12.8735 -9.69075 171
    endloop
  endfacet
  facet normal 0 0 1
    outer loop
      vertex 12.7159 -8.79715 171
      vertex 12.7159 -14.2029 171
      vertex 12.8735 -13.3092 171
    endloop
  endfacet
  facet normal 0 0 1
    outer loop
      vertex 12.4964 -7.91671 171
      vertex 12.7159 -14.2029 171
      vertex 12.7159 -8.79715 171
    endloop
  endfacet
  facet normal 0 0 1
    outer loop
      vertex 12.4964 -7.91671 171
      vertex 12.4964 -15.0833 171
      vertex 12.7159 -14.2029 171
    endloop
  endfacet
  facet normal 0 0 1
    outer loop
      vertex 12.216 -7.05374 171
      vertex 12.4964 -15.0833 171
      vertex 12.4964 -7.91671 171
    endloop
  endfacet
  facet normal 0 0 1
    outer loop
      vertex 12.216 -7.05374 171
      vertex 12.216 -15.9463 171
      vertex 12.4964 -15.0833 171
    endloop
  endfacet
  facet normal 0 0 1
    outer loop
      vertex 11.8761 -6.21242 171
      vertex 12.216 -15.9463 171
      vertex 12.216 -7.05374 171
    endloop
  endfacet
  facet normal 0 0 1
    outer loop
      vertex 11.8761 -6.21242 171
      vertex 11.8761 -16.7876 171
      vertex 12.216 -15.9463 171
    endloop
  endfacet
  facet normal 0 0 1
    outer loop
      vertex 11.4783 -5.39687 171
      vertex 11.8761 -16.7876 171
      vertex 11.8761 -6.21242 171
    endloop
  endfacet
  facet normal 0 0 1
    outer loop
      vertex 11.4783 -5.39687 171
      vertex 11.4783 -17.6031 171
      vertex 11.8761 -16.7876 171
    endloop
  endfacet
  facet normal 0 0 1
    outer loop
      vertex 11.0246 -4.61105 171
      vertex 11.4783 -17.6031 171
      vertex 11.4783 -5.39687 171
    endloop
  endfacet
  facet normal 0 0 1
    outer loop
      vertex 11.0246 -4.61105 171
      vertex 11.0246 -18.389 171
      vertex 11.4783 -17.6031 171
    endloop
  endfacet
  facet normal 0 0 1
    outer loop
      vertex 10.5172 -3.85879 171
      vertex 11.0246 -18.389 171
      vertex 11.0246 -4.61105 171
    endloop
  endfacet
  facet normal 0 0 1
    outer loop
      vertex 10.5172 -3.85879 171
      vertex 10.5172 -19.1412 171
      vertex 11.0246 -18.389 171
    endloop
  endfacet
  facet normal 0 0 1
    outer loop
      vertex 9.95858 -3.14376 171
      vertex 10.5172 -19.1412 171
      vertex 10.5172 -3.85879 171
    endloop
  endfacet
  facet normal 0 0 1
    outer loop
      vertex 9.95858 -3.14376 171
      vertex 9.95858 -19.8562 171
      vertex 10.5172 -19.1412 171
    endloop
  endfacet
  facet normal 0 0 1
    outer loop
      vertex 9.35142 -2.46944 171
      vertex 9.95858 -19.8562 171
      vertex 9.95858 -3.14376 171
    endloop
  endfacet
  facet normal 0 0 1
    outer loop
      vertex 9.35142 -2.46944 171
      vertex 9.35142 -20.5306 171
      vertex 9.95858 -19.8562 171
    endloop
  endfacet
  facet normal 0 0 1
    outer loop
      vertex 8.6987 -1.83912 171
      vertex 9.35142 -20.5306 171
      vertex 9.35142 -2.46944 171
    endloop
  endfacet
  facet normal 0 0 1
    outer loop
      vertex 8.6987 -1.83912 171
      vertex 8.6987 -21.1609 171
      vertex 9.35142 -20.5306 171
    endloop
  endfacet
  facet normal 0 0 1
    outer loop
      vertex 7.51379 -0.899994 171
      vertex 8.6987 -1.83912 171
      vertex 8.0036 -1.25586 171
    endloop
  endfacet
  facet normal 0 0 1
    outer loop
      vertex 8.6987 -1.83912 171
      vertex 7.51379 -0.899994 171
      vertex 8.6987 -21.1609 171
    endloop
  endfacet
  facet normal 0 0 1
    outer loop
      vertex 8.6987 -21.1609 171
      vertex 7.51379 -0.899994 171
      vertex 8.0036 -21.7441 171
    endloop
  endfacet
  facet normal 0 0 1
    outer loop
      vertex 8.0036 -21.7441 171
      vertex 7.51379 -0.899994 171
      vertex 7.26951 -22.2775 171
    endloop
  endfacet
  facet normal 0 0 1
    outer loop
      vertex -8.6987 -1.83912 171
      vertex -7.51379 -0.899994 171
      vertex -8.0036 -1.25586 171
    endloop
  endfacet
  facet normal 0 0 1
    outer loop
      vertex -7.51379 -0.899994 171
      vertex -8.0036 -21.7441 171
      vertex -7.26951 -22.2775 171
    endloop
  endfacet
  facet normal 0 0 1
    outer loop
      vertex -7.51379 -0.899994 171
      vertex -8.6987 -1.83912 171
      vertex -8.0036 -21.7441 171
    endloop
  endfacet
  facet normal 0 0 1
    outer loop
      vertex -8.6987 -1.83912 171
      vertex -8.6987 -21.1609 171
      vertex -8.0036 -21.7441 171
    endloop
  endfacet
  facet normal -0 0 1
    outer loop
      vertex -9.35142 -2.46944 171
      vertex -8.6987 -21.1609 171
      vertex -8.6987 -1.83912 171
    endloop
  endfacet
  facet normal 0 0 1
    outer loop
      vertex -9.35142 -2.46944 171
      vertex -9.35142 -20.5306 171
      vertex -8.6987 -21.1609 171
    endloop
  endfacet
  facet normal -0 0 1
    outer loop
      vertex -9.95858 -3.14376 171
      vertex -9.35142 -20.5306 171
      vertex -9.35142 -2.46944 171
    endloop
  endfacet
  facet normal 0 0 1
    outer loop
      vertex -9.95858 -3.14376 171
      vertex -9.95858 -19.8562 171
      vertex -9.35142 -20.5306 171
    endloop
  endfacet
  facet normal -0 0 1
    outer loop
      vertex -10.5172 -3.85879 171
      vertex -9.95858 -19.8562 171
      vertex -9.95858 -3.14376 171
    endloop
  endfacet
  facet normal 0 0 1
    outer loop
      vertex -10.5172 -3.85879 171
      vertex -10.5172 -19.1412 171
      vertex -9.95858 -19.8562 171
    endloop
  endfacet
  facet normal -0 0 1
    outer loop
      vertex -11.0246 -4.61105 171
      vertex -10.5172 -19.1412 171
      vertex -10.5172 -3.85879 171
    endloop
  endfacet
  facet normal 0 0 1
    outer loop
      vertex -11.0246 -4.61105 171
      vertex -11.0246 -18.389 171
      vertex -10.5172 -19.1412 171
    endloop
  endfacet
  facet normal -0 0 1
    outer loop
      vertex -11.4783 -5.39687 171
      vertex -11.0246 -18.389 171
      vertex -11.0246 -4.61105 171
    endloop
  endfacet
  facet normal 0 0 1
    outer loop
      vertex -11.4783 -5.39687 171
      vertex -11.4783 -17.6031 171
      vertex -11.0246 -18.389 171
    endloop
  endfacet
  facet normal -0 0 1
    outer loop
      vertex -11.8761 -6.21242 171
      vertex -11.4783 -17.6031 171
      vertex -11.4783 -5.39687 171
    endloop
  endfacet
  facet normal 0 0 1
    outer loop
      vertex -11.8761 -6.21242 171
      vertex -11.8761 -16.7876 171
      vertex -11.4783 -17.6031 171
    endloop
  endfacet
  facet normal -0 0 1
    outer loop
      vertex -12.216 -7.05374 171
      vertex -11.8761 -16.7876 171
      vertex -11.8761 -6.21242 171
    endloop
  endfacet
  facet normal 0 0 1
    outer loop
      vertex -12.216 -7.05374 171
      vertex -12.216 -15.9463 171
      vertex -11.8761 -16.7876 171
    endloop
  endfacet
  facet normal -0 0 1
    outer loop
      vertex -12.4964 -7.91671 171
      vertex -12.216 -15.9463 171
      vertex -12.216 -7.05374 171
    endloop
  endfacet
  facet normal 0 0 1
    outer loop
      vertex -12.4964 -7.91671 171
      vertex -12.4964 -15.0833 171
      vertex -12.216 -15.9463 171
    endloop
  endfacet
  facet normal -0 0 1
    outer loop
      vertex -12.7159 -8.79715 171
      vertex -12.4964 -15.0833 171
      vertex -12.4964 -7.91671 171
    endloop
  endfacet
  facet normal 0 0 1
    outer loop
      vertex -12.7159 -8.79715 171
      vertex -12.7159 -14.2029 171
      vertex -12.4964 -15.0833 171
    endloop
  endfacet
  facet normal -0 0 1
    outer loop
      vertex -12.8735 -9.69075 171
      vertex -12.7159 -14.2029 171
      vertex -12.7159 -8.79715 171
    endloop
  endfacet
  facet normal 0 0 1
    outer loop
      vertex -12.8735 -9.69075 171
      vertex -12.8735 -13.3092 171
      vertex -12.7159 -14.2029 171
    endloop
  endfacet
  facet normal -0 0 1
    outer loop
      vertex -12.9683 -10.5932 171
      vertex -12.8735 -13.3092 171
      vertex -12.8735 -9.69075 171
    endloop
  endfacet
  facet normal 0 0 1
    outer loop
      vertex -12.9683 -10.5932 171
      vertex -12.9683 -12.4068 171
      vertex -12.8735 -13.3092 171
    endloop
  endfacet
  facet normal 0 -0 1
    outer loop
      vertex -12.9683 -12.4068 171
      vertex -12.9683 -10.5932 171
      vertex -13 -11.5 171
    endloop
  endfacet
  facet normal 0.330289 -0.94388 0
    outer loop
      vertex 49.9705 -0.62381 153
      vertex 50.901 -0.298203 171
      vertex 49.9705 -0.62381 171
    endloop
  endfacet
  facet normal 0.330289 -0.94388 0
    outer loop
      vertex 50.901 -0.298203 171
      vertex 49.9705 -0.62381 153
      vertex 50.901 -0.298203 153
    endloop
  endfacet
  facet normal 0 0 -1
    outer loop
      vertex 52.4 6.47754 153
      vertex 55.4 6.47754 153
      vertex 55.3811 6.14169 153
    endloop
  endfacet
  facet normal 0 0 -1
    outer loop
      vertex 55.4 6.47754 153
      vertex 52.4 6.47754 153
      vertex 55.4 74.5225 153
    endloop
  endfacet
  facet normal 0 0 -1
    outer loop
      vertex 52.4 6.47754 153
      vertex 55.3811 6.14169 153
      vertex 55.2733 5.18449 153
    endloop
  endfacet
  facet normal 0 0 -1
    outer loop
      vertex 52.4 74.5225 153
      vertex 55.4 74.5225 153
      vertex 52.4 6.47754 153
    endloop
  endfacet
  facet normal 0 0 -1
    outer loop
      vertex 52.2922 5.52034 153
      vertex 55.2733 5.18449 153
      vertex 55.1238 4.5295 153
    endloop
  endfacet
  facet normal 0 0 -1
    outer loop
      vertex 55.4 74.5225 153
      vertex 52.4 74.5225 153
      vertex 55.3811 74.8583 153
    endloop
  endfacet
  facet normal 0 0 -1
    outer loop
      vertex 52.2922 5.52034 153
      vertex 55.1238 4.5295 153
      vertex 54.7982 3.59897 153
    endloop
  endfacet
  facet normal -0 0 -1
    outer loop
      vertex 55.3811 74.8583 153
      vertex 52.4 74.5225 153
      vertex 55.2733 75.8155 153
    endloop
  endfacet
  facet normal 0 0 -1
    outer loop
      vertex 51.9666 4.58981 153
      vertex 54.7982 3.59897 153
      vertex 54.5067 2.99368 153
    endloop
  endfacet
  facet normal 0 0 -1
    outer loop
      vertex 52.2922 75.4797 153
      vertex 55.2733 75.8155 153
      vertex 52.4 74.5225 153
    endloop
  endfacet
  facet normal 0 0 -1
    outer loop
      vertex 51.9666 4.58981 153
      vertex 54.5067 2.99368 153
      vertex 53.9822 2.15894 153
    endloop
  endfacet
  facet normal -0 0 -1
    outer loop
      vertex 55.2733 75.8155 153
      vertex 52.2922 75.4797 153
      vertex 55.1238 76.4705 153
    endloop
  endfacet
  facet normal 0 0 -1
    outer loop
      vertex 51.442 3.75507 153
      vertex 53.9822 2.15894 153
      vertex 53.5634 1.63374 153
    endloop
  endfacet
  facet normal -0 0 -1
    outer loop
      vertex 55.1238 76.4705 153
      vertex 52.2922 75.4797 153
      vertex 54.7982 77.401 153
    endloop
  endfacet
  facet normal 0 0 -1
    outer loop
      vertex 51.442 3.75507 153
      vertex 53.5634 1.63374 153
      vertex 52.8663 0.936646 153
    endloop
  endfacet
  facet normal 0 0 -1
    outer loop
      vertex 51.9666 76.4102 153
      vertex 54.7982 77.401 153
      vertex 52.2922 75.4797 153
    endloop
  endfacet
  facet normal -0 0 -1
    outer loop
      vertex 54.7982 77.401 153
      vertex 51.9666 76.4102 153
      vertex 54.5067 78.0063 153
    endloop
  endfacet
  facet normal 0 0 -1
    outer loop
      vertex 50.7449 3.05797 153
      vertex 52.8663 0.936646 153
      vertex 52.3411 0.517822 153
    endloop
  endfacet
  facet normal 0 0 -1
    outer loop
      vertex 55.2733 5.18449 153
      vertex 52.2922 5.52034 153
      vertex 52.4 6.47754 153
    endloop
  endfacet
  facet normal 0 0 -1
    outer loop
      vertex 54.7982 3.59897 153
      vertex 51.9666 4.58981 153
      vertex 52.2922 5.52034 153
    endloop
  endfacet
  facet normal 0 0 -1
    outer loop
      vertex 50.7449 3.05797 153
      vertex 52.3411 0.517822 153
      vertex 51.5063 -0.00669861 153
    endloop
  endfacet
  facet normal 0 0 -1
    outer loop
      vertex 53.9822 2.15894 153
      vertex 51.442 3.75507 153
      vertex 51.9666 4.58981 153
    endloop
  endfacet
  facet normal 0 0 -1
    outer loop
      vertex 49.9102 2.53345 153
      vertex 51.5063 -0.00669861 153
      vertex 50.901 -0.298203 153
    endloop
  endfacet
  facet normal 0 0 -1
    outer loop
      vertex 52.8663 0.936646 153
      vertex 50.7449 3.05797 153
      vertex 51.442 3.75507 153
    endloop
  endfacet
  facet normal 0 0 -1
    outer loop
      vertex 49.9102 2.53345 153
      vertex 50.901 -0.298203 153
      vertex 49.9705 -0.62381 153
    endloop
  endfacet
  facet normal 0 0 -1
    outer loop
      vertex 51.5063 -0.00669861 153
      vertex 49.9102 2.53345 153
      vertex 50.7449 3.05797 153
    endloop
  endfacet
  facet normal 0 0 -1
    outer loop
      vertex 48.9797 2.20784 153
      vertex 49.9705 -0.62381 153
      vertex 49.3155 -0.7733 153
    endloop
  endfacet
  facet normal 0 0 -1
    outer loop
      vertex 49.9705 -0.62381 153
      vertex 48.9797 2.20784 153
      vertex 49.9102 2.53345 153
    endloop
  endfacet
  facet normal 0 0 -1
    outer loop
      vertex 48.3583 -0.881134 153
      vertex 48.9797 2.20784 153
      vertex 49.3155 -0.7733 153
    endloop
  endfacet
  facet normal 0 0 -1
    outer loop
      vertex 48.0225 2.10001 153
      vertex 48.3583 -0.881134 153
      vertex 48.0225 -0.899994 153
    endloop
  endfacet
  facet normal 0 0 -1
    outer loop
      vertex 48.3583 -0.881134 153
      vertex 48.0225 2.10001 153
      vertex 48.9797 2.20784 153
    endloop
  endfacet
  facet normal 0 0 -1
    outer loop
      vertex -48.0225 -0.899994 153
      vertex 48.0225 2.10001 153
      vertex 48.0225 -0.899994 153
    endloop
  endfacet
  facet normal 0 0 -1
    outer loop
      vertex -48.0225 -0.899994 153
      vertex -48.0225 2.10001 153
      vertex 48.0225 2.10001 153
    endloop
  endfacet
  facet normal 0 0 -1
    outer loop
      vertex -48.3583 -0.881134 153
      vertex -48.0225 2.10001 153
      vertex -48.0225 -0.899994 153
    endloop
  endfacet
  facet normal 0 0 -1
    outer loop
      vertex -48.3583 -0.881134 153
      vertex -48.9797 2.20784 153
      vertex -48.0225 2.10001 153
    endloop
  endfacet
  facet normal 0 0 -1
    outer loop
      vertex -49.3155 -0.7733 153
      vertex -48.9797 2.20784 153
      vertex -48.3583 -0.881134 153
    endloop
  endfacet
  facet normal 0 0 -1
    outer loop
      vertex -49.9705 -0.62381 153
      vertex -48.9797 2.20784 153
      vertex -49.3155 -0.7733 153
    endloop
  endfacet
  facet normal -0 0 -1
    outer loop
      vertex -48.9797 2.20784 153
      vertex -49.9705 -0.62381 153
      vertex -49.9102 2.53345 153
    endloop
  endfacet
  facet normal 0 0 -1
    outer loop
      vertex -50.901 -0.298203 153
      vertex -49.9102 2.53345 153
      vertex -49.9705 -0.62381 153
    endloop
  endfacet
  facet normal 0 0 -1
    outer loop
      vertex -51.5063 -0.00669861 153
      vertex -49.9102 2.53345 153
      vertex -50.901 -0.298203 153
    endloop
  endfacet
  facet normal -0 0 -1
    outer loop
      vertex -49.9102 2.53345 153
      vertex -51.5063 -0.00669861 153
      vertex -50.7449 3.05797 153
    endloop
  endfacet
  facet normal 0 0 -1
    outer loop
      vertex -52.3411 0.517822 153
      vertex -50.7449 3.05797 153
      vertex -51.5063 -0.00669861 153
    endloop
  endfacet
  facet normal 0 0 -1
    outer loop
      vertex -52.8663 0.936646 153
      vertex -50.7449 3.05797 153
      vertex -52.3411 0.517822 153
    endloop
  endfacet
  facet normal -0 0 -1
    outer loop
      vertex -50.7449 3.05797 153
      vertex -52.8663 0.936646 153
      vertex -51.442 3.75507 153
    endloop
  endfacet
  facet normal 0 0 -1
    outer loop
      vertex -53.5634 1.63374 153
      vertex -51.442 3.75507 153
      vertex -52.8663 0.936646 153
    endloop
  endfacet
  facet normal 0 0 -1
    outer loop
      vertex -53.9822 2.15894 153
      vertex -51.442 3.75507 153
      vertex -53.5634 1.63374 153
    endloop
  endfacet
  facet normal 0 0 -1
    outer loop
      vertex -54.5067 2.99368 153
      vertex -51.9666 4.58981 153
      vertex -53.9822 2.15894 153
    endloop
  endfacet
  facet normal -0 0 -1
    outer loop
      vertex -51.442 3.75507 153
      vertex -53.9822 2.15894 153
      vertex -51.9666 4.58981 153
    endloop
  endfacet
  facet normal -0 0 -1
    outer loop
      vertex 54.5067 78.0063 153
      vertex 51.9666 76.4102 153
      vertex 53.9822 78.8411 153
    endloop
  endfacet
  facet normal 0 0 -1
    outer loop
      vertex 51.442 77.2449 153
      vertex 53.9822 78.8411 153
      vertex 51.9666 76.4102 153
    endloop
  endfacet
  facet normal -0 0 -1
    outer loop
      vertex 53.9822 78.8411 153
      vertex 51.442 77.2449 153
      vertex 53.5634 79.3663 153
    endloop
  endfacet
  facet normal -0 0 -1
    outer loop
      vertex 53.5634 79.3663 153
      vertex 51.442 77.2449 153
      vertex 52.8663 80.0634 153
    endloop
  endfacet
  facet normal 0 0 -1
    outer loop
      vertex 50.7449 77.942 153
      vertex 52.8663 80.0634 153
      vertex 51.442 77.2449 153
    endloop
  endfacet
  facet normal -0 0 -1
    outer loop
      vertex 52.8663 80.0634 153
      vertex 50.7449 77.942 153
      vertex 52.3411 80.4822 153
    endloop
  endfacet
  facet normal -0 0 -1
    outer loop
      vertex 52.3411 80.4822 153
      vertex 50.7449 77.942 153
      vertex 51.5063 81.0067 153
    endloop
  endfacet
  facet normal 0 0 -1
    outer loop
      vertex 49.9102 78.4666 153
      vertex 51.5063 81.0067 153
      vertex 50.7449 77.942 153
    endloop
  endfacet
  facet normal -0 0 -1
    outer loop
      vertex 51.5063 81.0067 153
      vertex 49.9102 78.4666 153
      vertex 50.901 81.2982 153
    endloop
  endfacet
  facet normal -0 0 -1
    outer loop
      vertex 50.901 81.2982 153
      vertex 49.9102 78.4666 153
      vertex 49.9705 81.6238 153
    endloop
  endfacet
  facet normal 0 0 -1
    outer loop
      vertex 48.9797 78.7922 153
      vertex 49.9705 81.6238 153
      vertex 49.9102 78.4666 153
    endloop
  endfacet
  facet normal -0 0 -1
    outer loop
      vertex 49.9705 81.6238 153
      vertex 48.9797 78.7922 153
      vertex 49.3155 81.7733 153
    endloop
  endfacet
  facet normal 0 0 -1
    outer loop
      vertex 48.9797 78.7922 153
      vertex 48.3583 81.8811 153
      vertex 49.3155 81.7733 153
    endloop
  endfacet
  facet normal 0 0 -1
    outer loop
      vertex 48.0225 78.9 153
      vertex 48.3583 81.8811 153
      vertex 48.9797 78.7922 153
    endloop
  endfacet
  facet normal 0 0 -1
    outer loop
      vertex 48.0225 78.9 153
      vertex 48.0225 81.9 153
      vertex 48.3583 81.8811 153
    endloop
  endfacet
  facet normal 0 0 -1
    outer loop
      vertex -48.0225 78.9 153
      vertex 48.0225 81.9 153
      vertex 48.0225 78.9 153
    endloop
  endfacet
  facet normal 0 0 -1
    outer loop
      vertex -48.0225 78.9 153
      vertex -48.0225 81.9 153
      vertex 48.0225 81.9 153
    endloop
  endfacet
  facet normal 0 0 -1
    outer loop
      vertex -48.0225 78.9 153
      vertex -48.3583 81.8811 153
      vertex -48.0225 81.9 153
    endloop
  endfacet
  facet normal 0 0 -1
    outer loop
      vertex -48.9797 78.7922 153
      vertex -48.3583 81.8811 153
      vertex -48.0225 78.9 153
    endloop
  endfacet
  facet normal 0 0 -1
    outer loop
      vertex -48.9797 78.7922 153
      vertex -49.3155 81.7733 153
      vertex -48.3583 81.8811 153
    endloop
  endfacet
  facet normal 0 0 -1
    outer loop
      vertex -49.9705 81.6238 153
      vertex -48.9797 78.7922 153
      vertex -49.9102 78.4666 153
    endloop
  endfacet
  facet normal 0 0 -1
    outer loop
      vertex -48.9797 78.7922 153
      vertex -49.9705 81.6238 153
      vertex -49.3155 81.7733 153
    endloop
  endfacet
  facet normal 0 0 -1
    outer loop
      vertex -51.5063 81.0067 153
      vertex -49.9102 78.4666 153
      vertex -50.7449 77.942 153
    endloop
  endfacet
  facet normal 0 0 -1
    outer loop
      vertex -49.9102 78.4666 153
      vertex -50.901 81.2982 153
      vertex -49.9705 81.6238 153
    endloop
  endfacet
  facet normal 0 0 -1
    outer loop
      vertex -52.8663 80.0634 153
      vertex -50.7449 77.942 153
      vertex -51.442 77.2449 153
    endloop
  endfacet
  facet normal 0 0 -1
    outer loop
      vertex -49.9102 78.4666 153
      vertex -51.5063 81.0067 153
      vertex -50.901 81.2982 153
    endloop
  endfacet
  facet normal 0 0 -1
    outer loop
      vertex -53.9822 78.8411 153
      vertex -51.442 77.2449 153
      vertex -51.9666 76.4102 153
    endloop
  endfacet
  facet normal 0 0 -1
    outer loop
      vertex -54.7982 77.401 153
      vertex -51.9666 76.4102 153
      vertex -52.2922 75.4797 153
    endloop
  endfacet
  facet normal 0 0 -1
    outer loop
      vertex -50.7449 77.942 153
      vertex -52.3411 80.4822 153
      vertex -51.5063 81.0067 153
    endloop
  endfacet
  facet normal 0 0 -1
    outer loop
      vertex -55.2733 75.8155 153
      vertex -52.2922 75.4797 153
      vertex -52.4 74.5225 153
    endloop
  endfacet
  facet normal 0 0 -1
    outer loop
      vertex -50.7449 77.942 153
      vertex -52.8663 80.0634 153
      vertex -52.3411 80.4822 153
    endloop
  endfacet
  facet normal 0 0 -1
    outer loop
      vertex -52.4 6.47754 153
      vertex -55.4 6.47754 153
      vertex -52.4 74.5225 153
    endloop
  endfacet
  facet normal 0 0 -1
    outer loop
      vertex -54.7982 3.59897 153
      vertex -51.9666 4.58981 153
      vertex -54.5067 2.99368 153
    endloop
  endfacet
  facet normal 0 0 -1
    outer loop
      vertex -55.4 74.5225 153
      vertex -52.4 74.5225 153
      vertex -55.4 6.47754 153
    endloop
  endfacet
  facet normal -0 0 -1
    outer loop
      vertex -51.9666 4.58981 153
      vertex -54.7982 3.59897 153
      vertex -52.2922 5.52034 153
    endloop
  endfacet
  facet normal 0 -0 -1
    outer loop
      vertex -55.3811 74.8583 153
      vertex -52.4 74.5225 153
      vertex -55.4 74.5225 153
    endloop
  endfacet
  facet normal 0 0 -1
    outer loop
      vertex -55.1238 4.5295 153
      vertex -52.2922 5.52034 153
      vertex -54.7982 3.59897 153
    endloop
  endfacet
  facet normal 0 -0 -1
    outer loop
      vertex -55.2733 75.8155 153
      vertex -52.4 74.5225 153
      vertex -55.3811 74.8583 153
    endloop
  endfacet
  facet normal 0 0 -1
    outer loop
      vertex -55.2733 5.18449 153
      vertex -52.2922 5.52034 153
      vertex -55.1238 4.5295 153
    endloop
  endfacet
  facet normal 0 0 -1
    outer loop
      vertex -51.442 77.2449 153
      vertex -53.5634 79.3663 153
      vertex -52.8663 80.0634 153
    endloop
  endfacet
  facet normal -0 0 -1
    outer loop
      vertex -52.2922 5.52034 153
      vertex -55.2733 5.18449 153
      vertex -52.4 6.47754 153
    endloop
  endfacet
  facet normal 0 0 -1
    outer loop
      vertex -51.442 77.2449 153
      vertex -53.9822 78.8411 153
      vertex -53.5634 79.3663 153
    endloop
  endfacet
  facet normal 0 0 -1
    outer loop
      vertex -52.4 6.47754 153
      vertex -55.2733 5.18449 153
      vertex -55.3811 6.14169 153
    endloop
  endfacet
  facet normal 0 0 -1
    outer loop
      vertex -51.9666 76.4102 153
      vertex -54.5067 78.0063 153
      vertex -53.9822 78.8411 153
    endloop
  endfacet
  facet normal -0 0 -1
    outer loop
      vertex -52.4 6.47754 153
      vertex -55.3811 6.14169 153
      vertex -55.4 6.47754 153
    endloop
  endfacet
  facet normal 0 0 -1
    outer loop
      vertex -51.9666 76.4102 153
      vertex -54.7982 77.401 153
      vertex -54.5067 78.0063 153
    endloop
  endfacet
  facet normal 0 0 -1
    outer loop
      vertex -52.2922 75.4797 153
      vertex -55.1238 76.4705 153
      vertex -54.7982 77.401 153
    endloop
  endfacet
  facet normal 0 0 -1
    outer loop
      vertex -52.2922 75.4797 153
      vertex -55.2733 75.8155 153
      vertex -55.1238 76.4705 153
    endloop
  endfacet
  facet normal 0.111943 0.993715 -0
    outer loop
      vertex -48.0225 2.10001 153
      vertex -48.9797 2.20784 168
      vertex -48.0225 2.10001 168
    endloop
  endfacet
  facet normal 0.111943 0.993715 0
    outer loop
      vertex -48.9797 2.20784 168
      vertex -48.0225 2.10001 153
      vertex -48.9797 2.20784 153
    endloop
  endfacet
  facet normal 0.330292 0.943879 -0
    outer loop
      vertex -48.9797 2.20784 153
      vertex -49.9102 2.53345 168
      vertex -48.9797 2.20784 168
    endloop
  endfacet
  facet normal 0.330292 0.943879 0
    outer loop
      vertex -49.9102 2.53345 168
      vertex -48.9797 2.20784 153
      vertex -49.9102 2.53345 153
    endloop
  endfacet
  facet normal 0.532064 0.846704 -0
    outer loop
      vertex -49.9102 2.53345 153
      vertex -50.7449 3.05797 168
      vertex -49.9102 2.53345 168
    endloop
  endfacet
  facet normal 0.532064 0.846704 0
    outer loop
      vertex -50.7449 3.05797 168
      vertex -49.9102 2.53345 153
      vertex -50.7449 3.05797 153
    endloop
  endfacet
  facet normal 0.707107 0.707107 0
    outer loop
      vertex -50.7449 3.05797 168
      vertex -51.442 3.75507 153
      vertex -51.442 3.75507 168
    endloop
  endfacet
  facet normal 0.707107 0.707107 0
    outer loop
      vertex -51.442 3.75507 153
      vertex -50.7449 3.05797 168
      vertex -50.7449 3.05797 153
    endloop
  endfacet
  facet normal 0.846679 0.532103 0
    outer loop
      vertex -51.442 3.75507 168
      vertex -51.9666 4.58981 153
      vertex -51.9666 4.58981 168
    endloop
  endfacet
  facet normal 0.846679 0.532103 0
    outer loop
      vertex -51.9666 4.58981 153
      vertex -51.442 3.75507 168
      vertex -51.442 3.75507 153
    endloop
  endfacet
  facet normal 0.943885 0.330273 0
    outer loop
      vertex -51.9666 4.58981 168
      vertex -52.2922 5.52034 153
      vertex -52.2922 5.52034 168
    endloop
  endfacet
  facet normal 0.943885 0.330273 0
    outer loop
      vertex -52.2922 5.52034 153
      vertex -51.9666 4.58981 168
      vertex -51.9666 4.58981 153
    endloop
  endfacet
  facet normal 0.993718 0.111913 0
    outer loop
      vertex -52.2922 5.52034 168
      vertex -52.4 6.47754 153
      vertex -52.4 6.47754 168
    endloop
  endfacet
  facet normal 0.993718 0.111913 0
    outer loop
      vertex -52.4 6.47754 153
      vertex -52.2922 5.52034 168
      vertex -52.2922 5.52034 153
    endloop
  endfacet
  facet normal 1 -0 0
    outer loop
      vertex -52.4 6.47754 168
      vertex -52.4 74.5225 153
      vertex -52.4 74.5225 168
    endloop
  endfacet
  facet normal 1 0 0
    outer loop
      vertex -52.4 74.5225 153
      vertex -52.4 6.47754 168
      vertex -52.4 6.47754 153
    endloop
  endfacet
  facet normal 0.993718 -0.111913 0
    outer loop
      vertex -52.4 74.5225 168
      vertex -52.2922 75.4797 153
      vertex -52.2922 75.4797 168
    endloop
  endfacet
  facet normal 0.993718 -0.111913 0
    outer loop
      vertex -52.2922 75.4797 153
      vertex -52.4 74.5225 168
      vertex -52.4 74.5225 153
    endloop
  endfacet
  facet normal 0.943882 -0.330283 0
    outer loop
      vertex -52.2922 75.4797 168
      vertex -51.9666 76.4102 153
      vertex -51.9666 76.4102 168
    endloop
  endfacet
  facet normal 0.943882 -0.330283 0
    outer loop
      vertex -51.9666 76.4102 153
      vertex -52.2922 75.4797 168
      vertex -52.2922 75.4797 153
    endloop
  endfacet
  facet normal 0.846668 -0.532122 0
    outer loop
      vertex -51.9666 76.4102 168
      vertex -51.442 77.2449 153
      vertex -51.442 77.2449 168
    endloop
  endfacet
  facet normal 0.846668 -0.532122 0
    outer loop
      vertex -51.442 77.2449 153
      vertex -51.9666 76.4102 168
      vertex -51.9666 76.4102 153
    endloop
  endfacet
  facet normal 0.707107 -0.707107 0
    outer loop
      vertex -51.442 77.2449 168
      vertex -50.7449 77.942 153
      vertex -50.7449 77.942 168
    endloop
  endfacet
  facet normal 0.707107 -0.707107 0
    outer loop
      vertex -50.7449 77.942 153
      vertex -51.442 77.2449 168
      vertex -51.442 77.2449 153
    endloop
  endfacet
  facet normal 0.532122 -0.846668 0
    outer loop
      vertex -50.7449 77.942 153
      vertex -49.9102 78.4666 168
      vertex -50.7449 77.942 168
    endloop
  endfacet
  facet normal 0.532122 -0.846668 0
    outer loop
      vertex -49.9102 78.4666 168
      vertex -50.7449 77.942 153
      vertex -49.9102 78.4666 153
    endloop
  endfacet
  facet normal 0.330283 -0.943882 0
    outer loop
      vertex -49.9102 78.4666 153
      vertex -48.9797 78.7922 168
      vertex -49.9102 78.4666 168
    endloop
  endfacet
  facet normal 0.330283 -0.943882 0
    outer loop
      vertex -48.9797 78.7922 168
      vertex -49.9102 78.4666 153
      vertex -48.9797 78.7922 153
    endloop
  endfacet
  facet normal 0.111913 -0.993718 0
    outer loop
      vertex -48.9797 78.7922 153
      vertex -48.0225 78.9 168
      vertex -48.9797 78.7922 168
    endloop
  endfacet
  facet normal 0.111913 -0.993718 0
    outer loop
      vertex -48.0225 78.9 168
      vertex -48.9797 78.7922 153
      vertex -48.0225 78.9 153
    endloop
  endfacet
  facet normal 0 -1 0
    outer loop
      vertex -48.0225 78.9 153
      vertex 48.0225 78.9 168
      vertex -48.0225 78.9 168
    endloop
  endfacet
  facet normal 0 -1 -0
    outer loop
      vertex 48.0225 78.9 168
      vertex -48.0225 78.9 153
      vertex 48.0225 78.9 153
    endloop
  endfacet
  facet normal -0.111913 -0.993718 0
    outer loop
      vertex 48.0225 78.9 153
      vertex 48.9797 78.7922 168
      vertex 48.0225 78.9 168
    endloop
  endfacet
  facet normal -0.111913 -0.993718 -0
    outer loop
      vertex 48.9797 78.7922 168
      vertex 48.0225 78.9 153
      vertex 48.9797 78.7922 153
    endloop
  endfacet
  facet normal -0.330283 -0.943882 0
    outer loop
      vertex 48.9797 78.7922 153
      vertex 49.9102 78.4666 168
      vertex 48.9797 78.7922 168
    endloop
  endfacet
  facet normal -0.330283 -0.943882 -0
    outer loop
      vertex 49.9102 78.4666 168
      vertex 48.9797 78.7922 153
      vertex 49.9102 78.4666 153
    endloop
  endfacet
  facet normal -0.532122 -0.846668 0
    outer loop
      vertex 49.9102 78.4666 153
      vertex 50.7449 77.942 168
      vertex 49.9102 78.4666 168
    endloop
  endfacet
  facet normal -0.532122 -0.846668 -0
    outer loop
      vertex 50.7449 77.942 168
      vertex 49.9102 78.4666 153
      vertex 50.7449 77.942 153
    endloop
  endfacet
  facet normal -0.707107 -0.707107 0
    outer loop
      vertex 51.442 77.2449 153
      vertex 50.7449 77.942 168
      vertex 50.7449 77.942 153
    endloop
  endfacet
  facet normal -0.707107 -0.707107 0
    outer loop
      vertex 50.7449 77.942 168
      vertex 51.442 77.2449 153
      vertex 51.442 77.2449 168
    endloop
  endfacet
  facet normal -0.846668 -0.532122 0
    outer loop
      vertex 51.9666 76.4102 153
      vertex 51.442 77.2449 168
      vertex 51.442 77.2449 153
    endloop
  endfacet
  facet normal -0.846668 -0.532122 0
    outer loop
      vertex 51.442 77.2449 168
      vertex 51.9666 76.4102 153
      vertex 51.9666 76.4102 168
    endloop
  endfacet
  facet normal -0.943882 -0.330283 0
    outer loop
      vertex 52.2922 75.4797 153
      vertex 51.9666 76.4102 168
      vertex 51.9666 76.4102 153
    endloop
  endfacet
  facet normal -0.943882 -0.330283 0
    outer loop
      vertex 51.9666 76.4102 168
      vertex 52.2922 75.4797 153
      vertex 52.2922 75.4797 168
    endloop
  endfacet
  facet normal -0.993718 -0.111913 0
    outer loop
      vertex 52.4 74.5225 153
      vertex 52.2922 75.4797 168
      vertex 52.2922 75.4797 153
    endloop
  endfacet
  facet normal -0.993718 -0.111913 0
    outer loop
      vertex 52.2922 75.4797 168
      vertex 52.4 74.5225 153
      vertex 52.4 74.5225 168
    endloop
  endfacet
  facet normal -1 0 0
    outer loop
      vertex 52.4 6.47754 153
      vertex 52.4 74.5225 168
      vertex 52.4 74.5225 153
    endloop
  endfacet
  facet normal -1 -0 0
    outer loop
      vertex 52.4 74.5225 168
      vertex 52.4 6.47754 153
      vertex 52.4 6.47754 168
    endloop
  endfacet
  facet normal -0.993718 0.111913 0
    outer loop
      vertex 52.2922 5.52034 153
      vertex 52.4 6.47754 168
      vertex 52.4 6.47754 153
    endloop
  endfacet
  facet normal -0.993718 0.111913 0
    outer loop
      vertex 52.4 6.47754 168
      vertex 52.2922 5.52034 153
      vertex 52.2922 5.52034 168
    endloop
  endfacet
  facet normal -0.943885 0.330273 0
    outer loop
      vertex 51.9666 4.58981 153
      vertex 52.2922 5.52034 168
      vertex 52.2922 5.52034 153
    endloop
  endfacet
  facet normal -0.943885 0.330273 0
    outer loop
      vertex 52.2922 5.52034 168
      vertex 51.9666 4.58981 153
      vertex 51.9666 4.58981 168
    endloop
  endfacet
  facet normal -0.846679 0.532103 0
    outer loop
      vertex 51.442 3.75507 153
      vertex 51.9666 4.58981 168
      vertex 51.9666 4.58981 153
    endloop
  endfacet
  facet normal -0.846679 0.532103 0
    outer loop
      vertex 51.9666 4.58981 168
      vertex 51.442 3.75507 153
      vertex 51.442 3.75507 168
    endloop
  endfacet
  facet normal -0.707107 0.707107 0
    outer loop
      vertex 50.7449 3.05797 153
      vertex 51.442 3.75507 168
      vertex 51.442 3.75507 153
    endloop
  endfacet
  facet normal -0.707107 0.707107 0
    outer loop
      vertex 51.442 3.75507 168
      vertex 50.7449 3.05797 153
      vertex 50.7449 3.05797 168
    endloop
  endfacet
  facet normal -0.532064 0.846704 0
    outer loop
      vertex 50.7449 3.05797 153
      vertex 49.9102 2.53345 168
      vertex 50.7449 3.05797 168
    endloop
  endfacet
  facet normal -0.532064 0.846704 0
    outer loop
      vertex 49.9102 2.53345 168
      vertex 50.7449 3.05797 153
      vertex 49.9102 2.53345 153
    endloop
  endfacet
  facet normal -0.330292 0.943879 0
    outer loop
      vertex 49.9102 2.53345 153
      vertex 48.9797 2.20784 168
      vertex 49.9102 2.53345 168
    endloop
  endfacet
  facet normal -0.330292 0.943879 0
    outer loop
      vertex 48.9797 2.20784 168
      vertex 49.9102 2.53345 153
      vertex 48.9797 2.20784 153
    endloop
  endfacet
  facet normal -0.111943 0.993715 0
    outer loop
      vertex 48.9797 2.20784 153
      vertex 48.0225 2.10001 168
      vertex 48.9797 2.20784 168
    endloop
  endfacet
  facet normal -0.111943 0.993715 0
    outer loop
      vertex 48.0225 2.10001 168
      vertex 48.9797 2.20784 153
      vertex 48.0225 2.10001 153
    endloop
  endfacet
  facet normal 0 1 -0
    outer loop
      vertex 48.0225 2.10001 153
      vertex -48.0225 2.10001 168
      vertex 48.0225 2.10001 168
    endloop
  endfacet
  facet normal 0 1 0
    outer loop
      vertex -48.0225 2.10001 168
      vertex 48.0225 2.10001 153
      vertex -48.0225 2.10001 153
    endloop
  endfacet
  facet normal -0.99939 0.0349368 0
    outer loop
      vertex -13 -11.5 168
      vertex -12.9683 -10.5932 171
      vertex -12.9683 -10.5932 168
    endloop
  endfacet
  facet normal -0.99939 0.0349368 0
    outer loop
      vertex -12.9683 -10.5932 171
      vertex -13 -11.5 168
      vertex -13 -11.5 171
    endloop
  endfacet
  facet normal -0.587783 0.809018 0
    outer loop
      vertex -7.51379 -0.899994 168
      vertex -8.0036 -1.25586 171
      vertex -7.51379 -0.899994 171
    endloop
  endfacet
  facet normal -0.587783 0.809018 0
    outer loop
      vertex -8.0036 -1.25586 171
      vertex -7.51379 -0.899994 168
      vertex -8.0036 -1.25586 168
    endloop
  endfacet
  facet normal 0.984801 0.173685 0
    outer loop
      vertex 12.8735 -9.69075 171
      vertex 12.7159 -8.79715 168
      vertex 12.7159 -8.79715 171
    endloop
  endfacet
  facet normal 0.984801 0.173685 0
    outer loop
      vertex 12.7159 -8.79715 168
      vertex 12.8735 -9.69075 171
      vertex 12.8735 -9.69075 168
    endloop
  endfacet
  facet normal 0.587823 -0.80899 0
    outer loop
      vertex 7.26951 -22.2775 168
      vertex 8.0036 -21.7441 171
      vertex 7.26951 -22.2775 171
    endloop
  endfacet
  facet normal 0.587823 -0.80899 0
    outer loop
      vertex 8.0036 -21.7441 171
      vertex 7.26951 -22.2775 168
      vertex 8.0036 -21.7441 168
    endloop
  endfacet
  facet normal -0.642789 0.766043 0
    outer loop
      vertex -8.0036 -1.25586 168
      vertex -8.6987 -1.83912 171
      vertex -8.0036 -1.25586 171
    endloop
  endfacet
  facet normal -0.642789 0.766043 0
    outer loop
      vertex -8.6987 -1.83912 171
      vertex -8.0036 -1.25586 168
      vertex -8.6987 -1.83912 168
    endloop
  endfacet
  facet normal 0.99939 0.0349368 0
    outer loop
      vertex 13 -11.5 171
      vertex 12.9683 -10.5932 168
      vertex 12.9683 -10.5932 171
    endloop
  endfacet
  facet normal 0.99939 0.0349368 0
    outer loop
      vertex 12.9683 -10.5932 168
      vertex 13 -11.5 171
      vertex 13 -11.5 168
    endloop
  endfacet
  facet normal 0.994527 -0.104478 0
    outer loop
      vertex 12.8735 -13.3092 171
      vertex 12.9683 -12.4068 168
      vertex 12.9683 -12.4068 171
    endloop
  endfacet
  facet normal 0.994527 -0.104478 0
    outer loop
      vertex 12.9683 -12.4068 168
      vertex 12.8735 -13.3092 171
      vertex 12.8735 -13.3092 168
    endloop
  endfacet
  facet normal 0.469476 -0.882945 0
    outer loop
      vertex 5.69882 -23.1843 168
      vertex 6.5 -22.7583 171
      vertex 5.69882 -23.1843 171
    endloop
  endfacet
  facet normal 0.469476 -0.882945 0
    outer loop
      vertex 6.5 -22.7583 171
      vertex 5.69882 -23.1843 168
      vertex 6.5 -22.7583 168
    endloop
  endfacet
  facet normal 0.275626 -0.961265 0
    outer loop
      vertex 3.14498 -24.1138 168
      vertex 4.01722 -23.8637 171
      vertex 3.14498 -24.1138 171
    endloop
  endfacet
  facet normal 0.275626 -0.961265 0
    outer loop
      vertex 4.01722 -23.8637 171
      vertex 3.14498 -24.1138 168
      vertex 4.01722 -23.8637 168
    endloop
  endfacet
  facet normal 0.743145 0.66913 0
    outer loop
      vertex 9.95858 -3.14376 171
      vertex 9.35142 -2.46944 168
      vertex 9.35142 -2.46944 171
    endloop
  endfacet
  facet normal 0.743145 0.66913 0
    outer loop
      vertex 9.35142 -2.46944 168
      vertex 9.95858 -3.14376 171
      vertex 9.95858 -3.14376 168
    endloop
  endfacet
  facet normal -0.898771 -0.438419 0
    outer loop
      vertex -11.4783 -17.6031 168
      vertex -11.8761 -16.7876 171
      vertex -11.8761 -16.7876 168
    endloop
  endfacet
  facet normal -0.898771 -0.438419 0
    outer loop
      vertex -11.8761 -16.7876 171
      vertex -11.4783 -17.6031 168
      vertex -11.4783 -17.6031 171
    endloop
  endfacet
  facet normal -0.587823 -0.80899 0
    outer loop
      vertex -8.0036 -21.7441 168
      vertex -7.26951 -22.2775 171
      vertex -8.0036 -21.7441 171
    endloop
  endfacet
  facet normal -0.587823 -0.80899 -0
    outer loop
      vertex -7.26951 -22.2775 171
      vertex -8.0036 -21.7441 168
      vertex -7.26951 -22.2775 168
    endloop
  endfacet
  facet normal 0 -1 0
    outer loop
      vertex -0.453693 -24.4921 168
      vertex 0.453693 -24.4921 171
      vertex -0.453693 -24.4921 171
    endloop
  endfacet
  facet normal 0 -1 -0
    outer loop
      vertex 0.453693 -24.4921 171
      vertex -0.453693 -24.4921 168
      vertex 0.453693 -24.4921 168
    endloop
  endfacet
  facet normal -0.9703 0.241903 0
    outer loop
      vertex -12.7159 -8.79715 168
      vertex -12.4964 -7.91671 171
      vertex -12.4964 -7.91671 168
    endloop
  endfacet
  facet normal -0.9703 0.241903 0
    outer loop
      vertex -12.4964 -7.91671 171
      vertex -12.7159 -8.79715 168
      vertex -12.7159 -8.79715 171
    endloop
  endfacet
  facet normal 0.927187 -0.3746 0
    outer loop
      vertex 11.8761 -16.7876 171
      vertex 12.216 -15.9463 168
      vertex 12.216 -15.9463 171
    endloop
  endfacet
  facet normal 0.927187 -0.3746 0
    outer loop
      vertex 12.216 -15.9463 168
      vertex 11.8761 -16.7876 171
      vertex 11.8761 -16.7876 168
    endloop
  endfacet
  facet normal -0.866044 -0.499967 0
    outer loop
      vertex -11.0246 -18.389 168
      vertex -11.4783 -17.6031 171
      vertex -11.4783 -17.6031 168
    endloop
  endfacet
  facet normal -0.866044 -0.499967 0
    outer loop
      vertex -11.4783 -17.6031 171
      vertex -11.0246 -18.389 168
      vertex -11.0246 -18.389 171
    endloop
  endfacet
  facet normal 0.994528 0.104473 0
    outer loop
      vertex 12.9683 -10.5932 171
      vertex 12.8735 -9.69075 168
      vertex 12.8735 -9.69075 171
    endloop
  endfacet
  facet normal 0.994528 0.104473 0
    outer loop
      vertex 12.8735 -9.69075 168
      vertex 12.9683 -10.5932 171
      vertex 12.9683 -10.5932 168
    endloop
  endfacet
  facet normal 0.9703 0.241903 0
    outer loop
      vertex 12.7159 -8.79715 171
      vertex 12.4964 -7.91671 168
      vertex 12.4964 -7.91671 171
    endloop
  endfacet
  facet normal 0.9703 0.241903 0
    outer loop
      vertex 12.4964 -7.91671 168
      vertex 12.7159 -8.79715 171
      vertex 12.7159 -8.79715 168
    endloop
  endfacet
  facet normal 0.984805 -0.173666 0
    outer loop
      vertex 12.7159 -14.2029 171
      vertex 12.8735 -13.3092 168
      vertex 12.8735 -13.3092 171
    endloop
  endfacet
  facet normal 0.984805 -0.173666 0
    outer loop
      vertex 12.8735 -13.3092 168
      vertex 12.7159 -14.2029 171
      vertex 12.7159 -14.2029 168
    endloop
  endfacet
  facet normal 0.866022 0.500005 0
    outer loop
      vertex 11.4783 -5.39687 171
      vertex 11.0246 -4.61105 168
      vertex 11.0246 -4.61105 171
    endloop
  endfacet
  facet normal 0.866022 0.500005 0
    outer loop
      vertex 11.0246 -4.61105 168
      vertex 11.4783 -5.39687 171
      vertex 11.4783 -5.39687 168
    endloop
  endfacet
  facet normal 0.951058 -0.309011 0
    outer loop
      vertex 12.216 -15.9463 171
      vertex 12.4964 -15.0833 168
      vertex 12.4964 -15.0833 171
    endloop
  endfacet
  facet normal 0.951058 -0.309011 0
    outer loop
      vertex 12.4964 -15.0833 168
      vertex 12.216 -15.9463 171
      vertex 12.216 -15.9463 168
    endloop
  endfacet
  facet normal -0.40677 -0.91353 0
    outer loop
      vertex -5.69882 -23.1843 168
      vertex -4.86989 -23.5534 171
      vertex -5.69882 -23.1843 171
    endloop
  endfacet
  facet normal -0.40677 -0.91353 -0
    outer loop
      vertex -4.86989 -23.5534 171
      vertex -5.69882 -23.1843 168
      vertex -4.86989 -23.5534 168
    endloop
  endfacet
  facet normal -0.20796 -0.978137 0
    outer loop
      vertex -3.14498 -24.1138 168
      vertex -2.25743 -24.3025 171
      vertex -3.14498 -24.1138 171
    endloop
  endfacet
  facet normal -0.20796 -0.978137 -0
    outer loop
      vertex -2.25743 -24.3025 171
      vertex -3.14498 -24.1138 168
      vertex -2.25743 -24.3025 168
    endloop
  endfacet
  facet normal -0.970298 -0.241913 0
    outer loop
      vertex -12.4964 -15.0833 168
      vertex -12.7159 -14.2029 171
      vertex -12.7159 -14.2029 168
    endloop
  endfacet
  facet normal -0.970298 -0.241913 0
    outer loop
      vertex -12.7159 -14.2029 171
      vertex -12.4964 -15.0833 168
      vertex -12.4964 -15.0833 171
    endloop
  endfacet
  facet normal -0.743145 0.66913 0
    outer loop
      vertex -9.95858 -3.14376 168
      vertex -9.35142 -2.46944 171
      vertex -9.35142 -2.46944 168
    endloop
  endfacet
  facet normal -0.743145 0.66913 0
    outer loop
      vertex -9.35142 -2.46944 171
      vertex -9.95858 -3.14376 168
      vertex -9.95858 -3.14376 171
    endloop
  endfacet
  facet normal -0.951058 -0.309011 0
    outer loop
      vertex -12.216 -15.9463 168
      vertex -12.4964 -15.0833 171
      vertex -12.4964 -15.0833 168
    endloop
  endfacet
  facet normal -0.951058 -0.309011 0
    outer loop
      vertex -12.4964 -15.0833 171
      vertex -12.216 -15.9463 168
      vertex -12.216 -15.9463 171
    endloop
  endfacet
  facet normal 0.743185 -0.669086 0
    outer loop
      vertex 9.35142 -20.5306 171
      vertex 9.95858 -19.8562 168
      vertex 9.95858 -19.8562 171
    endloop
  endfacet
  facet normal 0.743185 -0.669086 0
    outer loop
      vertex 9.95858 -19.8562 168
      vertex 9.35142 -20.5306 171
      vertex 9.35142 -20.5306 168
    endloop
  endfacet
  facet normal -0.994527 -0.104478 0
    outer loop
      vertex -12.8735 -13.3092 168
      vertex -12.9683 -12.4068 171
      vertex -12.9683 -12.4068 168
    endloop
  endfacet
  facet normal -0.994527 -0.104478 0
    outer loop
      vertex -12.9683 -12.4068 171
      vertex -12.8735 -13.3092 168
      vertex -12.8735 -13.3092 171
    endloop
  endfacet
  facet normal -0.694656 0.719342 0
    outer loop
      vertex -8.6987 -1.83912 168
      vertex -9.35142 -2.46944 171
      vertex -8.6987 -1.83912 171
    endloop
  endfacet
  facet normal -0.694656 0.719342 0
    outer loop
      vertex -9.35142 -2.46944 171
      vertex -8.6987 -1.83912 168
      vertex -9.35142 -2.46944 168
    endloop
  endfacet
  facet normal 0.829041 0.559189 0
    outer loop
      vertex 11.0246 -4.61105 171
      vertex 10.5172 -3.85879 168
      vertex 10.5172 -3.85879 171
    endloop
  endfacet
  facet normal 0.829041 0.559189 0
    outer loop
      vertex 10.5172 -3.85879 168
      vertex 11.0246 -4.61105 171
      vertex 11.0246 -4.61105 168
    endloop
  endfacet
  facet normal -0.341975 -0.939709 0
    outer loop
      vertex -4.86989 -23.5534 168
      vertex -4.01722 -23.8637 171
      vertex -4.86989 -23.5534 171
    endloop
  endfacet
  facet normal -0.341975 -0.939709 -0
    outer loop
      vertex -4.01722 -23.8637 171
      vertex -4.86989 -23.5534 168
      vertex -4.01722 -23.8637 168
    endloop
  endfacet
  facet normal 0.341975 -0.939709 0
    outer loop
      vertex 4.01722 -23.8637 168
      vertex 4.86989 -23.5534 171
      vertex 4.01722 -23.8637 171
    endloop
  endfacet
  facet normal 0.341975 -0.939709 0
    outer loop
      vertex 4.86989 -23.5534 171
      vertex 4.01722 -23.8637 168
      vertex 4.86989 -23.5534 168
    endloop
  endfacet
  facet normal -0.92719 0.374592 0
    outer loop
      vertex -12.216 -7.05374 168
      vertex -11.8761 -6.21242 171
      vertex -11.8761 -6.21242 168
    endloop
  endfacet
  facet normal -0.92719 0.374592 0
    outer loop
      vertex -11.8761 -6.21242 171
      vertex -12.216 -7.05374 168
      vertex -12.216 -7.05374 171
    endloop
  endfacet
  facet normal -0.951055 0.309021 0
    outer loop
      vertex -12.4964 -7.91671 168
      vertex -12.216 -7.05374 171
      vertex -12.216 -7.05374 168
    endloop
  endfacet
  facet normal -0.951055 0.309021 0
    outer loop
      vertex -12.216 -7.05374 171
      vertex -12.4964 -7.91671 168
      vertex -12.4964 -7.91671 171
    endloop
  endfacet
  facet normal -0.78801 -0.615662 0
    outer loop
      vertex -9.95858 -19.8562 168
      vertex -10.5172 -19.1412 171
      vertex -10.5172 -19.1412 168
    endloop
  endfacet
  facet normal -0.78801 -0.615662 0
    outer loop
      vertex -10.5172 -19.1412 171
      vertex -9.95858 -19.8562 168
      vertex -9.95858 -19.8562 171
    endloop
  endfacet
  facet normal 0.78801 -0.615662 0
    outer loop
      vertex 9.95858 -19.8562 171
      vertex 10.5172 -19.1412 168
      vertex 10.5172 -19.1412 171
    endloop
  endfacet
  facet normal 0.78801 -0.615662 0
    outer loop
      vertex 10.5172 -19.1412 168
      vertex 9.95858 -19.8562 171
      vertex 9.95858 -19.8562 168
    endloop
  endfacet
  facet normal -0.994528 0.104473 0
    outer loop
      vertex -12.9683 -10.5932 168
      vertex -12.8735 -9.69075 171
      vertex -12.8735 -9.69075 168
    endloop
  endfacet
  facet normal -0.994528 0.104473 0
    outer loop
      vertex -12.8735 -9.69075 171
      vertex -12.9683 -10.5932 168
      vertex -12.9683 -10.5932 171
    endloop
  endfacet
  facet normal 0.694656 0.719342 -0
    outer loop
      vertex 9.35142 -2.46944 168
      vertex 8.6987 -1.83912 171
      vertex 9.35142 -2.46944 171
    endloop
  endfacet
  facet normal 0.694656 0.719342 0
    outer loop
      vertex 8.6987 -1.83912 171
      vertex 9.35142 -2.46944 168
      vertex 8.6987 -1.83912 168
    endloop
  endfacet
  facet normal 0.951055 0.309021 0
    outer loop
      vertex 12.4964 -7.91671 171
      vertex 12.216 -7.05374 168
      vertex 12.216 -7.05374 171
    endloop
  endfacet
  facet normal 0.951055 0.309021 0
    outer loop
      vertex 12.216 -7.05374 168
      vertex 12.4964 -7.91671 171
      vertex 12.4964 -7.91671 168
    endloop
  endfacet
  facet normal -0.788023 0.615646 0
    outer loop
      vertex -10.5172 -3.85879 168
      vertex -9.95858 -3.14376 171
      vertex -9.95858 -3.14376 168
    endloop
  endfacet
  facet normal -0.788023 0.615646 0
    outer loop
      vertex -9.95858 -3.14376 171
      vertex -10.5172 -3.85879 168
      vertex -10.5172 -3.85879 171
    endloop
  endfacet
  facet normal -0.984801 0.173685 0
    outer loop
      vertex -12.8735 -9.69075 168
      vertex -12.7159 -8.79715 171
      vertex -12.7159 -8.79715 168
    endloop
  endfacet
  facet normal -0.984801 0.173685 0
    outer loop
      vertex -12.7159 -8.79715 171
      vertex -12.8735 -9.69075 168
      vertex -12.8735 -9.69075 171
    endloop
  endfacet
  facet normal 0.970298 -0.241913 0
    outer loop
      vertex 12.4964 -15.0833 171
      vertex 12.7159 -14.2029 168
      vertex 12.7159 -14.2029 171
    endloop
  endfacet
  facet normal 0.970298 -0.241913 0
    outer loop
      vertex 12.7159 -14.2029 168
      vertex 12.4964 -15.0833 171
      vertex 12.4964 -15.0833 168
    endloop
  endfacet
  facet normal 0.866044 -0.499967 0
    outer loop
      vertex 11.0246 -18.389 171
      vertex 11.4783 -17.6031 168
      vertex 11.4783 -17.6031 171
    endloop
  endfacet
  facet normal 0.866044 -0.499967 0
    outer loop
      vertex 11.4783 -17.6031 168
      vertex 11.0246 -18.389 171
      vertex 11.0246 -18.389 168
    endloop
  endfacet
  facet normal -0.99939 -0.0349368 0
    outer loop
      vertex -12.9683 -12.4068 168
      vertex -13 -11.5 171
      vertex -13 -11.5 168
    endloop
  endfacet
  facet normal -0.99939 -0.0349368 0
    outer loop
      vertex -13 -11.5 171
      vertex -12.9683 -12.4068 168
      vertex -12.9683 -12.4068 171
    endloop
  endfacet
  facet normal 0.587783 0.809018 -0
    outer loop
      vertex 8.0036 -1.25586 168
      vertex 7.51379 -0.899994 171
      vertex 8.0036 -1.25586 171
    endloop
  endfacet
  facet normal 0.587783 0.809018 0
    outer loop
      vertex 7.51379 -0.899994 171
      vertex 8.0036 -1.25586 168
      vertex 7.51379 -0.899994 168
    endloop
  endfacet
  facet normal -0.866022 0.500005 0
    outer loop
      vertex -11.4783 -5.39687 168
      vertex -11.0246 -4.61105 171
      vertex -11.0246 -4.61105 168
    endloop
  endfacet
  facet normal -0.866022 0.500005 0
    outer loop
      vertex -11.0246 -4.61105 171
      vertex -11.4783 -5.39687 168
      vertex -11.4783 -5.39687 171
    endloop
  endfacet
  facet normal -0.829041 0.559189 0
    outer loop
      vertex -11.0246 -4.61105 168
      vertex -10.5172 -3.85879 171
      vertex -10.5172 -3.85879 168
    endloop
  endfacet
  facet normal -0.829041 0.559189 0
    outer loop
      vertex -10.5172 -3.85879 171
      vertex -11.0246 -4.61105 168
      vertex -11.0246 -4.61105 171
    endloop
  endfacet
  facet normal 0.99939 -0.0349368 0
    outer loop
      vertex 12.9683 -12.4068 171
      vertex 13 -11.5 168
      vertex 13 -11.5 171
    endloop
  endfacet
  facet normal 0.99939 -0.0349368 0
    outer loop
      vertex 13 -11.5 168
      vertex 12.9683 -12.4068 171
      vertex 12.9683 -12.4068 168
    endloop
  endfacet
  facet normal -0.64275 -0.766076 0
    outer loop
      vertex -8.6987 -21.1609 168
      vertex -8.0036 -21.7441 171
      vertex -8.6987 -21.1609 171
    endloop
  endfacet
  facet normal -0.64275 -0.766076 -0
    outer loop
      vertex -8.0036 -21.7441 171
      vertex -8.6987 -21.1609 168
      vertex -8.0036 -21.7441 168
    endloop
  endfacet
  facet normal 0.898781 0.438398 0
    outer loop
      vertex 11.8761 -6.21242 171
      vertex 11.4783 -5.39687 168
      vertex 11.4783 -5.39687 171
    endloop
  endfacet
  facet normal 0.898781 0.438398 0
    outer loop
      vertex 11.4783 -5.39687 168
      vertex 11.8761 -6.21242 171
      vertex 11.8761 -6.21242 168
    endloop
  endfacet
  facet normal -0.898781 0.438398 0
    outer loop
      vertex -11.8761 -6.21242 168
      vertex -11.4783 -5.39687 171
      vertex -11.4783 -5.39687 168
    endloop
  endfacet
  facet normal -0.898781 0.438398 0
    outer loop
      vertex -11.4783 -5.39687 171
      vertex -11.8761 -6.21242 168
      vertex -11.8761 -6.21242 171
    endloop
  endfacet
  facet normal -0.743185 -0.669086 0
    outer loop
      vertex -9.35142 -20.5306 168
      vertex -9.95858 -19.8562 171
      vertex -9.95858 -19.8562 168
    endloop
  endfacet
  facet normal -0.743185 -0.669086 0
    outer loop
      vertex -9.95858 -19.8562 171
      vertex -9.35142 -20.5306 168
      vertex -9.35142 -20.5306 171
    endloop
  endfacet
  facet normal 0.92719 0.374592 0
    outer loop
      vertex 12.216 -7.05374 171
      vertex 11.8761 -6.21242 168
      vertex 11.8761 -6.21242 171
    endloop
  endfacet
  facet normal 0.92719 0.374592 0
    outer loop
      vertex 11.8761 -6.21242 168
      vertex 12.216 -7.05374 171
      vertex 12.216 -7.05374 168
    endloop
  endfacet
  facet normal 0.20796 -0.978137 0
    outer loop
      vertex 2.25743 -24.3025 168
      vertex 3.14498 -24.1138 171
      vertex 2.25743 -24.3025 171
    endloop
  endfacet
  facet normal 0.20796 -0.978137 0
    outer loop
      vertex 3.14498 -24.1138 171
      vertex 2.25743 -24.3025 168
      vertex 3.14498 -24.1138 168
    endloop
  endfacet
  facet normal 0.0697607 -0.997564 0
    outer loop
      vertex 0.453693 -24.4921 168
      vertex 1.35887 -24.4288 171
      vertex 0.453693 -24.4921 171
    endloop
  endfacet
  facet normal 0.0697607 -0.997564 0
    outer loop
      vertex 1.35887 -24.4288 171
      vertex 0.453693 -24.4921 168
      vertex 1.35887 -24.4288 168
    endloop
  endfacet
  facet normal 0.788023 0.615646 0
    outer loop
      vertex 10.5172 -3.85879 171
      vertex 9.95858 -3.14376 168
      vertex 9.95858 -3.14376 171
    endloop
  endfacet
  facet normal 0.788023 0.615646 0
    outer loop
      vertex 9.95858 -3.14376 168
      vertex 10.5172 -3.85879 171
      vertex 10.5172 -3.85879 168
    endloop
  endfacet
  facet normal -0.0697607 -0.997564 0
    outer loop
      vertex -1.35887 -24.4288 168
      vertex -0.453693 -24.4921 171
      vertex -1.35887 -24.4288 171
    endloop
  endfacet
  facet normal -0.0697607 -0.997564 -0
    outer loop
      vertex -0.453693 -24.4921 171
      vertex -1.35887 -24.4288 168
      vertex -0.453693 -24.4921 168
    endloop
  endfacet
  facet normal -0.13919 -0.990266 0
    outer loop
      vertex -2.25743 -24.3025 168
      vertex -1.35887 -24.4288 171
      vertex -2.25743 -24.3025 171
    endloop
  endfacet
  facet normal -0.13919 -0.990266 -0
    outer loop
      vertex -1.35887 -24.4288 171
      vertex -2.25743 -24.3025 168
      vertex -1.35887 -24.4288 168
    endloop
  endfacet
  facet normal 0.642789 0.766043 -0
    outer loop
      vertex 8.6987 -1.83912 168
      vertex 8.0036 -1.25586 171
      vertex 8.6987 -1.83912 171
    endloop
  endfacet
  facet normal 0.642789 0.766043 0
    outer loop
      vertex 8.0036 -1.25586 171
      vertex 8.6987 -1.83912 168
      vertex 8.0036 -1.25586 168
    endloop
  endfacet
  facet normal -0.529885 -0.848069 0
    outer loop
      vertex -7.26951 -22.2775 168
      vertex -6.5 -22.7583 171
      vertex -7.26951 -22.2775 171
    endloop
  endfacet
  facet normal -0.529885 -0.848069 -0
    outer loop
      vertex -6.5 -22.7583 171
      vertex -7.26951 -22.2775 168
      vertex -6.5 -22.7583 168
    endloop
  endfacet
  facet normal 0.40677 -0.91353 0
    outer loop
      vertex 4.86989 -23.5534 168
      vertex 5.69882 -23.1843 171
      vertex 4.86989 -23.5534 171
    endloop
  endfacet
  facet normal 0.40677 -0.91353 0
    outer loop
      vertex 5.69882 -23.1843 171
      vertex 4.86989 -23.5534 168
      vertex 5.69882 -23.1843 168
    endloop
  endfacet
  facet normal -0.984805 -0.173666 0
    outer loop
      vertex -12.7159 -14.2029 168
      vertex -12.8735 -13.3092 171
      vertex -12.8735 -13.3092 168
    endloop
  endfacet
  facet normal -0.984805 -0.173666 0
    outer loop
      vertex -12.8735 -13.3092 171
      vertex -12.7159 -14.2029 168
      vertex -12.7159 -14.2029 171
    endloop
  endfacet
  facet normal -0.694644 -0.719353 0
    outer loop
      vertex -9.35142 -20.5306 168
      vertex -8.6987 -21.1609 171
      vertex -9.35142 -20.5306 171
    endloop
  endfacet
  facet normal -0.694644 -0.719353 -0
    outer loop
      vertex -8.6987 -21.1609 171
      vertex -9.35142 -20.5306 168
      vertex -8.6987 -21.1609 168
    endloop
  endfacet
  facet normal -0.927187 -0.3746 0
    outer loop
      vertex -11.8761 -16.7876 168
      vertex -12.216 -15.9463 171
      vertex -12.216 -15.9463 168
    endloop
  endfacet
  facet normal -0.927187 -0.3746 0
    outer loop
      vertex -12.216 -15.9463 171
      vertex -11.8761 -16.7876 168
      vertex -11.8761 -16.7876 171
    endloop
  endfacet
  facet normal 0.82902 -0.559219 0
    outer loop
      vertex 10.5172 -19.1412 171
      vertex 11.0246 -18.389 168
      vertex 11.0246 -18.389 171
    endloop
  endfacet
  facet normal 0.82902 -0.559219 0
    outer loop
      vertex 11.0246 -18.389 168
      vertex 10.5172 -19.1412 171
      vertex 10.5172 -19.1412 168
    endloop
  endfacet
  facet normal -0.469476 -0.882945 0
    outer loop
      vertex -6.5 -22.7583 168
      vertex -5.69882 -23.1843 171
      vertex -6.5 -22.7583 171
    endloop
  endfacet
  facet normal -0.469476 -0.882945 -0
    outer loop
      vertex -5.69882 -23.1843 171
      vertex -6.5 -22.7583 168
      vertex -5.69882 -23.1843 168
    endloop
  endfacet
  facet normal 0.13919 -0.990266 0
    outer loop
      vertex 1.35887 -24.4288 168
      vertex 2.25743 -24.3025 171
      vertex 1.35887 -24.4288 171
    endloop
  endfacet
  facet normal 0.13919 -0.990266 0
    outer loop
      vertex 2.25743 -24.3025 171
      vertex 1.35887 -24.4288 168
      vertex 2.25743 -24.3025 168
    endloop
  endfacet
  facet normal 0.898771 -0.438419 0
    outer loop
      vertex 11.4783 -17.6031 171
      vertex 11.8761 -16.7876 168
      vertex 11.8761 -16.7876 171
    endloop
  endfacet
  facet normal 0.898771 -0.438419 0
    outer loop
      vertex 11.8761 -16.7876 168
      vertex 11.4783 -17.6031 171
      vertex 11.4783 -17.6031 168
    endloop
  endfacet
  facet normal 0.64275 -0.766076 0
    outer loop
      vertex 8.0036 -21.7441 168
      vertex 8.6987 -21.1609 171
      vertex 8.0036 -21.7441 171
    endloop
  endfacet
  facet normal 0.64275 -0.766076 0
    outer loop
      vertex 8.6987 -21.1609 171
      vertex 8.0036 -21.7441 168
      vertex 8.6987 -21.1609 168
    endloop
  endfacet
  facet normal -0.275626 -0.961265 0
    outer loop
      vertex -4.01722 -23.8637 168
      vertex -3.14498 -24.1138 171
      vertex -4.01722 -23.8637 171
    endloop
  endfacet
  facet normal -0.275626 -0.961265 -0
    outer loop
      vertex -3.14498 -24.1138 171
      vertex -4.01722 -23.8637 168
      vertex -3.14498 -24.1138 168
    endloop
  endfacet
  facet normal -0.82902 -0.559219 0
    outer loop
      vertex -10.5172 -19.1412 168
      vertex -11.0246 -18.389 171
      vertex -11.0246 -18.389 168
    endloop
  endfacet
  facet normal -0.82902 -0.559219 0
    outer loop
      vertex -11.0246 -18.389 171
      vertex -10.5172 -19.1412 168
      vertex -10.5172 -19.1412 171
    endloop
  endfacet
  facet normal 0.694644 -0.719353 0
    outer loop
      vertex 8.6987 -21.1609 168
      vertex 9.35142 -20.5306 171
      vertex 8.6987 -21.1609 171
    endloop
  endfacet
  facet normal 0.694644 -0.719353 0
    outer loop
      vertex 9.35142 -20.5306 171
      vertex 8.6987 -21.1609 168
      vertex 9.35142 -20.5306 168
    endloop
  endfacet
  facet normal 0.529885 -0.848069 0
    outer loop
      vertex 6.5 -22.7583 168
      vertex 7.26951 -22.2775 171
      vertex 6.5 -22.7583 171
    endloop
  endfacet
  facet normal 0.529885 -0.848069 0
    outer loop
      vertex 7.26951 -22.2775 171
      vertex 6.5 -22.7583 168
      vertex 7.26951 -22.2775 168
    endloop
  endfacet
endsolid OpenSCAD_Model
