solid OpenSCAD_Model
  facet normal 0 0 -1
    outer loop
      vertex 33 -82 0
      vertex 37 -82 0
      vertex 37 -88 0
    endloop
  endfacet
  facet normal 0 0 -1
    outer loop
      vertex 37 -82 0
      vertex 33 -82 0
      vertex 37 -78 0
    endloop
  endfacet
  facet normal 0 0 -1
    outer loop
      vertex 33 -82 0
      vertex 37 -88 0
      vertex 33 -88 0
    endloop
  endfacet
  facet normal 0 0 -1
    outer loop
      vertex 37 -82 0
      vertex 49 -78 0
      vertex 49 -82 0
    endloop
  endfacet
  facet normal -0 0 -1
    outer loop
      vertex 49 -78 0
      vertex 37 -82 0
      vertex 37 -78 0
    endloop
  endfacet
  facet normal 0 0 -1
    outer loop
      vertex 69 2.5 0
      vertex 51.8613 5.5 0
      vertex 69 5.5 0
    endloop
  endfacet
  facet normal 0 0 -1
    outer loop
      vertex 52 74.5 0
      vertex 51.1273 76.994 0
      vertex 51.6039 76.2355 0
    endloop
  endfacet
  facet normal 0 0 -1
    outer loop
      vertex 52 6.5 0
      vertex 47.5 75.0594 0
      vertex 51.1273 76.994 0
    endloop
  endfacet
  facet normal -0 0 -1
    outer loop
      vertex 51.1273 76.994 0
      vertex 47.5 75.0594 0
      vertex 50.494 77.6273 0
    endloop
  endfacet
  facet normal -0 0 -1
    outer loop
      vertex 50.494 77.6273 0
      vertex 47.5 75.0594 0
      vertex 49.7355 78.1039 0
    endloop
  endfacet
  facet normal -0 0 -1
    outer loop
      vertex 49.7355 78.1039 0
      vertex 47.5 75.0594 0
      vertex 48.8901 78.3997 0
    endloop
  endfacet
  facet normal -0 0 -1
    outer loop
      vertex 52 6.5 0
      vertex 47.5 5.92981 0
      vertex 47.5 75.0594 0
    endloop
  endfacet
  facet normal 0 0 -1
    outer loop
      vertex 37 2.5 0
      vertex 51.8613 5.5 0
      vertex 69 2.5 0
    endloop
  endfacet
  facet normal 0 0 -1
    outer loop
      vertex 51.8613 5.5 0
      vertex 46.8843 5.63329 0
      vertex 47.5 5.92981 0
    endloop
  endfacet
  facet normal 0 -0 -1
    outer loop
      vertex 46 5.5 0
      vertex 51.8613 5.5 0
      vertex 37 2.5 0
    endloop
  endfacet
  facet normal 0 0 -1
    outer loop
      vertex 51.8613 5.5 0
      vertex 46 5.5 0
      vertex 46.8843 5.63329 0
    endloop
  endfacet
  facet normal -0 0 -1
    outer loop
      vertex 37 -78 0
      vertex 33 -82 0
      vertex 33 -78 0
    endloop
  endfacet
  facet normal 0 0 -1
    outer loop
      vertex 37 -78 0
      vertex 33 -78 0
      vertex 37 2.5 0
    endloop
  endfacet
  facet normal 0 0 -1
    outer loop
      vertex 33 2.5 0
      vertex 37 2.5 0
      vertex 33 -78 0
    endloop
  endfacet
  facet normal 0 0 -1
    outer loop
      vertex 33 2.5 0
      vertex 46 5.5 0
      vertex 37 2.5 0
    endloop
  endfacet
  facet normal 0 0 -1
    outer loop
      vertex -33 2.5 0
      vertex 46 5.5 0
      vertex 33 2.5 0
    endloop
  endfacet
  facet normal 0 0 -1
    outer loop
      vertex -37 -78 0
      vertex -33 -78 0
      vertex -37 -82 0
    endloop
  endfacet
  facet normal 0 0 -1
    outer loop
      vertex -33 -78 0
      vertex -37 -78 0
      vertex -33 2.5 0
    endloop
  endfacet
  facet normal 0 0 -1
    outer loop
      vertex -37 2.5 0
      vertex -33 2.5 0
      vertex -37 -78 0
    endloop
  endfacet
  facet normal 0 0 -1
    outer loop
      vertex -46 5.5 0
      vertex -33 2.5 0
      vertex -37 2.5 0
    endloop
  endfacet
  facet normal 0 0 -1
    outer loop
      vertex -33 2.5 0
      vertex -46 5.5 0
      vertex 46 5.5 0
    endloop
  endfacet
  facet normal 0 0 -1
    outer loop
      vertex -51.8613 5.5 0
      vertex -46 5.5 0
      vertex -37 2.5 0
    endloop
  endfacet
  facet normal 0 0 -1
    outer loop
      vertex -52 74.5 0
      vertex -47.5 75.0702 0
      vertex -47.5 5.94062 0
    endloop
  endfacet
  facet normal 0 -0 -1
    outer loop
      vertex -51.8997 75.3901 0
      vertex -47.5 75.0702 0
      vertex -52 74.5 0
    endloop
  endfacet
  facet normal 0 0 -1
    outer loop
      vertex -47.5 75.0702 0
      vertex -48.8901 78.3997 0
      vertex -48 78.5 0
    endloop
  endfacet
  facet normal 0 0 -1
    outer loop
      vertex -47.5 75.0702 0
      vertex -49.7355 78.1039 0
      vertex -48.8901 78.3997 0
    endloop
  endfacet
  facet normal 0 0 -1
    outer loop
      vertex -47.5 75.0702 0
      vertex -50.494 77.6273 0
      vertex -49.7355 78.1039 0
    endloop
  endfacet
  facet normal 0 0 -1
    outer loop
      vertex -47.5 75.0702 0
      vertex -51.1273 76.994 0
      vertex -50.494 77.6273 0
    endloop
  endfacet
  facet normal 0 0 -1
    outer loop
      vertex -52 6.5 0
      vertex -47.5 5.94062 0
      vertex -51.8613 5.5 0
    endloop
  endfacet
  facet normal -0 0 -1
    outer loop
      vertex -47.096 5.70738 0
      vertex -51.8613 5.5 0
      vertex -47.5 5.94062 0
    endloop
  endfacet
  facet normal 0 0 -1
    outer loop
      vertex -46 5.5 0
      vertex -51.8613 5.5 0
      vertex -47.096 5.70738 0
    endloop
  endfacet
  facet normal 0 0 -1
    outer loop
      vertex -69 2.5 0
      vertex -51.8613 5.5 0
      vertex -37 2.5 0
    endloop
  endfacet
  facet normal -0 0 -1
    outer loop
      vertex -51.8613 5.5 0
      vertex -69 2.5 0
      vertex -69 5.5 0
    endloop
  endfacet
  facet normal 0 0 -1
    outer loop
      vertex 51.8613 5.5 0
      vertex 52 6.5 0
      vertex 51.8997 5.60991 0
    endloop
  endfacet
  facet normal 0 0 -1
    outer loop
      vertex 47.5 5.92981 0
      vertex 52 6.5 0
      vertex 51.8613 5.5 0
    endloop
  endfacet
  facet normal 0 0 -1
    outer loop
      vertex 51.1273 76.994 0
      vertex 52 74.5 0
      vertex 52 6.5 0
    endloop
  endfacet
  facet normal 0 0 -1
    outer loop
      vertex 52 74.5 0
      vertex 51.6039 76.2355 0
      vertex 51.8997 75.3901 0
    endloop
  endfacet
  facet normal -0 0 -1
    outer loop
      vertex 48.8901 78.3997 0
      vertex 47.5 75.0594 0
      vertex 48 78.5 0
    endloop
  endfacet
  facet normal 0 0 -1
    outer loop
      vertex 47.096 75.2926 0
      vertex 48 78.5 0
      vertex 47.5 75.0594 0
    endloop
  endfacet
  facet normal 0 0 -1
    outer loop
      vertex 46 75.5 0
      vertex 48 78.5 0
      vertex 47.096 75.2926 0
    endloop
  endfacet
  facet normal 0 0 -1
    outer loop
      vertex -46 75.5 0
      vertex 48 78.5 0
      vertex 46 75.5 0
    endloop
  endfacet
  facet normal 0 0 -1
    outer loop
      vertex -46 75.5 0
      vertex -48 78.5 0
      vertex 48 78.5 0
    endloop
  endfacet
  facet normal 0 0 -1
    outer loop
      vertex -46.8843 75.3667 0
      vertex -48 78.5 0
      vertex -46 75.5 0
    endloop
  endfacet
  facet normal 0 0 -1
    outer loop
      vertex -48 78.5 0
      vertex -46.8843 75.3667 0
      vertex -47.5 75.0702 0
    endloop
  endfacet
  facet normal 0 0 -1
    outer loop
      vertex -49 -82 0
      vertex -37 -78 0
      vertex -37 -82 0
    endloop
  endfacet
  facet normal -0 0 -1
    outer loop
      vertex -37 -78 0
      vertex -49 -82 0
      vertex -49 -78 0
    endloop
  endfacet
  facet normal 0 0 -1
    outer loop
      vertex -52 6.5 0
      vertex -51.8613 5.5 0
      vertex -51.8997 5.60991 0
    endloop
  endfacet
  facet normal 0 0 -1
    outer loop
      vertex -52 74.5 0
      vertex -47.5 5.94062 0
      vertex -52 6.5 0
    endloop
  endfacet
  facet normal 0 0 -1
    outer loop
      vertex -47.5 75.0702 0
      vertex -51.6039 76.2355 0
      vertex -51.1273 76.994 0
    endloop
  endfacet
  facet normal 0 0 -1
    outer loop
      vertex -47.5 75.0702 0
      vertex -51.8997 75.3901 0
      vertex -51.6039 76.2355 0
    endloop
  endfacet
  facet normal 0 0 -1
    outer loop
      vertex -37 -88 0
      vertex -33 -82 0
      vertex -33 -88 0
    endloop
  endfacet
  facet normal 0 0 -1
    outer loop
      vertex -37 -82 0
      vertex -33 -82 0
      vertex -37 -88 0
    endloop
  endfacet
  facet normal 0 0 -1
    outer loop
      vertex -33 -82 0
      vertex -37 -82 0
      vertex -33 -78 0
    endloop
  endfacet
  facet normal 0 0 -1
    outer loop
      vertex -33 -82 0
      vertex 33 -78 0
      vertex 33 -82 0
    endloop
  endfacet
  facet normal -0 0 -1
    outer loop
      vertex 33 -78 0
      vertex -33 -82 0
      vertex -33 -78 0
    endloop
  endfacet
  facet normal 0 0 1
    outer loop
      vertex -44 75.5 22
      vertex -44.4888 14 22
      vertex -44 5.6 22
    endloop
  endfacet
  facet normal 0 0 1
    outer loop
      vertex -44 75.5 22
      vertex -44.5781 15.3301 22
      vertex -44.4888 14 22
    endloop
  endfacet
  facet normal 0 0 1
    outer loop
      vertex -44 75.5 22
      vertex -44.8382 16.542 22
      vertex -44.5781 15.3301 22
    endloop
  endfacet
  facet normal 0 0 1
    outer loop
      vertex -44 75.5 22
      vertex -45.246 17.5281 22
      vertex -44.8382 16.542 22
    endloop
  endfacet
  facet normal 0 0 1
    outer loop
      vertex -44 75.5 22
      vertex -45.7652 18.2007 22
      vertex -45.246 17.5281 22
    endloop
  endfacet
  facet normal 0 0 1
    outer loop
      vertex -49 72.5 22
      vertex -44 75.5 22
      vertex -46 75.5 22
    endloop
  endfacet
  facet normal 0 0 1
    outer loop
      vertex -44 75.5 22
      vertex -49 72.5 22
      vertex -45.7652 18.2007 22
    endloop
  endfacet
  facet normal 0 0 1
    outer loop
      vertex -49 72.5 22
      vertex -46 75.5 22
      vertex -46.8843 75.3667 22
    endloop
  endfacet
  facet normal 0 0 1
    outer loop
      vertex -45.7652 18.2007 22
      vertex -49 72.5 22
      vertex -46.3497 18.5 22
    endloop
  endfacet
  facet normal 0 0 1
    outer loop
      vertex -46.3497 18.5 22
      vertex -49 72.5 22
      vertex -46.9475 18.3995 22
    endloop
  endfacet
  facet normal 0 0 1
    outer loop
      vertex -49 72.5 22
      vertex -46.8843 75.3667 22
      vertex -47.69 74.9787 22
    endloop
  endfacet
  facet normal 0 0 1
    outer loop
      vertex -46.9475 18.3995 22
      vertex -49 72.5 22
      vertex -47.5056 17.908 22
    endloop
  endfacet
  facet normal 0 0 1
    outer loop
      vertex -47.5056 17.908 22
      vertex -49 72.5 22
      vertex -47.9743 17.0694 22
    endloop
  endfacet
  facet normal 0 0 1
    outer loop
      vertex -49 72.5 22
      vertex -47.69 74.9787 22
      vertex -48.3455 74.3705 22
    endloop
  endfacet
  facet normal 0 0 1
    outer loop
      vertex -47.9743 17.0694 22
      vertex -49 72.5 22
      vertex -48.3121 15.958 22
    endloop
  endfacet
  facet normal 0 0 1
    outer loop
      vertex -48.3121 15.958 22
      vertex -49 72.5 22
      vertex -48.4888 14.6726 22
    endloop
  endfacet
  facet normal 0 0 1
    outer loop
      vertex -49 72.5 22
      vertex -48.3455 74.3705 22
      vertex -48.7926 73.596 22
    endloop
  endfacet
  facet normal -0 0 1
    outer loop
      vertex -44.5781 12.6699 22
      vertex -44 5.6 22
      vertex -44.4888 14 22
    endloop
  endfacet
  facet normal -0 0 1
    outer loop
      vertex -44.8382 11.458 22
      vertex -44 5.6 22
      vertex -44.5781 12.6699 22
    endloop
  endfacet
  facet normal -0 0 1
    outer loop
      vertex -45.246 10.4719 22
      vertex -44 5.6 22
      vertex -44.8382 11.458 22
    endloop
  endfacet
  facet normal -0 0 1
    outer loop
      vertex -45.7652 9.79932 22
      vertex -44 5.6 22
      vertex -45.246 10.4719 22
    endloop
  endfacet
  facet normal -0 0 1
    outer loop
      vertex -46.3497 9.5 22
      vertex -44 5.6 22
      vertex -45.7652 9.79932 22
    endloop
  endfacet
  facet normal 0 0 1
    outer loop
      vertex -46.3497 9.5 22
      vertex -46.5285 5.6 22
      vertex -44 5.6 22
    endloop
  endfacet
  facet normal 0 0 1
    outer loop
      vertex -48.4787 6.81004 22
      vertex -46.3497 9.5 22
      vertex -46.9475 9.60052 22
    endloop
  endfacet
  facet normal 0 0 1
    outer loop
      vertex -46.3497 9.5 22
      vertex -47.096 5.70738 22
      vertex -46.5285 5.6 22
    endloop
  endfacet
  facet normal 0 0 1
    outer loop
      vertex -49 8.5 22
      vertex -46.9475 9.60052 22
      vertex -47.5056 10.092 22
    endloop
  endfacet
  facet normal 0 0 1
    outer loop
      vertex -46.3497 9.5 22
      vertex -47.8705 6.15451 22
      vertex -47.096 5.70738 22
    endloop
  endfacet
  facet normal 0 0 1
    outer loop
      vertex -49 8.5 22
      vertex -47.5056 10.092 22
      vertex -47.9743 10.9306 22
    endloop
  endfacet
  facet normal 0 0 1
    outer loop
      vertex -49 8.5 22
      vertex -47.9743 10.9306 22
      vertex -48.3121 12.042 22
    endloop
  endfacet
  facet normal 0 0 1
    outer loop
      vertex -46.9475 9.60052 22
      vertex -49 8.5 22
      vertex -48.8667 7.61574 22
    endloop
  endfacet
  facet normal 0 0 1
    outer loop
      vertex -49 8.5 22
      vertex -48.3121 12.042 22
      vertex -48.4888 13.3274 22
    endloop
  endfacet
  facet normal 0 0 1
    outer loop
      vertex -49 8.5 22
      vertex -48.4888 14.6726 22
      vertex -49 72.5 22
    endloop
  endfacet
  facet normal 0 0 1
    outer loop
      vertex -48.4888 14.6726 22
      vertex -49 8.5 22
      vertex -48.4888 13.3274 22
    endloop
  endfacet
  facet normal 0 0 1
    outer loop
      vertex -46.3497 9.5 22
      vertex -48.4787 6.81004 22
      vertex -47.8705 6.15451 22
    endloop
  endfacet
  facet normal 0 0 1
    outer loop
      vertex -46.9475 9.60052 22
      vertex -48.8667 7.61574 22
      vertex -48.4787 6.81004 22
    endloop
  endfacet
  facet normal 0.986394 -4.70383e-07 -0.164399
    outer loop
      vertex -44.1667 5.6 20
      vertex -46 75.5 9
      vertex -44 75.5 21
    endloop
  endfacet
  facet normal 0.986393 0 -0.164406
    outer loop
      vertex -46 75.5 9
      vertex -46 5.5 9
      vertex -46.8843 75.3667 3.69443
    endloop
  endfacet
  facet normal 0.986394 8.08914e-07 -0.164396
    outer loop
      vertex -47.096 5.70738 2.42386
      vertex -46.8843 75.3667 3.69443
      vertex -46 5.5 9
    endloop
  endfacet
  facet normal 0.986392 0 -0.164408
    outer loop
      vertex -47.5 75.0702 0
      vertex -47.096 5.70738 2.42386
      vertex -47.5 5.94062 0
    endloop
  endfacet
  facet normal 0.986389 0 -0.164431
    outer loop
      vertex -44.1667 5.6 20
      vertex -44 75.5 21
      vertex -44 5.6 21
    endloop
  endfacet
  facet normal 0.986394 0 -0.164396
    outer loop
      vertex -46 75.5 9
      vertex -44.1667 5.6 20
      vertex -46 5.5 9
    endloop
  endfacet
  facet normal 0.986393 0.000658795 -0.164402
    outer loop
      vertex -46 5.5 9
      vertex -44.1667 5.6 20
      vertex -44.1733 5.5 19.96
    endloop
  endfacet
  facet normal 0.986396 6.87543e-07 -0.164389
    outer loop
      vertex -46.8843 75.3667 3.69443
      vertex -47.096 5.70738 2.42386
      vertex -47.5 75.0702 0
    endloop
  endfacet
  facet normal 0 -1 0
    outer loop
      vertex -44 75.5 21
      vertex 44 75.5 22
      vertex -44 75.5 22
    endloop
  endfacet
  facet normal 0 -1 0
    outer loop
      vertex -44 75.5 21
      vertex 44 75.5 21
      vertex 44 75.5 22
    endloop
  endfacet
  facet normal 0 -1 0
    outer loop
      vertex -46 75.5 9
      vertex 44 75.5 21
      vertex -44 75.5 21
    endloop
  endfacet
  facet normal 0 -1 0
    outer loop
      vertex -46 75.5 9
      vertex 46 75.5 9
      vertex 44 75.5 21
    endloop
  endfacet
  facet normal 0 -1 0
    outer loop
      vertex -46 75.5 0
      vertex 46 75.5 9
      vertex -46 75.5 9
    endloop
  endfacet
  facet normal 0 -1 -0
    outer loop
      vertex 46 75.5 9
      vertex -46 75.5 0
      vertex 46 75.5 0
    endloop
  endfacet
  facet normal 0 -1 0
    outer loop
      vertex -46 75.5 33
      vertex 46 75.5 168
      vertex -46 75.5 168
    endloop
  endfacet
  facet normal 0 -1 0
    outer loop
      vertex -46 75.5 33
      vertex 46 75.5 33
      vertex 46 75.5 168
    endloop
  endfacet
  facet normal 0 -1 0
    outer loop
      vertex -44 75.5 22
      vertex -46 75.5 33
      vertex -46 75.5 31
    endloop
  endfacet
  facet normal 0 -1 0
    outer loop
      vertex -46 75.5 33
      vertex -44 75.5 22
      vertex 46 75.5 33
    endloop
  endfacet
  facet normal 0 -1 0
    outer loop
      vertex -44 75.5 22
      vertex -46 75.5 31
      vertex -46 75.5 22
    endloop
  endfacet
  facet normal 0 -1 0
    outer loop
      vertex 44 75.5 22
      vertex 46 75.5 33
      vertex -44 75.5 22
    endloop
  endfacet
  facet normal 0 -1 -0
    outer loop
      vertex 46 75.5 33
      vertex 44 75.5 22
      vertex 46 75.5 31
    endloop
  endfacet
  facet normal 0 -1 -0
    outer loop
      vertex 46 75.5 31
      vertex 44 75.5 22
      vertex 46 75.5 22
    endloop
  endfacet
  facet normal 1 -0 0
    outer loop
      vertex -49 8.5 168
      vertex -49 72.5 33
      vertex -49 72.5 168
    endloop
  endfacet
  facet normal 1 0 0
    outer loop
      vertex -49 72.5 33
      vertex -49 8.5 168
      vertex -49 8.5 33
    endloop
  endfacet
  facet normal 1 -0 0
    outer loop
      vertex -49 8.5 26.5
      vertex -49 72.5 22
      vertex -49 72.5 26.5
    endloop
  endfacet
  facet normal 1 0 0
    outer loop
      vertex -49 72.5 22
      vertex -49 8.5 26.5
      vertex -49 8.5 22
    endloop
  endfacet
  facet normal 0 1 0
    outer loop
      vertex 75 5.5 126
      vertex 69 5.5 132
      vertex 70.3351 5.5 131.85
    endloop
  endfacet
  facet normal 0 1 0
    outer loop
      vertex 75 5.5 126
      vertex 70.3351 5.5 131.85
      vertex 71.192 5.5 131.585
    endloop
  endfacet
  facet normal 0 1 0
    outer loop
      vertex 75 5.5 126
      vertex 71.192 5.5 131.585
      vertex 72 5.5 131.196
    endloop
  endfacet
  facet normal 0 1 0
    outer loop
      vertex 75 5.5 126
      vertex 72 5.5 131.196
      vertex 72.7409 5.5 130.691
    endloop
  endfacet
  facet normal 0 1 0
    outer loop
      vertex 75 5.5 126
      vertex 72.7409 5.5 130.691
      vertex 73.3983 5.5 130.081
    endloop
  endfacet
  facet normal 0 1 0
    outer loop
      vertex 75 5.5 126
      vertex 73.3983 5.5 130.081
      vertex 73.9574 5.5 129.38
    endloop
  endfacet
  facet normal 0 1 0
    outer loop
      vertex 75 5.5 126
      vertex 73.9574 5.5 129.38
      vertex 74.4058 5.5 128.603
    endloop
  endfacet
  facet normal 0 1 0
    outer loop
      vertex 75 5.5 126
      vertex 74.4058 5.5 128.603
      vertex 74.7334 5.5 127.769
    endloop
  endfacet
  facet normal 0 1 0
    outer loop
      vertex 75 5.5 126
      vertex 74.7334 5.5 127.769
      vertex 74.933 5.5 126.894
    endloop
  endfacet
  facet normal 0 1 0
    outer loop
      vertex 69 5.5 132
      vertex 75 5.5 126
      vertex 51.8613 5.5 132
    endloop
  endfacet
  facet normal 0 1 -0
    outer loop
      vertex 75 5.5 6
      vertex 51.8613 5.5 132
      vertex 75 5.5 126
    endloop
  endfacet
  facet normal 0 1 0
    outer loop
      vertex 69 5.5 0
      vertex 75 5.5 6
      vertex 74.8496 5.5 4.66487
    endloop
  endfacet
  facet normal 0 1 0
    outer loop
      vertex 69 5.5 0
      vertex 74.8496 5.5 4.66487
      vertex 74.5852 5.5 3.80795
    endloop
  endfacet
  facet normal 0 1 0
    outer loop
      vertex 69 5.5 0
      vertex 74.5852 5.5 3.80795
      vertex 74.1962 5.5 3
    endloop
  endfacet
  facet normal 0 1 0
    outer loop
      vertex 69 5.5 0
      vertex 74.1962 5.5 3
      vertex 73.691 5.5 2.25906
    endloop
  endfacet
  facet normal 0 1 0
    outer loop
      vertex 69 5.5 0
      vertex 73.691 5.5 2.25906
      vertex 73.081 5.5 1.60168
    endloop
  endfacet
  facet normal 0 1 0
    outer loop
      vertex 69 5.5 0
      vertex 73.081 5.5 1.60168
      vertex 72.3799 5.5 1.04257
    endloop
  endfacet
  facet normal 0 1 0
    outer loop
      vertex 69 5.5 0
      vertex 72.3799 5.5 1.04257
      vertex 71.6033 5.5 0.594193
    endloop
  endfacet
  facet normal 0 1 0
    outer loop
      vertex 69 5.5 0
      vertex 71.6033 5.5 0.594193
      vertex 70.7685 5.5 0.266556
    endloop
  endfacet
  facet normal 0 1 0
    outer loop
      vertex 69 5.5 0
      vertex 70.7685 5.5 0.266556
      vertex 69.8943 5.5 0.0670166
    endloop
  endfacet
  facet normal 0 1 0
    outer loop
      vertex 75 5.5 6
      vertex 69 5.5 0
      vertex 51.8613 5.5 0
    endloop
  endfacet
  facet normal 0 1 0
    outer loop
      vertex 75 5.5 6
      vertex 51.8613 5.5 0
      vertex 51.8613 5.5 132
    endloop
  endfacet
  facet normal 0 1 0
    outer loop
      vertex -75 5.5 126
      vertex -69 5.5 132
      vertex -51.8613 5.5 132
    endloop
  endfacet
  facet normal 0 1 0
    outer loop
      vertex -69 5.5 132
      vertex -75 5.5 126
      vertex -69.8943 5.5 131.933
    endloop
  endfacet
  facet normal 0 1 0
    outer loop
      vertex -69.8943 5.5 131.933
      vertex -75 5.5 126
      vertex -70.7685 5.5 131.733
    endloop
  endfacet
  facet normal 0 1 0
    outer loop
      vertex -70.7685 5.5 131.733
      vertex -75 5.5 126
      vertex -71.6033 5.5 131.406
    endloop
  endfacet
  facet normal 0 1 0
    outer loop
      vertex -71.6033 5.5 131.406
      vertex -75 5.5 126
      vertex -72.3799 5.5 130.957
    endloop
  endfacet
  facet normal 0 1 0
    outer loop
      vertex -72.3799 5.5 130.957
      vertex -75 5.5 126
      vertex -73.081 5.5 130.398
    endloop
  endfacet
  facet normal 0 1 0
    outer loop
      vertex -73.081 5.5 130.398
      vertex -75 5.5 126
      vertex -73.691 5.5 129.741
    endloop
  endfacet
  facet normal 0 1 0
    outer loop
      vertex -73.691 5.5 129.741
      vertex -75 5.5 126
      vertex -74.1962 5.5 129
    endloop
  endfacet
  facet normal 0 1 0
    outer loop
      vertex -74.1962 5.5 129
      vertex -75 5.5 126
      vertex -74.5852 5.5 128.192
    endloop
  endfacet
  facet normal 0 1 0
    outer loop
      vertex -74.5852 5.5 128.192
      vertex -75 5.5 126
      vertex -74.8496 5.5 127.335
    endloop
  endfacet
  facet normal 0 1 0
    outer loop
      vertex -51.8613 5.5 132
      vertex -75 5.5 6
      vertex -75 5.5 126
    endloop
  endfacet
  facet normal 0 1 -0
    outer loop
      vertex -51.8613 5.5 0
      vertex -75 5.5 6
      vertex -51.8613 5.5 132
    endloop
  endfacet
  facet normal 0 1 -0
    outer loop
      vertex -69 5.5 0
      vertex -75 5.5 6
      vertex -51.8613 5.5 0
    endloop
  endfacet
  facet normal 0 1 0
    outer loop
      vertex -75 5.5 6
      vertex -69 5.5 0
      vertex -74.933 5.5 5.10574
    endloop
  endfacet
  facet normal 0 1 0
    outer loop
      vertex -74.933 5.5 5.10574
      vertex -69 5.5 0
      vertex -74.7334 5.5 4.23148
    endloop
  endfacet
  facet normal 0 1 0
    outer loop
      vertex -74.7334 5.5 4.23148
      vertex -69 5.5 0
      vertex -74.4058 5.5 3.3967
    endloop
  endfacet
  facet normal 0 1 0
    outer loop
      vertex -74.4058 5.5 3.3967
      vertex -69 5.5 0
      vertex -73.9574 5.5 2.62009
    endloop
  endfacet
  facet normal 0 1 0
    outer loop
      vertex -73.9574 5.5 2.62009
      vertex -69 5.5 0
      vertex -73.3983 5.5 1.91896
    endloop
  endfacet
  facet normal 0 1 0
    outer loop
      vertex -73.3983 5.5 1.91896
      vertex -69 5.5 0
      vertex -72.7409 5.5 1.30901
    endloop
  endfacet
  facet normal 0 1 0
    outer loop
      vertex -72.7409 5.5 1.30901
      vertex -69 5.5 0
      vertex -72 5.5 0.803848
    endloop
  endfacet
  facet normal 0 1 0
    outer loop
      vertex -72 5.5 0.803848
      vertex -69 5.5 0
      vertex -71.192 5.5 0.414764
    endloop
  endfacet
  facet normal 0 1 0
    outer loop
      vertex -71.192 5.5 0.414764
      vertex -69 5.5 0
      vertex -70.3351 5.5 0.150436
    endloop
  endfacet
  facet normal 0 1 0
    outer loop
      vertex 46 5.5 9
      vertex -44.1733 5.5 19.96
      vertex 44.1733 5.5 19.96
    endloop
  endfacet
  facet normal 0 1 0
    outer loop
      vertex 46 5.5 9
      vertex -46 5.5 9
      vertex -44.1733 5.5 19.96
    endloop
  endfacet
  facet normal 0 1 -0
    outer loop
      vertex 46 5.5 0
      vertex -46 5.5 9
      vertex 46 5.5 9
    endloop
  endfacet
  facet normal 0 1 0
    outer loop
      vertex -46 5.5 9
      vertex 46 5.5 0
      vertex -46 5.5 0
    endloop
  endfacet
  facet normal 0 1 0
    outer loop
      vertex 46 5.5 168
      vertex 45.5 5.5 75.04
      vertex -46 5.5 168
    endloop
  endfacet
  facet normal 0 1 0
    outer loop
      vertex 46 5.5 168
      vertex 45.5027 5.5 75.0399
      vertex 45.5 5.5 75.04
    endloop
  endfacet
  facet normal -0 1 0
    outer loop
      vertex 45.5027 5.5 75.0399
      vertex 46 5.5 168
      vertex 46 5.5 75.0064
    endloop
  endfacet
  facet normal 0 1 -0
    outer loop
      vertex -45.5 5.5 75.04
      vertex -46 5.5 168
      vertex 45.5 5.5 75.04
    endloop
  endfacet
  facet normal 0 1 -0
    outer loop
      vertex -45.5036 5.5 75.0398
      vertex -46 5.5 168
      vertex -45.5 5.5 75.04
    endloop
  endfacet
  facet normal 0 1 0
    outer loop
      vertex -46 5.5 168
      vertex -45.5036 5.5 75.0398
      vertex -46 5.5 74.9952
    endloop
  endfacet
  facet normal 1 -0 0
    outer loop
      vertex -44 5.6 22
      vertex -44 75.5 21
      vertex -44 75.5 22
    endloop
  endfacet
  facet normal 1 0 0
    outer loop
      vertex -44 75.5 21
      vertex -44 5.6 22
      vertex -44 5.6 21
    endloop
  endfacet
  facet normal -1 0 0
    outer loop
      vertex 44 5.6 21
      vertex 44 75.5 22
      vertex 44 75.5 21
    endloop
  endfacet
  facet normal -1 -0 0
    outer loop
      vertex 44 75.5 22
      vertex 44 5.6 21
      vertex 44 5.6 22
    endloop
  endfacet
  facet normal -1 0 0
    outer loop
      vertex 49 8.5 33
      vertex 49 72.5 168
      vertex 49 72.5 33
    endloop
  endfacet
  facet normal -1 -0 0
    outer loop
      vertex 49 72.5 168
      vertex 49 8.5 33
      vertex 49 8.5 168
    endloop
  endfacet
  facet normal -1 0 0
    outer loop
      vertex 49 8.5 22
      vertex 49 72.5 26.5
      vertex 49 72.5 22
    endloop
  endfacet
  facet normal -1 -0 0
    outer loop
      vertex 49 72.5 26.5
      vertex 49 8.5 22
      vertex 49 8.5 26.5
    endloop
  endfacet
  facet normal 0 0 1
    outer loop
      vertex 46 75.5 22
      vertex 49 72.5 22
      vertex 48.8667 73.3843 22
    endloop
  endfacet
  facet normal 0 0 1
    outer loop
      vertex 49 72.5 22
      vertex 48.4219 15.3301 22
      vertex 49 8.5 22
    endloop
  endfacet
  facet normal -0 0 1
    outer loop
      vertex 48.4219 12.6699 22
      vertex 49 8.5 22
      vertex 48.5112 14 22
    endloop
  endfacet
  facet normal 0 0 1
    outer loop
      vertex 46 75.5 22
      vertex 48.8667 73.3843 22
      vertex 48.4787 74.19 22
    endloop
  endfacet
  facet normal 0 0 1
    outer loop
      vertex 49 8.5 22
      vertex 48.4219 15.3301 22
      vertex 48.5112 14 22
    endloop
  endfacet
  facet normal 0 0 1
    outer loop
      vertex 49 72.5 22
      vertex 48.1618 16.542 22
      vertex 48.4219 15.3301 22
    endloop
  endfacet
  facet normal 0 0 1
    outer loop
      vertex 46 75.5 22
      vertex 48.4787 74.19 22
      vertex 47.8705 74.8455 22
    endloop
  endfacet
  facet normal 0 0 1
    outer loop
      vertex 49 72.5 22
      vertex 47.754 17.5281 22
      vertex 48.1618 16.542 22
    endloop
  endfacet
  facet normal 0 0 1
    outer loop
      vertex 49 72.5 22
      vertex 47.2348 18.2007 22
      vertex 47.754 17.5281 22
    endloop
  endfacet
  facet normal 0 0 1
    outer loop
      vertex 46 75.5 22
      vertex 47.8705 74.8455 22
      vertex 47.096 75.2926 22
    endloop
  endfacet
  facet normal 0 0 1
    outer loop
      vertex 49 72.5 22
      vertex 46.6503 18.5 22
      vertex 47.2348 18.2007 22
    endloop
  endfacet
  facet normal 0 0 1
    outer loop
      vertex 49 72.5 22
      vertex 44 75.5 22
      vertex 46.0525 18.3995 22
    endloop
  endfacet
  facet normal 0 0 1
    outer loop
      vertex 49 72.5 22
      vertex 46 75.5 22
      vertex 44 75.5 22
    endloop
  endfacet
  facet normal 0 0 1
    outer loop
      vertex 49 72.5 22
      vertex 46.0525 18.3995 22
      vertex 46.6503 18.5 22
    endloop
  endfacet
  facet normal 0 0 1
    outer loop
      vertex 46.0525 18.3995 22
      vertex 44 75.5 22
      vertex 45.4944 17.908 22
    endloop
  endfacet
  facet normal 0 0 1
    outer loop
      vertex 45.4944 17.908 22
      vertex 44 75.5 22
      vertex 45.0257 17.0694 22
    endloop
  endfacet
  facet normal 0 0 1
    outer loop
      vertex 45.0257 17.0694 22
      vertex 44 75.5 22
      vertex 44.6879 15.958 22
    endloop
  endfacet
  facet normal 0 0 1
    outer loop
      vertex 44 5.6 22
      vertex 44.5112 14.6726 22
      vertex 44 75.5 22
    endloop
  endfacet
  facet normal 0 0 1
    outer loop
      vertex 44.6879 15.958 22
      vertex 44 75.5 22
      vertex 44.5112 14.6726 22
    endloop
  endfacet
  facet normal -0 0 1
    outer loop
      vertex 48.1618 11.458 22
      vertex 49 8.5 22
      vertex 48.4219 12.6699 22
    endloop
  endfacet
  facet normal -0 0 1
    outer loop
      vertex 47.754 10.4719 22
      vertex 49 8.5 22
      vertex 48.1618 11.458 22
    endloop
  endfacet
  facet normal -0 0 1
    outer loop
      vertex 47.2348 9.79932 22
      vertex 49 8.5 22
      vertex 47.754 10.4719 22
    endloop
  endfacet
  facet normal -0 0 1
    outer loop
      vertex 46.6503 9.5 22
      vertex 49 8.5 22
      vertex 47.2348 9.79932 22
    endloop
  endfacet
  facet normal 0 0 1
    outer loop
      vertex 49 8.5 22
      vertex 46.6503 9.5 22
      vertex 48.7926 7.40398 22
    endloop
  endfacet
  facet normal 0 0 1
    outer loop
      vertex 48.7926 7.40398 22
      vertex 46.6503 9.5 22
      vertex 48.3455 6.62953 22
    endloop
  endfacet
  facet normal 0 0 1
    outer loop
      vertex 48.3455 6.62953 22
      vertex 46.6503 9.5 22
      vertex 47.69 6.02129 22
    endloop
  endfacet
  facet normal 0 -0 1
    outer loop
      vertex 46.6634 5.6 22
      vertex 47.69 6.02129 22
      vertex 46.6503 9.5 22
    endloop
  endfacet
  facet normal 0 0 1
    outer loop
      vertex 47.69 6.02129 22
      vertex 46.6634 5.6 22
      vertex 46.8843 5.63329 22
    endloop
  endfacet
  facet normal 0 0 1
    outer loop
      vertex 46.0525 9.60052 22
      vertex 46.6634 5.6 22
      vertex 46.6503 9.5 22
    endloop
  endfacet
  facet normal 0 0 1
    outer loop
      vertex 44 5.6 22
      vertex 46.0525 9.60052 22
      vertex 45.4944 10.092 22
    endloop
  endfacet
  facet normal 0 0 1
    outer loop
      vertex 44 5.6 22
      vertex 45.4944 10.092 22
      vertex 45.0257 10.9306 22
    endloop
  endfacet
  facet normal 0 0 1
    outer loop
      vertex 46.0525 9.60052 22
      vertex 44 5.6 22
      vertex 46.6634 5.6 22
    endloop
  endfacet
  facet normal 0 0 1
    outer loop
      vertex 44.6879 12.042 22
      vertex 44 5.6 22
      vertex 45.0257 10.9306 22
    endloop
  endfacet
  facet normal 0 0 1
    outer loop
      vertex 44.5112 13.3274 22
      vertex 44 5.6 22
      vertex 44.6879 12.042 22
    endloop
  endfacet
  facet normal 0 0 1
    outer loop
      vertex 44.5112 14.6726 22
      vertex 44 5.6 22
      vertex 44.5112 13.3274 22
    endloop
  endfacet
  facet normal -0.986394 -0 -0.164396
    outer loop
      vertex 46 75.5 9
      vertex 46 5.5 9
      vertex 44.1667 5.6 20
    endloop
  endfacet
  facet normal -0.986393 0.000658795 -0.164402
    outer loop
      vertex 44.1667 5.6 20
      vertex 46 5.5 9
      vertex 44.1733 5.5 19.96
    endloop
  endfacet
  facet normal -0.986394 -8.08914e-07 -0.164396
    outer loop
      vertex 46.8843 5.63329 3.69443
      vertex 46 75.5 9
      vertex 47.096 75.2926 2.42386
    endloop
  endfacet
  facet normal -0.986392 -1.04458e-06 -0.164408
    outer loop
      vertex 46.8843 5.63329 3.69443
      vertex 47.096 75.2926 2.42386
      vertex 47.5 75.0594 0
    endloop
  endfacet
  facet normal -0.986396 0 -0.164389
    outer loop
      vertex 46.8843 5.63329 3.69443
      vertex 47.5 75.0594 0
      vertex 47.5 5.92981 0
    endloop
  endfacet
  facet normal -0.986393 0 -0.164406
    outer loop
      vertex 46 5.5 9
      vertex 46 75.5 9
      vertex 46.8843 5.63329 3.69443
    endloop
  endfacet
  facet normal -0.986394 -4.70383e-07 -0.164399
    outer loop
      vertex 46 75.5 9
      vertex 44.1667 5.6 20
      vertex 44 75.5 21
    endloop
  endfacet
  facet normal -0.986389 -0 -0.164431
    outer loop
      vertex 44 75.5 21
      vertex 44.1667 5.6 20
      vertex 44 5.6 21
    endloop
  endfacet
  facet normal 0 0 -1
    outer loop
      vertex -49 72.5 26.5
      vertex -48.5 74.1029 26.5
      vertex -48.5 6.85424 26.5
    endloop
  endfacet
  facet normal 0 0 -1
    outer loop
      vertex -49 8.5 26.5
      vertex -48.5 6.85424 26.5
      vertex -48.8667 7.61574 26.5
    endloop
  endfacet
  facet normal 0 0 -1
    outer loop
      vertex -49 72.5 26.5
      vertex -48.5 6.85424 26.5
      vertex -49 8.5 26.5
    endloop
  endfacet
  facet normal 0 0 -1
    outer loop
      vertex -48.5 74.1029 26.5
      vertex -49 72.5 26.5
      vertex -48.7926 73.596 26.5
    endloop
  endfacet
  facet normal -0 0 1
    outer loop
      vertex -49 72.5 33
      vertex -46 5.6 33
      vertex -46 75.5 33
    endloop
  endfacet
  facet normal 0 0 1
    outer loop
      vertex -49 72.5 33
      vertex -46 75.5 33
      vertex -46.8843 75.3667 33
    endloop
  endfacet
  facet normal 0 0 1
    outer loop
      vertex -46 5.6 33
      vertex -49 72.5 33
      vertex -49 8.5 33
    endloop
  endfacet
  facet normal 0 0 1
    outer loop
      vertex -49 72.5 33
      vertex -46.8843 75.3667 33
      vertex -47.69 74.9787 33
    endloop
  endfacet
  facet normal -0 -0 1
    outer loop
      vertex -48.8667 7.61574 33
      vertex -46 5.6 33
      vertex -49 8.5 33
    endloop
  endfacet
  facet normal 0 0 1
    outer loop
      vertex -49 72.5 33
      vertex -47.69 74.9787 33
      vertex -48.3455 74.3705 33
    endloop
  endfacet
  facet normal -0 -0 1
    outer loop
      vertex -48.4787 6.81004 33
      vertex -46 5.6 33
      vertex -48.8667 7.61574 33
    endloop
  endfacet
  facet normal 0 0 1
    outer loop
      vertex -49 72.5 33
      vertex -48.3455 74.3705 33
      vertex -48.7926 73.596 33
    endloop
  endfacet
  facet normal 0 0 1
    outer loop
      vertex -46.5285 5.6 33
      vertex -47.8705 6.15451 33
      vertex -47.096 5.70738 33
    endloop
  endfacet
  facet normal 0 0 1
    outer loop
      vertex -46 5.6 33
      vertex -47.8705 6.15451 33
      vertex -46.5285 5.6 33
    endloop
  endfacet
  facet normal -0 -0 1
    outer loop
      vertex -47.8705 6.15451 33
      vertex -46 5.6 33
      vertex -48.4787 6.81004 33
    endloop
  endfacet
  facet normal 1 -0 0
    outer loop
      vertex -46 5.6 33
      vertex -46 75.5 31
      vertex -46 75.5 33
    endloop
  endfacet
  facet normal 1 0 0
    outer loop
      vertex -46 75.5 31
      vertex -46 5.6 33
      vertex -46 5.6 31
    endloop
  endfacet
  facet normal 0.87415 5.38298e-05 -0.485656
    outer loop
      vertex -48.5 74.1029 26.5
      vertex -46.8843 75.3667 29.4083
      vertex -46 75.5 31
    endloop
  endfacet
  facet normal 0.874131 0.000160308 -0.485691
    outer loop
      vertex -46.8843 75.3667 29.4083
      vertex -48.5 74.1029 26.5
      vertex -47.69 74.9787 27.9581
    endloop
  endfacet
  facet normal 0.874195 -9.2113e-05 -0.485575
    outer loop
      vertex -47.69 74.9787 27.9581
      vertex -48.5 74.1029 26.5
      vertex -48.3455 74.3705 26.7781
    endloop
  endfacet
  facet normal 0.874157 0 -0.485643
    outer loop
      vertex -46 5.6 31
      vertex -48.5 74.1029 26.5
      vertex -46 75.5 31
    endloop
  endfacet
  facet normal 0.874157 0 -0.485643
    outer loop
      vertex -48.5 74.1029 26.5
      vertex -46 5.6 31
      vertex -48.5 6.85424 26.5
    endloop
  endfacet
  facet normal 0.874157 -3.9043e-15 -0.485643
    outer loop
      vertex -46.5285 5.6 30.0487
      vertex -48.5 6.85424 26.5
      vertex -46 5.6 31
    endloop
  endfacet
  facet normal 0.874133 -0.000162301 -0.485687
    outer loop
      vertex -47.8705 6.15451 27.6332
      vertex -48.5 6.85424 26.5
      vertex -46.5285 5.6 30.0487
    endloop
  endfacet
  facet normal 0.874444 0.00102548 -0.485126
    outer loop
      vertex -48.5 6.85424 26.5
      vertex -47.8705 6.15451 27.6332
      vertex -48.4787 6.81004 26.5383
    endloop
  endfacet
  facet normal 0.874164 0.000161563 -0.48563
    outer loop
      vertex -47.8705 6.15451 27.6332
      vertex -46.5285 5.6 30.0487
      vertex -47.096 5.70738 29.0272
    endloop
  endfacet
  facet normal 0 0 1
    outer loop
      vertex 46 75.5 33
      vertex 49 72.5 33
      vertex 48.8667 73.3843 33
    endloop
  endfacet
  facet normal 0 0 1
    outer loop
      vertex 46 5.6 33
      vertex 49 72.5 33
      vertex 46 75.5 33
    endloop
  endfacet
  facet normal 0 0 1
    outer loop
      vertex 46 75.5 33
      vertex 48.8667 73.3843 33
      vertex 48.4787 74.19 33
    endloop
  endfacet
  facet normal 0 0 1
    outer loop
      vertex 49 72.5 33
      vertex 46 5.6 33
      vertex 49 8.5 33
    endloop
  endfacet
  facet normal 0 0 1
    outer loop
      vertex 46 75.5 33
      vertex 48.4787 74.19 33
      vertex 47.8705 74.8455 33
    endloop
  endfacet
  facet normal 0 0 1
    outer loop
      vertex 49 8.5 33
      vertex 46 5.6 33
      vertex 48.7926 7.40398 33
    endloop
  endfacet
  facet normal 0 0 1
    outer loop
      vertex 46 75.5 33
      vertex 47.8705 74.8455 33
      vertex 47.096 75.2926 33
    endloop
  endfacet
  facet normal 0 0 1
    outer loop
      vertex 48.7926 7.40398 33
      vertex 46 5.6 33
      vertex 48.3455 6.62953 33
    endloop
  endfacet
  facet normal 0 -0 1
    outer loop
      vertex 46.6634 5.6 33
      vertex 47.69 6.02129 33
      vertex 46 5.6 33
    endloop
  endfacet
  facet normal 0 0 1
    outer loop
      vertex 48.3455 6.62953 33
      vertex 46 5.6 33
      vertex 47.69 6.02129 33
    endloop
  endfacet
  facet normal 0 0 1
    outer loop
      vertex 47.69 6.02129 33
      vertex 46.6634 5.6 33
      vertex 46.8843 5.63329 33
    endloop
  endfacet
  facet normal -1 0 0
    outer loop
      vertex 46 5.6 31
      vertex 46 75.5 33
      vertex 46 75.5 31
    endloop
  endfacet
  facet normal -1 -0 0
    outer loop
      vertex 46 75.5 33
      vertex 46 5.6 31
      vertex 46 5.6 33
    endloop
  endfacet
  facet normal 0 0 -1
    outer loop
      vertex 48.5 74.1458 26.5
      vertex 49 72.5 26.5
      vertex 49 8.5 26.5
    endloop
  endfacet
  facet normal 0 0 -1
    outer loop
      vertex 48.5 6.89715 26.5
      vertex 49 8.5 26.5
      vertex 48.7926 7.40398 26.5
    endloop
  endfacet
  facet normal 0 0 -1
    outer loop
      vertex 48.5 74.1458 26.5
      vertex 49 8.5 26.5
      vertex 48.5 6.89715 26.5
    endloop
  endfacet
  facet normal 0 0 -1
    outer loop
      vertex 49 72.5 26.5
      vertex 48.5 74.1458 26.5
      vertex 48.8667 73.3843 26.5
    endloop
  endfacet
  facet normal -0.874107 0.000261825 -0.485734
    outer loop
      vertex 48.5 74.1458 26.5
      vertex 47.096 75.2926 29.0272
      vertex 47.8705 74.8455 27.6332
    endloop
  endfacet
  facet normal -0.874444 -0.00102543 -0.485126
    outer loop
      vertex 48.5 74.1458 26.5
      vertex 47.8705 74.8455 27.6332
      vertex 48.4787 74.19 26.5383
    endloop
  endfacet
  facet normal -0.874157 -7.1465e-15 -0.485643
    outer loop
      vertex 47.096 75.2926 29.0272
      vertex 48.5 74.1458 26.5
      vertex 46 75.5 31
    endloop
  endfacet
  facet normal -0.874157 0 -0.485643
    outer loop
      vertex 46 5.6 31
      vertex 48.5 74.1458 26.5
      vertex 48.5 6.89715 26.5
    endloop
  endfacet
  facet normal -0.874195 9.21052e-05 -0.485575
    outer loop
      vertex 47.69 6.02129 27.9581
      vertex 48.5 6.89715 26.5
      vertex 48.3455 6.62953 26.7781
    endloop
  endfacet
  facet normal -0.874116 -0.000216308 -0.485717
    outer loop
      vertex 48.5 6.89715 26.5
      vertex 47.69 6.02129 27.9581
      vertex 46.6634 5.6 29.8058
    endloop
  endfacet
  facet normal -0.87407 -0.000688266 -0.485799
    outer loop
      vertex 46.6634 5.6 29.8058
      vertex 47.69 6.02129 27.9581
      vertex 46.8843 5.63329 29.4083
    endloop
  endfacet
  facet normal -0.874171 0.000112865 -0.485618
    outer loop
      vertex 48.5 6.89715 26.5
      vertex 46.6634 5.6 29.8058
      vertex 46 5.6 31
    endloop
  endfacet
  facet normal -0.874157 0 -0.485643
    outer loop
      vertex 48.5 74.1458 26.5
      vertex 46 5.6 31
      vertex 46 75.5 31
    endloop
  endfacet
  facet normal 0.671853 -0.277803 0.686614
    outer loop
      vertex -45.102 11.8615 22.6554
      vertex -45.2968 10.6148 22.3416
      vertex -44.9056 11.5609 22.3416
    endloop
  endfacet
  facet normal -0.239509 0.272012 0.932011
    outer loop
      vertex -46.8765 17.7011 22.6554
      vertex -47.346 17.2877 22.6554
      vertex -47.1585 16.5592 22.9162
    endloop
  endfacet
  facet normal 0.510115 0.393831 0.764643
    outer loop
      vertex -45.795 18.0305 22.3416
      vertex -45.8819 17.5338 22.6554
      vertex -45.2968 17.3852 22.3416
    endloop
  endfacet
  facet normal 0.970611 -0.065255 0.231639
    outer loop
      vertex -44.5702 14 22.3416
      vertex -44.656 12.7238 22.3416
      vertex -44.5781 12.6699 22
    endloop
  endfacet
  facet normal -0.962311 -0.132256 0.237625
    outer loop
      vertex -48.4082 13.3547 22.3416
      vertex -48.4888 13.3274 22
      vertex -48.2387 12.1214 22.3416
    endloop
  endfacet
  facet normal 0.361191 0.0242591 0.932176
    outer loop
      vertex -45.2414 14.871 22.9162
      vertex -45.7016 14.5526 23.1028
      vertex -45.1829 14 22.9162
    endloop
  endfacet
  facet normal 0.274307 0.113427 0.954929
    outer loop
      vertex -45.6788 16.3104 22.9162
      vertex -45.8097 15.056 23.1028
      vertex -45.4118 15.6647 22.9162
    endloop
  endfacet
  facet normal -0.722653 -0.219628 0.65539
    outer loop
      vertex -47.7403 11.4179 22.6554
      vertex -48.2387 12.1214 22.3416
      vertex -47.9146 11.055 22.3416
    endloop
  endfacet
  facet normal -0.602326 0.336589 0.723817
    outer loop
      vertex -47.346 17.2877 22.6554
      vertex -47.9146 16.945 22.3416
      vertex -47.7403 16.5821 22.6554
    endloop
  endfacet
  facet normal -0.168512 -0.0231254 0.985428
    outer loop
      vertex -46.783 13.9043 23.2
      vertex -47.3262 13.7206 23.1028
      vertex -46.7579 13.7214 23.2
    endloop
  endfacet
  facet normal -0.146844 0.873754 0.46367
    outer loop
      vertex -46.3497 18.5 22
      vertex -46.9294 18.2213 22.3416
      vertex -46.3558 18.3177 22.3416
    endloop
  endfacet
  facet normal 0.795862 0.0534842 0.603111
    outer loop
      vertex -44.5702 14 22.3416
      vertex -44.8832 15.119 22.6554
      vertex -44.808 14 22.6554
    endloop
  endfacet
  facet normal -0.0133224 -0.0792821 0.996763
    outer loop
      vertex -46.5637 13.3739 23.2
      vertex -46.6859 12.1724 23.1028
      vertex -46.4786 13.3596 23.2
    endloop
  endfacet
  facet normal 0.947172 0.203284 0.248073
    outer loop
      vertex -44.5781 15.3301 22
      vertex -44.8382 16.542 22
      vertex -44.656 15.2762 22.3416
    endloop
  endfacet
  facet normal 0.248788 -0.485817 0.837906
    outer loop
      vertex -45.8819 10.4662 22.6554
      vertex -46.3736 10.2144 22.6554
      vertex -45.795 9.96948 22.3416
    endloop
  endfacet
  facet normal 0.570644 -0.0383489 0.820301
    outer loop
      vertex -44.808 14 22.6554
      vertex -45.1829 14 22.9162
      vertex -44.8832 12.881 22.6554
    endloop
  endfacet
  facet normal -0.168511 0.0231624 0.985428
    outer loop
      vertex -47.2528 14.8134 23.1028
      vertex -47.3262 14.2794 23.1028
      vertex -46.7579 14.2786 23.2
    endloop
  endfacet
  facet normal 0.332053 0.0712887 0.940563
    outer loop
      vertex -45.4118 15.6647 22.9162
      vertex -45.7016 14.5526 23.1028
      vertex -45.2414 14.871 22.9162
    endloop
  endfacet
  facet normal 0.531836 0.11414 0.83912
    outer loop
      vertex -45.102 16.1385 22.6554
      vertex -45.4118 15.6647 22.9162
      vertex -44.8832 15.119 22.6554
    endloop
  endfacet
  facet normal 0.671853 0.277803 0.686614
    outer loop
      vertex -44.9056 16.4391 22.3416
      vertex -45.2968 17.3852 22.3416
      vertex -45.102 16.1385 22.6554
    endloop
  endfacet
  facet normal 0.758633 0.16283 0.630842
    outer loop
      vertex -44.656 15.2762 22.3416
      vertex -44.9056 16.4391 22.3416
      vertex -44.8832 15.119 22.6554
    endloop
  endfacet
  facet normal 0.758667 0.162821 0.630804
    outer loop
      vertex -44.9056 16.4391 22.3416
      vertex -45.102 16.1385 22.6554
      vertex -44.8832 15.119 22.6554
    endloop
  endfacet
  facet normal 0.885744 0.366298 0.285103
    outer loop
      vertex -44.8382 16.542 22
      vertex -45.246 17.5281 22
      vertex -44.9056 16.4391 22.3416
    endloop
  endfacet
  facet normal -0.782402 0.10753 0.61342
    outer loop
      vertex -48.2387 15.8786 22.3416
      vertex -48.4082 14.6453 22.3416
      vertex -48.1731 14.5658 22.6554
    endloop
  endfacet
  facet normal 0.510115 -0.393819 0.764649
    outer loop
      vertex -45.2968 10.6148 22.3416
      vertex -45.8819 10.4662 22.6554
      vertex -45.795 9.96948 22.3416
    endloop
  endfacet
  facet normal -0.607909 -0.690311 0.392324
    outer loop
      vertex -47.4649 10.2503 22.3416
      vertex -47.5056 10.092 22
      vertex -46.9475 9.60052 22
    endloop
  endfacet
  facet normal 0.970695 -0.0651704 0.231307
    outer loop
      vertex -44.5702 14 22.3416
      vertex -44.5781 12.6699 22
      vertex -44.4888 14 22
    endloop
  endfacet
  facet normal -0.0288718 0.171504 0.98476
    outer loop
      vertex -46.4016 16.9469 22.9162
      vertex -46.6859 15.8276 23.1028
      vertex -46.4376 15.8694 23.1028
    endloop
  endfacet
  facet normal 0.570689 -0.0383299 0.820271
    outer loop
      vertex -45.1829 14 22.9162
      vertex -45.2414 13.129 22.9162
      vertex -44.8832 12.881 22.6554
    endloop
  endfacet
  facet normal 0.274273 -0.113432 0.954939
    outer loop
      vertex -45.8097 12.944 23.1028
      vertex -45.9791 12.5344 23.1028
      vertex -45.6788 11.6896 22.9162
    endloop
  endfacet
  facet normal -0.5754 0 0.817872
    outer loop
      vertex -48.1731 14.5658 22.6554
      vertex -47.8024 13.5596 22.9162
      vertex -47.8024 14.4404 22.9162
    endloop
  endfacet
  facet normal -0.5754 0 0.817872
    outer loop
      vertex -47.8024 13.5596 22.9162
      vertex -48.1731 14.5658 22.6554
      vertex -48.1731 13.4342 22.6554
    endloop
  endfacet
  facet normal -0.364842 0 0.93107
    outer loop
      vertex -47.8024 14.4404 22.9162
      vertex -47.3262 13.7206 23.1028
      vertex -47.3262 14.2794 23.1028
    endloop
  endfacet
  facet normal -0.364842 0 0.93107
    outer loop
      vertex -47.3262 13.7206 23.1028
      vertex -47.8024 14.4404 22.9162
      vertex -47.8024 13.5596 22.9162
    endloop
  endfacet
  facet normal 0.32149 0.248192 0.913808
    outer loop
      vertex -45.8819 17.5338 22.6554
      vertex -46.0188 16.7509 22.9162
      vertex -45.4451 16.968 22.6554
    endloop
  endfacet
  facet normal 0.885805 0.366269 0.284949
    outer loop
      vertex -45.246 17.5281 22
      vertex -45.2968 17.3852 22.3416
      vertex -44.9056 16.4391 22.3416
    endloop
  endfacet
  facet normal 0.248794 0.48583 0.837897
    outer loop
      vertex -45.795 18.0305 22.3416
      vertex -46.3736 17.7856 22.6554
      vertex -45.8819 17.5338 22.6554
    endloop
  endfacet
  facet normal 0.7959 0.053509 0.603059
    outer loop
      vertex -44.656 15.2762 22.3416
      vertex -44.8832 15.119 22.6554
      vertex -44.5702 14 22.3416
    endloop
  endfacet
  facet normal -0.0501759 0.298086 0.953219
    outer loop
      vertex -46.3736 17.7856 22.6554
      vertex -46.7931 16.881 22.9162
      vertex -46.4016 16.9469 22.9162
    endloop
  endfacet
  facet normal 0.0856819 0.167231 0.982188
    outer loop
      vertex -46.4016 16.9469 22.9162
      vertex -46.4376 15.8694 23.1028
      vertex -46.1948 15.745 23.1028
    endloop
  endfacet
  facet normal 0.450393 -0.18624 0.87319
    outer loop
      vertex -45.4118 12.3353 22.9162
      vertex -45.6788 11.6896 22.9162
      vertex -45.4451 11.032 22.6554
    endloop
  endfacet
  facet normal -0.168512 0.0231254 0.985428
    outer loop
      vertex -46.7579 14.2786 23.2
      vertex -47.3262 14.2794 23.1028
      vertex -46.783 14.0957 23.2
    endloop
  endfacet
  facet normal 0.450284 -0.186248 0.873245
    outer loop
      vertex -45.4118 12.3353 22.9162
      vertex -45.4451 11.032 22.6554
      vertex -45.102 11.8615 22.6554
    endloop
  endfacet
  facet normal 0.758633 -0.16283 0.630842
    outer loop
      vertex -44.8832 12.881 22.6554
      vertex -44.9056 11.5609 22.3416
      vertex -44.656 12.7238 22.3416
    endloop
  endfacet
  facet normal 0.7959 -0.053509 0.603059
    outer loop
      vertex -44.5702 14 22.3416
      vertex -44.8832 12.881 22.6554
      vertex -44.656 12.7238 22.3416
    endloop
  endfacet
  facet normal 0.795862 -0.0534842 0.603111
    outer loop
      vertex -44.808 14 22.6554
      vertex -44.8832 12.881 22.6554
      vertex -44.5702 14 22.3416
    endloop
  endfacet
  facet normal 0.741558 -0.572498 0.349769
    outer loop
      vertex -45.2968 10.6148 22.3416
      vertex -45.795 9.96948 22.3416
      vertex -45.246 10.4719 22
    endloop
  endfacet
  facet normal 0.248794 -0.485807 0.83791
    outer loop
      vertex -45.795 9.96948 22.3416
      vertex -46.3736 10.2144 22.6554
      vertex -46.3558 9.68228 22.3416
    endloop
  endfacet
  facet normal 0.361181 0.0242487 0.93218
    outer loop
      vertex -45.1829 14 22.9162
      vertex -45.7016 14.5526 23.1028
      vertex -45.6645 14 23.1028
    endloop
  endfacet
  facet normal -0.306694 -0.0931974 0.947234
    outer loop
      vertex -47.2528 13.1866 23.1028
      vertex -47.4655 11.99 22.9162
      vertex -47.1125 12.7249 23.1028
    endloop
  endfacet
  facet normal 0.0396903 0.0774662 0.996205
    outer loop
      vertex -46.1948 15.745 23.1028
      vertex -46.4376 15.8694 23.1028
      vertex -46.3954 14.5978 23.2
    endloop
  endfacet
  facet normal -0.782265 0.107577 0.613587
    outer loop
      vertex -48.0244 15.6471 22.6554
      vertex -48.2387 15.8786 22.3416
      vertex -48.1731 14.5658 22.6554
    endloop
  endfacet
  facet normal -0.922985 0.280513 0.26346
    outer loop
      vertex -47.9743 17.0694 22
      vertex -48.2387 15.8786 22.3416
      vertex -47.9146 16.945 22.3416
    endloop
  endfacet
  facet normal -0.496814 0.150957 0.854628
    outer loop
      vertex -47.7403 16.5821 22.6554
      vertex -48.0244 15.6471 22.6554
      vertex -47.4655 16.01 22.9162
    endloop
  endfacet
  facet normal -0.782402 -0.10753 0.61342
    outer loop
      vertex -48.1731 13.4342 22.6554
      vertex -48.4082 13.3547 22.3416
      vertex -48.2387 12.1214 22.3416
    endloop
  endfacet
  facet normal -0.176142 0 0.984365
    outer loop
      vertex -47.3262 14.2794 23.1028
      vertex -46.783 13.9043 23.2
      vertex -46.783 14.0957 23.2
    endloop
  endfacet
  facet normal -0.176142 0 0.984365
    outer loop
      vertex -46.783 13.9043 23.2
      vertex -47.3262 14.2794 23.1028
      vertex -47.3262 13.7206 23.1028
    endloop
  endfacet
  facet normal -0.139927 -0.158885 0.977331
    outer loop
      vertex -46.6859 12.1724 23.1028
      vertex -47.1585 11.4408 22.9162
      vertex -46.7931 11.119 22.9162
    endloop
  endfacet
  facet normal 0.410377 0.801421 0.435103
    outer loop
      vertex -45.7652 18.2007 22
      vertex -46.3497 18.5 22
      vertex -45.795 18.0305 22.3416
    endloop
  endfacet
  facet normal 0.148078 0.289158 0.945759
    outer loop
      vertex -45.8819 17.5338 22.6554
      vertex -46.3736 17.7856 22.6554
      vertex -46.0188 16.7509 22.9162
    endloop
  endfacet
  facet normal -0.0854162 0.508244 0.856967
    outer loop
      vertex -46.3558 18.3177 22.3416
      vertex -46.9294 18.2213 22.3416
      vertex -46.3736 17.7856 22.6554
    endloop
  endfacet
  facet normal 0.174234 0.0116975 0.984635
    outer loop
      vertex -45.7016 14.5526 23.1028
      vertex -46.2138 14 23.2
      vertex -45.6645 14 23.1028
    endloop
  endfacet
  facet normal 0.570644 0.0383489 0.820301
    outer loop
      vertex -44.8832 15.119 22.6554
      vertex -45.1829 14 22.9162
      vertex -44.808 14 22.6554
    endloop
  endfacet
  facet normal 0.450284 0.186248 0.873245
    outer loop
      vertex -45.102 16.1385 22.6554
      vertex -45.4451 16.968 22.6554
      vertex -45.4118 15.6647 22.9162
    endloop
  endfacet
  facet normal 0.671669 0.277818 0.686788
    outer loop
      vertex -45.2968 17.3852 22.3416
      vertex -45.4451 16.968 22.6554
      vertex -45.102 16.1385 22.6554
    endloop
  endfacet
  facet normal 0.0888977 -0.0686472 0.993672
    outer loop
      vertex -46.3215 13.4979 23.2
      vertex -46.3954 13.4022 23.2
      vertex -46.1948 12.255 23.1028
    endloop
  endfacet
  facet normal 0.332022 -0.0712984 0.940573
    outer loop
      vertex -45.7016 13.4474 23.1028
      vertex -45.8097 12.944 23.1028
      vertex -45.4118 12.3353 22.9162
    endloop
  endfacet
  facet normal 0.0888977 0.0686472 0.993672
    outer loop
      vertex -46.1948 15.745 23.1028
      vertex -46.3954 14.5978 23.2
      vertex -46.3215 14.5021 23.2
    endloop
  endfacet
  facet normal 0.361191 -0.0242591 0.932176
    outer loop
      vertex -45.1829 14 22.9162
      vertex -45.7016 13.4474 23.1028
      vertex -45.2414 13.129 22.9162
    endloop
  endfacet
  facet normal -0.139909 -0.158897 0.977332
    outer loop
      vertex -46.9177 12.3765 23.1028
      vertex -47.1585 11.4408 22.9162
      vertex -46.6859 12.1724 23.1028
    endloop
  endfacet
  facet normal -0.602326 -0.336589 0.723817
    outer loop
      vertex -47.7403 11.4179 22.6554
      vertex -47.9146 11.055 22.3416
      vertex -47.346 10.7123 22.6554
    endloop
  endfacet
  facet normal -0.239509 -0.272012 0.932011
    outer loop
      vertex -47.1585 11.4408 22.9162
      vertex -47.346 10.7123 22.6554
      vertex -46.8765 10.2989 22.6554
    endloop
  endfacet
  facet normal -0.602331 -0.336608 0.723804
    outer loop
      vertex -47.346 10.7123 22.6554
      vertex -47.9146 11.055 22.3416
      vertex -47.4649 10.2503 22.3416
    endloop
  endfacet
  facet normal -0.239563 -0.272021 0.931995
    outer loop
      vertex -46.7931 11.119 22.9162
      vertex -47.1585 11.4408 22.9162
      vertex -46.8765 10.2989 22.6554
    endloop
  endfacet
  facet normal 0.947158 -0.203294 0.248119
    outer loop
      vertex -44.656 12.7238 22.3416
      vertex -44.9056 11.5609 22.3416
      vertex -44.8382 11.458 22
    endloop
  endfacet
  facet normal 0.15908 0.0341607 0.986675
    outer loop
      vertex -45.8097 15.056 23.1028
      vertex -46.2635 14.3618 23.2
      vertex -45.7016 14.5526 23.1028
    endloop
  endfacet
  facet normal 0.332022 0.0712984 0.940573
    outer loop
      vertex -45.4118 15.6647 22.9162
      vertex -45.8097 15.056 23.1028
      vertex -45.7016 14.5526 23.1028
    endloop
  endfacet
  facet normal -0.922963 -0.280526 0.263522
    outer loop
      vertex -48.2387 12.1214 22.3416
      vertex -48.3121 12.042 22
      vertex -47.9743 10.9306 22
    endloop
  endfacet
  facet normal -0.962331 -0.132289 0.237526
    outer loop
      vertex -48.2387 12.1214 22.3416
      vertex -48.4888 13.3274 22
      vertex -48.3121 12.042 22
    endloop
  endfacet
  facet normal -0.962331 0.132289 0.237526
    outer loop
      vertex -48.3121 15.958 22
      vertex -48.4888 14.6726 22
      vertex -48.2387 15.8786 22.3416
    endloop
  endfacet
  facet normal -0.800306 0 0.599592
    outer loop
      vertex -48.4082 14.6453 22.3416
      vertex -48.1731 13.4342 22.6554
      vertex -48.1731 14.5658 22.6554
    endloop
  endfacet
  facet normal -0.800306 0 0.599592
    outer loop
      vertex -48.1731 13.4342 22.6554
      vertex -48.4082 14.6453 22.3416
      vertex -48.4082 13.3547 22.3416
    endloop
  endfacet
  facet normal -0.607924 0.690299 0.392321
    outer loop
      vertex -46.9475 18.3995 22
      vertex -47.5056 17.908 22
      vertex -47.4649 17.7497 22.3416
    endloop
  endfacet
  facet normal -0.556269 -0.0765216 0.827472
    outer loop
      vertex -47.8024 13.5596 22.9162
      vertex -48.1731 13.4342 22.6554
      vertex -47.6866 12.7178 22.9162
    endloop
  endfacet
  facet normal -0.782265 -0.107577 0.613587
    outer loop
      vertex -48.1731 13.4342 22.6554
      vertex -48.2387 12.1214 22.3416
      vertex -48.0244 12.3529 22.6554
    endloop
  endfacet
  facet normal -0.0854004 0.508259 0.85696
    outer loop
      vertex -46.3736 17.7856 22.6554
      vertex -46.9294 18.2213 22.3416
      vertex -46.8765 17.7011 22.6554
    endloop
  endfacet
  facet normal -0.392362 0.445525 0.804711
    outer loop
      vertex -46.9294 18.2213 22.3416
      vertex -47.4649 17.7497 22.3416
      vertex -46.8765 17.7011 22.6554
    endloop
  endfacet
  facet normal -0.0650509 -0.0738919 0.995142
    outer loop
      vertex -46.6431 13.4438 23.2
      vertex -46.9177 12.3765 23.1028
      vertex -46.5637 13.3739 23.2
    endloop
  endfacet
  facet normal 0.248801 0.48582 0.837901
    outer loop
      vertex -46.3558 18.3177 22.3416
      vertex -46.3736 17.7856 22.6554
      vertex -45.795 18.0305 22.3416
    endloop
  endfacet
  facet normal 0.410435 0.801433 0.435026
    outer loop
      vertex -46.3497 18.5 22
      vertex -46.3558 18.3177 22.3416
      vertex -45.795 18.0305 22.3416
    endloop
  endfacet
  facet normal -0.607927 0.690299 0.392315
    outer loop
      vertex -46.9475 18.3995 22
      vertex -47.4649 17.7497 22.3416
      vertex -46.9294 18.2213 22.3416
    endloop
  endfacet
  facet normal -0.146897 0.873781 0.463603
    outer loop
      vertex -46.3497 18.5 22
      vertex -46.9475 18.3995 22
      vertex -46.9294 18.2213 22.3416
    endloop
  endfacet
  facet normal -0.82892 0.46329 0.313454
    outer loop
      vertex -47.5056 17.908 22
      vertex -47.9743 17.0694 22
      vertex -47.4649 17.7497 22.3416
    endloop
  endfacet
  facet normal -0.828913 0.463231 0.31356
    outer loop
      vertex -47.4649 17.7497 22.3416
      vertex -47.9743 17.0694 22
      vertex -47.9146 16.945 22.3416
    endloop
  endfacet
  facet normal 0.947158 0.203294 0.248119
    outer loop
      vertex -44.8382 16.542 22
      vertex -44.9056 16.4391 22.3416
      vertex -44.656 15.2762 22.3416
    endloop
  endfacet
  facet normal 0.970611 0.065255 0.231639
    outer loop
      vertex -44.5781 15.3301 22
      vertex -44.656 15.2762 22.3416
      vertex -44.5702 14 22.3416
    endloop
  endfacet
  facet normal 0.970695 0.0651704 0.231307
    outer loop
      vertex -44.4888 14 22
      vertex -44.5781 15.3301 22
      vertex -44.5702 14 22.3416
    endloop
  endfacet
  facet normal 0.570689 0.0383299 0.820271
    outer loop
      vertex -44.8832 15.119 22.6554
      vertex -45.2414 14.871 22.9162
      vertex -45.1829 14 22.9162
    endloop
  endfacet
  facet normal 0.531871 0.114188 0.839091
    outer loop
      vertex -44.8832 15.119 22.6554
      vertex -45.4118 15.6647 22.9162
      vertex -45.2414 14.871 22.9162
    endloop
  endfacet
  facet normal -0.235234 0.131526 0.962999
    outer loop
      vertex -46.9177 15.6235 23.1028
      vertex -47.4655 16.01 22.9162
      vertex -47.1125 15.2751 23.1028
    endloop
  endfacet
  facet normal 0.510116 0.393811 0.764653
    outer loop
      vertex -45.2968 17.3852 22.3416
      vertex -45.8819 17.5338 22.6554
      vertex -45.4451 16.968 22.6554
    endloop
  endfacet
  facet normal -0.013346 -0.0792779 0.996763
    outer loop
      vertex -46.4786 13.3596 23.2
      vertex -46.6859 12.1724 23.1028
      vertex -46.4376 12.1306 23.1028
    endloop
  endfacet
  facet normal 0.321506 -0.248154 0.913813
    outer loop
      vertex -45.6788 11.6896 22.9162
      vertex -46.0188 11.2491 22.9162
      vertex -45.4451 11.032 22.6554
    endloop
  endfacet
  facet normal 0.190195 -0.146802 0.970708
    outer loop
      vertex -45.9791 12.5344 23.1028
      vertex -46.0188 11.2491 22.9162
      vertex -45.6788 11.6896 22.9162
    endloop
  endfacet
  facet normal 0.531836 -0.11414 0.83912
    outer loop
      vertex -44.8832 12.881 22.6554
      vertex -45.4118 12.3353 22.9162
      vertex -45.102 11.8615 22.6554
    endloop
  endfacet
  facet normal -0.110643 -0.0618634 0.991933
    outer loop
      vertex -46.7098 13.5632 23.2
      vertex -47.1125 12.7249 23.1028
      vertex -46.9177 12.3765 23.1028
    endloop
  endfacet
  facet normal -0 0 1
    outer loop
      vertex -46.783 14.0957 23.2
      vertex -46.2138 14 23.2
      vertex -46.2265 14.1893 23.2
    endloop
  endfacet
  facet normal -0 0 1
    outer loop
      vertex -46.7579 14.2786 23.2
      vertex -46.2265 14.1893 23.2
      vertex -46.2635 14.3618 23.2
    endloop
  endfacet
  facet normal 0 0 1
    outer loop
      vertex -46.783 13.9043 23.2
      vertex -46.2138 14 23.2
      vertex -46.783 14.0957 23.2
    endloop
  endfacet
  facet normal -0 0 1
    outer loop
      vertex -46.7098 14.4368 23.2
      vertex -46.2635 14.3618 23.2
      vertex -46.3215 14.5021 23.2
    endloop
  endfacet
  facet normal 0 0 1
    outer loop
      vertex -46.2138 14 23.2
      vertex -46.783 13.9043 23.2
      vertex -46.2265 13.8107 23.2
    endloop
  endfacet
  facet normal -0 0 1
    outer loop
      vertex -46.6431 14.5562 23.2
      vertex -46.3215 14.5021 23.2
      vertex -46.3954 14.5978 23.2
    endloop
  endfacet
  facet normal 0 -0 1
    outer loop
      vertex -46.7579 13.7214 23.2
      vertex -46.2265 13.8107 23.2
      vertex -46.783 13.9043 23.2
    endloop
  endfacet
  facet normal -0 0 1
    outer loop
      vertex -46.5637 14.6261 23.2
      vertex -46.3954 14.5978 23.2
      vertex -46.4786 14.6404 23.2
    endloop
  endfacet
  facet normal 0 0 1
    outer loop
      vertex -46.2265 13.8107 23.2
      vertex -46.7579 13.7214 23.2
      vertex -46.2635 13.6382 23.2
    endloop
  endfacet
  facet normal 0 0 1
    outer loop
      vertex -46.3954 14.5978 23.2
      vertex -46.5637 14.6261 23.2
      vertex -46.6431 14.5562 23.2
    endloop
  endfacet
  facet normal 0 -0 1
    outer loop
      vertex -46.7098 13.5632 23.2
      vertex -46.2635 13.6382 23.2
      vertex -46.7579 13.7214 23.2
    endloop
  endfacet
  facet normal 0 0 1
    outer loop
      vertex -46.3215 14.5021 23.2
      vertex -46.6431 14.5562 23.2
      vertex -46.7098 14.4368 23.2
    endloop
  endfacet
  facet normal 0 0 1
    outer loop
      vertex -46.2635 13.6382 23.2
      vertex -46.7098 13.5632 23.2
      vertex -46.3215 13.4979 23.2
    endloop
  endfacet
  facet normal 0 0 1
    outer loop
      vertex -46.2635 14.3618 23.2
      vertex -46.7098 14.4368 23.2
      vertex -46.7579 14.2786 23.2
    endloop
  endfacet
  facet normal 0 -0 1
    outer loop
      vertex -46.6431 13.4438 23.2
      vertex -46.3215 13.4979 23.2
      vertex -46.7098 13.5632 23.2
    endloop
  endfacet
  facet normal 0 0 1
    outer loop
      vertex -46.2265 14.1893 23.2
      vertex -46.7579 14.2786 23.2
      vertex -46.783 14.0957 23.2
    endloop
  endfacet
  facet normal 0 0 1
    outer loop
      vertex -46.3215 13.4979 23.2
      vertex -46.6431 13.4438 23.2
      vertex -46.3954 13.4022 23.2
    endloop
  endfacet
  facet normal 0 -0 1
    outer loop
      vertex -46.5637 13.3739 23.2
      vertex -46.3954 13.4022 23.2
      vertex -46.6431 13.4438 23.2
    endloop
  endfacet
  facet normal 0 0 1
    outer loop
      vertex -46.3954 13.4022 23.2
      vertex -46.5637 13.3739 23.2
      vertex -46.4786 13.3596 23.2
    endloop
  endfacet
  facet normal -0.168511 -0.0231624 0.985428
    outer loop
      vertex -46.7579 13.7214 23.2
      vertex -47.3262 13.7206 23.1028
      vertex -47.2528 13.1866 23.1028
    endloop
  endfacet
  facet normal -0.350266 -0.0481451 0.935412
    outer loop
      vertex -47.3262 13.7206 23.1028
      vertex -47.8024 13.5596 22.9162
      vertex -47.2528 13.1866 23.1028
    endloop
  endfacet
  facet normal -0.922985 -0.280513 0.26346
    outer loop
      vertex -47.9146 11.055 22.3416
      vertex -48.2387 12.1214 22.3416
      vertex -47.9743 10.9306 22
    endloop
  endfacet
  facet normal -0.392344 -0.445586 0.804686
    outer loop
      vertex -47.346 10.7123 22.6554
      vertex -47.4649 10.2503 22.3416
      vertex -46.8765 10.2989 22.6554
    endloop
  endfacet
  facet normal -0.085458 -0.508229 0.856972
    outer loop
      vertex -46.3736 10.2144 22.6554
      vertex -46.9294 9.77873 22.3416
      vertex -46.3558 9.68228 22.3416
    endloop
  endfacet
  facet normal -0.607899 -0.690311 0.39234
    outer loop
      vertex -46.9294 9.77873 22.3416
      vertex -47.4649 10.2503 22.3416
      vertex -46.9475 9.60052 22
    endloop
  endfacet
  facet normal -0.39185 -0.219042 0.893574
    outer loop
      vertex -47.1585 11.4408 22.9162
      vertex -47.4655 11.99 22.9162
      vertex -47.346 10.7123 22.6554
    endloop
  endfacet
  facet normal -0.391977 -0.219043 0.893518
    outer loop
      vertex -47.4655 11.99 22.9162
      vertex -47.7403 11.4179 22.6554
      vertex -47.346 10.7123 22.6554
    endloop
  endfacet
  facet normal 0.410443 -0.80145 0.434988
    outer loop
      vertex -45.795 9.96948 22.3416
      vertex -46.3558 9.68228 22.3416
      vertex -46.3497 9.5 22
    endloop
  endfacet
  facet normal -0.0500793 -0.298046 0.953237
    outer loop
      vertex -46.7931 11.119 22.9162
      vertex -46.8765 10.2989 22.6554
      vertex -46.3736 10.2144 22.6554
    endloop
  endfacet
  facet normal 0.0396903 -0.0774662 0.996205
    outer loop
      vertex -46.3954 13.4022 23.2
      vertex -46.4376 12.1306 23.1028
      vertex -46.1948 12.255 23.1028
    endloop
  endfacet
  facet normal -0.0288686 -0.171503 0.98476
    outer loop
      vertex -46.6859 12.1724 23.1028
      vertex -46.7931 11.119 22.9162
      vertex -46.4016 11.0531 22.9162
    endloop
  endfacet
  facet normal -0.146098 -0.0444205 0.988272
    outer loop
      vertex -46.7579 13.7214 23.2
      vertex -47.2528 13.1866 23.1028
      vertex -46.7098 13.5632 23.2
    endloop
  endfacet
  facet normal -0.922963 0.280526 0.263522
    outer loop
      vertex -47.9743 17.0694 22
      vertex -48.3121 15.958 22
      vertex -48.2387 15.8786 22.3416
    endloop
  endfacet
  facet normal -0.235249 -0.131503 0.962998
    outer loop
      vertex -46.9177 12.3765 23.1028
      vertex -47.4655 11.99 22.9162
      vertex -47.1585 11.4408 22.9162
    endloop
  endfacet
  facet normal -0.496814 -0.150957 0.854628
    outer loop
      vertex -47.4655 11.99 22.9162
      vertex -48.0244 12.3529 22.6554
      vertex -47.7403 11.4179 22.6554
    endloop
  endfacet
  facet normal -0.55624 0.0764939 0.827494
    outer loop
      vertex -48.0244 15.6471 22.6554
      vertex -48.1731 14.5658 22.6554
      vertex -47.6866 15.2822 22.9162
    endloop
  endfacet
  facet normal -0.235249 0.131503 0.962998
    outer loop
      vertex -47.1585 16.5592 22.9162
      vertex -47.4655 16.01 22.9162
      vertex -46.9177 15.6235 23.1028
    endloop
  endfacet
  facet normal -0.239563 0.272021 0.931995
    outer loop
      vertex -46.8765 17.7011 22.6554
      vertex -47.1585 16.5592 22.9162
      vertex -46.7931 16.881 22.9162
    endloop
  endfacet
  facet normal -0.0500793 0.298046 0.953237
    outer loop
      vertex -46.3736 17.7856 22.6554
      vertex -46.8765 17.7011 22.6554
      vertex -46.7931 16.881 22.9162
    endloop
  endfacet
  facet normal 0.741552 0.572426 0.349898
    outer loop
      vertex -45.7652 18.2007 22
      vertex -45.795 18.0305 22.3416
      vertex -45.246 17.5281 22
    endloop
  endfacet
  facet normal 0.741548 0.572508 0.349772
    outer loop
      vertex -45.246 17.5281 22
      vertex -45.795 18.0305 22.3416
      vertex -45.2968 17.3852 22.3416
    endloop
  endfacet
  facet normal 0.159092 0.0341241 0.986674
    outer loop
      vertex -45.7016 14.5526 23.1028
      vertex -46.2635 14.3618 23.2
      vertex -46.2265 14.1893 23.2
    endloop
  endfacet
  facet normal 0.174242 0.0116898 0.984634
    outer loop
      vertex -45.7016 14.5526 23.1028
      vertex -46.2265 14.1893 23.2
      vertex -46.2138 14 23.2
    endloop
  endfacet
  facet normal 0.190155 0.146802 0.970716
    outer loop
      vertex -46.0188 16.7509 22.9162
      vertex -46.1948 15.745 23.1028
      vertex -45.9791 15.4656 23.1028
    endloop
  endfacet
  facet normal 0.450393 0.18624 0.87319
    outer loop
      vertex -45.4451 16.968 22.6554
      vertex -45.6788 16.3104 22.9162
      vertex -45.4118 15.6647 22.9162
    endloop
  endfacet
  facet normal 0.0396638 -0.0774654 0.996206
    outer loop
      vertex -46.3954 13.4022 23.2
      vertex -46.4786 13.3596 23.2
      vertex -46.4376 12.1306 23.1028
    endloop
  endfacet
  facet normal -0.013346 0.0792779 0.996763
    outer loop
      vertex -46.4376 15.8694 23.1028
      vertex -46.6859 15.8276 23.1028
      vertex -46.4786 14.6404 23.2
    endloop
  endfacet
  facet normal 0.129893 -0.0537204 0.990072
    outer loop
      vertex -45.8097 12.944 23.1028
      vertex -46.3215 13.4979 23.2
      vertex -45.9791 12.5344 23.1028
    endloop
  endfacet
  facet normal 0.321506 0.248154 0.913813
    outer loop
      vertex -45.4451 16.968 22.6554
      vertex -46.0188 16.7509 22.9162
      vertex -45.6788 16.3104 22.9162
    endloop
  endfacet
  facet normal 0.0889172 0.0686451 0.993671
    outer loop
      vertex -46.1948 15.745 23.1028
      vertex -46.3215 14.5021 23.2
      vertex -45.9791 15.4656 23.1028
    endloop
  endfacet
  facet normal 0.0889172 -0.0686451 0.993671
    outer loop
      vertex -45.9791 12.5344 23.1028
      vertex -46.3215 13.4979 23.2
      vertex -46.1948 12.255 23.1028
    endloop
  endfacet
  facet normal 0.0396638 0.0774654 0.996206
    outer loop
      vertex -46.4376 15.8694 23.1028
      vertex -46.4786 14.6404 23.2
      vertex -46.3954 14.5978 23.2
    endloop
  endfacet
  facet normal -0.828913 -0.463231 0.31356
    outer loop
      vertex -47.9146 11.055 22.3416
      vertex -47.9743 10.9306 22
      vertex -47.4649 10.2503 22.3416
    endloop
  endfacet
  facet normal -0.82892 -0.46329 0.313454
    outer loop
      vertex -47.4649 10.2503 22.3416
      vertex -47.9743 10.9306 22
      vertex -47.5056 10.092 22
    endloop
  endfacet
  facet normal -0.146923 -0.873767 0.463622
    outer loop
      vertex -46.9294 9.77873 22.3416
      vertex -46.9475 9.60052 22
      vertex -46.3558 9.68228 22.3416
    endloop
  endfacet
  facet normal -0.146924 -0.873766 0.463624
    outer loop
      vertex -46.3558 9.68228 22.3416
      vertex -46.9475 9.60052 22
      vertex -46.3497 9.5 22
    endloop
  endfacet
  facet normal 0.190155 -0.146802 0.970716
    outer loop
      vertex -45.9791 12.5344 23.1028
      vertex -46.1948 12.255 23.1028
      vertex -46.0188 11.2491 22.9162
    endloop
  endfacet
  facet normal 0.0856203 -0.167222 0.982195
    outer loop
      vertex -46.1948 12.255 23.1028
      vertex -46.4016 11.0531 22.9162
      vertex -46.0188 11.2491 22.9162
    endloop
  endfacet
  facet normal -0.0288718 -0.171504 0.98476
    outer loop
      vertex -46.4376 12.1306 23.1028
      vertex -46.6859 12.1724 23.1028
      vertex -46.4016 11.0531 22.9162
    endloop
  endfacet
  facet normal 0.0856819 -0.167231 0.982188
    outer loop
      vertex -46.1948 12.255 23.1028
      vertex -46.4376 12.1306 23.1028
      vertex -46.4016 11.0531 22.9162
    endloop
  endfacet
  facet normal 0.74156 -0.572449 0.349843
    outer loop
      vertex -45.246 10.4719 22
      vertex -45.795 9.96948 22.3416
      vertex -45.7652 9.79932 22
    endloop
  endfacet
  facet normal 0.410416 -0.801444 0.435024
    outer loop
      vertex -45.795 9.96948 22.3416
      vertex -46.3497 9.5 22
      vertex -45.7652 9.79932 22
    endloop
  endfacet
  facet normal 0.947172 -0.203284 0.248073
    outer loop
      vertex -44.656 12.7238 22.3416
      vertex -44.8382 11.458 22
      vertex -44.5781 12.6699 22
    endloop
  endfacet
  facet normal 0.758667 -0.162821 0.630804
    outer loop
      vertex -44.8832 12.881 22.6554
      vertex -45.102 11.8615 22.6554
      vertex -44.9056 11.5609 22.3416
    endloop
  endfacet
  facet normal -0.0288686 0.171503 0.98476
    outer loop
      vertex -46.4016 16.9469 22.9162
      vertex -46.7931 16.881 22.9162
      vertex -46.6859 15.8276 23.1028
    endloop
  endfacet
  facet normal -0.0650592 -0.0738889 0.995142
    outer loop
      vertex -46.5637 13.3739 23.2
      vertex -46.9177 12.3765 23.1028
      vertex -46.6859 12.1724 23.1028
    endloop
  endfacet
  facet normal -0.962311 0.132256 0.237625
    outer loop
      vertex -48.2387 15.8786 22.3416
      vertex -48.4888 14.6726 22
      vertex -48.4082 14.6453 22.3416
    endloop
  endfacet
  facet normal -0.973275 0 0.229643
    outer loop
      vertex -48.4888 14.6726 22
      vertex -48.4082 13.3547 22.3416
      vertex -48.4082 14.6453 22.3416
    endloop
  endfacet
  facet normal -0.973275 0 0.229643
    outer loop
      vertex -48.4082 13.3547 22.3416
      vertex -48.4888 14.6726 22
      vertex -48.4888 13.3274 22
    endloop
  endfacet
  facet normal -0.722607 -0.219564 0.655462
    outer loop
      vertex -48.0244 12.3529 22.6554
      vertex -48.2387 12.1214 22.3416
      vertex -47.7403 11.4179 22.6554
    endloop
  endfacet
  facet normal -0.55624 -0.0764939 0.827494
    outer loop
      vertex -47.6866 12.7178 22.9162
      vertex -48.1731 13.4342 22.6554
      vertex -48.0244 12.3529 22.6554
    endloop
  endfacet
  facet normal -0.306744 0.0931863 0.947219
    outer loop
      vertex -47.4655 16.01 22.9162
      vertex -47.6866 15.2822 22.9162
      vertex -47.2528 14.8134 23.1028
    endloop
  endfacet
  facet normal -0.496799 0.150924 0.854642
    outer loop
      vertex -47.4655 16.01 22.9162
      vertex -48.0244 15.6471 22.6554
      vertex -47.6866 15.2822 22.9162
    endloop
  endfacet
  facet normal -0.392344 0.445586 0.804686
    outer loop
      vertex -46.8765 17.7011 22.6554
      vertex -47.4649 17.7497 22.3416
      vertex -47.346 17.2877 22.6554
    endloop
  endfacet
  facet normal -0.146112 -0.0444001 0.988271
    outer loop
      vertex -46.7098 13.5632 23.2
      vertex -47.2528 13.1866 23.1028
      vertex -47.1125 12.7249 23.1028
    endloop
  endfacet
  facet normal -0.39185 0.219042 0.893574
    outer loop
      vertex -47.346 17.2877 22.6554
      vertex -47.4655 16.01 22.9162
      vertex -47.1585 16.5592 22.9162
    endloop
  endfacet
  facet normal -0.139927 0.158885 0.977331
    outer loop
      vertex -46.7931 16.881 22.9162
      vertex -47.1585 16.5592 22.9162
      vertex -46.6859 15.8276 23.1028
    endloop
  endfacet
  facet normal 0.129893 0.0537204 0.990072
    outer loop
      vertex -45.9791 15.4656 23.1028
      vertex -46.3215 14.5021 23.2
      vertex -45.8097 15.056 23.1028
    endloop
  endfacet
  facet normal 0.12991 0.0537047 0.99007
    outer loop
      vertex -45.8097 15.056 23.1028
      vertex -46.3215 14.5021 23.2
      vertex -46.2635 14.3618 23.2
    endloop
  endfacet
  facet normal 0.190195 0.146802 0.970708
    outer loop
      vertex -45.6788 16.3104 22.9162
      vertex -46.0188 16.7509 22.9162
      vertex -45.9791 15.4656 23.1028
    endloop
  endfacet
  facet normal 0.274273 0.113432 0.954939
    outer loop
      vertex -45.6788 16.3104 22.9162
      vertex -45.9791 15.4656 23.1028
      vertex -45.8097 15.056 23.1028
    endloop
  endfacet
  facet normal 0.0856203 0.167222 0.982195
    outer loop
      vertex -46.0188 16.7509 22.9162
      vertex -46.4016 16.9469 22.9162
      vertex -46.1948 15.745 23.1028
    endloop
  endfacet
  facet normal 0.14805 0.28915 0.945766
    outer loop
      vertex -46.3736 17.7856 22.6554
      vertex -46.4016 16.9469 22.9162
      vertex -46.0188 16.7509 22.9162
    endloop
  endfacet
  facet normal 0.274307 -0.113427 0.954929
    outer loop
      vertex -45.4118 12.3353 22.9162
      vertex -45.8097 12.944 23.1028
      vertex -45.6788 11.6896 22.9162
    endloop
  endfacet
  facet normal -0.0650509 0.0738919 0.995142
    outer loop
      vertex -46.5637 14.6261 23.2
      vertex -46.9177 15.6235 23.1028
      vertex -46.6431 14.5562 23.2
    endloop
  endfacet
  facet normal 0.361181 -0.0242487 0.93218
    outer loop
      vertex -45.6645 14 23.1028
      vertex -45.7016 13.4474 23.1028
      vertex -45.1829 14 22.9162
    endloop
  endfacet
  facet normal 0.174234 -0.0116975 0.984635
    outer loop
      vertex -45.6645 14 23.1028
      vertex -46.2138 14 23.2
      vertex -45.7016 13.4474 23.1028
    endloop
  endfacet
  facet normal -0.146112 0.0444001 0.988271
    outer loop
      vertex -47.1125 15.2751 23.1028
      vertex -47.2528 14.8134 23.1028
      vertex -46.7098 14.4368 23.2
    endloop
  endfacet
  facet normal -0.110717 -0.0618497 0.991926
    outer loop
      vertex -46.7098 13.5632 23.2
      vertex -46.9177 12.3765 23.1028
      vertex -46.6431 13.4438 23.2
    endloop
  endfacet
  facet normal -0.146098 0.0444205 0.988272
    outer loop
      vertex -46.7098 14.4368 23.2
      vertex -47.2528 14.8134 23.1028
      vertex -46.7579 14.2786 23.2
    endloop
  endfacet
  facet normal 0.510116 -0.393811 0.764653
    outer loop
      vertex -45.4451 11.032 22.6554
      vertex -45.8819 10.4662 22.6554
      vertex -45.2968 10.6148 22.3416
    endloop
  endfacet
  facet normal 0.671669 -0.277818 0.686788
    outer loop
      vertex -45.102 11.8615 22.6554
      vertex -45.4451 11.032 22.6554
      vertex -45.2968 10.6148 22.3416
    endloop
  endfacet
  facet normal 0.14805 -0.28915 0.945766
    outer loop
      vertex -46.0188 11.2491 22.9162
      vertex -46.4016 11.0531 22.9162
      vertex -46.3736 10.2144 22.6554
    endloop
  endfacet
  facet normal -0.0501759 -0.298086 0.953219
    outer loop
      vertex -46.4016 11.0531 22.9162
      vertex -46.7931 11.119 22.9162
      vertex -46.3736 10.2144 22.6554
    endloop
  endfacet
  facet normal 0.531871 -0.114188 0.839091
    outer loop
      vertex -45.2414 13.129 22.9162
      vertex -45.4118 12.3353 22.9162
      vertex -44.8832 12.881 22.6554
    endloop
  endfacet
  facet normal 0.332053 -0.0712887 0.940563
    outer loop
      vertex -45.2414 13.129 22.9162
      vertex -45.7016 13.4474 23.1028
      vertex -45.4118 12.3353 22.9162
    endloop
  endfacet
  facet normal 0.148078 -0.289158 0.945759
    outer loop
      vertex -46.0188 11.2491 22.9162
      vertex -46.3736 10.2144 22.6554
      vertex -45.8819 10.4662 22.6554
    endloop
  endfacet
  facet normal 0.32149 -0.248192 0.913808
    outer loop
      vertex -45.4451 11.032 22.6554
      vertex -46.0188 11.2491 22.9162
      vertex -45.8819 10.4662 22.6554
    endloop
  endfacet
  facet normal 0.885805 -0.366269 0.284949
    outer loop
      vertex -44.9056 11.5609 22.3416
      vertex -45.2968 10.6148 22.3416
      vertex -45.246 10.4719 22
    endloop
  endfacet
  facet normal 0.885744 -0.366298 0.285103
    outer loop
      vertex -44.9056 11.5609 22.3416
      vertex -45.246 10.4719 22
      vertex -44.8382 11.458 22
    endloop
  endfacet
  facet normal -0.235234 -0.131526 0.962999
    outer loop
      vertex -47.1125 12.7249 23.1028
      vertex -47.4655 11.99 22.9162
      vertex -46.9177 12.3765 23.1028
    endloop
  endfacet
  facet normal -0.35029 -0.0481867 0.935401
    outer loop
      vertex -47.2528 13.1866 23.1028
      vertex -47.8024 13.5596 22.9162
      vertex -47.6866 12.7178 22.9162
    endloop
  endfacet
  facet normal -0.350266 0.0481451 0.935412
    outer loop
      vertex -47.2528 14.8134 23.1028
      vertex -47.8024 14.4404 22.9162
      vertex -47.3262 14.2794 23.1028
    endloop
  endfacet
  facet normal -0.110643 0.0618634 0.991933
    outer loop
      vertex -46.9177 15.6235 23.1028
      vertex -47.1125 15.2751 23.1028
      vertex -46.7098 14.4368 23.2
    endloop
  endfacet
  facet normal -0.306694 0.0931974 0.947234
    outer loop
      vertex -47.1125 15.2751 23.1028
      vertex -47.4655 16.01 22.9162
      vertex -47.2528 14.8134 23.1028
    endloop
  endfacet
  facet normal -0.556269 0.0765216 0.827472
    outer loop
      vertex -47.6866 15.2822 22.9162
      vertex -48.1731 14.5658 22.6554
      vertex -47.8024 14.4404 22.9162
    endloop
  endfacet
  facet normal -0.35029 0.0481867 0.935401
    outer loop
      vertex -47.6866 15.2822 22.9162
      vertex -47.8024 14.4404 22.9162
      vertex -47.2528 14.8134 23.1028
    endloop
  endfacet
  facet normal -0.602331 0.336608 0.723804
    outer loop
      vertex -47.4649 17.7497 22.3416
      vertex -47.9146 16.945 22.3416
      vertex -47.346 17.2877 22.6554
    endloop
  endfacet
  facet normal -0.391977 0.219043 0.893518
    outer loop
      vertex -47.346 17.2877 22.6554
      vertex -47.7403 16.5821 22.6554
      vertex -47.4655 16.01 22.9162
    endloop
  endfacet
  facet normal 0.159092 -0.0341241 0.986674
    outer loop
      vertex -46.2265 13.8107 23.2
      vertex -46.2635 13.6382 23.2
      vertex -45.7016 13.4474 23.1028
    endloop
  endfacet
  facet normal 0.174242 -0.0116898 0.984634
    outer loop
      vertex -46.2138 14 23.2
      vertex -46.2265 13.8107 23.2
      vertex -45.7016 13.4474 23.1028
    endloop
  endfacet
  facet normal 0.15908 -0.0341607 0.986675
    outer loop
      vertex -45.7016 13.4474 23.1028
      vertex -46.2635 13.6382 23.2
      vertex -45.8097 12.944 23.1028
    endloop
  endfacet
  facet normal 0.12991 -0.0537047 0.99007
    outer loop
      vertex -46.2635 13.6382 23.2
      vertex -46.3215 13.4979 23.2
      vertex -45.8097 12.944 23.1028
    endloop
  endfacet
  facet normal -0.392355 -0.445546 0.804702
    outer loop
      vertex -46.8765 10.2989 22.6554
      vertex -47.4649 10.2503 22.3416
      vertex -46.9294 9.77873 22.3416
    endloop
  endfacet
  facet normal -0.085404 -0.50828 0.856947
    outer loop
      vertex -46.8765 10.2989 22.6554
      vertex -46.9294 9.77873 22.3416
      vertex -46.3736 10.2144 22.6554
    endloop
  endfacet
  facet normal -0.306744 -0.0931863 0.947219
    outer loop
      vertex -47.2528 13.1866 23.1028
      vertex -47.6866 12.7178 22.9162
      vertex -47.4655 11.99 22.9162
    endloop
  endfacet
  facet normal -0.496799 -0.150924 0.854642
    outer loop
      vertex -47.6866 12.7178 22.9162
      vertex -48.0244 12.3529 22.6554
      vertex -47.4655 11.99 22.9162
    endloop
  endfacet
  facet normal -0.110717 0.0618497 0.991926
    outer loop
      vertex -46.6431 14.5562 23.2
      vertex -46.9177 15.6235 23.1028
      vertex -46.7098 14.4368 23.2
    endloop
  endfacet
  facet normal -0.0133224 0.0792821 0.996763
    outer loop
      vertex -46.4786 14.6404 23.2
      vertex -46.6859 15.8276 23.1028
      vertex -46.5637 14.6261 23.2
    endloop
  endfacet
  facet normal -0.722653 0.219628 0.65539
    outer loop
      vertex -47.9146 16.945 22.3416
      vertex -48.2387 15.8786 22.3416
      vertex -47.7403 16.5821 22.6554
    endloop
  endfacet
  facet normal -0.722607 0.219564 0.655462
    outer loop
      vertex -47.7403 16.5821 22.6554
      vertex -48.2387 15.8786 22.3416
      vertex -48.0244 15.6471 22.6554
    endloop
  endfacet
  facet normal -0.0650592 0.0738889 0.995142
    outer loop
      vertex -46.6859 15.8276 23.1028
      vertex -46.9177 15.6235 23.1028
      vertex -46.5637 14.6261 23.2
    endloop
  endfacet
  facet normal -0.139909 0.158897 0.977332
    outer loop
      vertex -46.6859 15.8276 23.1028
      vertex -47.1585 16.5592 22.9162
      vertex -46.9177 15.6235 23.1028
    endloop
  endfacet
  facet normal 0.190195 0.146802 0.970708
    outer loop
      vertex 47.3212 16.3104 22.9162
      vertex 46.9812 16.7509 22.9162
      vertex 47.0209 15.4656 23.1028
    endloop
  endfacet
  facet normal 0.885805 -0.366269 0.284949
    outer loop
      vertex 48.0944 11.5609 22.3416
      vertex 47.7032 10.6148 22.3416
      vertex 47.754 10.4719 22
    endloop
  endfacet
  facet normal -0.35029 0.0481867 0.935401
    outer loop
      vertex 45.3134 15.2822 22.9162
      vertex 45.1976 14.4404 22.9162
      vertex 45.7472 14.8134 23.1028
    endloop
  endfacet
  facet normal 0.510115 0.393831 0.764643
    outer loop
      vertex 47.205 18.0305 22.3416
      vertex 47.1181 17.5338 22.6554
      vertex 47.7032 17.3852 22.3416
    endloop
  endfacet
  facet normal 0.970611 -0.065255 0.231639
    outer loop
      vertex 48.4298 14 22.3416
      vertex 48.344 12.7238 22.3416
      vertex 48.4219 12.6699 22
    endloop
  endfacet
  facet normal -0.962311 -0.132256 0.237625
    outer loop
      vertex 44.5918 13.3547 22.3416
      vertex 44.5112 13.3274 22
      vertex 44.7613 12.1214 22.3416
    endloop
  endfacet
  facet normal 0.361191 0.0242591 0.932176
    outer loop
      vertex 47.7586 14.871 22.9162
      vertex 47.2984 14.5526 23.1028
      vertex 47.8171 14 22.9162
    endloop
  endfacet
  facet normal 0.190155 0.146802 0.970716
    outer loop
      vertex 46.9812 16.7509 22.9162
      vertex 46.8052 15.745 23.1028
      vertex 47.0209 15.4656 23.1028
    endloop
  endfacet
  facet normal -0.607909 -0.690311 0.392324
    outer loop
      vertex 45.5351 10.2503 22.3416
      vertex 45.4944 10.092 22
      vertex 46.0525 9.60052 22
    endloop
  endfacet
  facet normal -0.146098 0.0444205 0.988272
    outer loop
      vertex 46.2902 14.4368 23.2
      vertex 45.7472 14.8134 23.1028
      vertex 46.2421 14.2786 23.2
    endloop
  endfacet
  facet normal -0.146844 0.873754 0.46367
    outer loop
      vertex 46.6503 18.5 22
      vertex 46.0706 18.2213 22.3416
      vertex 46.6442 18.3177 22.3416
    endloop
  endfacet
  facet normal 0.795862 0.0534842 0.603111
    outer loop
      vertex 48.4298 14 22.3416
      vertex 48.1168 15.119 22.6554
      vertex 48.192 14 22.6554
    endloop
  endfacet
  facet normal 0.0396903 -0.0774662 0.996205
    outer loop
      vertex 46.6046 13.4022 23.2
      vertex 46.5624 12.1306 23.1028
      vertex 46.8052 12.255 23.1028
    endloop
  endfacet
  facet normal 0.947172 0.203284 0.248073
    outer loop
      vertex 48.4219 15.3301 22
      vertex 48.1618 16.542 22
      vertex 48.344 15.2762 22.3416
    endloop
  endfacet
  facet normal 0.321506 -0.248154 0.913813
    outer loop
      vertex 47.3212 11.6896 22.9162
      vertex 46.9812 11.2491 22.9162
      vertex 47.5549 11.032 22.6554
    endloop
  endfacet
  facet normal 0.570644 -0.0383489 0.820301
    outer loop
      vertex 48.192 14 22.6554
      vertex 47.8171 14 22.9162
      vertex 48.1168 12.881 22.6554
    endloop
  endfacet
  facet normal -0.168511 0.0231624 0.985428
    outer loop
      vertex 45.7472 14.8134 23.1028
      vertex 45.6738 14.2794 23.1028
      vertex 46.2421 14.2786 23.2
    endloop
  endfacet
  facet normal 0.332053 0.0712887 0.940563
    outer loop
      vertex 47.5882 15.6647 22.9162
      vertex 47.2984 14.5526 23.1028
      vertex 47.7586 14.871 22.9162
    endloop
  endfacet
  facet normal 0.531836 0.11414 0.83912
    outer loop
      vertex 47.898 16.1385 22.6554
      vertex 47.5882 15.6647 22.9162
      vertex 48.1168 15.119 22.6554
    endloop
  endfacet
  facet normal 0.671853 0.277803 0.686614
    outer loop
      vertex 48.0944 16.4391 22.3416
      vertex 47.7032 17.3852 22.3416
      vertex 47.898 16.1385 22.6554
    endloop
  endfacet
  facet normal 0.758633 0.16283 0.630842
    outer loop
      vertex 48.344 15.2762 22.3416
      vertex 48.0944 16.4391 22.3416
      vertex 48.1168 15.119 22.6554
    endloop
  endfacet
  facet normal 0.758667 0.162821 0.630804
    outer loop
      vertex 48.0944 16.4391 22.3416
      vertex 47.898 16.1385 22.6554
      vertex 48.1168 15.119 22.6554
    endloop
  endfacet
  facet normal 0.885744 0.366298 0.285103
    outer loop
      vertex 48.1618 16.542 22
      vertex 47.754 17.5281 22
      vertex 48.0944 16.4391 22.3416
    endloop
  endfacet
  facet normal -0.782402 0.10753 0.61342
    outer loop
      vertex 44.7613 15.8786 22.3416
      vertex 44.5918 14.6453 22.3416
      vertex 44.8269 14.5658 22.6554
    endloop
  endfacet
  facet normal 0.758667 -0.162821 0.630804
    outer loop
      vertex 48.1168 12.881 22.6554
      vertex 47.898 11.8615 22.6554
      vertex 48.0944 11.5609 22.3416
    endloop
  endfacet
  facet normal -0.82892 -0.46329 0.313454
    outer loop
      vertex 45.5351 10.2503 22.3416
      vertex 45.0257 10.9306 22
      vertex 45.4944 10.092 22
    endloop
  endfacet
  facet normal -0.013346 -0.0792779 0.996763
    outer loop
      vertex 46.5214 13.3596 23.2
      vertex 46.3141 12.1724 23.1028
      vertex 46.5624 12.1306 23.1028
    endloop
  endfacet
  facet normal 0.970695 -0.0651704 0.231307
    outer loop
      vertex 48.4298 14 22.3416
      vertex 48.4219 12.6699 22
      vertex 48.5112 14 22
    endloop
  endfacet
  facet normal 0.14805 0.28915 0.945766
    outer loop
      vertex 46.6264 17.7856 22.6554
      vertex 46.5984 16.9469 22.9162
      vertex 46.9812 16.7509 22.9162
    endloop
  endfacet
  facet normal 0.570689 -0.0383299 0.820271
    outer loop
      vertex 47.8171 14 22.9162
      vertex 47.7586 13.129 22.9162
      vertex 48.1168 12.881 22.6554
    endloop
  endfacet
  facet normal 0.248788 -0.485817 0.837906
    outer loop
      vertex 47.1181 10.4662 22.6554
      vertex 46.6264 10.2144 22.6554
      vertex 47.205 9.96948 22.3416
    endloop
  endfacet
  facet normal -0.5754 0 0.817872
    outer loop
      vertex 44.8269 14.5658 22.6554
      vertex 45.1976 13.5596 22.9162
      vertex 45.1976 14.4404 22.9162
    endloop
  endfacet
  facet normal -0.5754 0 0.817872
    outer loop
      vertex 45.1976 13.5596 22.9162
      vertex 44.8269 14.5658 22.6554
      vertex 44.8269 13.4342 22.6554
    endloop
  endfacet
  facet normal 0.321506 0.248154 0.913813
    outer loop
      vertex 47.5549 16.968 22.6554
      vertex 46.9812 16.7509 22.9162
      vertex 47.3212 16.3104 22.9162
    endloop
  endfacet
  facet normal 0.885805 0.366269 0.284949
    outer loop
      vertex 47.754 17.5281 22
      vertex 47.7032 17.3852 22.3416
      vertex 48.0944 16.4391 22.3416
    endloop
  endfacet
  facet normal 0.248794 0.48583 0.837897
    outer loop
      vertex 47.205 18.0305 22.3416
      vertex 46.6264 17.7856 22.6554
      vertex 47.1181 17.5338 22.6554
    endloop
  endfacet
  facet normal 0.7959 0.053509 0.603059
    outer loop
      vertex 48.344 15.2762 22.3416
      vertex 48.1168 15.119 22.6554
      vertex 48.4298 14 22.3416
    endloop
  endfacet
  facet normal 0.148078 0.289158 0.945759
    outer loop
      vertex 47.1181 17.5338 22.6554
      vertex 46.6264 17.7856 22.6554
      vertex 46.9812 16.7509 22.9162
    endloop
  endfacet
  facet normal 0.947172 -0.203284 0.248073
    outer loop
      vertex 48.344 12.7238 22.3416
      vertex 48.1618 11.458 22
      vertex 48.4219 12.6699 22
    endloop
  endfacet
  facet normal 0.0889172 0.0686451 0.993671
    outer loop
      vertex 46.8052 15.745 23.1028
      vertex 46.6785 14.5021 23.2
      vertex 47.0209 15.4656 23.1028
    endloop
  endfacet
  facet normal 0.15908 -0.0341607 0.986675
    outer loop
      vertex 47.2984 13.4474 23.1028
      vertex 46.7365 13.6382 23.2
      vertex 47.1903 12.944 23.1028
    endloop
  endfacet
  facet normal 0.7959 -0.053509 0.603059
    outer loop
      vertex 48.4298 14 22.3416
      vertex 48.1168 12.881 22.6554
      vertex 48.344 12.7238 22.3416
    endloop
  endfacet
  facet normal 0.795862 -0.0534842 0.603111
    outer loop
      vertex 48.192 14 22.6554
      vertex 48.1168 12.881 22.6554
      vertex 48.4298 14 22.3416
    endloop
  endfacet
  facet normal 0.510116 -0.393811 0.764653
    outer loop
      vertex 47.5549 11.032 22.6554
      vertex 47.1181 10.4662 22.6554
      vertex 47.7032 10.6148 22.3416
    endloop
  endfacet
  facet normal 0.274273 0.113432 0.954939
    outer loop
      vertex 47.3212 16.3104 22.9162
      vertex 47.0209 15.4656 23.1028
      vertex 47.1903 15.056 23.1028
    endloop
  endfacet
  facet normal 0.531871 0.114188 0.839091
    outer loop
      vertex 48.1168 15.119 22.6554
      vertex 47.5882 15.6647 22.9162
      vertex 47.7586 14.871 22.9162
    endloop
  endfacet
  facet normal -0.39185 -0.219042 0.893574
    outer loop
      vertex 45.8415 11.4408 22.9162
      vertex 45.5345 11.99 22.9162
      vertex 45.654 10.7123 22.6554
    endloop
  endfacet
  facet normal -0.607927 0.690299 0.392315
    outer loop
      vertex 46.0525 18.3995 22
      vertex 45.5351 17.7497 22.3416
      vertex 46.0706 18.2213 22.3416
    endloop
  endfacet
  facet normal -0.782265 0.107577 0.613587
    outer loop
      vertex 44.9756 15.6471 22.6554
      vertex 44.7613 15.8786 22.3416
      vertex 44.8269 14.5658 22.6554
    endloop
  endfacet
  facet normal -0.922985 0.280513 0.26346
    outer loop
      vertex 45.0257 17.0694 22
      vertex 44.7613 15.8786 22.3416
      vertex 45.0854 16.945 22.3416
    endloop
  endfacet
  facet normal -0.139927 0.158885 0.977331
    outer loop
      vertex 46.2069 16.881 22.9162
      vertex 45.8415 16.5592 22.9162
      vertex 46.3141 15.8276 23.1028
    endloop
  endfacet
  facet normal -0.782402 -0.10753 0.61342
    outer loop
      vertex 44.8269 13.4342 22.6554
      vertex 44.5918 13.3547 22.3416
      vertex 44.7613 12.1214 22.3416
    endloop
  endfacet
  facet normal -0.110717 -0.0618497 0.991926
    outer loop
      vertex 46.2902 13.5632 23.2
      vertex 46.0823 12.3765 23.1028
      vertex 46.3569 13.4438 23.2
    endloop
  endfacet
  facet normal 0.0888977 -0.0686472 0.993672
    outer loop
      vertex 46.6785 13.4979 23.2
      vertex 46.6046 13.4022 23.2
      vertex 46.8052 12.255 23.1028
    endloop
  endfacet
  facet normal 0.410377 0.801421 0.435103
    outer loop
      vertex 47.2348 18.2007 22
      vertex 46.6503 18.5 22
      vertex 47.205 18.0305 22.3416
    endloop
  endfacet
  facet normal -0.392362 0.445525 0.804711
    outer loop
      vertex 46.0706 18.2213 22.3416
      vertex 45.5351 17.7497 22.3416
      vertex 46.1235 17.7011 22.6554
    endloop
  endfacet
  facet normal -0.0854162 0.508244 0.856967
    outer loop
      vertex 46.6442 18.3177 22.3416
      vertex 46.0706 18.2213 22.3416
      vertex 46.6264 17.7856 22.6554
    endloop
  endfacet
  facet normal 0.570689 0.0383299 0.820271
    outer loop
      vertex 48.1168 15.119 22.6554
      vertex 47.7586 14.871 22.9162
      vertex 47.8171 14 22.9162
    endloop
  endfacet
  facet normal 0.570644 0.0383489 0.820301
    outer loop
      vertex 48.1168 15.119 22.6554
      vertex 47.8171 14 22.9162
      vertex 48.192 14 22.6554
    endloop
  endfacet
  facet normal 0.450284 0.186248 0.873245
    outer loop
      vertex 47.898 16.1385 22.6554
      vertex 47.5549 16.968 22.6554
      vertex 47.5882 15.6647 22.9162
    endloop
  endfacet
  facet normal 0.671669 0.277818 0.686788
    outer loop
      vertex 47.7032 17.3852 22.3416
      vertex 47.5549 16.968 22.6554
      vertex 47.898 16.1385 22.6554
    endloop
  endfacet
  facet normal -0.0501759 0.298086 0.953219
    outer loop
      vertex 46.6264 17.7856 22.6554
      vertex 46.2069 16.881 22.9162
      vertex 46.5984 16.9469 22.9162
    endloop
  endfacet
  facet normal 0.0888977 0.0686472 0.993672
    outer loop
      vertex 46.8052 15.745 23.1028
      vertex 46.6046 14.5978 23.2
      vertex 46.6785 14.5021 23.2
    endloop
  endfacet
  facet normal 0.361191 -0.0242591 0.932176
    outer loop
      vertex 47.8171 14 22.9162
      vertex 47.2984 13.4474 23.1028
      vertex 47.7586 13.129 22.9162
    endloop
  endfacet
  facet normal -0.0650592 -0.0738889 0.995142
    outer loop
      vertex 46.4363 13.3739 23.2
      vertex 46.0823 12.3765 23.1028
      vertex 46.3141 12.1724 23.1028
    endloop
  endfacet
  facet normal -0.602326 -0.336589 0.723817
    outer loop
      vertex 45.2597 11.4179 22.6554
      vertex 45.0854 11.055 22.3416
      vertex 45.654 10.7123 22.6554
    endloop
  endfacet
  facet normal -0.0500793 -0.298046 0.953237
    outer loop
      vertex 46.2069 11.119 22.9162
      vertex 46.1235 10.2989 22.6554
      vertex 46.6264 10.2144 22.6554
    endloop
  endfacet
  facet normal -0.085404 -0.50828 0.856947
    outer loop
      vertex 46.1235 10.2989 22.6554
      vertex 46.0706 9.77873 22.3416
      vertex 46.6264 10.2144 22.6554
    endloop
  endfacet
  facet normal -0.0288686 -0.171503 0.98476
    outer loop
      vertex 46.3141 12.1724 23.1028
      vertex 46.2069 11.119 22.9162
      vertex 46.5984 11.0531 22.9162
    endloop
  endfacet
  facet normal 0.15908 0.0341607 0.986675
    outer loop
      vertex 47.1903 15.056 23.1028
      vertex 46.7365 14.3618 23.2
      vertex 47.2984 14.5526 23.1028
    endloop
  endfacet
  facet normal 0.332022 0.0712984 0.940573
    outer loop
      vertex 47.5882 15.6647 22.9162
      vertex 47.1903 15.056 23.1028
      vertex 47.2984 14.5526 23.1028
    endloop
  endfacet
  facet normal -0.922963 -0.280526 0.263522
    outer loop
      vertex 44.7613 12.1214 22.3416
      vertex 44.6879 12.042 22
      vertex 45.0257 10.9306 22
    endloop
  endfacet
  facet normal -0.962331 -0.132289 0.237526
    outer loop
      vertex 44.7613 12.1214 22.3416
      vertex 44.5112 13.3274 22
      vertex 44.6879 12.042 22
    endloop
  endfacet
  facet normal -0.962331 0.132289 0.237526
    outer loop
      vertex 44.6879 15.958 22
      vertex 44.5112 14.6726 22
      vertex 44.7613 15.8786 22.3416
    endloop
  endfacet
  facet normal -0.800306 0 0.599592
    outer loop
      vertex 44.5918 14.6453 22.3416
      vertex 44.8269 13.4342 22.6554
      vertex 44.8269 14.5658 22.6554
    endloop
  endfacet
  facet normal -0.800306 0 0.599592
    outer loop
      vertex 44.8269 13.4342 22.6554
      vertex 44.5918 14.6453 22.3416
      vertex 44.5918 13.3547 22.3416
    endloop
  endfacet
  facet normal -0.828913 0.463231 0.31356
    outer loop
      vertex 45.5351 17.7497 22.3416
      vertex 45.0257 17.0694 22
      vertex 45.0854 16.945 22.3416
    endloop
  endfacet
  facet normal -0.556269 -0.0765216 0.827472
    outer loop
      vertex 45.1976 13.5596 22.9162
      vertex 44.8269 13.4342 22.6554
      vertex 45.3134 12.7178 22.9162
    endloop
  endfacet
  facet normal -0.782265 -0.107577 0.613587
    outer loop
      vertex 44.8269 13.4342 22.6554
      vertex 44.7613 12.1214 22.3416
      vertex 44.9756 12.3529 22.6554
    endloop
  endfacet
  facet normal -0.607924 0.690299 0.392321
    outer loop
      vertex 46.0525 18.3995 22
      vertex 45.4944 17.908 22
      vertex 45.5351 17.7497 22.3416
    endloop
  endfacet
  facet normal -0.168512 -0.0231254 0.985428
    outer loop
      vertex 46.217 13.9043 23.2
      vertex 45.6738 13.7206 23.1028
      vertex 46.2421 13.7214 23.2
    endloop
  endfacet
  facet normal -0.722607 0.219564 0.655462
    outer loop
      vertex 45.2597 16.5821 22.6554
      vertex 44.7613 15.8786 22.3416
      vertex 44.9756 15.6471 22.6554
    endloop
  endfacet
  facet normal 0.248801 0.48582 0.837901
    outer loop
      vertex 46.6442 18.3177 22.3416
      vertex 46.6264 17.7856 22.6554
      vertex 47.205 18.0305 22.3416
    endloop
  endfacet
  facet normal 0.410435 0.801433 0.435026
    outer loop
      vertex 46.6503 18.5 22
      vertex 46.6442 18.3177 22.3416
      vertex 47.205 18.0305 22.3416
    endloop
  endfacet
  facet normal -0.82892 0.46329 0.313454
    outer loop
      vertex 45.4944 17.908 22
      vertex 45.0257 17.0694 22
      vertex 45.5351 17.7497 22.3416
    endloop
  endfacet
  facet normal -0.146897 0.873781 0.463603
    outer loop
      vertex 46.6503 18.5 22
      vertex 46.0525 18.3995 22
      vertex 46.0706 18.2213 22.3416
    endloop
  endfacet
  facet normal -0.239563 0.272021 0.931995
    outer loop
      vertex 46.1235 17.7011 22.6554
      vertex 45.8415 16.5592 22.9162
      vertex 46.2069 16.881 22.9162
    endloop
  endfacet
  facet normal -0.496814 0.150957 0.854628
    outer loop
      vertex 45.2597 16.5821 22.6554
      vertex 44.9756 15.6471 22.6554
      vertex 45.5345 16.01 22.9162
    endloop
  endfacet
  facet normal 0.947158 0.203294 0.248119
    outer loop
      vertex 48.1618 16.542 22
      vertex 48.0944 16.4391 22.3416
      vertex 48.344 15.2762 22.3416
    endloop
  endfacet
  facet normal 0.970611 0.065255 0.231639
    outer loop
      vertex 48.4219 15.3301 22
      vertex 48.344 15.2762 22.3416
      vertex 48.4298 14 22.3416
    endloop
  endfacet
  facet normal 0.970695 0.0651704 0.231307
    outer loop
      vertex 48.5112 14 22
      vertex 48.4219 15.3301 22
      vertex 48.4298 14 22.3416
    endloop
  endfacet
  facet normal 0.174234 0.0116975 0.984635
    outer loop
      vertex 47.2984 14.5526 23.1028
      vertex 46.7862 14 23.2
      vertex 47.3355 14 23.1028
    endloop
  endfacet
  facet normal 0.361181 0.0242487 0.93218
    outer loop
      vertex 47.8171 14 22.9162
      vertex 47.2984 14.5526 23.1028
      vertex 47.3355 14 23.1028
    endloop
  endfacet
  facet normal 0.32149 0.248192 0.913808
    outer loop
      vertex 47.1181 17.5338 22.6554
      vertex 46.9812 16.7509 22.9162
      vertex 47.5549 16.968 22.6554
    endloop
  endfacet
  facet normal 0.510116 0.393811 0.764653
    outer loop
      vertex 47.7032 17.3852 22.3416
      vertex 47.1181 17.5338 22.6554
      vertex 47.5549 16.968 22.6554
    endloop
  endfacet
  facet normal -0.168512 0.0231254 0.985428
    outer loop
      vertex 46.2421 14.2786 23.2
      vertex 45.6738 14.2794 23.1028
      vertex 46.217 14.0957 23.2
    endloop
  endfacet
  facet normal 0.671669 -0.277818 0.686788
    outer loop
      vertex 47.898 11.8615 22.6554
      vertex 47.5549 11.032 22.6554
      vertex 47.7032 10.6148 22.3416
    endloop
  endfacet
  facet normal 0.531871 -0.114188 0.839091
    outer loop
      vertex 47.7586 13.129 22.9162
      vertex 47.5882 12.3353 22.9162
      vertex 48.1168 12.881 22.6554
    endloop
  endfacet
  facet normal 0.450393 -0.18624 0.87319
    outer loop
      vertex 47.5882 12.3353 22.9162
      vertex 47.3212 11.6896 22.9162
      vertex 47.5549 11.032 22.6554
    endloop
  endfacet
  facet normal -0.139927 -0.158885 0.977331
    outer loop
      vertex 46.3141 12.1724 23.1028
      vertex 45.8415 11.4408 22.9162
      vertex 46.2069 11.119 22.9162
    endloop
  endfacet
  facet normal -0.085458 -0.508229 0.856972
    outer loop
      vertex 46.6264 10.2144 22.6554
      vertex 46.0706 9.77873 22.3416
      vertex 46.6442 9.68228 22.3416
    endloop
  endfacet
  facet normal -0.168511 -0.0231624 0.985428
    outer loop
      vertex 46.2421 13.7214 23.2
      vertex 45.6738 13.7206 23.1028
      vertex 45.7472 13.1866 23.1028
    endloop
  endfacet
  facet normal -0.350266 -0.0481451 0.935412
    outer loop
      vertex 45.6738 13.7206 23.1028
      vertex 45.1976 13.5596 22.9162
      vertex 45.7472 13.1866 23.1028
    endloop
  endfacet
  facet normal -0.722653 -0.219628 0.65539
    outer loop
      vertex 45.2597 11.4179 22.6554
      vertex 44.7613 12.1214 22.3416
      vertex 45.0854 11.055 22.3416
    endloop
  endfacet
  facet normal -0.922985 -0.280513 0.26346
    outer loop
      vertex 45.0854 11.055 22.3416
      vertex 44.7613 12.1214 22.3416
      vertex 45.0257 10.9306 22
    endloop
  endfacet
  facet normal 0.248794 -0.485807 0.83791
    outer loop
      vertex 47.205 9.96948 22.3416
      vertex 46.6264 10.2144 22.6554
      vertex 46.6442 9.68228 22.3416
    endloop
  endfacet
  facet normal -0.607899 -0.690311 0.39234
    outer loop
      vertex 46.0706 9.77873 22.3416
      vertex 45.5351 10.2503 22.3416
      vertex 46.0525 9.60052 22
    endloop
  endfacet
  facet normal -0.496799 -0.150924 0.854642
    outer loop
      vertex 45.3134 12.7178 22.9162
      vertex 44.9756 12.3529 22.6554
      vertex 45.5345 11.99 22.9162
    endloop
  endfacet
  facet normal -0.306744 -0.0931863 0.947219
    outer loop
      vertex 45.7472 13.1866 23.1028
      vertex 45.3134 12.7178 22.9162
      vertex 45.5345 11.99 22.9162
    endloop
  endfacet
  facet normal 0.410443 -0.80145 0.434988
    outer loop
      vertex 47.205 9.96948 22.3416
      vertex 46.6442 9.68228 22.3416
      vertex 46.6503 9.5 22
    endloop
  endfacet
  facet normal -0.392344 -0.445586 0.804686
    outer loop
      vertex 45.654 10.7123 22.6554
      vertex 45.5351 10.2503 22.3416
      vertex 46.1235 10.2989 22.6554
    endloop
  endfacet
  facet normal 0.0856203 -0.167222 0.982195
    outer loop
      vertex 46.8052 12.255 23.1028
      vertex 46.5984 11.0531 22.9162
      vertex 46.9812 11.2491 22.9162
    endloop
  endfacet
  facet normal 0.14805 -0.28915 0.945766
    outer loop
      vertex 46.9812 11.2491 22.9162
      vertex 46.5984 11.0531 22.9162
      vertex 46.6264 10.2144 22.6554
    endloop
  endfacet
  facet normal 0.0396638 -0.0774654 0.996206
    outer loop
      vertex 46.6046 13.4022 23.2
      vertex 46.5214 13.3596 23.2
      vertex 46.5624 12.1306 23.1028
    endloop
  endfacet
  facet normal -0.146098 -0.0444205 0.988272
    outer loop
      vertex 46.2421 13.7214 23.2
      vertex 45.7472 13.1866 23.1028
      vertex 46.2902 13.5632 23.2
    endloop
  endfacet
  facet normal -0.922963 0.280526 0.263522
    outer loop
      vertex 45.0257 17.0694 22
      vertex 44.6879 15.958 22
      vertex 44.7613 15.8786 22.3416
    endloop
  endfacet
  facet normal -0.496814 -0.150957 0.854628
    outer loop
      vertex 45.5345 11.99 22.9162
      vertex 44.9756 12.3529 22.6554
      vertex 45.2597 11.4179 22.6554
    endloop
  endfacet
  facet normal -0.306694 -0.0931974 0.947234
    outer loop
      vertex 45.7472 13.1866 23.1028
      vertex 45.5345 11.99 22.9162
      vertex 45.8875 12.7249 23.1028
    endloop
  endfacet
  facet normal -0.306694 0.0931974 0.947234
    outer loop
      vertex 45.8875 15.2751 23.1028
      vertex 45.5345 16.01 22.9162
      vertex 45.7472 14.8134 23.1028
    endloop
  endfacet
  facet normal -0.176142 0 0.984365
    outer loop
      vertex 45.6738 14.2794 23.1028
      vertex 46.217 13.9043 23.2
      vertex 46.217 14.0957 23.2
    endloop
  endfacet
  facet normal -0.176142 0 0.984365
    outer loop
      vertex 46.217 13.9043 23.2
      vertex 45.6738 14.2794 23.1028
      vertex 45.6738 13.7206 23.1028
    endloop
  endfacet
  facet normal -0.0500793 0.298046 0.953237
    outer loop
      vertex 46.6264 17.7856 22.6554
      vertex 46.1235 17.7011 22.6554
      vertex 46.2069 16.881 22.9162
    endloop
  endfacet
  facet normal -0.0854004 0.508259 0.85696
    outer loop
      vertex 46.6264 17.7856 22.6554
      vertex 46.0706 18.2213 22.3416
      vertex 46.1235 17.7011 22.6554
    endloop
  endfacet
  facet normal 0.0889172 -0.0686451 0.993671
    outer loop
      vertex 47.0209 12.5344 23.1028
      vertex 46.6785 13.4979 23.2
      vertex 46.8052 12.255 23.1028
    endloop
  endfacet
  facet normal -0.0650509 0.0738919 0.995142
    outer loop
      vertex 46.4363 14.6261 23.2
      vertex 46.0823 15.6235 23.1028
      vertex 46.3569 14.5562 23.2
    endloop
  endfacet
  facet normal 0.741552 0.572426 0.349898
    outer loop
      vertex 47.2348 18.2007 22
      vertex 47.205 18.0305 22.3416
      vertex 47.754 17.5281 22
    endloop
  endfacet
  facet normal 0.741548 0.572508 0.349772
    outer loop
      vertex 47.754 17.5281 22
      vertex 47.205 18.0305 22.3416
      vertex 47.7032 17.3852 22.3416
    endloop
  endfacet
  facet normal 0.159092 0.0341241 0.986674
    outer loop
      vertex 47.2984 14.5526 23.1028
      vertex 46.7365 14.3618 23.2
      vertex 46.7735 14.1893 23.2
    endloop
  endfacet
  facet normal 0.174242 0.0116898 0.984634
    outer loop
      vertex 47.2984 14.5526 23.1028
      vertex 46.7735 14.1893 23.2
      vertex 46.7862 14 23.2
    endloop
  endfacet
  facet normal 0.0856203 0.167222 0.982195
    outer loop
      vertex 46.9812 16.7509 22.9162
      vertex 46.5984 16.9469 22.9162
      vertex 46.8052 15.745 23.1028
    endloop
  endfacet
  facet normal -0.0650509 -0.0738919 0.995142
    outer loop
      vertex 46.3569 13.4438 23.2
      vertex 46.0823 12.3765 23.1028
      vertex 46.4363 13.3739 23.2
    endloop
  endfacet
  facet normal -0.013346 0.0792779 0.996763
    outer loop
      vertex 46.5624 15.8694 23.1028
      vertex 46.3141 15.8276 23.1028
      vertex 46.5214 14.6404 23.2
    endloop
  endfacet
  facet normal 0.274273 -0.113432 0.954939
    outer loop
      vertex 47.1903 12.944 23.1028
      vertex 47.0209 12.5344 23.1028
      vertex 47.3212 11.6896 22.9162
    endloop
  endfacet
  facet normal -0.0288718 -0.171504 0.98476
    outer loop
      vertex 46.5624 12.1306 23.1028
      vertex 46.3141 12.1724 23.1028
      vertex 46.5984 11.0531 22.9162
    endloop
  endfacet
  facet normal 0.0856819 -0.167231 0.982188
    outer loop
      vertex 46.8052 12.255 23.1028
      vertex 46.5624 12.1306 23.1028
      vertex 46.5984 11.0531 22.9162
    endloop
  endfacet
  facet normal -0.146112 0.0444001 0.988271
    outer loop
      vertex 45.8875 15.2751 23.1028
      vertex 45.7472 14.8134 23.1028
      vertex 46.2902 14.4368 23.2
    endloop
  endfacet
  facet normal -0.110717 0.0618497 0.991926
    outer loop
      vertex 46.3569 14.5562 23.2
      vertex 46.0823 15.6235 23.1028
      vertex 46.2902 14.4368 23.2
    endloop
  endfacet
  facet normal -0.602331 -0.336608 0.723804
    outer loop
      vertex 45.654 10.7123 22.6554
      vertex 45.0854 11.055 22.3416
      vertex 45.5351 10.2503 22.3416
    endloop
  endfacet
  facet normal -0.828913 -0.463231 0.31356
    outer loop
      vertex 45.0854 11.055 22.3416
      vertex 45.0257 10.9306 22
      vertex 45.5351 10.2503 22.3416
    endloop
  endfacet
  facet normal 0.510115 -0.393819 0.764649
    outer loop
      vertex 47.7032 10.6148 22.3416
      vertex 47.1181 10.4662 22.6554
      vertex 47.205 9.96948 22.3416
    endloop
  endfacet
  facet normal 0.741558 -0.572498 0.349769
    outer loop
      vertex 47.7032 10.6148 22.3416
      vertex 47.205 9.96948 22.3416
      vertex 47.754 10.4719 22
    endloop
  endfacet
  facet normal -0.146923 -0.873767 0.463622
    outer loop
      vertex 46.0706 9.77873 22.3416
      vertex 46.0525 9.60052 22
      vertex 46.6442 9.68228 22.3416
    endloop
  endfacet
  facet normal -0.146924 -0.873766 0.463624
    outer loop
      vertex 46.6442 9.68228 22.3416
      vertex 46.0525 9.60052 22
      vertex 46.6503 9.5 22
    endloop
  endfacet
  facet normal 0.332053 -0.0712887 0.940563
    outer loop
      vertex 47.7586 13.129 22.9162
      vertex 47.2984 13.4474 23.1028
      vertex 47.5882 12.3353 22.9162
    endloop
  endfacet
  facet normal 0.148078 -0.289158 0.945759
    outer loop
      vertex 46.9812 11.2491 22.9162
      vertex 46.6264 10.2144 22.6554
      vertex 47.1181 10.4662 22.6554
    endloop
  endfacet
  facet normal 0.74156 -0.572449 0.349843
    outer loop
      vertex 47.754 10.4719 22
      vertex 47.205 9.96948 22.3416
      vertex 47.2348 9.79932 22
    endloop
  endfacet
  facet normal 0.410416 -0.801444 0.435024
    outer loop
      vertex 47.205 9.96948 22.3416
      vertex 46.6503 9.5 22
      vertex 47.2348 9.79932 22
    endloop
  endfacet
  facet normal 0.671853 -0.277803 0.686614
    outer loop
      vertex 47.898 11.8615 22.6554
      vertex 47.7032 10.6148 22.3416
      vertex 48.0944 11.5609 22.3416
    endloop
  endfacet
  facet normal 0.885744 -0.366298 0.285103
    outer loop
      vertex 48.0944 11.5609 22.3416
      vertex 47.754 10.4719 22
      vertex 48.1618 11.458 22
    endloop
  endfacet
  facet normal -0.0133224 -0.0792821 0.996763
    outer loop
      vertex 46.4363 13.3739 23.2
      vertex 46.3141 12.1724 23.1028
      vertex 46.5214 13.3596 23.2
    endloop
  endfacet
  facet normal -0.962311 0.132256 0.237625
    outer loop
      vertex 44.7613 15.8786 22.3416
      vertex 44.5112 14.6726 22
      vertex 44.5918 14.6453 22.3416
    endloop
  endfacet
  facet normal -0.973275 0 0.229643
    outer loop
      vertex 44.5112 14.6726 22
      vertex 44.5918 13.3547 22.3416
      vertex 44.5918 14.6453 22.3416
    endloop
  endfacet
  facet normal -0.973275 0 0.229643
    outer loop
      vertex 44.5918 13.3547 22.3416
      vertex 44.5112 14.6726 22
      vertex 44.5112 13.3274 22
    endloop
  endfacet
  facet normal -0.722607 -0.219564 0.655462
    outer loop
      vertex 44.9756 12.3529 22.6554
      vertex 44.7613 12.1214 22.3416
      vertex 45.2597 11.4179 22.6554
    endloop
  endfacet
  facet normal -0.55624 -0.0764939 0.827494
    outer loop
      vertex 45.3134 12.7178 22.9162
      vertex 44.8269 13.4342 22.6554
      vertex 44.9756 12.3529 22.6554
    endloop
  endfacet
  facet normal -0.602331 0.336608 0.723804
    outer loop
      vertex 45.5351 17.7497 22.3416
      vertex 45.0854 16.945 22.3416
      vertex 45.654 17.2877 22.6554
    endloop
  endfacet
  facet normal -0.139909 -0.158897 0.977332
    outer loop
      vertex 46.0823 12.3765 23.1028
      vertex 45.8415 11.4408 22.9162
      vertex 46.3141 12.1724 23.1028
    endloop
  endfacet
  facet normal -0.146112 -0.0444001 0.988271
    outer loop
      vertex 46.2902 13.5632 23.2
      vertex 45.7472 13.1866 23.1028
      vertex 45.8875 12.7249 23.1028
    endloop
  endfacet
  facet normal -0.55624 0.0764939 0.827494
    outer loop
      vertex 44.9756 15.6471 22.6554
      vertex 44.8269 14.5658 22.6554
      vertex 45.3134 15.2822 22.9162
    endloop
  endfacet
  facet normal -0.306744 0.0931863 0.947219
    outer loop
      vertex 45.5345 16.01 22.9162
      vertex 45.3134 15.2822 22.9162
      vertex 45.7472 14.8134 23.1028
    endloop
  endfacet
  facet normal 0.0396638 0.0774654 0.996206
    outer loop
      vertex 46.5624 15.8694 23.1028
      vertex 46.5214 14.6404 23.2
      vertex 46.6046 14.5978 23.2
    endloop
  endfacet
  facet normal 0.0396903 0.0774662 0.996205
    outer loop
      vertex 46.8052 15.745 23.1028
      vertex 46.5624 15.8694 23.1028
      vertex 46.6046 14.5978 23.2
    endloop
  endfacet
  facet normal 0.129893 0.0537204 0.990072
    outer loop
      vertex 47.0209 15.4656 23.1028
      vertex 46.6785 14.5021 23.2
      vertex 47.1903 15.056 23.1028
    endloop
  endfacet
  facet normal 0.12991 0.0537047 0.99007
    outer loop
      vertex 47.1903 15.056 23.1028
      vertex 46.6785 14.5021 23.2
      vertex 46.7365 14.3618 23.2
    endloop
  endfacet
  facet normal 0.274307 0.113427 0.954929
    outer loop
      vertex 47.3212 16.3104 22.9162
      vertex 47.1903 15.056 23.1028
      vertex 47.5882 15.6647 22.9162
    endloop
  endfacet
  facet normal 0.450393 0.18624 0.87319
    outer loop
      vertex 47.5549 16.968 22.6554
      vertex 47.3212 16.3104 22.9162
      vertex 47.5882 15.6647 22.9162
    endloop
  endfacet
  facet normal -0.0133224 0.0792821 0.996763
    outer loop
      vertex 46.5214 14.6404 23.2
      vertex 46.3141 15.8276 23.1028
      vertex 46.4363 14.6261 23.2
    endloop
  endfacet
  facet normal 0.0856819 0.167231 0.982188
    outer loop
      vertex 46.5984 16.9469 22.9162
      vertex 46.5624 15.8694 23.1028
      vertex 46.8052 15.745 23.1028
    endloop
  endfacet
  facet normal 0.332022 -0.0712984 0.940573
    outer loop
      vertex 47.2984 13.4474 23.1028
      vertex 47.1903 12.944 23.1028
      vertex 47.5882 12.3353 22.9162
    endloop
  endfacet
  facet normal -0.110643 0.0618634 0.991933
    outer loop
      vertex 46.0823 15.6235 23.1028
      vertex 45.8875 15.2751 23.1028
      vertex 46.2902 14.4368 23.2
    endloop
  endfacet
  facet normal 0.361181 -0.0242487 0.93218
    outer loop
      vertex 47.3355 14 23.1028
      vertex 47.2984 13.4474 23.1028
      vertex 47.8171 14 22.9162
    endloop
  endfacet
  facet normal 0.174234 -0.0116975 0.984635
    outer loop
      vertex 47.3355 14 23.1028
      vertex 46.7862 14 23.2
      vertex 47.2984 13.4474 23.1028
    endloop
  endfacet
  facet normal -0 0 1
    outer loop
      vertex 46.217 14.0957 23.2
      vertex 46.7862 14 23.2
      vertex 46.7735 14.1893 23.2
    endloop
  endfacet
  facet normal -0 0 1
    outer loop
      vertex 46.2421 14.2786 23.2
      vertex 46.7735 14.1893 23.2
      vertex 46.7365 14.3618 23.2
    endloop
  endfacet
  facet normal 0 0 1
    outer loop
      vertex 46.217 13.9043 23.2
      vertex 46.7862 14 23.2
      vertex 46.217 14.0957 23.2
    endloop
  endfacet
  facet normal -0 0 1
    outer loop
      vertex 46.2902 14.4368 23.2
      vertex 46.7365 14.3618 23.2
      vertex 46.6785 14.5021 23.2
    endloop
  endfacet
  facet normal 0 0 1
    outer loop
      vertex 46.7862 14 23.2
      vertex 46.217 13.9043 23.2
      vertex 46.7735 13.8107 23.2
    endloop
  endfacet
  facet normal -0 0 1
    outer loop
      vertex 46.3569 14.5562 23.2
      vertex 46.6785 14.5021 23.2
      vertex 46.6046 14.5978 23.2
    endloop
  endfacet
  facet normal 0 -0 1
    outer loop
      vertex 46.2421 13.7214 23.2
      vertex 46.7735 13.8107 23.2
      vertex 46.217 13.9043 23.2
    endloop
  endfacet
  facet normal -0 0 1
    outer loop
      vertex 46.4363 14.6261 23.2
      vertex 46.6046 14.5978 23.2
      vertex 46.5214 14.6404 23.2
    endloop
  endfacet
  facet normal 0 0 1
    outer loop
      vertex 46.7735 13.8107 23.2
      vertex 46.2421 13.7214 23.2
      vertex 46.7365 13.6382 23.2
    endloop
  endfacet
  facet normal 0 0 1
    outer loop
      vertex 46.6046 14.5978 23.2
      vertex 46.4363 14.6261 23.2
      vertex 46.3569 14.5562 23.2
    endloop
  endfacet
  facet normal 0 -0 1
    outer loop
      vertex 46.2902 13.5632 23.2
      vertex 46.7365 13.6382 23.2
      vertex 46.2421 13.7214 23.2
    endloop
  endfacet
  facet normal 0 0 1
    outer loop
      vertex 46.6785 14.5021 23.2
      vertex 46.3569 14.5562 23.2
      vertex 46.2902 14.4368 23.2
    endloop
  endfacet
  facet normal 0 0 1
    outer loop
      vertex 46.7365 13.6382 23.2
      vertex 46.2902 13.5632 23.2
      vertex 46.6785 13.4979 23.2
    endloop
  endfacet
  facet normal 0 0 1
    outer loop
      vertex 46.7365 14.3618 23.2
      vertex 46.2902 14.4368 23.2
      vertex 46.2421 14.2786 23.2
    endloop
  endfacet
  facet normal 0 -0 1
    outer loop
      vertex 46.3569 13.4438 23.2
      vertex 46.6785 13.4979 23.2
      vertex 46.2902 13.5632 23.2
    endloop
  endfacet
  facet normal 0 0 1
    outer loop
      vertex 46.7735 14.1893 23.2
      vertex 46.2421 14.2786 23.2
      vertex 46.217 14.0957 23.2
    endloop
  endfacet
  facet normal 0 0 1
    outer loop
      vertex 46.6785 13.4979 23.2
      vertex 46.3569 13.4438 23.2
      vertex 46.6046 13.4022 23.2
    endloop
  endfacet
  facet normal 0 -0 1
    outer loop
      vertex 46.4363 13.3739 23.2
      vertex 46.6046 13.4022 23.2
      vertex 46.3569 13.4438 23.2
    endloop
  endfacet
  facet normal 0 0 1
    outer loop
      vertex 46.6046 13.4022 23.2
      vertex 46.4363 13.3739 23.2
      vertex 46.5214 13.3596 23.2
    endloop
  endfacet
  facet normal 0.274307 -0.113427 0.954929
    outer loop
      vertex 47.5882 12.3353 22.9162
      vertex 47.1903 12.944 23.1028
      vertex 47.3212 11.6896 22.9162
    endloop
  endfacet
  facet normal 0.32149 -0.248192 0.913808
    outer loop
      vertex 47.5549 11.032 22.6554
      vertex 46.9812 11.2491 22.9162
      vertex 47.1181 10.4662 22.6554
    endloop
  endfacet
  facet normal -0.0501759 -0.298086 0.953219
    outer loop
      vertex 46.5984 11.0531 22.9162
      vertex 46.2069 11.119 22.9162
      vertex 46.6264 10.2144 22.6554
    endloop
  endfacet
  facet normal -0.392355 -0.445546 0.804702
    outer loop
      vertex 46.1235 10.2989 22.6554
      vertex 45.5351 10.2503 22.3416
      vertex 46.0706 9.77873 22.3416
    endloop
  endfacet
  facet normal 0.190195 -0.146802 0.970708
    outer loop
      vertex 47.0209 12.5344 23.1028
      vertex 46.9812 11.2491 22.9162
      vertex 47.3212 11.6896 22.9162
    endloop
  endfacet
  facet normal 0.190155 -0.146802 0.970716
    outer loop
      vertex 47.0209 12.5344 23.1028
      vertex 46.8052 12.255 23.1028
      vertex 46.9812 11.2491 22.9162
    endloop
  endfacet
  facet normal 0.450284 -0.186248 0.873245
    outer loop
      vertex 47.5882 12.3353 22.9162
      vertex 47.5549 11.032 22.6554
      vertex 47.898 11.8615 22.6554
    endloop
  endfacet
  facet normal 0.531836 -0.11414 0.83912
    outer loop
      vertex 48.1168 12.881 22.6554
      vertex 47.5882 12.3353 22.9162
      vertex 47.898 11.8615 22.6554
    endloop
  endfacet
  facet normal 0.947158 -0.203294 0.248119
    outer loop
      vertex 48.344 12.7238 22.3416
      vertex 48.0944 11.5609 22.3416
      vertex 48.1618 11.458 22
    endloop
  endfacet
  facet normal 0.758633 -0.16283 0.630842
    outer loop
      vertex 48.1168 12.881 22.6554
      vertex 48.0944 11.5609 22.3416
      vertex 48.344 12.7238 22.3416
    endloop
  endfacet
  facet normal -0.391977 -0.219043 0.893518
    outer loop
      vertex 45.5345 11.99 22.9162
      vertex 45.2597 11.4179 22.6554
      vertex 45.654 10.7123 22.6554
    endloop
  endfacet
  facet normal -0.35029 -0.0481867 0.935401
    outer loop
      vertex 45.7472 13.1866 23.1028
      vertex 45.1976 13.5596 22.9162
      vertex 45.3134 12.7178 22.9162
    endloop
  endfacet
  facet normal -0.350266 0.0481451 0.935412
    outer loop
      vertex 45.7472 14.8134 23.1028
      vertex 45.1976 14.4404 22.9162
      vertex 45.6738 14.2794 23.1028
    endloop
  endfacet
  facet normal -0.364842 0 0.93107
    outer loop
      vertex 45.1976 14.4404 22.9162
      vertex 45.6738 13.7206 23.1028
      vertex 45.6738 14.2794 23.1028
    endloop
  endfacet
  facet normal -0.364842 0 0.93107
    outer loop
      vertex 45.6738 13.7206 23.1028
      vertex 45.1976 14.4404 22.9162
      vertex 45.1976 13.5596 22.9162
    endloop
  endfacet
  facet normal -0.496799 0.150924 0.854642
    outer loop
      vertex 45.5345 16.01 22.9162
      vertex 44.9756 15.6471 22.6554
      vertex 45.3134 15.2822 22.9162
    endloop
  endfacet
  facet normal -0.556269 0.0765216 0.827472
    outer loop
      vertex 45.3134 15.2822 22.9162
      vertex 44.8269 14.5658 22.6554
      vertex 45.1976 14.4404 22.9162
    endloop
  endfacet
  facet normal -0.235249 0.131503 0.962998
    outer loop
      vertex 45.8415 16.5592 22.9162
      vertex 45.5345 16.01 22.9162
      vertex 46.0823 15.6235 23.1028
    endloop
  endfacet
  facet normal -0.235234 0.131526 0.962999
    outer loop
      vertex 46.0823 15.6235 23.1028
      vertex 45.5345 16.01 22.9162
      vertex 45.8875 15.2751 23.1028
    endloop
  endfacet
  facet normal -0.39185 0.219042 0.893574
    outer loop
      vertex 45.654 17.2877 22.6554
      vertex 45.5345 16.01 22.9162
      vertex 45.8415 16.5592 22.9162
    endloop
  endfacet
  facet normal -0.391977 0.219043 0.893518
    outer loop
      vertex 45.654 17.2877 22.6554
      vertex 45.2597 16.5821 22.6554
      vertex 45.5345 16.01 22.9162
    endloop
  endfacet
  facet normal 0.159092 -0.0341241 0.986674
    outer loop
      vertex 46.7735 13.8107 23.2
      vertex 46.7365 13.6382 23.2
      vertex 47.2984 13.4474 23.1028
    endloop
  endfacet
  facet normal 0.174242 -0.0116898 0.984634
    outer loop
      vertex 46.7862 14 23.2
      vertex 46.7735 13.8107 23.2
      vertex 47.2984 13.4474 23.1028
    endloop
  endfacet
  facet normal 0.12991 -0.0537047 0.99007
    outer loop
      vertex 46.7365 13.6382 23.2
      vertex 46.6785 13.4979 23.2
      vertex 47.1903 12.944 23.1028
    endloop
  endfacet
  facet normal 0.129893 -0.0537204 0.990072
    outer loop
      vertex 47.1903 12.944 23.1028
      vertex 46.6785 13.4979 23.2
      vertex 47.0209 12.5344 23.1028
    endloop
  endfacet
  facet normal -0.110643 -0.0618634 0.991933
    outer loop
      vertex 46.2902 13.5632 23.2
      vertex 45.8875 12.7249 23.1028
      vertex 46.0823 12.3765 23.1028
    endloop
  endfacet
  facet normal -0.239563 -0.272021 0.931995
    outer loop
      vertex 46.2069 11.119 22.9162
      vertex 45.8415 11.4408 22.9162
      vertex 46.1235 10.2989 22.6554
    endloop
  endfacet
  facet normal -0.239509 -0.272012 0.932011
    outer loop
      vertex 45.8415 11.4408 22.9162
      vertex 45.654 10.7123 22.6554
      vertex 46.1235 10.2989 22.6554
    endloop
  endfacet
  facet normal -0.235249 -0.131503 0.962998
    outer loop
      vertex 46.0823 12.3765 23.1028
      vertex 45.5345 11.99 22.9162
      vertex 45.8415 11.4408 22.9162
    endloop
  endfacet
  facet normal -0.235234 -0.131526 0.962999
    outer loop
      vertex 45.8875 12.7249 23.1028
      vertex 45.5345 11.99 22.9162
      vertex 46.0823 12.3765 23.1028
    endloop
  endfacet
  facet normal -0.239509 0.272012 0.932011
    outer loop
      vertex 46.1235 17.7011 22.6554
      vertex 45.654 17.2877 22.6554
      vertex 45.8415 16.5592 22.9162
    endloop
  endfacet
  facet normal -0.392344 0.445586 0.804686
    outer loop
      vertex 46.1235 17.7011 22.6554
      vertex 45.5351 17.7497 22.3416
      vertex 45.654 17.2877 22.6554
    endloop
  endfacet
  facet normal -0.0650592 0.0738889 0.995142
    outer loop
      vertex 46.3141 15.8276 23.1028
      vertex 46.0823 15.6235 23.1028
      vertex 46.4363 14.6261 23.2
    endloop
  endfacet
  facet normal -0.139909 0.158897 0.977332
    outer loop
      vertex 46.3141 15.8276 23.1028
      vertex 45.8415 16.5592 22.9162
      vertex 46.0823 15.6235 23.1028
    endloop
  endfacet
  facet normal -0.602326 0.336589 0.723817
    outer loop
      vertex 45.654 17.2877 22.6554
      vertex 45.0854 16.945 22.3416
      vertex 45.2597 16.5821 22.6554
    endloop
  endfacet
  facet normal -0.722653 0.219628 0.65539
    outer loop
      vertex 45.0854 16.945 22.3416
      vertex 44.7613 15.8786 22.3416
      vertex 45.2597 16.5821 22.6554
    endloop
  endfacet
  facet normal -0.0288718 0.171504 0.98476
    outer loop
      vertex 46.5984 16.9469 22.9162
      vertex 46.3141 15.8276 23.1028
      vertex 46.5624 15.8694 23.1028
    endloop
  endfacet
  facet normal -0.0288686 0.171503 0.98476
    outer loop
      vertex 46.5984 16.9469 22.9162
      vertex 46.2069 16.881 22.9162
      vertex 46.3141 15.8276 23.1028
    endloop
  endfacet
  facet normal -1 0 0
    outer loop
      vertex -32.5 -15 112
      vertex -32.5 -11 127
      vertex -32.5 -11 104
    endloop
  endfacet
  facet normal -1 0 0
    outer loop
      vertex -32.5 -15 129
      vertex -32.5 -11 127
      vertex -32.5 -15 112
    endloop
  endfacet
  facet normal -1 0 -0
    outer loop
      vertex -32.5 -14.7926 130.096
      vertex -32.5 -11 127
      vertex -32.5 -15 129
    endloop
  endfacet
  facet normal -1 0 0
    outer loop
      vertex -32.5 -11 127
      vertex -32.5 -12.8843 131.867
      vertex -32.5 -12 132
    endloop
  endfacet
  facet normal -1 0 0
    outer loop
      vertex -32.5 -11 127
      vertex -32.5 -14.3455 130.87
      vertex -32.5 -13.69 131.479
    endloop
  endfacet
  facet normal -1 0 0
    outer loop
      vertex -32.5 -11 127
      vertex -32.5 -13.69 131.479
      vertex -32.5 -12.8843 131.867
    endloop
  endfacet
  facet normal -1 0 0
    outer loop
      vertex -32.5 -11 127
      vertex -32.5 -14.7926 130.096
      vertex -32.5 -14.3455 130.87
    endloop
  endfacet
  facet normal -1 0 0
    outer loop
      vertex -32.5 -11 127
      vertex -32.5 2.5 132
      vertex -32.5 2.5 127
    endloop
  endfacet
  facet normal -1 -0 0
    outer loop
      vertex -32.5 2.5 132
      vertex -32.5 -11 127
      vertex -32.5 -12 132
    endloop
  endfacet
  facet normal 1 0 0
    outer loop
      vertex -27.5 2.5 132
      vertex -27.5 -11 127
      vertex -27.5 2.5 127
    endloop
  endfacet
  facet normal 1 -0 0
    outer loop
      vertex -27.5 -12 132
      vertex -27.5 -11 127
      vertex -27.5 2.5 132
    endloop
  endfacet
  facet normal 1 -0 0
    outer loop
      vertex -27.5 -12.8843 131.867
      vertex -27.5 -11 127
      vertex -27.5 -12 132
    endloop
  endfacet
  facet normal 1 -0 0
    outer loop
      vertex -27.5 -13.69 131.479
      vertex -27.5 -11 127
      vertex -27.5 -12.8843 131.867
    endloop
  endfacet
  facet normal 1 -0 0
    outer loop
      vertex -27.5 -14.3455 130.87
      vertex -27.5 -11 127
      vertex -27.5 -13.69 131.479
    endloop
  endfacet
  facet normal 1 -0 0
    outer loop
      vertex -27.5 -14.7926 130.096
      vertex -27.5 -11 127
      vertex -27.5 -14.3455 130.87
    endloop
  endfacet
  facet normal 1 0 0
    outer loop
      vertex -27.5 -11 127
      vertex -27.5 -14.7926 130.096
      vertex -27.5 -15 129
    endloop
  endfacet
  facet normal 1 0 0
    outer loop
      vertex -27.5 -11 127
      vertex -27.5 -15 129
      vertex -27.5 -15 112
    endloop
  endfacet
  facet normal 1 0 0
    outer loop
      vertex -27.5 -11 127
      vertex -27.5 -15 112
      vertex -27.5 -11 104
    endloop
  endfacet
  facet normal 0 0 -1
    outer loop
      vertex -32.5 -11 127
      vertex -27.5 2.5 127
      vertex -27.5 -11 127
    endloop
  endfacet
  facet normal -0 0 -1
    outer loop
      vertex -27.5 2.5 127
      vertex -32.5 -11 127
      vertex -32.5 2.5 127
    endloop
  endfacet
  facet normal -0 0 1
    outer loop
      vertex -32.5 2.5 132
      vertex -27.5 -12 132
      vertex -27.5 2.5 132
    endloop
  endfacet
  facet normal 0 0 1
    outer loop
      vertex -27.5 -12 132
      vertex -32.5 2.5 132
      vertex -32.5 -12 132
    endloop
  endfacet
  facet normal 0 -0.148729 0.988878
    outer loop
      vertex -32.5 -12 132
      vertex -27.5 -12.8843 131.867
      vertex -27.5 -12 132
    endloop
  endfacet
  facet normal 0 -0.148729 0.988878
    outer loop
      vertex -27.5 -12.8843 131.867
      vertex -32.5 -12 132
      vertex -32.5 -12.8843 131.867
    endloop
  endfacet
  facet normal 0 -0.433879 0.900971
    outer loop
      vertex -32.5 -12.8843 131.867
      vertex -27.5 -13.69 131.479
      vertex -27.5 -12.8843 131.867
    endloop
  endfacet
  facet normal 0 -0.433879 0.900971
    outer loop
      vertex -27.5 -13.69 131.479
      vertex -32.5 -12.8843 131.867
      vertex -32.5 -13.69 131.479
    endloop
  endfacet
  facet normal 0 -0.680644 0.732614
    outer loop
      vertex -32.5 -13.69 131.479
      vertex -27.5 -14.3455 130.87
      vertex -27.5 -13.69 131.479
    endloop
  endfacet
  facet normal 0 -0.680644 0.732614
    outer loop
      vertex -27.5 -14.3455 130.87
      vertex -32.5 -13.69 131.479
      vertex -32.5 -14.3455 130.87
    endloop
  endfacet
  facet normal 0 -0.865914 0.500194
    outer loop
      vertex -32.5 -14.7926 130.096
      vertex -27.5 -14.3455 130.87
      vertex -32.5 -14.3455 130.87
    endloop
  endfacet
  facet normal 0 -0.865914 0.500194
    outer loop
      vertex -27.5 -14.3455 130.87
      vertex -32.5 -14.7926 130.096
      vertex -27.5 -14.7926 130.096
    endloop
  endfacet
  facet normal 0 -0.982562 0.185934
    outer loop
      vertex -32.5 -15 129
      vertex -27.5 -14.7926 130.096
      vertex -32.5 -14.7926 130.096
    endloop
  endfacet
  facet normal 0 -0.982562 0.185934
    outer loop
      vertex -27.5 -14.7926 130.096
      vertex -32.5 -15 129
      vertex -27.5 -15 129
    endloop
  endfacet
  facet normal 0 -1 0
    outer loop
      vertex -32.5 -15 112
      vertex -27.5 -15 129
      vertex -32.5 -15 129
    endloop
  endfacet
  facet normal 0 -1 -0
    outer loop
      vertex -27.5 -15 129
      vertex -32.5 -15 112
      vertex -27.5 -15 112
    endloop
  endfacet
  facet normal 0 -0.894427 -0.447214
    outer loop
      vertex -32.5 -11 104
      vertex -27.5 -15 112
      vertex -32.5 -15 112
    endloop
  endfacet
  facet normal 0 -0.894427 -0.447214
    outer loop
      vertex -27.5 -15 112
      vertex -32.5 -11 104
      vertex -27.5 -11 104
    endloop
  endfacet
  facet normal 0 1 -0
    outer loop
      vertex -27.5 -11 104
      vertex -32.5 -11 127
      vertex -27.5 -11 127
    endloop
  endfacet
  facet normal 0 1 0
    outer loop
      vertex -32.5 -11 127
      vertex -27.5 -11 104
      vertex -32.5 -11 104
    endloop
  endfacet
  facet normal -1 0 0
    outer loop
      vertex 27.5 -15 112
      vertex 27.5 -11 127
      vertex 27.5 -11 104
    endloop
  endfacet
  facet normal -1 0 0
    outer loop
      vertex 27.5 -15 129
      vertex 27.5 -11 127
      vertex 27.5 -15 112
    endloop
  endfacet
  facet normal -1 0 -0
    outer loop
      vertex 27.5 -14.7926 130.096
      vertex 27.5 -11 127
      vertex 27.5 -15 129
    endloop
  endfacet
  facet normal -1 0 0
    outer loop
      vertex 27.5 -11 127
      vertex 27.5 -12.8843 131.867
      vertex 27.5 -12 132
    endloop
  endfacet
  facet normal -1 0 0
    outer loop
      vertex 27.5 -11 127
      vertex 27.5 -14.3455 130.87
      vertex 27.5 -13.69 131.479
    endloop
  endfacet
  facet normal -1 0 0
    outer loop
      vertex 27.5 -11 127
      vertex 27.5 -13.69 131.479
      vertex 27.5 -12.8843 131.867
    endloop
  endfacet
  facet normal -1 0 0
    outer loop
      vertex 27.5 -11 127
      vertex 27.5 -14.7926 130.096
      vertex 27.5 -14.3455 130.87
    endloop
  endfacet
  facet normal -1 0 0
    outer loop
      vertex 27.5 -11 127
      vertex 27.5 2.5 132
      vertex 27.5 2.5 127
    endloop
  endfacet
  facet normal -1 -0 0
    outer loop
      vertex 27.5 2.5 132
      vertex 27.5 -11 127
      vertex 27.5 -12 132
    endloop
  endfacet
  facet normal 1 0 0
    outer loop
      vertex 32.5 2.5 132
      vertex 32.5 -11 127
      vertex 32.5 2.5 127
    endloop
  endfacet
  facet normal 1 -0 0
    outer loop
      vertex 32.5 -12 132
      vertex 32.5 -11 127
      vertex 32.5 2.5 132
    endloop
  endfacet
  facet normal 1 -0 0
    outer loop
      vertex 32.5 -12.8843 131.867
      vertex 32.5 -11 127
      vertex 32.5 -12 132
    endloop
  endfacet
  facet normal 1 -0 0
    outer loop
      vertex 32.5 -13.69 131.479
      vertex 32.5 -11 127
      vertex 32.5 -12.8843 131.867
    endloop
  endfacet
  facet normal 1 -0 0
    outer loop
      vertex 32.5 -14.3455 130.87
      vertex 32.5 -11 127
      vertex 32.5 -13.69 131.479
    endloop
  endfacet
  facet normal 1 -0 0
    outer loop
      vertex 32.5 -14.7926 130.096
      vertex 32.5 -11 127
      vertex 32.5 -14.3455 130.87
    endloop
  endfacet
  facet normal 1 0 0
    outer loop
      vertex 32.5 -11 127
      vertex 32.5 -14.7926 130.096
      vertex 32.5 -15 129
    endloop
  endfacet
  facet normal 1 0 0
    outer loop
      vertex 32.5 -11 127
      vertex 32.5 -15 129
      vertex 32.5 -15 112
    endloop
  endfacet
  facet normal 1 0 0
    outer loop
      vertex 32.5 -11 127
      vertex 32.5 -15 112
      vertex 32.5 -11 104
    endloop
  endfacet
  facet normal 0 0 -1
    outer loop
      vertex 27.5 -11 127
      vertex 32.5 2.5 127
      vertex 32.5 -11 127
    endloop
  endfacet
  facet normal -0 0 -1
    outer loop
      vertex 32.5 2.5 127
      vertex 27.5 -11 127
      vertex 27.5 2.5 127
    endloop
  endfacet
  facet normal -0 0 1
    outer loop
      vertex 27.5 2.5 132
      vertex 32.5 -12 132
      vertex 32.5 2.5 132
    endloop
  endfacet
  facet normal 0 0 1
    outer loop
      vertex 32.5 -12 132
      vertex 27.5 2.5 132
      vertex 27.5 -12 132
    endloop
  endfacet
  facet normal 0 -0.148729 0.988878
    outer loop
      vertex 27.5 -12 132
      vertex 32.5 -12.8843 131.867
      vertex 32.5 -12 132
    endloop
  endfacet
  facet normal 0 -0.148729 0.988878
    outer loop
      vertex 32.5 -12.8843 131.867
      vertex 27.5 -12 132
      vertex 27.5 -12.8843 131.867
    endloop
  endfacet
  facet normal 0 -0.433879 0.900971
    outer loop
      vertex 27.5 -12.8843 131.867
      vertex 32.5 -13.69 131.479
      vertex 32.5 -12.8843 131.867
    endloop
  endfacet
  facet normal 0 -0.433879 0.900971
    outer loop
      vertex 32.5 -13.69 131.479
      vertex 27.5 -12.8843 131.867
      vertex 27.5 -13.69 131.479
    endloop
  endfacet
  facet normal 0 -0.680644 0.732614
    outer loop
      vertex 27.5 -13.69 131.479
      vertex 32.5 -14.3455 130.87
      vertex 32.5 -13.69 131.479
    endloop
  endfacet
  facet normal 0 -0.680644 0.732614
    outer loop
      vertex 32.5 -14.3455 130.87
      vertex 27.5 -13.69 131.479
      vertex 27.5 -14.3455 130.87
    endloop
  endfacet
  facet normal 0 -0.865914 0.500194
    outer loop
      vertex 27.5 -14.7926 130.096
      vertex 32.5 -14.3455 130.87
      vertex 27.5 -14.3455 130.87
    endloop
  endfacet
  facet normal 0 -0.865914 0.500194
    outer loop
      vertex 32.5 -14.3455 130.87
      vertex 27.5 -14.7926 130.096
      vertex 32.5 -14.7926 130.096
    endloop
  endfacet
  facet normal 0 -0.982562 0.185934
    outer loop
      vertex 27.5 -15 129
      vertex 32.5 -14.7926 130.096
      vertex 27.5 -14.7926 130.096
    endloop
  endfacet
  facet normal 0 -0.982562 0.185934
    outer loop
      vertex 32.5 -14.7926 130.096
      vertex 27.5 -15 129
      vertex 32.5 -15 129
    endloop
  endfacet
  facet normal 0 -1 0
    outer loop
      vertex 27.5 -15 112
      vertex 32.5 -15 129
      vertex 27.5 -15 129
    endloop
  endfacet
  facet normal 0 -1 -0
    outer loop
      vertex 32.5 -15 129
      vertex 27.5 -15 112
      vertex 32.5 -15 112
    endloop
  endfacet
  facet normal 0 -0.894427 -0.447214
    outer loop
      vertex 27.5 -11 104
      vertex 32.5 -15 112
      vertex 27.5 -15 112
    endloop
  endfacet
  facet normal 0 -0.894427 -0.447214
    outer loop
      vertex 32.5 -15 112
      vertex 27.5 -11 104
      vertex 32.5 -11 104
    endloop
  endfacet
  facet normal 0 1 -0
    outer loop
      vertex 32.5 -11 104
      vertex 27.5 -11 127
      vertex 32.5 -11 127
    endloop
  endfacet
  facet normal 0 1 0
    outer loop
      vertex 27.5 -11 127
      vertex 32.5 -11 104
      vertex 27.5 -11 104
    endloop
  endfacet
  facet normal 1 -0 0
    outer loop
      vertex -33 -85.8843 15.8667
      vertex -33 -85.8666 15.8187
      vertex -33 -85.824 15.8758
    endloop
  endfacet
  facet normal 1 0 0
    outer loop
      vertex -33 -86.69 15.4787
      vertex -33 -85.8666 15.8187
      vertex -33 -85.8843 15.8667
    endloop
  endfacet
  facet normal 1 0 0
    outer loop
      vertex -33 -85.8666 15.8187
      vertex -33 -86.69 15.4787
      vertex -33 -86.3068 15.0372
    endloop
  endfacet
  facet normal 1 0 0
    outer loop
      vertex -33 -87.3455 14.8705
      vertex -33 -86.3068 15.0372
      vertex -33 -86.69 15.4787
    endloop
  endfacet
  facet normal 1 0 0
    outer loop
      vertex -33 -86.3068 15.0372
      vertex -33 -87.3455 14.8705
      vertex -33 -86.6434 14.2058
    endloop
  endfacet
  facet normal 1 0 0
    outer loop
      vertex -33 -87.7926 14.096
      vertex -33 -86.6434 14.2058
      vertex -33 -87.3455 14.8705
    endloop
  endfacet
  facet normal 1 0 0
    outer loop
      vertex -33 -88 13
      vertex -33 -86.8709 13.3381
      vertex -33 -87.7926 14.096
    endloop
  endfacet
  facet normal 1 0 0
    outer loop
      vertex -33 -86.6434 14.2058
      vertex -33 -87.7926 14.096
      vertex -33 -86.8709 13.3381
    endloop
  endfacet
  facet normal 1 0 0
    outer loop
      vertex -33 -86.8709 13.3381
      vertex -33 -88 13
      vertex -33 -86.9856 12.4485
    endloop
  endfacet
  facet normal 1 0 0
    outer loop
      vertex -33 -86.9856 12.4485
      vertex -33 -88 13
      vertex -33 -86.9856 11.5515
    endloop
  endfacet
  facet normal 1 0 0
    outer loop
      vertex -33 -86.9856 11.5515
      vertex -33 -88 13
      vertex -33 -86.8709 10.6619
    endloop
  endfacet
  facet normal 1 0 0
    outer loop
      vertex -33 -86.8709 10.6619
      vertex -33 -88 13
      vertex -33 -86.6434 9.79424
    endloop
  endfacet
  facet normal 1 0 0
    outer loop
      vertex -33 -88 0
      vertex -33 -86.6434 9.79424
      vertex -33 -88 13
    endloop
  endfacet
  facet normal 1 0 0
    outer loop
      vertex -33 -86.3068 8.96281
      vertex -33 -88 0
      vertex -33 -82 0
    endloop
  endfacet
  facet normal 1 0 0
    outer loop
      vertex -33 -86.6434 9.79424
      vertex -33 -88 0
      vertex -33 -86.3068 8.96281
    endloop
  endfacet
  facet normal 1 0 0
    outer loop
      vertex -33 -73.0575 11.1049
      vertex -33 2.5 16
      vertex -33 -73 12
    endloop
  endfacet
  facet normal 1 0 0
    outer loop
      vertex -33 2.5 16
      vertex -33 -73.0575 12.8951
      vertex -33 -73 12
    endloop
  endfacet
  facet normal 1 0 0
    outer loop
      vertex -33 2.5 16
      vertex -33 -73.2289 13.7756
      vertex -33 -73.0575 12.8951
    endloop
  endfacet
  facet normal 1 0 0
    outer loop
      vertex -33 2.5 16
      vertex -33 -73.5116 14.6269
      vertex -33 -73.2289 13.7756
    endloop
  endfacet
  facet normal 1 0 0
    outer loop
      vertex -33 2.5 16
      vertex -33 -73.9008 15.435
      vertex -33 -73.5116 14.6269
    endloop
  endfacet
  facet normal 1 0 -0
    outer loop
      vertex -33 -73.9008 15.435
      vertex -33 2.5 16
      vertex -33 -74.2685 16
    endloop
  endfacet
  facet normal 1 0 0
    outer loop
      vertex -33 2.5 16
      vertex -33 -73.0575 11.1049
      vertex -33 2.5 0
    endloop
  endfacet
  facet normal 1 -0 0
    outer loop
      vertex -33 -73.2289 10.2244
      vertex -33 2.5 0
      vertex -33 -73.0575 11.1049
    endloop
  endfacet
  facet normal 1 -0 0
    outer loop
      vertex -33 -73.5116 9.37313
      vertex -33 2.5 0
      vertex -33 -73.2289 10.2244
    endloop
  endfacet
  facet normal 1 0 0
    outer loop
      vertex -33 2.5 0
      vertex -33 -73.5116 9.37313
      vertex -33 -78 0
    endloop
  endfacet
  facet normal 0 -1 0
    outer loop
      vertex -37 -88 0
      vertex -33 -88 13
      vertex -37 -88 13
    endloop
  endfacet
  facet normal 0 -1 -0
    outer loop
      vertex -33 -88 13
      vertex -37 -88 0
      vertex -33 -88 0
    endloop
  endfacet
  facet normal -0 0 1
    outer loop
      vertex -37 2.5 16
      vertex -33 -74.2685 16
      vertex -33 2.5 16
    endloop
  endfacet
  facet normal 0 0 1
    outer loop
      vertex -33 -74.2685 16
      vertex -37 2.5 16
      vertex -37 -74.2685 16
    endloop
  endfacet
  facet normal 0 -0.433879 0.900971
    outer loop
      vertex -37 -85.8843 15.8667
      vertex -33 -86.69 15.4787
      vertex -33 -85.8843 15.8667
    endloop
  endfacet
  facet normal 0 -0.433879 0.900971
    outer loop
      vertex -33 -86.69 15.4787
      vertex -37 -85.8843 15.8667
      vertex -37 -86.69 15.4787
    endloop
  endfacet
  facet normal 0 -0.866053 0.499952
    outer loop
      vertex -37 -87.7926 14.096
      vertex -33 -87.3455 14.8705
      vertex -37 -87.3455 14.8705
    endloop
  endfacet
  facet normal 0 -0.866053 0.499952
    outer loop
      vertex -33 -87.3455 14.8705
      vertex -37 -87.7926 14.096
      vertex -33 -87.7926 14.096
    endloop
  endfacet
  facet normal -1 0 0
    outer loop
      vertex -37 -73.0575 11.1049
      vertex -37 2.5 16
      vertex -37 2.5 0
    endloop
  endfacet
  facet normal -1 0 0
    outer loop
      vertex -37 2.5 16
      vertex -37 -73.0575 11.1049
      vertex -37 -73 12
    endloop
  endfacet
  facet normal -1 0 0
    outer loop
      vertex -37 2.5 0
      vertex -37 -73.2289 10.2244
      vertex -37 -73.0575 11.1049
    endloop
  endfacet
  facet normal -1 0 0
    outer loop
      vertex -37 2.5 0
      vertex -37 -73.5116 9.37313
      vertex -37 -73.2289 10.2244
    endloop
  endfacet
  facet normal -1 0 -0
    outer loop
      vertex -37 -73.5116 9.37313
      vertex -37 2.5 0
      vertex -37 -78 0
    endloop
  endfacet
  facet normal -1 0 0
    outer loop
      vertex -37 -73.0575 12.8951
      vertex -37 2.5 16
      vertex -37 -73 12
    endloop
  endfacet
  facet normal -1 0 0
    outer loop
      vertex -37 -73.2289 13.7756
      vertex -37 2.5 16
      vertex -37 -73.0575 12.8951
    endloop
  endfacet
  facet normal -1 0 0
    outer loop
      vertex -37 -73.5116 14.6269
      vertex -37 2.5 16
      vertex -37 -73.2289 13.7756
    endloop
  endfacet
  facet normal -1 0 0
    outer loop
      vertex -37 -73.9008 15.435
      vertex -37 2.5 16
      vertex -37 -73.5116 14.6269
    endloop
  endfacet
  facet normal -1 -0 0
    outer loop
      vertex -37 2.5 16
      vertex -37 -73.9008 15.435
      vertex -37 -74.2685 16
    endloop
  endfacet
  facet normal -1 0 0
    outer loop
      vertex -37 -88 13
      vertex -37 -86.9856 12.4485
      vertex -37 -86.9856 11.5515
    endloop
  endfacet
  facet normal -1 0 0
    outer loop
      vertex -37 -86.9856 12.4485
      vertex -37 -87.7926 14.096
      vertex -37 -87.3455 14.8705
    endloop
  endfacet
  facet normal -1 0 0
    outer loop
      vertex -37 -88 13
      vertex -37 -86.9856 11.5515
      vertex -37 -86.8709 10.6619
    endloop
  endfacet
  facet normal -1 0 0
    outer loop
      vertex -37 -88 13
      vertex -37 -86.8709 10.6619
      vertex -37 -86.6434 9.79424
    endloop
  endfacet
  facet normal -1 0 0
    outer loop
      vertex -37 -88 0
      vertex -37 -86.3068 8.96281
      vertex -37 -82 0
    endloop
  endfacet
  facet normal -1 0 0
    outer loop
      vertex -37 -88 0
      vertex -37 -86.6434 9.79424
      vertex -37 -86.3068 8.96281
    endloop
  endfacet
  facet normal -1 0 0
    outer loop
      vertex -37 -88 13
      vertex -37 -86.6434 9.79424
      vertex -37 -88 0
    endloop
  endfacet
  facet normal -1 0 0
    outer loop
      vertex -37 -86.9856 12.4485
      vertex -37 -88 13
      vertex -37 -87.7926 14.096
    endloop
  endfacet
  facet normal -1 0 0
    outer loop
      vertex -37 -85.8666 15.8187
      vertex -37 -85.8843 15.8667
      vertex -37 -85.824 15.8758
    endloop
  endfacet
  facet normal -1 0 0
    outer loop
      vertex -37 -86.69 15.4787
      vertex -37 -85.8666 15.8187
      vertex -37 -86.3068 15.0372
    endloop
  endfacet
  facet normal -1 -0 0
    outer loop
      vertex -37 -85.8666 15.8187
      vertex -37 -86.69 15.4787
      vertex -37 -85.8843 15.8667
    endloop
  endfacet
  facet normal -1 0 0
    outer loop
      vertex -37 -87.3455 14.8705
      vertex -37 -86.3068 15.0372
      vertex -37 -86.6434 14.2058
    endloop
  endfacet
  facet normal -1 0 0
    outer loop
      vertex -37 -87.3455 14.8705
      vertex -37 -86.6434 14.2058
      vertex -37 -86.8709 13.3381
    endloop
  endfacet
  facet normal -1 0 0
    outer loop
      vertex -37 -87.3455 14.8705
      vertex -37 -86.8709 13.3381
      vertex -37 -86.9856 12.4485
    endloop
  endfacet
  facet normal -1 -0 0
    outer loop
      vertex -37 -86.3068 15.0372
      vertex -37 -87.3455 14.8705
      vertex -37 -86.69 15.4787
    endloop
  endfacet
  facet normal 0 -0.149222 0.988804
    outer loop
      vertex -37 -85.824 15.8758
      vertex -33 -85.8843 15.8667
      vertex -33 -85.824 15.8758
    endloop
  endfacet
  facet normal 0 -0.149222 0.988804
    outer loop
      vertex -33 -85.8843 15.8667
      vertex -37 -85.824 15.8758
      vertex -37 -85.8843 15.8667
    endloop
  endfacet
  facet normal 0 -0.982562 0.185934
    outer loop
      vertex -37 -88 13
      vertex -33 -87.7926 14.096
      vertex -37 -87.7926 14.096
    endloop
  endfacet
  facet normal 0 -0.982562 0.185934
    outer loop
      vertex -33 -87.7926 14.096
      vertex -37 -88 13
      vertex -33 -88 13
    endloop
  endfacet
  facet normal 0 -0.680164 0.73306
    outer loop
      vertex -37 -86.69 15.4787
      vertex -33 -87.3455 14.8705
      vertex -33 -86.69 15.4787
    endloop
  endfacet
  facet normal 0 -0.680164 0.73306
    outer loop
      vertex -33 -87.3455 14.8705
      vertex -37 -86.69 15.4787
      vertex -37 -87.3455 14.8705
    endloop
  endfacet
  facet normal 0 -1 0
    outer loop
      vertex 33 -88 0
      vertex 37 -88 13
      vertex 33 -88 13
    endloop
  endfacet
  facet normal 0 -1 -0
    outer loop
      vertex 37 -88 13
      vertex 33 -88 0
      vertex 37 -88 0
    endloop
  endfacet
  facet normal 0 -0.149222 0.988804
    outer loop
      vertex 33 -85.824 15.8758
      vertex 37 -85.8843 15.8667
      vertex 37 -85.824 15.8758
    endloop
  endfacet
  facet normal 0 -0.149222 0.988804
    outer loop
      vertex 37 -85.8843 15.8667
      vertex 33 -85.824 15.8758
      vertex 33 -85.8843 15.8667
    endloop
  endfacet
  facet normal -0 0 1
    outer loop
      vertex 33 2.5 16
      vertex 37 -74.2685 16
      vertex 37 2.5 16
    endloop
  endfacet
  facet normal 0 0 1
    outer loop
      vertex 37 -74.2685 16
      vertex 33 2.5 16
      vertex 33 -74.2685 16
    endloop
  endfacet
  facet normal 0 -0.433879 0.900971
    outer loop
      vertex 33 -85.8843 15.8667
      vertex 37 -86.69 15.4787
      vertex 37 -85.8843 15.8667
    endloop
  endfacet
  facet normal 0 -0.433879 0.900971
    outer loop
      vertex 37 -86.69 15.4787
      vertex 33 -85.8843 15.8667
      vertex 33 -86.69 15.4787
    endloop
  endfacet
  facet normal 0 -0.866053 0.499952
    outer loop
      vertex 33 -87.7926 14.096
      vertex 37 -87.3455 14.8705
      vertex 33 -87.3455 14.8705
    endloop
  endfacet
  facet normal 0 -0.866053 0.499952
    outer loop
      vertex 37 -87.3455 14.8705
      vertex 33 -87.7926 14.096
      vertex 37 -87.7926 14.096
    endloop
  endfacet
  facet normal -1 0 0
    outer loop
      vertex 33 -73.0575 11.1049
      vertex 33 2.5 16
      vertex 33 2.5 0
    endloop
  endfacet
  facet normal -1 0 0
    outer loop
      vertex 33 2.5 16
      vertex 33 -73.0575 11.1049
      vertex 33 -73 12
    endloop
  endfacet
  facet normal -1 0 0
    outer loop
      vertex 33 2.5 0
      vertex 33 -73.2289 10.2244
      vertex 33 -73.0575 11.1049
    endloop
  endfacet
  facet normal -1 0 0
    outer loop
      vertex 33 2.5 0
      vertex 33 -73.5116 9.37313
      vertex 33 -73.2289 10.2244
    endloop
  endfacet
  facet normal -1 0 -0
    outer loop
      vertex 33 -73.5116 9.37313
      vertex 33 2.5 0
      vertex 33 -78 0
    endloop
  endfacet
  facet normal -1 0 0
    outer loop
      vertex 33 -73.0575 12.8951
      vertex 33 2.5 16
      vertex 33 -73 12
    endloop
  endfacet
  facet normal -1 0 0
    outer loop
      vertex 33 -73.2289 13.7756
      vertex 33 2.5 16
      vertex 33 -73.0575 12.8951
    endloop
  endfacet
  facet normal -1 0 0
    outer loop
      vertex 33 -73.5116 14.6269
      vertex 33 2.5 16
      vertex 33 -73.2289 13.7756
    endloop
  endfacet
  facet normal -1 0 0
    outer loop
      vertex 33 -73.9008 15.435
      vertex 33 2.5 16
      vertex 33 -73.5116 14.6269
    endloop
  endfacet
  facet normal -1 -0 0
    outer loop
      vertex 33 2.5 16
      vertex 33 -73.9008 15.435
      vertex 33 -74.2685 16
    endloop
  endfacet
  facet normal -1 0 0
    outer loop
      vertex 33 -88 13
      vertex 33 -86.9856 12.4485
      vertex 33 -86.9856 11.5515
    endloop
  endfacet
  facet normal -1 0 0
    outer loop
      vertex 33 -86.9856 12.4485
      vertex 33 -87.7926 14.096
      vertex 33 -87.3455 14.8705
    endloop
  endfacet
  facet normal -1 0 0
    outer loop
      vertex 33 -88 13
      vertex 33 -86.9856 11.5515
      vertex 33 -86.8709 10.6619
    endloop
  endfacet
  facet normal -1 0 0
    outer loop
      vertex 33 -88 13
      vertex 33 -86.8709 10.6619
      vertex 33 -86.6434 9.79424
    endloop
  endfacet
  facet normal -1 0 0
    outer loop
      vertex 33 -88 0
      vertex 33 -86.3068 8.96281
      vertex 33 -82 0
    endloop
  endfacet
  facet normal -1 0 0
    outer loop
      vertex 33 -88 0
      vertex 33 -86.6434 9.79424
      vertex 33 -86.3068 8.96281
    endloop
  endfacet
  facet normal -1 0 0
    outer loop
      vertex 33 -88 13
      vertex 33 -86.6434 9.79424
      vertex 33 -88 0
    endloop
  endfacet
  facet normal -1 0 0
    outer loop
      vertex 33 -86.9856 12.4485
      vertex 33 -88 13
      vertex 33 -87.7926 14.096
    endloop
  endfacet
  facet normal -1 0 0
    outer loop
      vertex 33 -85.8666 15.8187
      vertex 33 -85.8843 15.8667
      vertex 33 -85.824 15.8758
    endloop
  endfacet
  facet normal -1 0 0
    outer loop
      vertex 33 -86.69 15.4787
      vertex 33 -85.8666 15.8187
      vertex 33 -86.3068 15.0372
    endloop
  endfacet
  facet normal -1 -0 0
    outer loop
      vertex 33 -85.8666 15.8187
      vertex 33 -86.69 15.4787
      vertex 33 -85.8843 15.8667
    endloop
  endfacet
  facet normal -1 0 0
    outer loop
      vertex 33 -87.3455 14.8705
      vertex 33 -86.3068 15.0372
      vertex 33 -86.6434 14.2058
    endloop
  endfacet
  facet normal -1 0 0
    outer loop
      vertex 33 -87.3455 14.8705
      vertex 33 -86.6434 14.2058
      vertex 33 -86.8709 13.3381
    endloop
  endfacet
  facet normal -1 0 0
    outer loop
      vertex 33 -87.3455 14.8705
      vertex 33 -86.8709 13.3381
      vertex 33 -86.9856 12.4485
    endloop
  endfacet
  facet normal -1 -0 0
    outer loop
      vertex 33 -86.3068 15.0372
      vertex 33 -87.3455 14.8705
      vertex 33 -86.69 15.4787
    endloop
  endfacet
  facet normal 1 -0 0
    outer loop
      vertex 37 -85.8843 15.8667
      vertex 37 -85.8666 15.8187
      vertex 37 -85.824 15.8758
    endloop
  endfacet
  facet normal 1 0 0
    outer loop
      vertex 37 -86.69 15.4787
      vertex 37 -85.8666 15.8187
      vertex 37 -85.8843 15.8667
    endloop
  endfacet
  facet normal 1 0 0
    outer loop
      vertex 37 -85.8666 15.8187
      vertex 37 -86.69 15.4787
      vertex 37 -86.3068 15.0372
    endloop
  endfacet
  facet normal 1 0 0
    outer loop
      vertex 37 -87.3455 14.8705
      vertex 37 -86.3068 15.0372
      vertex 37 -86.69 15.4787
    endloop
  endfacet
  facet normal 1 0 0
    outer loop
      vertex 37 -86.3068 15.0372
      vertex 37 -87.3455 14.8705
      vertex 37 -86.6434 14.2058
    endloop
  endfacet
  facet normal 1 0 0
    outer loop
      vertex 37 -87.7926 14.096
      vertex 37 -86.6434 14.2058
      vertex 37 -87.3455 14.8705
    endloop
  endfacet
  facet normal 1 0 0
    outer loop
      vertex 37 -88 13
      vertex 37 -86.8709 13.3381
      vertex 37 -87.7926 14.096
    endloop
  endfacet
  facet normal 1 0 0
    outer loop
      vertex 37 -86.6434 14.2058
      vertex 37 -87.7926 14.096
      vertex 37 -86.8709 13.3381
    endloop
  endfacet
  facet normal 1 0 0
    outer loop
      vertex 37 -86.8709 13.3381
      vertex 37 -88 13
      vertex 37 -86.9856 12.4485
    endloop
  endfacet
  facet normal 1 0 0
    outer loop
      vertex 37 -86.9856 12.4485
      vertex 37 -88 13
      vertex 37 -86.9856 11.5515
    endloop
  endfacet
  facet normal 1 0 0
    outer loop
      vertex 37 -86.9856 11.5515
      vertex 37 -88 13
      vertex 37 -86.8709 10.6619
    endloop
  endfacet
  facet normal 1 0 0
    outer loop
      vertex 37 -86.8709 10.6619
      vertex 37 -88 13
      vertex 37 -86.6434 9.79424
    endloop
  endfacet
  facet normal 1 0 0
    outer loop
      vertex 37 -88 0
      vertex 37 -86.6434 9.79424
      vertex 37 -88 13
    endloop
  endfacet
  facet normal 1 0 0
    outer loop
      vertex 37 -86.3068 8.96281
      vertex 37 -88 0
      vertex 37 -82 0
    endloop
  endfacet
  facet normal 1 0 0
    outer loop
      vertex 37 -86.6434 9.79424
      vertex 37 -88 0
      vertex 37 -86.3068 8.96281
    endloop
  endfacet
  facet normal 1 0 0
    outer loop
      vertex 37 -73.0575 11.1049
      vertex 37 2.5 16
      vertex 37 -73 12
    endloop
  endfacet
  facet normal 1 0 0
    outer loop
      vertex 37 2.5 16
      vertex 37 -73.0575 12.8951
      vertex 37 -73 12
    endloop
  endfacet
  facet normal 1 0 0
    outer loop
      vertex 37 2.5 16
      vertex 37 -73.2289 13.7756
      vertex 37 -73.0575 12.8951
    endloop
  endfacet
  facet normal 1 0 0
    outer loop
      vertex 37 2.5 16
      vertex 37 -73.5116 14.6269
      vertex 37 -73.2289 13.7756
    endloop
  endfacet
  facet normal 1 0 0
    outer loop
      vertex 37 2.5 16
      vertex 37 -73.9008 15.435
      vertex 37 -73.5116 14.6269
    endloop
  endfacet
  facet normal 1 0 -0
    outer loop
      vertex 37 -73.9008 15.435
      vertex 37 2.5 16
      vertex 37 -74.2685 16
    endloop
  endfacet
  facet normal 1 0 0
    outer loop
      vertex 37 2.5 16
      vertex 37 -73.0575 11.1049
      vertex 37 2.5 0
    endloop
  endfacet
  facet normal 1 -0 0
    outer loop
      vertex 37 -73.2289 10.2244
      vertex 37 2.5 0
      vertex 37 -73.0575 11.1049
    endloop
  endfacet
  facet normal 1 -0 0
    outer loop
      vertex 37 -73.5116 9.37313
      vertex 37 2.5 0
      vertex 37 -73.2289 10.2244
    endloop
  endfacet
  facet normal 1 0 0
    outer loop
      vertex 37 2.5 0
      vertex 37 -73.5116 9.37313
      vertex 37 -78 0
    endloop
  endfacet
  facet normal 0 -0.982562 0.185934
    outer loop
      vertex 33 -88 13
      vertex 37 -87.7926 14.096
      vertex 33 -87.7926 14.096
    endloop
  endfacet
  facet normal 0 -0.982562 0.185934
    outer loop
      vertex 37 -87.7926 14.096
      vertex 33 -88 13
      vertex 37 -88 13
    endloop
  endfacet
  facet normal 0 -0.680164 0.73306
    outer loop
      vertex 33 -86.69 15.4787
      vertex 37 -87.3455 14.8705
      vertex 37 -86.69 15.4787
    endloop
  endfacet
  facet normal 0 -0.680164 0.73306
    outer loop
      vertex 37 -87.3455 14.8705
      vertex 33 -86.69 15.4787
      vertex 33 -87.3455 14.8705
    endloop
  endfacet
  facet normal 0 0 1
    outer loop
      vertex 48.4787 74.19 168
      vertex 52 74.5 168
      vertex 51.8997 75.3901 168
    endloop
  endfacet
  facet normal 0 0 1
    outer loop
      vertex 52 74.5 168
      vertex 49 72.5 168
      vertex 52 6.5 168
    endloop
  endfacet
  facet normal 0 0 1
    outer loop
      vertex 48.4787 74.19 168
      vertex 51.8997 75.3901 168
      vertex 51.6039 76.2355 168
    endloop
  endfacet
  facet normal -0 0 1
    outer loop
      vertex 49 8.5 168
      vertex 52 6.5 168
      vertex 49 72.5 168
    endloop
  endfacet
  facet normal 0 0 1
    outer loop
      vertex 48.4787 74.19 168
      vertex 51.6039 76.2355 168
      vertex 51.1273 76.994 168
    endloop
  endfacet
  facet normal -0 0 1
    outer loop
      vertex 48.7926 7.40398 168
      vertex 52 6.5 168
      vertex 49 8.5 168
    endloop
  endfacet
  facet normal 0 0 1
    outer loop
      vertex 47.8705 74.8455 168
      vertex 51.1273 76.994 168
      vertex 50.494 77.6273 168
    endloop
  endfacet
  facet normal 0 0 1
    outer loop
      vertex 52 6.5 168
      vertex 48.7926 7.40398 168
      vertex 51.8997 5.60991 168
    endloop
  endfacet
  facet normal 0 0 1
    outer loop
      vertex 47.8705 74.8455 168
      vertex 50.494 77.6273 168
      vertex 49.7355 78.1039 168
    endloop
  endfacet
  facet normal -0 0 1
    outer loop
      vertex 48.3455 6.62953 168
      vertex 51.8997 5.60991 168
      vertex 48.7926 7.40398 168
    endloop
  endfacet
  facet normal 0 0 1
    outer loop
      vertex 51.8997 5.60991 168
      vertex 48.3455 6.62953 168
      vertex 51.6039 4.76447 168
    endloop
  endfacet
  facet normal 0 0 1
    outer loop
      vertex 47.8705 74.8455 168
      vertex 49.7355 78.1039 168
      vertex 48.8901 78.3997 168
    endloop
  endfacet
  facet normal 0 0 1
    outer loop
      vertex 52 74.5 168
      vertex 48.8667 73.3843 168
      vertex 49 72.5 168
    endloop
  endfacet
  facet normal 0 0 1
    outer loop
      vertex 52 74.5 168
      vertex 48.4787 74.19 168
      vertex 48.8667 73.3843 168
    endloop
  endfacet
  facet normal 0 0 1
    outer loop
      vertex 47.096 75.2926 168
      vertex 48.8901 78.3997 168
      vertex 48 78.5 168
    endloop
  endfacet
  facet normal 0 0 1
    outer loop
      vertex 51.1273 76.994 168
      vertex 47.8705 74.8455 168
      vertex 48.4787 74.19 168
    endloop
  endfacet
  facet normal 0 0 1
    outer loop
      vertex 48.8901 78.3997 168
      vertex 47.096 75.2926 168
      vertex 47.8705 74.8455 168
    endloop
  endfacet
  facet normal 0 0 1
    outer loop
      vertex 48 78.5 168
      vertex 46 75.5 168
      vertex 47.096 75.2926 168
    endloop
  endfacet
  facet normal 0 0 1
    outer loop
      vertex 48 78.5 168
      vertex -46 75.5 168
      vertex 46 75.5 168
    endloop
  endfacet
  facet normal -0 0 1
    outer loop
      vertex -48 78.5 168
      vertex -46 75.5 168
      vertex 48 78.5 168
    endloop
  endfacet
  facet normal 0 0 1
    outer loop
      vertex -48 78.5 168
      vertex -46.8843 75.3667 168
      vertex -46 75.5 168
    endloop
  endfacet
  facet normal 0 0 1
    outer loop
      vertex -48 78.5 168
      vertex -47.69 74.9787 168
      vertex -46.8843 75.3667 168
    endloop
  endfacet
  facet normal -0 0 1
    outer loop
      vertex -48.8901 78.3997 168
      vertex -47.69 74.9787 168
      vertex -48 78.5 168
    endloop
  endfacet
  facet normal -0 0 1
    outer loop
      vertex -49.7355 78.1039 168
      vertex -47.69 74.9787 168
      vertex -48.8901 78.3997 168
    endloop
  endfacet
  facet normal -0 0 1
    outer loop
      vertex -50.494 77.6273 168
      vertex -47.69 74.9787 168
      vertex -49.7355 78.1039 168
    endloop
  endfacet
  facet normal 0 0 1
    outer loop
      vertex -47.69 74.9787 168
      vertex -50.494 77.6273 168
      vertex -48.3455 74.3705 168
    endloop
  endfacet
  facet normal -0 0 1
    outer loop
      vertex -51.6039 76.2355 168
      vertex -48.3455 74.3705 168
      vertex -51.1273 76.994 168
    endloop
  endfacet
  facet normal -0 0 1
    outer loop
      vertex -51.1273 76.994 168
      vertex -48.3455 74.3705 168
      vertex -50.494 77.6273 168
    endloop
  endfacet
  facet normal 0 0 1
    outer loop
      vertex 51.6039 4.76447 168
      vertex 48.3455 6.62953 168
      vertex 51.1273 4.00604 168
    endloop
  endfacet
  facet normal 0 0 1
    outer loop
      vertex 51.1273 4.00604 168
      vertex 48.3455 6.62953 168
      vertex 50.494 3.37268 168
    endloop
  endfacet
  facet normal -0 0 1
    outer loop
      vertex 47.69 6.02129 168
      vertex 50.494 3.37268 168
      vertex 48.3455 6.62953 168
    endloop
  endfacet
  facet normal 0 0 1
    outer loop
      vertex 50.494 3.37268 168
      vertex 47.69 6.02129 168
      vertex 49.7355 2.89612 168
    endloop
  endfacet
  facet normal 0 0 1
    outer loop
      vertex 49.7355 2.89612 168
      vertex 47.69 6.02129 168
      vertex 48.8901 2.60028 168
    endloop
  endfacet
  facet normal 0 0 1
    outer loop
      vertex 48.8901 2.60028 168
      vertex 47.69 6.02129 168
      vertex 48 2.5 168
    endloop
  endfacet
  facet normal -0 0 1
    outer loop
      vertex 46.8843 5.63329 168
      vertex 48 2.5 168
      vertex 47.69 6.02129 168
    endloop
  endfacet
  facet normal -0 0 1
    outer loop
      vertex 46 5.5 168
      vertex 48 2.5 168
      vertex 46.8843 5.63329 168
    endloop
  endfacet
  facet normal -0 0 1
    outer loop
      vertex -46 5.5 168
      vertex 48 2.5 168
      vertex 46 5.5 168
    endloop
  endfacet
  facet normal 0 0 1
    outer loop
      vertex -46 5.5 168
      vertex -48 2.5 168
      vertex 48 2.5 168
    endloop
  endfacet
  facet normal 0 0 1
    outer loop
      vertex -47.096 5.70738 168
      vertex -48 2.5 168
      vertex -46 5.5 168
    endloop
  endfacet
  facet normal 0 0 1
    outer loop
      vertex -48.8901 2.60028 168
      vertex -47.096 5.70738 168
      vertex -47.8705 6.15451 168
    endloop
  endfacet
  facet normal 0 0 1
    outer loop
      vertex -51.1273 4.00604 168
      vertex -47.8705 6.15451 168
      vertex -48.4787 6.81004 168
    endloop
  endfacet
  facet normal 0 0 1
    outer loop
      vertex -52 6.5 168
      vertex -48.4787 6.81004 168
      vertex -48.8667 7.61574 168
    endloop
  endfacet
  facet normal 0 0 1
    outer loop
      vertex -47.096 5.70738 168
      vertex -48.8901 2.60028 168
      vertex -48 2.5 168
    endloop
  endfacet
  facet normal 0 0 1
    outer loop
      vertex -52 6.5 168
      vertex -48.8667 7.61574 168
      vertex -49 8.5 168
    endloop
  endfacet
  facet normal 0 0 1
    outer loop
      vertex -47.8705 6.15451 168
      vertex -49.7355 2.89612 168
      vertex -48.8901 2.60028 168
    endloop
  endfacet
  facet normal 0 0 1
    outer loop
      vertex -49 72.5 168
      vertex -52 74.5 168
      vertex -49 8.5 168
    endloop
  endfacet
  facet normal -0 0 1
    outer loop
      vertex -51.8997 75.3901 168
      vertex -48.3455 74.3705 168
      vertex -51.6039 76.2355 168
    endloop
  endfacet
  facet normal 0 0 1
    outer loop
      vertex -52 6.5 168
      vertex -49 8.5 168
      vertex -52 74.5 168
    endloop
  endfacet
  facet normal 0 0 1
    outer loop
      vertex -48.3455 74.3705 168
      vertex -51.8997 75.3901 168
      vertex -48.7926 73.596 168
    endloop
  endfacet
  facet normal 0 0 1
    outer loop
      vertex -48.4787 6.81004 168
      vertex -52 6.5 168
      vertex -51.8997 5.60991 168
    endloop
  endfacet
  facet normal -0 0 1
    outer loop
      vertex -52 74.5 168
      vertex -48.7926 73.596 168
      vertex -51.8997 75.3901 168
    endloop
  endfacet
  facet normal 0 0 1
    outer loop
      vertex -47.8705 6.15451 168
      vertex -50.494 3.37268 168
      vertex -49.7355 2.89612 168
    endloop
  endfacet
  facet normal 0 0 1
    outer loop
      vertex -48.7926 73.596 168
      vertex -52 74.5 168
      vertex -49 72.5 168
    endloop
  endfacet
  facet normal 0 0 1
    outer loop
      vertex -47.8705 6.15451 168
      vertex -51.1273 4.00604 168
      vertex -50.494 3.37268 168
    endloop
  endfacet
  facet normal 0 0 1
    outer loop
      vertex -48.4787 6.81004 168
      vertex -51.6039 4.76447 168
      vertex -51.1273 4.00604 168
    endloop
  endfacet
  facet normal 0 0 1
    outer loop
      vertex -48.4787 6.81004 168
      vertex -51.8997 5.60991 168
      vertex -51.6039 4.76447 168
    endloop
  endfacet
  facet normal 0.330301 -0.943876 0
    outer loop
      vertex 48.8901 2.60028 132
      vertex 49.7355 2.89612 168
      vertex 48.8901 2.60028 168
    endloop
  endfacet
  facet normal 0.330301 -0.943876 0
    outer loop
      vertex 49.7355 2.89612 168
      vertex 48.8901 2.60028 132
      vertex 49.7355 2.89612 132
    endloop
  endfacet
  facet normal 0.532002 -0.846743 0
    outer loop
      vertex 49.7355 2.89612 132
      vertex 50.494 3.37268 168
      vertex 49.7355 2.89612 168
    endloop
  endfacet
  facet normal 0.532002 -0.846743 0
    outer loop
      vertex 50.494 3.37268 168
      vertex 49.7355 2.89612 132
      vertex 50.494 3.37268 132
    endloop
  endfacet
  facet normal 0.70714 -0.707073 0
    outer loop
      vertex 50.494 3.37268 168
      vertex 51.1273 4.00604 132
      vertex 51.1273 4.00604 168
    endloop
  endfacet
  facet normal 0.70714 -0.707073 0
    outer loop
      vertex 51.1273 4.00604 132
      vertex 50.494 3.37268 168
      vertex 50.494 3.37268 132
    endloop
  endfacet
  facet normal 0.846701 -0.53207 0
    outer loop
      vertex 51.1273 4.00604 168
      vertex 51.6039 4.76447 132
      vertex 51.6039 4.76447 168
    endloop
  endfacet
  facet normal 0.846701 -0.53207 0
    outer loop
      vertex 51.6039 4.76447 132
      vertex 51.1273 4.00604 168
      vertex 51.1273 4.00604 132
    endloop
  endfacet
  facet normal 0.944042 -0.329826 0
    outer loop
      vertex 51.8997 5.60991 168
      vertex 51.8613 5.5 132
      vertex 51.8997 5.60991 0
    endloop
  endfacet
  facet normal 0.943895 -0.330247 1.44153e-06
    outer loop
      vertex 51.6039 4.76447 168
      vertex 51.8613 5.5 132
      vertex 51.8997 5.60991 168
    endloop
  endfacet
  facet normal 0.943873 -0.33031 0
    outer loop
      vertex 51.8613 5.5 132
      vertex 51.6039 4.76447 168
      vertex 51.6039 4.76447 132
    endloop
  endfacet
  facet normal 0.944042 -0.329826 0
    outer loop
      vertex 51.8997 5.60991 0
      vertex 51.8613 5.5 132
      vertex 51.8613 5.5 0
    endloop
  endfacet
  facet normal 0.993711 -0.111977 0
    outer loop
      vertex 51.8997 5.60991 168
      vertex 52 6.5 0
      vertex 52 6.5 168
    endloop
  endfacet
  facet normal 0.993711 -0.111977 0
    outer loop
      vertex 52 6.5 0
      vertex 51.8997 5.60991 168
      vertex 51.8997 5.60991 0
    endloop
  endfacet
  facet normal 1 -0 0
    outer loop
      vertex 52 6.5 168
      vertex 52 74.5 0
      vertex 52 74.5 168
    endloop
  endfacet
  facet normal 1 0 0
    outer loop
      vertex 52 74.5 0
      vertex 52 6.5 168
      vertex 52 6.5 0
    endloop
  endfacet
  facet normal 0.993711 0.111975 0
    outer loop
      vertex 52 74.5 168
      vertex 51.8997 75.3901 0
      vertex 51.8997 75.3901 168
    endloop
  endfacet
  facet normal 0.993711 0.111975 0
    outer loop
      vertex 51.8997 75.3901 0
      vertex 52 74.5 168
      vertex 52 74.5 0
    endloop
  endfacet
  facet normal 0.94389 0.330261 0
    outer loop
      vertex 51.8997 75.3901 168
      vertex 51.6039 76.2355 0
      vertex 51.6039 76.2355 168
    endloop
  endfacet
  facet normal 0.94389 0.330261 0
    outer loop
      vertex 51.6039 76.2355 0
      vertex 51.8997 75.3901 168
      vertex 51.8997 75.3901 0
    endloop
  endfacet
  facet normal 0.846723 0.532034 0
    outer loop
      vertex 51.6039 76.2355 168
      vertex 51.1273 76.994 0
      vertex 51.1273 76.994 168
    endloop
  endfacet
  facet normal 0.846723 0.532034 0
    outer loop
      vertex 51.1273 76.994 0
      vertex 51.6039 76.2355 168
      vertex 51.6039 76.2355 0
    endloop
  endfacet
  facet normal 0.707107 0.707107 0
    outer loop
      vertex 51.1273 76.994 168
      vertex 50.494 77.6273 0
      vertex 50.494 77.6273 168
    endloop
  endfacet
  facet normal 0.707107 0.707107 0
    outer loop
      vertex 50.494 77.6273 0
      vertex 51.1273 76.994 168
      vertex 51.1273 76.994 0
    endloop
  endfacet
  facet normal 0.532034 0.846723 -0
    outer loop
      vertex 50.494 77.6273 0
      vertex 49.7355 78.1039 168
      vertex 50.494 77.6273 168
    endloop
  endfacet
  facet normal 0.532034 0.846723 0
    outer loop
      vertex 49.7355 78.1039 168
      vertex 50.494 77.6273 0
      vertex 49.7355 78.1039 0
    endloop
  endfacet
  facet normal 0.330261 0.94389 -0
    outer loop
      vertex 49.7355 78.1039 0
      vertex 48.8901 78.3997 168
      vertex 49.7355 78.1039 168
    endloop
  endfacet
  facet normal 0.330261 0.94389 0
    outer loop
      vertex 48.8901 78.3997 168
      vertex 49.7355 78.1039 0
      vertex 48.8901 78.3997 0
    endloop
  endfacet
  facet normal 0.111975 0.993711 -0
    outer loop
      vertex 48.8901 78.3997 0
      vertex 48 78.5 168
      vertex 48.8901 78.3997 168
    endloop
  endfacet
  facet normal 0.111975 0.993711 0
    outer loop
      vertex 48 78.5 168
      vertex 48.8901 78.3997 0
      vertex 48 78.5 0
    endloop
  endfacet
  facet normal 0 1 -0
    outer loop
      vertex 48 78.5 0
      vertex -48 78.5 168
      vertex 48 78.5 168
    endloop
  endfacet
  facet normal 0 1 0
    outer loop
      vertex -48 78.5 168
      vertex 48 78.5 0
      vertex -48 78.5 0
    endloop
  endfacet
  facet normal -0.111975 0.993711 0
    outer loop
      vertex -48 78.5 0
      vertex -48.8901 78.3997 168
      vertex -48 78.5 168
    endloop
  endfacet
  facet normal -0.111975 0.993711 0
    outer loop
      vertex -48.8901 78.3997 168
      vertex -48 78.5 0
      vertex -48.8901 78.3997 0
    endloop
  endfacet
  facet normal -0.330261 0.94389 0
    outer loop
      vertex -48.8901 78.3997 0
      vertex -49.7355 78.1039 168
      vertex -48.8901 78.3997 168
    endloop
  endfacet
  facet normal -0.330261 0.94389 0
    outer loop
      vertex -49.7355 78.1039 168
      vertex -48.8901 78.3997 0
      vertex -49.7355 78.1039 0
    endloop
  endfacet
  facet normal -0.532034 0.846723 0
    outer loop
      vertex -49.7355 78.1039 0
      vertex -50.494 77.6273 168
      vertex -49.7355 78.1039 168
    endloop
  endfacet
  facet normal -0.532034 0.846723 0
    outer loop
      vertex -50.494 77.6273 168
      vertex -49.7355 78.1039 0
      vertex -50.494 77.6273 0
    endloop
  endfacet
  facet normal -0.707107 0.707107 0
    outer loop
      vertex -51.1273 76.994 0
      vertex -50.494 77.6273 168
      vertex -50.494 77.6273 0
    endloop
  endfacet
  facet normal -0.707107 0.707107 0
    outer loop
      vertex -50.494 77.6273 168
      vertex -51.1273 76.994 0
      vertex -51.1273 76.994 168
    endloop
  endfacet
  facet normal -0.846723 0.532034 0
    outer loop
      vertex -51.6039 76.2355 0
      vertex -51.1273 76.994 168
      vertex -51.1273 76.994 0
    endloop
  endfacet
  facet normal -0.846723 0.532034 0
    outer loop
      vertex -51.1273 76.994 168
      vertex -51.6039 76.2355 0
      vertex -51.6039 76.2355 168
    endloop
  endfacet
  facet normal -0.94389 0.330261 0
    outer loop
      vertex -51.8997 75.3901 0
      vertex -51.6039 76.2355 168
      vertex -51.6039 76.2355 0
    endloop
  endfacet
  facet normal -0.94389 0.330261 0
    outer loop
      vertex -51.6039 76.2355 168
      vertex -51.8997 75.3901 0
      vertex -51.8997 75.3901 168
    endloop
  endfacet
  facet normal -0.993711 0.111975 0
    outer loop
      vertex -52 74.5 0
      vertex -51.8997 75.3901 168
      vertex -51.8997 75.3901 0
    endloop
  endfacet
  facet normal -0.993711 0.111975 0
    outer loop
      vertex -51.8997 75.3901 168
      vertex -52 74.5 0
      vertex -52 74.5 168
    endloop
  endfacet
  facet normal -1 0 0
    outer loop
      vertex -52 6.5 0
      vertex -52 74.5 168
      vertex -52 74.5 0
    endloop
  endfacet
  facet normal -1 -0 0
    outer loop
      vertex -52 74.5 168
      vertex -52 6.5 0
      vertex -52 6.5 168
    endloop
  endfacet
  facet normal -0.993711 -0.111977 0
    outer loop
      vertex -51.8997 5.60991 0
      vertex -52 6.5 168
      vertex -52 6.5 0
    endloop
  endfacet
  facet normal -0.993711 -0.111977 0
    outer loop
      vertex -52 6.5 168
      vertex -51.8997 5.60991 0
      vertex -51.8997 5.60991 168
    endloop
  endfacet
  facet normal -0.944042 -0.329826 -0
    outer loop
      vertex -51.8613 5.5 132
      vertex -51.8997 5.60991 0
      vertex -51.8613 5.5 0
    endloop
  endfacet
  facet normal -0.944042 -0.329826 0
    outer loop
      vertex -51.8997 5.60991 0
      vertex -51.8613 5.5 132
      vertex -51.8997 5.60991 168
    endloop
  endfacet
  facet normal -0.943873 -0.33031 1.6569e-06
    outer loop
      vertex -51.6039 4.76447 132
      vertex -51.8997 5.60991 168
      vertex -51.8613 5.5 132
    endloop
  endfacet
  facet normal -0.943895 -0.330247 0
    outer loop
      vertex -51.8997 5.60991 168
      vertex -51.6039 4.76447 132
      vertex -51.6039 4.76447 168
    endloop
  endfacet
  facet normal -0.846701 -0.53207 0
    outer loop
      vertex -51.1273 4.00604 132
      vertex -51.6039 4.76447 168
      vertex -51.6039 4.76447 132
    endloop
  endfacet
  facet normal -0.846701 -0.53207 0
    outer loop
      vertex -51.6039 4.76447 168
      vertex -51.1273 4.00604 132
      vertex -51.1273 4.00604 168
    endloop
  endfacet
  facet normal -0.70714 -0.707073 0
    outer loop
      vertex -50.494 3.37268 132
      vertex -51.1273 4.00604 168
      vertex -51.1273 4.00604 132
    endloop
  endfacet
  facet normal -0.70714 -0.707073 0
    outer loop
      vertex -51.1273 4.00604 168
      vertex -50.494 3.37268 132
      vertex -50.494 3.37268 168
    endloop
  endfacet
  facet normal -0.532002 -0.846743 0
    outer loop
      vertex -50.494 3.37268 132
      vertex -49.7355 2.89612 168
      vertex -50.494 3.37268 168
    endloop
  endfacet
  facet normal -0.532002 -0.846743 -0
    outer loop
      vertex -49.7355 2.89612 168
      vertex -50.494 3.37268 132
      vertex -49.7355 2.89612 132
    endloop
  endfacet
  facet normal -0.330301 -0.943876 0
    outer loop
      vertex -49.7355 2.89612 132
      vertex -48.8901 2.60028 168
      vertex -49.7355 2.89612 168
    endloop
  endfacet
  facet normal -0.330301 -0.943876 -0
    outer loop
      vertex -48.8901 2.60028 168
      vertex -49.7355 2.89612 132
      vertex -48.8901 2.60028 132
    endloop
  endfacet
  facet normal -0.111953 -0.993713 0
    outer loop
      vertex -48.8901 2.60028 132
      vertex -48 2.5 168
      vertex -48.8901 2.60028 168
    endloop
  endfacet
  facet normal -0.111953 -0.993713 -0
    outer loop
      vertex -48 2.5 168
      vertex -48.8901 2.60028 132
      vertex -48 2.5 132
    endloop
  endfacet
  facet normal 0 -1 0
    outer loop
      vertex -33 2.5 0
      vertex 33 2.5 16
      vertex -33 2.5 16
    endloop
  endfacet
  facet normal 0 -1 -0
    outer loop
      vertex 33 2.5 16
      vertex -33 2.5 0
      vertex 33 2.5 0
    endloop
  endfacet
  facet normal 0 -1 0
    outer loop
      vertex -27.5 2.5 127
      vertex 27.5 2.5 132
      vertex -27.5 2.5 132
    endloop
  endfacet
  facet normal 0 -1 -0
    outer loop
      vertex 27.5 2.5 132
      vertex -27.5 2.5 127
      vertex 27.5 2.5 127
    endloop
  endfacet
  facet normal 0 -1 0
    outer loop
      vertex -32.5 2.5 132
      vertex -48 2.5 168
      vertex -48 2.5 132
    endloop
  endfacet
  facet normal 0 -1 0
    outer loop
      vertex -27.5 2.5 132
      vertex -48 2.5 168
      vertex -32.5 2.5 132
    endloop
  endfacet
  facet normal 0 -1 0
    outer loop
      vertex -48 2.5 168
      vertex -27.5 2.5 132
      vertex 48 2.5 168
    endloop
  endfacet
  facet normal 0 -1 0
    outer loop
      vertex 27.5 2.5 132
      vertex 48 2.5 168
      vertex -27.5 2.5 132
    endloop
  endfacet
  facet normal 0 -1 0
    outer loop
      vertex 32.5 2.5 132
      vertex 48 2.5 168
      vertex 27.5 2.5 132
    endloop
  endfacet
  facet normal 0 -1 0
    outer loop
      vertex 32.5 2.5 132
      vertex 48 2.5 132
      vertex 48 2.5 168
    endloop
  endfacet
  facet normal 0 -1 0
    outer loop
      vertex 32.5 2.5 127
      vertex 48 2.5 132
      vertex 32.5 2.5 132
    endloop
  endfacet
  facet normal 0 -1 0
    outer loop
      vertex 46.2546 2.5 76.1919
      vertex 48 2.5 132
      vertex 32.5 2.5 127
    endloop
  endfacet
  facet normal 0 -1 0
    outer loop
      vertex 48 2.5 132
      vertex 75 2.5 126
      vertex 69 2.5 132
    endloop
  endfacet
  facet normal 0 -1 0
    outer loop
      vertex 69 2.5 132
      vertex 75 2.5 126
      vertex 70.3351 2.5 131.85
    endloop
  endfacet
  facet normal 0 -1 0
    outer loop
      vertex 70.3351 2.5 131.85
      vertex 75 2.5 126
      vertex 71.192 2.5 131.585
    endloop
  endfacet
  facet normal 0 -1 0
    outer loop
      vertex 71.192 2.5 131.585
      vertex 75 2.5 126
      vertex 72 2.5 131.196
    endloop
  endfacet
  facet normal 0 -1 0
    outer loop
      vertex 72 2.5 131.196
      vertex 75 2.5 126
      vertex 72.7409 2.5 130.691
    endloop
  endfacet
  facet normal 0 -1 0
    outer loop
      vertex 72.7409 2.5 130.691
      vertex 75 2.5 126
      vertex 73.3983 2.5 130.081
    endloop
  endfacet
  facet normal 0 -1 0
    outer loop
      vertex 73.3983 2.5 130.081
      vertex 75 2.5 126
      vertex 73.9574 2.5 129.38
    endloop
  endfacet
  facet normal 0 -1 0
    outer loop
      vertex 73.9574 2.5 129.38
      vertex 75 2.5 126
      vertex 74.4058 2.5 128.603
    endloop
  endfacet
  facet normal 0 -1 0
    outer loop
      vertex 74.4058 2.5 128.603
      vertex 75 2.5 126
      vertex 74.7334 2.5 127.769
    endloop
  endfacet
  facet normal 0 -1 0
    outer loop
      vertex -75 2.5 126
      vertex -48 2.5 132
      vertex -69 2.5 132
    endloop
  endfacet
  facet normal 0 -1 0
    outer loop
      vertex -75 2.5 126
      vertex -69 2.5 132
      vertex -69.8943 2.5 131.933
    endloop
  endfacet
  facet normal 0 -1 0
    outer loop
      vertex -75 2.5 126
      vertex -69.8943 2.5 131.933
      vertex -70.7685 2.5 131.733
    endloop
  endfacet
  facet normal 0 -1 0
    outer loop
      vertex -75 2.5 126
      vertex -70.7685 2.5 131.733
      vertex -71.6033 2.5 131.406
    endloop
  endfacet
  facet normal 0 -1 0
    outer loop
      vertex -75 2.5 126
      vertex -71.6033 2.5 131.406
      vertex -72.3799 2.5 130.957
    endloop
  endfacet
  facet normal 0 -1 0
    outer loop
      vertex -75 2.5 126
      vertex -72.3799 2.5 130.957
      vertex -73.081 2.5 130.398
    endloop
  endfacet
  facet normal 0 -1 0
    outer loop
      vertex -75 2.5 126
      vertex -73.081 2.5 130.398
      vertex -73.691 2.5 129.741
    endloop
  endfacet
  facet normal 0 -1 0
    outer loop
      vertex -75 2.5 126
      vertex -73.691 2.5 129.741
      vertex -74.1962 2.5 129
    endloop
  endfacet
  facet normal 0 -1 0
    outer loop
      vertex -75 2.5 126
      vertex -74.1962 2.5 129
      vertex -74.5852 2.5 128.192
    endloop
  endfacet
  facet normal 0 -1 0
    outer loop
      vertex -75 2.5 126
      vertex -74.5852 2.5 128.192
      vertex -74.8496 2.5 127.335
    endloop
  endfacet
  facet normal 0 -1 0
    outer loop
      vertex -48 2.5 132
      vertex -32.5 2.5 127
      vertex -32.5 2.5 132
    endloop
  endfacet
  facet normal 0 -1 0
    outer loop
      vertex -45.5 2.5 76.24
      vertex -27.5 2.5 127
      vertex -32.5 2.5 127
    endloop
  endfacet
  facet normal 0 -1 -0
    outer loop
      vertex -27.5 2.5 127
      vertex -45.5 2.5 76.24
      vertex 27.5 2.5 127
    endloop
  endfacet
  facet normal 0 -1 0
    outer loop
      vertex 27.5 2.5 127
      vertex 45.5 2.5 76.24
      vertex 32.5 2.5 127
    endloop
  endfacet
  facet normal 0 -1 0
    outer loop
      vertex -47.5868 2.5 75.8765
      vertex -48 2.5 132
      vertex -75 2.5 126
    endloop
  endfacet
  facet normal -0 -1 0
    outer loop
      vertex -46.5039 2.5 76.1547
      vertex -48 2.5 132
      vertex -46.7227 2.5 76.115
    endloop
  endfacet
  facet normal 0 -1 -0
    outer loop
      vertex 27.5 2.5 127
      vertex -45.5 2.5 76.24
      vertex 45.5 2.5 76.24
    endloop
  endfacet
  facet normal 0 -1 0
    outer loop
      vertex 45.5834 2.5 76.2372
      vertex 32.5 2.5 127
      vertex 45.5 2.5 76.24
    endloop
  endfacet
  facet normal 0 -1 0
    outer loop
      vertex -32.5 2.5 127
      vertex -45.6112 2.5 76.235
      vertex -45.5 2.5 76.24
    endloop
  endfacet
  facet normal 0 -1 0
    outer loop
      vertex -32.5 2.5 127
      vertex -46.5039 2.5 76.1547
      vertex -45.6112 2.5 76.235
    endloop
  endfacet
  facet normal 0 -1 0
    outer loop
      vertex -48 2.5 132
      vertex -46.5039 2.5 76.1547
      vertex -32.5 2.5 127
    endloop
  endfacet
  facet normal 0 -1 0
    outer loop
      vertex -48 2.5 132
      vertex -47.5868 2.5 75.8765
      vertex -46.7227 2.5 76.115
    endloop
  endfacet
  facet normal 0 -1 0
    outer loop
      vertex -75 2.5 126
      vertex -47.7949 2.5 75.7984
      vertex -47.5868 2.5 75.8765
    endloop
  endfacet
  facet normal 0 -1 0
    outer loop
      vertex -75 2.5 126
      vertex -48.6025 2.5 75.4095
      vertex -47.7949 2.5 75.7984
    endloop
  endfacet
  facet normal 0 -1 0
    outer loop
      vertex -75 2.5 126
      vertex -48.7934 2.5 75.2954
      vertex -48.6025 2.5 75.4095
    endloop
  endfacet
  facet normal 0 -1 0
    outer loop
      vertex -75 2.5 126
      vertex -49.5186 2.5 74.7685
      vertex -48.7934 2.5 75.2954
    endloop
  endfacet
  facet normal 0 -1 0
    outer loop
      vertex -75 2.5 126
      vertex -49.6859 2.5 74.6223
      vertex -49.5186 2.5 74.7685
    endloop
  endfacet
  facet normal 0 -1 0
    outer loop
      vertex -75 2.5 126
      vertex -50.3054 2.5 73.9744
      vertex -49.6859 2.5 74.6223
    endloop
  endfacet
  facet normal 0 -1 0
    outer loop
      vertex -75 2.5 126
      vertex -50.444 2.5 73.8006
      vertex -50.3054 2.5 73.9744
    endloop
  endfacet
  facet normal 0 -1 0
    outer loop
      vertex -75 2.5 126
      vertex -50.9379 2.5 73.0525
      vertex -50.444 2.5 73.8006
    endloop
  endfacet
  facet normal 0 -1 0
    outer loop
      vertex -75 2.5 126
      vertex -51.0432 2.5 72.8567
      vertex -50.9379 2.5 73.0525
    endloop
  endfacet
  facet normal 0 -1 0
    outer loop
      vertex -75 2.5 126
      vertex -51.3955 2.5 72.0324
      vertex -51.0432 2.5 72.8567
    endloop
  endfacet
  facet normal 0 -1 0
    outer loop
      vertex -75 2.5 126
      vertex -51.4642 2.5 71.821
      vertex -51.3955 2.5 72.0324
    endloop
  endfacet
  facet normal 0 -1 0
    outer loop
      vertex -75 2.5 126
      vertex -51.6637 2.5 70.9471
      vertex -51.4642 2.5 71.821
    endloop
  endfacet
  facet normal 0 -1 0
    outer loop
      vertex -75 2.5 126
      vertex -51.6919 2.5 70.7546
      vertex -51.6637 2.5 70.9471
    endloop
  endfacet
  facet normal 0 -1 0
    outer loop
      vertex -75 2.5 126
      vertex -51.7372 2.5 70.0834
      vertex -51.6919 2.5 70.7546
    endloop
  endfacet
  facet normal 0 -1 0
    outer loop
      vertex -75 2.5 126
      vertex -51.74 2.5 70
      vertex -51.7372 2.5 70.0834
    endloop
  endfacet
  facet normal 0 -1 0
    outer loop
      vertex -75 2.5 6
      vertex -51.74 2.5 70
      vertex -75 2.5 126
    endloop
  endfacet
  facet normal 0 -1 -0
    outer loop
      vertex -51.74 2.5 70
      vertex -75 2.5 6
      vertex -51.74 2.5 25
    endloop
  endfacet
  facet normal 0 -1 -0
    outer loop
      vertex -51.74 2.5 25
      vertex -75 2.5 6
      vertex -51.735 2.5 24.8888
    endloop
  endfacet
  facet normal 0 -1 -0
    outer loop
      vertex -51.735 2.5 24.8888
      vertex -75 2.5 6
      vertex -51.6547 2.5 23.9961
    endloop
  endfacet
  facet normal 0 -1 0
    outer loop
      vertex -33 2.5 16
      vertex -45.5 2.5 18.76
      vertex -37 2.5 16
    endloop
  endfacet
  facet normal 0 -1 0
    outer loop
      vertex -37 2.5 0
      vertex -45.5 2.5 18.76
      vertex -45.5834 2.5 18.7628
    endloop
  endfacet
  facet normal 0 -1 0
    outer loop
      vertex -37 2.5 0
      vertex -45.5834 2.5 18.7628
      vertex -46.2546 2.5 18.8081
    endloop
  endfacet
  facet normal 0 -1 0
    outer loop
      vertex -37 2.5 0
      vertex -46.2546 2.5 18.8081
      vertex -46.4471 2.5 18.8363
    endloop
  endfacet
  facet normal 0 -1 0
    outer loop
      vertex -37 2.5 0
      vertex -46.4471 2.5 18.8363
      vertex -47.321 2.5 19.0358
    endloop
  endfacet
  facet normal 0 -1 -0
    outer loop
      vertex -51.6547 2.5 23.9961
      vertex -75 2.5 6
      vertex -51.615 2.5 23.7773
    endloop
  endfacet
  facet normal 0 -1 0
    outer loop
      vertex -75 2.5 6
      vertex -51.3765 2.5 22.9132
      vertex -51.615 2.5 23.7773
    endloop
  endfacet
  facet normal 0 -1 0
    outer loop
      vertex -75 2.5 6
      vertex -51.2984 2.5 22.7051
      vertex -51.3765 2.5 22.9132
    endloop
  endfacet
  facet normal 0 -1 0
    outer loop
      vertex -75 2.5 6
      vertex -50.9095 2.5 21.8975
      vertex -51.2984 2.5 22.7051
    endloop
  endfacet
  facet normal 0 -1 0
    outer loop
      vertex -75 2.5 6
      vertex -50.7954 2.5 21.7066
      vertex -50.9095 2.5 21.8975
    endloop
  endfacet
  facet normal 0 -1 0
    outer loop
      vertex -75 2.5 6
      vertex -50.2685 2.5 20.9814
      vertex -50.7954 2.5 21.7066
    endloop
  endfacet
  facet normal 0 -1 0
    outer loop
      vertex -69 2.5 0
      vertex -50.2685 2.5 20.9814
      vertex -75 2.5 6
    endloop
  endfacet
  facet normal 0 -1 -0
    outer loop
      vertex -50.2685 2.5 20.9814
      vertex -69 2.5 0
      vertex -50.1223 2.5 20.8141
    endloop
  endfacet
  facet normal 0 -1 -0
    outer loop
      vertex -50.1223 2.5 20.8141
      vertex -69 2.5 0
      vertex -49.4744 2.5 20.1946
    endloop
  endfacet
  facet normal 0 -1 -0
    outer loop
      vertex -49.4744 2.5 20.1946
      vertex -69 2.5 0
      vertex -49.3006 2.5 20.056
    endloop
  endfacet
  facet normal 0 -1 -0
    outer loop
      vertex -49.3006 2.5 20.056
      vertex -69 2.5 0
      vertex -48.5524 2.5 19.5621
    endloop
  endfacet
  facet normal 0 -1 -0
    outer loop
      vertex -48.5524 2.5 19.5621
      vertex -69 2.5 0
      vertex -48.3567 2.5 19.4568
    endloop
  endfacet
  facet normal 0 -1 -0
    outer loop
      vertex -48.3567 2.5 19.4568
      vertex -69 2.5 0
      vertex -47.5324 2.5 19.1045
    endloop
  endfacet
  facet normal 0 -1 0
    outer loop
      vertex -37 2.5 0
      vertex -47.5324 2.5 19.1045
      vertex -69 2.5 0
    endloop
  endfacet
  facet normal 0 -1 0
    outer loop
      vertex -69 2.5 0
      vertex -75 2.5 6
      vertex -74.933 2.5 5.10574
    endloop
  endfacet
  facet normal 0 -1 0
    outer loop
      vertex -69 2.5 0
      vertex -74.933 2.5 5.10574
      vertex -74.7334 2.5 4.23148
    endloop
  endfacet
  facet normal 0 -1 0
    outer loop
      vertex -69 2.5 0
      vertex -74.7334 2.5 4.23148
      vertex -74.4058 2.5 3.3967
    endloop
  endfacet
  facet normal 0 -1 0
    outer loop
      vertex -69 2.5 0
      vertex -74.4058 2.5 3.3967
      vertex -73.9574 2.5 2.62009
    endloop
  endfacet
  facet normal 0 -1 0
    outer loop
      vertex -69 2.5 0
      vertex -73.9574 2.5 2.62009
      vertex -73.3983 2.5 1.91896
    endloop
  endfacet
  facet normal 0 -1 0
    outer loop
      vertex -69 2.5 0
      vertex -73.3983 2.5 1.91896
      vertex -72.7409 2.5 1.30901
    endloop
  endfacet
  facet normal 0 -1 0
    outer loop
      vertex -69 2.5 0
      vertex -72.7409 2.5 1.30901
      vertex -72 2.5 0.803848
    endloop
  endfacet
  facet normal 0 -1 0
    outer loop
      vertex -69 2.5 0
      vertex -72 2.5 0.803848
      vertex -71.192 2.5 0.414764
    endloop
  endfacet
  facet normal 0 -1 0
    outer loop
      vertex -69 2.5 0
      vertex -71.192 2.5 0.414764
      vertex -70.3351 2.5 0.150436
    endloop
  endfacet
  facet normal 0 -1 0
    outer loop
      vertex -47.5324 2.5 19.1045
      vertex -37 2.5 0
      vertex -47.321 2.5 19.0358
    endloop
  endfacet
  facet normal 0 -1 0
    outer loop
      vertex -45.5 2.5 18.76
      vertex -37 2.5 0
      vertex -37 2.5 16
    endloop
  endfacet
  facet normal 0 -1 0
    outer loop
      vertex 74.7334 2.5 127.769
      vertex 75 2.5 126
      vertex 74.933 2.5 126.894
    endloop
  endfacet
  facet normal 0 -1 0
    outer loop
      vertex 46.2546 2.5 76.1919
      vertex 32.5 2.5 127
      vertex 45.5834 2.5 76.2372
    endloop
  endfacet
  facet normal 0 -1 0
    outer loop
      vertex 48 2.5 132
      vertex 46.2546 2.5 76.1919
      vertex 46.4471 2.5 76.1637
    endloop
  endfacet
  facet normal 0 -1 0
    outer loop
      vertex 47.321 2.5 75.9642
      vertex 48 2.5 132
      vertex 46.4471 2.5 76.1637
    endloop
  endfacet
  facet normal 0 -1 -0
    outer loop
      vertex 48 2.5 132
      vertex 47.321 2.5 75.9642
      vertex 75 2.5 126
    endloop
  endfacet
  facet normal 0 -1 0
    outer loop
      vertex 47.5324 2.5 75.8955
      vertex 75 2.5 126
      vertex 47.321 2.5 75.9642
    endloop
  endfacet
  facet normal 0 -1 0
    outer loop
      vertex 48.3567 2.5 75.5432
      vertex 75 2.5 126
      vertex 47.5324 2.5 75.8955
    endloop
  endfacet
  facet normal 0 -1 0
    outer loop
      vertex 48.5524 2.5 75.4379
      vertex 75 2.5 126
      vertex 48.3567 2.5 75.5432
    endloop
  endfacet
  facet normal 0 -1 0
    outer loop
      vertex 49.3006 2.5 74.944
      vertex 75 2.5 126
      vertex 48.5524 2.5 75.4379
    endloop
  endfacet
  facet normal 0 -1 0
    outer loop
      vertex 49.4744 2.5 74.8054
      vertex 75 2.5 126
      vertex 49.3006 2.5 74.944
    endloop
  endfacet
  facet normal 0 -1 0
    outer loop
      vertex 50.1223 2.5 74.1859
      vertex 75 2.5 126
      vertex 49.4744 2.5 74.8054
    endloop
  endfacet
  facet normal 0 -1 0
    outer loop
      vertex 50.2685 2.5 74.0186
      vertex 75 2.5 126
      vertex 50.1223 2.5 74.1859
    endloop
  endfacet
  facet normal 0 -1 0
    outer loop
      vertex 50.7954 2.5 73.2934
      vertex 75 2.5 126
      vertex 50.2685 2.5 74.0186
    endloop
  endfacet
  facet normal 0 -1 0
    outer loop
      vertex 50.9095 2.5 73.1025
      vertex 75 2.5 126
      vertex 50.7954 2.5 73.2934
    endloop
  endfacet
  facet normal 0 -1 0
    outer loop
      vertex 51.2984 2.5 72.2949
      vertex 75 2.5 126
      vertex 50.9095 2.5 73.1025
    endloop
  endfacet
  facet normal 0 -1 0
    outer loop
      vertex 51.3765 2.5 72.0868
      vertex 75 2.5 126
      vertex 51.2984 2.5 72.2949
    endloop
  endfacet
  facet normal 0 -1 0
    outer loop
      vertex 51.615 2.5 71.2227
      vertex 75 2.5 126
      vertex 51.3765 2.5 72.0868
    endloop
  endfacet
  facet normal 0 -1 0
    outer loop
      vertex 51.6547 2.5 71.0039
      vertex 75 2.5 126
      vertex 51.615 2.5 71.2227
    endloop
  endfacet
  facet normal 0 -1 0
    outer loop
      vertex 51.735 2.5 70.1112
      vertex 75 2.5 126
      vertex 51.6547 2.5 71.0039
    endloop
  endfacet
  facet normal 0 -1 0
    outer loop
      vertex 51.74 2.5 70
      vertex 75 2.5 126
      vertex 51.735 2.5 70.1112
    endloop
  endfacet
  facet normal 0 -1 0
    outer loop
      vertex 75 2.5 6
      vertex 51.74 2.5 70
      vertex 51.74 2.5 25
    endloop
  endfacet
  facet normal 0 -1 0
    outer loop
      vertex 75 2.5 6
      vertex 51.74 2.5 25
      vertex 51.7372 2.5 24.9166
    endloop
  endfacet
  facet normal 0 -1 0
    outer loop
      vertex 75 2.5 6
      vertex 51.7372 2.5 24.9166
      vertex 51.6919 2.5 24.2454
    endloop
  endfacet
  facet normal 0 -1 0
    outer loop
      vertex 75 2.5 6
      vertex 51.6919 2.5 24.2454
      vertex 51.6637 2.5 24.0529
    endloop
  endfacet
  facet normal 0 -1 0
    outer loop
      vertex 75 2.5 6
      vertex 51.6637 2.5 24.0529
      vertex 51.4642 2.5 23.179
    endloop
  endfacet
  facet normal 0 -1 0
    outer loop
      vertex -45.5 2.5 18.76
      vertex -33 2.5 16
      vertex 45.5 2.5 18.76
    endloop
  endfacet
  facet normal 0 -1 0
    outer loop
      vertex 33 2.5 16
      vertex 45.5 2.5 18.76
      vertex -33 2.5 16
    endloop
  endfacet
  facet normal 0 -1 0
    outer loop
      vertex 37 2.5 16
      vertex 45.5 2.5 18.76
      vertex 33 2.5 16
    endloop
  endfacet
  facet normal 0 -1 0
    outer loop
      vertex 37 2.5 0
      vertex 45.5 2.5 18.76
      vertex 37 2.5 16
    endloop
  endfacet
  facet normal 0 -1 -0
    outer loop
      vertex 45.5 2.5 18.76
      vertex 37 2.5 0
      vertex 45.6112 2.5 18.765
    endloop
  endfacet
  facet normal 0 -1 -0
    outer loop
      vertex 45.6112 2.5 18.765
      vertex 37 2.5 0
      vertex 46.5039 2.5 18.8453
    endloop
  endfacet
  facet normal 0 -1 -0
    outer loop
      vertex 46.5039 2.5 18.8453
      vertex 37 2.5 0
      vertex 46.7227 2.5 18.885
    endloop
  endfacet
  facet normal 0 -1 0
    outer loop
      vertex 51.74 2.5 70
      vertex 75 2.5 6
      vertex 75 2.5 126
    endloop
  endfacet
  facet normal 0 -1 0
    outer loop
      vertex 51.3955 2.5 22.9676
      vertex 75 2.5 6
      vertex 51.4642 2.5 23.179
    endloop
  endfacet
  facet normal 0 -1 0
    outer loop
      vertex 51.0432 2.5 22.1433
      vertex 75 2.5 6
      vertex 51.3955 2.5 22.9676
    endloop
  endfacet
  facet normal 0 -1 0
    outer loop
      vertex 50.9379 2.5 21.9475
      vertex 75 2.5 6
      vertex 51.0432 2.5 22.1433
    endloop
  endfacet
  facet normal 0 -1 0
    outer loop
      vertex 50.444 2.5 21.1994
      vertex 75 2.5 6
      vertex 50.9379 2.5 21.9475
    endloop
  endfacet
  facet normal 0 -1 0
    outer loop
      vertex 69 2.5 0
      vertex 50.444 2.5 21.1994
      vertex 50.3054 2.5 21.0256
    endloop
  endfacet
  facet normal 0 -1 0
    outer loop
      vertex 69 2.5 0
      vertex 50.3054 2.5 21.0256
      vertex 49.6859 2.5 20.3777
    endloop
  endfacet
  facet normal 0 -1 0
    outer loop
      vertex 69 2.5 0
      vertex 49.6859 2.5 20.3777
      vertex 49.5186 2.5 20.2315
    endloop
  endfacet
  facet normal 0 -1 0
    outer loop
      vertex 69 2.5 0
      vertex 49.5186 2.5 20.2315
      vertex 48.7934 2.5 19.7046
    endloop
  endfacet
  facet normal 0 -1 0
    outer loop
      vertex 69 2.5 0
      vertex 48.7934 2.5 19.7046
      vertex 48.6025 2.5 19.5905
    endloop
  endfacet
  facet normal 0 -1 0
    outer loop
      vertex 69 2.5 0
      vertex 48.6025 2.5 19.5905
      vertex 47.7949 2.5 19.2016
    endloop
  endfacet
  facet normal 0 -1 0
    outer loop
      vertex 69 2.5 0
      vertex 47.7949 2.5 19.2016
      vertex 47.5868 2.5 19.1235
    endloop
  endfacet
  facet normal 0 -1 -0
    outer loop
      vertex 46.7227 2.5 18.885
      vertex 37 2.5 0
      vertex 47.5868 2.5 19.1235
    endloop
  endfacet
  facet normal 0 -1 0
    outer loop
      vertex 50.444 2.5 21.1994
      vertex 69 2.5 0
      vertex 75 2.5 6
    endloop
  endfacet
  facet normal 0 -1 0
    outer loop
      vertex 75 2.5 6
      vertex 69 2.5 0
      vertex 74.8496 2.5 4.66487
    endloop
  endfacet
  facet normal 0 -1 0
    outer loop
      vertex 74.8496 2.5 4.66487
      vertex 69 2.5 0
      vertex 74.5852 2.5 3.80795
    endloop
  endfacet
  facet normal 0 -1 0
    outer loop
      vertex 74.5852 2.5 3.80795
      vertex 69 2.5 0
      vertex 74.1962 2.5 3
    endloop
  endfacet
  facet normal 0 -1 0
    outer loop
      vertex 74.1962 2.5 3
      vertex 69 2.5 0
      vertex 73.691 2.5 2.25906
    endloop
  endfacet
  facet normal 0 -1 0
    outer loop
      vertex 73.691 2.5 2.25906
      vertex 69 2.5 0
      vertex 73.081 2.5 1.60168
    endloop
  endfacet
  facet normal 0 -1 0
    outer loop
      vertex 73.081 2.5 1.60168
      vertex 69 2.5 0
      vertex 72.3799 2.5 1.04257
    endloop
  endfacet
  facet normal 0 -1 0
    outer loop
      vertex 72.3799 2.5 1.04257
      vertex 69 2.5 0
      vertex 71.6033 2.5 0.594193
    endloop
  endfacet
  facet normal 0 -1 0
    outer loop
      vertex 71.6033 2.5 0.594193
      vertex 69 2.5 0
      vertex 70.7685 2.5 0.266556
    endloop
  endfacet
  facet normal 0 -1 -0
    outer loop
      vertex 47.5868 2.5 19.1235
      vertex 37 2.5 0
      vertex 69 2.5 0
    endloop
  endfacet
  facet normal 0 -1 0
    outer loop
      vertex 70.7685 2.5 0.266556
      vertex 69 2.5 0
      vertex 69.8943 2.5 0.0670166
    endloop
  endfacet
  facet normal 0.111953 -0.993713 0
    outer loop
      vertex 48 2.5 132
      vertex 48.8901 2.60028 168
      vertex 48 2.5 168
    endloop
  endfacet
  facet normal 0.111953 -0.993713 0
    outer loop
      vertex 48.8901 2.60028 168
      vertex 48 2.5 132
      vertex 48.8901 2.60028 132
    endloop
  endfacet
  facet normal 0.185916 0.982566 -0
    outer loop
      vertex -46 5.5 0
      vertex -47.096 5.70738 2.42386
      vertex -46 5.5 9
    endloop
  endfacet
  facet normal 0.185916 0.982566 0
    outer loop
      vertex -47.096 5.70738 2.42386
      vertex -46 5.5 0
      vertex -47.096 5.70738 0
    endloop
  endfacet
  facet normal 0.185916 0.982566 -0
    outer loop
      vertex -46 5.5 74.9952
      vertex -47.096 5.70738 168
      vertex -46 5.5 168
    endloop
  endfacet
  facet normal 0.185907 0.982567 -1.19608e-07
    outer loop
      vertex -46.3937 5.57449 74.9298
      vertex -47.096 5.70738 168
      vertex -46 5.5 74.9952
    endloop
  endfacet
  facet normal 0.185607 0.982624 -2.45938e-06
    outer loop
      vertex -46.3955 5.57483 74.9294
      vertex -47.096 5.70738 168
      vertex -46.3937 5.57449 74.9298
    endloop
  endfacet
  facet normal 0.185948 0.98256 1.92768e-07
    outer loop
      vertex -46.5285 5.6 74.8822
      vertex -47.096 5.70738 168
      vertex -46.3955 5.57483 74.9294
    endloop
  endfacet
  facet normal 0.185917 0.982565 0
    outer loop
      vertex -47.096 5.70738 33
      vertex -46.5285 5.6 74.8822
      vertex -46.5285 5.6 33
    endloop
  endfacet
  facet normal 0.185917 0.982565 0
    outer loop
      vertex -46.5285 5.6 74.8822
      vertex -47.096 5.70738 33
      vertex -47.096 5.70738 168
    endloop
  endfacet
  facet normal 0.185917 0.982565 -0
    outer loop
      vertex -46.5285 5.6 22
      vertex -47.096 5.70738 29.0272
      vertex -46.5285 5.6 30.0487
    endloop
  endfacet
  facet normal 0.185917 0.982565 0
    outer loop
      vertex -47.096 5.70738 29.0272
      vertex -46.5285 5.6 22
      vertex -47.096 5.70738 22
    endloop
  endfacet
  facet normal 0.499985 0.866034 0
    outer loop
      vertex -47.096 5.70738 2.42386
      vertex -47.096 5.70738 0
      vertex -47.5 5.94062 0
    endloop
  endfacet
  facet normal 0.499977 0.866039 -0
    outer loop
      vertex -47.096 5.70738 33
      vertex -47.8705 6.15451 168
      vertex -47.096 5.70738 168
    endloop
  endfacet
  facet normal 0.499977 0.866039 0
    outer loop
      vertex -47.8705 6.15451 168
      vertex -47.096 5.70738 33
      vertex -47.8705 6.15451 33
    endloop
  endfacet
  facet normal 0.499977 0.866039 -0
    outer loop
      vertex -47.096 5.70738 22
      vertex -47.8705 6.15451 27.6332
      vertex -47.096 5.70738 29.0272
    endloop
  endfacet
  facet normal 0.499977 0.866039 0
    outer loop
      vertex -47.8705 6.15451 27.6332
      vertex -47.096 5.70738 22
      vertex -47.8705 6.15451 22
    endloop
  endfacet
  facet normal 0.733076 0.680147 0
    outer loop
      vertex -47.8705 6.15451 168
      vertex -48.4787 6.81004 33
      vertex -48.4787 6.81004 168
    endloop
  endfacet
  facet normal 0.733076 0.680147 0
    outer loop
      vertex -48.4787 6.81004 33
      vertex -47.8705 6.15451 168
      vertex -47.8705 6.15451 33
    endloop
  endfacet
  facet normal 0.733076 0.680147 -0
    outer loop
      vertex -47.8705 6.15451 22
      vertex -48.4787 6.81004 26.5383
      vertex -47.8705 6.15451 27.6332
    endloop
  endfacet
  facet normal 0.733076 0.680147 0
    outer loop
      vertex -48.4787 6.81004 26.5383
      vertex -47.8705 6.15451 22
      vertex -48.4787 6.81004 22
    endloop
  endfacet
  facet normal 0.900971 0.433879 0
    outer loop
      vertex -48.4787 6.81004 168
      vertex -48.8667 7.61574 33
      vertex -48.8667 7.61574 168
    endloop
  endfacet
  facet normal 0.900971 0.433879 0
    outer loop
      vertex -48.8667 7.61574 33
      vertex -48.4787 6.81004 168
      vertex -48.4787 6.81004 33
    endloop
  endfacet
  facet normal 0.900978 0.433865 0
    outer loop
      vertex -48.5 6.85424 26.5
      vertex -48.8667 7.61574 22
      vertex -48.8667 7.61574 26.5
    endloop
  endfacet
  facet normal 0.900854 0.434122 -0
    outer loop
      vertex -48.4787 6.81004 22
      vertex -48.5 6.85424 26.5
      vertex -48.4787 6.81004 26.5383
    endloop
  endfacet
  facet normal 0.900971 0.433879 2.93477e-06
    outer loop
      vertex -48.5 6.85424 26.5
      vertex -48.4787 6.81004 22
      vertex -48.8667 7.61574 22
    endloop
  endfacet
  facet normal 0.988828 0.149063 0
    outer loop
      vertex -48.8667 7.61574 168
      vertex -49 8.5 33
      vertex -49 8.5 168
    endloop
  endfacet
  facet normal 0.988828 0.149063 0
    outer loop
      vertex -49 8.5 33
      vertex -48.8667 7.61574 168
      vertex -48.8667 7.61574 33
    endloop
  endfacet
  facet normal 0.988828 0.149063 0
    outer loop
      vertex -48.8667 7.61574 26.5
      vertex -49 8.5 22
      vertex -49 8.5 26.5
    endloop
  endfacet
  facet normal 0.988828 0.149063 0
    outer loop
      vertex -49 8.5 22
      vertex -48.8667 7.61574 26.5
      vertex -48.8667 7.61574 22
    endloop
  endfacet
  facet normal 0.982562 -0.185934 0
    outer loop
      vertex -49 72.5 168
      vertex -48.7926 73.596 33
      vertex -48.7926 73.596 168
    endloop
  endfacet
  facet normal 0.982562 -0.185934 0
    outer loop
      vertex -48.7926 73.596 33
      vertex -49 72.5 168
      vertex -49 72.5 33
    endloop
  endfacet
  facet normal 0.982562 -0.185934 0
    outer loop
      vertex -49 72.5 26.5
      vertex -48.7926 73.596 22
      vertex -48.7926 73.596 26.5
    endloop
  endfacet
  facet normal 0.982562 -0.185934 0
    outer loop
      vertex -48.7926 73.596 22
      vertex -49 72.5 26.5
      vertex -49 72.5 22
    endloop
  endfacet
  facet normal 0.866053 -0.499952 0
    outer loop
      vertex -48.7926 73.596 168
      vertex -48.3455 74.3705 33
      vertex -48.3455 74.3705 168
    endloop
  endfacet
  facet normal 0.866053 -0.499952 0
    outer loop
      vertex -48.3455 74.3705 33
      vertex -48.7926 73.596 168
      vertex -48.7926 73.596 33
    endloop
  endfacet
  facet normal 0.866024 -0.500003 0
    outer loop
      vertex -48.5 74.1029 26.5
      vertex -48.3455 74.3705 22
      vertex -48.3455 74.3705 26.7781
    endloop
  endfacet
  facet normal 0.866069 -0.499925 0
    outer loop
      vertex -48.7926 73.596 22
      vertex -48.5 74.1029 26.5
      vertex -48.7926 73.596 26.5
    endloop
  endfacet
  facet normal 0.866053 -0.499952 4.04792e-06
    outer loop
      vertex -48.5 74.1029 26.5
      vertex -48.7926 73.596 22
      vertex -48.3455 74.3705 22
    endloop
  endfacet
  facet normal 0.680164 -0.73306 0
    outer loop
      vertex -48.3455 74.3705 33
      vertex -47.69 74.9787 168
      vertex -48.3455 74.3705 168
    endloop
  endfacet
  facet normal 0.680164 -0.73306 0
    outer loop
      vertex -47.69 74.9787 168
      vertex -48.3455 74.3705 33
      vertex -47.69 74.9787 33
    endloop
  endfacet
  facet normal 0.680164 -0.73306 0
    outer loop
      vertex -47.69 74.9787 22
      vertex -48.3455 74.3705 26.7781
      vertex -48.3455 74.3705 22
    endloop
  endfacet
  facet normal 0.680164 -0.73306 0
    outer loop
      vertex -48.3455 74.3705 26.7781
      vertex -47.69 74.9787 22
      vertex -47.69 74.9787 27.9581
    endloop
  endfacet
  facet normal 0.433877 -0.900972 0
    outer loop
      vertex -46.8843 75.3667 0
      vertex -46.8843 75.3667 3.69443
      vertex -47.5 75.0702 0
    endloop
  endfacet
  facet normal 0.433879 -0.900971 0
    outer loop
      vertex -47.69 74.9787 33
      vertex -46.8843 75.3667 168
      vertex -47.69 74.9787 168
    endloop
  endfacet
  facet normal 0.433879 -0.900971 0
    outer loop
      vertex -46.8843 75.3667 168
      vertex -47.69 74.9787 33
      vertex -46.8843 75.3667 33
    endloop
  endfacet
  facet normal 0.433879 -0.900971 0
    outer loop
      vertex -46.8843 75.3667 22
      vertex -47.69 74.9787 27.9581
      vertex -47.69 74.9787 22
    endloop
  endfacet
  facet normal 0.433879 -0.900971 0
    outer loop
      vertex -47.69 74.9787 27.9581
      vertex -46.8843 75.3667 22
      vertex -46.8843 75.3667 29.4083
    endloop
  endfacet
  facet normal 0.149057 -0.988829 0
    outer loop
      vertex -46 75.5 0
      vertex -46.8843 75.3667 3.69443
      vertex -46.8843 75.3667 0
    endloop
  endfacet
  facet normal 0.149057 -0.988829 0
    outer loop
      vertex -46.8843 75.3667 3.69443
      vertex -46 75.5 0
      vertex -46 75.5 9
    endloop
  endfacet
  facet normal 0.149057 -0.988829 0
    outer loop
      vertex -46.8843 75.3667 33
      vertex -46 75.5 168
      vertex -46.8843 75.3667 168
    endloop
  endfacet
  facet normal 0.149057 -0.988829 0
    outer loop
      vertex -46 75.5 168
      vertex -46.8843 75.3667 33
      vertex -46 75.5 33
    endloop
  endfacet
  facet normal 0.149057 -0.988829 0
    outer loop
      vertex -46 75.5 22
      vertex -46.8843 75.3667 29.4083
      vertex -46.8843 75.3667 22
    endloop
  endfacet
  facet normal 0.149057 -0.988829 0
    outer loop
      vertex -46.8843 75.3667 29.4083
      vertex -46 75.5 22
      vertex -46 75.5 31
    endloop
  endfacet
  facet normal -0.185934 -0.982562 0
    outer loop
      vertex 46 75.5 0
      vertex 47.096 75.2926 2.42386
      vertex 46 75.5 9
    endloop
  endfacet
  facet normal -0.185934 -0.982562 -0
    outer loop
      vertex 47.096 75.2926 2.42386
      vertex 46 75.5 0
      vertex 47.096 75.2926 0
    endloop
  endfacet
  facet normal -0.185934 -0.982562 0
    outer loop
      vertex 46 75.5 33
      vertex 47.096 75.2926 168
      vertex 46 75.5 168
    endloop
  endfacet
  facet normal -0.185934 -0.982562 -0
    outer loop
      vertex 47.096 75.2926 168
      vertex 46 75.5 33
      vertex 47.096 75.2926 33
    endloop
  endfacet
  facet normal -0.185934 -0.982562 0
    outer loop
      vertex 46 75.5 22
      vertex 47.096 75.2926 29.0272
      vertex 46 75.5 31
    endloop
  endfacet
  facet normal -0.185934 -0.982562 -0
    outer loop
      vertex 47.096 75.2926 29.0272
      vertex 46 75.5 22
      vertex 47.096 75.2926 22
    endloop
  endfacet
  facet normal -0.49992 -0.866071 0
    outer loop
      vertex 47.5 75.0594 0
      vertex 47.096 75.2926 2.42386
      vertex 47.096 75.2926 0
    endloop
  endfacet
  facet normal -0.499952 -0.866053 0
    outer loop
      vertex 47.096 75.2926 33
      vertex 47.8705 74.8455 168
      vertex 47.096 75.2926 168
    endloop
  endfacet
  facet normal -0.499952 -0.866053 -0
    outer loop
      vertex 47.8705 74.8455 168
      vertex 47.096 75.2926 33
      vertex 47.8705 74.8455 33
    endloop
  endfacet
  facet normal -0.499952 -0.866053 0
    outer loop
      vertex 47.096 75.2926 22
      vertex 47.8705 74.8455 27.6332
      vertex 47.096 75.2926 29.0272
    endloop
  endfacet
  facet normal -0.499952 -0.866053 -0
    outer loop
      vertex 47.8705 74.8455 27.6332
      vertex 47.096 75.2926 22
      vertex 47.8705 74.8455 22
    endloop
  endfacet
  facet normal -0.73306 -0.680164 0
    outer loop
      vertex 48.4787 74.19 33
      vertex 47.8705 74.8455 168
      vertex 47.8705 74.8455 33
    endloop
  endfacet
  facet normal -0.73306 -0.680164 0
    outer loop
      vertex 47.8705 74.8455 168
      vertex 48.4787 74.19 33
      vertex 48.4787 74.19 168
    endloop
  endfacet
  facet normal -0.73306 -0.680164 -0
    outer loop
      vertex 48.4787 74.19 26.5383
      vertex 47.8705 74.8455 22
      vertex 48.4787 74.19 22
    endloop
  endfacet
  facet normal -0.73306 -0.680164 0
    outer loop
      vertex 47.8705 74.8455 22
      vertex 48.4787 74.19 26.5383
      vertex 47.8705 74.8455 27.6332
    endloop
  endfacet
  facet normal -0.900971 -0.433879 0
    outer loop
      vertex 48.8667 73.3843 33
      vertex 48.4787 74.19 168
      vertex 48.4787 74.19 33
    endloop
  endfacet
  facet normal -0.900971 -0.433879 0
    outer loop
      vertex 48.4787 74.19 168
      vertex 48.8667 73.3843 33
      vertex 48.8667 73.3843 168
    endloop
  endfacet
  facet normal -0.900854 -0.434122 0
    outer loop
      vertex 48.4787 74.19 22
      vertex 48.5 74.1458 26.5
      vertex 48.4787 74.19 26.5383
    endloop
  endfacet
  facet normal -0.900971 -0.433879 2.93477e-06
    outer loop
      vertex 48.8667 73.3843 22
      vertex 48.5 74.1458 26.5
      vertex 48.4787 74.19 22
    endloop
  endfacet
  facet normal -0.900978 -0.433865 0
    outer loop
      vertex 48.5 74.1458 26.5
      vertex 48.8667 73.3843 22
      vertex 48.8667 73.3843 26.5
    endloop
  endfacet
  facet normal -0.988829 -0.149057 0
    outer loop
      vertex 49 72.5 33
      vertex 48.8667 73.3843 168
      vertex 48.8667 73.3843 33
    endloop
  endfacet
  facet normal -0.988829 -0.149057 0
    outer loop
      vertex 48.8667 73.3843 168
      vertex 49 72.5 33
      vertex 49 72.5 168
    endloop
  endfacet
  facet normal -0.988829 -0.149057 0
    outer loop
      vertex 49 72.5 22
      vertex 48.8667 73.3843 26.5
      vertex 48.8667 73.3843 22
    endloop
  endfacet
  facet normal -0.988829 -0.149057 0
    outer loop
      vertex 48.8667 73.3843 26.5
      vertex 49 72.5 22
      vertex 49 72.5 26.5
    endloop
  endfacet
  facet normal -0.982563 0.18593 0
    outer loop
      vertex 48.7926 7.40398 33
      vertex 49 8.5 168
      vertex 49 8.5 33
    endloop
  endfacet
  facet normal -0.982563 0.18593 0
    outer loop
      vertex 49 8.5 168
      vertex 48.7926 7.40398 33
      vertex 48.7926 7.40398 168
    endloop
  endfacet
  facet normal -0.982563 0.18593 0
    outer loop
      vertex 48.7926 7.40398 22
      vertex 49 8.5 26.5
      vertex 49 8.5 22
    endloop
  endfacet
  facet normal -0.982563 0.18593 0
    outer loop
      vertex 49 8.5 26.5
      vertex 48.7926 7.40398 22
      vertex 48.7926 7.40398 26.5
    endloop
  endfacet
  facet normal -0.866039 0.499976 0
    outer loop
      vertex 48.3455 6.62953 33
      vertex 48.7926 7.40398 168
      vertex 48.7926 7.40398 33
    endloop
  endfacet
  facet normal -0.866039 0.499976 0
    outer loop
      vertex 48.7926 7.40398 168
      vertex 48.3455 6.62953 33
      vertex 48.3455 6.62953 168
    endloop
  endfacet
  facet normal -0.866039 0.499976 0
    outer loop
      vertex 48.7926 7.40398 22
      vertex 48.5 6.89715 26.5
      vertex 48.7926 7.40398 26.5
    endloop
  endfacet
  facet normal -0.866039 0.499976 -9.36857e-08
    outer loop
      vertex 48.3455 6.62953 22
      vertex 48.5 6.89715 26.5
      vertex 48.7926 7.40398 22
    endloop
  endfacet
  facet normal -0.86604 0.499975 0
    outer loop
      vertex 48.5 6.89715 26.5
      vertex 48.3455 6.62953 22
      vertex 48.3455 6.62953 26.7781
    endloop
  endfacet
  facet normal -0.680188 0.733038 0
    outer loop
      vertex 48.3455 6.62953 33
      vertex 47.69 6.02129 168
      vertex 48.3455 6.62953 168
    endloop
  endfacet
  facet normal -0.680188 0.733038 0
    outer loop
      vertex 47.69 6.02129 168
      vertex 48.3455 6.62953 33
      vertex 47.69 6.02129 33
    endloop
  endfacet
  facet normal -0.680188 0.733038 0
    outer loop
      vertex 47.69 6.02129 22
      vertex 48.3455 6.62953 26.7781
      vertex 48.3455 6.62953 22
    endloop
  endfacet
  facet normal -0.680188 0.733038 0
    outer loop
      vertex 48.3455 6.62953 26.7781
      vertex 47.69 6.02129 22
      vertex 47.69 6.02129 27.9581
    endloop
  endfacet
  facet normal -0.433901 0.900961 0
    outer loop
      vertex 46.8843 5.63329 3.69443
      vertex 47.5 5.92981 0
      vertex 46.8843 5.63329 0
    endloop
  endfacet
  facet normal -0.433879 0.900971 0
    outer loop
      vertex 47.69 6.02129 33
      vertex 46.8843 5.63329 168
      vertex 47.69 6.02129 168
    endloop
  endfacet
  facet normal -0.433879 0.900971 0
    outer loop
      vertex 46.8843 5.63329 168
      vertex 47.69 6.02129 33
      vertex 46.8843 5.63329 33
    endloop
  endfacet
  facet normal -0.433879 0.900971 0
    outer loop
      vertex 46.8843 5.63329 22
      vertex 47.69 6.02129 27.9581
      vertex 47.69 6.02129 22
    endloop
  endfacet
  facet normal -0.433879 0.900971 0
    outer loop
      vertex 47.69 6.02129 27.9581
      vertex 46.8843 5.63329 22
      vertex 46.8843 5.63329 29.4083
    endloop
  endfacet
  facet normal -0.149046 0.98883 0
    outer loop
      vertex 46 5.5 0
      vertex 46.8843 5.63329 3.69443
      vertex 46.8843 5.63329 0
    endloop
  endfacet
  facet normal -0.149046 0.98883 0
    outer loop
      vertex 46.8843 5.63329 3.69443
      vertex 46 5.5 0
      vertex 46 5.5 9
    endloop
  endfacet
  facet normal -0.149046 0.98883 0
    outer loop
      vertex 46.8843 5.63329 168
      vertex 46 5.5 75.0064
      vertex 46 5.5 168
    endloop
  endfacet
  facet normal -0.14901 0.988836 -3.43263e-07
    outer loop
      vertex 46.8843 5.63329 168
      vertex 46.1732 5.5261 74.9842
      vertex 46 5.5 75.0064
    endloop
  endfacet
  facet normal -0.149414 0.988775 2.81388e-06
    outer loop
      vertex 46.8843 5.63329 168
      vertex 46.1777 5.52678 74.9833
      vertex 46.1732 5.5261 74.9842
    endloop
  endfacet
  facet normal -0.149067 0.988827 1.1673e-07
    outer loop
      vertex 46.8843 5.63329 168
      vertex 46.6634 5.6 74.8424
      vertex 46.1777 5.52678 74.9833
    endloop
  endfacet
  facet normal -0.149019 0.988834 0
    outer loop
      vertex 46.8843 5.63329 33
      vertex 46.6634 5.6 74.8424
      vertex 46.8843 5.63329 168
    endloop
  endfacet
  facet normal -0.149019 0.988834 0
    outer loop
      vertex 46.6634 5.6 74.8424
      vertex 46.8843 5.63329 33
      vertex 46.6634 5.6 33
    endloop
  endfacet
  facet normal -0.149019 0.988834 0
    outer loop
      vertex 46.6634 5.6 22
      vertex 46.8843 5.63329 29.4083
      vertex 46.8843 5.63329 22
    endloop
  endfacet
  facet normal -0.149019 0.988834 0
    outer loop
      vertex 46.8843 5.63329 29.4083
      vertex 46.6634 5.6 22
      vertex 46.6634 5.6 29.8058
    endloop
  endfacet
  facet normal 0.365343 0 -0.930873
    outer loop
      vertex 70.7685 2.5 0.266556
      vertex 71.6033 5.5 0.594193
      vertex 71.6033 2.5 0.594193
    endloop
  endfacet
  facet normal 0.365343 0 -0.930873
    outer loop
      vertex 71.6033 5.5 0.594193
      vertex 70.7685 2.5 0.266556
      vertex 70.7685 5.5 0.266556
    endloop
  endfacet
  facet normal 0.22253 0 -0.974926
    outer loop
      vertex 69.8943 2.5 0.0670166
      vertex 70.7685 5.5 0.266556
      vertex 70.7685 2.5 0.266556
    endloop
  endfacet
  facet normal 0.22253 0 -0.974926
    outer loop
      vertex 70.7685 5.5 0.266556
      vertex 69.8943 2.5 0.0670166
      vertex 69.8943 5.5 0.0670166
    endloop
  endfacet
  facet normal 0.997203 -0 0.0747345
    outer loop
      vertex 74.933 2.5 126.894
      vertex 75 5.5 126
      vertex 74.933 5.5 126.894
    endloop
  endfacet
  facet normal 0.997203 0 0.0747345
    outer loop
      vertex 75 5.5 126
      vertex 74.933 2.5 126.894
      vertex 75 2.5 126
    endloop
  endfacet
  facet normal 0.781793 -0 0.623538
    outer loop
      vertex 73.3983 2.5 130.081
      vertex 73.9574 5.5 129.38
      vertex 73.3983 5.5 130.081
    endloop
  endfacet
  facet normal 0.781793 0 0.623538
    outer loop
      vertex 73.9574 5.5 129.38
      vertex 73.3983 2.5 130.081
      vertex 73.9574 2.5 129.38
    endloop
  endfacet
  facet normal 0.074728 0 -0.997204
    outer loop
      vertex 69 2.5 0
      vertex 69.8943 5.5 0.0670166
      vertex 69.8943 2.5 0.0670166
    endloop
  endfacet
  facet normal 0.074728 0 -0.997204
    outer loop
      vertex 69.8943 5.5 0.0670166
      vertex 69 2.5 0
      vertex 69 5.5 0
    endloop
  endfacet
  facet normal -0.866014 0 -0.50002
    outer loop
      vertex -73.9574 2.5 2.62009
      vertex -74.4058 5.5 3.3967
      vertex -73.9574 5.5 2.62009
    endloop
  endfacet
  facet normal -0.866014 -0 -0.50002
    outer loop
      vertex -74.4058 5.5 3.3967
      vertex -73.9574 2.5 2.62009
      vertex -74.4058 2.5 3.3967
    endloop
  endfacet
  facet normal -0.111969 0 -0.993712
    outer loop
      vertex -70.3351 2.5 0.150436
      vertex -69 5.5 0
      vertex -69 2.5 0
    endloop
  endfacet
  facet normal -0.111969 0 -0.993712
    outer loop
      vertex -69 5.5 0
      vertex -70.3351 2.5 0.150436
      vertex -70.3351 5.5 0.150436
    endloop
  endfacet
  facet normal -0.955557 0 0.294807
    outer loop
      vertex -74.8496 2.5 127.335
      vertex -74.5852 5.5 128.192
      vertex -74.8496 5.5 127.335
    endloop
  endfacet
  facet normal -0.955557 0 0.294807
    outer loop
      vertex -74.5852 5.5 128.192
      vertex -74.8496 2.5 127.335
      vertex -74.5852 2.5 128.192
    endloop
  endfacet
  facet normal 0.955549 0 -0.294832
    outer loop
      vertex 74.8496 2.5 4.66487
      vertex 74.5852 5.5 3.80795
      vertex 74.8496 5.5 4.66487
    endloop
  endfacet
  facet normal 0.955549 0 -0.294832
    outer loop
      vertex 74.5852 5.5 3.80795
      vertex 74.8496 2.5 4.66487
      vertex 74.5852 2.5 3.80795
    endloop
  endfacet
  facet normal 0.930768 -0 0.365611
    outer loop
      vertex 74.4058 2.5 128.603
      vertex 74.7334 5.5 127.769
      vertex 74.4058 5.5 128.603
    endloop
  endfacet
  facet normal 0.930768 0 0.365611
    outer loop
      vertex 74.7334 5.5 127.769
      vertex 74.4058 2.5 128.603
      vertex 74.7334 2.5 127.769
    endloop
  endfacet
  facet normal -0.433858 0 -0.900981
    outer loop
      vertex -72 2.5 0.803848
      vertex -71.192 5.5 0.414764
      vertex -71.192 2.5 0.414764
    endloop
  endfacet
  facet normal -0.433858 0 -0.900981
    outer loop
      vertex -71.192 5.5 0.414764
      vertex -72 2.5 0.803848
      vertex -72 5.5 0.803848
    endloop
  endfacet
  facet normal -0.623416 0 0.781891
    outer loop
      vertex -73.081 5.5 130.398
      vertex -72.3799 2.5 130.957
      vertex -72.3799 5.5 130.957
    endloop
  endfacet
  facet normal -0.623416 0 0.781891
    outer loop
      vertex -72.3799 2.5 130.957
      vertex -73.081 5.5 130.398
      vertex -73.081 2.5 130.398
    endloop
  endfacet
  facet normal -0.500526 0 0.865721
    outer loop
      vertex -72.3799 5.5 130.957
      vertex -71.6033 2.5 131.406
      vertex -71.6033 5.5 131.406
    endloop
  endfacet
  facet normal -0.500526 0 0.865721
    outer loop
      vertex -71.6033 2.5 131.406
      vertex -72.3799 5.5 130.957
      vertex -72.3799 2.5 130.957
    endloop
  endfacet
  facet normal -0.0747096 0 0.997205
    outer loop
      vertex -69.8943 5.5 131.933
      vertex -69 2.5 132
      vertex -69 5.5 132
    endloop
  endfacet
  facet normal -0.0747096 0 0.997205
    outer loop
      vertex -69 2.5 132
      vertex -69.8943 5.5 131.933
      vertex -69.8943 2.5 131.933
    endloop
  endfacet
  facet normal 1 -0 0
    outer loop
      vertex 75 2.5 126
      vertex 75 5.5 6
      vertex 75 5.5 126
    endloop
  endfacet
  facet normal 1 0 0
    outer loop
      vertex 75 5.5 6
      vertex 75 2.5 126
      vertex 75 2.5 6
    endloop
  endfacet
  facet normal -1 0 0
    outer loop
      vertex -75 2.5 6
      vertex -75 5.5 126
      vertex -75 5.5 6
    endloop
  endfacet
  facet normal -1 -0 0
    outer loop
      vertex -75 5.5 126
      vertex -75 2.5 6
      vertex -75 2.5 126
    endloop
  endfacet
  facet normal 0.295449 0 0.955359
    outer loop
      vertex 70.3351 5.5 131.85
      vertex 71.192 2.5 131.585
      vertex 71.192 5.5 131.585
    endloop
  endfacet
  facet normal 0.295449 0 0.955359
    outer loop
      vertex 71.192 2.5 131.585
      vertex 70.3351 5.5 131.85
      vertex 70.3351 2.5 131.85
    endloop
  endfacet
  facet normal 0.623491 0 -0.781831
    outer loop
      vertex 72.3799 2.5 1.04257
      vertex 73.081 5.5 1.60168
      vertex 73.081 2.5 1.60168
    endloop
  endfacet
  facet normal 0.623491 0 -0.781831
    outer loop
      vertex 73.081 5.5 1.60168
      vertex 72.3799 2.5 1.04257
      vertex 72.3799 5.5 1.04257
    endloop
  endfacet
  facet normal -0.781849 0 -0.623468
    outer loop
      vertex -73.3983 2.5 1.91896
      vertex -73.9574 5.5 2.62009
      vertex -73.3983 5.5 1.91896
    endloop
  endfacet
  facet normal -0.781849 -0 -0.623468
    outer loop
      vertex -73.9574 5.5 2.62009
      vertex -73.3983 2.5 1.91896
      vertex -73.9574 2.5 2.62009
    endloop
  endfacet
  facet normal -0.294765 0 -0.95557
    outer loop
      vertex -71.192 2.5 0.414764
      vertex -70.3351 5.5 0.150436
      vertex -70.3351 2.5 0.150436
    endloop
  endfacet
  facet normal -0.294765 0 -0.95557
    outer loop
      vertex -70.3351 5.5 0.150436
      vertex -71.192 2.5 0.414764
      vertex -71.192 5.5 0.414764
    endloop
  endfacet
  facet normal 0.433782 0 0.901018
    outer loop
      vertex 71.192 5.5 131.585
      vertex 72 2.5 131.196
      vertex 72 5.5 131.196
    endloop
  endfacet
  facet normal 0.433782 0 0.901018
    outer loop
      vertex 72 2.5 131.196
      vertex 71.192 5.5 131.585
      vertex 71.192 2.5 131.585
    endloop
  endfacet
  facet normal -0.732833 0 0.680408
    outer loop
      vertex -73.691 2.5 129.741
      vertex -73.081 5.5 130.398
      vertex -73.691 5.5 129.741
    endloop
  endfacet
  facet normal -0.732833 0 0.680408
    outer loop
      vertex -73.081 5.5 130.398
      vertex -73.691 2.5 129.741
      vertex -73.081 2.5 130.398
    endloop
  endfacet
  facet normal 0.901007 0 -0.433804
    outer loop
      vertex 74.5852 2.5 3.80795
      vertex 74.1962 5.5 3
      vertex 74.5852 5.5 3.80795
    endloop
  endfacet
  facet normal 0.901007 0 -0.433804
    outer loop
      vertex 74.1962 5.5 3
      vertex 74.5852 2.5 3.80795
      vertex 74.1962 2.5 3
    endloop
  endfacet
  facet normal -0.680156 0 -0.733067
    outer loop
      vertex -73.3983 2.5 1.91896
      vertex -72.7409 5.5 1.30901
      vertex -72.7409 2.5 1.30901
    endloop
  endfacet
  facet normal -0.680156 0 -0.733067
    outer loop
      vertex -72.7409 5.5 1.30901
      vertex -73.3983 2.5 1.91896
      vertex -73.3983 5.5 1.91896
    endloop
  endfacet
  facet normal -0 0 1
    outer loop
      vertex 51.8613 5.5 132
      vertex 69 2.5 132
      vertex 69 5.5 132
    endloop
  endfacet
  facet normal -0 0 1
    outer loop
      vertex 51.6039 4.76447 132
      vertex 69 2.5 132
      vertex 51.8613 5.5 132
    endloop
  endfacet
  facet normal -0 0 1
    outer loop
      vertex 51.1273 4.00604 132
      vertex 69 2.5 132
      vertex 51.6039 4.76447 132
    endloop
  endfacet
  facet normal -0 0 1
    outer loop
      vertex 50.494 3.37268 132
      vertex 69 2.5 132
      vertex 51.1273 4.00604 132
    endloop
  endfacet
  facet normal -0 0 1
    outer loop
      vertex 49.7355 2.89612 132
      vertex 69 2.5 132
      vertex 50.494 3.37268 132
    endloop
  endfacet
  facet normal -0 0 1
    outer loop
      vertex 48.8901 2.60028 132
      vertex 69 2.5 132
      vertex 49.7355 2.89612 132
    endloop
  endfacet
  facet normal 0 0 1
    outer loop
      vertex 69 2.5 132
      vertex 48.8901 2.60028 132
      vertex 48 2.5 132
    endloop
  endfacet
  facet normal 0 0 1
    outer loop
      vertex -69 2.5 132
      vertex -51.8613 5.5 132
      vertex -69 5.5 132
    endloop
  endfacet
  facet normal 0 0 1
    outer loop
      vertex -51.8613 5.5 132
      vertex -69 2.5 132
      vertex -51.6039 4.76447 132
    endloop
  endfacet
  facet normal 0 0 1
    outer loop
      vertex -51.6039 4.76447 132
      vertex -69 2.5 132
      vertex -51.1273 4.00604 132
    endloop
  endfacet
  facet normal 0 0 1
    outer loop
      vertex -51.1273 4.00604 132
      vertex -69 2.5 132
      vertex -50.494 3.37268 132
    endloop
  endfacet
  facet normal 0 0 1
    outer loop
      vertex -50.494 3.37268 132
      vertex -69 2.5 132
      vertex -49.7355 2.89612 132
    endloop
  endfacet
  facet normal 0 0 1
    outer loop
      vertex -48.8901 2.60028 132
      vertex -69 2.5 132
      vertex -48 2.5 132
    endloop
  endfacet
  facet normal 0 0 1
    outer loop
      vertex -49.7355 2.89612 132
      vertex -69 2.5 132
      vertex -48.8901 2.60028 132
    endloop
  endfacet
  facet normal 0.680186 0 0.73304
    outer loop
      vertex 72.7409 5.5 130.691
      vertex 73.3983 2.5 130.081
      vertex 73.3983 5.5 130.081
    endloop
  endfacet
  facet normal 0.680186 0 0.73304
    outer loop
      vertex 73.3983 2.5 130.081
      vertex 72.7409 5.5 130.691
      vertex 72.7409 2.5 130.691
    endloop
  endfacet
  facet normal 0.993715 0 -0.11194
    outer loop
      vertex 75 2.5 6
      vertex 74.8496 5.5 4.66487
      vertex 75 5.5 6
    endloop
  endfacet
  facet normal 0.993715 0 -0.11194
    outer loop
      vertex 74.8496 5.5 4.66487
      vertex 75 2.5 6
      vertex 74.8496 2.5 4.66487
    endloop
  endfacet
  facet normal -0.364727 0 0.931114
    outer loop
      vertex -71.6033 5.5 131.406
      vertex -70.7685 2.5 131.733
      vertex -70.7685 5.5 131.733
    endloop
  endfacet
  facet normal -0.364727 0 0.931114
    outer loop
      vertex -70.7685 2.5 131.733
      vertex -71.6033 5.5 131.406
      vertex -71.6033 2.5 131.406
    endloop
  endfacet
  facet normal -0.930884 0 -0.365315
    outer loop
      vertex -74.4058 2.5 3.3967
      vertex -74.7334 5.5 4.23148
      vertex -74.4058 5.5 3.3967
    endloop
  endfacet
  facet normal -0.930884 -0 -0.365315
    outer loop
      vertex -74.7334 5.5 4.23148
      vertex -74.4058 2.5 3.3967
      vertex -74.7334 2.5 4.23148
    endloop
  endfacet
  facet normal -0.993714 0 0.111951
    outer loop
      vertex -75 2.5 126
      vertex -74.8496 5.5 127.335
      vertex -75 5.5 126
    endloop
  endfacet
  facet normal -0.993714 0 0.111951
    outer loop
      vertex -74.8496 5.5 127.335
      vertex -75 2.5 126
      vertex -74.8496 2.5 127.335
    endloop
  endfacet
  facet normal 0.563216 0 0.82631
    outer loop
      vertex 72 5.5 131.196
      vertex 72.7409 2.5 130.691
      vertex 72.7409 5.5 130.691
    endloop
  endfacet
  facet normal 0.563216 0 0.82631
    outer loop
      vertex 72.7409 2.5 130.691
      vertex 72 5.5 131.196
      vertex 72 2.5 131.196
    endloop
  endfacet
  facet normal -0.223019 0 0.974814
    outer loop
      vertex -70.7685 5.5 131.733
      vertex -69.8943 2.5 131.933
      vertex -69.8943 5.5 131.933
    endloop
  endfacet
  facet normal -0.223019 0 0.974814
    outer loop
      vertex -69.8943 2.5 131.933
      vertex -70.7685 5.5 131.733
      vertex -70.7685 2.5 131.733
    endloop
  endfacet
  facet normal -0.901018 0 0.433782
    outer loop
      vertex -74.5852 2.5 128.192
      vertex -74.1962 5.5 129
      vertex -74.5852 5.5 128.192
    endloop
  endfacet
  facet normal -0.901018 0 0.433782
    outer loop
      vertex -74.1962 5.5 129
      vertex -74.5852 2.5 128.192
      vertex -74.1962 2.5 129
    endloop
  endfacet
  facet normal 0.974955 -0 0.222401
    outer loop
      vertex 74.7334 2.5 127.769
      vertex 74.933 5.5 126.894
      vertex 74.7334 5.5 127.769
    endloop
  endfacet
  facet normal 0.974955 0 0.222401
    outer loop
      vertex 74.933 5.5 126.894
      vertex 74.7334 2.5 127.769
      vertex 74.933 2.5 126.894
    endloop
  endfacet
  facet normal -0.826241 0 0.563316
    outer loop
      vertex -74.1962 2.5 129
      vertex -73.691 5.5 129.741
      vertex -74.1962 5.5 129
    endloop
  endfacet
  facet normal -0.826241 0 0.563316
    outer loop
      vertex -73.691 5.5 129.741
      vertex -74.1962 2.5 129
      vertex -73.691 2.5 129.741
    endloop
  endfacet
  facet normal -0.563339 0 -0.826226
    outer loop
      vertex -72.7409 2.5 1.30901
      vertex -72 5.5 0.803848
      vertex -72 2.5 0.803848
    endloop
  endfacet
  facet normal -0.563339 0 -0.826226
    outer loop
      vertex -72 5.5 0.803848
      vertex -72.7409 2.5 1.30901
      vertex -72.7409 5.5 1.30901
    endloop
  endfacet
  facet normal 0.111649 0 0.993748
    outer loop
      vertex 69 5.5 132
      vertex 70.3351 2.5 131.85
      vertex 70.3351 5.5 131.85
    endloop
  endfacet
  facet normal 0.111649 0 0.993748
    outer loop
      vertex 70.3351 2.5 131.85
      vertex 69 5.5 132
      vertex 69 2.5 132
    endloop
  endfacet
  facet normal -0.997205 0 -0.0747129
    outer loop
      vertex -74.933 2.5 5.10574
      vertex -75 5.5 6
      vertex -74.933 5.5 5.10574
    endloop
  endfacet
  facet normal -0.997205 -0 -0.0747129
    outer loop
      vertex -75 5.5 6
      vertex -74.933 2.5 5.10574
      vertex -75 2.5 6
    endloop
  endfacet
  facet normal -0.974914 0 -0.22258
    outer loop
      vertex -74.7334 2.5 4.23148
      vertex -74.933 5.5 5.10574
      vertex -74.7334 5.5 4.23148
    endloop
  endfacet
  facet normal -0.974914 -0 -0.22258
    outer loop
      vertex -74.933 5.5 5.10574
      vertex -74.7334 2.5 4.23148
      vertex -74.933 2.5 5.10574
    endloop
  endfacet
  facet normal 0.866122 -0 0.499832
    outer loop
      vertex 73.9574 2.5 129.38
      vertex 74.4058 5.5 128.603
      vertex 73.9574 5.5 129.38
    endloop
  endfacet
  facet normal 0.866122 0 0.499832
    outer loop
      vertex 74.4058 5.5 128.603
      vertex 73.9574 2.5 129.38
      vertex 74.4058 2.5 128.603
    endloop
  endfacet
  facet normal 0.733029 0 -0.680197
    outer loop
      vertex 73.691 2.5 2.25906
      vertex 73.081 5.5 1.60168
      vertex 73.691 5.5 2.25906
    endloop
  endfacet
  facet normal 0.733029 0 -0.680197
    outer loop
      vertex 73.081 5.5 1.60168
      vertex 73.691 2.5 2.25906
      vertex 73.081 2.5 1.60168
    endloop
  endfacet
  facet normal 0.82622 0 -0.563347
    outer loop
      vertex 74.1962 2.5 3
      vertex 73.691 5.5 2.25906
      vertex 74.1962 5.5 3
    endloop
  endfacet
  facet normal 0.82622 0 -0.563347
    outer loop
      vertex 73.691 5.5 2.25906
      vertex 74.1962 2.5 3
      vertex 73.691 2.5 2.25906
    endloop
  endfacet
  facet normal 0.500006 0 -0.866022
    outer loop
      vertex 71.6033 2.5 0.594193
      vertex 72.3799 5.5 1.04257
      vertex 72.3799 2.5 1.04257
    endloop
  endfacet
  facet normal 0.500006 0 -0.866022
    outer loop
      vertex 72.3799 5.5 1.04257
      vertex 71.6033 2.5 0.594193
      vertex 71.6033 5.5 0.594193
    endloop
  endfacet
  facet normal 0 -0.967302 -0.253626
    outer loop
      vertex -49 -86.6434 9.79424
      vertex -37 -86.8709 10.6619
      vertex -49 -86.8709 10.6619
    endloop
  endfacet
  facet normal 0 -0.967302 -0.253626
    outer loop
      vertex -37 -86.8709 10.6619
      vertex -49 -86.6434 9.79424
      vertex -37 -86.6434 9.79424
    endloop
  endfacet
  facet normal 0 -0.967302 -0.253626
    outer loop
      vertex 37 -86.6434 9.79424
      vertex 49 -86.8709 10.6619
      vertex 37 -86.8709 10.6619
    endloop
  endfacet
  facet normal 0 -0.967302 -0.253626
    outer loop
      vertex 49 -86.8709 10.6619
      vertex 37 -86.6434 9.79424
      vertex 49 -86.6434 9.79424
    endloop
  endfacet
  facet normal 0 -0.967302 -0.253626
    outer loop
      vertex -33 -86.6434 9.79424
      vertex 33 -86.8709 10.6619
      vertex -33 -86.8709 10.6619
    endloop
  endfacet
  facet normal 0 -0.967302 -0.253626
    outer loop
      vertex 33 -86.8709 10.6619
      vertex -33 -86.6434 9.79424
      vertex 33 -86.6434 9.79424
    endloop
  endfacet
  facet normal 0 0.981575 0.191076
    outer loop
      vertex -37 -73.0575 12.8951
      vertex -49 -73.2289 13.7756
      vertex -37 -73.2289 13.7756
    endloop
  endfacet
  facet normal 0 0.981575 0.191076
    outer loop
      vertex -49 -73.2289 13.7756
      vertex -37 -73.0575 12.8951
      vertex -49 -73.0575 12.8951
    endloop
  endfacet
  facet normal 0 0.981575 0.191076
    outer loop
      vertex 49 -73.0575 12.8951
      vertex 37 -73.2289 13.7756
      vertex 49 -73.2289 13.7756
    endloop
  endfacet
  facet normal 0 0.981575 0.191076
    outer loop
      vertex 37 -73.2289 13.7756
      vertex 49 -73.0575 12.8951
      vertex 37 -73.0575 12.8951
    endloop
  endfacet
  facet normal 0 0.981575 0.191076
    outer loop
      vertex 33 -73.0575 12.8951
      vertex -33 -73.2289 13.7756
      vertex 33 -73.2289 13.7756
    endloop
  endfacet
  facet normal 0 0.981575 0.191076
    outer loop
      vertex -33 -73.2289 13.7756
      vertex 33 -73.0575 12.8951
      vertex -33 -73.0575 12.8951
    endloop
  endfacet
  facet normal 0 -0.99179 -0.127876
    outer loop
      vertex -49 -86.8709 10.6619
      vertex -37 -86.9856 11.5515
      vertex -49 -86.9856 11.5515
    endloop
  endfacet
  facet normal 0 -0.99179 -0.127876
    outer loop
      vertex -37 -86.9856 11.5515
      vertex -49 -86.8709 10.6619
      vertex -37 -86.8709 10.6619
    endloop
  endfacet
  facet normal 0 -0.99179 -0.127876
    outer loop
      vertex 37 -86.8709 10.6619
      vertex 49 -86.9856 11.5515
      vertex 37 -86.9856 11.5515
    endloop
  endfacet
  facet normal 0 -0.99179 -0.127876
    outer loop
      vertex 49 -86.9856 11.5515
      vertex 37 -86.8709 10.6619
      vertex 49 -86.8709 10.6619
    endloop
  endfacet
  facet normal 0 -0.99179 -0.127876
    outer loop
      vertex -33 -86.8709 10.6619
      vertex 33 -86.9856 11.5515
      vertex -33 -86.9856 11.5515
    endloop
  endfacet
  facet normal 0 -0.99179 -0.127876
    outer loop
      vertex 33 -86.9856 11.5515
      vertex -33 -86.8709 10.6619
      vertex 33 -86.8709 10.6619
    endloop
  endfacet
  facet normal 0 -0.15966 0.987172
    outer loop
      vertex -49 -80.6722 18.9677
      vertex 49 -81.5576 18.8245
      vertex 49 -80.6722 18.9677
    endloop
  endfacet
  facet normal 0 -0.15966 0.987172
    outer loop
      vertex 49 -81.5576 18.8245
      vertex -49 -80.6722 18.9677
      vertex -49 -81.5576 18.8245
    endloop
  endfacet
  facet normal 0 -0.284483 0.958681
    outer loop
      vertex -49 -81.5576 18.8245
      vertex 49 -82.4176 18.5693
      vertex 49 -81.5576 18.8245
    endloop
  endfacet
  facet normal 0 -0.284483 0.958681
    outer loop
      vertex 49 -82.4176 18.5693
      vertex -49 -81.5576 18.8245
      vertex -49 -82.4176 18.5693
    endloop
  endfacet
  facet normal 0 -0.871287 0.490775
    outer loop
      vertex -49 -86.3068 15.0372
      vertex -37 -85.8666 15.8187
      vertex -49 -85.8666 15.8187
    endloop
  endfacet
  facet normal 0 -0.871287 0.490775
    outer loop
      vertex -37 -85.8666 15.8187
      vertex -49 -86.3068 15.0372
      vertex -37 -86.3068 15.0372
    endloop
  endfacet
  facet normal 0 -0.871287 0.490775
    outer loop
      vertex 37 -86.3068 15.0372
      vertex 49 -85.8666 15.8187
      vertex 37 -85.8666 15.8187
    endloop
  endfacet
  facet normal 0 -0.871287 0.490775
    outer loop
      vertex 49 -85.8666 15.8187
      vertex 37 -86.3068 15.0372
      vertex 49 -86.3068 15.0372
    endloop
  endfacet
  facet normal 0 -0.871287 0.490775
    outer loop
      vertex -33 -86.3068 15.0372
      vertex 33 -85.8666 15.8187
      vertex -33 -85.8666 15.8187
    endloop
  endfacet
  facet normal 0 -0.871287 0.490775
    outer loop
      vertex 33 -85.8666 15.8187
      vertex -33 -86.3068 15.0372
      vertex 33 -86.3068 15.0372
    endloop
  endfacet
  facet normal 0 0.949039 0.315157
    outer loop
      vertex -37 -73.2289 13.7756
      vertex -49 -73.5116 14.6269
      vertex -37 -73.5116 14.6269
    endloop
  endfacet
  facet normal 0 0.949039 0.315157
    outer loop
      vertex -49 -73.5116 14.6269
      vertex -37 -73.2289 13.7756
      vertex -49 -73.2289 13.7756
    endloop
  endfacet
  facet normal 0 0.949039 0.315157
    outer loop
      vertex 49 -73.2289 13.7756
      vertex 37 -73.5116 14.6269
      vertex 49 -73.5116 14.6269
    endloop
  endfacet
  facet normal 0 0.949039 0.315157
    outer loop
      vertex 37 -73.5116 14.6269
      vertex 49 -73.2289 13.7756
      vertex 37 -73.2289 13.7756
    endloop
  endfacet
  facet normal 0 0.949039 0.315157
    outer loop
      vertex 33 -73.2289 13.7756
      vertex -33 -73.5116 14.6269
      vertex 33 -73.5116 14.6269
    endloop
  endfacet
  facet normal 0 0.949039 0.315157
    outer loop
      vertex -33 -73.5116 14.6269
      vertex 33 -73.2289 13.7756
      vertex -33 -73.2289 13.7756
    endloop
  endfacet
  facet normal 0 -0.926915 0.37527
    outer loop
      vertex 37 -86.6434 14.2058
      vertex 49 -86.3068 15.0372
      vertex 37 -86.3068 15.0372
    endloop
  endfacet
  facet normal 0 -0.926915 0.37527
    outer loop
      vertex 49 -86.3068 15.0372
      vertex 37 -86.6434 14.2058
      vertex 49 -86.6434 14.2058
    endloop
  endfacet
  facet normal 0 -0.926915 0.37527
    outer loop
      vertex -49 -86.6434 14.2058
      vertex -37 -86.3068 15.0372
      vertex -49 -86.3068 15.0372
    endloop
  endfacet
  facet normal 0 -0.926915 0.37527
    outer loop
      vertex -37 -86.3068 15.0372
      vertex -49 -86.6434 14.2058
      vertex -37 -86.6434 14.2058
    endloop
  endfacet
  facet normal 0 -0.926915 0.37527
    outer loop
      vertex -33 -86.6434 14.2058
      vertex 33 -86.3068 15.0372
      vertex -33 -86.3068 15.0372
    endloop
  endfacet
  facet normal 0 -0.926915 0.37527
    outer loop
      vertex 33 -86.3068 15.0372
      vertex -33 -86.6434 14.2058
      vertex 33 -86.6434 14.2058
    endloop
  endfacet
  facet normal 0 -0.518425 0.855123
    outer loop
      vertex -49 -83.2378 18.2062
      vertex 49 -84.0048 17.7412
      vertex 49 -83.2378 18.2062
    endloop
  endfacet
  facet normal 0 -0.518425 0.855123
    outer loop
      vertex 49 -84.0048 17.7412
      vertex -49 -83.2378 18.2062
      vertex -49 -84.0048 17.7412
    endloop
  endfacet
  facet normal 0 0.761416 0.648263
    outer loop
      vertex 49 -74.3901 16.1868
      vertex -49 -74.9716 16.8698
      vertex 49 -74.9716 16.8698
    endloop
  endfacet
  facet normal 0 0.761416 0.648263
    outer loop
      vertex -49 -74.9716 16.8698
      vertex 49 -74.3901 16.1868
      vertex -49 -74.3901 16.1868
    endloop
  endfacet
  facet normal -1 0 0
    outer loop
      vertex -49 -73.0575 11.1049
      vertex -49 -73.0575 12.8951
      vertex -49 -73 12
    endloop
  endfacet
  facet normal -1 0 0
    outer loop
      vertex -49 -73.2289 10.2244
      vertex -49 -73.0575 12.8951
      vertex -49 -73.0575 11.1049
    endloop
  endfacet
  facet normal -1 0 0
    outer loop
      vertex -49 -73.2289 10.2244
      vertex -49 -73.2289 13.7756
      vertex -49 -73.0575 12.8951
    endloop
  endfacet
  facet normal -1 0 0
    outer loop
      vertex -49 -73.5116 9.37313
      vertex -49 -73.2289 13.7756
      vertex -49 -73.2289 10.2244
    endloop
  endfacet
  facet normal -1 0 0
    outer loop
      vertex -49 -73.5116 9.37313
      vertex -49 -73.5116 14.6269
      vertex -49 -73.2289 13.7756
    endloop
  endfacet
  facet normal -1 0 0
    outer loop
      vertex -49 -73.5116 9.37313
      vertex -49 -73.9008 15.435
      vertex -49 -73.5116 14.6269
    endloop
  endfacet
  facet normal -1 0 0
    outer loop
      vertex -49 -73.5116 9.37313
      vertex -49 -74.3901 16.1868
      vertex -49 -73.9008 15.435
    endloop
  endfacet
  facet normal -1 0 0
    outer loop
      vertex -49 -73.5116 9.37313
      vertex -49 -74.9716 16.8698
      vertex -49 -74.3901 16.1868
    endloop
  endfacet
  facet normal -1 0 0
    outer loop
      vertex -49 -73.5116 9.37313
      vertex -49 -75.6356 17.4728
      vertex -49 -74.9716 16.8698
    endloop
  endfacet
  facet normal -1 0 0
    outer loop
      vertex -49 -73.5116 9.37313
      vertex -49 -76.3713 17.986
      vertex -49 -75.6356 17.4728
    endloop
  endfacet
  facet normal -1 0 0
    outer loop
      vertex -49 -73.5116 9.37313
      vertex -49 -77.1665 18.4009
      vertex -49 -76.3713 17.986
    endloop
  endfacet
  facet normal -1 0 0
    outer loop
      vertex -49 -86.3068 8.96281
      vertex -49 -73.5116 9.37313
      vertex -49 -78 0
    endloop
  endfacet
  facet normal -1 -0 0
    outer loop
      vertex -49 -73.5116 9.37313
      vertex -49 -86.3068 8.96281
      vertex -49 -77.1665 18.4009
    endloop
  endfacet
  facet normal -1 -0 0
    outer loop
      vertex -49 -77.1665 18.4009
      vertex -49 -86.3068 8.96281
      vertex -49 -78.0083 18.7107
    endloop
  endfacet
  facet normal -1 -0 0
    outer loop
      vertex -49 -78.0083 18.7107
      vertex -49 -86.3068 8.96281
      vertex -49 -78.8828 18.9103
    endloop
  endfacet
  facet normal -1 -0 0
    outer loop
      vertex -49 -78.8828 18.9103
      vertex -49 -86.3068 8.96281
      vertex -49 -79.7756 18.9964
    endloop
  endfacet
  facet normal -1 0 0
    outer loop
      vertex -49 -79.7756 18.9964
      vertex -49 -86.3068 8.96281
      vertex -49 -80.6722 18.9677
    endloop
  endfacet
  facet normal -1 0 0
    outer loop
      vertex -49 -86.3068 8.96281
      vertex -49 -78 0
      vertex -49 -82 0
    endloop
  endfacet
  facet normal -1 0 0
    outer loop
      vertex -49 -80.6722 18.9677
      vertex -49 -86.3068 8.96281
      vertex -49 -81.5576 18.8245
    endloop
  endfacet
  facet normal -1 0 0
    outer loop
      vertex -49 -81.5576 18.8245
      vertex -49 -86.3068 8.96281
      vertex -49 -82.4176 18.5693
    endloop
  endfacet
  facet normal -1 0 0
    outer loop
      vertex -49 -82.4176 18.5693
      vertex -49 -86.3068 8.96281
      vertex -49 -83.2378 18.2062
    endloop
  endfacet
  facet normal -1 0 0
    outer loop
      vertex -49 -83.2378 18.2062
      vertex -49 -86.3068 8.96281
      vertex -49 -84.0048 17.7412
    endloop
  endfacet
  facet normal -1 0 0
    outer loop
      vertex -49 -84.0048 17.7412
      vertex -49 -86.3068 8.96281
      vertex -49 -84.7061 17.1819
    endloop
  endfacet
  facet normal -1 0 0
    outer loop
      vertex -49 -84.7061 17.1819
      vertex -49 -86.3068 8.96281
      vertex -49 -85.3301 16.5376
    endloop
  endfacet
  facet normal -1 0 0
    outer loop
      vertex -49 -85.3301 16.5376
      vertex -49 -86.3068 8.96281
      vertex -49 -85.8666 15.8187
    endloop
  endfacet
  facet normal -1 0 0
    outer loop
      vertex -49 -86.3068 8.96281
      vertex -49 -86.3068 15.0372
      vertex -49 -85.8666 15.8187
    endloop
  endfacet
  facet normal -1 0 0
    outer loop
      vertex -49 -86.6434 9.79424
      vertex -49 -86.3068 15.0372
      vertex -49 -86.3068 8.96281
    endloop
  endfacet
  facet normal -1 0 0
    outer loop
      vertex -49 -86.6434 9.79424
      vertex -49 -86.6434 14.2058
      vertex -49 -86.3068 15.0372
    endloop
  endfacet
  facet normal -1 0 0
    outer loop
      vertex -49 -86.8709 10.6619
      vertex -49 -86.6434 14.2058
      vertex -49 -86.6434 9.79424
    endloop
  endfacet
  facet normal -1 0 0
    outer loop
      vertex -49 -86.8709 10.6619
      vertex -49 -86.8709 13.3381
      vertex -49 -86.6434 14.2058
    endloop
  endfacet
  facet normal -1 0 0
    outer loop
      vertex -49 -86.9856 11.5515
      vertex -49 -86.8709 13.3381
      vertex -49 -86.8709 10.6619
    endloop
  endfacet
  facet normal -1 0 0
    outer loop
      vertex -49 -86.8709 13.3381
      vertex -49 -86.9856 11.5515
      vertex -49 -86.9856 12.4485
    endloop
  endfacet
  facet normal 0 -0.404804 0.914404
    outer loop
      vertex -49 -82.4176 18.5693
      vertex 49 -83.2378 18.2062
      vertex 49 -82.4176 18.5693
    endloop
  endfacet
  facet normal 0 -0.404804 0.914404
    outer loop
      vertex 49 -83.2378 18.2062
      vertex -49 -82.4176 18.5693
      vertex -49 -83.2378 18.2062
    endloop
  endfacet
  facet normal -0 0.222522 0.974928
    outer loop
      vertex -49 -78.0083 18.7107
      vertex 49 -78.8828 18.9103
      vertex 49 -78.0083 18.7107
    endloop
  endfacet
  facet normal 0 0.222522 0.974928
    outer loop
      vertex 49 -78.8828 18.9103
      vertex -49 -78.0083 18.7107
      vertex -49 -78.8828 18.9103
    endloop
  endfacet
  facet normal -0 0.462577 0.886579
    outer loop
      vertex -49 -76.3713 17.986
      vertex 49 -77.1665 18.4009
      vertex 49 -76.3713 17.986
    endloop
  endfacet
  facet normal 0 0.462577 0.886579
    outer loop
      vertex 49 -77.1665 18.4009
      vertex -49 -76.3713 17.986
      vertex -49 -77.1665 18.4009
    endloop
  endfacet
  facet normal 1 0 0
    outer loop
      vertex 49 -73.0575 12.8951
      vertex 49 -73.0575 11.1049
      vertex 49 -73 12
    endloop
  endfacet
  facet normal 1 0 0
    outer loop
      vertex 49 -73.2289 13.7756
      vertex 49 -73.0575 11.1049
      vertex 49 -73.0575 12.8951
    endloop
  endfacet
  facet normal 1 0 0
    outer loop
      vertex 49 -73.2289 13.7756
      vertex 49 -73.2289 10.2244
      vertex 49 -73.0575 11.1049
    endloop
  endfacet
  facet normal 1 0 0
    outer loop
      vertex 49 -73.5116 14.6269
      vertex 49 -73.2289 10.2244
      vertex 49 -73.2289 13.7756
    endloop
  endfacet
  facet normal 1 0 0
    outer loop
      vertex 49 -73.5116 14.6269
      vertex 49 -73.5116 9.37313
      vertex 49 -73.2289 10.2244
    endloop
  endfacet
  facet normal 1 0 0
    outer loop
      vertex 49 -73.9008 15.435
      vertex 49 -73.5116 9.37313
      vertex 49 -73.5116 14.6269
    endloop
  endfacet
  facet normal 1 0 0
    outer loop
      vertex 49 -74.3901 16.1868
      vertex 49 -73.5116 9.37313
      vertex 49 -73.9008 15.435
    endloop
  endfacet
  facet normal 1 0 0
    outer loop
      vertex 49 -74.9716 16.8698
      vertex 49 -73.5116 9.37313
      vertex 49 -74.3901 16.1868
    endloop
  endfacet
  facet normal 1 0 0
    outer loop
      vertex 49 -75.6356 17.4728
      vertex 49 -73.5116 9.37313
      vertex 49 -74.9716 16.8698
    endloop
  endfacet
  facet normal 1 0 0
    outer loop
      vertex 49 -76.3713 17.986
      vertex 49 -73.5116 9.37313
      vertex 49 -75.6356 17.4728
    endloop
  endfacet
  facet normal 1 0 0
    outer loop
      vertex 49 -77.1665 18.4009
      vertex 49 -73.5116 9.37313
      vertex 49 -76.3713 17.986
    endloop
  endfacet
  facet normal 1 0 0
    outer loop
      vertex 49 -86.3068 8.96281
      vertex 49 -73.5116 9.37313
      vertex 49 -77.1665 18.4009
    endloop
  endfacet
  facet normal 1 0 0
    outer loop
      vertex 49 -86.3068 8.96281
      vertex 49 -77.1665 18.4009
      vertex 49 -78.0083 18.7107
    endloop
  endfacet
  facet normal 1 0 0
    outer loop
      vertex 49 -86.3068 8.96281
      vertex 49 -78.0083 18.7107
      vertex 49 -78.8828 18.9103
    endloop
  endfacet
  facet normal 1 0 0
    outer loop
      vertex 49 -86.3068 8.96281
      vertex 49 -78.8828 18.9103
      vertex 49 -79.7756 18.9964
    endloop
  endfacet
  facet normal 1 0 0
    outer loop
      vertex 49 -86.3068 8.96281
      vertex 49 -79.7756 18.9964
      vertex 49 -80.6722 18.9677
    endloop
  endfacet
  facet normal 1 0 0
    outer loop
      vertex 49 -86.3068 8.96281
      vertex 49 -80.6722 18.9677
      vertex 49 -81.5576 18.8245
    endloop
  endfacet
  facet normal 1 0 0
    outer loop
      vertex 49 -73.5116 9.37313
      vertex 49 -86.3068 8.96281
      vertex 49 -78 0
    endloop
  endfacet
  facet normal 1 0 0
    outer loop
      vertex 49 -86.3068 8.96281
      vertex 49 -81.5576 18.8245
      vertex 49 -82.4176 18.5693
    endloop
  endfacet
  facet normal 1 0 0
    outer loop
      vertex 49 -86.3068 8.96281
      vertex 49 -82.4176 18.5693
      vertex 49 -83.2378 18.2062
    endloop
  endfacet
  facet normal 1 0 0
    outer loop
      vertex 49 -86.3068 8.96281
      vertex 49 -83.2378 18.2062
      vertex 49 -84.0048 17.7412
    endloop
  endfacet
  facet normal 1 0 0
    outer loop
      vertex 49 -86.3068 8.96281
      vertex 49 -84.0048 17.7412
      vertex 49 -84.7061 17.1819
    endloop
  endfacet
  facet normal 1 0 0
    outer loop
      vertex 49 -86.3068 8.96281
      vertex 49 -84.7061 17.1819
      vertex 49 -85.3301 16.5376
    endloop
  endfacet
  facet normal 1 0 0
    outer loop
      vertex 49 -86.3068 8.96281
      vertex 49 -85.3301 16.5376
      vertex 49 -85.8666 15.8187
    endloop
  endfacet
  facet normal 1 0 0
    outer loop
      vertex 49 -86.3068 8.96281
      vertex 49 -85.8666 15.8187
      vertex 49 -86.3068 15.0372
    endloop
  endfacet
  facet normal 1 0 0
    outer loop
      vertex 49 -78 0
      vertex 49 -86.3068 8.96281
      vertex 49 -82 0
    endloop
  endfacet
  facet normal 1 -0 0
    outer loop
      vertex 49 -86.6434 14.2058
      vertex 49 -86.3068 8.96281
      vertex 49 -86.3068 15.0372
    endloop
  endfacet
  facet normal 1 0 0
    outer loop
      vertex 49 -86.6434 14.2058
      vertex 49 -86.6434 9.79424
      vertex 49 -86.3068 8.96281
    endloop
  endfacet
  facet normal 1 -0 0
    outer loop
      vertex 49 -86.8709 13.3381
      vertex 49 -86.6434 9.79424
      vertex 49 -86.6434 14.2058
    endloop
  endfacet
  facet normal 1 0 0
    outer loop
      vertex 49 -86.8709 13.3381
      vertex 49 -86.8709 10.6619
      vertex 49 -86.6434 9.79424
    endloop
  endfacet
  facet normal 1 -0 0
    outer loop
      vertex 49 -86.9856 12.4485
      vertex 49 -86.8709 10.6619
      vertex 49 -86.8709 13.3381
    endloop
  endfacet
  facet normal 1 0 0
    outer loop
      vertex 49 -86.8709 10.6619
      vertex 49 -86.9856 12.4485
      vertex 49 -86.9856 11.5515
    endloop
  endfacet
  facet normal 0 0.901924 -0.431894
    outer loop
      vertex -37 -78 0
      vertex -49 -73.5116 9.37313
      vertex -37 -73.5116 9.37313
    endloop
  endfacet
  facet normal 0 0.901924 -0.431894
    outer loop
      vertex -49 -73.5116 9.37313
      vertex -37 -78 0
      vertex -49 -78 0
    endloop
  endfacet
  facet normal 0 0.901924 -0.431894
    outer loop
      vertex 49 -78 0
      vertex 37 -73.5116 9.37313
      vertex 49 -73.5116 9.37313
    endloop
  endfacet
  facet normal 0 0.901924 -0.431894
    outer loop
      vertex 37 -73.5116 9.37313
      vertex 49 -78 0
      vertex 37 -78 0
    endloop
  endfacet
  facet normal 0 0.901924 -0.431894
    outer loop
      vertex 33 -78 0
      vertex -33 -73.5116 9.37313
      vertex 33 -73.5116 9.37313
    endloop
  endfacet
  facet normal 0 0.901924 -0.431894
    outer loop
      vertex -33 -73.5116 9.37313
      vertex 33 -78 0
      vertex -33 -78 0
    endloop
  endfacet
  facet normal 0 0.949036 -0.315167
    outer loop
      vertex -37 -73.5116 9.37313
      vertex -49 -73.2289 10.2244
      vertex -37 -73.2289 10.2244
    endloop
  endfacet
  facet normal 0 0.949036 -0.315167
    outer loop
      vertex -49 -73.2289 10.2244
      vertex -37 -73.5116 9.37313
      vertex -49 -73.5116 9.37313
    endloop
  endfacet
  facet normal 0 0.949036 -0.315167
    outer loop
      vertex 49 -73.5116 9.37313
      vertex 37 -73.2289 10.2244
      vertex 49 -73.2289 10.2244
    endloop
  endfacet
  facet normal 0 0.949036 -0.315167
    outer loop
      vertex 37 -73.2289 10.2244
      vertex 49 -73.5116 9.37313
      vertex 37 -73.5116 9.37313
    endloop
  endfacet
  facet normal 0 0.949036 -0.315167
    outer loop
      vertex 33 -73.5116 9.37313
      vertex -33 -73.2289 10.2244
      vertex 33 -73.2289 10.2244
    endloop
  endfacet
  facet normal 0 0.949036 -0.315167
    outer loop
      vertex -33 -73.2289 10.2244
      vertex 33 -73.5116 9.37313
      vertex -33 -73.5116 9.37313
    endloop
  endfacet
  facet normal 0 -0.967305 0.253615
    outer loop
      vertex 37 -86.8709 13.3381
      vertex 49 -86.6434 14.2058
      vertex 37 -86.6434 14.2058
    endloop
  endfacet
  facet normal 0 -0.967305 0.253615
    outer loop
      vertex 49 -86.6434 14.2058
      vertex 37 -86.8709 13.3381
      vertex 49 -86.8709 13.3381
    endloop
  endfacet
  facet normal 0 -0.967305 0.253615
    outer loop
      vertex -49 -86.8709 13.3381
      vertex -37 -86.6434 14.2058
      vertex -49 -86.6434 14.2058
    endloop
  endfacet
  facet normal 0 -0.967305 0.253615
    outer loop
      vertex -37 -86.6434 14.2058
      vertex -49 -86.8709 13.3381
      vertex -37 -86.8709 13.3381
    endloop
  endfacet
  facet normal 0 -0.967305 0.253615
    outer loop
      vertex -33 -86.8709 13.3381
      vertex 33 -86.6434 14.2058
      vertex -33 -86.6434 14.2058
    endloop
  endfacet
  facet normal 0 -0.967305 0.253615
    outer loop
      vertex 33 -86.6434 14.2058
      vertex -33 -86.8709 13.3381
      vertex 33 -86.8709 13.3381
    endloop
  endfacet
  facet normal 0 -0.801513 0.597977
    outer loop
      vertex -33 -85.8666 15.8187
      vertex 33 -85.824 15.8758
      vertex -33 -85.824 15.8758
    endloop
  endfacet
  facet normal 0 -0.801513 0.597977
    outer loop
      vertex 33 -85.824 15.8758
      vertex -33 -85.8666 15.8187
      vertex 33 -85.8666 15.8187
    endloop
  endfacet
  facet normal 0 -0.801422 0.5981
    outer loop
      vertex -33 -85.824 15.8758
      vertex -49 -85.3301 16.5376
      vertex -37 -85.824 15.8758
    endloop
  endfacet
  facet normal -8.37028e-07 -0.801429 0.59809
    outer loop
      vertex -49 -85.8666 15.8187
      vertex -37 -85.824 15.8758
      vertex -49 -85.3301 16.5376
    endloop
  endfacet
  facet normal 0 -0.801513 0.597977
    outer loop
      vertex -37 -85.824 15.8758
      vertex -49 -85.8666 15.8187
      vertex -37 -85.8666 15.8187
    endloop
  endfacet
  facet normal 0 -0.801422 0.5981
    outer loop
      vertex -49 -85.3301 16.5376
      vertex -33 -85.824 15.8758
      vertex 49 -85.3301 16.5376
    endloop
  endfacet
  facet normal 0 -0.801422 0.5981
    outer loop
      vertex 33 -85.824 15.8758
      vertex 49 -85.3301 16.5376
      vertex -33 -85.824 15.8758
    endloop
  endfacet
  facet normal 0 -0.801422 0.5981
    outer loop
      vertex 37 -85.824 15.8758
      vertex 49 -85.3301 16.5376
      vertex 33 -85.824 15.8758
    endloop
  endfacet
  facet normal 0 -0.801513 0.597977
    outer loop
      vertex 49 -85.8666 15.8187
      vertex 37 -85.824 15.8758
      vertex 37 -85.8666 15.8187
    endloop
  endfacet
  facet normal 8.37028e-07 -0.801429 0.59809
    outer loop
      vertex 37 -85.824 15.8758
      vertex 49 -85.8666 15.8187
      vertex 49 -85.3301 16.5376
    endloop
  endfacet
  facet normal 0 -0.623512 0.781814
    outer loop
      vertex -49 -84.0048 17.7412
      vertex 49 -84.7061 17.1819
      vertex 49 -84.0048 17.7412
    endloop
  endfacet
  facet normal 0 -0.623512 0.781814
    outer loop
      vertex 49 -84.7061 17.1819
      vertex -49 -84.0048 17.7412
      vertex -49 -84.7061 17.1819
    endloop
  endfacet
  facet normal 0 -0.92692 -0.375259
    outer loop
      vertex -49 -86.3068 8.96281
      vertex -37 -86.6434 9.79424
      vertex -49 -86.6434 9.79424
    endloop
  endfacet
  facet normal 0 -0.92692 -0.375259
    outer loop
      vertex -37 -86.6434 9.79424
      vertex -49 -86.3068 8.96281
      vertex -37 -86.3068 8.96281
    endloop
  endfacet
  facet normal 0 -0.92692 -0.375259
    outer loop
      vertex 37 -86.3068 8.96281
      vertex 49 -86.6434 9.79424
      vertex 37 -86.6434 9.79424
    endloop
  endfacet
  facet normal 0 -0.92692 -0.375259
    outer loop
      vertex 49 -86.6434 9.79424
      vertex 37 -86.3068 8.96281
      vertex 49 -86.3068 8.96281
    endloop
  endfacet
  facet normal 0 -0.92692 -0.375259
    outer loop
      vertex -33 -86.3068 8.96281
      vertex 33 -86.6434 9.79424
      vertex -33 -86.6434 9.79424
    endloop
  endfacet
  facet normal 0 -0.92692 -0.375259
    outer loop
      vertex 33 -86.6434 9.79424
      vertex -33 -86.3068 8.96281
      vertex 33 -86.3068 8.96281
    endloop
  endfacet
  facet normal 0 -0.901341 -0.433111
    outer loop
      vertex 37 -82 0
      vertex 49 -86.3068 8.96281
      vertex 37 -86.3068 8.96281
    endloop
  endfacet
  facet normal 0 -0.901341 -0.433111
    outer loop
      vertex 49 -86.3068 8.96281
      vertex 37 -82 0
      vertex 49 -82 0
    endloop
  endfacet
  facet normal 0 -0.901341 -0.433111
    outer loop
      vertex -49 -82 0
      vertex -37 -86.3068 8.96281
      vertex -49 -86.3068 8.96281
    endloop
  endfacet
  facet normal 0 -0.901341 -0.433111
    outer loop
      vertex -37 -86.3068 8.96281
      vertex -49 -82 0
      vertex -37 -82 0
    endloop
  endfacet
  facet normal 0 -0.901341 -0.433111
    outer loop
      vertex -33 -82 0
      vertex 33 -86.3068 8.96281
      vertex -33 -86.3068 8.96281
    endloop
  endfacet
  facet normal 0 -0.901341 -0.433111
    outer loop
      vertex 33 -86.3068 8.96281
      vertex -33 -82 0
      vertex 33 -82 0
    endloop
  endfacet
  facet normal 0 -1 0
    outer loop
      vertex 37 -86.9856 11.5515
      vertex 49 -86.9856 12.4485
      vertex 37 -86.9856 12.4485
    endloop
  endfacet
  facet normal 0 -1 -0
    outer loop
      vertex 49 -86.9856 12.4485
      vertex 37 -86.9856 11.5515
      vertex 49 -86.9856 11.5515
    endloop
  endfacet
  facet normal 0 -1 0
    outer loop
      vertex -49 -86.9856 11.5515
      vertex -37 -86.9856 12.4485
      vertex -49 -86.9856 12.4485
    endloop
  endfacet
  facet normal 0 -1 -0
    outer loop
      vertex -37 -86.9856 12.4485
      vertex -49 -86.9856 11.5515
      vertex -37 -86.9856 11.5515
    endloop
  endfacet
  facet normal 0 -1 0
    outer loop
      vertex -33 -86.9856 11.5515
      vertex 33 -86.9856 12.4485
      vertex -33 -86.9856 12.4485
    endloop
  endfacet
  facet normal 0 -1 -0
    outer loop
      vertex 33 -86.9856 12.4485
      vertex -33 -86.9856 11.5515
      vertex 33 -86.9856 11.5515
    endloop
  endfacet
  facet normal -0 0.345375 0.938465
    outer loop
      vertex -49 -77.1665 18.4009
      vertex 49 -78.0083 18.7107
      vertex 49 -77.1665 18.4009
    endloop
  endfacet
  facet normal 0 0.345375 0.938465
    outer loop
      vertex 49 -78.0083 18.7107
      vertex -49 -77.1665 18.4009
      vertex -49 -78.0083 18.7107
    endloop
  endfacet
  facet normal 0 0.981575 -0.191076
    outer loop
      vertex -37 -73.2289 10.2244
      vertex -49 -73.0575 11.1049
      vertex -37 -73.0575 11.1049
    endloop
  endfacet
  facet normal 0 0.981575 -0.191076
    outer loop
      vertex -49 -73.0575 11.1049
      vertex -37 -73.2289 10.2244
      vertex -49 -73.2289 10.2244
    endloop
  endfacet
  facet normal 0 0.981575 -0.191076
    outer loop
      vertex 49 -73.2289 10.2244
      vertex 37 -73.0575 11.1049
      vertex 49 -73.0575 11.1049
    endloop
  endfacet
  facet normal 0 0.981575 -0.191076
    outer loop
      vertex 37 -73.0575 11.1049
      vertex 49 -73.2289 10.2244
      vertex 37 -73.2289 10.2244
    endloop
  endfacet
  facet normal 0 0.981575 -0.191076
    outer loop
      vertex 33 -73.2289 10.2244
      vertex -33 -73.0575 11.1049
      vertex 33 -73.0575 11.1049
    endloop
  endfacet
  facet normal 0 0.981575 -0.191076
    outer loop
      vertex -33 -73.0575 11.1049
      vertex 33 -73.2289 10.2244
      vertex -33 -73.2289 10.2244
    endloop
  endfacet
  facet normal 0 0.997943 0.0641065
    outer loop
      vertex -37 -73 12
      vertex -49 -73.0575 12.8951
      vertex -37 -73.0575 12.8951
    endloop
  endfacet
  facet normal 0 0.997943 0.0641065
    outer loop
      vertex -49 -73.0575 12.8951
      vertex -37 -73 12
      vertex -49 -73 12
    endloop
  endfacet
  facet normal 0 0.997943 0.0641065
    outer loop
      vertex 49 -73 12
      vertex 37 -73.0575 12.8951
      vertex 49 -73.0575 12.8951
    endloop
  endfacet
  facet normal 0 0.997943 0.0641065
    outer loop
      vertex 37 -73.0575 12.8951
      vertex 49 -73 12
      vertex 37 -73 12
    endloop
  endfacet
  facet normal 0 0.997943 0.0641065
    outer loop
      vertex 33 -73 12
      vertex -33 -73.0575 12.8951
      vertex 33 -73.0575 12.8951
    endloop
  endfacet
  facet normal 0 0.997943 0.0641065
    outer loop
      vertex -33 -73.0575 12.8951
      vertex 33 -73 12
      vertex -33 -73 12
    endloop
  endfacet
  facet normal 0 0.900952 0.43392
    outer loop
      vertex 49 -73.5116 14.6269
      vertex 37 -73.9008 15.435
      vertex 49 -73.9008 15.435
    endloop
  endfacet
  facet normal 0 0.900952 0.43392
    outer loop
      vertex 37 -73.9008 15.435
      vertex 49 -73.5116 14.6269
      vertex 37 -73.5116 14.6269
    endloop
  endfacet
  facet normal 0 0.900952 0.43392
    outer loop
      vertex -37 -73.5116 14.6269
      vertex -49 -73.9008 15.435
      vertex -37 -73.9008 15.435
    endloop
  endfacet
  facet normal 0 0.900952 0.43392
    outer loop
      vertex -49 -73.9008 15.435
      vertex -37 -73.5116 14.6269
      vertex -49 -73.5116 14.6269
    endloop
  endfacet
  facet normal 0 0.900952 0.43392
    outer loop
      vertex 33 -73.5116 14.6269
      vertex -33 -73.9008 15.435
      vertex 33 -73.9008 15.435
    endloop
  endfacet
  facet normal 0 0.900952 0.43392
    outer loop
      vertex -33 -73.9008 15.435
      vertex 33 -73.5116 14.6269
      vertex -33 -73.5116 14.6269
    endloop
  endfacet
  facet normal 0 0.838138 0.545458
    outer loop
      vertex 33 -73.9008 15.435
      vertex -33 -74.2685 16
      vertex 33 -74.2685 16
    endloop
  endfacet
  facet normal 0 0.838138 0.545458
    outer loop
      vertex -33 -74.2685 16
      vertex 33 -73.9008 15.435
      vertex -33 -73.9008 15.435
    endloop
  endfacet
  facet normal -0 0.838074 0.545556
    outer loop
      vertex 33 -74.2685 16
      vertex 49 -74.3901 16.1868
      vertex 37 -74.2685 16
    endloop
  endfacet
  facet normal 1.63879e-06 0.838123 0.545482
    outer loop
      vertex 49 -73.9008 15.435
      vertex 37 -74.2685 16
      vertex 49 -74.3901 16.1868
    endloop
  endfacet
  facet normal 0 0.838138 0.545458
    outer loop
      vertex 37 -74.2685 16
      vertex 49 -73.9008 15.435
      vertex 37 -73.9008 15.435
    endloop
  endfacet
  facet normal 0 0.838074 0.545556
    outer loop
      vertex 49 -74.3901 16.1868
      vertex 33 -74.2685 16
      vertex -49 -74.3901 16.1868
    endloop
  endfacet
  facet normal -0 0.838074 0.545556
    outer loop
      vertex -33 -74.2685 16
      vertex -49 -74.3901 16.1868
      vertex 33 -74.2685 16
    endloop
  endfacet
  facet normal -0 0.838074 0.545556
    outer loop
      vertex -37 -74.2685 16
      vertex -49 -74.3901 16.1868
      vertex -33 -74.2685 16
    endloop
  endfacet
  facet normal -0 0.838138 0.545458
    outer loop
      vertex -49 -73.9008 15.435
      vertex -37 -74.2685 16
      vertex -37 -73.9008 15.435
    endloop
  endfacet
  facet normal -1.63879e-06 0.838123 0.545482
    outer loop
      vertex -37 -74.2685 16
      vertex -49 -73.9008 15.435
      vertex -49 -74.3901 16.1868
    endloop
  endfacet
  facet normal 0 -0.99179 0.127876
    outer loop
      vertex 37 -86.9856 12.4485
      vertex 49 -86.8709 13.3381
      vertex 37 -86.8709 13.3381
    endloop
  endfacet
  facet normal 0 -0.99179 0.127876
    outer loop
      vertex 49 -86.8709 13.3381
      vertex 37 -86.9856 12.4485
      vertex 49 -86.9856 12.4485
    endloop
  endfacet
  facet normal 0 -0.99179 0.127876
    outer loop
      vertex -49 -86.9856 12.4485
      vertex -37 -86.8709 13.3381
      vertex -49 -86.8709 13.3381
    endloop
  endfacet
  facet normal 0 -0.99179 0.127876
    outer loop
      vertex -37 -86.8709 13.3381
      vertex -49 -86.9856 12.4485
      vertex -37 -86.9856 12.4485
    endloop
  endfacet
  facet normal 0 -0.99179 0.127876
    outer loop
      vertex -33 -86.9856 12.4485
      vertex 33 -86.8709 13.3381
      vertex -33 -86.8709 13.3381
    endloop
  endfacet
  facet normal 0 -0.99179 0.127876
    outer loop
      vertex 33 -86.8709 13.3381
      vertex -33 -86.9856 12.4485
      vertex 33 -86.9856 12.4485
    endloop
  endfacet
  facet normal -0 0.0959928 0.995382
    outer loop
      vertex -49 -78.8828 18.9103
      vertex 49 -79.7756 18.9964
      vertex 49 -78.8828 18.9103
    endloop
  endfacet
  facet normal 0 0.0959928 0.995382
    outer loop
      vertex 49 -79.7756 18.9964
      vertex -49 -78.8828 18.9103
      vertex -49 -79.7756 18.9964
    endloop
  endfacet
  facet normal 0 -0.718332 0.6957
    outer loop
      vertex -49 -85.3301 16.5376
      vertex 49 -84.7061 17.1819
      vertex -49 -84.7061 17.1819
    endloop
  endfacet
  facet normal 0 -0.718332 0.6957
    outer loop
      vertex 49 -84.7061 17.1819
      vertex -49 -85.3301 16.5376
      vertex 49 -85.3301 16.5376
    endloop
  endfacet
  facet normal 0 0.997943 -0.0641065
    outer loop
      vertex -37 -73.0575 11.1049
      vertex -49 -73 12
      vertex -37 -73 12
    endloop
  endfacet
  facet normal 0 0.997943 -0.0641065
    outer loop
      vertex -49 -73 12
      vertex -37 -73.0575 11.1049
      vertex -49 -73.0575 11.1049
    endloop
  endfacet
  facet normal 0 0.997943 -0.0641065
    outer loop
      vertex 49 -73.0575 11.1049
      vertex 37 -73 12
      vertex 49 -73 12
    endloop
  endfacet
  facet normal 0 0.997943 -0.0641065
    outer loop
      vertex 37 -73 12
      vertex 49 -73.0575 11.1049
      vertex 37 -73.0575 11.1049
    endloop
  endfacet
  facet normal 0 0.997943 -0.0641065
    outer loop
      vertex 33 -73.0575 11.1049
      vertex -33 -73 12
      vertex 33 -73 12
    endloop
  endfacet
  facet normal 0 0.997943 -0.0641065
    outer loop
      vertex -33 -73 12
      vertex 33 -73.0575 11.1049
      vertex -33 -73.0575 11.1049
    endloop
  endfacet
  facet normal -0 0.672284 0.740293
    outer loop
      vertex -49 -74.9716 16.8698
      vertex 49 -75.6356 17.4728
      vertex 49 -74.9716 16.8698
    endloop
  endfacet
  facet normal 0 0.672284 0.740293
    outer loop
      vertex 49 -75.6356 17.4728
      vertex -49 -74.9716 16.8698
      vertex -49 -75.6356 17.4728
    endloop
  endfacet
  facet normal 0 -0.0319934 0.999488
    outer loop
      vertex -49 -79.7756 18.9964
      vertex 49 -80.6722 18.9677
      vertex 49 -79.7756 18.9964
    endloop
  endfacet
  facet normal 0 -0.0319934 0.999488
    outer loop
      vertex 49 -80.6722 18.9677
      vertex -49 -79.7756 18.9964
      vertex -49 -80.6722 18.9677
    endloop
  endfacet
  facet normal -0 0.572122 0.820168
    outer loop
      vertex -49 -75.6356 17.4728
      vertex 49 -76.3713 17.986
      vertex 49 -75.6356 17.4728
    endloop
  endfacet
  facet normal 0 0.572122 0.820168
    outer loop
      vertex 49 -76.3713 17.986
      vertex -49 -75.6356 17.4728
      vertex -49 -76.3713 17.986
    endloop
  endfacet
  facet normal -0.0417117 -0.371067 0.927669
    outer loop
      vertex 45.6112 2.5 18.765
      vertex 45.5 5.6 20
      vertex 45.5 2.5 18.76
    endloop
  endfacet
  facet normal -0.914058 -0.370122 -0.165851
    outer loop
      vertex 51.6547 2.5 71.0039
      vertex 51.615 2.5 71.2227
      vertex 50.4196 5.6 70.8928
    endloop
  endfacet
  facet normal -0.926368 -0.371393 0.0625216
    outer loop
      vertex 51.7372 2.5 24.9166
      vertex 50.4547 5.6 24.3288
      vertex 51.6919 2.5 24.2454
    endloop
  endfacet
  facet normal -0.926368 -0.371393 0.0625216
    outer loop
      vertex 50.4547 5.6 24.3288
      vertex 51.7372 2.5 24.9166
      vertex 50.5 5.6 25
    endloop
  endfacet
  facet normal 0.134636 -0.370415 0.919057
    outer loop
      vertex -46.2546 2.5 18.8081
      vertex -46.1712 5.6 20.0453
      vertex -46.4471 2.5 18.8363
    endloop
  endfacet
  facet normal 0.579215 -0.370101 0.726317
    outer loop
      vertex -49.3006 2.5 20.056
      vertex -48.6174 5.6 21.0908
      vertex -49.4744 2.5 20.1946
    endloop
  endfacet
  facet normal 0.699529 -0.370089 0.611304
    outer loop
      vertex -50.1223 2.5 20.8141
      vertex -49.2654 5.6 21.7103
      vertex -50.2685 2.5 20.9814
    endloop
  endfacet
  facet normal -0.774843 -0.371388 0.511556
    outer loop
      vertex 50.9379 2.5 21.9475
      vertex 49.4092 5.6 21.8826
      vertex 50.444 2.5 21.1994
    endloop
  endfacet
  facet normal -0.774883 -0.371409 0.511479
    outer loop
      vertex 49.4092 5.6 21.8826
      vertex 50.9379 2.5 21.9475
      vertex 49.903 5.6 22.6307
    endloop
  endfacet
  facet normal 0.545755 -0.371381 -0.751151
    outer loop
      vertex -48.7934 2.5 75.2954
      vertex -48.7897 5.6 73.7654
      vertex -48.0645 5.6 74.2923
    endloop
  endfacet
  facet normal 0.545755 -0.371381 -0.751151
    outer loop
      vertex -48.7897 5.6 73.7654
      vertex -48.7934 2.5 75.2954
      vertex -49.5186 2.5 74.7685
    endloop
  endfacet
  facet normal 0.440185 -0.370105 0.818083
    outer loop
      vertex -48.3567 2.5 19.4568
      vertex -47.8693 5.6 20.597
      vertex -48.5524 2.5 19.5621
    endloop
  endfacet
  facet normal -0.751151 -0.371381 -0.545755
    outer loop
      vertex 50.7954 2.5 73.2934
      vertex 49.2654 5.6 73.2897
      vertex 49.7923 5.6 72.5645
    endloop
  endfacet
  facet normal -0.751151 -0.371381 -0.545755
    outer loop
      vertex 49.2654 5.6 73.2897
      vertex 50.7954 2.5 73.2934
      vertex 50.2685 2.5 74.0186
    endloop
  endfacet
  facet normal 0 -0.371391 0.928477
    outer loop
      vertex -44.1667 5.6 20
      vertex -45.5 5.6 20
      vertex -44.1733 5.5 19.96
    endloop
  endfacet
  facet normal 4.6368e-16 -0.371391 0.928477
    outer loop
      vertex 45.5 5.6 20
      vertex 44.1733 5.5 19.96
      vertex 45.5 2.5 18.76
    endloop
  endfacet
  facet normal 0 -0.371391 0.928477
    outer loop
      vertex 44.1733 5.5 19.96
      vertex 45.5 5.6 20
      vertex 44.1667 5.6 20
    endloop
  endfacet
  facet normal 0 -0.371391 0.928477
    outer loop
      vertex -44.1733 5.5 19.96
      vertex 45.5 2.5 18.76
      vertex 44.1733 5.5 19.96
    endloop
  endfacet
  facet normal 0 -0.371391 0.928477
    outer loop
      vertex -44.1733 5.5 19.96
      vertex -45.5 2.5 18.76
      vertex 45.5 2.5 18.76
    endloop
  endfacet
  facet normal -5.01276e-16 -0.371391 0.928477
    outer loop
      vertex -45.5 2.5 18.76
      vertex -44.1733 5.5 19.96
      vertex -45.5 5.6 20
    endloop
  endfacet
  facet normal -0.818175 -0.370111 0.440009
    outer loop
      vertex 50.9379 2.5 21.9475
      vertex 51.0432 2.5 22.1433
      vertex 49.903 5.6 22.6307
    endloop
  endfacet
  facet normal 0.928026 -0.37121 -0.0311567
    outer loop
      vertex -50.5 5.6 70
      vertex -51.7372 2.5 70.0834
      vertex -51.74 2.5 70
    endloop
  endfacet
  facet normal 0.928477 -0.371391 0
    outer loop
      vertex -51.74 2.5 70
      vertex -50.5 5.6 25
      vertex -50.5 5.6 70
    endloop
  endfacet
  facet normal 0.928477 -0.371391 0
    outer loop
      vertex -50.5 5.6 25
      vertex -51.74 2.5 70
      vertex -51.74 2.5 25
    endloop
  endfacet
  facet normal -0.853768 -0.371392 0.364894
    outer loop
      vertex 51.3955 2.5 22.9676
      vertex 49.903 5.6 22.6307
      vertex 51.0432 2.5 22.1433
    endloop
  endfacet
  facet normal -0.853756 -0.371382 0.364933
    outer loop
      vertex 49.903 5.6 22.6307
      vertex 51.3955 2.5 22.9676
      vertex 50.2553 5.6 23.4549
    endloop
  endfacet
  facet normal 0.206543 -0.371412 0.905204
    outer loop
      vertex -47.0451 5.6 20.2447
      vertex -46.4471 2.5 18.8363
      vertex -46.1712 5.6 20.0453
    endloop
  endfacet
  facet normal 0.206643 -0.371387 0.905191
    outer loop
      vertex -46.4471 2.5 18.8363
      vertex -47.0451 5.6 20.2447
      vertex -47.321 2.5 19.0358
    endloop
  endfacet
  facet normal -0.0831815 -0.371413 0.924734
    outer loop
      vertex 46.3928 5.6 20.0804
      vertex 45.6112 2.5 18.765
      vertex 46.5039 2.5 18.8453
    endloop
  endfacet
  facet normal -0.0832759 -0.37139 0.924735
    outer loop
      vertex 45.6112 2.5 18.765
      vertex 46.3928 5.6 20.0804
      vertex 45.5 5.6 20
    endloop
  endfacet
  facet normal 0.476612 -0.370094 -0.797416
    outer loop
      vertex -48.0645 5.6 74.2923
      vertex -48.6025 2.5 75.4095
      vertex -48.7934 2.5 75.2954
    endloop
  endfacet
  facet normal -0.927669 -0.371067 -0.0417117
    outer loop
      vertex 51.74 2.5 70
      vertex 51.735 2.5 70.1112
      vertex 50.5 5.6 70
    endloop
  endfacet
  facet normal 0.641607 -0.371393 0.671124
    outer loop
      vertex -49.2654 5.6 21.7103
      vertex -49.4744 2.5 20.1946
      vertex -48.6174 5.6 21.0908
    endloop
  endfacet
  facet normal 0.641664 -0.371375 0.67108
    outer loop
      vertex -49.4744 2.5 20.1946
      vertex -49.2654 5.6 21.7103
      vertex -50.1223 2.5 20.8141
    endloop
  endfacet
  facet normal -0.67108 -0.371375 0.641664
    outer loop
      vertex 50.3054 2.5 21.0256
      vertex 48.7897 5.6 21.2346
      vertex 49.6859 2.5 20.3777
    endloop
  endfacet
  facet normal -0.671124 -0.371393 0.641607
    outer loop
      vertex 48.7897 5.6 21.2346
      vertex 50.3054 2.5 21.0256
      vertex 49.4092 5.6 21.8826
    endloop
  endfacet
  facet normal -0.928026 -0.37121 0.0311567
    outer loop
      vertex 51.7372 2.5 24.9166
      vertex 51.74 2.5 25
      vertex 50.5 5.6 25
    endloop
  endfacet
  facet normal -0.402835 -0.371389 0.836537
    outer loop
      vertex 48.0645 5.6 20.7077
      vertex 47.7949 2.5 19.2016
      vertex 48.6025 2.5 19.5905
    endloop
  endfacet
  facet normal -0.402835 -0.371389 0.836537
    outer loop
      vertex 47.7949 2.5 19.2016
      vertex 48.0645 5.6 20.7077
      vertex 47.2569 5.6 20.3188
    endloop
  endfacet
  facet normal 0.28712 -0.370095 0.883511
    outer loop
      vertex -47.321 2.5 19.0358
      vertex -47.0451 5.6 20.2447
      vertex -47.5324 2.5 19.1045
    endloop
  endfacet
  facet normal 0.0830857 -0.3714 -0.924748
    outer loop
      vertex -45.6112 2.5 76.235
      vertex -46 5.5 74.9952
      vertex -45.5036 5.5 75.0398
    endloop
  endfacet
  facet normal 0.0831825 -0.371386 -0.924745
    outer loop
      vertex -46.5039 2.5 76.1547
      vertex -46 5.5 74.9952
      vertex -45.6112 2.5 76.235
    endloop
  endfacet
  facet normal 0.0833402 -0.371404 -0.924723
    outer loop
      vertex -46 5.5 74.9952
      vertex -46.5039 2.5 76.1547
      vertex -46.3937 5.57449 74.9298
    endloop
  endfacet
  facet normal 0.926368 -0.371393 -0.0625216
    outer loop
      vertex -51.7372 2.5 70.0834
      vertex -50.4547 5.6 70.6712
      vertex -51.6919 2.5 70.7546
    endloop
  endfacet
  facet normal 0.926368 -0.371393 -0.0625216
    outer loop
      vertex -50.4547 5.6 70.6712
      vertex -51.7372 2.5 70.0834
      vertex -50.5 5.6 70
    endloop
  endfacet
  facet normal 0 -0.371391 -0.928477
    outer loop
      vertex -45.5 2.5 76.24
      vertex 45.5 5.5 75.04
      vertex 45.5 2.5 76.24
    endloop
  endfacet
  facet normal -0 -0.371391 -0.928477
    outer loop
      vertex 45.5 5.5 75.04
      vertex -45.5 2.5 76.24
      vertex -45.5 5.5 75.04
    endloop
  endfacet
  facet normal 0.818175 -0.370111 -0.440009
    outer loop
      vertex -49.903 5.6 72.3693
      vertex -50.9379 2.5 73.0525
      vertex -51.0432 2.5 72.8567
    endloop
  endfacet
  facet normal -0.440185 -0.370105 -0.818083
    outer loop
      vertex 48.5524 2.5 75.4379
      vertex 48.3567 2.5 75.5432
      vertex 47.8693 5.6 74.403
    endloop
  endfacet
  facet normal 0.924735 -0.37139 0.0832759
    outer loop
      vertex -51.735 2.5 24.8888
      vertex -50.4196 5.6 24.1072
      vertex -50.5 5.6 25
    endloop
  endfacet
  facet normal 0.924734 -0.371413 0.0831815
    outer loop
      vertex -50.4196 5.6 24.1072
      vertex -51.735 2.5 24.8888
      vertex -51.6547 2.5 23.9961
    endloop
  endfacet
  facet normal 0.853768 -0.371392 -0.364894
    outer loop
      vertex -51.3955 2.5 72.0324
      vertex -49.903 5.6 72.3693
      vertex -51.0432 2.5 72.8567
    endloop
  endfacet
  facet normal 0.853756 -0.371382 -0.364933
    outer loop
      vertex -49.903 5.6 72.3693
      vertex -51.3955 2.5 72.0324
      vertex -50.2553 5.6 71.5451
    endloop
  endfacet
  facet normal -0.611304 -0.370089 0.699529
    outer loop
      vertex 49.5186 2.5 20.2315
      vertex 49.6859 2.5 20.3777
      vertex 48.7897 5.6 21.2346
    endloop
  endfacet
  facet normal -0.924735 -0.37139 -0.0832759
    outer loop
      vertex 51.735 2.5 70.1112
      vertex 50.4196 5.6 70.8928
      vertex 50.5 5.6 70
    endloop
  endfacet
  facet normal -0.924734 -0.371413 -0.0831815
    outer loop
      vertex 50.4196 5.6 70.8928
      vertex 51.735 2.5 70.1112
      vertex 51.6547 2.5 71.0039
    endloop
  endfacet
  facet normal 0.905191 -0.371387 -0.206643
    outer loop
      vertex -51.6637 2.5 70.9471
      vertex -50.2553 5.6 71.5451
      vertex -51.4642 2.5 71.821
    endloop
  endfacet
  facet normal 0.905204 -0.371412 -0.206543
    outer loop
      vertex -50.2553 5.6 71.5451
      vertex -51.6637 2.5 70.9471
      vertex -50.4547 5.6 70.6712
    endloop
  endfacet
  facet normal -0.32642 -0.370099 0.869757
    outer loop
      vertex 47.5868 2.5 19.1235
      vertex 47.7949 2.5 19.2016
      vertex 47.2569 5.6 20.3188
    endloop
  endfacet
  facet normal 0.836537 -0.371389 0.402835
    outer loop
      vertex -51.2984 2.5 22.7051
      vertex -49.7923 5.6 22.4355
      vertex -50.1812 5.6 23.2431
    endloop
  endfacet
  facet normal 0.836537 -0.371389 0.402835
    outer loop
      vertex -49.7923 5.6 22.4355
      vertex -51.2984 2.5 22.7051
      vertex -50.9095 2.5 21.8975
    endloop
  endfacet
  facet normal 0 -1 0
    outer loop
      vertex -48.0645 5.6 74.2923
      vertex -46.5285 5.6 74.8822
      vertex -47.2569 5.6 74.6812
    endloop
  endfacet
  facet normal 0 -1 0
    outer loop
      vertex -48.7897 5.6 73.7654
      vertex -46.5285 5.6 74.8822
      vertex -48.0645 5.6 74.2923
    endloop
  endfacet
  facet normal 0 -1 0
    outer loop
      vertex -49.4092 5.6 73.1174
      vertex -46.5285 5.6 74.8822
      vertex -48.7897 5.6 73.7654
    endloop
  endfacet
  facet normal 0 -1 0
    outer loop
      vertex -49.903 5.6 72.3693
      vertex -46.5285 5.6 74.8822
      vertex -49.4092 5.6 73.1174
    endloop
  endfacet
  facet normal 0 -1 0
    outer loop
      vertex -50.2553 5.6 71.5451
      vertex -46.5285 5.6 74.8822
      vertex -49.903 5.6 72.3693
    endloop
  endfacet
  facet normal 0 -1 0
    outer loop
      vertex -50.4547 5.6 70.6712
      vertex -46.5285 5.6 74.8822
      vertex -50.2553 5.6 71.5451
    endloop
  endfacet
  facet normal 0 -1 0
    outer loop
      vertex -50.5 5.6 70
      vertex -46.5285 5.6 74.8822
      vertex -50.4547 5.6 70.6712
    endloop
  endfacet
  facet normal 0 -1 0
    outer loop
      vertex -50.5 5.6 70
      vertex -46.5285 5.6 33
      vertex -46.5285 5.6 74.8822
    endloop
  endfacet
  facet normal 0 -1 0
    outer loop
      vertex -46.5285 5.6 33
      vertex -46 5.6 31
      vertex -46 5.6 33
    endloop
  endfacet
  facet normal 0 -1 0
    outer loop
      vertex -46.5285 5.6 33
      vertex -46.5285 5.6 30.0487
      vertex -46 5.6 31
    endloop
  endfacet
  facet normal 0 -1 0
    outer loop
      vertex -50.5 5.6 25
      vertex -46.5285 5.6 33
      vertex -50.5 5.6 70
    endloop
  endfacet
  facet normal 0 -1 -0
    outer loop
      vertex -46.5285 5.6 33
      vertex -50.5 5.6 25
      vertex -46.5285 5.6 30.0487
    endloop
  endfacet
  facet normal 0 -1 0
    outer loop
      vertex -46.5285 5.6 22
      vertex -50.5 5.6 25
      vertex -50.4196 5.6 24.1072
    endloop
  endfacet
  facet normal 0 -1 0
    outer loop
      vertex -46.5285 5.6 22
      vertex -50.4196 5.6 24.1072
      vertex -50.1812 5.6 23.2431
    endloop
  endfacet
  facet normal 0 -1 0
    outer loop
      vertex -46.5285 5.6 22
      vertex -50.1812 5.6 23.2431
      vertex -49.7923 5.6 22.4355
    endloop
  endfacet
  facet normal 0 -1 0
    outer loop
      vertex -50.5 5.6 25
      vertex -46.5285 5.6 22
      vertex -46.5285 5.6 30.0487
    endloop
  endfacet
  facet normal 0 -1 0
    outer loop
      vertex -49.2654 5.6 21.7103
      vertex -46.5285 5.6 22
      vertex -49.7923 5.6 22.4355
    endloop
  endfacet
  facet normal 0 -1 0
    outer loop
      vertex -48.6174 5.6 21.0908
      vertex -46.5285 5.6 22
      vertex -49.2654 5.6 21.7103
    endloop
  endfacet
  facet normal 0 -1 0
    outer loop
      vertex -47.8693 5.6 20.597
      vertex -46.5285 5.6 22
      vertex -48.6174 5.6 21.0908
    endloop
  endfacet
  facet normal 0 -1 0
    outer loop
      vertex -47.0451 5.6 20.2447
      vertex -46.5285 5.6 22
      vertex -47.8693 5.6 20.597
    endloop
  endfacet
  facet normal 0 -1 0
    outer loop
      vertex -46.1712 5.6 20.0453
      vertex -46.5285 5.6 22
      vertex -47.0451 5.6 20.2447
    endloop
  endfacet
  facet normal 0 -1 0
    outer loop
      vertex -45.5 5.6 20
      vertex -46.5285 5.6 22
      vertex -46.1712 5.6 20.0453
    endloop
  endfacet
  facet normal -0 -1 0
    outer loop
      vertex -44 5.6 21
      vertex -46.5285 5.6 22
      vertex -45.5 5.6 20
    endloop
  endfacet
  facet normal 0 -1 0
    outer loop
      vertex -46.5285 5.6 22
      vertex -44 5.6 21
      vertex -44 5.6 22
    endloop
  endfacet
  facet normal 0 -1 0
    outer loop
      vertex -44 5.6 21
      vertex -45.5 5.6 20
      vertex -44.1667 5.6 20
    endloop
  endfacet
  facet normal 0 -1 0
    outer loop
      vertex 46 5.6 33
      vertex 46 5.6 31
      vertex 46.6634 5.6 33
    endloop
  endfacet
  facet normal 0 -1 0
    outer loop
      vertex 46.6634 5.6 74.8424
      vertex 47.8693 5.6 74.403
      vertex 47.0451 5.6 74.7553
    endloop
  endfacet
  facet normal 0 -1 0
    outer loop
      vertex 46.6634 5.6 74.8424
      vertex 48.6174 5.6 73.9092
      vertex 47.8693 5.6 74.403
    endloop
  endfacet
  facet normal 0 -1 0
    outer loop
      vertex 46.6634 5.6 74.8424
      vertex 49.2654 5.6 73.2897
      vertex 48.6174 5.6 73.9092
    endloop
  endfacet
  facet normal 0 -1 0
    outer loop
      vertex 46.6634 5.6 74.8424
      vertex 49.7923 5.6 72.5645
      vertex 49.2654 5.6 73.2897
    endloop
  endfacet
  facet normal 0 -1 0
    outer loop
      vertex 46.6634 5.6 74.8424
      vertex 50.1812 5.6 71.7569
      vertex 49.7923 5.6 72.5645
    endloop
  endfacet
  facet normal 0 -1 0
    outer loop
      vertex 46.6634 5.6 74.8424
      vertex 50.4196 5.6 70.8928
      vertex 50.1812 5.6 71.7569
    endloop
  endfacet
  facet normal 0 -1 0
    outer loop
      vertex 46.6634 5.6 74.8424
      vertex 50.5 5.6 70
      vertex 50.4196 5.6 70.8928
    endloop
  endfacet
  facet normal 0 -1 0
    outer loop
      vertex 46.6634 5.6 33
      vertex 50.5 5.6 70
      vertex 46.6634 5.6 74.8424
    endloop
  endfacet
  facet normal 0 -1 0
    outer loop
      vertex 46.6634 5.6 29.8058
      vertex 46.6634 5.6 33
      vertex 46 5.6 31
    endloop
  endfacet
  facet normal 0 -1 0
    outer loop
      vertex 50.5 5.6 25
      vertex 46.6634 5.6 33
      vertex 46.6634 5.6 29.8058
    endloop
  endfacet
  facet normal 0 -1 0
    outer loop
      vertex 46.6634 5.6 33
      vertex 50.5 5.6 25
      vertex 50.5 5.6 70
    endloop
  endfacet
  facet normal 0 -1 0
    outer loop
      vertex 46.6634 5.6 22
      vertex 50.5 5.6 25
      vertex 46.6634 5.6 29.8058
    endloop
  endfacet
  facet normal 0 -1 0
    outer loop
      vertex 50.5 5.6 25
      vertex 46.6634 5.6 22
      vertex 50.4547 5.6 24.3288
    endloop
  endfacet
  facet normal 0 -1 0
    outer loop
      vertex 50.4547 5.6 24.3288
      vertex 46.6634 5.6 22
      vertex 50.2553 5.6 23.4549
    endloop
  endfacet
  facet normal 0 -1 0
    outer loop
      vertex 50.2553 5.6 23.4549
      vertex 46.6634 5.6 22
      vertex 49.903 5.6 22.6307
    endloop
  endfacet
  facet normal 0 -1 0
    outer loop
      vertex 49.903 5.6 22.6307
      vertex 46.6634 5.6 22
      vertex 49.4092 5.6 21.8826
    endloop
  endfacet
  facet normal 0 -1 0
    outer loop
      vertex 44 5.6 21
      vertex 46.6634 5.6 22
      vertex 44 5.6 22
    endloop
  endfacet
  facet normal 0 -1 0
    outer loop
      vertex 46.6634 5.6 22
      vertex 48.7897 5.6 21.2346
      vertex 49.4092 5.6 21.8826
    endloop
  endfacet
  facet normal 0 -1 0
    outer loop
      vertex 46.6634 5.6 22
      vertex 44 5.6 21
      vertex 45.5 5.6 20
    endloop
  endfacet
  facet normal 0 -1 0
    outer loop
      vertex 46.6634 5.6 22
      vertex 48.0645 5.6 20.7077
      vertex 48.7897 5.6 21.2346
    endloop
  endfacet
  facet normal 0 -1 0
    outer loop
      vertex 46.6634 5.6 22
      vertex 47.2569 5.6 20.3188
      vertex 48.0645 5.6 20.7077
    endloop
  endfacet
  facet normal 0 -1 -0
    outer loop
      vertex 46.6634 5.6 22
      vertex 46.3928 5.6 20.0804
      vertex 47.2569 5.6 20.3188
    endloop
  endfacet
  facet normal 0 -1 0
    outer loop
      vertex 45.5 5.6 20
      vertex 44 5.6 21
      vertex 44.1667 5.6 20
    endloop
  endfacet
  facet normal 0 -1 0
    outer loop
      vertex 46.6634 5.6 22
      vertex 45.5 5.6 20
      vertex 46.3928 5.6 20.0804
    endloop
  endfacet
  facet normal -0.545755 -0.371381 0.751151
    outer loop
      vertex 48.7897 5.6 21.2346
      vertex 48.7934 2.5 19.7046
      vertex 49.5186 2.5 20.2315
    endloop
  endfacet
  facet normal -0.545755 -0.371381 0.751151
    outer loop
      vertex 48.7934 2.5 19.7046
      vertex 48.7897 5.6 21.2346
      vertex 48.0645 5.6 20.7077
    endloop
  endfacet
  facet normal -0.134636 -0.370413 -0.919058
    outer loop
      vertex 46.1732 5.5261 74.9842
      vertex 46.4471 2.5 76.1637
      vertex 46.2546 2.5 76.1919
    endloop
  endfacet
  facet normal -0.128071 -0.370215 -0.920075
    outer loop
      vertex 46.4471 2.5 76.1637
      vertex 46.1732 5.5261 74.9842
      vertex 46.1777 5.52678 74.9833
    endloop
  endfacet
  facet normal -0.0311567 -0.371213 -0.928025
    outer loop
      vertex 45.5 2.5 76.24
      vertex 45.5027 5.5 75.0399
      vertex 45.5834 2.5 76.2372
    endloop
  endfacet
  facet normal -0.0343677 -0.371171 -0.927928
    outer loop
      vertex 45.5027 5.5 75.0399
      vertex 45.5 2.5 76.24
      vertex 45.5 5.5 75.04
    endloop
  endfacet
  facet normal -0.165851 -0.370122 0.914058
    outer loop
      vertex 46.5039 2.5 18.8453
      vertex 46.7227 2.5 18.885
      vertex 46.3928 5.6 20.0804
    endloop
  endfacet
  facet normal 0.914058 -0.370122 0.165851
    outer loop
      vertex -51.615 2.5 23.7773
      vertex -50.4196 5.6 24.1072
      vertex -51.6547 2.5 23.9961
    endloop
  endfacet
  facet normal -0.28712 -0.370095 -0.883511
    outer loop
      vertex 47.5324 2.5 75.8955
      vertex 47.321 2.5 75.9642
      vertex 47.0451 5.6 74.7553
    endloop
  endfacet
  facet normal -0.726317 -0.370101 0.579215
    outer loop
      vertex 50.3054 2.5 21.0256
      vertex 50.444 2.5 21.1994
      vertex 49.4092 5.6 21.8826
    endloop
  endfacet
  facet normal -0.476612 -0.370094 0.797416
    outer loop
      vertex 48.6025 2.5 19.5905
      vertex 48.7934 2.5 19.7046
      vertex 48.0645 5.6 20.7077
    endloop
  endfacet
  facet normal -0.247032 -0.371388 0.895012
    outer loop
      vertex 47.2569 5.6 20.3188
      vertex 46.7227 2.5 18.885
      vertex 47.5868 2.5 19.1235
    endloop
  endfacet
  facet normal -0.246933 -0.371413 0.895029
    outer loop
      vertex 46.7227 2.5 18.885
      vertex 47.2569 5.6 20.3188
      vertex 46.3928 5.6 20.0804
    endloop
  endfacet
  facet normal -0.928477 -0.371391 0
    outer loop
      vertex 51.74 2.5 25
      vertex 50.5 5.6 70
      vertex 50.5 5.6 25
    endloop
  endfacet
  facet normal -0.928477 -0.371391 0
    outer loop
      vertex 50.5 5.6 70
      vertex 51.74 2.5 25
      vertex 51.74 2.5 70
    endloop
  endfacet
  facet normal -0.206643 -0.371387 -0.905191
    outer loop
      vertex 46.4471 2.5 76.1637
      vertex 47.0451 5.6 74.7553
      vertex 47.321 2.5 75.9642
    endloop
  endfacet
  facet normal -0.206558 -0.371408 -0.905202
    outer loop
      vertex 47.0451 5.6 74.7553
      vertex 46.4471 2.5 76.1637
      vertex 46.6634 5.6 74.8424
    endloop
  endfacet
  facet normal -0.206604 -0.371401 -0.905194
    outer loop
      vertex 46.6634 5.6 74.8424
      vertex 46.4471 2.5 76.1637
      vertex 46.1777 5.52678 74.9833
    endloop
  endfacet
  facet normal 0.402835 -0.371389 -0.836537
    outer loop
      vertex -47.7949 2.5 75.7984
      vertex -48.0645 5.6 74.2923
      vertex -47.2569 5.6 74.6812
    endloop
  endfacet
  facet normal 0.402835 -0.371389 -0.836537
    outer loop
      vertex -48.0645 5.6 74.2923
      vertex -47.7949 2.5 75.7984
      vertex -48.6025 2.5 75.4095
    endloop
  endfacet
  facet normal 0.883511 -0.370095 -0.28712
    outer loop
      vertex -50.2553 5.6 71.5451
      vertex -51.3955 2.5 72.0324
      vertex -51.4642 2.5 71.821
    endloop
  endfacet
  facet normal 0.0625216 -0.371393 0.926368
    outer loop
      vertex -46.1712 5.6 20.0453
      vertex -45.5834 2.5 18.7628
      vertex -45.5 5.6 20
    endloop
  endfacet
  facet normal 0.0625216 -0.371393 0.926368
    outer loop
      vertex -45.5834 2.5 18.7628
      vertex -46.1712 5.6 20.0453
      vertex -46.2546 2.5 18.8081
    endloop
  endfacet
  facet normal 0.364933 -0.371382 0.853756
    outer loop
      vertex -47.8693 5.6 20.597
      vertex -47.5324 2.5 19.1045
      vertex -47.0451 5.6 20.2447
    endloop
  endfacet
  facet normal 0.364894 -0.371392 0.853768
    outer loop
      vertex -47.5324 2.5 19.1045
      vertex -47.8693 5.6 20.597
      vertex -48.3567 2.5 19.4568
    endloop
  endfacet
  facet normal 0.751151 -0.371381 0.545755
    outer loop
      vertex -50.7954 2.5 21.7066
      vertex -49.2654 5.6 21.7103
      vertex -49.7923 5.6 22.4355
    endloop
  endfacet
  facet normal 0.751151 -0.371381 0.545755
    outer loop
      vertex -49.2654 5.6 21.7103
      vertex -50.7954 2.5 21.7066
      vertex -50.2685 2.5 20.9814
    endloop
  endfacet
  facet normal 0.869757 -0.370099 0.32642
    outer loop
      vertex -51.2984 2.5 22.7051
      vertex -50.1812 5.6 23.2431
      vertex -51.3765 2.5 22.9132
    endloop
  endfacet
  facet normal 0.774843 -0.371388 -0.511556
    outer loop
      vertex -50.9379 2.5 73.0525
      vertex -49.4092 5.6 73.1174
      vertex -50.444 2.5 73.8006
    endloop
  endfacet
  facet normal 0.774883 -0.371409 -0.511479
    outer loop
      vertex -49.4092 5.6 73.1174
      vertex -50.9379 2.5 73.0525
      vertex -49.903 5.6 72.3693
    endloop
  endfacet
  facet normal 0.797416 -0.370094 0.476612
    outer loop
      vertex -50.7954 2.5 21.7066
      vertex -49.7923 5.6 22.4355
      vertex -50.9095 2.5 21.8975
    endloop
  endfacet
  facet normal -0.883511 -0.370095 0.28712
    outer loop
      vertex 51.3955 2.5 22.9676
      vertex 51.4642 2.5 23.179
      vertex 50.2553 5.6 23.4549
    endloop
  endfacet
  facet normal 0.511482 -0.371395 0.774888
    outer loop
      vertex -48.6174 5.6 21.0908
      vertex -48.5524 2.5 19.5621
      vertex -47.8693 5.6 20.597
    endloop
  endfacet
  facet normal 0.511508 -0.371388 0.774874
    outer loop
      vertex -48.5524 2.5 19.5621
      vertex -48.6174 5.6 21.0908
      vertex -49.3006 2.5 20.056
    endloop
  endfacet
  facet normal -0.797416 -0.370094 -0.476612
    outer loop
      vertex 50.9095 2.5 73.1025
      vertex 50.7954 2.5 73.2934
      vertex 49.7923 5.6 72.5645
    endloop
  endfacet
  facet normal 0.247316 -0.371388 -0.894933
    outer loop
      vertex -46.7227 2.5 76.115
      vertex -46.5285 5.6 74.8822
      vertex -46.3955 5.57483 74.9294
    endloop
  endfacet
  facet normal 0.246979 -0.371402 -0.895021
    outer loop
      vertex -46.7227 2.5 76.115
      vertex -47.2569 5.6 74.6812
      vertex -46.5285 5.6 74.8822
    endloop
  endfacet
  facet normal 0.247032 -0.371388 -0.895012
    outer loop
      vertex -47.2569 5.6 74.6812
      vertex -46.7227 2.5 76.115
      vertex -47.5868 2.5 75.8765
    endloop
  endfacet
  facet normal 0.165851 -0.370114 -0.914062
    outer loop
      vertex -46.7227 2.5 76.115
      vertex -46.3937 5.57449 74.9298
      vertex -46.5039 2.5 76.1547
    endloop
  endfacet
  facet normal 0.134679 -0.368931 -0.919647
    outer loop
      vertex -46.3937 5.57449 74.9298
      vertex -46.7227 2.5 76.115
      vertex -46.3955 5.57483 74.9294
    endloop
  endfacet
  facet normal -0.836537 -0.371389 -0.402835
    outer loop
      vertex 51.2984 2.5 72.2949
      vertex 49.7923 5.6 72.5645
      vertex 50.1812 5.6 71.7569
    endloop
  endfacet
  facet normal -0.836537 -0.371389 -0.402835
    outer loop
      vertex 49.7923 5.6 72.5645
      vertex 51.2984 2.5 72.2949
      vertex 50.9095 2.5 73.1025
    endloop
  endfacet
  facet normal 0.895029 -0.371413 0.246933
    outer loop
      vertex -51.615 2.5 23.7773
      vertex -50.1812 5.6 23.2431
      vertex -50.4196 5.6 24.1072
    endloop
  endfacet
  facet normal 0.895012 -0.371388 0.247032
    outer loop
      vertex -50.1812 5.6 23.2431
      vertex -51.615 2.5 23.7773
      vertex -51.3765 2.5 22.9132
    endloop
  endfacet
  facet normal 0.0515136 -0.370898 -0.927244
    outer loop
      vertex -45.5 2.5 76.24
      vertex -45.5036 5.5 75.0398
      vertex -45.5 5.5 75.04
    endloop
  endfacet
  facet normal 0.0417115 -0.371078 -0.927665
    outer loop
      vertex -45.5036 5.5 75.0398
      vertex -45.5 2.5 76.24
      vertex -45.6112 2.5 76.235
    endloop
  endfacet
  facet normal 0.611304 -0.370089 -0.699529
    outer loop
      vertex -48.7897 5.6 73.7654
      vertex -49.5186 2.5 74.7685
      vertex -49.6859 2.5 74.6223
    endloop
  endfacet
  facet normal 0.32642 -0.370099 -0.869757
    outer loop
      vertex -47.2569 5.6 74.6812
      vertex -47.5868 2.5 75.8765
      vertex -47.7949 2.5 75.7984
    endloop
  endfacet
  facet normal -0.364894 -0.371392 -0.853768
    outer loop
      vertex 47.5324 2.5 75.8955
      vertex 47.8693 5.6 74.403
      vertex 48.3567 2.5 75.5432
    endloop
  endfacet
  facet normal -0.364933 -0.371382 -0.853756
    outer loop
      vertex 47.8693 5.6 74.403
      vertex 47.5324 2.5 75.8955
      vertex 47.0451 5.6 74.7553
    endloop
  endfacet
  facet normal 0.0311567 -0.37121 0.928026
    outer loop
      vertex -45.5 2.5 18.76
      vertex -45.5 5.6 20
      vertex -45.5834 2.5 18.7628
    endloop
  endfacet
  facet normal 0.927669 -0.371067 0.0417117
    outer loop
      vertex -51.735 2.5 24.8888
      vertex -50.5 5.6 25
      vertex -51.74 2.5 25
    endloop
  endfacet
  facet normal -0.511508 -0.371388 -0.774874
    outer loop
      vertex 48.5524 2.5 75.4379
      vertex 48.6174 5.6 73.9092
      vertex 49.3006 2.5 74.944
    endloop
  endfacet
  facet normal -0.511482 -0.371395 -0.774888
    outer loop
      vertex 48.6174 5.6 73.9092
      vertex 48.5524 2.5 75.4379
      vertex 47.8693 5.6 74.403
    endloop
  endfacet
  facet normal -0.699529 -0.370089 -0.611304
    outer loop
      vertex 50.2685 2.5 74.0186
      vertex 50.1223 2.5 74.1859
      vertex 49.2654 5.6 73.2897
    endloop
  endfacet
  facet normal -0.895029 -0.371413 -0.246933
    outer loop
      vertex 51.615 2.5 71.2227
      vertex 50.1812 5.6 71.7569
      vertex 50.4196 5.6 70.8928
    endloop
  endfacet
  facet normal -0.895012 -0.371388 -0.247032
    outer loop
      vertex 50.1812 5.6 71.7569
      vertex 51.615 2.5 71.2227
      vertex 51.3765 2.5 72.0868
    endloop
  endfacet
  facet normal -0.869757 -0.370099 -0.32642
    outer loop
      vertex 51.3765 2.5 72.0868
      vertex 51.2984 2.5 72.2949
      vertex 50.1812 5.6 71.7569
    endloop
  endfacet
  facet normal -0.905191 -0.371387 0.206643
    outer loop
      vertex 51.6637 2.5 24.0529
      vertex 50.2553 5.6 23.4549
      vertex 51.4642 2.5 23.179
    endloop
  endfacet
  facet normal -0.905204 -0.371412 0.206543
    outer loop
      vertex 50.2553 5.6 23.4549
      vertex 51.6637 2.5 24.0529
      vertex 50.4547 5.6 24.3288
    endloop
  endfacet
  facet normal -0.919057 -0.370415 0.134636
    outer loop
      vertex 51.6637 2.5 24.0529
      vertex 51.6919 2.5 24.2454
      vertex 50.4547 5.6 24.3288
    endloop
  endfacet
  facet normal 0.919057 -0.370415 -0.134636
    outer loop
      vertex -50.4547 5.6 70.6712
      vertex -51.6637 2.5 70.9471
      vertex -51.6919 2.5 70.7546
    endloop
  endfacet
  facet normal -0.0627698 -0.371391 -0.926352
    outer loop
      vertex 46.2546 2.5 76.1919
      vertex 46 5.5 75.0064
      vertex 46.1732 5.5261 74.9842
    endloop
  endfacet
  facet normal -0.062522 -0.371378 -0.926374
    outer loop
      vertex 45.5834 2.5 76.2372
      vertex 46 5.5 75.0064
      vertex 46.2546 2.5 76.1919
    endloop
  endfacet
  facet normal -0.0624041 -0.371395 -0.926375
    outer loop
      vertex 46 5.5 75.0064
      vertex 45.5834 2.5 76.2372
      vertex 45.5027 5.5 75.0399
    endloop
  endfacet
  facet normal 0.67108 -0.371375 -0.641664
    outer loop
      vertex -50.3054 2.5 73.9744
      vertex -48.7897 5.6 73.7654
      vertex -49.6859 2.5 74.6223
    endloop
  endfacet
  facet normal 0.671124 -0.371393 -0.641607
    outer loop
      vertex -48.7897 5.6 73.7654
      vertex -50.3054 2.5 73.9744
      vertex -49.4092 5.6 73.1174
    endloop
  endfacet
  facet normal -0.641664 -0.371375 -0.67108
    outer loop
      vertex 49.4744 2.5 74.8054
      vertex 49.2654 5.6 73.2897
      vertex 50.1223 2.5 74.1859
    endloop
  endfacet
  facet normal -0.641607 -0.371393 -0.671124
    outer loop
      vertex 49.2654 5.6 73.2897
      vertex 49.4744 2.5 74.8054
      vertex 48.6174 5.6 73.9092
    endloop
  endfacet
  facet normal 0.726317 -0.370101 -0.579215
    outer loop
      vertex -49.4092 5.6 73.1174
      vertex -50.3054 2.5 73.9744
      vertex -50.444 2.5 73.8006
    endloop
  endfacet
  facet normal -0.579215 -0.370101 -0.726317
    outer loop
      vertex 49.4744 2.5 74.8054
      vertex 49.3006 2.5 74.944
      vertex 48.6174 5.6 73.9092
    endloop
  endfacet
endsolid OpenSCAD_Model
