solid OpenSCAD_Model
  facet normal -0.0968951 0.700506 -0.707038
    outer loop
      vertex -3.28512 20.7415 33
      vertex -10.1682 64.1997 77
      vertex -7.70293 64.5407 77
    endloop
  endfacet
  facet normal 0.257747 0.658531 -0.707038
    outer loop
      vertex 24.8152 60.0753 77
      vertex 7.26846 19.702 33
      vertex 22.4976 60.9824 77
    endloop
  endfacet
  facet normal 0.707039 0.0138947 -0.707039
    outer loop
      vertex 65 0 77
      vertex 21 0 33
      vertex 64.9511 2.4883 77
    endloop
  endfacet
  facet normal 0.707054 0.0133427 -0.707033
    outer loop
      vertex 64.9511 2.4883 77
      vertex 20.9838 0.824455 33
      vertex 64.9499 2.55189 77
    endloop
  endfacet
  facet normal 0.707039 0.0138928 -0.707038
    outer loop
      vertex 20.9838 0.824455 33
      vertex 64.9511 2.4883 77
      vertex 21 0 33
    endloop
  endfacet
  facet normal 0.667945 -0.23228 -0.707032
    outer loop
      vertex 61.7978 -20.1462 77
      vertex 19.9722 -6.48936 33
      vertex 61.8187 -20.0861 77
    endloop
  endfacet
  facet normal 0.668135 -0.231716 -0.707038
    outer loop
      vertex 19.9722 -6.48936 33
      vertex 61.7978 -20.1462 77
      vertex 19.702 -7.26846 33
    endloop
  endfacet
  facet normal 0.528618 -0.469744 -0.707039
    outer loop
      vertex 47.7732 -44.0745 77
      vertex 15.9685 -13.6384 33
      vertex 49.4264 -42.2141 77
    endloop
  endfacet
  facet normal -0.426811 0.563853 -0.707038
    outer loop
      vertex -13.001 16.4917 33
      vertex -40.2411 51.0456 77
      vertex -38.2567 52.5477 77
    endloop
  endfacet
  facet normal 0.469744 0.528618 -0.707039
    outer loop
      vertex 44.0745 47.7732 77
      vertex 13.6384 15.9685 33
      vertex 42.2141 49.4264 77
    endloop
  endfacet
  facet normal -0.151539 -0.690748 -0.707038
    outer loop
      vertex -12.6809 -63.751 77
      vertex -15.1118 -63.2177 77
      vertex -4.0969 -20.5965 33
    endloop
  endfacet
  facet normal -0.684261 -0.17856 -0.707038
    outer loop
      vertex -62.5596 -17.6436 77
      vertex -63.188 -15.2355 77
      vertex -20.2116 -5.70025 33
    endloop
  endfacet
  facet normal 0.357589 -0.610104 -0.707039
    outer loop
      vertex 31.8152 -56.6801 77
      vertex 10.9725 -17.9054 33
      vertex 33.9624 -55.4216 77
    endloop
  endfacet
  facet normal -0.684261 0.17856 -0.707038
    outer loop
      vertex -20.2116 5.70025 33
      vertex -63.188 15.2355 77
      vertex -62.5596 17.6436 77
    endloop
  endfacet
  facet normal 0.63622 -0.308745 -0.707037
    outer loop
      vertex 48.3892 -22.8125 65.504
      vertex 18.7111 -9.5338 33
      vertex 48.9606 -22.8499 66.0345
    endloop
  endfacet
  facet normal 0.636252 -0.308676 -0.707038
    outer loop
      vertex 47.7202 -22.8563 64.9211
      vertex 18.7111 -9.5338 33
      vertex 48.3892 -22.8125 65.504
    endloop
  endfacet
  facet normal 0.636275 -0.308626 -0.707039
    outer loop
      vertex 47.0627 -22.9871 64.3865
      vertex 18.7111 -9.5338 33
      vertex 47.7202 -22.8563 64.9211
    endloop
  endfacet
  facet normal 0.636276 -0.308626 -0.707039
    outer loop
      vertex 46.4279 -23.2026 63.9093
      vertex 18.7111 -9.5338 33
      vertex 47.0627 -22.9871 64.3865
    endloop
  endfacet
  facet normal 0.636324 -0.308527 -0.707038
    outer loop
      vertex 18.7111 -9.5338 33
      vertex 46.4279 -23.2026 63.9093
      vertex 45.9755 -23.4257 63.5995
    endloop
  endfacet
  facet normal 0.636159 -0.309115 -0.70693
    outer loop
      vertex 55.8936 -27.1895 74.1679
      vertex 59.0016 -27.2701 77
      vertex 58.9516 -27.373 77
    endloop
  endfacet
  facet normal 0.637148 -0.306984 -0.706967
    outer loop
      vertex 52.8275 -25.375 70.6167
      vertex 55.8936 -27.1895 74.1679
      vertex 52.8581 -25.437 70.6712
    endloop
  endfacet
  facet normal 0.636183 -0.308783 -0.707053
    outer loop
      vertex 52.4551 -24.8176 70.0382
      vertex 55.8936 -27.1895 74.1679
      vertex 52.8275 -25.375 70.6167
    endloop
  endfacet
  facet normal 0.636271 -0.308631 -0.70704
    outer loop
      vertex 55.8936 -27.1895 74.1679
      vertex 52.4551 -24.8176 70.0382
      vertex 59.0016 -27.2701 77
    endloop
  endfacet
  facet normal 0.636238 -0.308709 -0.707036
    outer loop
      vertex 52.0131 -24.3136 69.4204
      vertex 59.0016 -27.2701 77
      vertex 52.4551 -24.8176 70.0382
    endloop
  endfacet
  facet normal 0.636515 -0.308098 -0.707053
    outer loop
      vertex 59.0016 -27.2701 77
      vertex 52.0131 -24.3136 69.4204
      vertex 51.7386 -24.0729 69.0684
    endloop
  endfacet
  facet normal 0.63633 -0.308511 -0.707039
    outer loop
      vertex 49.7156 -22.9871 66.7739
      vertex 19.071 -8.79185 33
      vertex 50.2743 -23.1768 67.3595
    endloop
  endfacet
  facet normal 0.636294 -0.308587 -0.707039
    outer loop
      vertex 49.0581 -22.8563 66.1251
      vertex 19.071 -8.79185 33
      vertex 49.7156 -22.9871 66.7739
    endloop
  endfacet
  facet normal 0.636826 -0.30747 -0.707046
    outer loop
      vertex 48.9606 -22.8499 66.0345
      vertex 19.071 -8.79185 33
      vertex 49.0581 -22.8563 66.1251
    endloop
  endfacet
  facet normal 0.63627 -0.308637 -0.707039
    outer loop
      vertex 19.071 -8.79185 33
      vertex 48.9606 -22.8499 66.0345
      vertex 18.7111 -9.5338 33
    endloop
  endfacet
  facet normal 0.636461 -0.308216 -0.707051
    outer loop
      vertex 51.7386 -24.0729 69.0684
      vertex 59.0293 -27.2129 77
      vertex 59.0016 -27.2701 77
    endloop
  endfacet
  facet normal 0.635954 -0.309324 -0.707023
    outer loop
      vertex 51.5091 -23.8716 68.7739
      vertex 59.0293 -27.2129 77
      vertex 51.7386 -24.0729 69.0684
    endloop
  endfacet
  facet normal 0.636319 -0.308537 -0.707038
    outer loop
      vertex 50.9517 -23.4991 68.1097
      vertex 59.0293 -27.2129 77
      vertex 51.5091 -23.8716 68.7739
    endloop
  endfacet
  facet normal 0.63625 -0.308684 -0.707036
    outer loop
      vertex 59.0293 -27.2129 77
      vertex 50.9517 -23.4991 68.1097
      vertex 50.6381 -23.3445 67.76
    endloop
  endfacet
  facet normal 0.70369 -0.0700466 -0.707046
    outer loop
      vertex 20.8544 -2.46828 33
      vertex 64.5557 -7.57664 77
      vertex 64.5494 -7.63993 77
    endloop
  endfacet
  facet normal 0.703762 -0.069378 -0.70704
    outer loop
      vertex 64.5557 -7.57664 77
      vertex 20.8544 -2.46828 33
      vertex 20.9353 -1.64764 33
    endloop
  endfacet
  facet normal 0.528673 -0.469684 -0.707038
    outer loop
      vertex 15.4208 -14.2548 33
      vertex 47.7732 -44.0745 77
      vertex 47.731 -44.122 77
    endloop
  endfacet
  facet normal 0.528639 -0.469721 -0.707038
    outer loop
      vertex 47.7732 -44.0745 77
      vertex 15.4208 -14.2548 33
      vertex 15.9685 -13.6384 33
    endloop
  endfacet
  facet normal -0.0415929 -0.705951 -0.707038
    outer loop
      vertex -2.09512 -53.3244 65.3656
      vertex -1.64764 -20.9353 33
      vertex -0.824455 -20.9838 33
    endloop
  endfacet
  facet normal -0.0412529 -0.705963 -0.707046
    outer loop
      vertex -1.64764 -20.9353 33
      vertex -2.09512 -53.3244 65.3656
      vertex -2.36378 -53.504 65.5606
    endloop
  endfacet
  facet normal 0.705917 -0.0422572 -0.707033
    outer loop
      vertex 64.9461 -2.61537 77
      vertex 20.9838 -0.824455 33
      vertex 64.9499 -2.55189 77
    endloop
  endfacet
  facet normal 0.705951 -0.0415928 -0.707039
    outer loop
      vertex 20.9838 -0.824455 33
      vertex 64.9461 -2.61537 77
      vertex 20.9353 -1.64764 33
    endloop
  endfacet
  facet normal -0.700506 0.0968951 -0.707038
    outer loop
      vertex -20.7415 3.28512 33
      vertex -64.5407 7.70293 77
      vertex -64.1997 10.1682 77
    endloop
  endfacet
  facet normal 0.546655 -0.448627 -0.707038
    outer loop
      vertex 49.4667 -42.165 77
      vertex 16.4917 -13.001 33
      vertex 51.0456 -40.2411 77
    endloop
  endfacet
  facet normal 0.283391 -0.647909 -0.707039
    outer loop
      vertex 8.03635 -19.4015 33
      vertex 24.9327 -60.0267 77
      vertex 24.8744 -60.0522 77
    endloop
  endfacet
  facet normal 0.283427 -0.647894 -0.707038
    outer loop
      vertex 24.9327 -60.0267 77
      vertex 8.03635 -19.4015 33
      vertex 8.79185 -19.071 33
    endloop
  endfacet
  facet normal -0.357577 0.61011 -0.707039
    outer loop
      vertex -31.8152 56.6801 77
      vertex -10.261 18.3224 33
      vertex -10.9725 17.9054 33
    endloop
  endfacet
  facet normal -0.357431 0.610194 -0.70704
    outer loop
      vertex -10.261 18.3224 33
      vertex -31.8152 56.6801 77
      vertex -31.7604 56.7122 77
    endloop
  endfacet
  facet normal 0.0967392 -0.700525 -0.70704
    outer loop
      vertex 2.46828 -20.8544 33
      vertex 7.70293 -64.5407 77
      vertex 7.63993 -64.5494 77
    endloop
  endfacet
  facet normal 0.096822 -0.700515 -0.707039
    outer loop
      vertex 7.70293 -64.5407 77
      vertex 2.46828 -20.8544 33
      vertex 3.28512 -20.7415 33
    endloop
  endfacet
  facet normal 0.580228 0.404266 -0.707039
    outer loop
      vertex 17.4609 11.667 33
      vertex 54.0092 36.1642 77
      vertex 54.0455 36.1121 77
    endloop
  endfacet
  facet normal 0.580165 0.404358 -0.707038
    outer loop
      vertex 54.0092 36.1642 77
      vertex 17.4609 11.667 33
      vertex 16.9894 12.3435 33
    endloop
  endfacet
  facet normal 0.257747 -0.658531 -0.707038
    outer loop
      vertex 22.4976 -60.9824 77
      vertex 7.26846 -19.702 33
      vertex 24.8152 -60.0753 77
    endloop
  endfacet
  facet normal 0.623671 -0.333362 -0.707039
    outer loop
      vertex 44.3232 -24.8176 62.7983
      vertex 18.7111 -9.5338 33
      vertex 44.5281 -24.584 62.8689
    endloop
  endfacet
  facet normal 0.625013 -0.330982 -0.706972
    outer loop
      vertex 44.321 -24.8209 62.7979
      vertex 18.7111 -9.5338 33
      vertex 44.3232 -24.8176 62.7983
    endloop
  endfacet
  facet normal 0.623671 -0.333362 -0.707039
    outer loop
      vertex 18.7111 -9.5338 33
      vertex 44.321 -24.8209 62.7979
      vertex 18.3224 -10.261 33
    endloop
  endfacet
  facet normal -0.0416182 0.70595 -0.707038
    outer loop
      vertex -5.09984 64.7996 77
      vertex -2.60927 64.6685 76.7225
      vertex -1.64764 20.9353 33
    endloop
  endfacet
  facet normal -0.041625 0.705908 -0.707079
    outer loop
      vertex -2.60927 64.6685 76.7225
      vertex -5.09984 64.7996 77
      vertex -2.74427 64.9385 77
    endloop
  endfacet
  facet normal 0.696159 0.124337 -0.707038
    outer loop
      vertex 64.1886 10.2308 77
      vertex 20.5965 4.0969 33
      vertex 63.751 12.6809 77
    endloop
  endfacet
  facet normal 0.647909 -0.283391 -0.707039
    outer loop
      vertex 60.0267 -24.9327 77
      vertex 19.4015 -8.03635 33
      vertex 60.0522 -24.8744 77
    endloop
  endfacet
  facet normal 0.647894 -0.283427 -0.707038
    outer loop
      vertex 19.4015 -8.03635 33
      vertex 60.0267 -24.9327 77
      vertex 19.071 -8.79185 33
    endloop
  endfacet
  facet normal -0.33336 0.623672 -0.707039
    outer loop
      vertex -9.5338 18.7111 33
      vertex -31.7043 56.7422 77
      vertex -29.5094 57.9154 77
    endloop
  endfacet
  facet normal 0.509755 0.490149 -0.707039
    outer loop
      vertex 47.6869 44.1679 77
      vertex 14.8492 14.8492 33
      vertex 45.9619 45.9619 77
    endloop
  endfacet
  facet normal -0.580162 -0.404363 -0.707038
    outer loop
      vertex -52.5861 -38.206 77
      vertex -54.0092 -36.1642 77
      vertex -16.9894 -12.3435 33
    endloop
  endfacet
  facet normal 0.658804 -0.257067 -0.707031
    outer loop
      vertex 19.4015 -8.03635 33
      vertex 60.0753 -24.8152 77
      vertex 60.0522 -24.8744 77
    endloop
  endfacet
  facet normal 0.658546 -0.25771 -0.707038
    outer loop
      vertex 60.0753 -24.8152 77
      vertex 19.4015 -8.03635 33
      vertex 19.702 -7.26846 33
    endloop
  endfacet
  facet normal 0.647905 -0.283405 -0.707037
    outer loop
      vertex 50.6381 -23.3445 67.76
      vertex 60.0267 -24.9327 77
      vertex 59.0293 -27.2129 77
    endloop
  endfacet
  facet normal 0.647941 -0.283283 -0.707053
    outer loop
      vertex 50.3504 -23.2026 67.4395
      vertex 60.0267 -24.9327 77
      vertex 50.6381 -23.3445 67.76
    endloop
  endfacet
  facet normal 0.649179 -0.279154 -0.707559
    outer loop
      vertex 50.2743 -23.1768 67.3595
      vertex 60.0267 -24.9327 77
      vertex 50.3504 -23.2026 67.4395
    endloop
  endfacet
  facet normal 0.647897 -0.283419 -0.707038
    outer loop
      vertex 60.0267 -24.9327 77
      vertex 50.2743 -23.1768 67.3595
      vertex 19.071 -8.79185 33
    endloop
  endfacet
  facet normal 0.0968951 -0.700506 -0.707038
    outer loop
      vertex 7.70293 -64.5407 77
      vertex 3.28512 -20.7415 33
      vertex 10.1682 -64.1997 77
    endloop
  endfacet
  facet normal 0.0139365 -0.707037 -0.707039
    outer loop
      vertex 1.57857 -53.064 65.095
      vertex 0 -21 33
      vertex 1.82211 -53.1841 65.2199
    endloop
  endfacet
  facet normal 0.0138372 -0.70704 -0.707038
    outer loop
      vertex 1.06763 -52.8905 64.9115
      vertex 0 -21 33
      vertex 1.57857 -53.064 65.095
    endloop
  endfacet
  facet normal 0.0138942 -0.707039 -0.707038
    outer loop
      vertex 0.538406 -52.7853 64.7959
      vertex 0 -21 33
      vertex 1.06763 -52.8905 64.9115
    endloop
  endfacet
  facet normal 0.01392 -0.707038 -0.707038
    outer loop
      vertex 0 -21 33
      vertex 0.538406 -52.7853 64.7959
      vertex 0 -52.75 64.75
    endloop
  endfacet
  facet normal -0.580165 0.404358 -0.707038
    outer loop
      vertex -17.4609 11.667 33
      vertex -54.0092 36.1642 77
      vertex -16.9894 12.3435 33
    endloop
  endfacet
  facet normal -0.580228 0.404266 -0.707039
    outer loop
      vertex -54.0092 36.1642 77
      vertex -17.4609 11.667 33
      vertex -54.0455 36.1121 77
    endloop
  endfacet
  facet normal -0.647894 0.283427 -0.707038
    outer loop
      vertex -19.4015 8.03635 33
      vertex -60.0267 24.9327 77
      vertex -19.071 8.79185 33
    endloop
  endfacet
  facet normal -0.647909 0.283391 -0.707039
    outer loop
      vertex -60.0522 24.8744 77
      vertex -60.0267 24.9327 77
      vertex -19.4015 8.03635 33
    endloop
  endfacet
  facet normal -0.509755 -0.490149 -0.707039
    outer loop
      vertex -45.9619 -45.9619 77
      vertex -47.6869 -44.1679 77
      vertex -14.8492 -14.8492 33
    endloop
  endfacet
  facet normal 0.703771 -0.0693031 -0.707038
    outer loop
      vertex 64.7996 -5.09984 77
      vertex 64.5557 -7.57664 77
      vertex 20.9353 -1.64764 33
    endloop
  endfacet
  facet normal -0.528618 0.469744 -0.707039
    outer loop
      vertex -15.9685 13.6384 33
      vertex -49.4264 42.2141 77
      vertex -47.7732 44.0745 77
    endloop
  endfacet
  facet normal -0.528673 -0.469684 -0.707038
    outer loop
      vertex -47.7732 -44.0745 77
      vertex -15.4208 -14.2548 33
      vertex -47.731 -44.122 77
    endloop
  endfacet
  facet normal -0.528639 -0.469721 -0.707038
    outer loop
      vertex -15.4208 -14.2548 33
      vertex -47.7732 -44.0745 77
      vertex -15.9685 -13.6384 33
    endloop
  endfacet
  facet normal 0.595593 0.381261 -0.707043
    outer loop
      vertex 54.3643 33.3145 75.76
      vertex 54.0798 36.0585 77
      vertex 55.1117 34.4465 77
    endloop
  endfacet
  facet normal 0.595599 0.381259 -0.707039
    outer loop
      vertex 54.0798 36.0585 77
      vertex 54.3643 33.3145 75.76
      vertex 17.9054 10.9725 33
    endloop
  endfacet
  facet normal -0.308219 -0.636468 -0.707043
    outer loop
      vertex -27.2701 -59.0016 77
      vertex -8.79185 -19.071 33
      vertex -27.2129 -59.0293 77
    endloop
  endfacet
  facet normal -0.308637 -0.63627 -0.707039
    outer loop
      vertex -8.79185 -19.071 33
      vertex -27.2701 -59.0016 77
      vertex -9.5338 -18.7111 33
    endloop
  endfacet
  facet normal 0.283404 -0.647903 -0.707039
    outer loop
      vertex 24.9327 -60.0267 77
      vertex 8.79185 -19.071 33
      vertex 27.2129 -59.0293 77
    endloop
  endfacet
  facet normal -0.623671 0.333362 -0.707039
    outer loop
      vertex -18.7111 9.5338 33
      vertex -49.1892 27.5473 68.3776
      vertex -18.3224 10.261 33
    endloop
  endfacet
  facet normal -0.623687 0.333334 -0.707038
    outer loop
      vertex -18.7111 9.5338 33
      vertex -49.3249 27.4283 68.4412
      vertex -49.1892 27.5473 68.3776
    endloop
  endfacet
  facet normal -0.623556 0.333569 -0.707043
    outer loop
      vertex -49.3249 27.4283 68.4412
      vertex -18.7111 9.5338 33
      vertex -49.3632 27.4027 68.4629
    endloop
  endfacet
  facet normal 0.17856 -0.684261 -0.707038
    outer loop
      vertex 15.2355 -63.188 77
      vertex 5.70025 -20.2116 33
      vertex 17.6436 -62.5596 77
    endloop
  endfacet
  facet normal 0.676959 -0.204533 -0.707031
    outer loop
      vertex 19.9722 -6.48936 33
      vertex 61.8371 -20.0252 77
      vertex 61.8187 -20.0861 77
    endloop
  endfacet
  facet normal 0.676718 -0.205303 -0.707038
    outer loop
      vertex 61.8371 -20.0252 77
      vertex 19.9722 -6.48936 33
      vertex 20.2116 -5.70025 33
    endloop
  endfacet
  facet normal 0.636468 0.308219 -0.707043
    outer loop
      vertex 19.071 8.79185 33
      vertex 59.0016 27.2701 77
      vertex 59.0293 27.2129 77
    endloop
  endfacet
  facet normal 0.63627 0.308637 -0.707039
    outer loop
      vertex 59.0016 27.2701 77
      vertex 19.071 8.79185 33
      vertex 18.7111 9.5338 33
    endloop
  endfacet
  facet normal -0.205295 0.676721 -0.707038
    outer loop
      vertex -5.70025 20.2116 33
      vertex -20.0252 61.8371 77
      vertex -17.6436 62.5596 77
    endloop
  endfacet
  facet normal 0.404363 -0.580162 -0.707038
    outer loop
      vertex 36.1642 -54.0092 77
      vertex 12.3435 -16.9894 33
      vertex 38.206 -52.5861 77
    endloop
  endfacet
  facet normal 0.231693 0.668143 -0.707038
    outer loop
      vertex 22.4976 60.9824 77
      vertex 7.26846 19.702 33
      vertex 20.1462 61.7978 77
    endloop
  endfacet
  facet normal 0.469744 -0.528618 -0.707039
    outer loop
      vertex 42.2141 -49.4264 77
      vertex 13.6384 -15.9685 33
      vertex 44.0745 -47.7732 77
    endloop
  endfacet
  facet normal -0.123466 -0.696306 -0.707046
    outer loop
      vertex -10.2308 -64.1886 77
      vertex -3.28512 -20.7415 33
      vertex -10.1682 -64.1997 77
    endloop
  endfacet
  facet normal -0.124347 -0.696157 -0.707038
    outer loop
      vertex -3.28512 -20.7415 33
      vertex -10.2308 -64.1886 77
      vertex -4.0969 -20.5965 33
    endloop
  endfacet
  facet normal 0.509755 -0.490149 -0.707039
    outer loop
      vertex 45.9619 -45.9619 77
      vertex 14.8492 -14.8492 33
      vertex 47.6869 -44.1679 77
    endloop
  endfacet
  facet normal 0.696159 -0.124337 -0.707038
    outer loop
      vertex 63.751 -12.6809 77
      vertex 20.5965 -4.0969 33
      vertex 64.1886 -10.2308 77
    endloop
  endfacet
  facet normal -0.283391 -0.647909 -0.707039
    outer loop
      vertex -24.9327 -60.0267 77
      vertex -8.03635 -19.4015 33
      vertex -24.8744 -60.0522 77
    endloop
  endfacet
  facet normal -0.283427 -0.647894 -0.707038
    outer loop
      vertex -8.03635 -19.4015 33
      vertex -24.9327 -60.0267 77
      vertex -8.79185 -19.071 33
    endloop
  endfacet
  facet normal 0.707039 -0.0138947 -0.707039
    outer loop
      vertex 64.9511 -2.4883 77
      vertex 21 0 33
      vertex 65 0 77
    endloop
  endfacet
  facet normal 0.609751 0.358203 -0.707032
    outer loop
      vertex 18.3224 10.261 33
      vertex 51.4227 28.8981 70.9881
      vertex 51.5339 28.8604 71.0649
    endloop
  endfacet
  facet normal 0.609976 0.357811 -0.707036
    outer loop
      vertex 18.3224 10.261 33
      vertex 51.3343 28.9417 70.9339
      vertex 51.4227 28.8981 70.9881
    endloop
  endfacet
  facet normal 0.610111 0.357577 -0.707038
    outer loop
      vertex 51.3343 28.9417 70.9339
      vertex 18.3224 10.261 33
      vertex 17.9054 10.9725 33
    endloop
  endfacet
  facet normal 0.611234 0.355628 -0.707052
    outer loop
      vertex 54.1202 30.3088 74.0292
      vertex 53.3238 29.8628 73.1164
      vertex 54.0936 30.3072 74.0054
    endloop
  endfacet
  facet normal 0.700525 0.0967392 -0.70704
    outer loop
      vertex 20.8544 2.46828 33
      vertex 64.5407 7.70293 77
      vertex 64.5494 7.63993 77
    endloop
  endfacet
  facet normal 0.700515 0.096822 -0.707039
    outer loop
      vertex 64.5407 7.70293 77
      vertex 20.8544 2.46828 33
      vertex 20.7415 3.28512 33
    endloop
  endfacet
  facet normal -0.381218 -0.595626 -0.707038
    outer loop
      vertex -36.0585 -54.0798 77
      vertex -11.667 -17.4609 33
      vertex -10.9725 -17.9054 33
    endloop
  endfacet
  facet normal -0.381175 -0.595655 -0.707037
    outer loop
      vertex -11.667 -17.4609 33
      vertex -36.0585 -54.0798 77
      vertex -36.1121 -54.0455 77
    endloop
  endfacet
  facet normal 0.696306 -0.123466 -0.707046
    outer loop
      vertex 64.1886 -10.2308 77
      vertex 20.7415 -3.28512 33
      vertex 64.1997 -10.1682 77
    endloop
  endfacet
  facet normal 0.696157 -0.124347 -0.707038
    outer loop
      vertex 20.7415 -3.28512 33
      vertex 64.1886 -10.2308 77
      vertex 20.5965 -4.0969 33
    endloop
  endfacet
  facet normal 0.448627 -0.546655 -0.707038
    outer loop
      vertex 40.2411 -51.0456 77
      vertex 13.001 -16.4917 33
      vertex 42.165 -49.4667 77
    endloop
  endfacet
  facet normal 0.469684 -0.528673 -0.707038
    outer loop
      vertex 44.0745 -47.7732 77
      vertex 14.2548 -15.4208 33
      vertex 44.122 -47.731 77
    endloop
  endfacet
  facet normal 0.469721 -0.528639 -0.707038
    outer loop
      vertex 14.2548 -15.4208 33
      vertex 44.0745 -47.7732 77
      vertex 13.6384 -15.9685 33
    endloop
  endfacet
  facet normal 0.707039 -0.0138928 -0.707038
    outer loop
      vertex 64.9511 -2.4883 77
      vertex 20.9838 -0.824455 33
      vertex 21 0 33
    endloop
  endfacet
  facet normal 0.707054 -0.0133427 -0.707033
    outer loop
      vertex 64.9499 -2.55189 77
      vertex 20.9838 -0.824455 33
      vertex 64.9511 -2.4883 77
    endloop
  endfacet
  facet normal -0.63627 -0.308637 -0.707039
    outer loop
      vertex -59.0016 -27.2701 77
      vertex -19.071 -8.79185 33
      vertex -18.7111 -9.5338 33
    endloop
  endfacet
  facet normal -0.636468 -0.308219 -0.707043
    outer loop
      vertex -19.071 -8.79185 33
      vertex -59.0016 -27.2701 77
      vertex -59.0293 -27.2129 77
    endloop
  endfacet
  facet normal 0.231693 -0.668143 -0.707038
    outer loop
      vertex 20.1462 -61.7978 77
      vertex 7.26846 -19.702 33
      vertex 22.4976 -60.9824 77
    endloop
  endfacet
  facet normal -0.700506 -0.0968951 -0.707038
    outer loop
      vertex -64.1997 -10.1682 77
      vertex -64.5407 -7.70293 77
      vertex -20.7415 -3.28512 33
    endloop
  endfacet
  facet normal -0.069378 0.703762 -0.70704
    outer loop
      vertex -2.46828 20.8544 33
      vertex -7.57664 64.5557 77
      vertex -1.64764 20.9353 33
    endloop
  endfacet
  facet normal -0.0700466 0.70369 -0.707046
    outer loop
      vertex -7.57664 64.5557 77
      vertex -2.46828 20.8544 33
      vertex -7.63993 64.5494 77
    endloop
  endfacet
  facet normal 0.509945 0.489948 -0.707041
    outer loop
      vertex 15.4208 14.2548 33
      vertex 47.6869 44.1679 77
      vertex 47.731 44.122 77
    endloop
  endfacet
  facet normal 0.509729 0.490177 -0.707038
    outer loop
      vertex 47.6869 44.1679 77
      vertex 15.4208 14.2548 33
      vertex 14.8492 14.8492 33
    endloop
  endfacet
  facet normal -0.01392 -0.707038 -0.707038
    outer loop
      vertex -0.538406 -52.7853 64.7959
      vertex 0 -21 33
      vertex 0 -52.75 64.75
    endloop
  endfacet
  facet normal -0.0138942 -0.707039 -0.707038
    outer loop
      vertex -1.06763 -52.8905 64.9115
      vertex 0 -21 33
      vertex -0.538406 -52.7853 64.7959
    endloop
  endfacet
  facet normal -0.0138372 -0.70704 -0.707038
    outer loop
      vertex -1.57857 -53.064 65.095
      vertex 0 -21 33
      vertex -1.06763 -52.8905 64.9115
    endloop
  endfacet
  facet normal -0.0139365 -0.707037 -0.707039
    outer loop
      vertex 0 -21 33
      vertex -1.57857 -53.064 65.095
      vertex -1.82211 -53.1841 65.2199
    endloop
  endfacet
  facet normal 0.6238 -0.333114 -0.707042
    outer loop
      vertex 45.8267 -23.4991 63.5028
      vertex 18.7111 -9.5338 33
      vertex 45.9755 -23.4257 63.5995
    endloop
  endfacet
  facet normal 0.623596 -0.333504 -0.707039
    outer loop
      vertex 45.2692 -23.8716 63.1868
      vertex 18.7111 -9.5338 33
      vertex 45.8267 -23.4991 63.5028
    endloop
  endfacet
  facet normal 0.623685 -0.333337 -0.707038
    outer loop
      vertex 44.7652 -24.3136 62.9506
      vertex 18.7111 -9.5338 33
      vertex 45.2692 -23.8716 63.1868
    endloop
  endfacet
  facet normal 0.623718 -0.333278 -0.707037
    outer loop
      vertex 18.7111 -9.5338 33
      vertex 44.7652 -24.3136 62.9506
      vertex 44.5281 -24.584 62.8689
    endloop
  endfacet
  facet normal 0.448658 -0.546628 -0.707039
    outer loop
      vertex 42.165 -49.4667 77
      vertex 13.6384 -15.9685 33
      vertex 42.2141 -49.4264 77
    endloop
  endfacet
  facet normal 0.448677 -0.546611 -0.707039
    outer loop
      vertex 13.6384 -15.9685 33
      vertex 42.165 -49.4667 77
      vertex 13.001 -16.4917 33
    endloop
  endfacet
  facet normal -0.700515 0.096822 -0.707039
    outer loop
      vertex -20.8544 2.46828 33
      vertex -64.5407 7.70293 77
      vertex -20.7415 3.28512 33
    endloop
  endfacet
  facet normal -0.700525 0.0967392 -0.70704
    outer loop
      vertex -64.5494 7.63993 77
      vertex -64.5407 7.70293 77
      vertex -20.8544 2.46828 33
    endloop
  endfacet
  facet normal 0.546628 -0.448658 -0.707039
    outer loop
      vertex 15.9685 -13.6384 33
      vertex 49.4667 -42.165 77
      vertex 49.4264 -42.2141 77
    endloop
  endfacet
  facet normal 0.546611 -0.448677 -0.707039
    outer loop
      vertex 49.4667 -42.165 77
      vertex 15.9685 -13.6384 33
      vertex 16.4917 -13.001 33
    endloop
  endfacet
  facet normal 0.636272 0.308632 -0.707039
    outer loop
      vertex 59.0016 27.2701 77
      vertex 18.7111 9.5338 33
      vertex 57.9154 29.5094 77
    endloop
  endfacet
  facet normal 0.563853 -0.426811 -0.707038
    outer loop
      vertex 51.0456 -40.2411 77
      vertex 16.4917 -13.001 33
      vertex 52.5477 -38.2567 77
    endloop
  endfacet
  facet normal -0.690748 0.151537 -0.707038
    outer loop
      vertex -63.2177 15.1118 77
      vertex -20.4198 4.90235 33
      vertex -20.5965 4.0969 33
    endloop
  endfacet
  facet normal -0.690563 0.152346 -0.707046
    outer loop
      vertex -20.4198 4.90235 33
      vertex -63.2177 15.1118 77
      vertex -63.204 15.1739 77
    endloop
  endfacet
  facet normal 0.0421832 0.705927 -0.707027
    outer loop
      vertex 1.64764 20.9353 33
      vertex 2.535 64.52 76.5698
      vertex 2.60927 64.6685 76.7225
    endloop
  endfacet
  facet normal 0.0415928 0.70595 -0.707039
    outer loop
      vertex 2.535 64.52 76.5698
      vertex 1.64764 20.9353 33
      vertex 0.824455 20.9838 33
    endloop
  endfacet
  facet normal 0.448627 0.546655 -0.707038
    outer loop
      vertex 42.165 49.4667 77
      vertex 13.001 16.4917 33
      vertex 40.2411 51.0456 77
    endloop
  endfacet
  facet normal 0.124337 -0.696159 -0.707038
    outer loop
      vertex 10.2308 -64.1886 77
      vertex 4.0969 -20.5965 33
      vertex 12.6809 -63.751 77
    endloop
  endfacet
  facet normal 0.690748 -0.151539 -0.707038
    outer loop
      vertex 63.2177 -15.1118 77
      vertex 20.5965 -4.0969 33
      vertex 63.751 -12.6809 77
    endloop
  endfacet
  facet normal 0.426811 -0.563853 -0.707038
    outer loop
      vertex 38.2567 -52.5477 77
      vertex 13.001 -16.4917 33
      vertex 40.2411 -51.0456 77
    endloop
  endfacet
  facet normal 0.0693031 -0.703771 -0.707038
    outer loop
      vertex 7.57664 -64.5557 77
      vertex 5.09984 -64.7996 77
      vertex 1.64764 -20.9353 33
    endloop
  endfacet
  facet normal -0.705951 -0.0415928 -0.707039
    outer loop
      vertex -64.9461 -2.61537 77
      vertex -20.9838 -0.824455 33
      vertex -20.9353 -1.64764 33
    endloop
  endfacet
  facet normal -0.705917 -0.0422572 -0.707033
    outer loop
      vertex -20.9838 -0.824455 33
      vertex -64.9461 -2.61537 77
      vertex -64.9499 -2.55189 77
    endloop
  endfacet
  facet normal -0.580162 0.404363 -0.707038
    outer loop
      vertex -16.9894 12.3435 33
      vertex -54.0092 36.1642 77
      vertex -52.5861 38.206 77
    endloop
  endfacet
  facet normal 0.257067 0.658804 -0.707031
    outer loop
      vertex 8.03635 19.4015 33
      vertex 24.8152 60.0753 77
      vertex 24.8744 60.0522 77
    endloop
  endfacet
  facet normal 0.25771 0.658546 -0.707038
    outer loop
      vertex 24.8152 60.0753 77
      vertex 8.03635 19.4015 33
      vertex 7.26846 19.702 33
    endloop
  endfacet
  facet normal -0.17856 0.684261 -0.707038
    outer loop
      vertex -5.70025 20.2116 33
      vertex -17.6436 62.5596 77
      vertex -15.2355 63.188 77
    endloop
  endfacet
  facet normal 0.700506 -0.0968951 -0.707038
    outer loop
      vertex 64.1997 -10.1682 77
      vertex 20.7415 -3.28512 33
      vertex 64.5407 -7.70293 77
    endloop
  endfacet
  facet normal 0.404358 0.580165 -0.707038
    outer loop
      vertex 11.667 17.4609 33
      vertex 36.1642 54.0092 77
      vertex 12.3435 16.9894 33
    endloop
  endfacet
  facet normal 0.404266 0.580228 -0.707039
    outer loop
      vertex 36.1642 54.0092 77
      vertex 11.667 17.4609 33
      vertex 36.1121 54.0455 77
    endloop
  endfacet
  facet normal -0.0415928 0.70595 -0.707039
    outer loop
      vertex -1.64764 20.9353 33
      vertex -2.535 64.52 76.5698
      vertex -0.824455 20.9838 33
    endloop
  endfacet
  facet normal -0.0421832 0.705927 -0.707027
    outer loop
      vertex -2.535 64.52 76.5698
      vertex -1.64764 20.9353 33
      vertex -2.60927 64.6685 76.7225
    endloop
  endfacet
  facet normal 0.592887 -0.385431 -0.707056
    outer loop
      vertex 17.4609 -11.667 33
      vertex 43.3068 -28.5877 63.8964
      vertex 43.308 -28.6064 63.9076
    endloop
  endfacet
  facet normal 0.595624 -0.381223 -0.707037
    outer loop
      vertex 17.4609 -11.667 33
      vertex 43.308 -28.6064 63.9076
      vertex 43.3839 -28.9882 64.1774
    endloop
  endfacet
  facet normal 0.595626 -0.381217 -0.707039
    outer loop
      vertex 43.3068 -28.5877 63.8964
      vertex 17.4609 -11.667 33
      vertex 17.9054 -10.9725 33
    endloop
  endfacet
  facet normal 0.509945 -0.489948 -0.707041
    outer loop
      vertex 47.6869 -44.1679 77
      vertex 15.4208 -14.2548 33
      vertex 47.731 -44.122 77
    endloop
  endfacet
  facet normal 0.509729 -0.490177 -0.707038
    outer loop
      vertex 15.4208 -14.2548 33
      vertex 47.6869 -44.1679 77
      vertex 14.8492 -14.8492 33
    endloop
  endfacet
  facet normal 0.705949 -0.0416272 -0.707038
    outer loop
      vertex 64.7996 -5.09984 77
      vertex 20.9353 -1.64764 33
      vertex 64.9461 -2.61537 77
    endloop
  endfacet
  facet normal -0.257747 0.658531 -0.707038
    outer loop
      vertex -7.26846 19.702 33
      vertex -24.8152 60.0753 77
      vertex -22.4976 60.9824 77
    endloop
  endfacet
  facet normal 0.0412529 -0.705963 -0.707046
    outer loop
      vertex 2.09512 -53.3244 65.3656
      vertex 1.64764 -20.9353 33
      vertex 2.36378 -53.504 65.5606
    endloop
  endfacet
  facet normal 0.0415929 -0.705951 -0.707038
    outer loop
      vertex 1.64764 -20.9353 33
      vertex 2.09512 -53.3244 65.3656
      vertex 0.824455 -20.9838 33
    endloop
  endfacet
  facet normal 0.23228 -0.667945 -0.707032
    outer loop
      vertex 6.48936 -19.9722 33
      vertex 20.1462 -61.7978 77
      vertex 20.0861 -61.8187 77
    endloop
  endfacet
  facet normal 0.231716 -0.668135 -0.707038
    outer loop
      vertex 20.1462 -61.7978 77
      vertex 6.48936 -19.9722 33
      vertex 7.26846 -19.702 33
    endloop
  endfacet
  facet normal 0.041584 -0.705954 -0.707036
    outer loop
      vertex 5.09984 -64.7996 77
      vertex 4.08971 -57.4134 69.5657
      vertex 4.125 -56.875 69.0302
    endloop
  endfacet
  facet normal 0.041577 -0.705954 -0.707036
    outer loop
      vertex 5.09984 -64.7996 77
      vertex 3.98444 -57.9426 70.0879
      vertex 4.08971 -57.4134 69.5657
    endloop
  endfacet
  facet normal 0.0419047 -0.705918 -0.707053
    outer loop
      vertex 5.09984 -64.7996 77
      vertex 3.81099 -58.4536 70.5878
      vertex 3.98444 -57.9426 70.0879
    endloop
  endfacet
  facet normal 0.0416217 -0.705955 -0.707033
    outer loop
      vertex 5.09984 -64.7996 77
      vertex 3.39999 -62 74.1046
      vertex 3.81099 -58.4536 70.5878
    endloop
  endfacet
  facet normal 0.0412888 -0.705945 -0.707062
    outer loop
      vertex 3.81099 -58.4536 70.5878
      vertex 3.39999 -62 74.1046
      vertex 3.57234 -58.9375 71.057
    endloop
  endfacet
  facet normal 0.0414157 -0.705945 -0.707054
    outer loop
      vertex 3.57234 -58.9375 71.057
      vertex 3.39999 -62 74.1046
      vertex 3.39999 -59.1954 71.3044
    endloop
  endfacet
  facet normal 0.0416628 -0.705942 -0.707044
    outer loop
      vertex 3.39999 -62 74.1046
      vertex 5.09984 -64.7996 77
      vertex 4.8084 -64.8168 77
    endloop
  endfacet
  facet normal 0.0404651 -0.706055 -0.707
    outer loop
      vertex 4.08971 -56.3366 68.4905
      vertex 5.09984 -64.7996 77
      vertex 4.125 -56.875 69.0302
    endloop
  endfacet
  facet normal 0.0417525 -0.705941 -0.707039
    outer loop
      vertex 4.08971 -56.3366 68.4905
      vertex 1.64764 -20.9353 33
      vertex 5.09984 -64.7996 77
    endloop
  endfacet
  facet normal 0.0418128 -0.705937 -0.70704
    outer loop
      vertex 3.98444 -55.8074 67.9559
      vertex 1.64764 -20.9353 33
      vertex 4.08971 -56.3366 68.4905
    endloop
  endfacet
  facet normal 0.0409979 -0.705988 -0.707036
    outer loop
      vertex 3.81099 -55.2964 67.4356
      vertex 1.64764 -20.9353 33
      vertex 3.98444 -55.8074 67.9559
    endloop
  endfacet
  facet normal 0.0419461 -0.70593 -0.707038
    outer loop
      vertex 3.57234 -54.8125 66.9383
      vertex 1.64764 -20.9353 33
      vertex 3.81099 -55.2964 67.4356
    endloop
  endfacet
  facet normal 0.0414791 -0.705957 -0.707039
    outer loop
      vertex 3.27257 -54.3638 66.4727
      vertex 1.64764 -20.9353 33
      vertex 3.57234 -54.8125 66.9383
    endloop
  endfacet
  facet normal 0.0417932 -0.70594 -0.707037
    outer loop
      vertex 2.91681 -53.9582 66.0467
      vertex 1.64764 -20.9353 33
      vertex 3.27257 -54.3638 66.4727
    endloop
  endfacet
  facet normal 0.0415635 -0.705952 -0.707039
    outer loop
      vertex 2.51114 -53.6024 65.6676
      vertex 1.64764 -20.9353 33
      vertex 2.91681 -53.9582 66.0467
    endloop
  endfacet
  facet normal 0.0419968 -0.705933 -0.707032
    outer loop
      vertex 1.64764 -20.9353 33
      vertex 2.51114 -53.6024 65.6676
      vertex 2.36378 -53.504 65.5606
    endloop
  endfacet
  facet normal -0.25771 0.658546 -0.707038
    outer loop
      vertex -8.03635 19.4015 33
      vertex -24.8152 60.0753 77
      vertex -7.26846 19.702 33
    endloop
  endfacet
  facet normal -0.257067 0.658804 -0.707031
    outer loop
      vertex -24.8152 60.0753 77
      vertex -8.03635 19.4015 33
      vertex -24.8744 60.0522 77
    endloop
  endfacet
  facet normal 0.152346 -0.690563 -0.707046
    outer loop
      vertex 15.1118 -63.2177 77
      vertex 4.90235 -20.4198 33
      vertex 15.1739 -63.204 77
    endloop
  endfacet
  facet normal 0.151537 -0.690748 -0.707038
    outer loop
      vertex 4.90235 -20.4198 33
      vertex 15.1118 -63.2177 77
      vertex 4.0969 -20.5965 33
    endloop
  endfacet
  facet normal -0.231693 -0.668143 -0.707038
    outer loop
      vertex -22.4976 -60.9824 77
      vertex -7.26846 -19.702 33
      vertex -20.1462 -61.7978 77
    endloop
  endfacet
  facet normal -0.357589 -0.610104 -0.707039
    outer loop
      vertex -31.8152 -56.6801 77
      vertex -33.9624 -55.4216 77
      vertex -10.9725 -17.9054 33
    endloop
  endfacet
  facet normal -0.563852 0.426812 -0.707038
    outer loop
      vertex -16.9894 12.3435 33
      vertex -52.5477 38.2567 77
      vertex -16.4917 13.001 33
    endloop
  endfacet
  facet normal -0.563734 0.42697 -0.707036
    outer loop
      vertex -52.5477 38.2567 77
      vertex -16.9894 12.3435 33
      vertex -52.5861 38.206 77
    endloop
  endfacet
  facet normal 0.490149 -0.509755 -0.707039
    outer loop
      vertex 44.1679 -47.6869 77
      vertex 14.8492 -14.8492 33
      vertex 45.9619 -45.9619 77
    endloop
  endfacet
  facet normal 0.381175 -0.595655 -0.707037
    outer loop
      vertex 36.0585 -54.0798 77
      vertex 11.667 -17.4609 33
      vertex 36.1121 -54.0455 77
    endloop
  endfacet
  facet normal 0.381218 -0.595626 -0.707038
    outer loop
      vertex 11.667 -17.4609 33
      vertex 36.0585 -54.0798 77
      vertex 10.9725 -17.9054 33
    endloop
  endfacet
  facet normal -0.636371 -0.308434 -0.707037
    outer loop
      vertex -50.93 -25.919 69.1465
      vertex -18.7111 -9.5338 33
      vertex -50.8297 -25.899 69.0475
    endloop
  endfacet
  facet normal -0.636315 -0.308496 -0.707059
    outer loop
      vertex -59.0016 -27.2701 77
      vertex -50.93 -25.919 69.1465
      vertex -51.3171 -26.0504 69.5522
    endloop
  endfacet
  facet normal -0.636323 -0.30847 -0.707063
    outer loop
      vertex -59.0016 -27.2701 77
      vertex -51.3171 -26.0504 69.5522
      vertex -51.6837 -26.2312 69.961
    endloop
  endfacet
  facet normal -0.636273 -0.308633 -0.707038
    outer loop
      vertex -59.0016 -27.2701 77
      vertex -52.1571 -26.5754 70.5373
      vertex -56.7122 -28.8963 75.6496
    endloop
  endfacet
  facet normal -0.636192 -0.308921 -0.706984
    outer loop
      vertex -52.1571 -26.5754 70.5373
      vertex -59.0016 -27.2701 77
      vertex -52.0236 -26.4583 70.366
    endloop
  endfacet
  facet normal -0.636279 -0.308653 -0.707024
    outer loop
      vertex -59.0016 -27.2701 77
      vertex -56.7122 -28.8963 75.6496
      vertex -58.1703 -28.9838 77
    endloop
  endfacet
  facet normal -0.636291 -0.308579 -0.707046
    outer loop
      vertex -52.0236 -26.4583 70.366
      vertex -59.0016 -27.2701 77
      vertex -51.6837 -26.2312 69.961
    endloop
  endfacet
  facet normal -0.636273 -0.308631 -0.707039
    outer loop
      vertex -50.93 -25.919 69.1465
      vertex -59.0016 -27.2701 77
      vertex -18.7111 -9.5338 33
    endloop
  endfacet
  facet normal 0.0700466 -0.70369 -0.707046
    outer loop
      vertex 7.57664 -64.5557 77
      vertex 2.46828 -20.8544 33
      vertex 7.63993 -64.5494 77
    endloop
  endfacet
  facet normal 0.069378 -0.703762 -0.70704
    outer loop
      vertex 2.46828 -20.8544 33
      vertex 7.57664 -64.5557 77
      vertex 1.64764 -20.9353 33
    endloop
  endfacet
  facet normal -0.528618 -0.469744 -0.707039
    outer loop
      vertex -49.4264 -42.2141 77
      vertex -15.9685 -13.6384 33
      vertex -47.7732 -44.0745 77
    endloop
  endfacet
  facet normal -0.0693031 0.703771 -0.707038
    outer loop
      vertex -7.57664 64.5557 77
      vertex -5.09984 64.7996 77
      vertex -1.64764 20.9353 33
    endloop
  endfacet
  facet normal 0.647909 0.283391 -0.707039
    outer loop
      vertex 19.4015 8.03635 33
      vertex 60.0267 24.9327 77
      vertex 60.0522 24.8744 77
    endloop
  endfacet
  facet normal 0.647894 0.283427 -0.707038
    outer loop
      vertex 60.0267 24.9327 77
      vertex 19.4015 8.03635 33
      vertex 19.071 8.79185 33
    endloop
  endfacet
  facet normal -0.257747 -0.658531 -0.707038
    outer loop
      vertex -22.4976 -60.9824 77
      vertex -24.8152 -60.0753 77
      vertex -7.26846 -19.702 33
    endloop
  endfacet
  facet normal 0.308632 0.636272 -0.707039
    outer loop
      vertex 29.5094 57.9154 77
      vertex 9.5338 18.7111 33
      vertex 27.2701 59.0016 77
    endloop
  endfacet
  facet normal -0.595626 0.381218 -0.707038
    outer loop
      vertex -54.0798 36.0585 77
      vertex -17.4609 11.667 33
      vertex -17.9054 10.9725 33
    endloop
  endfacet
  facet normal -0.595655 0.381175 -0.707037
    outer loop
      vertex -17.4609 11.667 33
      vertex -54.0798 36.0585 77
      vertex -54.0455 36.1121 77
    endloop
  endfacet
  facet normal -0.63627 0.308637 -0.707039
    outer loop
      vertex -19.071 8.79185 33
      vertex -59.0016 27.2701 77
      vertex -18.7111 9.5338 33
    endloop
  endfacet
  facet normal -0.636468 0.308219 -0.707043
    outer loop
      vertex -59.0016 27.2701 77
      vertex -19.071 8.79185 33
      vertex -59.0293 27.2129 77
    endloop
  endfacet
  facet normal -0.0138929 0.707039 -0.707038
    outer loop
      vertex -0.824455 20.9838 33
      vertex -2.45482 64.3596 76.4079
      vertex 0 21 33
    endloop
  endfacet
  facet normal -0.0131707 0.70706 -0.707031
    outer loop
      vertex -2.45482 64.3596 76.4079
      vertex -0.824455 20.9838 33
      vertex -2.535 64.52 76.5698
    endloop
  endfacet
  facet normal -0.124347 0.696157 -0.707038
    outer loop
      vertex -10.2308 64.1886 77
      vertex -3.28512 20.7415 33
      vertex -4.0969 20.5965 33
    endloop
  endfacet
  facet normal -0.123466 0.696306 -0.707046
    outer loop
      vertex -3.28512 20.7415 33
      vertex -10.2308 64.1886 77
      vertex -10.1682 64.1997 77
    endloop
  endfacet
  facet normal 0.308637 0.63627 -0.707039
    outer loop
      vertex 8.79185 19.071 33
      vertex 27.2701 59.0016 77
      vertex 9.5338 18.7111 33
    endloop
  endfacet
  facet normal 0.308219 0.636468 -0.707043
    outer loop
      vertex 27.2701 59.0016 77
      vertex 8.79185 19.071 33
      vertex 27.2129 59.0293 77
    endloop
  endfacet
  facet normal -0.707039 0.0138947 -0.707039
    outer loop
      vertex -21 0 33
      vertex -65 0 77
      vertex -64.9511 2.4883 77
    endloop
  endfacet
  facet normal -0.580165 -0.404358 -0.707038
    outer loop
      vertex -54.0092 -36.1642 77
      vertex -17.4609 -11.667 33
      vertex -16.9894 -12.3435 33
    endloop
  endfacet
  facet normal -0.580228 -0.404266 -0.707039
    outer loop
      vertex -17.4609 -11.667 33
      vertex -54.0092 -36.1642 77
      vertex -54.0455 -36.1121 77
    endloop
  endfacet
  facet normal -0.636272 0.308632 -0.707039
    outer loop
      vertex -18.7111 9.5338 33
      vertex -59.0016 27.2701 77
      vertex -57.9154 29.5094 77
    endloop
  endfacet
  facet normal -0.668143 -0.231693 -0.707038
    outer loop
      vertex -60.9824 -22.4976 77
      vertex -61.7978 -20.1462 77
      vertex -19.702 -7.26846 33
    endloop
  endfacet
  facet normal -0.25771 -0.658546 -0.707038
    outer loop
      vertex -24.8152 -60.0753 77
      vertex -8.03635 -19.4015 33
      vertex -7.26846 -19.702 33
    endloop
  endfacet
  facet normal -0.257067 -0.658804 -0.707031
    outer loop
      vertex -8.03635 -19.4015 33
      vertex -24.8152 -60.0753 77
      vertex -24.8744 -60.0522 77
    endloop
  endfacet
  facet normal -0.658531 -0.257747 -0.707038
    outer loop
      vertex -60.0753 -24.8152 77
      vertex -60.9824 -22.4976 77
      vertex -19.702 -7.26846 33
    endloop
  endfacet
  facet normal 0.610062 -0.357662 -0.707038
    outer loop
      vertex 43.9508 -25.375 62.7587
      vertex 17.9054 -10.9725 33
      vertex 44.1485 -25.0791 62.7796
    endloop
  endfacet
  facet normal 0.610109 -0.357579 -0.707039
    outer loop
      vertex 43.6543 -25.9762 62.8069
      vertex 17.9054 -10.9725 33
      vertex 43.9508 -25.375 62.7587
    endloop
  endfacet
  facet normal 0.610103 -0.35759 -0.707039
    outer loop
      vertex 43.4388 -26.611 62.942
      vertex 17.9054 -10.9725 33
      vertex 43.6543 -25.9762 62.8069
    endloop
  endfacet
  facet normal 0.607444 -0.362009 -0.70708
    outer loop
      vertex 17.9054 -10.9725 33
      vertex 43.4388 -26.611 62.942
      vertex 43.4373 -26.6184 62.9445
    endloop
  endfacet
  facet normal -0.469744 -0.528618 -0.707039
    outer loop
      vertex -42.2141 -49.4264 77
      vertex -44.0745 -47.7732 77
      vertex -13.6384 -15.9685 33
    endloop
  endfacet
  facet normal -0.23228 -0.667945 -0.707032
    outer loop
      vertex -20.1462 -61.7978 77
      vertex -6.48936 -19.9722 33
      vertex -20.0861 -61.8187 77
    endloop
  endfacet
  facet normal -0.231716 -0.668135 -0.707038
    outer loop
      vertex -6.48936 -19.9722 33
      vertex -20.1462 -61.7978 77
      vertex -7.26846 -19.702 33
    endloop
  endfacet
  facet normal 0.563734 0.42697 -0.707036
    outer loop
      vertex 16.9894 12.3435 33
      vertex 52.5477 38.2567 77
      vertex 52.5861 38.206 77
    endloop
  endfacet
  facet normal 0.563852 0.426812 -0.707038
    outer loop
      vertex 52.5477 38.2567 77
      vertex 16.9894 12.3435 33
      vertex 16.4917 13.001 33
    endloop
  endfacet
  facet normal -0.0968951 -0.700506 -0.707038
    outer loop
      vertex -10.1682 -64.1997 77
      vertex -3.28512 -20.7415 33
      vertex -7.70293 -64.5407 77
    endloop
  endfacet
  facet normal -0.151537 -0.690748 -0.707038
    outer loop
      vertex -15.1118 -63.2177 77
      vertex -4.90235 -20.4198 33
      vertex -4.0969 -20.5965 33
    endloop
  endfacet
  facet normal -0.152346 -0.690563 -0.707046
    outer loop
      vertex -4.90235 -20.4198 33
      vertex -15.1118 -63.2177 77
      vertex -15.1739 -63.204 77
    endloop
  endfacet
  facet normal 0.676721 -0.205295 -0.707038
    outer loop
      vertex 61.8371 -20.0252 77
      vertex 20.2116 -5.70025 33
      vertex 62.5596 -17.6436 77
    endloop
  endfacet
  facet normal -0.676721 -0.205295 -0.707038
    outer loop
      vertex -61.8371 -20.0252 77
      vertex -62.5596 -17.6436 77
      vertex -20.2116 -5.70025 33
    endloop
  endfacet
  facet normal 0.580209 -0.404293 -0.70704
    outer loop
      vertex 16.9894 -12.3435 33
      vertex 43.3839 -28.9882 64.1774
      vertex 43.4388 -29.2639 64.3801
    endloop
  endfacet
  facet normal 0.580323 -0.404122 -0.707044
    outer loop
      vertex 16.9894 -12.3435 33
      vertex 43.4388 -29.2639 64.3801
      vertex 43.4817 -29.3902 64.4875
    endloop
  endfacet
  facet normal 0.580166 -0.404358 -0.707038
    outer loop
      vertex 43.3839 -28.9882 64.1774
      vertex 16.9894 -12.3435 33
      vertex 17.4609 -11.667 33
    endloop
  endfacet
  facet normal 0.563734 -0.42697 -0.707036
    outer loop
      vertex 52.5477 -38.2567 77
      vertex 16.9894 -12.3435 33
      vertex 52.5861 -38.206 77
    endloop
  endfacet
  facet normal 0.563852 -0.426812 -0.707038
    outer loop
      vertex 16.9894 -12.3435 33
      vertex 52.5477 -38.2567 77
      vertex 16.4917 -13.001 33
    endloop
  endfacet
  facet normal 0.0131707 0.70706 -0.707031
    outer loop
      vertex 0.824455 20.9838 33
      vertex 2.45482 64.3596 76.4079
      vertex 2.535 64.52 76.5698
    endloop
  endfacet
  facet normal 0.0138929 0.707039 -0.707038
    outer loop
      vertex 2.45482 64.3596 76.4079
      vertex 0.824455 20.9838 33
      vertex 0 21 33
    endloop
  endfacet
  facet normal -0.705949 -0.0416272 -0.707038
    outer loop
      vertex -64.7996 -5.09984 77
      vertex -64.9461 -2.61537 77
      vertex -20.9353 -1.64764 33
    endloop
  endfacet
  facet normal 0.700525 -0.0967392 -0.70704
    outer loop
      vertex 64.5407 -7.70293 77
      vertex 20.8544 -2.46828 33
      vertex 64.5494 -7.63993 77
    endloop
  endfacet
  facet normal 0.700515 -0.096822 -0.707039
    outer loop
      vertex 20.8544 -2.46828 33
      vertex 64.5407 -7.70293 77
      vertex 20.7415 -3.28512 33
    endloop
  endfacet
  facet normal 0.177781 -0.684456 -0.707046
    outer loop
      vertex 4.90235 -20.4198 33
      vertex 15.2355 -63.188 77
      vertex 15.1739 -63.204 77
    endloop
  endfacet
  facet normal 0.178548 -0.684264 -0.707039
    outer loop
      vertex 15.2355 -63.188 77
      vertex 4.90235 -20.4198 33
      vertex 5.70025 -20.2116 33
    endloop
  endfacet
  facet normal 0.684456 -0.177781 -0.707046
    outer loop
      vertex 63.188 -15.2355 77
      vertex 20.4198 -4.90235 33
      vertex 63.204 -15.1739 77
    endloop
  endfacet
  facet normal 0.684264 -0.178548 -0.707039
    outer loop
      vertex 20.4198 -4.90235 33
      vertex 63.188 -15.2355 77
      vertex 20.2116 -5.70025 33
    endloop
  endfacet
  facet normal 0.489948 -0.509945 -0.707041
    outer loop
      vertex 14.2548 -15.4208 33
      vertex 44.1679 -47.6869 77
      vertex 44.122 -47.731 77
    endloop
  endfacet
  facet normal 0.490177 -0.509729 -0.707038
    outer loop
      vertex 44.1679 -47.6869 77
      vertex 14.2548 -15.4208 33
      vertex 14.8492 -14.8492 33
    endloop
  endfacet
  facet normal -0.623663 -0.333377 -0.707039
    outer loop
      vertex -48.2188 -26.4583 67.0082
      vertex -18.7111 -9.5338 33
      vertex -48.0289 -26.6248 66.9192
    endloop
  endfacet
  facet normal -0.623628 -0.333441 -0.70704
    outer loop
      vertex -48.5587 -26.2312 67.2009
      vertex -18.7111 -9.5338 33
      vertex -48.2188 -26.4583 67.0082
    endloop
  endfacet
  facet normal -0.623643 -0.333414 -0.707039
    outer loop
      vertex -48.9253 -26.0504 67.439
      vertex -18.7111 -9.5338 33
      vertex -48.5587 -26.2312 67.2009
    endloop
  endfacet
  facet normal -0.623668 -0.333367 -0.707039
    outer loop
      vertex -49.3124 -25.919 67.7185
      vertex -18.7111 -9.5338 33
      vertex -48.9253 -26.0504 67.439
    endloop
  endfacet
  facet normal -0.623794 -0.333132 -0.707039
    outer loop
      vertex -49.7133 -25.8392 68.0346
      vertex -18.7111 -9.5338 33
      vertex -49.3124 -25.919 67.7185
    endloop
  endfacet
  facet normal -0.623647 -0.333409 -0.707038
    outer loop
      vertex -50.1212 -25.8125 68.3818
      vertex -18.7111 -9.5338 33
      vertex -49.7133 -25.8392 68.0346
    endloop
  endfacet
  facet normal -0.623685 -0.333337 -0.707039
    outer loop
      vertex -50.5291 -25.8392 68.7542
      vertex -18.7111 -9.5338 33
      vertex -50.1212 -25.8125 68.3818
    endloop
  endfacet
  facet normal -0.62347 -0.333747 -0.707035
    outer loop
      vertex -18.7111 -9.5338 33
      vertex -50.5291 -25.8392 68.7542
      vertex -50.8297 -25.899 69.0475
    endloop
  endfacet
  facet normal -0.623714 -0.333276 -0.707042
    outer loop
      vertex -54.9686 -28.7916 74.0622
      vertex -52.8275 -27.375 71.5057
      vertex -52.952 -27.6274 71.7345
    endloop
  endfacet
  facet normal -0.623606 -0.333457 -0.707052
    outer loop
      vertex -54.9686 -28.7916 74.0622
      vertex -52.6004 -27.0351 71.1451
      vertex -52.8275 -27.375 71.5057
    endloop
  endfacet
  facet normal -0.623685 -0.333333 -0.707041
    outer loop
      vertex -56.7122 -28.8963 75.6496
      vertex -52.6004 -27.0351 71.1451
      vertex -54.9686 -28.7916 74.0622
    endloop
  endfacet
  facet normal -0.623691 -0.33332 -0.707041
    outer loop
      vertex -52.6004 -27.0351 71.1451
      vertex -56.7122 -28.8963 75.6496
      vertex -52.3309 -26.7278 70.7625
    endloop
  endfacet
  facet normal -0.623458 -0.333772 -0.707033
    outer loop
      vertex -52.3309 -26.7278 70.7625
      vertex -56.7122 -28.8963 75.6496
      vertex -52.1571 -26.5754 70.5373
    endloop
  endfacet
  facet normal -0.489948 -0.509945 -0.707041
    outer loop
      vertex -44.1679 -47.6869 77
      vertex -14.2548 -15.4208 33
      vertex -44.122 -47.731 77
    endloop
  endfacet
  facet normal -0.490177 -0.509729 -0.707038
    outer loop
      vertex -14.2548 -15.4208 33
      vertex -44.1679 -47.6869 77
      vertex -14.8492 -14.8492 33
    endloop
  endfacet
  facet normal 0.610144 -0.357517 -0.70704
    outer loop
      vertex 44.1485 -25.0791 62.7796
      vertex 18.3224 -10.261 33
      vertex 44.321 -24.8209 62.7979
    endloop
  endfacet
  facet normal 0.61011 -0.357577 -0.70704
    outer loop
      vertex 18.3224 -10.261 33
      vertex 44.1485 -25.0791 62.7796
      vertex 17.9054 -10.9725 33
    endloop
  endfacet
  facet normal 0.257067 -0.658804 -0.707031
    outer loop
      vertex 24.8152 -60.0753 77
      vertex 8.03635 -19.4015 33
      vertex 24.8744 -60.0522 77
    endloop
  endfacet
  facet normal 0.25771 -0.658546 -0.707038
    outer loop
      vertex 8.03635 -19.4015 33
      vertex 24.8152 -60.0753 77
      vertex 7.26846 -19.702 33
    endloop
  endfacet
  facet normal 0.308632 -0.636272 -0.707039
    outer loop
      vertex 27.2701 -59.0016 77
      vertex 9.5338 -18.7111 33
      vertex 29.5094 -57.9154 77
    endloop
  endfacet
  facet normal 0.690563 -0.152346 -0.707046
    outer loop
      vertex 20.4198 -4.90235 33
      vertex 63.2177 -15.1118 77
      vertex 63.204 -15.1739 77
    endloop
  endfacet
  facet normal 0.690748 -0.151537 -0.707038
    outer loop
      vertex 63.2177 -15.1118 77
      vertex 20.4198 -4.90235 33
      vertex 20.5965 -4.0969 33
    endloop
  endfacet
  facet normal 0.658531 -0.257747 -0.707038
    outer loop
      vertex 60.0753 -24.8152 77
      vertex 19.702 -7.26846 33
      vertex 60.9824 -22.4976 77
    endloop
  endfacet
  facet normal -0.595654 0.381169 -0.707041
    outer loop
      vertex -48.4767 29.9272 68.9737
      vertex -17.9054 10.9725 33
      vertex -48.4267 29.6759 68.7961
    endloop
  endfacet
  facet normal -0.595326 0.381689 -0.707036
    outer loop
      vertex -48.5765 30.2213 69.2165
      vertex -17.9054 10.9725 33
      vertex -48.4767 29.9272 68.9737
    endloop
  endfacet
  facet normal -0.595665 0.381156 -0.707039
    outer loop
      vertex -48.7139 30.5 69.4825
      vertex -17.9054 10.9725 33
      vertex -48.5765 30.2213 69.2165
    endloop
  endfacet
  facet normal -0.595537 0.381355 -0.707038
    outer loop
      vertex -48.8865 30.7583 69.7672
      vertex -17.9054 10.9725 33
      vertex -48.7139 30.5 69.4825
    endloop
  endfacet
  facet normal -0.595906 0.380779 -0.707039
    outer loop
      vertex -49.0914 30.9919 70.0657
      vertex -17.9054 10.9725 33
      vertex -48.8865 30.7583 69.7672
    endloop
  endfacet
  facet normal -0.596856 0.379716 -0.706809
    outer loop
      vertex -54.0798 36.0585 77
      vertex -49.0914 30.9919 70.0657
      vertex -49.3249 31.1967 70.3729
    endloop
  endfacet
  facet normal -0.595875 0.38092 -0.706989
    outer loop
      vertex -54.0798 36.0585 77
      vertex -49.3249 31.1967 70.3729
      vertex -49.5832 31.3693 70.6836
    endloop
  endfacet
  facet normal -0.595393 0.381609 -0.707023
    outer loop
      vertex -52.7373 32.6563 74.0345
      vertex -50.7707 31.6875 71.8555
      vertex -51.0299 31.6705 72.0646
    endloop
  endfacet
  facet normal -0.59565 0.381154 -0.707052
    outer loop
      vertex -52.7373 32.6563 74.0345
      vertex -50.4607 31.6672 71.5834
      vertex -50.7707 31.6875 71.8555
    endloop
  endfacet
  facet normal -0.595588 0.381269 -0.707042
    outer loop
      vertex -54.0798 36.0585 77
      vertex -50.4607 31.6672 71.5834
      vertex -52.7373 32.6563 74.0345
    endloop
  endfacet
  facet normal -0.59571 0.381134 -0.707013
    outer loop
      vertex -50.4607 31.6672 71.5834
      vertex -54.0798 36.0585 77
      vertex -50.156 31.6066 71.294
    endloop
  endfacet
  facet normal -0.59558 0.381287 -0.707039
    outer loop
      vertex -49.0914 30.9919 70.0657
      vertex -54.0798 36.0585 77
      vertex -17.9054 10.9725 33
    endloop
  endfacet
  facet normal -0.595342 0.381566 -0.707089
    outer loop
      vertex -49.8619 31.5067 70.9924
      vertex -54.0798 36.0585 77
      vertex -49.5832 31.3693 70.6836
    endloop
  endfacet
  facet normal -0.595552 0.381317 -0.707047
    outer loop
      vertex -50.156 31.6066 71.294
      vertex -54.0798 36.0585 77
      vertex -49.8619 31.5067 70.9924
    endloop
  endfacet
  facet normal -0.595632 0.381236 -0.707023
    outer loop
      vertex -54.0798 36.0585 77
      vertex -52.7373 32.6563 74.0345
      vertex -54.5247 35.3634 77
    endloop
  endfacet
  facet normal -0.684264 -0.178548 -0.707039
    outer loop
      vertex -63.188 -15.2355 77
      vertex -20.4198 -4.90235 33
      vertex -20.2116 -5.70025 33
    endloop
  endfacet
  facet normal -0.684456 -0.177781 -0.707046
    outer loop
      vertex -20.4198 -4.90235 33
      vertex -63.188 -15.2355 77
      vertex -63.204 -15.1739 77
    endloop
  endfacet
  facet normal 0.381265 -0.595595 -0.707039
    outer loop
      vertex 36.0585 -54.0798 77
      vertex 33.9624 -55.4216 77
      vertex 10.9725 -17.9054 33
    endloop
  endfacet
  facet normal -0.42697 -0.563734 -0.707036
    outer loop
      vertex -38.2567 -52.5477 77
      vertex -12.3435 -16.9894 33
      vertex -38.206 -52.5861 77
    endloop
  endfacet
  facet normal -0.426812 -0.563852 -0.707038
    outer loop
      vertex -12.3435 -16.9894 33
      vertex -38.2567 -52.5477 77
      vertex -13.001 -16.4917 33
    endloop
  endfacet
  facet normal -0.426811 -0.563853 -0.707038
    outer loop
      vertex -38.2567 -52.5477 77
      vertex -40.2411 -51.0456 77
      vertex -13.001 -16.4917 33
    endloop
  endfacet
  facet normal 0.0138928 -0.707039 -0.707039
    outer loop
      vertex 0.824455 -20.9838 33
      vertex 1.82211 -53.1841 65.2199
      vertex 0 -21 33
    endloop
  endfacet
  facet normal 0.0138227 -0.70704 -0.707038
    outer loop
      vertex 1.82211 -53.1841 65.2199
      vertex 0.824455 -20.9838 33
      vertex 2.0625 -53.3026 65.3431
    endloop
  endfacet
  facet normal 0.0152068 -0.707 -0.70705
    outer loop
      vertex 2.0625 -53.3026 65.3431
      vertex 0.824455 -20.9838 33
      vertex 2.09512 -53.3244 65.3656
    endloop
  endfacet
  facet normal -0.0693031 -0.703771 -0.707038
    outer loop
      vertex -5.09984 -64.7996 77
      vertex -7.57664 -64.5557 77
      vertex -1.64764 -20.9353 33
    endloop
  endfacet
  facet normal 0.404266 -0.580228 -0.707039
    outer loop
      vertex 11.667 -17.4609 33
      vertex 36.1642 -54.0092 77
      vertex 36.1121 -54.0455 77
    endloop
  endfacet
  facet normal 0.404358 -0.580165 -0.707038
    outer loop
      vertex 36.1642 -54.0092 77
      vertex 11.667 -17.4609 33
      vertex 12.3435 -16.9894 33
    endloop
  endfacet
  facet normal 0.0693031 0.703771 -0.707038
    outer loop
      vertex 5.09984 64.7996 77
      vertex 7.57664 64.5557 77
      vertex 1.64764 20.9353 33
    endloop
  endfacet
  facet normal -0.647903 -0.283404 -0.707039
    outer loop
      vertex -59.0293 -27.2129 77
      vertex -60.0267 -24.9327 77
      vertex -19.071 -8.79185 33
    endloop
  endfacet
  facet normal -0.308632 0.636272 -0.707039
    outer loop
      vertex -9.5338 18.7111 33
      vertex -29.5094 57.9154 77
      vertex -27.2701 59.0016 77
    endloop
  endfacet
  facet normal -0.61011 0.357577 -0.707039
    outer loop
      vertex -18.3224 10.261 33
      vertex -49.03 27.7031 68.319
      vertex -17.9054 10.9725 33
    endloop
  endfacet
  facet normal -0.610131 0.357541 -0.707039
    outer loop
      vertex -18.3224 10.261 33
      vertex -49.0913 27.6331 68.3365
      vertex -49.03 27.7031 68.319
    endloop
  endfacet
  facet normal -0.610149 0.357509 -0.70704
    outer loop
      vertex -49.0913 27.6331 68.3365
      vertex -18.3224 10.261 33
      vertex -49.1892 27.5473 68.3776
    endloop
  endfacet
  facet normal -0.696157 -0.124347 -0.707038
    outer loop
      vertex -64.1886 -10.2308 77
      vertex -20.7415 -3.28512 33
      vertex -20.5965 -4.0969 33
    endloop
  endfacet
  facet normal -0.696306 -0.123466 -0.707046
    outer loop
      vertex -20.7415 -3.28512 33
      vertex -64.1886 -10.2308 77
      vertex -64.1997 -10.1682 77
    endloop
  endfacet
  facet normal -0.404266 -0.580228 -0.707039
    outer loop
      vertex -36.1642 -54.0092 77
      vertex -11.667 -17.4609 33
      vertex -36.1121 -54.0455 77
    endloop
  endfacet
  facet normal -0.404358 -0.580165 -0.707038
    outer loop
      vertex -11.667 -17.4609 33
      vertex -36.1642 -54.0092 77
      vertex -12.3435 -16.9894 33
    endloop
  endfacet
  facet normal -0.509755 0.490149 -0.707039
    outer loop
      vertex -14.8492 14.8492 33
      vertex -47.6869 44.1679 77
      vertex -45.9619 45.9619 77
    endloop
  endfacet
  facet normal -0.404363 -0.580162 -0.707038
    outer loop
      vertex -36.1642 -54.0092 77
      vertex -38.206 -52.5861 77
      vertex -12.3435 -16.9894 33
    endloop
  endfacet
  facet normal -0.703771 -0.0693031 -0.707038
    outer loop
      vertex -64.5557 -7.57664 77
      vertex -64.7996 -5.09984 77
      vertex -20.9353 -1.64764 33
    endloop
  endfacet
  facet normal 0.684261 -0.17856 -0.707038
    outer loop
      vertex 62.5596 -17.6436 77
      vertex 20.2116 -5.70025 33
      vertex 63.188 -15.2355 77
    endloop
  endfacet
  facet normal -0.546655 -0.448627 -0.707038
    outer loop
      vertex -51.0456 -40.2411 77
      vertex -16.4917 -13.001 33
      vertex -49.4667 -42.165 77
    endloop
  endfacet
  facet normal -0.696159 -0.124337 -0.707038
    outer loop
      vertex -63.751 -12.6809 77
      vertex -64.1886 -10.2308 77
      vertex -20.5965 -4.0969 33
    endloop
  endfacet
  facet normal -0.690748 -0.151539 -0.707038
    outer loop
      vertex -63.2177 -15.1118 77
      vertex -63.751 -12.6809 77
      vertex -20.5965 -4.0969 33
    endloop
  endfacet
  facet normal 0.668143 -0.231693 -0.707038
    outer loop
      vertex 60.9824 -22.4976 77
      vertex 19.702 -7.26846 33
      vertex 61.7978 -20.1462 77
    endloop
  endfacet
  facet normal 0.490177 0.509729 -0.707038
    outer loop
      vertex 14.2548 15.4208 33
      vertex 44.1679 47.6869 77
      vertex 14.8492 14.8492 33
    endloop
  endfacet
  facet normal 0.489948 0.509945 -0.707041
    outer loop
      vertex 44.1679 47.6869 77
      vertex 14.2548 15.4208 33
      vertex 44.122 47.731 77
    endloop
  endfacet
  facet normal -0.658531 0.257747 -0.707038
    outer loop
      vertex -19.702 7.26846 33
      vertex -60.9824 22.4976 77
      vertex -60.0753 24.8152 77
    endloop
  endfacet
  facet normal -0.404363 0.580162 -0.707038
    outer loop
      vertex -12.3435 16.9894 33
      vertex -38.206 52.5861 77
      vertex -36.1642 54.0092 77
    endloop
  endfacet
  facet normal -0.00991624 0.70705 -0.707094
    outer loop
      vertex -1.28918 60.3642 72.3895
      vertex -1.27499 62 74.025
      vertex -1.27499 60.3804 72.4055
    endloop
  endfacet
  facet normal -0.013753 0.707035 -0.707045
    outer loop
      vertex -1.40729 60.1875 72.2151
      vertex -1.27499 62 74.025
      vertex -1.28918 60.3642 72.3895
    endloop
  endfacet
  facet normal -0.0134759 0.707027 -0.707058
    outer loop
      vertex -1.5013 59.9969 72.0263
      vertex -1.27499 62 74.025
      vertex -1.40729 60.1875 72.2151
    endloop
  endfacet
  facet normal -0.0139229 0.707048 -0.707028
    outer loop
      vertex -1.27499 62 74.025
      vertex -1.5013 59.9969 72.0263
      vertex -2.45482 64.3596 76.4079
    endloop
  endfacet
  facet normal -0.0143021 0.707003 -0.707066
    outer loop
      vertex -1.56963 59.7956 71.8264
      vertex -2.45482 64.3596 76.4079
      vertex -1.5013 59.9969 72.0263
    endloop
  endfacet
  facet normal -0.0138097 0.707056 -0.707023
    outer loop
      vertex -1.61108 59.5871 71.6187
      vertex -2.45482 64.3596 76.4079
      vertex -1.56963 59.7956 71.8264
    endloop
  endfacet
  facet normal -0.0143315 0.707004 -0.707064
    outer loop
      vertex -1.625 59.375 71.4069
      vertex -2.45482 64.3596 76.4079
      vertex -1.61108 59.5871 71.6187
    endloop
  endfacet
  facet normal -0.0131494 0.707114 -0.706977
    outer loop
      vertex -1.61108 59.1629 71.1945
      vertex -2.45482 64.3596 76.4079
      vertex -1.625 59.375 71.4069
    endloop
  endfacet
  facet normal -0.0140387 0.707033 -0.707041
    outer loop
      vertex -1.61108 59.1629 71.1945
      vertex 0 21 33
      vertex -2.45482 64.3596 76.4079
    endloop
  endfacet
  facet normal -0.0135862 0.707047 -0.707036
    outer loop
      vertex -1.56963 58.9544 70.9852
      vertex 0 21 33
      vertex -1.61108 59.1629 71.1945
    endloop
  endfacet
  facet normal -0.013393 0.707053 -0.707033
    outer loop
      vertex -1.5013 58.7531 70.7826
      vertex 0 21 33
      vertex -1.56963 58.9544 70.9852
    endloop
  endfacet
  facet normal -0.0143246 0.707026 -0.707043
    outer loop
      vertex -1.40729 58.5625 70.5901
      vertex 0 21 33
      vertex -1.5013 58.7531 70.7826
    endloop
  endfacet
  facet normal -0.0137626 0.707042 -0.707038
    outer loop
      vertex -1.28918 58.3858 70.4111
      vertex 0 21 33
      vertex -1.40729 58.5625 70.5901
    endloop
  endfacet
  facet normal -0.0136127 0.707046 -0.707037
    outer loop
      vertex -1.14905 58.2259 70.2485
      vertex 0 21 33
      vertex -1.28918 58.3858 70.4111
    endloop
  endfacet
  facet normal -0.0141634 0.707032 -0.70704
    outer loop
      vertex -0.989227 58.0858 70.1052
      vertex 0 21 33
      vertex -1.14905 58.2259 70.2485
    endloop
  endfacet
  facet normal -0.0135977 0.707045 -0.707038
    outer loop
      vertex -0.8125 57.9677 69.9837
      vertex 0 21 33
      vertex -0.989227 58.0858 70.1052
    endloop
  endfacet
  facet normal -0.0140949 0.707035 -0.707038
    outer loop
      vertex -0.621857 57.8737 69.8859
      vertex 0 21 33
      vertex -0.8125 57.9677 69.9837
    endloop
  endfacet
  facet normal -0.0140519 0.707035 -0.707038
    outer loop
      vertex -0.420578 57.8054 69.8136
      vertex 0 21 33
      vertex -0.621857 57.8737 69.8859
    endloop
  endfacet
  facet normal -0.0135651 0.707043 -0.70704
    outer loop
      vertex -0.212097 57.7639 69.7681
      vertex 0 21 33
      vertex -0.420578 57.8054 69.8136
    endloop
  endfacet
  facet normal -0.0140009 0.707037 -0.707037
    outer loop
      vertex 0 21 33
      vertex -0.212097 57.7639 69.7681
      vertex 0 57.75 69.75
    endloop
  endfacet
  facet normal -0.308637 0.63627 -0.707039
    outer loop
      vertex -27.2701 59.0016 77
      vertex -8.79185 19.071 33
      vertex -9.5338 18.7111 33
    endloop
  endfacet
  facet normal -0.308219 0.636468 -0.707043
    outer loop
      vertex -8.79185 19.071 33
      vertex -27.2701 59.0016 77
      vertex -27.2129 59.0293 77
    endloop
  endfacet
  facet normal -0.381265 -0.595595 -0.707039
    outer loop
      vertex -10.9725 -17.9054 33
      vertex -33.9624 -55.4216 77
      vertex -36.0585 -54.0798 77
    endloop
  endfacet
  facet normal 0.595594 -0.381265 -0.70704
    outer loop
      vertex 43.3068 -28.5877 63.8964
      vertex 17.9054 -10.9725 33
      vertex 43.2642 -27.9375 63.5099
    endloop
  endfacet
  facet normal 0.59562 -0.381225 -0.707039
    outer loop
      vertex 43.308 -27.2685 63.1861
      vertex 17.9054 -10.9725 33
      vertex 43.4373 -26.6184 62.9445
    endloop
  endfacet
  facet normal 0.595631 -0.381208 -0.707039
    outer loop
      vertex 17.9054 -10.9725 33
      vertex 43.308 -27.2685 63.1861
      vertex 43.2642 -27.9375 63.5099
    endloop
  endfacet
  facet normal -0.33336 -0.623672 -0.707039
    outer loop
      vertex -29.5094 -57.9154 77
      vertex -31.7043 -56.7422 77
      vertex -9.5338 -18.7111 33
    endloop
  endfacet
  facet normal -0.707054 0.0133427 -0.707033
    outer loop
      vertex -20.9838 0.824455 33
      vertex -64.9511 2.4883 77
      vertex -64.9499 2.55189 77
    endloop
  endfacet
  facet normal -0.707039 0.0138928 -0.707038
    outer loop
      vertex -64.9511 2.4883 77
      vertex -20.9838 0.824455 33
      vertex -21 0 33
    endloop
  endfacet
  facet normal -0.563853 -0.426811 -0.707038
    outer loop
      vertex -51.0456 -40.2411 77
      vertex -52.5477 -38.2567 77
      vertex -16.4917 -13.001 33
    endloop
  endfacet
  facet normal 0.42697 -0.563734 -0.707036
    outer loop
      vertex 12.3435 -16.9894 33
      vertex 38.2567 -52.5477 77
      vertex 38.206 -52.5861 77
    endloop
  endfacet
  facet normal 0.426812 -0.563852 -0.707038
    outer loop
      vertex 38.2567 -52.5477 77
      vertex 12.3435 -16.9894 33
      vertex 13.001 -16.4917 33
    endloop
  endfacet
  facet normal 0.205295 -0.676721 -0.707038
    outer loop
      vertex 17.6436 -62.5596 77
      vertex 5.70025 -20.2116 33
      vertex 20.0252 -61.8371 77
    endloop
  endfacet
  facet normal 0.231716 0.668135 -0.707038
    outer loop
      vertex 6.48936 19.9722 33
      vertex 20.1462 61.7978 77
      vertex 7.26846 19.702 33
    endloop
  endfacet
  facet normal 0.23228 0.667945 -0.707032
    outer loop
      vertex 20.1462 61.7978 77
      vertex 6.48936 19.9722 33
      vertex 20.0861 61.8187 77
    endloop
  endfacet
  facet normal 0.151539 0.690748 -0.707038
    outer loop
      vertex 15.1118 63.2177 77
      vertex 4.0969 20.5965 33
      vertex 12.6809 63.751 77
    endloop
  endfacet
  facet normal 0.404363 0.580162 -0.707038
    outer loop
      vertex 38.206 52.5861 77
      vertex 12.3435 16.9894 33
      vertex 36.1642 54.0092 77
    endloop
  endfacet
  facet normal -0.563853 0.426811 -0.707038
    outer loop
      vertex -16.4917 13.001 33
      vertex -52.5477 38.2567 77
      vertex -51.0456 40.2411 77
    endloop
  endfacet
  facet normal 0.426811 0.563853 -0.707038
    outer loop
      vertex 40.2411 51.0456 77
      vertex 13.001 16.4917 33
      vertex 38.2567 52.5477 77
    endloop
  endfacet
  facet normal 0.580167 -0.404363 -0.707034
    outer loop
      vertex 52.5861 -38.206 77
      vertex 51.4936 -34.8105 74.1616
      vertex 53.1763 -37.3592 77
    endloop
  endfacet
  facet normal 0.580154 -0.404372 -0.70704
    outer loop
      vertex 48.3892 -33.0625 70.6146
      vertex 51.4936 -34.8105 74.1616
      vertex 52.5861 -38.206 77
    endloop
  endfacet
  facet normal 0.579543 -0.405344 -0.706984
    outer loop
      vertex 51.4936 -34.8105 74.1616
      vertex 48.3892 -33.0625 70.6146
      vertex 48.4581 -33.058 70.6685
    endloop
  endfacet
  facet normal 0.580108 -0.404421 -0.707049
    outer loop
      vertex 52.5861 -38.206 77
      vertex 47.7202 -33.0186 70.0406
      vertex 48.3892 -33.0625 70.6146
    endloop
  endfacet
  facet normal 0.58021 -0.404303 -0.707033
    outer loop
      vertex 52.5861 -38.206 77
      vertex 47.0627 -32.8879 69.4263
      vertex 47.7202 -33.0186 70.0406
    endloop
  endfacet
  facet normal 0.580267 -0.404233 -0.707026
    outer loop
      vertex 52.5861 -38.206 77
      vertex 46.4279 -32.6724 68.7821
      vertex 47.0627 -32.8879 69.4263
    endloop
  endfacet
  facet normal 0.580184 -0.404338 -0.707034
    outer loop
      vertex 52.5861 -38.206 77
      vertex 45.8267 -32.3759 68.1192
      vertex 46.4279 -32.6724 68.7821
    endloop
  endfacet
  facet normal 0.580073 -0.404481 -0.707043
    outer loop
      vertex 52.5861 -38.206 77
      vertex 45.2693 -32.0034 67.4488
      vertex 45.8267 -32.3759 68.1192
    endloop
  endfacet
  facet normal 0.580096 -0.404461 -0.707036
    outer loop
      vertex 43.6543 -29.8987 64.92
      vertex 16.9894 -12.3435 33
      vertex 43.4817 -29.3902 64.4875
    endloop
  endfacet
  facet normal 0.580261 -0.404217 -0.70704
    outer loop
      vertex 43.9508 -30.5 65.5071
      vertex 16.9894 -12.3435 33
      vertex 43.6543 -29.8987 64.92
    endloop
  endfacet
  facet normal 0.580092 -0.404463 -0.707038
    outer loop
      vertex 44.3232 -31.0574 66.1315
      vertex 16.9894 -12.3435 33
      vertex 43.9508 -30.5 65.5071
    endloop
  endfacet
  facet normal 0.580228 -0.404267 -0.707039
    outer loop
      vertex 44.7652 -31.5614 66.7824
      vertex 16.9894 -12.3435 33
      vertex 44.3232 -31.0574 66.1315
    endloop
  endfacet
  facet normal 0.580291 -0.404176 -0.707039
    outer loop
      vertex 45.2693 -32.0034 67.4488
      vertex 16.9894 -12.3435 33
      vertex 44.7652 -31.5614 66.7824
    endloop
  endfacet
  facet normal 0.580134 -0.404402 -0.707039
    outer loop
      vertex 16.9894 -12.3435 33
      vertex 45.2693 -32.0034 67.4488
      vertex 52.5861 -38.206 77
    endloop
  endfacet
  facet normal -0.0414157 -0.705945 -0.707054
    outer loop
      vertex -3.39999 -62 74.1046
      vertex -3.57234 -58.9375 71.057
      vertex -3.39999 -59.1954 71.3044
    endloop
  endfacet
  facet normal -0.0412888 -0.705945 -0.707062
    outer loop
      vertex -3.39999 -62 74.1046
      vertex -3.81099 -58.4536 70.5878
      vertex -3.57234 -58.9375 71.057
    endloop
  endfacet
  facet normal -0.0416217 -0.705955 -0.707033
    outer loop
      vertex -5.09984 -64.7996 77
      vertex -3.81099 -58.4536 70.5878
      vertex -3.39999 -62 74.1046
    endloop
  endfacet
  facet normal -0.0419047 -0.705918 -0.707053
    outer loop
      vertex -3.81099 -58.4536 70.5878
      vertex -5.09984 -64.7996 77
      vertex -3.98444 -57.9426 70.0879
    endloop
  endfacet
  facet normal -0.041577 -0.705954 -0.707036
    outer loop
      vertex -3.98444 -57.9426 70.0879
      vertex -5.09984 -64.7996 77
      vertex -4.08971 -57.4134 69.5657
    endloop
  endfacet
  facet normal -0.0416628 -0.705942 -0.707044
    outer loop
      vertex -5.09984 -64.7996 77
      vertex -3.39999 -62 74.1046
      vertex -4.8084 -64.8168 77
    endloop
  endfacet
  facet normal -0.0419968 -0.705933 -0.707032
    outer loop
      vertex -2.51114 -53.6024 65.6676
      vertex -1.64764 -20.9353 33
      vertex -2.36378 -53.504 65.5606
    endloop
  endfacet
  facet normal -0.0415635 -0.705952 -0.707039
    outer loop
      vertex -2.91681 -53.9582 66.0467
      vertex -1.64764 -20.9353 33
      vertex -2.51114 -53.6024 65.6676
    endloop
  endfacet
  facet normal -0.0417932 -0.70594 -0.707037
    outer loop
      vertex -3.27257 -54.3638 66.4727
      vertex -1.64764 -20.9353 33
      vertex -2.91681 -53.9582 66.0467
    endloop
  endfacet
  facet normal -0.0414791 -0.705957 -0.707039
    outer loop
      vertex -3.57234 -54.8125 66.9383
      vertex -1.64764 -20.9353 33
      vertex -3.27257 -54.3638 66.4727
    endloop
  endfacet
  facet normal -0.0419461 -0.70593 -0.707038
    outer loop
      vertex -3.81099 -55.2964 67.4356
      vertex -1.64764 -20.9353 33
      vertex -3.57234 -54.8125 66.9383
    endloop
  endfacet
  facet normal -0.0409979 -0.705988 -0.707036
    outer loop
      vertex -3.98444 -55.8074 67.9559
      vertex -1.64764 -20.9353 33
      vertex -3.81099 -55.2964 67.4356
    endloop
  endfacet
  facet normal -0.0418128 -0.705937 -0.70704
    outer loop
      vertex -4.08971 -56.3366 68.4905
      vertex -1.64764 -20.9353 33
      vertex -3.98444 -55.8074 67.9559
    endloop
  endfacet
  facet normal -0.041584 -0.705954 -0.707036
    outer loop
      vertex -4.08971 -57.4134 69.5657
      vertex -5.09984 -64.7996 77
      vertex -4.125 -56.875 69.0302
    endloop
  endfacet
  facet normal -0.0404651 -0.706055 -0.707
    outer loop
      vertex -4.125 -56.875 69.0302
      vertex -5.09984 -64.7996 77
      vertex -4.08971 -56.3366 68.4905
    endloop
  endfacet
  facet normal -0.0417525 -0.705941 -0.707039
    outer loop
      vertex -4.08971 -56.3366 68.4905
      vertex -5.09984 -64.7996 77
      vertex -1.64764 -20.9353 33
    endloop
  endfacet
  facet normal -0.668143 0.231693 -0.707038
    outer loop
      vertex -19.702 7.26846 33
      vertex -61.7978 20.1462 77
      vertex -60.9824 22.4976 77
    endloop
  endfacet
  facet normal 0.283404 0.647903 -0.707039
    outer loop
      vertex 27.2129 59.0293 77
      vertex 8.79185 19.071 33
      vertex 24.9327 60.0267 77
    endloop
  endfacet
  facet normal -0.205303 -0.676718 -0.707038
    outer loop
      vertex -20.0252 -61.8371 77
      vertex -6.48936 -19.9722 33
      vertex -5.70025 -20.2116 33
    endloop
  endfacet
  facet normal -0.204533 -0.676959 -0.707031
    outer loop
      vertex -6.48936 -19.9722 33
      vertex -20.0252 -61.8371 77
      vertex -20.0861 -61.8187 77
    endloop
  endfacet
  facet normal -0.231716 0.668135 -0.707038
    outer loop
      vertex -20.1462 61.7978 77
      vertex -6.48936 19.9722 33
      vertex -7.26846 19.702 33
    endloop
  endfacet
  facet normal -0.23228 0.667945 -0.707032
    outer loop
      vertex -6.48936 19.9722 33
      vertex -20.1462 61.7978 77
      vertex -20.0861 61.8187 77
    endloop
  endfacet
  facet normal -0.124337 0.696159 -0.707038
    outer loop
      vertex -4.0969 20.5965 33
      vertex -12.6809 63.751 77
      vertex -10.2308 64.1886 77
    endloop
  endfacet
  facet normal -0.151539 0.690748 -0.707038
    outer loop
      vertex -4.0969 20.5965 33
      vertex -15.1118 63.2177 77
      vertex -12.6809 63.751 77
    endloop
  endfacet
  facet normal 0.308219 -0.636468 -0.707043
    outer loop
      vertex 8.79185 -19.071 33
      vertex 27.2701 -59.0016 77
      vertex 27.2129 -59.0293 77
    endloop
  endfacet
  facet normal 0.308637 -0.63627 -0.707039
    outer loop
      vertex 27.2701 -59.0016 77
      vertex 8.79185 -19.071 33
      vertex 9.5338 -18.7111 33
    endloop
  endfacet
  facet normal -0.490149 0.509755 -0.707039
    outer loop
      vertex -14.8492 14.8492 33
      vertex -45.9619 45.9619 77
      vertex -44.1679 47.6869 77
    endloop
  endfacet
  facet normal -0.357589 0.610104 -0.707039
    outer loop
      vertex -10.9725 17.9054 33
      vertex -33.9624 55.4216 77
      vertex -31.8152 56.6801 77
    endloop
  endfacet
  facet normal -0.381265 0.595595 -0.707039
    outer loop
      vertex -10.9725 17.9054 33
      vertex -36.0585 54.0798 77
      vertex -33.9624 55.4216 77
    endloop
  endfacet
  facet normal 0.546611 0.448677 -0.707039
    outer loop
      vertex 15.9685 13.6384 33
      vertex 49.4667 42.165 77
      vertex 16.4917 13.001 33
    endloop
  endfacet
  facet normal 0.546628 0.448658 -0.707039
    outer loop
      vertex 49.4667 42.165 77
      vertex 15.9685 13.6384 33
      vertex 49.4264 42.2141 77
    endloop
  endfacet
  facet normal -0.124337 -0.696159 -0.707038
    outer loop
      vertex -12.6809 -63.751 77
      vertex -4.0969 -20.5965 33
      vertex -10.2308 -64.1886 77
    endloop
  endfacet
  facet normal -0.231693 0.668143 -0.707038
    outer loop
      vertex -7.26846 19.702 33
      vertex -22.4976 60.9824 77
      vertex -20.1462 61.7978 77
    endloop
  endfacet
  facet normal 0.33336 -0.623672 -0.707039
    outer loop
      vertex 29.5094 -57.9154 77
      vertex 9.5338 -18.7111 33
      vertex 31.7043 -56.7422 77
    endloop
  endfacet
  facet normal -0.404358 0.580165 -0.707038
    outer loop
      vertex -36.1642 54.0092 77
      vertex -11.667 17.4609 33
      vertex -12.3435 16.9894 33
    endloop
  endfacet
  facet normal -0.404266 0.580228 -0.707039
    outer loop
      vertex -11.667 17.4609 33
      vertex -36.1642 54.0092 77
      vertex -36.1121 54.0455 77
    endloop
  endfacet
  facet normal 0.123466 -0.696306 -0.707046
    outer loop
      vertex 3.28512 -20.7415 33
      vertex 10.2308 -64.1886 77
      vertex 10.1682 -64.1997 77
    endloop
  endfacet
  facet normal 0.124347 -0.696157 -0.707038
    outer loop
      vertex 10.2308 -64.1886 77
      vertex 3.28512 -20.7415 33
      vertex 4.0969 -20.5965 33
    endloop
  endfacet
  facet normal 0.151539 -0.690748 -0.707038
    outer loop
      vertex 12.6809 -63.751 77
      vertex 4.0969 -20.5965 33
      vertex 15.1118 -63.2177 77
    endloop
  endfacet
  facet normal 0.0139229 0.707048 -0.707028
    outer loop
      vertex 1.5013 59.9969 72.0263
      vertex 1.27499 62 74.025
      vertex 2.45482 64.3596 76.4079
    endloop
  endfacet
  facet normal 0.00991624 0.70705 -0.707094
    outer loop
      vertex 1.27499 62 74.025
      vertex 1.28918 60.3642 72.3895
      vertex 1.27499 60.3804 72.4055
    endloop
  endfacet
  facet normal 0.013753 0.707035 -0.707045
    outer loop
      vertex 1.27499 62 74.025
      vertex 1.40729 60.1875 72.2151
      vertex 1.28918 60.3642 72.3895
    endloop
  endfacet
  facet normal 0.0134759 0.707027 -0.707058
    outer loop
      vertex 1.27499 62 74.025
      vertex 1.5013 59.9969 72.0263
      vertex 1.40729 60.1875 72.2151
    endloop
  endfacet
  facet normal 0.0143021 0.707003 -0.707066
    outer loop
      vertex 2.45482 64.3596 76.4079
      vertex 1.56963 59.7956 71.8264
      vertex 1.5013 59.9969 72.0263
    endloop
  endfacet
  facet normal 0.0138097 0.707056 -0.707023
    outer loop
      vertex 2.45482 64.3596 76.4079
      vertex 1.61108 59.5871 71.6187
      vertex 1.56963 59.7956 71.8264
    endloop
  endfacet
  facet normal 0.0143315 0.707004 -0.707064
    outer loop
      vertex 2.45482 64.3596 76.4079
      vertex 1.625 59.375 71.4069
      vertex 1.61108 59.5871 71.6187
    endloop
  endfacet
  facet normal 0.0131494 0.707114 -0.706977
    outer loop
      vertex 2.45482 64.3596 76.4079
      vertex 1.61108 59.1629 71.1945
      vertex 1.625 59.375 71.4069
    endloop
  endfacet
  facet normal 0.0140009 0.707037 -0.707037
    outer loop
      vertex 0.212097 57.7639 69.7681
      vertex 0 21 33
      vertex 0 57.75 69.75
    endloop
  endfacet
  facet normal 0.0135651 0.707043 -0.70704
    outer loop
      vertex 0.420578 57.8054 69.8136
      vertex 0 21 33
      vertex 0.212097 57.7639 69.7681
    endloop
  endfacet
  facet normal 0.0140519 0.707035 -0.707038
    outer loop
      vertex 0.621857 57.8737 69.8859
      vertex 0 21 33
      vertex 0.420578 57.8054 69.8136
    endloop
  endfacet
  facet normal 0.0140949 0.707035 -0.707038
    outer loop
      vertex 0.8125 57.9677 69.9837
      vertex 0 21 33
      vertex 0.621857 57.8737 69.8859
    endloop
  endfacet
  facet normal 0.0135977 0.707045 -0.707038
    outer loop
      vertex 0.989227 58.0858 70.1052
      vertex 0 21 33
      vertex 0.8125 57.9677 69.9837
    endloop
  endfacet
  facet normal 0.0141634 0.707032 -0.70704
    outer loop
      vertex 1.14905 58.2259 70.2485
      vertex 0 21 33
      vertex 0.989227 58.0858 70.1052
    endloop
  endfacet
  facet normal 0.0136127 0.707046 -0.707037
    outer loop
      vertex 1.28918 58.3858 70.4111
      vertex 0 21 33
      vertex 1.14905 58.2259 70.2485
    endloop
  endfacet
  facet normal 0.0137626 0.707042 -0.707038
    outer loop
      vertex 1.40729 58.5625 70.5901
      vertex 0 21 33
      vertex 1.28918 58.3858 70.4111
    endloop
  endfacet
  facet normal 0.0143246 0.707026 -0.707043
    outer loop
      vertex 1.5013 58.7531 70.7826
      vertex 0 21 33
      vertex 1.40729 58.5625 70.5901
    endloop
  endfacet
  facet normal 0.013393 0.707053 -0.707033
    outer loop
      vertex 1.56963 58.9544 70.9852
      vertex 0 21 33
      vertex 1.5013 58.7531 70.7826
    endloop
  endfacet
  facet normal 0.0135862 0.707047 -0.707036
    outer loop
      vertex 1.61108 59.1629 71.1945
      vertex 0 21 33
      vertex 1.56963 58.9544 70.9852
    endloop
  endfacet
  facet normal 0.0140387 0.707033 -0.707041
    outer loop
      vertex 0 21 33
      vertex 1.61108 59.1629 71.1945
      vertex 2.45482 64.3596 76.4079
    endloop
  endfacet
  facet normal 0.204533 -0.676959 -0.707031
    outer loop
      vertex 20.0252 -61.8371 77
      vertex 6.48936 -19.9722 33
      vertex 20.0861 -61.8187 77
    endloop
  endfacet
  facet normal 0.205303 -0.676718 -0.707038
    outer loop
      vertex 6.48936 -19.9722 33
      vertex 20.0252 -61.8371 77
      vertex 5.70025 -20.2116 33
    endloop
  endfacet
  facet normal 0.33348 -0.623607 -0.70704
    outer loop
      vertex 31.7043 -56.7422 77
      vertex 10.261 -18.3224 33
      vertex 31.7604 -56.7122 77
    endloop
  endfacet
  facet normal 0.333362 -0.623671 -0.707039
    outer loop
      vertex 10.261 -18.3224 33
      vertex 31.7043 -56.7422 77
      vertex 9.5338 -18.7111 33
    endloop
  endfacet
  facet normal 0.580162 0.404363 -0.707038
    outer loop
      vertex 54.0092 36.1642 77
      vertex 16.9894 12.3435 33
      vertex 52.5861 38.206 77
    endloop
  endfacet
  facet normal -0.528639 0.469721 -0.707038
    outer loop
      vertex -47.7732 44.0745 77
      vertex -15.4208 14.2548 33
      vertex -15.9685 13.6384 33
    endloop
  endfacet
  facet normal -0.528673 0.469684 -0.707038
    outer loop
      vertex -15.4208 14.2548 33
      vertex -47.7732 44.0745 77
      vertex -47.731 44.122 77
    endloop
  endfacet
  facet normal 0.357431 -0.610194 -0.70704
    outer loop
      vertex 10.261 -18.3224 33
      vertex 31.8152 -56.6801 77
      vertex 31.7604 -56.7122 77
    endloop
  endfacet
  facet normal 0.357577 -0.61011 -0.707039
    outer loop
      vertex 31.8152 -56.6801 77
      vertex 10.261 -18.3224 33
      vertex 10.9725 -17.9054 33
    endloop
  endfacet
  facet normal -0.70369 -0.0700466 -0.707046
    outer loop
      vertex -64.5557 -7.57664 77
      vertex -20.8544 -2.46828 33
      vertex -64.5494 -7.63993 77
    endloop
  endfacet
  facet normal -0.703762 -0.069378 -0.70704
    outer loop
      vertex -20.8544 -2.46828 33
      vertex -64.5557 -7.57664 77
      vertex -20.9353 -1.64764 33
    endloop
  endfacet
  facet normal 0.381175 0.595655 -0.707037
    outer loop
      vertex 11.667 17.4609 33
      vertex 36.0585 54.0798 77
      vertex 36.1121 54.0455 77
    endloop
  endfacet
  facet normal 0.381218 0.595626 -0.707038
    outer loop
      vertex 36.0585 54.0798 77
      vertex 11.667 17.4609 33
      vertex 10.9725 17.9054 33
    endloop
  endfacet
  facet normal -0.676959 -0.204533 -0.707031
    outer loop
      vertex -61.8371 -20.0252 77
      vertex -19.9722 -6.48936 33
      vertex -61.8187 -20.0861 77
    endloop
  endfacet
  facet normal -0.676718 -0.205303 -0.707038
    outer loop
      vertex -19.9722 -6.48936 33
      vertex -61.8371 -20.0252 77
      vertex -20.2116 -5.70025 33
    endloop
  endfacet
  facet normal -0.490149 -0.509755 -0.707039
    outer loop
      vertex -44.1679 -47.6869 77
      vertex -45.9619 -45.9619 77
      vertex -14.8492 -14.8492 33
    endloop
  endfacet
  facet normal 0.658531 0.257747 -0.707038
    outer loop
      vertex 60.9824 22.4976 77
      vertex 19.702 7.26846 33
      vertex 60.0753 24.8152 77
    endloop
  endfacet
  facet normal -0.448627 -0.546655 -0.707038
    outer loop
      vertex -40.2411 -51.0456 77
      vertex -42.165 -49.4667 77
      vertex -13.001 -16.4917 33
    endloop
  endfacet
  facet normal -0.205303 0.676718 -0.707038
    outer loop
      vertex -6.48936 19.9722 33
      vertex -20.0252 61.8371 77
      vertex -5.70025 20.2116 33
    endloop
  endfacet
  facet normal -0.204533 0.676959 -0.707031
    outer loop
      vertex -20.0252 61.8371 77
      vertex -6.48936 19.9722 33
      vertex -20.0861 61.8187 77
    endloop
  endfacet
  facet normal -0.283404 0.647903 -0.707039
    outer loop
      vertex -8.79185 19.071 33
      vertex -27.2129 59.0293 77
      vertex -24.9327 60.0267 77
    endloop
  endfacet
  facet normal -0.668135 -0.231716 -0.707038
    outer loop
      vertex -61.7978 -20.1462 77
      vertex -19.9722 -6.48936 33
      vertex -19.702 -7.26846 33
    endloop
  endfacet
  facet normal -0.667945 -0.23228 -0.707032
    outer loop
      vertex -61.7978 -20.1462 77
      vertex -61.8187 -20.0861 77
      vertex -19.9722 -6.48936 33
    endloop
  endfacet
  facet normal -0.069378 -0.703762 -0.70704
    outer loop
      vertex -7.57664 -64.5557 77
      vertex -2.46828 -20.8544 33
      vertex -1.64764 -20.9353 33
    endloop
  endfacet
  facet normal -0.0700466 -0.70369 -0.707046
    outer loop
      vertex -2.46828 -20.8544 33
      vertex -7.57664 -64.5557 77
      vertex -7.63993 -64.5494 77
    endloop
  endfacet
  facet normal -0.469744 0.528618 -0.707039
    outer loop
      vertex -13.6384 15.9685 33
      vertex -44.0745 47.7732 77
      vertex -42.2141 49.4264 77
    endloop
  endfacet
  facet normal 0.33348 0.623607 -0.70704
    outer loop
      vertex 10.261 18.3224 33
      vertex 31.7043 56.7422 77
      vertex 31.7604 56.7122 77
    endloop
  endfacet
  facet normal 0.333362 0.623671 -0.707039
    outer loop
      vertex 31.7043 56.7422 77
      vertex 10.261 18.3224 33
      vertex 9.5338 18.7111 33
    endloop
  endfacet
  facet normal -0.490177 0.509729 -0.707038
    outer loop
      vertex -44.1679 47.6869 77
      vertex -14.2548 15.4208 33
      vertex -14.8492 14.8492 33
    endloop
  endfacet
  facet normal -0.489948 0.509945 -0.707041
    outer loop
      vertex -14.2548 15.4208 33
      vertex -44.1679 47.6869 77
      vertex -44.122 47.731 77
    endloop
  endfacet
  facet normal 0.647903 0.283404 -0.707039
    outer loop
      vertex 60.0267 24.9327 77
      vertex 19.071 8.79185 33
      vertex 59.0293 27.2129 77
    endloop
  endfacet
  facet normal -0.595655 -0.381175 -0.707037
    outer loop
      vertex -54.0798 -36.0585 77
      vertex -17.4609 -11.667 33
      vertex -54.0455 -36.1121 77
    endloop
  endfacet
  facet normal -0.595626 -0.381218 -0.707038
    outer loop
      vertex -17.4609 -11.667 33
      vertex -54.0798 -36.0585 77
      vertex -17.9054 -10.9725 33
    endloop
  endfacet
  facet normal -0.469721 -0.528639 -0.707038
    outer loop
      vertex -44.0745 -47.7732 77
      vertex -14.2548 -15.4208 33
      vertex -13.6384 -15.9685 33
    endloop
  endfacet
  facet normal -0.469684 -0.528673 -0.707038
    outer loop
      vertex -14.2548 -15.4208 33
      vertex -44.0745 -47.7732 77
      vertex -44.122 -47.731 77
    endloop
  endfacet
  facet normal 0.178548 0.684264 -0.707039
    outer loop
      vertex 4.90235 20.4198 33
      vertex 15.2355 63.188 77
      vertex 5.70025 20.2116 33
    endloop
  endfacet
  facet normal 0.177781 0.684456 -0.707046
    outer loop
      vertex 15.2355 63.188 77
      vertex 4.90235 20.4198 33
      vertex 15.1739 63.204 77
    endloop
  endfacet
  facet normal -0.096822 0.700515 -0.707039
    outer loop
      vertex -7.70293 64.5407 77
      vertex -2.46828 20.8544 33
      vertex -3.28512 20.7415 33
    endloop
  endfacet
  facet normal -0.0967392 0.700525 -0.70704
    outer loop
      vertex -2.46828 20.8544 33
      vertex -7.70293 64.5407 77
      vertex -7.63993 64.5494 77
    endloop
  endfacet
  facet normal 0.469684 0.528673 -0.707038
    outer loop
      vertex 14.2548 15.4208 33
      vertex 44.0745 47.7732 77
      vertex 44.122 47.731 77
    endloop
  endfacet
  facet normal 0.469721 0.528639 -0.707038
    outer loop
      vertex 44.0745 47.7732 77
      vertex 14.2548 15.4208 33
      vertex 13.6384 15.9685 33
    endloop
  endfacet
  facet normal -0.707039 -0.0138947 -0.707039
    outer loop
      vertex -64.9511 -2.4883 77
      vertex -65 0 77
      vertex -21 0 33
    endloop
  endfacet
  facet normal -0.308632 -0.636272 -0.707039
    outer loop
      vertex -27.2701 -59.0016 77
      vertex -29.5094 -57.9154 77
      vertex -9.5338 -18.7111 33
    endloop
  endfacet
  facet normal -0.283404 -0.647903 -0.707039
    outer loop
      vertex -27.2129 -59.0293 77
      vertex -8.79185 -19.071 33
      vertex -24.9327 -60.0267 77
    endloop
  endfacet
  facet normal -0.426812 0.563852 -0.707038
    outer loop
      vertex -38.2567 52.5477 77
      vertex -12.3435 16.9894 33
      vertex -13.001 16.4917 33
    endloop
  endfacet
  facet normal -0.42697 0.563734 -0.707036
    outer loop
      vertex -12.3435 16.9894 33
      vertex -38.2567 52.5477 77
      vertex -38.206 52.5861 77
    endloop
  endfacet
  facet normal -0.703771 0.0693031 -0.707038
    outer loop
      vertex -64.7996 5.09984 77
      vertex -64.5557 7.57664 77
      vertex -20.9353 1.64764 33
    endloop
  endfacet
  facet normal 0.0968951 0.700506 -0.707038
    outer loop
      vertex 10.1682 64.1997 77
      vertex 3.28512 20.7415 33
      vertex 7.70293 64.5407 77
    endloop
  endfacet
  facet normal 0.700506 0.0968951 -0.707038
    outer loop
      vertex 64.5407 7.70293 77
      vertex 20.7415 3.28512 33
      vertex 64.1997 10.1682 77
    endloop
  endfacet
  facet normal -0.563852 -0.426812 -0.707038
    outer loop
      vertex -52.5477 -38.2567 77
      vertex -16.9894 -12.3435 33
      vertex -16.4917 -13.001 33
    endloop
  endfacet
  facet normal -0.563734 -0.42697 -0.707036
    outer loop
      vertex -16.9894 -12.3435 33
      vertex -52.5477 -38.2567 77
      vertex -52.5861 -38.206 77
    endloop
  endfacet
  facet normal -0.469721 0.528639 -0.707038
    outer loop
      vertex -14.2548 15.4208 33
      vertex -44.0745 47.7732 77
      vertex -13.6384 15.9685 33
    endloop
  endfacet
  facet normal -0.469684 0.528673 -0.707038
    outer loop
      vertex -44.0745 47.7732 77
      vertex -14.2548 15.4208 33
      vertex -44.122 47.731 77
    endloop
  endfacet
  facet normal 0.283427 0.647894 -0.707038
    outer loop
      vertex 8.03635 19.4015 33
      vertex 24.9327 60.0267 77
      vertex 8.79185 19.071 33
    endloop
  endfacet
  facet normal 0.283391 0.647909 -0.707039
    outer loop
      vertex 24.9327 60.0267 77
      vertex 8.03635 19.4015 33
      vertex 24.8744 60.0522 77
    endloop
  endfacet
  facet normal 0.623475 0.333714 -0.707046
    outer loop
      vertex 18.7111 9.5338 33
      vertex 51.7064 28.8221 71.1991
      vertex 51.7889 28.8167 71.2693
    endloop
  endfacet
  facet normal 0.623835 0.333071 -0.707032
    outer loop
      vertex 18.7111 9.5338 33
      vertex 51.5621 28.8508 71.0853
      vertex 51.7064 28.8221 71.1991
    endloop
  endfacet
  facet normal 0.624458 0.331959 -0.707005
    outer loop
      vertex 18.7111 9.5338 33
      vertex 51.5339 28.8604 71.0649
      vertex 51.5621 28.8508 71.0853
    endloop
  endfacet
  facet normal 0.623671 0.333362 -0.707039
    outer loop
      vertex 51.5339 28.8604 71.0649
      vertex 18.7111 9.5338 33
      vertex 18.3224 10.261 33
    endloop
  endfacet
  facet normal 0.62361 0.33349 -0.707033
    outer loop
      vertex 54.3746 30.3241 74.2608
      vertex 53.3238 29.8628 73.1164
      vertex 54.1202 30.3088 74.0292
    endloop
  endfacet
  facet normal 0.6237 0.333305 -0.707041
    outer loop
      vertex 52.8602 29.4412 72.5087
      vertex 53.3238 29.8628 73.1164
      vertex 54.3746 30.3241 74.2608
    endloop
  endfacet
  facet normal 0.623879 0.333038 -0.707009
    outer loop
      vertex 53.3238 29.8628 73.1164
      vertex 52.8926 29.507 72.5683
      vertex 52.9377 29.6399 72.6707
    endloop
  endfacet
  facet normal 0.623694 0.333313 -0.707042
    outer loop
      vertex 53.3238 29.8628 73.1164
      vertex 52.8602 29.4412 72.5087
      vertex 52.8926 29.507 72.5683
    endloop
  endfacet
  facet normal -0.357431 -0.610194 -0.70704
    outer loop
      vertex -31.8152 -56.6801 77
      vertex -10.261 -18.3224 33
      vertex -31.7604 -56.7122 77
    endloop
  endfacet
  facet normal -0.357577 -0.61011 -0.707039
    outer loop
      vertex -10.261 -18.3224 33
      vertex -31.8152 -56.6801 77
      vertex -10.9725 -17.9054 33
    endloop
  endfacet
  facet normal -0.707039 -0.0138928 -0.707038
    outer loop
      vertex -20.9838 -0.824455 33
      vertex -64.9511 -2.4883 77
      vertex -21 0 33
    endloop
  endfacet
  facet normal -0.707054 -0.0133427 -0.707033
    outer loop
      vertex -20.9838 -0.824455 33
      vertex -64.9499 -2.55189 77
      vertex -64.9511 -2.4883 77
    endloop
  endfacet
  facet normal -0.448677 -0.546611 -0.707039
    outer loop
      vertex -42.165 -49.4667 77
      vertex -13.6384 -15.9685 33
      vertex -13.001 -16.4917 33
    endloop
  endfacet
  facet normal -0.448658 -0.546628 -0.707039
    outer loop
      vertex -13.6384 -15.9685 33
      vertex -42.165 -49.4667 77
      vertex -42.2141 -49.4264 77
    endloop
  endfacet
  facet normal -0.509729 -0.490177 -0.707038
    outer loop
      vertex -47.6869 -44.1679 77
      vertex -15.4208 -14.2548 33
      vertex -14.8492 -14.8492 33
    endloop
  endfacet
  facet normal -0.509945 -0.489948 -0.707041
    outer loop
      vertex -15.4208 -14.2548 33
      vertex -47.6869 -44.1679 77
      vertex -47.731 -44.122 77
    endloop
  endfacet
  facet normal -0.676721 0.205295 -0.707038
    outer loop
      vertex -20.2116 5.70025 33
      vertex -62.5596 17.6436 77
      vertex -61.8371 20.0252 77
    endloop
  endfacet
  facet normal -0.61011 -0.357577 -0.707039
    outer loop
      vertex -47.6886 -26.982 66.7968
      vertex -18.3224 -10.261 33
      vertex -17.9054 -10.9725 33
    endloop
  endfacet
  facet normal -0.610096 -0.357602 -0.707039
    outer loop
      vertex -18.3224 -10.261 33
      vertex -47.6886 -26.982 66.7968
      vertex -47.8504 -26.7975 66.8431
    endloop
  endfacet
  facet normal -0.623671 -0.333362 -0.707039
    outer loop
      vertex -47.8504 -26.7975 66.8431
      vertex -18.7111 -9.5338 33
      vertex -18.3224 -10.261 33
    endloop
  endfacet
  facet normal -0.623546 -0.333583 -0.707045
    outer loop
      vertex -47.9115 -26.7278 66.8641
      vertex -18.7111 -9.5338 33
      vertex -47.8504 -26.7975 66.8431
    endloop
  endfacet
  facet normal -0.623919 -0.33292 -0.707029
    outer loop
      vertex -18.7111 -9.5338 33
      vertex -47.9115 -26.7278 66.8641
      vertex -48.0289 -26.6248 66.9192
    endloop
  endfacet
  facet normal -0.610191 0.357441 -0.707038
    outer loop
      vertex -17.9054 10.9725 33
      vertex -48.416 29.0025 68.4464
      vertex -48.3957 29.3125 68.5856
    endloop
  endfacet
  facet normal -0.610013 0.357743 -0.707039
    outer loop
      vertex -17.9054 10.9725 33
      vertex -48.4767 28.6978 68.3446
      vertex -48.416 29.0025 68.4464
    endloop
  endfacet
  facet normal -0.610192 0.357437 -0.70704
    outer loop
      vertex -17.9054 10.9725 33
      vertex -48.5765 28.4036 68.282
      vertex -48.4767 28.6978 68.3446
    endloop
  endfacet
  facet normal -0.610037 0.357705 -0.707037
    outer loop
      vertex -17.9054 10.9725 33
      vertex -48.7139 28.125 68.2596
      vertex -48.5765 28.4036 68.282
    endloop
  endfacet
  facet normal -0.610104 0.357588 -0.707039
    outer loop
      vertex -17.9054 10.9725 33
      vertex -48.8865 27.8667 68.2779
      vertex -48.7139 28.125 68.2596
    endloop
  endfacet
  facet normal -0.610129 0.357544 -0.70704
    outer loop
      vertex -48.8865 27.8667 68.2779
      vertex -17.9054 10.9725 33
      vertex -49.03 27.7031 68.319
    endloop
  endfacet
  facet normal -0.609963 0.357825 -0.707041
    outer loop
      vertex -48.416 29.6225 68.76
      vertex -17.9054 10.9725 33
      vertex -48.3957 29.3125 68.5856
    endloop
  endfacet
  facet normal -0.611378 0.355457 -0.707013
    outer loop
      vertex -17.9054 10.9725 33
      vertex -48.416 29.6225 68.76
      vertex -48.4267 29.6759 68.7961
    endloop
  endfacet
  facet normal -0.668135 0.231716 -0.707038
    outer loop
      vertex -19.9722 6.48936 33
      vertex -61.7978 20.1462 77
      vertex -19.702 7.26846 33
    endloop
  endfacet
  facet normal -0.667945 0.23228 -0.707032
    outer loop
      vertex -61.8187 20.0861 77
      vertex -61.7978 20.1462 77
      vertex -19.9722 6.48936 33
    endloop
  endfacet
  facet normal -0.623598 0.333493 -0.707042
    outer loop
      vertex -18.7111 9.5338 33
      vertex -49.5832 27.2557 68.5876
      vertex -49.3632 27.4027 68.4629
    endloop
  endfacet
  facet normal -0.623715 0.333283 -0.707038
    outer loop
      vertex -18.7111 9.5338 33
      vertex -49.8618 27.1183 68.7686
      vertex -49.5832 27.2557 68.5876
    endloop
  endfacet
  facet normal -0.623658 0.333385 -0.707039
    outer loop
      vertex -18.7111 9.5338 33
      vertex -50.156 27.0184 68.981
      vertex -49.8618 27.1183 68.7686
    endloop
  endfacet
  facet normal -0.623671 0.333362 -0.707039
    outer loop
      vertex -18.7111 9.5338 33
      vertex -50.4607 26.9578 69.2212
      vertex -50.156 27.0184 68.981
    endloop
  endfacet
  facet normal -0.623719 0.333273 -0.707039
    outer loop
      vertex -18.7111 9.5338 33
      vertex -50.7707 26.9375 69.4851
      vertex -50.4607 26.9578 69.2212
    endloop
  endfacet
  facet normal -0.623623 0.333452 -0.707039
    outer loop
      vertex -18.7111 9.5338 33
      vertex -51.0807 26.9578 69.7681
      vertex -50.7707 26.9375 69.4851
    endloop
  endfacet
  facet normal -0.623874 0.332984 -0.707038
    outer loop
      vertex -18.7111 9.5338 33
      vertex -51.3854 27.0184 70.0655
      vertex -51.0807 26.9578 69.7681
    endloop
  endfacet
  facet normal -0.622929 0.334748 -0.707038
    outer loop
      vertex -18.7111 9.5338 33
      vertex -51.6796 27.1183 70.372
      vertex -51.3854 27.0184 70.0655
    endloop
  endfacet
  facet normal -0.623712 0.333285 -0.70704
    outer loop
      vertex -57.9154 29.5094 77
      vertex -51.6796 27.1183 70.372
      vertex -18.7111 9.5338 33
    endloop
  endfacet
  facet normal -0.623682 0.333332 -0.707043
    outer loop
      vertex -52.8275 28.125 71.8593
      vertex -54.6498 29.3437 74.0413
      vertex -52.9424 28.358 72.0705
    endloop
  endfacet
  facet normal -0.623758 0.333207 -0.707036
    outer loop
      vertex -52.6549 27.8667 71.5853
      vertex -54.6498 29.3437 74.0413
      vertex -52.8275 28.125 71.8593
    endloop
  endfacet
  facet normal -0.623651 0.333402 -0.707038
    outer loop
      vertex -57.9154 29.5094 77
      vertex -52.6549 27.8667 71.5853
      vertex -52.4501 27.6331 71.2945
    endloop
  endfacet
  facet normal -0.623705 0.333278 -0.707049
    outer loop
      vertex -57.9154 29.5094 77
      vertex -52.4501 27.6331 71.2945
      vertex -52.2165 27.4283 70.9919
    endloop
  endfacet
  facet normal -0.623685 0.333321 -0.707046
    outer loop
      vertex -52.6549 27.8667 71.5853
      vertex -57.9154 29.5094 77
      vertex -54.6498 29.3437 74.0413
    endloop
  endfacet
  facet normal -0.623357 0.334058 -0.706988
    outer loop
      vertex -57.9154 29.5094 77
      vertex -52.2165 27.4283 70.9919
      vertex -51.9582 27.2557 70.6826
    endloop
  endfacet
  facet normal -0.62303 0.334776 -0.706936
    outer loop
      vertex -51.6796 27.1183 70.372
      vertex -57.9154 29.5094 77
      vertex -51.9582 27.2557 70.6826
    endloop
  endfacet
  facet normal -0.623747 0.333089 -0.707101
    outer loop
      vertex -54.6498 29.3437 74.0413
      vertex -57.9154 29.5094 77
      vertex -57.8997 29.5388 77
    endloop
  endfacet
  facet normal 0.528639 0.469721 -0.707038
    outer loop
      vertex 15.4208 14.2548 33
      vertex 47.7732 44.0745 77
      vertex 15.9685 13.6384 33
    endloop
  endfacet
  facet normal 0.528673 0.469684 -0.707038
    outer loop
      vertex 47.7732 44.0745 77
      vertex 15.4208 14.2548 33
      vertex 47.731 44.122 77
    endloop
  endfacet
  facet normal -0.333362 -0.623671 -0.707039
    outer loop
      vertex -31.7043 -56.7422 77
      vertex -10.261 -18.3224 33
      vertex -9.5338 -18.7111 33
    endloop
  endfacet
  facet normal -0.33348 -0.623607 -0.70704
    outer loop
      vertex -31.7043 -56.7422 77
      vertex -31.7604 -56.7122 77
      vertex -10.261 -18.3224 33
    endloop
  endfacet
  facet normal 0.690748 0.151539 -0.707038
    outer loop
      vertex 63.751 12.6809 77
      vertex 20.5965 4.0969 33
      vertex 63.2177 15.1118 77
    endloop
  endfacet
  facet normal -0.647903 0.283404 -0.707039
    outer loop
      vertex -19.071 8.79185 33
      vertex -60.0267 24.9327 77
      vertex -59.0293 27.2129 77
    endloop
  endfacet
  facet normal 0.381265 0.595595 -0.707039
    outer loop
      vertex 10.9725 17.9054 33
      vertex 33.9624 55.4216 77
      vertex 36.0585 54.0798 77
    endloop
  endfacet
  facet normal -0.700515 -0.096822 -0.707039
    outer loop
      vertex -64.5407 -7.70293 77
      vertex -20.8544 -2.46828 33
      vertex -20.7415 -3.28512 33
    endloop
  endfacet
  facet normal -0.700525 -0.0967392 -0.70704
    outer loop
      vertex -64.5407 -7.70293 77
      vertex -64.5494 -7.63993 77
      vertex -20.8544 -2.46828 33
    endloop
  endfacet
  facet normal -0.705951 0.0415928 -0.707039
    outer loop
      vertex -20.9838 0.824455 33
      vertex -64.9461 2.61537 77
      vertex -20.9353 1.64764 33
    endloop
  endfacet
  facet normal -0.705917 0.0422572 -0.707033
    outer loop
      vertex -64.9461 2.61537 77
      vertex -20.9838 0.824455 33
      vertex -64.9499 2.55189 77
    endloop
  endfacet
  facet normal -0.658546 0.25771 -0.707038
    outer loop
      vertex -60.0753 24.8152 77
      vertex -19.4015 8.03635 33
      vertex -19.702 7.26846 33
    endloop
  endfacet
  facet normal -0.658804 0.257067 -0.707031
    outer loop
      vertex -19.4015 8.03635 33
      vertex -60.0753 24.8152 77
      vertex -60.0522 24.8744 77
    endloop
  endfacet
  facet normal 0.357589 0.610104 -0.707039
    outer loop
      vertex 33.9624 55.4216 77
      vertex 10.9725 17.9054 33
      vertex 31.8152 56.6801 77
    endloop
  endfacet
  facet normal 0.676718 0.205303 -0.707038
    outer loop
      vertex 19.9722 6.48936 33
      vertex 61.8371 20.0252 77
      vertex 20.2116 5.70025 33
    endloop
  endfacet
  facet normal 0.676959 0.204533 -0.707031
    outer loop
      vertex 61.8371 20.0252 77
      vertex 19.9722 6.48936 33
      vertex 61.8187 20.0861 77
    endloop
  endfacet
  facet normal -0.690563 -0.152346 -0.707046
    outer loop
      vertex -63.2177 -15.1118 77
      vertex -20.4198 -4.90235 33
      vertex -63.204 -15.1739 77
    endloop
  endfacet
  facet normal -0.690748 -0.151537 -0.707038
    outer loop
      vertex -20.4198 -4.90235 33
      vertex -63.2177 -15.1118 77
      vertex -20.5965 -4.0969 33
    endloop
  endfacet
  facet normal 0.546655 0.448627 -0.707038
    outer loop
      vertex 51.0456 40.2411 77
      vertex 16.4917 13.001 33
      vertex 49.4667 42.165 77
    endloop
  endfacet
  facet normal -0.658804 -0.257067 -0.707031
    outer loop
      vertex -60.0753 -24.8152 77
      vertex -19.4015 -8.03635 33
      vertex -60.0522 -24.8744 77
    endloop
  endfacet
  facet normal -0.658546 -0.25771 -0.707038
    outer loop
      vertex -19.4015 -8.03635 33
      vertex -60.0753 -24.8152 77
      vertex -19.702 -7.26846 33
    endloop
  endfacet
  facet normal -0.696157 0.124347 -0.707038
    outer loop
      vertex -20.7415 3.28512 33
      vertex -64.1886 10.2308 77
      vertex -20.5965 4.0969 33
    endloop
  endfacet
  facet normal -0.696306 0.123466 -0.707046
    outer loop
      vertex -64.1886 10.2308 77
      vertex -20.7415 3.28512 33
      vertex -64.1997 10.1682 77
    endloop
  endfacet
  facet normal -0.381218 0.595626 -0.707038
    outer loop
      vertex -11.667 17.4609 33
      vertex -36.0585 54.0798 77
      vertex -10.9725 17.9054 33
    endloop
  endfacet
  facet normal -0.381175 0.595655 -0.707037
    outer loop
      vertex -36.0585 54.0798 77
      vertex -11.667 17.4609 33
      vertex -36.1121 54.0455 77
    endloop
  endfacet
  facet normal 0.667945 0.23228 -0.707032
    outer loop
      vertex 19.9722 6.48936 33
      vertex 61.7978 20.1462 77
      vertex 61.8187 20.0861 77
    endloop
  endfacet
  facet normal 0.668135 0.231716 -0.707038
    outer loop
      vertex 61.7978 20.1462 77
      vertex 19.9722 6.48936 33
      vertex 19.702 7.26846 33
    endloop
  endfacet
  facet normal 0.33336 0.623672 -0.707039
    outer loop
      vertex 31.7043 56.7422 77
      vertex 9.5338 18.7111 33
      vertex 29.5094 57.9154 77
    endloop
  endfacet
  facet normal -0.546628 -0.448658 -0.707039
    outer loop
      vertex -49.4667 -42.165 77
      vertex -15.9685 -13.6384 33
      vertex -49.4264 -42.2141 77
    endloop
  endfacet
  facet normal -0.546611 -0.448677 -0.707039
    outer loop
      vertex -15.9685 -13.6384 33
      vertex -49.4667 -42.165 77
      vertex -16.4917 -13.001 33
    endloop
  endfacet
  facet normal -0.684264 0.178548 -0.707039
    outer loop
      vertex -20.4198 4.90235 33
      vertex -63.188 15.2355 77
      vertex -20.2116 5.70025 33
    endloop
  endfacet
  facet normal -0.684456 0.177781 -0.707046
    outer loop
      vertex -63.188 15.2355 77
      vertex -20.4198 4.90235 33
      vertex -63.204 15.1739 77
    endloop
  endfacet
  facet normal -0.177781 -0.684456 -0.707046
    outer loop
      vertex -15.2355 -63.188 77
      vertex -4.90235 -20.4198 33
      vertex -15.1739 -63.204 77
    endloop
  endfacet
  facet normal -0.178548 -0.684264 -0.707039
    outer loop
      vertex -4.90235 -20.4198 33
      vertex -15.2355 -63.188 77
      vertex -5.70025 -20.2116 33
    endloop
  endfacet
  facet normal -0.0152068 -0.707 -0.70705
    outer loop
      vertex -0.824455 -20.9838 33
      vertex -2.0625 -53.3026 65.3431
      vertex -2.09512 -53.3244 65.3656
    endloop
  endfacet
  facet normal -0.0138227 -0.70704 -0.707038
    outer loop
      vertex -0.824455 -20.9838 33
      vertex -1.82211 -53.1841 65.2199
      vertex -2.0625 -53.3026 65.3431
    endloop
  endfacet
  facet normal -0.0138928 -0.707039 -0.707039
    outer loop
      vertex -1.82211 -53.1841 65.2199
      vertex -0.824455 -20.9838 33
      vertex 0 -21 33
    endloop
  endfacet
  facet normal -0.17856 -0.684261 -0.707038
    outer loop
      vertex -17.6436 -62.5596 77
      vertex -5.70025 -20.2116 33
      vertex -15.2355 -63.188 77
    endloop
  endfacet
  facet normal -0.205295 -0.676721 -0.707038
    outer loop
      vertex -17.6436 -62.5596 77
      vertex -20.0252 -61.8371 77
      vertex -5.70025 -20.2116 33
    endloop
  endfacet
  facet normal -0.333362 0.623671 -0.707039
    outer loop
      vertex -10.261 18.3224 33
      vertex -31.7043 56.7422 77
      vertex -9.5338 18.7111 33
    endloop
  endfacet
  facet normal -0.33348 0.623607 -0.70704
    outer loop
      vertex -31.7604 56.7122 77
      vertex -31.7043 56.7422 77
      vertex -10.261 18.3224 33
    endloop
  endfacet
  facet normal 0.610135 0.357535 -0.707039
    outer loop
      vertex 50.7379 29.7906 70.8485
      vertex 17.9054 10.9725 33
      vertex 50.7283 29.9375 70.9145
    endloop
  endfacet
  facet normal 0.610142 0.357522 -0.707039
    outer loop
      vertex 50.7666 29.6463 70.8003
      vertex 17.9054 10.9725 33
      vertex 50.7379 29.7906 70.8485
    endloop
  endfacet
  facet normal 0.609948 0.357858 -0.707037
    outer loop
      vertex 50.8139 29.507 70.7706
      vertex 17.9054 10.9725 33
      vertex 50.7666 29.6463 70.8003
    endloop
  endfacet
  facet normal 0.610307 0.357234 -0.707043
    outer loop
      vertex 50.879 29.375 70.7601
      vertex 17.9054 10.9725 33
      vertex 50.8139 29.507 70.7706
    endloop
  endfacet
  facet normal 0.610117 0.357566 -0.707039
    outer loop
      vertex 50.9607 29.2526 70.7687
      vertex 17.9054 10.9725 33
      vertex 50.879 29.375 70.7601
    endloop
  endfacet
  facet normal 0.60998 0.357807 -0.707035
    outer loop
      vertex 51.0578 29.142 70.7965
      vertex 17.9054 10.9725 33
      vertex 50.9607 29.2526 70.7687
    endloop
  endfacet
  facet normal 0.610158 0.357493 -0.707041
    outer loop
      vertex 51.1684 29.045 70.8429
      vertex 17.9054 10.9725 33
      vertex 51.0578 29.142 70.7965
    endloop
  endfacet
  facet normal 0.609975 0.357816 -0.707035
    outer loop
      vertex 51.2908 28.9632 70.9071
      vertex 17.9054 10.9725 33
      vertex 51.1684 29.045 70.8429
    endloop
  endfacet
  facet normal 0.611306 0.355444 -0.707081
    outer loop
      vertex 17.9054 10.9725 33
      vertex 51.2908 28.9632 70.9071
      vertex 51.3343 28.9417 70.9339
    endloop
  endfacet
  facet normal 0.610576 0.356767 -0.707046
    outer loop
      vertex 52.0001 31.0529 72.576
      vertex 53.2936 31.6928 74.0159
      vertex 52.1377 31.0255 72.681
    endloop
  endfacet
  facet normal 0.610001 0.357833 -0.707003
    outer loop
      vertex 51.8533 31.0625 72.4542
      vertex 53.2936 31.6928 74.0159
      vertex 52.0001 31.0529 72.576
    endloop
  endfacet
  facet normal 0.609977 0.357882 -0.707
    outer loop
      vertex 51.7064 31.0529 72.3226
      vertex 53.2936 31.6928 74.0159
      vertex 51.8533 31.0625 72.4542
    endloop
  endfacet
  facet normal 0.610135 0.357559 -0.707027
    outer loop
      vertex 53.2936 31.6928 74.0159
      vertex 51.7064 31.0529 72.3226
      vertex 54.3643 33.3145 75.76
    endloop
  endfacet
  facet normal 0.609627 0.358273 -0.707104
    outer loop
      vertex 51.5621 31.0241 72.1836
      vertex 54.3643 33.3145 75.76
      vertex 51.7064 31.0529 72.3226
    endloop
  endfacet
  facet normal 0.610414 0.357142 -0.706996
    outer loop
      vertex 51.4227 30.9769 72.0394
      vertex 54.3643 33.3145 75.76
      vertex 51.5621 31.0241 72.1836
    endloop
  endfacet
  facet normal 0.610837 0.356525 -0.706943
    outer loop
      vertex 51.2908 30.9118 71.8926
      vertex 54.3643 33.3145 75.76
      vertex 51.4227 30.9769 72.0394
    endloop
  endfacet
  facet normal 0.606724 0.362553 -0.707419
    outer loop
      vertex 51.1684 30.83 71.7457
      vertex 54.3643 33.3145 75.76
      vertex 51.2908 30.9118 71.8926
    endloop
  endfacet
  facet normal 0.610099 0.357597 -0.707039
    outer loop
      vertex 51.1684 30.83 71.7457
      vertex 17.9054 10.9725 33
      vertex 54.3643 33.3145 75.76
    endloop
  endfacet
  facet normal 0.608681 0.359988 -0.707047
    outer loop
      vertex 51.0578 30.733 71.6011
      vertex 17.9054 10.9725 33
      vertex 51.1684 30.83 71.7457
    endloop
  endfacet
  facet normal 0.610693 0.35659 -0.707035
    outer loop
      vertex 50.9607 30.6223 71.4614
      vertex 17.9054 10.9725 33
      vertex 51.0578 30.733 71.6011
    endloop
  endfacet
  facet normal 0.609836 0.358042 -0.70704
    outer loop
      vertex 50.879 30.5 71.329
      vertex 17.9054 10.9725 33
      vertex 50.9607 30.6223 71.4614
    endloop
  endfacet
  facet normal 0.610256 0.357328 -0.707039
    outer loop
      vertex 50.8139 30.368 71.2061
      vertex 17.9054 10.9725 33
      vertex 50.879 30.5 71.329
    endloop
  endfacet
  facet normal 0.60998 0.357799 -0.707039
    outer loop
      vertex 50.7666 30.2287 71.0948
      vertex 17.9054 10.9725 33
      vertex 50.8139 30.368 71.2061
    endloop
  endfacet
  facet normal 0.610091 0.35761 -0.707039
    outer loop
      vertex 50.7379 30.0843 70.997
      vertex 17.9054 10.9725 33
      vertex 50.7666 30.2287 71.0948
    endloop
  endfacet
  facet normal 0.610187 0.357445 -0.70704
    outer loop
      vertex 17.9054 10.9725 33
      vertex 50.7379 30.0843 70.997
      vertex 50.7283 29.9375 70.9145
    endloop
  endfacet
  facet normal 0.690748 0.151537 -0.707038
    outer loop
      vertex 20.4198 4.90235 33
      vertex 63.2177 15.1118 77
      vertex 20.5965 4.0969 33
    endloop
  endfacet
  facet normal 0.690563 0.152346 -0.707046
    outer loop
      vertex 63.2177 15.1118 77
      vertex 20.4198 4.90235 33
      vertex 63.204 15.1739 77
    endloop
  endfacet
  facet normal 0.563853 0.426811 -0.707038
    outer loop
      vertex 52.5477 38.2567 77
      vertex 16.4917 13.001 33
      vertex 51.0456 40.2411 77
    endloop
  endfacet
  facet normal 0.623674 0.333361 -0.707037
    outer loop
      vertex 57.9154 29.5094 77
      vertex 54.3746 30.3241 74.2608
      vertex 57.3834 30.5047 77
    endloop
  endfacet
  facet normal 0.623673 0.333378 -0.70703
    outer loop
      vertex 52.7458 29.2526 72.3188
      vertex 54.3746 30.3241 74.2608
      vertex 57.9154 29.5094 77
    endloop
  endfacet
  facet normal 0.624146 0.332505 -0.707023
    outer loop
      vertex 54.3746 30.3241 74.2608
      vertex 52.8275 29.375 72.4487
      vertex 52.8602 29.4412 72.5087
    endloop
  endfacet
  facet normal 0.622928 0.334628 -0.707096
    outer loop
      vertex 54.3746 30.3241 74.2608
      vertex 52.7458 29.2526 72.3188
      vertex 52.8275 29.375 72.4487
    endloop
  endfacet
  facet normal 0.623835 0.332764 -0.707176
    outer loop
      vertex 57.9154 29.5094 77
      vertex 52.6487 29.142 72.1811
      vertex 52.7458 29.2526 72.3188
    endloop
  endfacet
  facet normal 0.623656 0.333412 -0.707029
    outer loop
      vertex 57.9154 29.5094 77
      vertex 52.5381 29.045 72.0378
      vertex 52.6487 29.142 72.1811
    endloop
  endfacet
  facet normal 0.623533 0.333839 -0.706936
    outer loop
      vertex 57.9154 29.5094 77
      vertex 52.4158 28.9632 71.8913
      vertex 52.5381 29.045 72.0378
    endloop
  endfacet
  facet normal 0.623786 0.332982 -0.707117
    outer loop
      vertex 57.9154 29.5094 77
      vertex 52.2838 28.8981 71.7442
      vertex 52.4158 28.9632 71.8913
    endloop
  endfacet
  facet normal 0.624062 0.332062 -0.707306
    outer loop
      vertex 57.9154 29.5094 77
      vertex 52.1444 28.8508 71.599
      vertex 52.2838 28.8981 71.7442
    endloop
  endfacet
  facet normal 0.622309 0.337799 -0.706132
    outer loop
      vertex 57.9154 29.5094 77
      vertex 52.0001 28.8221 71.4581
      vertex 52.1444 28.8508 71.599
    endloop
  endfacet
  facet normal 0.622463 0.335522 -0.707082
    outer loop
      vertex 51.8533 28.8125 71.324
      vertex 18.7111 9.5338 33
      vertex 51.7889 28.8167 71.2693
    endloop
  endfacet
  facet normal 0.624108 0.332576 -0.707023
    outer loop
      vertex 52.0001 28.8221 71.4581
      vertex 18.7111 9.5338 33
      vertex 51.8533 28.8125 71.324
    endloop
  endfacet
  facet normal 0.623675 0.333356 -0.707039
    outer loop
      vertex 18.7111 9.5338 33
      vertex 52.0001 28.8221 71.4581
      vertex 57.9154 29.5094 77
    endloop
  endfacet
  facet normal 0.684261 0.17856 -0.707038
    outer loop
      vertex 63.188 15.2355 77
      vertex 20.2116 5.70025 33
      vertex 62.5596 17.6436 77
    endloop
  endfacet
  facet normal 0.703771 0.0693031 -0.707038
    outer loop
      vertex 64.5557 7.57664 77
      vertex 64.7996 5.09984 77
      vertex 20.9353 1.64764 33
    endloop
  endfacet
  facet normal -0.610031 -0.357711 -0.70704
    outer loop
      vertex -47.0229 -28.5296 67.0051
      vertex -17.9054 -10.9725 33
      vertex -47.0049 -28.8046 67.1287
    endloop
  endfacet
  facet normal -0.610102 -0.357592 -0.707039
    outer loop
      vertex -47.1027 -28.1287 66.8712
      vertex -17.9054 -10.9725 33
      vertex -47.0229 -28.5296 67.0051
    endloop
  endfacet
  facet normal -0.610097 -0.3576 -0.707039
    outer loop
      vertex -47.2341 -27.7416 66.7888
      vertex -17.9054 -10.9725 33
      vertex -47.1027 -28.1287 66.8712
    endloop
  endfacet
  facet normal -0.610102 -0.357592 -0.707039
    outer loop
      vertex -47.4149 -27.375 66.7594
      vertex -17.9054 -10.9725 33
      vertex -47.2341 -27.7416 66.7888
    endloop
  endfacet
  facet normal -0.610054 -0.357677 -0.707038
    outer loop
      vertex -47.642 -27.0351 66.7834
      vertex -17.9054 -10.9725 33
      vertex -47.4149 -27.375 66.7594
    endloop
  endfacet
  facet normal -0.610327 -0.35719 -0.707047
    outer loop
      vertex -17.9054 -10.9725 33
      vertex -47.642 -27.0351 66.7834
      vertex -47.6886 -26.982 66.7968
    endloop
  endfacet
  facet normal -0.283427 0.647894 -0.707038
    outer loop
      vertex -24.9327 60.0267 77
      vertex -8.03635 19.4015 33
      vertex -8.79185 19.071 33
    endloop
  endfacet
  facet normal -0.283391 0.647909 -0.707039
    outer loop
      vertex -8.03635 19.4015 33
      vertex -24.9327 60.0267 77
      vertex -24.8744 60.0522 77
    endloop
  endfacet
  facet normal 0.448658 0.546628 -0.707039
    outer loop
      vertex 13.6384 15.9685 33
      vertex 42.165 49.4667 77
      vertex 42.2141 49.4264 77
    endloop
  endfacet
  facet normal 0.448677 0.546611 -0.707039
    outer loop
      vertex 42.165 49.4667 77
      vertex 13.6384 15.9685 33
      vertex 13.001 16.4917 33
    endloop
  endfacet
  facet normal -0.59565 -0.381178 -0.707039
    outer loop
      vertex -17.9054 -10.9725 33
      vertex -47.0229 -29.3454 67.4354
      vertex -46.9962 -28.9375 67.193
    endloop
  endfacet
  facet normal -0.5956 -0.381257 -0.707039
    outer loop
      vertex -17.9054 -10.9725 33
      vertex -47.1027 -29.7463 67.7188
      vertex -47.0229 -29.3454 67.4354
    endloop
  endfacet
  facet normal -0.595638 -0.381197 -0.707039
    outer loop
      vertex -17.9054 -10.9725 33
      vertex -47.2341 -30.1334 68.0382
      vertex -47.1027 -29.7463 67.7188
    endloop
  endfacet
  facet normal -0.595572 -0.3813 -0.707039
    outer loop
      vertex -17.9054 -10.9725 33
      vertex -47.4149 -30.5 68.3882
      vertex -47.2341 -30.1334 68.0382
    endloop
  endfacet
  facet normal -0.595576 -0.381294 -0.707039
    outer loop
      vertex -17.9054 -10.9725 33
      vertex -47.642 -30.8399 68.7628
      vertex -47.4149 -30.5 68.3882
    endloop
  endfacet
  facet normal -0.595704 -0.381097 -0.707037
    outer loop
      vertex -17.9054 -10.9725 33
      vertex -47.9115 -31.1472 69.1555
      vertex -47.642 -30.8399 68.7628
    endloop
  endfacet
  facet normal -0.594763 -0.382531 -0.707056
    outer loop
      vertex -17.9054 -10.9725 33
      vertex -48.2188 -31.4167 69.5598
      vertex -47.9115 -31.1472 69.1555
    endloop
  endfacet
  facet normal -0.595545 -0.381368 -0.707025
    outer loop
      vertex -50.1212 -32.0625 71.5105
      vertex -52.4186 -33.2083 74.0637
      vertex -50.402 -32.0441 71.7371
    endloop
  endfacet
  facet normal -0.595575 -0.381315 -0.707028
    outer loop
      vertex -49.7133 -32.0358 71.1525
      vertex -52.4186 -33.2083 74.0637
      vertex -50.1212 -32.0625 71.5105
    endloop
  endfacet
  facet normal -0.595508 -0.381381 -0.707049
    outer loop
      vertex -54.0798 -36.0585 77
      vertex -49.7133 -32.0358 71.1525
      vertex -49.3124 -31.956 70.7718
    endloop
  endfacet
  facet normal -0.595481 -0.381418 -0.707052
    outer loop
      vertex -54.0798 -36.0585 77
      vertex -49.3124 -31.956 70.7718
      vertex -48.9253 -31.8246 70.3749
    endloop
  endfacet
  facet normal -0.595628 -0.381215 -0.707038
    outer loop
      vertex -54.0798 -36.0585 77
      vertex -48.2188 -31.4167 69.5598
      vertex -17.9054 -10.9725 33
    endloop
  endfacet
  facet normal -0.595786 -0.380994 -0.707024
    outer loop
      vertex -54.0798 -36.0585 77
      vertex -48.5587 -31.6438 69.9686
      vertex -48.2188 -31.4167 69.5598
    endloop
  endfacet
  facet normal -0.595554 -0.381317 -0.707045
    outer loop
      vertex -54.0798 -36.0585 77
      vertex -48.9253 -31.8246 70.3749
      vertex -48.5587 -31.6438 69.9686
    endloop
  endfacet
  facet normal -0.59561 -0.38125 -0.707034
    outer loop
      vertex -49.7133 -32.0358 71.1525
      vertex -54.0798 -36.0585 77
      vertex -52.4186 -33.2083 74.0637
    endloop
  endfacet
  facet normal -0.595523 -0.381331 -0.707064
    outer loop
      vertex -52.4186 -33.2083 74.0637
      vertex -54.0798 -36.0585 77
      vertex -54.1884 -35.8889 77
    endloop
  endfacet
  facet normal -0.595712 -0.381079 -0.70704
    outer loop
      vertex -17.9054 -10.9725 33
      vertex -46.9962 -28.9375 67.193
      vertex -47.0049 -28.8046 67.1287
    endloop
  endfacet
  facet normal 0.096822 0.700515 -0.707039
    outer loop
      vertex 2.46828 20.8544 33
      vertex 7.70293 64.5407 77
      vertex 3.28512 20.7415 33
    endloop
  endfacet
  facet normal 0.0967392 0.700525 -0.70704
    outer loop
      vertex 7.70293 64.5407 77
      vertex 2.46828 20.8544 33
      vertex 7.63993 64.5494 77
    endloop
  endfacet
  facet normal 0.124337 0.696159 -0.707038
    outer loop
      vertex 12.6809 63.751 77
      vertex 4.0969 20.5965 33
      vertex 10.2308 64.1886 77
    endloop
  endfacet
  facet normal 0.668143 0.231693 -0.707038
    outer loop
      vertex 61.7978 20.1462 77
      vertex 19.702 7.26846 33
      vertex 60.9824 22.4976 77
    endloop
  endfacet
  facet normal -0.509729 0.490177 -0.707038
    outer loop
      vertex -15.4208 14.2548 33
      vertex -47.6869 44.1679 77
      vertex -14.8492 14.8492 33
    endloop
  endfacet
  facet normal -0.509945 0.489948 -0.707041
    outer loop
      vertex -47.6869 44.1679 77
      vertex -15.4208 14.2548 33
      vertex -47.731 44.122 77
    endloop
  endfacet
  facet normal 0.595626 0.381218 -0.707038
    outer loop
      vertex 17.4609 11.667 33
      vertex 54.0798 36.0585 77
      vertex 17.9054 10.9725 33
    endloop
  endfacet
  facet normal 0.595655 0.381175 -0.707037
    outer loop
      vertex 54.0798 36.0585 77
      vertex 17.4609 11.667 33
      vertex 54.0455 36.1121 77
    endloop
  endfacet
  facet normal 0.684456 0.177781 -0.707046
    outer loop
      vertex 20.4198 4.90235 33
      vertex 63.188 15.2355 77
      vertex 63.204 15.1739 77
    endloop
  endfacet
  facet normal 0.684264 0.178548 -0.707039
    outer loop
      vertex 63.188 15.2355 77
      vertex 20.4198 4.90235 33
      vertex 20.2116 5.70025 33
    endloop
  endfacet
  facet normal 0.528618 0.469744 -0.707039
    outer loop
      vertex 49.4264 42.2141 77
      vertex 15.9685 13.6384 33
      vertex 47.7732 44.0745 77
    endloop
  endfacet
  facet normal 0.426812 0.563852 -0.707038
    outer loop
      vertex 12.3435 16.9894 33
      vertex 38.2567 52.5477 77
      vertex 13.001 16.4917 33
    endloop
  endfacet
  facet normal 0.42697 0.563734 -0.707036
    outer loop
      vertex 38.2567 52.5477 77
      vertex 12.3435 16.9894 33
      vertex 38.206 52.5861 77
    endloop
  endfacet
  facet normal -0.448627 0.546655 -0.707038
    outer loop
      vertex -13.001 16.4917 33
      vertex -42.165 49.4667 77
      vertex -40.2411 51.0456 77
    endloop
  endfacet
  facet normal -0.151537 0.690748 -0.707038
    outer loop
      vertex -4.90235 20.4198 33
      vertex -15.1118 63.2177 77
      vertex -4.0969 20.5965 33
    endloop
  endfacet
  facet normal -0.152346 0.690563 -0.707046
    outer loop
      vertex -15.1118 63.2177 77
      vertex -4.90235 20.4198 33
      vertex -15.1739 63.204 77
    endloop
  endfacet
  facet normal -0.178548 0.684264 -0.707039
    outer loop
      vertex -15.2355 63.188 77
      vertex -4.90235 20.4198 33
      vertex -5.70025 20.2116 33
    endloop
  endfacet
  facet normal -0.177781 0.684456 -0.707046
    outer loop
      vertex -4.90235 20.4198 33
      vertex -15.2355 63.188 77
      vertex -15.1739 63.204 77
    endloop
  endfacet
  facet normal 0.0700466 0.70369 -0.707046
    outer loop
      vertex 2.46828 20.8544 33
      vertex 7.57664 64.5557 77
      vertex 7.63993 64.5494 77
    endloop
  endfacet
  facet normal 0.069378 0.703762 -0.70704
    outer loop
      vertex 7.57664 64.5557 77
      vertex 2.46828 20.8544 33
      vertex 1.64764 20.9353 33
    endloop
  endfacet
  facet normal -0.546655 0.448627 -0.707038
    outer loop
      vertex -16.4917 13.001 33
      vertex -51.0456 40.2411 77
      vertex -49.4667 42.165 77
    endloop
  endfacet
  facet normal -0.546611 0.448677 -0.707039
    outer loop
      vertex -49.4667 42.165 77
      vertex -15.9685 13.6384 33
      vertex -16.4917 13.001 33
    endloop
  endfacet
  facet normal -0.546628 0.448658 -0.707039
    outer loop
      vertex -15.9685 13.6384 33
      vertex -49.4667 42.165 77
      vertex -49.4264 42.2141 77
    endloop
  endfacet
  facet normal -0.647894 -0.283427 -0.707038
    outer loop
      vertex -60.0267 -24.9327 77
      vertex -19.4015 -8.03635 33
      vertex -19.071 -8.79185 33
    endloop
  endfacet
  facet normal -0.647909 -0.283391 -0.707039
    outer loop
      vertex -60.0267 -24.9327 77
      vertex -60.0522 -24.8744 77
      vertex -19.4015 -8.03635 33
    endloop
  endfacet
  facet normal -0.0967392 -0.700525 -0.70704
    outer loop
      vertex -7.70293 -64.5407 77
      vertex -2.46828 -20.8544 33
      vertex -7.63993 -64.5494 77
    endloop
  endfacet
  facet normal -0.096822 -0.700515 -0.707039
    outer loop
      vertex -2.46828 -20.8544 33
      vertex -7.70293 -64.5407 77
      vertex -3.28512 -20.7415 33
    endloop
  endfacet
  facet normal 0.658546 0.25771 -0.707038
    outer loop
      vertex 19.4015 8.03635 33
      vertex 60.0753 24.8152 77
      vertex 19.702 7.26846 33
    endloop
  endfacet
  facet normal 0.658804 0.257067 -0.707031
    outer loop
      vertex 60.0753 24.8152 77
      vertex 19.4015 8.03635 33
      vertex 60.0522 24.8744 77
    endloop
  endfacet
  facet normal 0.490149 0.509755 -0.707039
    outer loop
      vertex 45.9619 45.9619 77
      vertex 14.8492 14.8492 33
      vertex 44.1679 47.6869 77
    endloop
  endfacet
  facet normal -0.696159 0.124337 -0.707038
    outer loop
      vertex -20.5965 4.0969 33
      vertex -64.1886 10.2308 77
      vertex -63.751 12.6809 77
    endloop
  endfacet
  facet normal 0 0 -1
    outer loop
      vertex 63.3095 -14.6935 80.677
      vertex 63.221 -15.0966 80.677
      vertex 63.204 -15.1739 80.677
    endloop
  endfacet
  facet normal -0 0 -1
    outer loop
      vertex 63.184 -15.2506 80.677
      vertex 62.5596 -17.6436 80.677
      vertex 63.204 -15.1739 80.677
    endloop
  endfacet
  facet normal -0 0 -1
    outer loop
      vertex 61.8417 -20.0103 80.677
      vertex 61.8187 -20.0861 80.677
      vertex 62.5596 -17.6436 80.677
    endloop
  endfacet
  facet normal 0 0 1
    outer loop
      vertex 61.8187 -20.0861 80.677
      vertex 61.7927 -20.161 80.677
      vertex 61.5363 -20.9004 80.677
    endloop
  endfacet
  facet normal 0 0 1
    outer loop
      vertex -37.522 -53.0629 80.677
      vertex -38.141 -52.6314 80.677
      vertex -38.206 -52.5861 80.677
    endloop
  endfacet
  facet normal 0 0 -1
    outer loop
      vertex -14.6935 63.3095 80.677
      vertex -15.1739 63.204 80.677
      vertex -15.0966 63.221 80.677
    endloop
  endfacet
  facet normal 0 0 -1
    outer loop
      vertex -17.6436 62.5596 80.677
      vertex -15.2506 63.184 80.677
      vertex -15.1739 63.204 80.677
    endloop
  endfacet
  facet normal 0 0 -1
    outer loop
      vertex -20.0861 61.8187 80.677
      vertex -20.0103 61.8417 80.677
      vertex -17.6436 62.5596 80.677
    endloop
  endfacet
  facet normal 0 -0 1
    outer loop
      vertex -20.161 61.7927 80.677
      vertex -20.0861 61.8187 80.677
      vertex -20.9004 61.5363 80.677
    endloop
  endfacet
  facet normal 0 0 -1
    outer loop
      vertex 63.3095 14.6935 80.677
      vertex 63.204 15.1739 80.677
      vertex 63.221 15.0966 80.677
    endloop
  endfacet
  facet normal 0 0 -1
    outer loop
      vertex 62.5596 17.6436 80.677
      vertex 63.184 15.2506 80.677
      vertex 63.204 15.1739 80.677
    endloop
  endfacet
  facet normal 0 0 -1
    outer loop
      vertex 61.8187 20.0861 80.677
      vertex 61.8417 20.0103 80.677
      vertex 62.5596 17.6436 80.677
    endloop
  endfacet
  facet normal -0 -0 1
    outer loop
      vertex 61.7927 20.161 80.677
      vertex 61.8187 20.0861 80.677
      vertex 61.5363 20.9004 80.677
    endloop
  endfacet
  facet normal 0 0 -1
    outer loop
      vertex -14.6935 -63.3095 80.677
      vertex -15.0966 -63.221 80.677
      vertex -15.1739 -63.204 80.677
    endloop
  endfacet
  facet normal 0 0 -1
    outer loop
      vertex -15.2506 -63.184 80.677
      vertex -17.6436 -62.5596 80.677
      vertex -15.1739 -63.204 80.677
    endloop
  endfacet
  facet normal 0 0 -1
    outer loop
      vertex -20.0103 -61.8417 80.677
      vertex -20.0861 -61.8187 80.677
      vertex -17.6436 -62.5596 80.677
    endloop
  endfacet
  facet normal 0 0 1
    outer loop
      vertex -20.0861 -61.8187 80.677
      vertex -20.161 -61.7927 80.677
      vertex -20.9004 -61.5363 80.677
    endloop
  endfacet
  facet normal 0 0 1
    outer loop
      vertex 52.5861 38.206 80.677
      vertex 52.6314 38.141 80.677
      vertex 53.0629 37.522 80.677
    endloop
  endfacet
  facet normal -0 0 1
    outer loop
      vertex 20.161 -61.7927 80.677
      vertex 20.0861 -61.8187 80.677
      vertex 20.9004 -61.5363 80.677
    endloop
  endfacet
  facet normal 0 0 -1
    outer loop
      vertex 20.0861 -61.8187 80.677
      vertex 20.0103 -61.8417 80.677
      vertex 17.6436 -62.5596 80.677
    endloop
  endfacet
  facet normal -0 0 -1
    outer loop
      vertex 15.2506 -63.184 80.677
      vertex 15.1739 -63.204 80.677
      vertex 17.6436 -62.5596 80.677
    endloop
  endfacet
  facet normal 0 0 -1
    outer loop
      vertex 15.1739 -63.204 80.677
      vertex 15.0966 -63.221 80.677
      vertex 14.6935 -63.3095 80.677
    endloop
  endfacet
  facet normal 0 0 1
    outer loop
      vertex -65 0 80.677
      vertex -64.9499 -2.55189 80.677
      vertex -64.9514 -2.47267 80.677
    endloop
  endfacet
  facet normal 0 0 1
    outer loop
      vertex -64.7996 -5.09984 80.677
      vertex -64.9452 -2.63098 80.677
      vertex -64.9499 -2.55189 80.677
    endloop
  endfacet
  facet normal -0 0 1
    outer loop
      vertex 52.6314 -38.141 80.677
      vertex 52.5861 -38.206 80.677
      vertex 53.0629 -37.522 80.677
    endloop
  endfacet
  facet normal 0 0 1
    outer loop
      vertex -52.5861 -38.206 80.677
      vertex -52.6314 -38.141 80.677
      vertex -53.0629 -37.522 80.677
    endloop
  endfacet
  facet normal 0 0 1
    outer loop
      vertex -61.7927 -20.161 80.677
      vertex -61.8187 -20.0861 80.677
      vertex -61.5363 -20.9004 80.677
    endloop
  endfacet
  facet normal 0 0 -1
    outer loop
      vertex -61.8187 -20.0861 80.677
      vertex -61.8417 -20.0103 80.677
      vertex -62.5596 -17.6436 80.677
    endloop
  endfacet
  facet normal 0 0 -1
    outer loop
      vertex -63.184 -15.2506 80.677
      vertex -63.204 -15.1739 80.677
      vertex -62.5596 -17.6436 80.677
    endloop
  endfacet
  facet normal 0 0 -1
    outer loop
      vertex -63.204 -15.1739 80.677
      vertex -63.221 -15.0966 80.677
      vertex -63.3095 -14.6935 80.677
    endloop
  endfacet
  facet normal 0 0 1
    outer loop
      vertex -61.8187 20.0861 80.677
      vertex -61.7927 20.161 80.677
      vertex -61.5363 20.9004 80.677
    endloop
  endfacet
  facet normal 0 -0 -1
    outer loop
      vertex -61.8417 20.0103 80.677
      vertex -61.8187 20.0861 80.677
      vertex -62.5596 17.6436 80.677
    endloop
  endfacet
  facet normal 0 0 -1
    outer loop
      vertex -63.204 15.1739 80.677
      vertex -63.184 15.2506 80.677
      vertex -62.5596 17.6436 80.677
    endloop
  endfacet
  facet normal 0 0 -1
    outer loop
      vertex -63.204 15.1739 80.677
      vertex -63.3095 14.6935 80.677
      vertex -63.221 15.0966 80.677
    endloop
  endfacet
  facet normal 0 0 1
    outer loop
      vertex -38.206 52.5861 80.677
      vertex -38.141 52.6314 80.677
      vertex -37.522 53.0629 80.677
    endloop
  endfacet
  facet normal 0 0 1
    outer loop
      vertex -65 0 80.677
      vertex -64.9514 2.47267 80.677
      vertex -64.9499 2.55189 80.677
    endloop
  endfacet
  facet normal 0 -0 1
    outer loop
      vertex -64.9452 2.63098 80.677
      vertex -64.7996 5.09984 80.677
      vertex -64.9499 2.55189 80.677
    endloop
  endfacet
  facet normal 0 0 1
    outer loop
      vertex 20.0861 61.8187 80.677
      vertex 20.161 61.7927 80.677
      vertex 20.9004 61.5363 80.677
    endloop
  endfacet
  facet normal -0 -0 -1
    outer loop
      vertex 20.0103 61.8417 80.677
      vertex 20.0861 61.8187 80.677
      vertex 17.6436 62.5596 80.677
    endloop
  endfacet
  facet normal 0 0 -1
    outer loop
      vertex 15.1739 63.204 80.677
      vertex 15.2506 63.184 80.677
      vertex 17.6436 62.5596 80.677
    endloop
  endfacet
  facet normal 0 0 -1
    outer loop
      vertex 15.1739 63.204 80.677
      vertex 14.6935 63.3095 80.677
      vertex 15.0966 63.221 80.677
    endloop
  endfacet
  facet normal 0 0 1
    outer loop
      vertex 65 0 80.677
      vertex 64.9499 2.55189 80.677
      vertex 64.9514 2.47267 80.677
    endloop
  endfacet
  facet normal 0 0 1
    outer loop
      vertex 64.7996 5.09984 80.677
      vertex 64.9452 2.63098 80.677
      vertex 64.9499 2.55189 80.677
    endloop
  endfacet
  facet normal 0 0 1
    outer loop
      vertex 65 0 80.677
      vertex 64.9514 -2.47267 80.677
      vertex 64.9499 -2.55189 80.677
    endloop
  endfacet
  facet normal -0 0 1
    outer loop
      vertex 64.9452 -2.63098 80.677
      vertex 64.7996 -5.09984 80.677
      vertex 64.9499 -2.55189 80.677
    endloop
  endfacet
  facet normal 0 -0 1
    outer loop
      vertex -52.6314 38.141 80.677
      vertex -52.5861 38.206 80.677
      vertex -53.0629 37.522 80.677
    endloop
  endfacet
  facet normal 0 0 1
    outer loop
      vertex -2.74426 64.9385 80.677
      vertex -2.74427 64.9385 80.677
      vertex -5.09984 64.7996 80.677
    endloop
  endfacet
  facet normal 0 0 1
    outer loop
      vertex 5.09984 64.7996 80.677
      vertex 2.74427 64.9385 80.677
      vertex 2.74426 64.9385 80.677
    endloop
  endfacet
  facet normal 0 0 1
    outer loop
      vertex 37.522 -53.0629 80.677
      vertex 38.206 -52.5861 80.677
      vertex 38.141 -52.6314 80.677
    endloop
  endfacet
  facet normal 0 0 1
    outer loop
      vertex 37.522 53.0629 80.677
      vertex 38.141 52.6314 80.677
      vertex 38.206 52.5861 80.677
    endloop
  endfacet
  facet normal -0.676718 0.205303 -0.707038
    outer loop
      vertex -61.8371 20.0252 77
      vertex -19.9722 6.48936 33
      vertex -20.2116 5.70025 33
    endloop
  endfacet
  facet normal -0.676959 0.204533 -0.707031
    outer loop
      vertex -19.9722 6.48936 33
      vertex -61.8371 20.0252 77
      vertex -61.8187 20.0861 77
    endloop
  endfacet
  facet normal 0.152346 0.690563 -0.707046
    outer loop
      vertex 4.90235 20.4198 33
      vertex 15.1118 63.2177 77
      vertex 15.1739 63.204 77
    endloop
  endfacet
  facet normal 0.151537 0.690748 -0.707038
    outer loop
      vertex 15.1118 63.2177 77
      vertex 4.90235 20.4198 33
      vertex 4.0969 20.5965 33
    endloop
  endfacet
  facet normal 0.357577 0.61011 -0.707039
    outer loop
      vertex 10.261 18.3224 33
      vertex 31.8152 56.6801 77
      vertex 10.9725 17.9054 33
    endloop
  endfacet
  facet normal 0.357431 0.610194 -0.70704
    outer loop
      vertex 31.8152 56.6801 77
      vertex 10.261 18.3224 33
      vertex 31.7604 56.7122 77
    endloop
  endfacet
  facet normal 0.676721 0.205295 -0.707038
    outer loop
      vertex 62.5596 17.6436 77
      vertex 20.2116 5.70025 33
      vertex 61.8371 20.0252 77
    endloop
  endfacet
  facet normal 0.041625 0.705908 -0.707079
    outer loop
      vertex 5.09984 64.7996 77
      vertex 2.60927 64.6685 76.7225
      vertex 2.74427 64.9385 77
    endloop
  endfacet
  facet normal 0.0416182 0.70595 -0.707038
    outer loop
      vertex 2.60927 64.6685 76.7225
      vertex 5.09984 64.7996 77
      vertex 1.64764 20.9353 33
    endloop
  endfacet
  facet normal 0.204533 0.676959 -0.707031
    outer loop
      vertex 6.48936 19.9722 33
      vertex 20.0252 61.8371 77
      vertex 20.0861 61.8187 77
    endloop
  endfacet
  facet normal 0.205303 0.676718 -0.707038
    outer loop
      vertex 20.0252 61.8371 77
      vertex 6.48936 19.9722 33
      vertex 5.70025 20.2116 33
    endloop
  endfacet
  facet normal 0.205295 0.676721 -0.707038
    outer loop
      vertex 20.0252 61.8371 77
      vertex 5.70025 20.2116 33
      vertex 17.6436 62.5596 77
    endloop
  endfacet
  facet normal 0.17856 0.684261 -0.707038
    outer loop
      vertex 17.6436 62.5596 77
      vertex 5.70025 20.2116 33
      vertex 15.2355 63.188 77
    endloop
  endfacet
  facet normal -0.448677 0.546611 -0.707039
    outer loop
      vertex -13.6384 15.9685 33
      vertex -42.165 49.4667 77
      vertex -13.001 16.4917 33
    endloop
  endfacet
  facet normal -0.448658 0.546628 -0.707039
    outer loop
      vertex -42.165 49.4667 77
      vertex -13.6384 15.9685 33
      vertex -42.2141 49.4264 77
    endloop
  endfacet
  facet normal 0.705949 0.0416272 -0.707038
    outer loop
      vertex 64.9461 2.61537 77
      vertex 20.9353 1.64764 33
      vertex 64.7996 5.09984 77
    endloop
  endfacet
  facet normal 0.696306 0.123466 -0.707046
    outer loop
      vertex 20.7415 3.28512 33
      vertex 64.1886 10.2308 77
      vertex 64.1997 10.1682 77
    endloop
  endfacet
  facet normal 0.696157 0.124347 -0.707038
    outer loop
      vertex 64.1886 10.2308 77
      vertex 20.7415 3.28512 33
      vertex 20.5965 4.0969 33
    endloop
  endfacet
  facet normal 0.705917 0.0422572 -0.707033
    outer loop
      vertex 20.9838 0.824455 33
      vertex 64.9461 2.61537 77
      vertex 64.9499 2.55189 77
    endloop
  endfacet
  facet normal 0.705951 0.0415928 -0.707039
    outer loop
      vertex 64.9461 2.61537 77
      vertex 20.9838 0.824455 33
      vertex 20.9353 1.64764 33
    endloop
  endfacet
  facet normal 0.124347 0.696157 -0.707038
    outer loop
      vertex 3.28512 20.7415 33
      vertex 10.2308 64.1886 77
      vertex 4.0969 20.5965 33
    endloop
  endfacet
  facet normal 0.123466 0.696306 -0.707046
    outer loop
      vertex 10.2308 64.1886 77
      vertex 3.28512 20.7415 33
      vertex 10.1682 64.1997 77
    endloop
  endfacet
  facet normal -0.703762 0.069378 -0.70704
    outer loop
      vertex -64.5557 7.57664 77
      vertex -20.8544 2.46828 33
      vertex -20.9353 1.64764 33
    endloop
  endfacet
  facet normal -0.70369 0.0700466 -0.707046
    outer loop
      vertex -20.8544 2.46828 33
      vertex -64.5557 7.57664 77
      vertex -64.5494 7.63993 77
    endloop
  endfacet
  facet normal -0.705949 0.0416272 -0.707038
    outer loop
      vertex -20.9353 1.64764 33
      vertex -64.9461 2.61537 77
      vertex -64.7996 5.09984 77
    endloop
  endfacet
  facet normal -0.690748 0.151539 -0.707038
    outer loop
      vertex -20.5965 4.0969 33
      vertex -63.751 12.6809 77
      vertex -63.2177 15.1118 77
    endloop
  endfacet
  facet normal 0.703762 0.069378 -0.70704
    outer loop
      vertex 20.8544 2.46828 33
      vertex 64.5557 7.57664 77
      vertex 20.9353 1.64764 33
    endloop
  endfacet
  facet normal 0.70369 0.0700466 -0.707046
    outer loop
      vertex 64.5557 7.57664 77
      vertex 20.8544 2.46828 33
      vertex 64.5494 7.63993 77
    endloop
  endfacet
  facet normal 0.998266 0.0588641 0
    outer loop
      vertex 64.7996 5.09984 80.677
      vertex 64.9461 2.61537 77
      vertex 64.7996 5.09984 77
    endloop
  endfacet
  facet normal 0.998265 0.0588862 -1.50415e-05
    outer loop
      vertex 64.9499 2.55189 80.677
      vertex 64.9461 2.61537 77
      vertex 64.7996 5.09984 80.677
    endloop
  endfacet
  facet normal 0.998213 0.0597544 0
    outer loop
      vertex 64.9461 2.61537 77
      vertex 64.9499 2.55189 80.677
      vertex 64.9499 2.55189 77
    endloop
  endfacet
  facet normal 0.999822 0.0188675 0
    outer loop
      vertex 64.9499 2.55189 80.677
      vertex 64.9511 2.4883 77
      vertex 64.9499 2.55189 77
    endloop
  endfacet
  facet normal 0.999807 0.0196287 -1.31688e-05
    outer loop
      vertex 65 0 80.677
      vertex 64.9511 2.4883 77
      vertex 64.9499 2.55189 80.677
    endloop
  endfacet
  facet normal 0.999807 0.0196482 0
    outer loop
      vertex 64.9511 2.4883 77
      vertex 65 0 80.677
      vertex 65 0 77
    endloop
  endfacet
  facet normal 0.995082 0.0990523 0
    outer loop
      vertex 64.5494 7.63993 80.677
      vertex 64.5557 7.57664 77
      vertex 64.5494 7.63993 77
    endloop
  endfacet
  facet normal 0.995143 0.0984415 1.06162e-05
    outer loop
      vertex 64.5572 7.56108 80.677
      vertex 64.5557 7.57664 77
      vertex 64.5494 7.63993 80.677
    endloop
  endfacet
  facet normal 0.995187 0.0979966 8.71559e-06
    outer loop
      vertex 64.6879 6.23378 80.677
      vertex 64.5557 7.57664 77
      vertex 64.5572 7.56108 80.677
    endloop
  endfacet
  facet normal 0.995183 0.0980316 -0
    outer loop
      vertex 64.7996 5.09984 77
      vertex 64.6879 6.23378 80.677
      vertex 64.7996 5.09984 80.677
    endloop
  endfacet
  facet normal 0.995186 0.0979998 9.89964e-06
    outer loop
      vertex 64.6879 6.23378 80.677
      vertex 64.7996 5.09984 77
      vertex 64.5557 7.57664 77
    endloop
  endfacet
  facet normal 0.0589148 -0.998263 0
    outer loop
      vertex 4.8084 -64.8168 77
      vertex 5.09984 -64.7996 80.677
      vertex 4.8084 -64.8168 80.677
    endloop
  endfacet
  facet normal 0.0589148 -0.998263 0
    outer loop
      vertex 5.09984 -64.7996 77
      vertex 5.09984 -64.7996 80.677
      vertex 4.8084 -64.8168 77
    endloop
  endfacet
  facet normal -0.772974 0.634437 0
    outer loop
      vertex -49.4667 42.165 77
      vertex -49.4264 42.2141 80.677
      vertex -49.4264 42.2141 77
    endloop
  endfacet
  facet normal -0.772549 0.634955 -1.15694e-05
    outer loop
      vertex -49.4667 42.165 77
      vertex -49.4767 42.1529 80.677
      vertex -49.4264 42.2141 80.677
    endloop
  endfacet
  facet normal -0.773011 0.634392 -1.46763e-05
    outer loop
      vertex -51.0456 40.2411 77
      vertex -49.4767 42.1529 80.677
      vertex -49.4667 42.165 77
    endloop
  endfacet
  facet normal -0.773025 0.634375 0
    outer loop
      vertex -49.4767 42.1529 80.677
      vertex -51.0456 40.2411 77
      vertex -51.0456 40.2411 80.677
    endloop
  endfacet
  facet normal 0.57177 -0.820414 2.22978e-06
    outer loop
      vertex 36.1642 -54.0092 77
      vertex 37.522 -53.0629 80.677
      vertex 36.1121 -54.0455 80.677
    endloop
  endfacet
  facet normal 0.571664 -0.820488 0
    outer loop
      vertex 36.1642 -54.0092 77
      vertex 36.1121 -54.0455 80.677
      vertex 36.1121 -54.0455 77
    endloop
  endfacet
  facet normal 0.5718 -0.820393 -1.41881e-05
    outer loop
      vertex 38.206 -52.5861 77
      vertex 37.522 -53.0629 80.677
      vertex 36.1642 -54.0092 77
    endloop
  endfacet
  facet normal 0.571851 -0.820357 0
    outer loop
      vertex 37.522 -53.0629 80.677
      vertex 38.206 -52.5861 77
      vertex 38.206 -52.5861 80.677
    endloop
  endfacet
  facet normal 0.976519 0.215432 0
    outer loop
      vertex 63.204 15.1739 80.677
      vertex 63.2177 15.1118 77
      vertex 63.204 15.1739 77
    endloop
  endfacet
  facet normal 0.976725 0.214497 1.65494e-05
    outer loop
      vertex 63.3095 14.6935 80.677
      vertex 63.2177 15.1118 77
      vertex 63.204 15.1739 80.677
    endloop
  endfacet
  facet normal 0.976774 0.214273 -0
    outer loop
      vertex 63.751 12.6809 77
      vertex 63.3095 14.6935 80.677
      vertex 63.751 12.6809 80.677
    endloop
  endfacet
  facet normal 0.976771 0.214288 -8.43952e-06
    outer loop
      vertex 63.3095 14.6935 80.677
      vertex 63.751 12.6809 77
      vertex 63.2177 15.1118 77
    endloop
  endfacet
  facet normal 0.471766 0.881724 -3.91081e-06
    outer loop
      vertex 31.7043 56.7422 77
      vertex 31.6905 56.7496 80.677
      vertex 31.7604 56.7122 80.677
    endloop
  endfacet
  facet normal 0.471567 0.88183 0
    outer loop
      vertex 31.7043 56.7422 77
      vertex 31.7604 56.7122 80.677
      vertex 31.7604 56.7122 77
    endloop
  endfacet
  facet normal 0.47139 0.881925 -5.72928e-06
    outer loop
      vertex 31.6905 56.7496 80.677
      vertex 31.7043 56.7422 77
      vertex 29.5094 57.9154 80.677
    endloop
  endfacet
  facet normal 0.471397 0.881921 0
    outer loop
      vertex 29.5094 57.9154 80.677
      vertex 31.7043 56.7422 77
      vertex 29.5094 57.9154 77
    endloop
  endfacet
  facet normal 0.176664 0.984271 -0
    outer loop
      vertex 12.6809 63.751 77
      vertex 12.6029 63.765 80.677
      vertex 12.6809 63.751 80.677
    endloop
  endfacet
  facet normal 0.175823 0.984422 -1.8423e-05
    outer loop
      vertex 12.6029 63.765 80.677
      vertex 12.6809 63.751 77
      vertex 10.2308 64.1886 77
    endloop
  endfacet
  facet normal 0.175764 0.984432 2.05686e-05
    outer loop
      vertex 12.6029 63.765 80.677
      vertex 10.2308 64.1886 77
      vertex 10.1682 64.1997 80.677
    endloop
  endfacet
  facet normal 0.174593 0.984641 0
    outer loop
      vertex 10.1682 64.1997 80.677
      vertex 10.2308 64.1886 77
      vertex 10.1682 64.1997 77
    endloop
  endfacet
  facet normal 0.899748 0.436409 0
    outer loop
      vertex 58.9947 27.2842 80.677
      vertex 57.9154 29.5094 77
      vertex 57.9154 29.5094 80.677
    endloop
  endfacet
  facet normal 0.899739 0.436429 1.48337e-05
    outer loop
      vertex 58.9947 27.2842 80.677
      vertex 59.0016 27.2701 77
      vertex 57.9154 29.5094 77
    endloop
  endfacet
  facet normal 0.899664 0.436583 1.41039e-05
    outer loop
      vertex 59.0293 27.2129 80.677
      vertex 59.0016 27.2701 77
      vertex 58.9947 27.2842 80.677
    endloop
  endfacet
  facet normal 0.90002 0.435849 0
    outer loop
      vertex 59.0016 27.2701 77
      vertex 59.0293 27.2129 80.677
      vertex 59.0293 27.2129 77
    endloop
  endfacet
  facet normal 0.0588644 0.998266 0
    outer loop
      vertex 5.09984 64.7996 80.677
      vertex 5.09984 64.7996 77
      vertex 2.74427 64.9385 80.677
    endloop
  endfacet
  facet normal 0.0588644 0.998266 0
    outer loop
      vertex 2.74427 64.9385 80.677
      vertex 5.09984 64.7996 77
      vertex 2.74427 64.9385 77
    endloop
  endfacet
  facet normal 0.364479 -0.931212 3.66629e-06
    outer loop
      vertex 24.8152 -60.0753 77
      vertex 24.8006 -60.081 80.677
      vertex 22.4976 -60.9824 80.677
    endloop
  endfacet
  facet normal 0.363542 -0.931578 -6.17933e-07
    outer loop
      vertex 24.8006 -60.081 80.677
      vertex 24.8152 -60.0753 77
      vertex 24.8744 -60.0522 80.677
    endloop
  endfacet
  facet normal 0.364474 -0.931214 0
    outer loop
      vertex 24.8152 -60.0753 77
      vertex 22.4976 -60.9824 80.677
      vertex 22.4976 -60.9824 77
    endloop
  endfacet
  facet normal 0.363509 -0.931591 0
    outer loop
      vertex 24.8744 -60.0522 77
      vertex 24.8744 -60.0522 80.677
      vertex 24.8152 -60.0753 77
    endloop
  endfacet
  facet normal -0.176664 -0.984271 0
    outer loop
      vertex -12.6809 -63.751 77
      vertex -12.6029 -63.765 80.677
      vertex -12.6809 -63.751 80.677
    endloop
  endfacet
  facet normal -0.175823 -0.984422 -1.8423e-05
    outer loop
      vertex -12.6029 -63.765 80.677
      vertex -12.6809 -63.751 77
      vertex -10.2308 -64.1886 77
    endloop
  endfacet
  facet normal -0.175764 -0.984432 2.05686e-05
    outer loop
      vertex -12.6029 -63.765 80.677
      vertex -10.2308 -64.1886 77
      vertex -10.1682 -64.1997 80.677
    endloop
  endfacet
  facet normal -0.174593 -0.984641 -0
    outer loop
      vertex -10.1682 -64.1997 80.677
      vertex -10.2308 -64.1886 77
      vertex -10.1682 -64.1997 77
    endloop
  endfacet
  facet normal -0.571851 -0.820357 0
    outer loop
      vertex -38.206 -52.5861 77
      vertex -37.522 -53.0629 80.677
      vertex -38.206 -52.5861 80.677
    endloop
  endfacet
  facet normal -0.5718 -0.820393 -1.41881e-05
    outer loop
      vertex -37.522 -53.0629 80.677
      vertex -38.206 -52.5861 77
      vertex -36.1642 -54.0092 77
    endloop
  endfacet
  facet normal -0.57177 -0.820414 2.22978e-06
    outer loop
      vertex -37.522 -53.0629 80.677
      vertex -36.1642 -54.0092 77
      vertex -36.1121 -54.0455 80.677
    endloop
  endfacet
  facet normal -0.571664 -0.820488 -0
    outer loop
      vertex -36.1121 -54.0455 80.677
      vertex -36.1642 -54.0092 77
      vertex -36.1121 -54.0455 77
    endloop
  endfacet
  facet normal 0.957262 0.289222 0
    outer loop
      vertex 61.8187 20.0861 80.677
      vertex 61.8371 20.0252 77
      vertex 61.8187 20.0861 77
    endloop
  endfacet
  facet normal 0.956943 0.290276 -1.90524e-05
    outer loop
      vertex 62.5596 17.6436 80.677
      vertex 61.8371 20.0252 77
      vertex 61.8187 20.0861 80.677
    endloop
  endfacet
  facet normal 0.956935 0.290303 0
    outer loop
      vertex 61.8371 20.0252 77
      vertex 62.5596 17.6436 80.677
      vertex 62.5596 17.6436 77
    endloop
  endfacet
  facet normal -0.931591 0.363509 0
    outer loop
      vertex -60.0753 24.8152 77
      vertex -60.0522 24.8744 80.677
      vertex -60.0522 24.8744 77
    endloop
  endfacet
  facet normal -0.931578 0.363542 -6.17933e-07
    outer loop
      vertex -60.0753 24.8152 77
      vertex -60.081 24.8006 80.677
      vertex -60.0522 24.8744 80.677
    endloop
  endfacet
  facet normal -0.931214 0.364474 3.6432e-06
    outer loop
      vertex -60.9824 22.4976 77
      vertex -60.081 24.8006 80.677
      vertex -60.0753 24.8152 77
    endloop
  endfacet
  facet normal -0.931212 0.364479 0
    outer loop
      vertex -60.081 24.8006 80.677
      vertex -60.9824 22.4976 77
      vertex -60.9824 22.4976 80.677
    endloop
  endfacet
  facet normal -0.842017 -0.539451 0
    outer loop
      vertex -54.1884 -35.8889 77
      vertex -54.0882 -36.0453 80.677
      vertex -54.1884 -35.8889 80.677
    endloop
  endfacet
  facet normal -0.842145 -0.539251 1.19917e-05
    outer loop
      vertex -54.0798 -36.0585 77
      vertex -54.0882 -36.0453 80.677
      vertex -54.1884 -35.8889 77
    endloop
  endfacet
  facet normal -0.8423 -0.539009 1.07698e-05
    outer loop
      vertex -54.0455 -36.1121 77
      vertex -54.0882 -36.0453 80.677
      vertex -54.0798 -36.0585 77
    endloop
  endfacet
  facet normal -0.842569 -0.538588 0
    outer loop
      vertex -54.0882 -36.0453 80.677
      vertex -54.0455 -36.1121 77
      vertex -54.0455 -36.1121 80.677
    endloop
  endfacet
  facet normal 0.603559 0.797319 -1.35136e-05
    outer loop
      vertex 38.2567 52.5477 77
      vertex 38.2692 52.5383 80.677
      vertex 40.2411 51.0456 80.677
    endloop
  endfacet
  facet normal 0.603709 0.797205 -1.43136e-05
    outer loop
      vertex 38.2692 52.5383 80.677
      vertex 38.2567 52.5477 77
      vertex 38.2486 52.5539 80.677
    endloop
  endfacet
  facet normal 0.603543 0.797331 0
    outer loop
      vertex 38.2567 52.5477 77
      vertex 40.2411 51.0456 80.677
      vertex 40.2411 51.0456 77
    endloop
  endfacet
  facet normal 0.602992 0.797747 -1.68065e-05
    outer loop
      vertex 38.2486 52.5539 80.677
      vertex 38.2567 52.5477 77
      vertex 38.206 52.5861 80.677
    endloop
  endfacet
  facet normal 0.603767 0.797161 0
    outer loop
      vertex 38.206 52.5861 80.677
      vertex 38.2567 52.5477 77
      vertex 38.206 52.5861 77
    endloop
  endfacet
  facet normal 0.747583 0.664168 0
    outer loop
      vertex 47.731 44.122 80.677
      vertex 47.7732 44.0745 77
      vertex 47.731 44.122 77
    endloop
  endfacet
  facet normal 0.747549 0.664207 -8.92889e-07
    outer loop
      vertex 47.7836 44.0628 80.677
      vertex 47.7732 44.0745 77
      vertex 47.731 44.122 80.677
    endloop
  endfacet
  facet normal 0.747507 0.664253 -6.29001e-07
    outer loop
      vertex 49.4264 42.2141 80.677
      vertex 47.7732 44.0745 77
      vertex 47.7836 44.0628 80.677
    endloop
  endfacet
  facet normal 0.747507 0.664254 0
    outer loop
      vertex 47.7732 44.0745 77
      vertex 49.4264 42.2141 80.677
      vertex 49.4264 42.2141 77
    endloop
  endfacet
  facet normal 0.721105 -0.692826 0
    outer loop
      vertex 47.731 -44.122 80.677
      vertex 47.6869 -44.1679 77
      vertex 47.731 -44.122 77
    endloop
  endfacet
  facet normal 0.720833 -0.693109 6.78594e-06
    outer loop
      vertex 47.676 -44.1792 80.677
      vertex 47.6869 -44.1679 77
      vertex 47.731 -44.122 80.677
    endloop
  endfacet
  facet normal 0.720903 -0.693036 7.21893e-06
    outer loop
      vertex 47.2781 -44.5931 80.677
      vertex 47.6869 -44.1679 77
      vertex 47.676 -44.1792 80.677
    endloop
  endfacet
  facet normal 0.720821 -0.693121 0
    outer loop
      vertex 45.9619 -45.9619 77
      vertex 47.2781 -44.5931 80.677
      vertex 45.9619 -45.9619 80.677
    endloop
  endfacet
  facet normal 0.720833 -0.693109 -9.04792e-06
    outer loop
      vertex 47.2781 -44.5931 80.677
      vertex 45.9619 -45.9619 77
      vertex 47.6869 -44.1679 77
    endloop
  endfacet
  facet normal -0.882104 0.471055 0
    outer loop
      vertex -57.9154 29.5094 77
      vertex -57.8997 29.5388 80.677
      vertex -57.8997 29.5388 77
    endloop
  endfacet
  facet normal -0.882104 0.471055 0
    outer loop
      vertex -57.8997 29.5388 80.677
      vertex -57.9154 29.5094 77
      vertex -57.9154 29.5094 80.677
    endloop
  endfacet
  facet normal 0.8423 0.539009 0
    outer loop
      vertex 54.0455 36.1121 80.677
      vertex 54.0798 36.0585 77
      vertex 54.0455 36.1121 77
    endloop
  endfacet
  facet normal 0.842569 0.538588 8.64442e-06
    outer loop
      vertex 54.0882 36.0453 80.677
      vertex 54.0798 36.0585 77
      vertex 54.0455 36.1121 80.677
    endloop
  endfacet
  facet normal 0.842207 0.539154 1.15011e-05
    outer loop
      vertex 55.1117 34.4465 80.677
      vertex 54.0798 36.0585 77
      vertex 54.0882 36.0453 80.677
    endloop
  endfacet
  facet normal 0.842219 0.539135 0
    outer loop
      vertex 54.0798 36.0585 77
      vertex 55.1117 34.4465 80.677
      vertex 55.1117 34.4465 77
    endloop
  endfacet
  facet normal -0.797319 0.603559 0
    outer loop
      vertex -51.0456 40.2411 77
      vertex -52.5383 38.2692 80.677
      vertex -51.0456 40.2411 80.677
    endloop
  endfacet
  facet normal -0.797331 0.603543 -1.34286e-05
    outer loop
      vertex -52.5477 38.2567 77
      vertex -52.5383 38.2692 80.677
      vertex -51.0456 40.2411 77
    endloop
  endfacet
  facet normal -0.797205 0.603709 -1.43136e-05
    outer loop
      vertex -52.5477 38.2567 77
      vertex -52.5539 38.2486 80.677
      vertex -52.5383 38.2692 80.677
    endloop
  endfacet
  facet normal -0.797161 0.603767 -1.4111e-05
    outer loop
      vertex -52.5861 38.206 77
      vertex -52.5539 38.2486 80.677
      vertex -52.5477 38.2567 77
    endloop
  endfacet
  facet normal -0.797747 0.602992 0
    outer loop
      vertex -52.5539 38.2486 80.677
      vertex -52.5861 38.206 77
      vertex -52.5861 38.206 80.677
    endloop
  endfacet
  facet normal -0.984641 -0.174593 0
    outer loop
      vertex -64.1886 -10.2308 77
      vertex -64.1997 -10.1682 80.677
      vertex -64.1997 -10.1682 77
    endloop
  endfacet
  facet normal -0.984432 -0.175764 2.05686e-05
    outer loop
      vertex -64.1886 -10.2308 77
      vertex -63.765 -12.6029 80.677
      vertex -64.1997 -10.1682 80.677
    endloop
  endfacet
  facet normal -0.984422 -0.175823 -1.8423e-05
    outer loop
      vertex -63.751 -12.6809 77
      vertex -63.765 -12.6029 80.677
      vertex -64.1886 -10.2308 77
    endloop
  endfacet
  facet normal -0.984271 -0.176664 0
    outer loop
      vertex -63.765 -12.6029 80.677
      vertex -63.751 -12.6809 77
      vertex -63.751 -12.6809 80.677
    endloop
  endfacet
  facet normal -0.990566 0.137033 0
    outer loop
      vertex -64.1997 10.1682 77
      vertex -64.5386 7.71841 80.677
      vertex -64.1997 10.1682 80.677
    endloop
  endfacet
  facet normal -0.990569 0.137017 -1.11039e-05
    outer loop
      vertex -64.5407 7.70293 77
      vertex -64.5386 7.71841 80.677
      vertex -64.1997 10.1682 77
    endloop
  endfacet
  facet normal -0.990599 0.136797 -1.01604e-05
    outer loop
      vertex -64.5494 7.63993 77
      vertex -64.5386 7.71841 80.677
      vertex -64.5407 7.70293 77
    endloop
  endfacet
  facet normal -0.990664 0.13633 0
    outer loop
      vertex -64.5386 7.71841 80.677
      vertex -64.5494 7.63993 77
      vertex -64.5494 7.63993 80.677
    endloop
  endfacet
  facet normal 0.539152 -0.842208 1.14936e-05
    outer loop
      vertex 36.0585 -54.0798 77
      vertex 36.0453 -54.0882 80.677
      vertex 33.9624 -55.4216 80.677
    endloop
  endfacet
  facet normal 0.539138 -0.842217 0
    outer loop
      vertex 36.0585 -54.0798 77
      vertex 33.9624 -55.4216 80.677
      vertex 33.9624 -55.4216 77
    endloop
  endfacet
  facet normal 0.538588 -0.842569 8.64442e-06
    outer loop
      vertex 36.0453 -54.0882 80.677
      vertex 36.0585 -54.0798 77
      vertex 36.1121 -54.0455 80.677
    endloop
  endfacet
  facet normal 0.539009 -0.8423 0
    outer loop
      vertex 36.1121 -54.0455 80.677
      vertex 36.0585 -54.0798 77
      vertex 36.1121 -54.0455 77
    endloop
  endfacet
  facet normal 0.505662 0.862731 -2.95472e-06
    outer loop
      vertex 31.8152 56.6801 77
      vertex 31.8287 56.6722 80.677
      vertex 33.9624 55.4216 80.677
    endloop
  endfacet
  facet normal 0.505659 0.862734 0
    outer loop
      vertex 31.8152 56.6801 77
      vertex 33.9624 55.4216 80.677
      vertex 33.9624 55.4216 77
    endloop
  endfacet
  facet normal 0.505363 0.862907 -1.47747e-06
    outer loop
      vertex 31.8287 56.6722 80.677
      vertex 31.8152 56.6801 77
      vertex 31.7604 56.7122 80.677
    endloop
  endfacet
  facet normal 0.505437 0.862864 0
    outer loop
      vertex 31.7604 56.7122 80.677
      vertex 31.8152 56.6801 77
      vertex 31.7604 56.7122 77
    endloop
  endfacet
  facet normal -0.664207 -0.747549 -8.92889e-07
    outer loop
      vertex -44.0745 -47.7732 77
      vertex -44.0628 -47.7836 80.677
      vertex -44.122 -47.731 80.677
    endloop
  endfacet
  facet normal -0.664168 -0.747583 0
    outer loop
      vertex -44.0745 -47.7732 77
      vertex -44.122 -47.731 80.677
      vertex -44.122 -47.731 77
    endloop
  endfacet
  facet normal -0.664253 -0.747507 -6.29001e-07
    outer loop
      vertex -44.0628 -47.7836 80.677
      vertex -44.0745 -47.7732 77
      vertex -42.2141 -49.4264 80.677
    endloop
  endfacet
  facet normal -0.664254 -0.747507 -0
    outer loop
      vertex -42.2141 -49.4264 80.677
      vertex -44.0745 -47.7732 77
      vertex -42.2141 -49.4264 77
    endloop
  endfacet
  facet normal 0.995183 -0.0980316 0
    outer loop
      vertex 64.6879 -6.23378 80.677
      vertex 64.7996 -5.09984 77
      vertex 64.7996 -5.09984 80.677
    endloop
  endfacet
  facet normal 0.995187 -0.0979966 8.71559e-06
    outer loop
      vertex 64.5557 -7.57664 77
      vertex 64.6879 -6.23378 80.677
      vertex 64.5572 -7.56108 80.677
    endloop
  endfacet
  facet normal 0.995186 -0.0979998 9.89964e-06
    outer loop
      vertex 64.6879 -6.23378 80.677
      vertex 64.5557 -7.57664 77
      vertex 64.7996 -5.09984 77
    endloop
  endfacet
  facet normal 0.995143 -0.0984415 1.06162e-05
    outer loop
      vertex 64.5494 -7.63993 80.677
      vertex 64.5557 -7.57664 77
      vertex 64.5572 -7.56108 80.677
    endloop
  endfacet
  facet normal 0.995082 -0.0990523 0
    outer loop
      vertex 64.5494 -7.63993 80.677
      vertex 64.5494 -7.63993 77
      vertex 64.5557 -7.57664 77
    endloop
  endfacet
  facet normal -0.693109 0.720833 6.78594e-06
    outer loop
      vertex -44.1679 47.6869 77
      vertex -44.1792 47.676 80.677
      vertex -44.122 47.731 80.677
    endloop
  endfacet
  facet normal -0.693036 0.720903 7.21893e-06
    outer loop
      vertex -44.1792 47.676 80.677
      vertex -44.1679 47.6869 77
      vertex -44.5931 47.2781 80.677
    endloop
  endfacet
  facet normal -0.692826 0.721105 0
    outer loop
      vertex -44.1679 47.6869 77
      vertex -44.122 47.731 80.677
      vertex -44.122 47.731 77
    endloop
  endfacet
  facet normal -0.693109 0.720833 -9.04792e-06
    outer loop
      vertex -45.9619 45.9619 77
      vertex -44.5931 47.2781 80.677
      vertex -44.1679 47.6869 77
    endloop
  endfacet
  facet normal -0.693121 0.720821 0
    outer loop
      vertex -44.5931 47.2781 80.677
      vertex -45.9619 45.9619 77
      vertex -45.9619 45.9619 80.677
    endloop
  endfacet
  facet normal -0.967884 -0.251398 0
    outer loop
      vertex -63.188 -15.2355 77
      vertex -63.204 -15.1739 80.677
      vertex -63.204 -15.1739 77
    endloop
  endfacet
  facet normal -0.967598 -0.252497 -0
    outer loop
      vertex -62.5596 -17.6436 80.677
      vertex -63.188 -15.2355 77
      vertex -62.5596 -17.6436 77
    endloop
  endfacet
  facet normal -0.967605 -0.25247 1.91622e-05
    outer loop
      vertex -63.188 -15.2355 77
      vertex -62.5596 -17.6436 80.677
      vertex -63.204 -15.1739 80.677
    endloop
  endfacet
  facet normal 0.505363 -0.862907 -1.47747e-06
    outer loop
      vertex 31.8152 -56.6801 77
      vertex 31.8287 -56.6722 80.677
      vertex 31.7604 -56.7122 80.677
    endloop
  endfacet
  facet normal 0.505437 -0.862864 0
    outer loop
      vertex 31.8152 -56.6801 77
      vertex 31.7604 -56.7122 80.677
      vertex 31.7604 -56.7122 77
    endloop
  endfacet
  facet normal 0.505662 -0.862731 -2.95472e-06
    outer loop
      vertex 31.8287 -56.6722 80.677
      vertex 31.8152 -56.6801 77
      vertex 33.9624 -55.4216 80.677
    endloop
  endfacet
  facet normal 0.505659 -0.862734 0
    outer loop
      vertex 33.9624 -55.4216 80.677
      vertex 31.8152 -56.6801 77
      vertex 33.9624 -55.4216 77
    endloop
  endfacet
  facet normal -0.0980316 0.995183 0
    outer loop
      vertex -5.09984 64.7996 77
      vertex -6.23378 64.6879 80.677
      vertex -5.09984 64.7996 80.677
    endloop
  endfacet
  facet normal -0.0979966 0.995187 8.71559e-06
    outer loop
      vertex -6.23378 64.6879 80.677
      vertex -7.57664 64.5557 77
      vertex -7.56108 64.5572 80.677
    endloop
  endfacet
  facet normal -0.0984415 0.995143 1.06162e-05
    outer loop
      vertex -7.56108 64.5572 80.677
      vertex -7.57664 64.5557 77
      vertex -7.63993 64.5494 80.677
    endloop
  endfacet
  facet normal -0.0979998 0.995186 9.89964e-06
    outer loop
      vertex -6.23378 64.6879 80.677
      vertex -5.09984 64.7996 77
      vertex -7.57664 64.5557 77
    endloop
  endfacet
  facet normal -0.0990523 0.995082 0
    outer loop
      vertex -7.63993 64.5494 77
      vertex -7.63993 64.5494 80.677
      vertex -7.57664 64.5557 77
    endloop
  endfacet
  facet normal 0.327656 -0.944797 -1.47138e-05
    outer loop
      vertex 20.1462 -61.7978 77
      vertex 20.9004 -61.5363 80.677
      vertex 20.0861 -61.8187 80.677
    endloop
  endfacet
  facet normal 0.32846 -0.944518 0
    outer loop
      vertex 20.1462 -61.7978 77
      vertex 20.0861 -61.8187 80.677
      vertex 20.0861 -61.8187 77
    endloop
  endfacet
  facet normal 0.327632 -0.944805 -9.13323e-06
    outer loop
      vertex 22.4976 -60.9824 77
      vertex 20.9004 -61.5363 80.677
      vertex 20.1462 -61.7978 77
    endloop
  endfacet
  facet normal 0.327651 -0.944799 0
    outer loop
      vertex 20.9004 -61.5363 80.677
      vertex 22.4976 -60.9824 77
      vertex 22.4976 -60.9824 80.677
    endloop
  endfacet
  facet normal 0.664207 0.747549 -8.92889e-07
    outer loop
      vertex 44.0745 47.7732 77
      vertex 44.0628 47.7836 80.677
      vertex 44.122 47.731 80.677
    endloop
  endfacet
  facet normal 0.664168 0.747583 0
    outer loop
      vertex 44.0745 47.7732 77
      vertex 44.122 47.731 80.677
      vertex 44.122 47.731 77
    endloop
  endfacet
  facet normal 0.664253 0.747507 -6.29001e-07
    outer loop
      vertex 44.0628 47.7836 80.677
      vertex 44.0745 47.7732 77
      vertex 42.2141 49.4264 80.677
    endloop
  endfacet
  facet normal 0.664254 0.747507 0
    outer loop
      vertex 42.2141 49.4264 80.677
      vertex 44.0745 47.7732 77
      vertex 42.2141 49.4264 77
    endloop
  endfacet
  facet normal -0.990599 -0.136797 0
    outer loop
      vertex -64.5407 -7.70293 77
      vertex -64.5494 -7.63993 80.677
      vertex -64.5494 -7.63993 77
    endloop
  endfacet
  facet normal -0.990664 -0.13633 -8.1568e-06
    outer loop
      vertex -64.5407 -7.70293 77
      vertex -64.5386 -7.71841 80.677
      vertex -64.5494 -7.63993 80.677
    endloop
  endfacet
  facet normal -0.990569 -0.137017 -1.11039e-05
    outer loop
      vertex -64.1997 -10.1682 77
      vertex -64.5386 -7.71841 80.677
      vertex -64.5407 -7.70293 77
    endloop
  endfacet
  facet normal -0.990566 -0.137033 0
    outer loop
      vertex -64.5386 -7.71841 80.677
      vertex -64.1997 -10.1682 77
      vertex -64.1997 -10.1682 80.677
    endloop
  endfacet
  facet normal -0.602992 0.797747 -1.68065e-05
    outer loop
      vertex -38.2567 52.5477 77
      vertex -38.2486 52.5539 80.677
      vertex -38.206 52.5861 80.677
    endloop
  endfacet
  facet normal -0.603709 0.797205 -1.43136e-05
    outer loop
      vertex -38.2486 52.5539 80.677
      vertex -38.2567 52.5477 77
      vertex -38.2692 52.5383 80.677
    endloop
  endfacet
  facet normal -0.603767 0.797161 0
    outer loop
      vertex -38.2567 52.5477 77
      vertex -38.206 52.5861 80.677
      vertex -38.206 52.5861 77
    endloop
  endfacet
  facet normal -0.603559 0.797319 -1.35136e-05
    outer loop
      vertex -38.2692 52.5383 80.677
      vertex -38.2567 52.5477 77
      vertex -40.2411 51.0456 80.677
    endloop
  endfacet
  facet normal -0.603543 0.797331 0
    outer loop
      vertex -40.2411 51.0456 80.677
      vertex -38.2567 52.5477 77
      vertex -40.2411 51.0456 77
    endloop
  endfacet
  facet normal -0.998213 -0.0597544 0
    outer loop
      vertex -64.9461 -2.61537 77
      vertex -64.9499 -2.55189 80.677
      vertex -64.9499 -2.55189 77
    endloop
  endfacet
  facet normal -0.998266 -0.0588641 -0
    outer loop
      vertex -64.7996 -5.09984 80.677
      vertex -64.9461 -2.61537 77
      vertex -64.7996 -5.09984 77
    endloop
  endfacet
  facet normal -0.998265 -0.0588862 -1.50415e-05
    outer loop
      vertex -64.9461 -2.61537 77
      vertex -64.7996 -5.09984 80.677
      vertex -64.9499 -2.55189 80.677
    endloop
  endfacet
  facet normal -0.999807 -0.0196482 0
    outer loop
      vertex -64.9511 -2.4883 77
      vertex -65 0 80.677
      vertex -65 0 77
    endloop
  endfacet
  facet normal -0.999822 -0.0188675 -0
    outer loop
      vertex -64.9499 -2.55189 80.677
      vertex -64.9511 -2.4883 77
      vertex -64.9499 -2.55189 77
    endloop
  endfacet
  facet normal -0.999807 -0.0196287 -1.31688e-05
    outer loop
      vertex -64.9511 -2.4883 77
      vertex -64.9499 -2.55189 80.677
      vertex -65 0 80.677
    endloop
  endfacet
  facet normal 0.820556 -0.571566 0
    outer loop
      vertex 53.0629 -37.522 80.677
      vertex 53.1763 -37.3592 77
      vertex 53.1763 -37.3592 80.677
    endloop
  endfacet
  facet normal 0.820357 -0.571851 0
    outer loop
      vertex 52.5861 -38.206 77
      vertex 53.0629 -37.522 80.677
      vertex 52.5861 -38.206 80.677
    endloop
  endfacet
  facet normal 0.820395 -0.571797 -1.51343e-05
    outer loop
      vertex 53.0629 -37.522 80.677
      vertex 52.5861 -38.206 77
      vertex 53.1763 -37.3592 77
    endloop
  endfacet
  facet normal -0.944799 0.327651 0
    outer loop
      vertex -60.9824 22.4976 77
      vertex -61.5363 20.9004 80.677
      vertex -60.9824 22.4976 80.677
    endloop
  endfacet
  facet normal -0.944805 0.327632 -9.13323e-06
    outer loop
      vertex -61.7978 20.1462 77
      vertex -61.5363 20.9004 80.677
      vertex -60.9824 22.4976 77
    endloop
  endfacet
  facet normal -0.944518 0.32846 0
    outer loop
      vertex -61.8187 20.0861 80.677
      vertex -61.7978 20.1462 77
      vertex -61.8187 20.0861 77
    endloop
  endfacet
  facet normal -0.944797 0.327656 -1.47138e-05
    outer loop
      vertex -61.7978 20.1462 77
      vertex -61.8187 20.0861 80.677
      vertex -61.5363 20.9004 80.677
    endloop
  endfacet
  facet normal 0.214497 0.976725 1.65494e-05
    outer loop
      vertex 15.1118 63.2177 77
      vertex 14.6935 63.3095 80.677
      vertex 15.1739 63.204 80.677
    endloop
  endfacet
  facet normal 0.215432 0.976519 0
    outer loop
      vertex 15.1118 63.2177 77
      vertex 15.1739 63.204 80.677
      vertex 15.1739 63.204 77
    endloop
  endfacet
  facet normal 0.214288 0.976771 -8.43952e-06
    outer loop
      vertex 12.6809 63.751 77
      vertex 14.6935 63.3095 80.677
      vertex 15.1118 63.2177 77
    endloop
  endfacet
  facet normal 0.214273 0.976774 0
    outer loop
      vertex 14.6935 63.3095 80.677
      vertex 12.6809 63.751 77
      vertex 12.6809 63.751 80.677
    endloop
  endfacet
  facet normal 0.916193 -0.400736 0
    outer loop
      vertex 60.0522 -24.8744 80.677
      vertex 60.0267 -24.9327 77
      vertex 60.0522 -24.8744 77
    endloop
  endfacet
  facet normal 0.915984 -0.401216 9.05861e-06
    outer loop
      vertex 60.0204 -24.947 80.677
      vertex 60.0267 -24.9327 77
      vertex 60.0522 -24.8744 80.677
    endloop
  endfacet
  facet normal 0.916192 -0.40074 1.12647e-05
    outer loop
      vertex 59.0293 -27.2129 80.677
      vertex 60.0267 -24.9327 77
      vertex 60.0204 -24.947 80.677
    endloop
  endfacet
  facet normal 0.916185 -0.400756 0
    outer loop
      vertex 60.0267 -24.9327 77
      vertex 59.0293 -27.2129 80.677
      vertex 59.0293 -27.2129 77
    endloop
  endfacet
  facet normal 0.881921 0.471397 0
    outer loop
      vertex 57.9154 29.5094 80.677
      vertex 57.3834 30.5047 77
      vertex 57.3834 30.5047 80.677
    endloop
  endfacet
  facet normal 0.881921 0.471397 0
    outer loop
      vertex 57.3834 30.5047 77
      vertex 57.9154 29.5094 80.677
      vertex 57.9154 29.5094 77
    endloop
  endfacet
  facet normal -0.995082 0.0990523 0
    outer loop
      vertex -64.5557 7.57664 77
      vertex -64.5494 7.63993 80.677
      vertex -64.5494 7.63993 77
    endloop
  endfacet
  facet normal -0.995143 0.0984415 1.06162e-05
    outer loop
      vertex -64.5557 7.57664 77
      vertex -64.5572 7.56108 80.677
      vertex -64.5494 7.63993 80.677
    endloop
  endfacet
  facet normal -0.995187 0.0979966 8.71559e-06
    outer loop
      vertex -64.5557 7.57664 77
      vertex -64.6879 6.23378 80.677
      vertex -64.5572 7.56108 80.677
    endloop
  endfacet
  facet normal -0.995186 0.0979998 9.89964e-06
    outer loop
      vertex -64.7996 5.09984 77
      vertex -64.6879 6.23378 80.677
      vertex -64.5557 7.57664 77
    endloop
  endfacet
  facet normal -0.995183 0.0980316 0
    outer loop
      vertex -64.6879 6.23378 80.677
      vertex -64.7996 5.09984 77
      vertex -64.7996 5.09984 80.677
    endloop
  endfacet
  facet normal 0.436409 0.899748 1.49279e-05
    outer loop
      vertex 27.2701 59.0016 77
      vertex 27.2842 58.9947 80.677
      vertex 29.5094 57.9154 80.677
    endloop
  endfacet
  facet normal 0.436429 0.899739 0
    outer loop
      vertex 27.2701 59.0016 77
      vertex 29.5094 57.9154 80.677
      vertex 29.5094 57.9154 77
    endloop
  endfacet
  facet normal 0.436583 0.899664 1.41039e-05
    outer loop
      vertex 27.2842 58.9947 80.677
      vertex 27.2701 59.0016 77
      vertex 27.2129 59.0293 80.677
    endloop
  endfacet
  facet normal 0.435849 0.90002 0
    outer loop
      vertex 27.2129 59.0293 80.677
      vertex 27.2701 59.0016 77
      vertex 27.2129 59.0293 77
    endloop
  endfacet
  facet normal 0.214273 -0.976774 0
    outer loop
      vertex 12.6809 -63.751 77
      vertex 14.6935 -63.3095 80.677
      vertex 12.6809 -63.751 80.677
    endloop
  endfacet
  facet normal 0.214288 -0.976771 -8.43952e-06
    outer loop
      vertex 14.6935 -63.3095 80.677
      vertex 12.6809 -63.751 77
      vertex 15.1118 -63.2177 77
    endloop
  endfacet
  facet normal 0.214497 -0.976725 1.65494e-05
    outer loop
      vertex 14.6935 -63.3095 80.677
      vertex 15.1118 -63.2177 77
      vertex 15.1739 -63.204 80.677
    endloop
  endfacet
  facet normal 0.215432 -0.976519 0
    outer loop
      vertex 15.1739 -63.204 80.677
      vertex 15.1118 -63.2177 77
      vertex 15.1739 -63.204 77
    endloop
  endfacet
  facet normal 0.984271 0.176664 0
    outer loop
      vertex 63.765 12.6029 80.677
      vertex 63.751 12.6809 77
      vertex 63.751 12.6809 80.677
    endloop
  endfacet
  facet normal 0.984422 0.175823 -1.8423e-05
    outer loop
      vertex 63.765 12.6029 80.677
      vertex 64.1886 10.2308 77
      vertex 63.751 12.6809 77
    endloop
  endfacet
  facet normal 0.984432 0.175764 2.05686e-05
    outer loop
      vertex 64.1997 10.1682 80.677
      vertex 64.1886 10.2308 77
      vertex 63.765 12.6029 80.677
    endloop
  endfacet
  facet normal 0.984641 0.174593 0
    outer loop
      vertex 64.1886 10.2308 77
      vertex 64.1997 10.1682 80.677
      vertex 64.1997 10.1682 77
    endloop
  endfacet
  facet normal 0.634955 0.772549 -1.15694e-05
    outer loop
      vertex 42.165 49.4667 77
      vertex 42.1529 49.4767 80.677
      vertex 42.2141 49.4264 80.677
    endloop
  endfacet
  facet normal 0.634437 0.772974 0
    outer loop
      vertex 42.165 49.4667 77
      vertex 42.2141 49.4264 80.677
      vertex 42.2141 49.4264 77
    endloop
  endfacet
  facet normal 0.634375 0.773025 -1.47695e-05
    outer loop
      vertex 42.1529 49.4767 80.677
      vertex 42.165 49.4667 77
      vertex 40.2411 51.0456 80.677
    endloop
  endfacet
  facet normal 0.634392 0.773011 0
    outer loop
      vertex 40.2411 51.0456 80.677
      vertex 42.165 49.4667 77
      vertex 40.2411 51.0456 77
    endloop
  endfacet
  facet normal -0.57177 0.820414 2.22978e-06
    outer loop
      vertex -36.1642 54.0092 77
      vertex -37.522 53.0629 80.677
      vertex -36.1121 54.0455 80.677
    endloop
  endfacet
  facet normal -0.571664 0.820488 0
    outer loop
      vertex -36.1642 54.0092 77
      vertex -36.1121 54.0455 80.677
      vertex -36.1121 54.0455 77
    endloop
  endfacet
  facet normal -0.5718 0.820393 -1.41881e-05
    outer loop
      vertex -38.206 52.5861 77
      vertex -37.522 53.0629 80.677
      vertex -36.1642 54.0092 77
    endloop
  endfacet
  facet normal -0.571851 0.820357 0
    outer loop
      vertex -37.522 53.0629 80.677
      vertex -38.206 52.5861 77
      vertex -38.206 52.5861 80.677
    endloop
  endfacet
  facet normal 0.571851 0.820357 -0
    outer loop
      vertex 38.206 52.5861 77
      vertex 37.522 53.0629 80.677
      vertex 38.206 52.5861 80.677
    endloop
  endfacet
  facet normal 0.5718 0.820393 -1.41881e-05
    outer loop
      vertex 37.522 53.0629 80.677
      vertex 38.206 52.5861 77
      vertex 36.1642 54.0092 77
    endloop
  endfacet
  facet normal 0.57177 0.820414 2.22978e-06
    outer loop
      vertex 37.522 53.0629 80.677
      vertex 36.1642 54.0092 77
      vertex 36.1121 54.0455 80.677
    endloop
  endfacet
  facet normal 0.571664 0.820488 0
    outer loop
      vertex 36.1121 54.0455 80.677
      vertex 36.1642 54.0092 77
      vertex 36.1121 54.0455 77
    endloop
  endfacet
  facet normal 0.538588 0.842569 8.64442e-06
    outer loop
      vertex 36.0585 54.0798 77
      vertex 36.0453 54.0882 80.677
      vertex 36.1121 54.0455 80.677
    endloop
  endfacet
  facet normal 0.539009 0.8423 0
    outer loop
      vertex 36.0585 54.0798 77
      vertex 36.1121 54.0455 80.677
      vertex 36.1121 54.0455 77
    endloop
  endfacet
  facet normal 0.539152 0.842208 1.14936e-05
    outer loop
      vertex 36.0453 54.0882 80.677
      vertex 36.0585 54.0798 77
      vertex 33.9624 55.4216 80.677
    endloop
  endfacet
  facet normal 0.539138 0.842217 0
    outer loop
      vertex 33.9624 55.4216 80.677
      vertex 36.0585 54.0798 77
      vertex 33.9624 55.4216 77
    endloop
  endfacet
  facet normal -0.0589148 -0.998263 -0
    outer loop
      vertex -5.09984 -64.7996 80.677
      vertex -5.09984 -64.7996 77
      vertex -4.8084 -64.8168 80.677
    endloop
  endfacet
  facet normal -0.0589148 -0.998263 -0
    outer loop
      vertex -4.8084 -64.8168 80.677
      vertex -5.09984 -64.7996 77
      vertex -4.8084 -64.8168 77
    endloop
  endfacet
  facet normal -0.773025 -0.634375 0
    outer loop
      vertex -51.0456 -40.2411 77
      vertex -49.4767 -42.1529 80.677
      vertex -51.0456 -40.2411 80.677
    endloop
  endfacet
  facet normal -0.773011 -0.634392 -1.46763e-05
    outer loop
      vertex -49.4667 -42.165 77
      vertex -49.4767 -42.1529 80.677
      vertex -51.0456 -40.2411 77
    endloop
  endfacet
  facet normal -0.772974 -0.634437 -1.44285e-05
    outer loop
      vertex -49.4264 -42.2141 77
      vertex -49.4767 -42.1529 80.677
      vertex -49.4667 -42.165 77
    endloop
  endfacet
  facet normal -0.772549 -0.634955 0
    outer loop
      vertex -49.4767 -42.1529 80.677
      vertex -49.4264 -42.2141 77
      vertex -49.4264 -42.2141 80.677
    endloop
  endfacet
  facet normal 0.0980316 -0.995183 0
    outer loop
      vertex 5.09984 -64.7996 77
      vertex 6.23378 -64.6879 80.677
      vertex 5.09984 -64.7996 80.677
    endloop
  endfacet
  facet normal 0.0979966 -0.995187 8.71559e-06
    outer loop
      vertex 6.23378 -64.6879 80.677
      vertex 7.57664 -64.5557 77
      vertex 7.56108 -64.5572 80.677
    endloop
  endfacet
  facet normal 0.0984415 -0.995143 1.06162e-05
    outer loop
      vertex 7.56108 -64.5572 80.677
      vertex 7.57664 -64.5557 77
      vertex 7.63993 -64.5494 80.677
    endloop
  endfacet
  facet normal 0.0979998 -0.995186 9.89964e-06
    outer loop
      vertex 6.23378 -64.6879 80.677
      vertex 5.09984 -64.7996 77
      vertex 7.57664 -64.5557 77
    endloop
  endfacet
  facet normal 0.0990523 -0.995082 0
    outer loop
      vertex 7.63993 -64.5494 77
      vertex 7.63993 -64.5494 80.677
      vertex 7.57664 -64.5557 77
    endloop
  endfacet
  facet normal 0.820357 0.571851 0
    outer loop
      vertex 53.0629 37.522 80.677
      vertex 52.5861 38.206 77
      vertex 52.5861 38.206 80.677
    endloop
  endfacet
  facet normal 0.820393 0.5718 -1.41881e-05
    outer loop
      vertex 53.0629 37.522 80.677
      vertex 54.0092 36.1642 77
      vertex 52.5861 38.206 77
    endloop
  endfacet
  facet normal 0.820414 0.57177 2.22978e-06
    outer loop
      vertex 54.0455 36.1121 80.677
      vertex 54.0092 36.1642 77
      vertex 53.0629 37.522 80.677
    endloop
  endfacet
  facet normal 0.820488 0.571664 0
    outer loop
      vertex 54.0092 36.1642 77
      vertex 54.0455 36.1121 80.677
      vertex 54.0455 36.1121 77
    endloop
  endfacet
  facet normal -0.693121 -0.720821 0
    outer loop
      vertex -45.9619 -45.9619 77
      vertex -44.5931 -47.2781 80.677
      vertex -45.9619 -45.9619 80.677
    endloop
  endfacet
  facet normal -0.693036 -0.720903 7.21893e-06
    outer loop
      vertex -44.5931 -47.2781 80.677
      vertex -44.1679 -47.6869 77
      vertex -44.1792 -47.676 80.677
    endloop
  endfacet
  facet normal -0.693109 -0.720833 -9.04792e-06
    outer loop
      vertex -44.5931 -47.2781 80.677
      vertex -45.9619 -45.9619 77
      vertex -44.1679 -47.6869 77
    endloop
  endfacet
  facet normal -0.693109 -0.720833 6.78594e-06
    outer loop
      vertex -44.1792 -47.676 80.677
      vertex -44.1679 -47.6869 77
      vertex -44.122 -47.731 80.677
    endloop
  endfacet
  facet normal -0.692826 -0.721105 -0
    outer loop
      vertex -44.122 -47.731 80.677
      vertex -44.1679 -47.6869 77
      vertex -44.122 -47.731 77
    endloop
  endfacet
  facet normal 0.175764 -0.984432 2.05686e-05
    outer loop
      vertex 10.2308 -64.1886 77
      vertex 12.6029 -63.765 80.677
      vertex 10.1682 -64.1997 80.677
    endloop
  endfacet
  facet normal 0.174593 -0.984641 0
    outer loop
      vertex 10.2308 -64.1886 77
      vertex 10.1682 -64.1997 80.677
      vertex 10.1682 -64.1997 77
    endloop
  endfacet
  facet normal 0.175823 -0.984422 -1.8423e-05
    outer loop
      vertex 12.6809 -63.751 77
      vertex 12.6029 -63.765 80.677
      vertex 10.2308 -64.1886 77
    endloop
  endfacet
  facet normal 0.176664 -0.984271 0
    outer loop
      vertex 12.6029 -63.765 80.677
      vertex 12.6809 -63.751 77
      vertex 12.6809 -63.751 80.677
    endloop
  endfacet
  facet normal -0.175764 0.984432 2.05686e-05
    outer loop
      vertex -10.2308 64.1886 77
      vertex -12.6029 63.765 80.677
      vertex -10.1682 64.1997 80.677
    endloop
  endfacet
  facet normal -0.174593 0.984641 0
    outer loop
      vertex -10.2308 64.1886 77
      vertex -10.1682 64.1997 80.677
      vertex -10.1682 64.1997 77
    endloop
  endfacet
  facet normal -0.175823 0.984422 -1.8423e-05
    outer loop
      vertex -12.6809 63.751 77
      vertex -12.6029 63.765 80.677
      vertex -10.2308 64.1886 77
    endloop
  endfacet
  facet normal -0.176664 0.984271 0
    outer loop
      vertex -12.6029 63.765 80.677
      vertex -12.6809 63.751 77
      vertex -12.6809 63.751 80.677
    endloop
  endfacet
  facet normal -0.721105 -0.692826 0
    outer loop
      vertex -47.6869 -44.1679 77
      vertex -47.731 -44.122 80.677
      vertex -47.731 -44.122 77
    endloop
  endfacet
  facet normal -0.720833 -0.693109 6.78594e-06
    outer loop
      vertex -47.6869 -44.1679 77
      vertex -47.676 -44.1792 80.677
      vertex -47.731 -44.122 80.677
    endloop
  endfacet
  facet normal -0.720903 -0.693036 7.21893e-06
    outer loop
      vertex -47.6869 -44.1679 77
      vertex -47.2781 -44.5931 80.677
      vertex -47.676 -44.1792 80.677
    endloop
  endfacet
  facet normal -0.720833 -0.693109 -9.04792e-06
    outer loop
      vertex -45.9619 -45.9619 77
      vertex -47.2781 -44.5931 80.677
      vertex -47.6869 -44.1679 77
    endloop
  endfacet
  facet normal -0.720821 -0.693121 0
    outer loop
      vertex -47.2781 -44.5931 80.677
      vertex -45.9619 -45.9619 77
      vertex -45.9619 -45.9619 80.677
    endloop
  endfacet
  facet normal 0.931212 -0.364479 0
    outer loop
      vertex 60.081 -24.8006 80.677
      vertex 60.9824 -22.4976 77
      vertex 60.9824 -22.4976 80.677
    endloop
  endfacet
  facet normal 0.931214 -0.364474 3.6432e-06
    outer loop
      vertex 60.081 -24.8006 80.677
      vertex 60.0753 -24.8152 77
      vertex 60.9824 -22.4976 77
    endloop
  endfacet
  facet normal 0.931578 -0.363542 -6.17933e-07
    outer loop
      vertex 60.0522 -24.8744 80.677
      vertex 60.0753 -24.8152 77
      vertex 60.081 -24.8006 80.677
    endloop
  endfacet
  facet normal 0.931591 -0.363509 0
    outer loop
      vertex 60.0522 -24.8744 80.677
      vertex 60.0522 -24.8744 77
      vertex 60.0753 -24.8152 77
    endloop
  endfacet
  facet normal -0.8423 0.539009 0
    outer loop
      vertex -54.0798 36.0585 77
      vertex -54.0455 36.1121 80.677
      vertex -54.0455 36.1121 77
    endloop
  endfacet
  facet normal -0.842569 0.538588 8.64442e-06
    outer loop
      vertex -54.0798 36.0585 77
      vertex -54.0882 36.0453 80.677
      vertex -54.0455 36.1121 80.677
    endloop
  endfacet
  facet normal -0.842252 0.539085 1.11514e-05
    outer loop
      vertex -54.5247 35.3634 77
      vertex -54.0882 36.0453 80.677
      vertex -54.0798 36.0585 77
    endloop
  endfacet
  facet normal -0.842224 0.539127 0
    outer loop
      vertex -54.0882 36.0453 80.677
      vertex -54.5247 35.3634 77
      vertex -54.5247 35.3634 80.677
    endloop
  endfacet
  facet normal -0.747507 -0.664253 0
    outer loop
      vertex -49.4264 -42.2141 77
      vertex -47.7836 -44.0628 80.677
      vertex -49.4264 -42.2141 80.677
    endloop
  endfacet
  facet normal -0.747507 -0.664254 -6.25045e-07
    outer loop
      vertex -47.7732 -44.0745 77
      vertex -47.7836 -44.0628 80.677
      vertex -49.4264 -42.2141 77
    endloop
  endfacet
  facet normal -0.747583 -0.664168 -1.11287e-06
    outer loop
      vertex -47.731 -44.122 77
      vertex -47.7836 -44.0628 80.677
      vertex -47.7732 -44.0745 77
    endloop
  endfacet
  facet normal -0.747549 -0.664207 0
    outer loop
      vertex -47.7836 -44.0628 80.677
      vertex -47.731 -44.122 77
      vertex -47.731 -44.122 80.677
    endloop
  endfacet
  facet normal -0.505363 0.862907 -1.47747e-06
    outer loop
      vertex -31.8152 56.6801 77
      vertex -31.8287 56.6722 80.677
      vertex -31.7604 56.7122 80.677
    endloop
  endfacet
  facet normal -0.505437 0.862864 0
    outer loop
      vertex -31.8152 56.6801 77
      vertex -31.7604 56.7122 80.677
      vertex -31.7604 56.7122 77
    endloop
  endfacet
  facet normal -0.505662 0.862731 -2.95472e-06
    outer loop
      vertex -31.8287 56.6722 80.677
      vertex -31.8152 56.6801 77
      vertex -33.9624 55.4216 80.677
    endloop
  endfacet
  facet normal -0.505659 0.862734 0
    outer loop
      vertex -33.9624 55.4216 80.677
      vertex -31.8152 56.6801 77
      vertex -33.9624 55.4216 77
    endloop
  endfacet
  facet normal -0.820357 0.571851 0
    outer loop
      vertex -52.5861 38.206 77
      vertex -53.0629 37.522 80.677
      vertex -52.5861 38.206 80.677
    endloop
  endfacet
  facet normal -0.820393 0.5718 -1.41881e-05
    outer loop
      vertex -54.0092 36.1642 77
      vertex -53.0629 37.522 80.677
      vertex -52.5861 38.206 77
    endloop
  endfacet
  facet normal -0.820488 0.571664 0
    outer loop
      vertex -54.0455 36.1121 80.677
      vertex -54.0092 36.1642 77
      vertex -54.0455 36.1121 77
    endloop
  endfacet
  facet normal -0.820414 0.57177 2.22978e-06
    outer loop
      vertex -54.0092 36.1642 77
      vertex -54.0455 36.1121 80.677
      vertex -53.0629 37.522 80.677
    endloop
  endfacet
  facet normal -0.289222 -0.957262 0
    outer loop
      vertex -20.0252 -61.8371 77
      vertex -20.0861 -61.8187 80.677
      vertex -20.0861 -61.8187 77
    endloop
  endfacet
  facet normal -0.290276 -0.956943 -1.90524e-05
    outer loop
      vertex -20.0861 -61.8187 80.677
      vertex -20.0252 -61.8371 77
      vertex -17.6436 -62.5596 80.677
    endloop
  endfacet
  facet normal -0.290303 -0.956935 -0
    outer loop
      vertex -17.6436 -62.5596 80.677
      vertex -20.0252 -61.8371 77
      vertex -17.6436 -62.5596 77
    endloop
  endfacet
  facet normal 0.931591 0.363509 0
    outer loop
      vertex 60.0522 24.8744 80.677
      vertex 60.0753 24.8152 77
      vertex 60.0522 24.8744 77
    endloop
  endfacet
  facet normal 0.931578 0.363542 -6.17933e-07
    outer loop
      vertex 60.081 24.8006 80.677
      vertex 60.0753 24.8152 77
      vertex 60.0522 24.8744 80.677
    endloop
  endfacet
  facet normal 0.931212 0.364479 3.66629e-06
    outer loop
      vertex 60.9824 22.4976 80.677
      vertex 60.0753 24.8152 77
      vertex 60.081 24.8006 80.677
    endloop
  endfacet
  facet normal 0.931214 0.364474 0
    outer loop
      vertex 60.0753 24.8152 77
      vertex 60.9824 22.4976 80.677
      vertex 60.9824 22.4976 77
    endloop
  endfacet
  facet normal -0.290303 0.956935 0
    outer loop
      vertex -20.0252 61.8371 77
      vertex -17.6436 62.5596 80.677
      vertex -17.6436 62.5596 77
    endloop
  endfacet
  facet normal -0.290276 0.956943 -1.90524e-05
    outer loop
      vertex -17.6436 62.5596 80.677
      vertex -20.0252 61.8371 77
      vertex -20.0861 61.8187 80.677
    endloop
  endfacet
  facet normal -0.289222 0.957262 0
    outer loop
      vertex -20.0861 61.8187 77
      vertex -20.0861 61.8187 80.677
      vertex -20.0252 61.8371 77
    endloop
  endfacet
  facet normal -0.505662 -0.862731 -2.95472e-06
    outer loop
      vertex -31.8152 -56.6801 77
      vertex -31.8287 -56.6722 80.677
      vertex -33.9624 -55.4216 80.677
    endloop
  endfacet
  facet normal -0.505659 -0.862734 0
    outer loop
      vertex -31.8152 -56.6801 77
      vertex -33.9624 -55.4216 80.677
      vertex -33.9624 -55.4216 77
    endloop
  endfacet
  facet normal -0.505363 -0.862907 -1.47747e-06
    outer loop
      vertex -31.8287 -56.6722 80.677
      vertex -31.8152 -56.6801 77
      vertex -31.7604 -56.7122 80.677
    endloop
  endfacet
  facet normal -0.505437 -0.862864 -0
    outer loop
      vertex -31.7604 -56.7122 80.677
      vertex -31.8152 -56.6801 77
      vertex -31.7604 -56.7122 77
    endloop
  endfacet
  facet normal 0.916192 0.40074 0
    outer loop
      vertex 60.0204 24.947 80.677
      vertex 59.0293 27.2129 77
      vertex 59.0293 27.2129 80.677
    endloop
  endfacet
  facet normal 0.916185 0.400756 1.1194e-05
    outer loop
      vertex 60.0204 24.947 80.677
      vertex 60.0267 24.9327 77
      vertex 59.0293 27.2129 77
    endloop
  endfacet
  facet normal 0.915984 0.401216 9.05861e-06
    outer loop
      vertex 60.0522 24.8744 80.677
      vertex 60.0267 24.9327 77
      vertex 60.0204 24.947 80.677
    endloop
  endfacet
  facet normal 0.916193 0.400736 0
    outer loop
      vertex 60.0267 24.9327 77
      vertex 60.0522 24.8744 80.677
      vertex 60.0522 24.8744 77
    endloop
  endfacet
  facet normal 0.251398 -0.967884 0
    outer loop
      vertex 15.2355 -63.188 77
      vertex 15.1739 -63.204 80.677
      vertex 15.1739 -63.204 77
    endloop
  endfacet
  facet normal 0.25247 -0.967605 1.91622e-05
    outer loop
      vertex 15.1739 -63.204 80.677
      vertex 15.2355 -63.188 77
      vertex 17.6436 -62.5596 80.677
    endloop
  endfacet
  facet normal 0.252497 -0.967598 0
    outer loop
      vertex 17.6436 -62.5596 80.677
      vertex 15.2355 -63.188 77
      vertex 17.6436 -62.5596 77
    endloop
  endfacet
  facet normal 0.401216 -0.915984 9.05861e-06
    outer loop
      vertex 24.9327 -60.0267 77
      vertex 24.947 -60.0204 80.677
      vertex 24.8744 -60.0522 80.677
    endloop
  endfacet
  facet normal 0.400736 -0.916193 0
    outer loop
      vertex 24.9327 -60.0267 77
      vertex 24.8744 -60.0522 80.677
      vertex 24.8744 -60.0522 77
    endloop
  endfacet
  facet normal 0.40074 -0.916192 1.12647e-05
    outer loop
      vertex 24.947 -60.0204 80.677
      vertex 24.9327 -60.0267 77
      vertex 27.2129 -59.0293 80.677
    endloop
  endfacet
  facet normal 0.400756 -0.916185 0
    outer loop
      vertex 27.2129 -59.0293 80.677
      vertex 24.9327 -60.0267 77
      vertex 27.2129 -59.0293 77
    endloop
  endfacet
  facet normal -0.995183 -0.0980316 0
    outer loop
      vertex -64.7996 -5.09984 77
      vertex -64.6879 -6.23378 80.677
      vertex -64.7996 -5.09984 80.677
    endloop
  endfacet
  facet normal -0.995186 -0.0979998 9.89964e-06
    outer loop
      vertex -64.5557 -7.57664 77
      vertex -64.6879 -6.23378 80.677
      vertex -64.7996 -5.09984 77
    endloop
  endfacet
  facet normal -0.995187 -0.0979966 8.71559e-06
    outer loop
      vertex -64.6879 -6.23378 80.677
      vertex -64.5557 -7.57664 77
      vertex -64.5572 -7.56108 80.677
    endloop
  endfacet
  facet normal -0.995082 -0.0990523 1.32254e-05
    outer loop
      vertex -64.5494 -7.63993 77
      vertex -64.5572 -7.56108 80.677
      vertex -64.5557 -7.57664 77
    endloop
  endfacet
  facet normal -0.995143 -0.0984415 0
    outer loop
      vertex -64.5494 -7.63993 77
      vertex -64.5494 -7.63993 80.677
      vertex -64.5572 -7.56108 80.677
    endloop
  endfacet
  facet normal -0.720821 0.693121 0
    outer loop
      vertex -45.9619 45.9619 77
      vertex -47.2781 44.5931 80.677
      vertex -45.9619 45.9619 80.677
    endloop
  endfacet
  facet normal -0.720833 0.693109 -9.04792e-06
    outer loop
      vertex -47.6869 44.1679 77
      vertex -47.2781 44.5931 80.677
      vertex -45.9619 45.9619 77
    endloop
  endfacet
  facet normal -0.720903 0.693036 7.21893e-06
    outer loop
      vertex -47.2781 44.5931 80.677
      vertex -47.6869 44.1679 77
      vertex -47.676 44.1792 80.677
    endloop
  endfacet
  facet normal -0.721105 0.692826 8.45974e-06
    outer loop
      vertex -47.731 44.122 77
      vertex -47.676 44.1792 80.677
      vertex -47.6869 44.1679 77
    endloop
  endfacet
  facet normal -0.720833 0.693109 0
    outer loop
      vertex -47.676 44.1792 80.677
      vertex -47.731 44.122 77
      vertex -47.731 44.122 80.677
    endloop
  endfacet
  facet normal -0.47139 0.881925 -5.72928e-06
    outer loop
      vertex -31.7043 56.7422 77
      vertex -31.6905 56.7496 80.677
      vertex -29.5094 57.9154 80.677
    endloop
  endfacet
  facet normal -0.471397 0.881921 0
    outer loop
      vertex -31.7043 56.7422 77
      vertex -29.5094 57.9154 80.677
      vertex -29.5094 57.9154 77
    endloop
  endfacet
  facet normal -0.471766 0.881724 -3.91081e-06
    outer loop
      vertex -31.6905 56.7496 80.677
      vertex -31.7043 56.7422 77
      vertex -31.7604 56.7122 80.677
    endloop
  endfacet
  facet normal -0.471567 0.88183 0
    outer loop
      vertex -31.7604 56.7122 80.677
      vertex -31.7043 56.7422 77
      vertex -31.7604 56.7122 77
    endloop
  endfacet
  facet normal -0.214497 -0.976725 1.65494e-05
    outer loop
      vertex -15.1118 -63.2177 77
      vertex -14.6935 -63.3095 80.677
      vertex -15.1739 -63.204 80.677
    endloop
  endfacet
  facet normal -0.215432 -0.976519 0
    outer loop
      vertex -15.1118 -63.2177 77
      vertex -15.1739 -63.204 80.677
      vertex -15.1739 -63.204 77
    endloop
  endfacet
  facet normal -0.214288 -0.976771 -8.43952e-06
    outer loop
      vertex -12.6809 -63.751 77
      vertex -14.6935 -63.3095 80.677
      vertex -15.1118 -63.2177 77
    endloop
  endfacet
  facet normal -0.214273 -0.976774 0
    outer loop
      vertex -14.6935 -63.3095 80.677
      vertex -12.6809 -63.751 77
      vertex -12.6809 -63.751 80.677
    endloop
  endfacet
  facet normal 0.797319 0.603559 0
    outer loop
      vertex 52.5383 38.2692 80.677
      vertex 51.0456 40.2411 77
      vertex 51.0456 40.2411 80.677
    endloop
  endfacet
  facet normal 0.797331 0.603543 -1.34286e-05
    outer loop
      vertex 52.5383 38.2692 80.677
      vertex 52.5477 38.2567 77
      vertex 51.0456 40.2411 77
    endloop
  endfacet
  facet normal 0.797205 0.603709 -1.43136e-05
    outer loop
      vertex 52.5539 38.2486 80.677
      vertex 52.5477 38.2567 77
      vertex 52.5383 38.2692 80.677
    endloop
  endfacet
  facet normal 0.797747 0.602992 -1.68065e-05
    outer loop
      vertex 52.5861 38.206 80.677
      vertex 52.5477 38.2567 77
      vertex 52.5539 38.2486 80.677
    endloop
  endfacet
  facet normal 0.797161 0.603767 0
    outer loop
      vertex 52.5477 38.2567 77
      vertex 52.5861 38.206 80.677
      vertex 52.5861 38.206 77
    endloop
  endfacet
  facet normal -0.364479 0.931212 3.66629e-06
    outer loop
      vertex -24.8152 60.0753 77
      vertex -24.8006 60.081 80.677
      vertex -22.4976 60.9824 80.677
    endloop
  endfacet
  facet normal -0.363542 0.931578 -6.17933e-07
    outer loop
      vertex -24.8006 60.081 80.677
      vertex -24.8152 60.0753 77
      vertex -24.8744 60.0522 80.677
    endloop
  endfacet
  facet normal -0.364474 0.931214 0
    outer loop
      vertex -24.8152 60.0753 77
      vertex -22.4976 60.9824 80.677
      vertex -22.4976 60.9824 77
    endloop
  endfacet
  facet normal -0.363509 0.931591 0
    outer loop
      vertex -24.8744 60.0522 77
      vertex -24.8744 60.0522 80.677
      vertex -24.8152 60.0753 77
    endloop
  endfacet
  facet normal 0.956935 -0.290303 0
    outer loop
      vertex 62.5596 -17.6436 80.677
      vertex 61.8371 -20.0252 77
      vertex 62.5596 -17.6436 77
    endloop
  endfacet
  facet normal 0.956943 -0.290276 -1.90524e-05
    outer loop
      vertex 61.8187 -20.0861 80.677
      vertex 61.8371 -20.0252 77
      vertex 62.5596 -17.6436 80.677
    endloop
  endfacet
  facet normal 0.957262 -0.289222 0
    outer loop
      vertex 61.8371 -20.0252 77
      vertex 61.8187 -20.0861 80.677
      vertex 61.8187 -20.0861 77
    endloop
  endfacet
  facet normal 0.967884 -0.251398 0
    outer loop
      vertex 63.204 -15.1739 80.677
      vertex 63.188 -15.2355 77
      vertex 63.204 -15.1739 77
    endloop
  endfacet
  facet normal 0.967605 -0.25247 1.91622e-05
    outer loop
      vertex 62.5596 -17.6436 80.677
      vertex 63.188 -15.2355 77
      vertex 63.204 -15.1739 80.677
    endloop
  endfacet
  facet normal 0.967598 -0.252497 0
    outer loop
      vertex 63.188 -15.2355 77
      vertex 62.5596 -17.6436 80.677
      vertex 62.5596 -17.6436 77
    endloop
  endfacet
  facet normal 0.999807 -0.0196482 0
    outer loop
      vertex 65 0 80.677
      vertex 64.9511 -2.4883 77
      vertex 65 0 77
    endloop
  endfacet
  facet normal 0.999807 -0.0196287 -1.31688e-05
    outer loop
      vertex 64.9499 -2.55189 80.677
      vertex 64.9511 -2.4883 77
      vertex 65 0 80.677
    endloop
  endfacet
  facet normal 0.999822 -0.0188675 0
    outer loop
      vertex 64.9511 -2.4883 77
      vertex 64.9499 -2.55189 80.677
      vertex 64.9499 -2.55189 77
    endloop
  endfacet
  facet normal -0.999822 0.0188675 0
    outer loop
      vertex -64.9511 2.4883 77
      vertex -64.9499 2.55189 80.677
      vertex -64.9499 2.55189 77
    endloop
  endfacet
  facet normal -0.999807 0.0196482 0
    outer loop
      vertex -65 0 80.677
      vertex -64.9511 2.4883 77
      vertex -65 0 77
    endloop
  endfacet
  facet normal -0.999807 0.0196287 -1.31688e-05
    outer loop
      vertex -64.9511 2.4883 77
      vertex -65 0 80.677
      vertex -64.9499 2.55189 80.677
    endloop
  endfacet
  facet normal 0.998213 -0.0597544 0
    outer loop
      vertex 64.9499 -2.55189 80.677
      vertex 64.9461 -2.61537 77
      vertex 64.9499 -2.55189 77
    endloop
  endfacet
  facet normal 0.998265 -0.0588862 -1.50415e-05
    outer loop
      vertex 64.7996 -5.09984 80.677
      vertex 64.9461 -2.61537 77
      vertex 64.9499 -2.55189 80.677
    endloop
  endfacet
  facet normal 0.998266 -0.0588641 0
    outer loop
      vertex 64.9461 -2.61537 77
      vertex 64.7996 -5.09984 80.677
      vertex 64.7996 -5.09984 77
    endloop
  endfacet
  facet normal 0.944518 -0.32846 0
    outer loop
      vertex 61.8187 -20.0861 80.677
      vertex 61.7978 -20.1462 77
      vertex 61.8187 -20.0861 77
    endloop
  endfacet
  facet normal 0.944797 -0.327656 -1.47138e-05
    outer loop
      vertex 61.5363 -20.9004 80.677
      vertex 61.7978 -20.1462 77
      vertex 61.8187 -20.0861 80.677
    endloop
  endfacet
  facet normal 0.944799 -0.327651 0
    outer loop
      vertex 60.9824 -22.4976 77
      vertex 61.5363 -20.9004 80.677
      vertex 60.9824 -22.4976 80.677
    endloop
  endfacet
  facet normal 0.944805 -0.327632 -9.13323e-06
    outer loop
      vertex 61.5363 -20.9004 80.677
      vertex 60.9824 -22.4976 77
      vertex 61.7978 -20.1462 77
    endloop
  endfacet
  facet normal 0.990566 0.137033 0
    outer loop
      vertex 64.5386 7.71841 80.677
      vertex 64.1997 10.1682 77
      vertex 64.1997 10.1682 80.677
    endloop
  endfacet
  facet normal 0.990569 0.137017 -1.11039e-05
    outer loop
      vertex 64.5386 7.71841 80.677
      vertex 64.5407 7.70293 77
      vertex 64.1997 10.1682 77
    endloop
  endfacet
  facet normal 0.990664 0.13633 -8.1568e-06
    outer loop
      vertex 64.5494 7.63993 80.677
      vertex 64.5407 7.70293 77
      vertex 64.5386 7.71841 80.677
    endloop
  endfacet
  facet normal 0.990599 0.136797 0
    outer loop
      vertex 64.5407 7.70293 77
      vertex 64.5494 7.63993 80.677
      vertex 64.5494 7.63993 77
    endloop
  endfacet
  facet normal 0.40074 0.916192 1.12647e-05
    outer loop
      vertex 24.9327 60.0267 77
      vertex 24.947 60.0204 80.677
      vertex 27.2129 59.0293 80.677
    endloop
  endfacet
  facet normal 0.400756 0.916185 0
    outer loop
      vertex 24.9327 60.0267 77
      vertex 27.2129 59.0293 80.677
      vertex 27.2129 59.0293 77
    endloop
  endfacet
  facet normal 0.401216 0.915984 9.05861e-06
    outer loop
      vertex 24.947 60.0204 80.677
      vertex 24.9327 60.0267 77
      vertex 24.8744 60.0522 80.677
    endloop
  endfacet
  facet normal 0.400736 0.916193 0
    outer loop
      vertex 24.8744 60.0522 80.677
      vertex 24.9327 60.0267 77
      vertex 24.8744 60.0522 77
    endloop
  endfacet
  facet normal 0.967598 0.252497 0
    outer loop
      vertex 62.5596 17.6436 80.677
      vertex 63.188 15.2355 77
      vertex 62.5596 17.6436 77
    endloop
  endfacet
  facet normal 0.967605 0.25247 1.91622e-05
    outer loop
      vertex 63.204 15.1739 80.677
      vertex 63.188 15.2355 77
      vertex 62.5596 17.6436 80.677
    endloop
  endfacet
  facet normal 0.967884 0.251398 0
    outer loop
      vertex 63.188 15.2355 77
      vertex 63.204 15.1739 80.677
      vertex 63.204 15.1739 77
    endloop
  endfacet
  facet normal -0.899748 0.436409 0
    outer loop
      vertex -57.9154 29.5094 77
      vertex -58.9947 27.2842 80.677
      vertex -57.9154 29.5094 80.677
    endloop
  endfacet
  facet normal -0.899739 0.436429 1.48337e-05
    outer loop
      vertex -59.0016 27.2701 77
      vertex -58.9947 27.2842 80.677
      vertex -57.9154 29.5094 77
    endloop
  endfacet
  facet normal -0.90002 0.435849 1.75875e-05
    outer loop
      vertex -59.0293 27.2129 77
      vertex -58.9947 27.2842 80.677
      vertex -59.0016 27.2701 77
    endloop
  endfacet
  facet normal -0.899664 0.436583 0
    outer loop
      vertex -58.9947 27.2842 80.677
      vertex -59.0293 27.2129 77
      vertex -59.0293 27.2129 80.677
    endloop
  endfacet
  facet normal -0.957262 0.289222 0
    outer loop
      vertex -61.8371 20.0252 77
      vertex -61.8187 20.0861 80.677
      vertex -61.8187 20.0861 77
    endloop
  endfacet
  facet normal -0.956935 0.290303 0
    outer loop
      vertex -62.5596 17.6436 80.677
      vertex -61.8371 20.0252 77
      vertex -62.5596 17.6436 77
    endloop
  endfacet
  facet normal -0.956943 0.290276 -1.90524e-05
    outer loop
      vertex -61.8371 20.0252 77
      vertex -62.5596 17.6436 80.677
      vertex -61.8187 20.0861 80.677
    endloop
  endfacet
  facet normal -0.401216 0.915984 9.05861e-06
    outer loop
      vertex -24.9327 60.0267 77
      vertex -24.947 60.0204 80.677
      vertex -24.8744 60.0522 80.677
    endloop
  endfacet
  facet normal -0.400736 0.916193 0
    outer loop
      vertex -24.9327 60.0267 77
      vertex -24.8744 60.0522 80.677
      vertex -24.8744 60.0522 77
    endloop
  endfacet
  facet normal -0.40074 0.916192 1.12647e-05
    outer loop
      vertex -24.947 60.0204 80.677
      vertex -24.9327 60.0267 77
      vertex -27.2129 59.0293 80.677
    endloop
  endfacet
  facet normal -0.400756 0.916185 0
    outer loop
      vertex -27.2129 59.0293 80.677
      vertex -24.9327 60.0267 77
      vertex -27.2129 59.0293 77
    endloop
  endfacet
  facet normal -0.976774 -0.214273 0
    outer loop
      vertex -63.751 -12.6809 77
      vertex -63.3095 -14.6935 80.677
      vertex -63.751 -12.6809 80.677
    endloop
  endfacet
  facet normal -0.976771 -0.214288 -8.43952e-06
    outer loop
      vertex -63.2177 -15.1118 77
      vertex -63.3095 -14.6935 80.677
      vertex -63.751 -12.6809 77
    endloop
  endfacet
  facet normal -0.976519 -0.215432 -0
    outer loop
      vertex -63.204 -15.1739 80.677
      vertex -63.2177 -15.1118 77
      vertex -63.204 -15.1739 77
    endloop
  endfacet
  facet normal -0.976725 -0.214497 1.65494e-05
    outer loop
      vertex -63.2177 -15.1118 77
      vertex -63.204 -15.1739 80.677
      vertex -63.3095 -14.6935 80.677
    endloop
  endfacet
  facet normal 0.289222 0.957262 0
    outer loop
      vertex 20.0252 61.8371 77
      vertex 20.0861 61.8187 80.677
      vertex 20.0861 61.8187 77
    endloop
  endfacet
  facet normal 0.290276 0.956943 -1.90524e-05
    outer loop
      vertex 20.0861 61.8187 80.677
      vertex 20.0252 61.8371 77
      vertex 17.6436 62.5596 80.677
    endloop
  endfacet
  facet normal 0.290303 0.956935 0
    outer loop
      vertex 17.6436 62.5596 80.677
      vertex 20.0252 61.8371 77
      vertex 17.6436 62.5596 77
    endloop
  endfacet
  facet normal 0.693121 0.720821 -0
    outer loop
      vertex 45.9619 45.9619 77
      vertex 44.5931 47.2781 80.677
      vertex 45.9619 45.9619 80.677
    endloop
  endfacet
  facet normal 0.693036 0.720903 7.21893e-06
    outer loop
      vertex 44.5931 47.2781 80.677
      vertex 44.1679 47.6869 77
      vertex 44.1792 47.676 80.677
    endloop
  endfacet
  facet normal 0.693109 0.720833 -9.04792e-06
    outer loop
      vertex 44.5931 47.2781 80.677
      vertex 45.9619 45.9619 77
      vertex 44.1679 47.6869 77
    endloop
  endfacet
  facet normal 0.693109 0.720833 6.78594e-06
    outer loop
      vertex 44.1792 47.676 80.677
      vertex 44.1679 47.6869 77
      vertex 44.122 47.731 80.677
    endloop
  endfacet
  facet normal 0.692826 0.721105 0
    outer loop
      vertex 44.122 47.731 80.677
      vertex 44.1679 47.6869 77
      vertex 44.122 47.731 77
    endloop
  endfacet
  facet normal -0.0588644 0.998266 0
    outer loop
      vertex -2.74427 64.9385 77
      vertex -5.09984 64.7996 80.677
      vertex -2.74427 64.9385 80.677
    endloop
  endfacet
  facet normal -0.0588644 0.998266 0
    outer loop
      vertex -5.09984 64.7996 77
      vertex -5.09984 64.7996 80.677
      vertex -2.74427 64.9385 77
    endloop
  endfacet
  facet normal -0.956935 -0.290303 0
    outer loop
      vertex -61.8371 -20.0252 77
      vertex -62.5596 -17.6436 80.677
      vertex -62.5596 -17.6436 77
    endloop
  endfacet
  facet normal -0.957262 -0.289222 -0
    outer loop
      vertex -61.8187 -20.0861 80.677
      vertex -61.8371 -20.0252 77
      vertex -61.8187 -20.0861 77
    endloop
  endfacet
  facet normal -0.956943 -0.290276 -1.90524e-05
    outer loop
      vertex -61.8371 -20.0252 77
      vertex -61.8187 -20.0861 80.677
      vertex -62.5596 -17.6436 80.677
    endloop
  endfacet
  facet normal 0.13633 -0.990664 -8.1568e-06
    outer loop
      vertex 7.70293 -64.5407 77
      vertex 7.71841 -64.5386 80.677
      vertex 7.63993 -64.5494 80.677
    endloop
  endfacet
  facet normal 0.136797 -0.990599 0
    outer loop
      vertex 7.70293 -64.5407 77
      vertex 7.63993 -64.5494 80.677
      vertex 7.63993 -64.5494 77
    endloop
  endfacet
  facet normal 0.137033 -0.990566 -1.1174e-05
    outer loop
      vertex 7.71841 -64.5386 80.677
      vertex 7.70293 -64.5407 77
      vertex 10.1682 -64.1997 80.677
    endloop
  endfacet
  facet normal 0.137017 -0.990569 0
    outer loop
      vertex 10.1682 -64.1997 80.677
      vertex 7.70293 -64.5407 77
      vertex 10.1682 -64.1997 77
    endloop
  endfacet
  facet normal 0.290303 -0.956935 0
    outer loop
      vertex 20.0252 -61.8371 77
      vertex 17.6436 -62.5596 80.677
      vertex 17.6436 -62.5596 77
    endloop
  endfacet
  facet normal 0.290276 -0.956943 -1.90524e-05
    outer loop
      vertex 17.6436 -62.5596 80.677
      vertex 20.0252 -61.8371 77
      vertex 20.0861 -61.8187 80.677
    endloop
  endfacet
  facet normal 0.289222 -0.957262 0
    outer loop
      vertex 20.0861 -61.8187 77
      vertex 20.0861 -61.8187 80.677
      vertex 20.0252 -61.8371 77
    endloop
  endfacet
  facet normal 0.252497 0.967598 0
    outer loop
      vertex 15.2355 63.188 77
      vertex 17.6436 62.5596 80.677
      vertex 17.6436 62.5596 77
    endloop
  endfacet
  facet normal 0.25247 0.967605 1.91622e-05
    outer loop
      vertex 17.6436 62.5596 80.677
      vertex 15.2355 63.188 77
      vertex 15.1739 63.204 80.677
    endloop
  endfacet
  facet normal 0.251398 0.967884 0
    outer loop
      vertex 15.1739 63.204 80.677
      vertex 15.2355 63.188 77
      vertex 15.1739 63.204 77
    endloop
  endfacet
  facet normal -0.90002 -0.435849 0
    outer loop
      vertex -59.0016 -27.2701 77
      vertex -59.0293 -27.2129 80.677
      vertex -59.0293 -27.2129 77
    endloop
  endfacet
  facet normal -0.899664 -0.436583 1.41039e-05
    outer loop
      vertex -59.0016 -27.2701 77
      vertex -58.9947 -27.2842 80.677
      vertex -59.0293 -27.2129 80.677
    endloop
  endfacet
  facet normal -0.899729 -0.43645 1.47354e-05
    outer loop
      vertex -58.1703 -28.9838 77
      vertex -58.9947 -27.2842 80.677
      vertex -59.0016 -27.2701 77
    endloop
  endfacet
  facet normal -0.899741 -0.436424 0
    outer loop
      vertex -58.9947 -27.2842 80.677
      vertex -58.1703 -28.9838 77
      vertex -58.1703 -28.9838 80.677
    endloop
  endfacet
  facet normal -0.976519 0.215432 0
    outer loop
      vertex -63.2177 15.1118 77
      vertex -63.204 15.1739 80.677
      vertex -63.204 15.1739 77
    endloop
  endfacet
  facet normal -0.976725 0.214497 1.65494e-05
    outer loop
      vertex -63.2177 15.1118 77
      vertex -63.3095 14.6935 80.677
      vertex -63.204 15.1739 80.677
    endloop
  endfacet
  facet normal -0.976771 0.214288 -8.43952e-06
    outer loop
      vertex -63.751 12.6809 77
      vertex -63.3095 14.6935 80.677
      vertex -63.2177 15.1118 77
    endloop
  endfacet
  facet normal -0.976774 0.214273 0
    outer loop
      vertex -63.3095 14.6935 80.677
      vertex -63.751 12.6809 77
      vertex -63.751 12.6809 80.677
    endloop
  endfacet
  facet normal 0.720821 0.693121 0
    outer loop
      vertex 47.2781 44.5931 80.677
      vertex 45.9619 45.9619 77
      vertex 45.9619 45.9619 80.677
    endloop
  endfacet
  facet normal 0.720903 0.693036 7.21893e-06
    outer loop
      vertex 47.6869 44.1679 77
      vertex 47.2781 44.5931 80.677
      vertex 47.676 44.1792 80.677
    endloop
  endfacet
  facet normal 0.720833 0.693109 -9.04792e-06
    outer loop
      vertex 47.2781 44.5931 80.677
      vertex 47.6869 44.1679 77
      vertex 45.9619 45.9619 77
    endloop
  endfacet
  facet normal 0.720833 0.693109 6.78594e-06
    outer loop
      vertex 47.731 44.122 80.677
      vertex 47.6869 44.1679 77
      vertex 47.676 44.1792 80.677
    endloop
  endfacet
  facet normal 0.721105 0.692826 0
    outer loop
      vertex 47.6869 44.1679 77
      vertex 47.731 44.122 80.677
      vertex 47.731 44.122 77
    endloop
  endfacet
  facet normal 0.797747 -0.602992 0
    outer loop
      vertex 52.5539 -38.2486 80.677
      vertex 52.5861 -38.206 77
      vertex 52.5861 -38.206 80.677
    endloop
  endfacet
  facet normal 0.797161 -0.603767 -1.4111e-05
    outer loop
      vertex 52.5539 -38.2486 80.677
      vertex 52.5477 -38.2567 77
      vertex 52.5861 -38.206 77
    endloop
  endfacet
  facet normal 0.797205 -0.603709 -1.43136e-05
    outer loop
      vertex 52.5383 -38.2692 80.677
      vertex 52.5477 -38.2567 77
      vertex 52.5539 -38.2486 80.677
    endloop
  endfacet
  facet normal 0.797319 -0.603559 -1.35136e-05
    outer loop
      vertex 51.0456 -40.2411 80.677
      vertex 52.5477 -38.2567 77
      vertex 52.5383 -38.2692 80.677
    endloop
  endfacet
  facet normal 0.797331 -0.603543 0
    outer loop
      vertex 52.5477 -38.2567 77
      vertex 51.0456 -40.2411 80.677
      vertex 51.0456 -40.2411 77
    endloop
  endfacet
  facet normal 0.693109 -0.720833 6.78594e-06
    outer loop
      vertex 44.1679 -47.6869 77
      vertex 44.1792 -47.676 80.677
      vertex 44.122 -47.731 80.677
    endloop
  endfacet
  facet normal 0.693036 -0.720903 7.21893e-06
    outer loop
      vertex 44.1792 -47.676 80.677
      vertex 44.1679 -47.6869 77
      vertex 44.5931 -47.2781 80.677
    endloop
  endfacet
  facet normal 0.692826 -0.721105 0
    outer loop
      vertex 44.1679 -47.6869 77
      vertex 44.122 -47.731 80.677
      vertex 44.122 -47.731 77
    endloop
  endfacet
  facet normal 0.693109 -0.720833 -9.04792e-06
    outer loop
      vertex 45.9619 -45.9619 77
      vertex 44.5931 -47.2781 80.677
      vertex 44.1679 -47.6869 77
    endloop
  endfacet
  facet normal 0.693121 -0.720821 0
    outer loop
      vertex 44.5931 -47.2781 80.677
      vertex 45.9619 -45.9619 77
      vertex 45.9619 -45.9619 80.677
    endloop
  endfacet
  facet normal -0.252497 -0.967598 0
    outer loop
      vertex -15.2355 -63.188 77
      vertex -17.6436 -62.5596 80.677
      vertex -17.6436 -62.5596 77
    endloop
  endfacet
  facet normal -0.25247 -0.967605 1.91622e-05
    outer loop
      vertex -17.6436 -62.5596 80.677
      vertex -15.2355 -63.188 77
      vertex -15.1739 -63.204 80.677
    endloop
  endfacet
  facet normal -0.251398 -0.967884 -0
    outer loop
      vertex -15.1739 -63.204 80.677
      vertex -15.2355 -63.188 77
      vertex -15.1739 -63.204 77
    endloop
  endfacet
  facet normal 0.664253 -0.747507 -6.29001e-07
    outer loop
      vertex 44.0745 -47.7732 77
      vertex 44.0628 -47.7836 80.677
      vertex 42.2141 -49.4264 80.677
    endloop
  endfacet
  facet normal 0.664254 -0.747507 0
    outer loop
      vertex 44.0745 -47.7732 77
      vertex 42.2141 -49.4264 80.677
      vertex 42.2141 -49.4264 77
    endloop
  endfacet
  facet normal 0.664207 -0.747549 -8.92889e-07
    outer loop
      vertex 44.0628 -47.7836 80.677
      vertex 44.0745 -47.7732 77
      vertex 44.122 -47.731 80.677
    endloop
  endfacet
  facet normal 0.664168 -0.747583 0
    outer loop
      vertex 44.122 -47.731 80.677
      vertex 44.0745 -47.7732 77
      vertex 44.122 -47.731 77
    endloop
  endfacet
  facet normal 0.47139 -0.881925 -5.72928e-06
    outer loop
      vertex 31.7043 -56.7422 77
      vertex 31.6905 -56.7496 80.677
      vertex 29.5094 -57.9154 80.677
    endloop
  endfacet
  facet normal 0.471397 -0.881921 0
    outer loop
      vertex 31.7043 -56.7422 77
      vertex 29.5094 -57.9154 80.677
      vertex 29.5094 -57.9154 77
    endloop
  endfacet
  facet normal 0.471766 -0.881724 -3.91081e-06
    outer loop
      vertex 31.6905 -56.7496 80.677
      vertex 31.7043 -56.7422 77
      vertex 31.7604 -56.7122 80.677
    endloop
  endfacet
  facet normal 0.471567 -0.88183 0
    outer loop
      vertex 31.7604 -56.7122 80.677
      vertex 31.7043 -56.7422 77
      vertex 31.7604 -56.7122 77
    endloop
  endfacet
  facet normal 0.436583 -0.899664 1.41039e-05
    outer loop
      vertex 27.2701 -59.0016 77
      vertex 27.2842 -58.9947 80.677
      vertex 27.2129 -59.0293 80.677
    endloop
  endfacet
  facet normal 0.435849 -0.90002 0
    outer loop
      vertex 27.2701 -59.0016 77
      vertex 27.2129 -59.0293 80.677
      vertex 27.2129 -59.0293 77
    endloop
  endfacet
  facet normal 0.436409 -0.899748 1.49279e-05
    outer loop
      vertex 27.2842 -58.9947 80.677
      vertex 27.2701 -59.0016 77
      vertex 29.5094 -57.9154 80.677
    endloop
  endfacet
  facet normal 0.436429 -0.899739 0
    outer loop
      vertex 29.5094 -57.9154 80.677
      vertex 27.2701 -59.0016 77
      vertex 29.5094 -57.9154 77
    endloop
  endfacet
  facet normal -0.327656 0.944797 -1.47138e-05
    outer loop
      vertex -20.1462 61.7978 77
      vertex -20.9004 61.5363 80.677
      vertex -20.0861 61.8187 80.677
    endloop
  endfacet
  facet normal -0.32846 0.944518 0
    outer loop
      vertex -20.1462 61.7978 77
      vertex -20.0861 61.8187 80.677
      vertex -20.0861 61.8187 77
    endloop
  endfacet
  facet normal -0.327632 0.944805 -9.13323e-06
    outer loop
      vertex -22.4976 60.9824 77
      vertex -20.9004 61.5363 80.677
      vertex -20.1462 61.7978 77
    endloop
  endfacet
  facet normal -0.327651 0.944799 0
    outer loop
      vertex -20.9004 61.5363 80.677
      vertex -22.4976 60.9824 77
      vertex -22.4976 60.9824 80.677
    endloop
  endfacet
  facet normal 0.137033 0.990566 -1.1174e-05
    outer loop
      vertex 7.70293 64.5407 77
      vertex 7.71841 64.5386 80.677
      vertex 10.1682 64.1997 80.677
    endloop
  endfacet
  facet normal 0.137017 0.990569 0
    outer loop
      vertex 7.70293 64.5407 77
      vertex 10.1682 64.1997 80.677
      vertex 10.1682 64.1997 77
    endloop
  endfacet
  facet normal 0.13633 0.990664 -8.1568e-06
    outer loop
      vertex 7.71841 64.5386 80.677
      vertex 7.70293 64.5407 77
      vertex 7.63993 64.5494 80.677
    endloop
  endfacet
  facet normal 0.136797 0.990599 0
    outer loop
      vertex 7.63993 64.5494 80.677
      vertex 7.70293 64.5407 77
      vertex 7.63993 64.5494 77
    endloop
  endfacet
  facet normal 0.747507 -0.664253 0
    outer loop
      vertex 47.7836 -44.0628 80.677
      vertex 49.4264 -42.2141 77
      vertex 49.4264 -42.2141 80.677
    endloop
  endfacet
  facet normal 0.747507 -0.664254 -6.25045e-07
    outer loop
      vertex 47.7836 -44.0628 80.677
      vertex 47.7732 -44.0745 77
      vertex 49.4264 -42.2141 77
    endloop
  endfacet
  facet normal 0.747549 -0.664207 -8.92889e-07
    outer loop
      vertex 47.731 -44.122 80.677
      vertex 47.7732 -44.0745 77
      vertex 47.7836 -44.0628 80.677
    endloop
  endfacet
  facet normal 0.747583 -0.664168 0
    outer loop
      vertex 47.7732 -44.0745 77
      vertex 47.731 -44.122 80.677
      vertex 47.731 -44.122 77
    endloop
  endfacet
  facet normal -0.931212 -0.364479 0
    outer loop
      vertex -60.9824 -22.4976 77
      vertex -60.081 -24.8006 80.677
      vertex -60.9824 -22.4976 80.677
    endloop
  endfacet
  facet normal -0.931214 -0.364474 3.6432e-06
    outer loop
      vertex -60.0753 -24.8152 77
      vertex -60.081 -24.8006 80.677
      vertex -60.9824 -22.4976 77
    endloop
  endfacet
  facet normal -0.931591 -0.363509 -7.7034e-07
    outer loop
      vertex -60.0522 -24.8744 77
      vertex -60.081 -24.8006 80.677
      vertex -60.0753 -24.8152 77
    endloop
  endfacet
  facet normal -0.931578 -0.363542 0
    outer loop
      vertex -60.0522 -24.8744 77
      vertex -60.0522 -24.8744 80.677
      vertex -60.081 -24.8006 80.677
    endloop
  endfacet
  facet normal 0.773025 -0.634375 0
    outer loop
      vertex 49.4767 -42.1529 80.677
      vertex 51.0456 -40.2411 77
      vertex 51.0456 -40.2411 80.677
    endloop
  endfacet
  facet normal 0.773011 -0.634392 -1.46763e-05
    outer loop
      vertex 49.4767 -42.1529 80.677
      vertex 49.4667 -42.165 77
      vertex 51.0456 -40.2411 77
    endloop
  endfacet
  facet normal 0.772549 -0.634955 -1.15694e-05
    outer loop
      vertex 49.4264 -42.2141 80.677
      vertex 49.4667 -42.165 77
      vertex 49.4767 -42.1529 80.677
    endloop
  endfacet
  facet normal 0.772974 -0.634437 0
    outer loop
      vertex 49.4667 -42.165 77
      vertex 49.4264 -42.2141 80.677
      vertex 49.4264 -42.2141 77
    endloop
  endfacet
  facet normal 0.990599 -0.136797 0
    outer loop
      vertex 64.5494 -7.63993 80.677
      vertex 64.5407 -7.70293 77
      vertex 64.5494 -7.63993 77
    endloop
  endfacet
  facet normal 0.990664 -0.13633 -8.1568e-06
    outer loop
      vertex 64.5386 -7.71841 80.677
      vertex 64.5407 -7.70293 77
      vertex 64.5494 -7.63993 80.677
    endloop
  endfacet
  facet normal 0.990566 -0.137033 -1.1174e-05
    outer loop
      vertex 64.1997 -10.1682 80.677
      vertex 64.5407 -7.70293 77
      vertex 64.5386 -7.71841 80.677
    endloop
  endfacet
  facet normal 0.990569 -0.137017 0
    outer loop
      vertex 64.5407 -7.70293 77
      vertex 64.1997 -10.1682 80.677
      vertex 64.1997 -10.1682 77
    endloop
  endfacet
  facet normal -0.944518 -0.32846 0
    outer loop
      vertex -61.7978 -20.1462 77
      vertex -61.8187 -20.0861 80.677
      vertex -61.8187 -20.0861 77
    endloop
  endfacet
  facet normal -0.944797 -0.327656 -1.47138e-05
    outer loop
      vertex -61.7978 -20.1462 77
      vertex -61.5363 -20.9004 80.677
      vertex -61.8187 -20.0861 80.677
    endloop
  endfacet
  facet normal -0.944805 -0.327632 -9.13323e-06
    outer loop
      vertex -60.9824 -22.4976 77
      vertex -61.5363 -20.9004 80.677
      vertex -61.7978 -20.1462 77
    endloop
  endfacet
  facet normal -0.944799 -0.327651 0
    outer loop
      vertex -61.5363 -20.9004 80.677
      vertex -60.9824 -22.4976 77
      vertex -60.9824 -22.4976 80.677
    endloop
  endfacet
  facet normal -0.214273 0.976774 0
    outer loop
      vertex -12.6809 63.751 77
      vertex -14.6935 63.3095 80.677
      vertex -12.6809 63.751 80.677
    endloop
  endfacet
  facet normal -0.214288 0.976771 -8.43952e-06
    outer loop
      vertex -14.6935 63.3095 80.677
      vertex -12.6809 63.751 77
      vertex -15.1118 63.2177 77
    endloop
  endfacet
  facet normal -0.214497 0.976725 1.65494e-05
    outer loop
      vertex -14.6935 63.3095 80.677
      vertex -15.1118 63.2177 77
      vertex -15.1739 63.204 80.677
    endloop
  endfacet
  facet normal -0.215432 0.976519 0
    outer loop
      vertex -15.1739 63.204 80.677
      vertex -15.1118 63.2177 77
      vertex -15.1739 63.204 77
    endloop
  endfacet
  facet normal 0.944799 0.327651 0
    outer loop
      vertex 61.5363 20.9004 80.677
      vertex 60.9824 22.4976 77
      vertex 60.9824 22.4976 80.677
    endloop
  endfacet
  facet normal 0.944805 0.327632 -9.13323e-06
    outer loop
      vertex 61.5363 20.9004 80.677
      vertex 61.7978 20.1462 77
      vertex 60.9824 22.4976 77
    endloop
  endfacet
  facet normal 0.944797 0.327656 -1.47138e-05
    outer loop
      vertex 61.8187 20.0861 80.677
      vertex 61.7978 20.1462 77
      vertex 61.5363 20.9004 80.677
    endloop
  endfacet
  facet normal 0.944518 0.32846 0
    outer loop
      vertex 61.7978 20.1462 77
      vertex 61.8187 20.0861 80.677
      vertex 61.8187 20.0861 77
    endloop
  endfacet
  facet normal -0.363542 -0.931578 -6.17933e-07
    outer loop
      vertex -24.8744 -60.0522 80.677
      vertex -24.8152 -60.0753 77
      vertex -24.8006 -60.081 80.677
    endloop
  endfacet
  facet normal -0.363509 -0.931591 -0
    outer loop
      vertex -24.8744 -60.0522 80.677
      vertex -24.8744 -60.0522 77
      vertex -24.8152 -60.0753 77
    endloop
  endfacet
  facet normal -0.364479 -0.931212 3.66629e-06
    outer loop
      vertex -24.8006 -60.081 80.677
      vertex -24.8152 -60.0753 77
      vertex -22.4976 -60.9824 80.677
    endloop
  endfacet
  facet normal -0.364474 -0.931214 -0
    outer loop
      vertex -22.4976 -60.9824 80.677
      vertex -24.8152 -60.0753 77
      vertex -22.4976 -60.9824 77
    endloop
  endfacet
  facet normal -0.539152 0.842208 1.14936e-05
    outer loop
      vertex -36.0585 54.0798 77
      vertex -36.0453 54.0882 80.677
      vertex -33.9624 55.4216 80.677
    endloop
  endfacet
  facet normal -0.539138 0.842217 0
    outer loop
      vertex -36.0585 54.0798 77
      vertex -33.9624 55.4216 80.677
      vertex -33.9624 55.4216 77
    endloop
  endfacet
  facet normal -0.538588 0.842569 8.64442e-06
    outer loop
      vertex -36.0453 54.0882 80.677
      vertex -36.0585 54.0798 77
      vertex -36.1121 54.0455 80.677
    endloop
  endfacet
  facet normal -0.539009 0.8423 0
    outer loop
      vertex -36.1121 54.0455 80.677
      vertex -36.0585 54.0798 77
      vertex -36.1121 54.0455 77
    endloop
  endfacet
  facet normal -0.327651 -0.944799 0
    outer loop
      vertex -22.4976 -60.9824 77
      vertex -20.9004 -61.5363 80.677
      vertex -22.4976 -60.9824 80.677
    endloop
  endfacet
  facet normal -0.327632 -0.944805 -9.13323e-06
    outer loop
      vertex -20.9004 -61.5363 80.677
      vertex -22.4976 -60.9824 77
      vertex -20.1462 -61.7978 77
    endloop
  endfacet
  facet normal -0.327656 -0.944797 -1.47138e-05
    outer loop
      vertex -20.9004 -61.5363 80.677
      vertex -20.1462 -61.7978 77
      vertex -20.0861 -61.8187 80.677
    endloop
  endfacet
  facet normal -0.32846 -0.944518 -0
    outer loop
      vertex -20.0861 -61.8187 80.677
      vertex -20.1462 -61.7978 77
      vertex -20.0861 -61.8187 77
    endloop
  endfacet
  facet normal -0.603559 -0.797319 -1.35136e-05
    outer loop
      vertex -38.2567 -52.5477 77
      vertex -38.2692 -52.5383 80.677
      vertex -40.2411 -51.0456 80.677
    endloop
  endfacet
  facet normal -0.603709 -0.797205 -1.43136e-05
    outer loop
      vertex -38.2692 -52.5383 80.677
      vertex -38.2567 -52.5477 77
      vertex -38.2486 -52.5539 80.677
    endloop
  endfacet
  facet normal -0.603543 -0.797331 0
    outer loop
      vertex -38.2567 -52.5477 77
      vertex -40.2411 -51.0456 80.677
      vertex -40.2411 -51.0456 77
    endloop
  endfacet
  facet normal -0.602992 -0.797747 -1.68065e-05
    outer loop
      vertex -38.2486 -52.5539 80.677
      vertex -38.2567 -52.5477 77
      vertex -38.206 -52.5861 80.677
    endloop
  endfacet
  facet normal -0.603767 -0.797161 -0
    outer loop
      vertex -38.206 -52.5861 80.677
      vertex -38.2567 -52.5477 77
      vertex -38.206 -52.5861 77
    endloop
  endfacet
  facet normal -0.0984415 -0.995143 1.06162e-05
    outer loop
      vertex -7.63993 -64.5494 80.677
      vertex -7.57664 -64.5557 77
      vertex -7.56108 -64.5572 80.677
    endloop
  endfacet
  facet normal -0.0979966 -0.995187 8.71559e-06
    outer loop
      vertex -7.56108 -64.5572 80.677
      vertex -7.57664 -64.5557 77
      vertex -6.23378 -64.6879 80.677
    endloop
  endfacet
  facet normal -0.0990523 -0.995082 -0
    outer loop
      vertex -7.63993 -64.5494 80.677
      vertex -7.63993 -64.5494 77
      vertex -7.57664 -64.5557 77
    endloop
  endfacet
  facet normal -0.0979998 -0.995186 9.89964e-06
    outer loop
      vertex -5.09984 -64.7996 77
      vertex -6.23378 -64.6879 80.677
      vertex -7.57664 -64.5557 77
    endloop
  endfacet
  facet normal -0.0980316 -0.995183 0
    outer loop
      vertex -6.23378 -64.6879 80.677
      vertex -5.09984 -64.7996 77
      vertex -5.09984 -64.7996 80.677
    endloop
  endfacet
  facet normal -0.747583 0.664168 0
    outer loop
      vertex -47.7732 44.0745 77
      vertex -47.731 44.122 80.677
      vertex -47.731 44.122 77
    endloop
  endfacet
  facet normal -0.747549 0.664207 -8.92889e-07
    outer loop
      vertex -47.7732 44.0745 77
      vertex -47.7836 44.0628 80.677
      vertex -47.731 44.122 80.677
    endloop
  endfacet
  facet normal -0.747507 0.664254 -6.25045e-07
    outer loop
      vertex -49.4264 42.2141 77
      vertex -47.7836 44.0628 80.677
      vertex -47.7732 44.0745 77
    endloop
  endfacet
  facet normal -0.747507 0.664253 0
    outer loop
      vertex -47.7836 44.0628 80.677
      vertex -49.4264 42.2141 77
      vertex -49.4264 42.2141 80.677
    endloop
  endfacet
  facet normal -0.998266 0.0588641 0
    outer loop
      vertex -64.9461 2.61537 77
      vertex -64.7996 5.09984 80.677
      vertex -64.7996 5.09984 77
    endloop
  endfacet
  facet normal -0.998213 0.0597544 0
    outer loop
      vertex -64.9499 2.55189 80.677
      vertex -64.9461 2.61537 77
      vertex -64.9499 2.55189 77
    endloop
  endfacet
  facet normal -0.998265 0.0588862 -1.50415e-05
    outer loop
      vertex -64.9461 2.61537 77
      vertex -64.9499 2.55189 80.677
      vertex -64.7996 5.09984 80.677
    endloop
  endfacet
  facet normal -0.984271 0.176664 0
    outer loop
      vertex -63.751 12.6809 77
      vertex -63.765 12.6029 80.677
      vertex -63.751 12.6809 80.677
    endloop
  endfacet
  facet normal -0.984422 0.175823 -1.8423e-05
    outer loop
      vertex -64.1886 10.2308 77
      vertex -63.765 12.6029 80.677
      vertex -63.751 12.6809 77
    endloop
  endfacet
  facet normal -0.984641 0.174593 0
    outer loop
      vertex -64.1997 10.1682 80.677
      vertex -64.1886 10.2308 77
      vertex -64.1997 10.1682 77
    endloop
  endfacet
  facet normal -0.984432 0.175764 2.05686e-05
    outer loop
      vertex -64.1886 10.2308 77
      vertex -64.1997 10.1682 80.677
      vertex -63.765 12.6029 80.677
    endloop
  endfacet
  facet normal -0.251398 0.967884 0
    outer loop
      vertex -15.2355 63.188 77
      vertex -15.1739 63.204 80.677
      vertex -15.1739 63.204 77
    endloop
  endfacet
  facet normal -0.25247 0.967605 1.91622e-05
    outer loop
      vertex -15.1739 63.204 80.677
      vertex -15.2355 63.188 77
      vertex -17.6436 62.5596 80.677
    endloop
  endfacet
  facet normal -0.252497 0.967598 0
    outer loop
      vertex -17.6436 62.5596 80.677
      vertex -15.2355 63.188 77
      vertex -17.6436 62.5596 77
    endloop
  endfacet
  facet normal -0.797747 -0.602992 0
    outer loop
      vertex -52.5861 -38.206 77
      vertex -52.5539 -38.2486 80.677
      vertex -52.5861 -38.206 80.677
    endloop
  endfacet
  facet normal -0.797161 -0.603767 -1.4111e-05
    outer loop
      vertex -52.5477 -38.2567 77
      vertex -52.5539 -38.2486 80.677
      vertex -52.5861 -38.206 77
    endloop
  endfacet
  facet normal -0.797205 -0.603709 -1.43136e-05
    outer loop
      vertex -52.5477 -38.2567 77
      vertex -52.5383 -38.2692 80.677
      vertex -52.5539 -38.2486 80.677
    endloop
  endfacet
  facet normal -0.797331 -0.603543 -1.34286e-05
    outer loop
      vertex -51.0456 -40.2411 77
      vertex -52.5383 -38.2692 80.677
      vertex -52.5477 -38.2567 77
    endloop
  endfacet
  facet normal -0.797319 -0.603559 0
    outer loop
      vertex -52.5383 -38.2692 80.677
      vertex -51.0456 -40.2411 77
      vertex -51.0456 -40.2411 80.677
    endloop
  endfacet
  facet normal -0.820488 -0.571664 0
    outer loop
      vertex -54.0092 -36.1642 77
      vertex -54.0455 -36.1121 80.677
      vertex -54.0455 -36.1121 77
    endloop
  endfacet
  facet normal -0.820414 -0.57177 2.22978e-06
    outer loop
      vertex -54.0092 -36.1642 77
      vertex -53.0629 -37.522 80.677
      vertex -54.0455 -36.1121 80.677
    endloop
  endfacet
  facet normal -0.820393 -0.5718 -1.41881e-05
    outer loop
      vertex -52.5861 -38.206 77
      vertex -53.0629 -37.522 80.677
      vertex -54.0092 -36.1642 77
    endloop
  endfacet
  facet normal -0.820357 -0.571851 0
    outer loop
      vertex -53.0629 -37.522 80.677
      vertex -52.5861 -38.206 77
      vertex -52.5861 -38.206 80.677
    endloop
  endfacet
  facet normal -0.664253 0.747507 -6.29001e-07
    outer loop
      vertex -44.0745 47.7732 77
      vertex -44.0628 47.7836 80.677
      vertex -42.2141 49.4264 80.677
    endloop
  endfacet
  facet normal -0.664254 0.747507 0
    outer loop
      vertex -44.0745 47.7732 77
      vertex -42.2141 49.4264 80.677
      vertex -42.2141 49.4264 77
    endloop
  endfacet
  facet normal -0.664207 0.747549 -8.92889e-07
    outer loop
      vertex -44.0628 47.7836 80.677
      vertex -44.0745 47.7732 77
      vertex -44.122 47.731 80.677
    endloop
  endfacet
  facet normal -0.664168 0.747583 0
    outer loop
      vertex -44.122 47.731 80.677
      vertex -44.0745 47.7732 77
      vertex -44.122 47.731 77
    endloop
  endfacet
  facet normal 0.90002 -0.435849 0
    outer loop
      vertex 59.0293 -27.2129 80.677
      vertex 59.0016 -27.2701 77
      vertex 59.0293 -27.2129 77
    endloop
  endfacet
  facet normal 0.899664 -0.436583 1.41039e-05
    outer loop
      vertex 58.9947 -27.2842 80.677
      vertex 59.0016 -27.2701 77
      vertex 59.0293 -27.2129 80.677
    endloop
  endfacet
  facet normal 0.899633 -0.436646 1.38037e-05
    outer loop
      vertex 58.9516 -27.373 80.677
      vertex 59.0016 -27.2701 77
      vertex 58.9947 -27.2842 80.677
    endloop
  endfacet
  facet normal 0.899439 -0.437045 0
    outer loop
      vertex 59.0016 -27.2701 77
      vertex 58.9516 -27.373 80.677
      vertex 58.9516 -27.373 77
    endloop
  endfacet
  facet normal 0.0984415 0.995143 1.06162e-05
    outer loop
      vertex 7.63993 64.5494 80.677
      vertex 7.57664 64.5557 77
      vertex 7.56108 64.5572 80.677
    endloop
  endfacet
  facet normal 0.0979966 0.995187 8.71559e-06
    outer loop
      vertex 7.56108 64.5572 80.677
      vertex 7.57664 64.5557 77
      vertex 6.23378 64.6879 80.677
    endloop
  endfacet
  facet normal 0.0990523 0.995082 0
    outer loop
      vertex 7.63993 64.5494 80.677
      vertex 7.63993 64.5494 77
      vertex 7.57664 64.5557 77
    endloop
  endfacet
  facet normal 0.0979998 0.995186 9.89964e-06
    outer loop
      vertex 5.09984 64.7996 77
      vertex 6.23378 64.6879 80.677
      vertex 7.57664 64.5557 77
    endloop
  endfacet
  facet normal 0.0980316 0.995183 0
    outer loop
      vertex 6.23378 64.6879 80.677
      vertex 5.09984 64.7996 77
      vertex 5.09984 64.7996 80.677
    endloop
  endfacet
  facet normal -0.137033 -0.990566 -1.1174e-05
    outer loop
      vertex -7.70293 -64.5407 77
      vertex -7.71841 -64.5386 80.677
      vertex -10.1682 -64.1997 80.677
    endloop
  endfacet
  facet normal -0.137017 -0.990569 0
    outer loop
      vertex -7.70293 -64.5407 77
      vertex -10.1682 -64.1997 80.677
      vertex -10.1682 -64.1997 77
    endloop
  endfacet
  facet normal -0.13633 -0.990664 -8.1568e-06
    outer loop
      vertex -7.71841 -64.5386 80.677
      vertex -7.70293 -64.5407 77
      vertex -7.63993 -64.5494 80.677
    endloop
  endfacet
  facet normal -0.136797 -0.990599 -0
    outer loop
      vertex -7.63993 -64.5494 80.677
      vertex -7.70293 -64.5407 77
      vertex -7.63993 -64.5494 77
    endloop
  endfacet
  facet normal -0.471766 -0.881724 -3.91081e-06
    outer loop
      vertex -31.7043 -56.7422 77
      vertex -31.6905 -56.7496 80.677
      vertex -31.7604 -56.7122 80.677
    endloop
  endfacet
  facet normal -0.471567 -0.88183 0
    outer loop
      vertex -31.7043 -56.7422 77
      vertex -31.7604 -56.7122 80.677
      vertex -31.7604 -56.7122 77
    endloop
  endfacet
  facet normal -0.47139 -0.881925 -5.72928e-06
    outer loop
      vertex -31.6905 -56.7496 80.677
      vertex -31.7043 -56.7422 77
      vertex -29.5094 -57.9154 80.677
    endloop
  endfacet
  facet normal -0.471397 -0.881921 -0
    outer loop
      vertex -29.5094 -57.9154 80.677
      vertex -31.7043 -56.7422 77
      vertex -29.5094 -57.9154 77
    endloop
  endfacet
  facet normal -0.40074 -0.916192 1.12647e-05
    outer loop
      vertex -24.9327 -60.0267 77
      vertex -24.947 -60.0204 80.677
      vertex -27.2129 -59.0293 80.677
    endloop
  endfacet
  facet normal -0.400756 -0.916185 0
    outer loop
      vertex -24.9327 -60.0267 77
      vertex -27.2129 -59.0293 80.677
      vertex -27.2129 -59.0293 77
    endloop
  endfacet
  facet normal -0.401216 -0.915984 9.05861e-06
    outer loop
      vertex -24.947 -60.0204 80.677
      vertex -24.9327 -60.0267 77
      vertex -24.8744 -60.0522 80.677
    endloop
  endfacet
  facet normal -0.400736 -0.916193 -0
    outer loop
      vertex -24.8744 -60.0522 80.677
      vertex -24.9327 -60.0267 77
      vertex -24.8744 -60.0522 77
    endloop
  endfacet
  facet normal -0.967598 0.252497 0
    outer loop
      vertex -63.188 15.2355 77
      vertex -62.5596 17.6436 80.677
      vertex -62.5596 17.6436 77
    endloop
  endfacet
  facet normal -0.967884 0.251398 0
    outer loop
      vertex -63.204 15.1739 80.677
      vertex -63.188 15.2355 77
      vertex -63.204 15.1739 77
    endloop
  endfacet
  facet normal -0.967605 0.25247 1.91622e-05
    outer loop
      vertex -63.188 15.2355 77
      vertex -63.204 15.1739 80.677
      vertex -62.5596 17.6436 80.677
    endloop
  endfacet
  facet normal -0.538588 -0.842569 8.64442e-06
    outer loop
      vertex -36.0585 -54.0798 77
      vertex -36.0453 -54.0882 80.677
      vertex -36.1121 -54.0455 80.677
    endloop
  endfacet
  facet normal -0.539009 -0.8423 0
    outer loop
      vertex -36.0585 -54.0798 77
      vertex -36.1121 -54.0455 80.677
      vertex -36.1121 -54.0455 77
    endloop
  endfacet
  facet normal -0.539152 -0.842208 1.14936e-05
    outer loop
      vertex -36.0453 -54.0882 80.677
      vertex -36.0585 -54.0798 77
      vertex -33.9624 -55.4216 80.677
    endloop
  endfacet
  facet normal -0.539138 -0.842217 -0
    outer loop
      vertex -33.9624 -55.4216 80.677
      vertex -36.0585 -54.0798 77
      vertex -33.9624 -55.4216 77
    endloop
  endfacet
  facet normal 0.772974 0.634437 0
    outer loop
      vertex 49.4264 42.2141 80.677
      vertex 49.4667 42.165 77
      vertex 49.4264 42.2141 77
    endloop
  endfacet
  facet normal 0.772549 0.634955 -1.15694e-05
    outer loop
      vertex 49.4767 42.1529 80.677
      vertex 49.4667 42.165 77
      vertex 49.4264 42.2141 80.677
    endloop
  endfacet
  facet normal 0.773025 0.634375 -1.47695e-05
    outer loop
      vertex 51.0456 40.2411 80.677
      vertex 49.4667 42.165 77
      vertex 49.4767 42.1529 80.677
    endloop
  endfacet
  facet normal 0.773011 0.634392 0
    outer loop
      vertex 49.4667 42.165 77
      vertex 51.0456 40.2411 80.677
      vertex 51.0456 40.2411 77
    endloop
  endfacet
  facet normal 0.327651 0.944799 -0
    outer loop
      vertex 22.4976 60.9824 77
      vertex 20.9004 61.5363 80.677
      vertex 22.4976 60.9824 80.677
    endloop
  endfacet
  facet normal 0.327632 0.944805 -9.13323e-06
    outer loop
      vertex 20.9004 61.5363 80.677
      vertex 22.4976 60.9824 77
      vertex 20.1462 61.7978 77
    endloop
  endfacet
  facet normal 0.327656 0.944797 -1.47138e-05
    outer loop
      vertex 20.9004 61.5363 80.677
      vertex 20.1462 61.7978 77
      vertex 20.0861 61.8187 80.677
    endloop
  endfacet
  facet normal 0.32846 0.944518 0
    outer loop
      vertex 20.0861 61.8187 80.677
      vertex 20.1462 61.7978 77
      vertex 20.0861 61.8187 77
    endloop
  endfacet
  facet normal -0.13633 0.990664 -8.1568e-06
    outer loop
      vertex -7.70293 64.5407 77
      vertex -7.71841 64.5386 80.677
      vertex -7.63993 64.5494 80.677
    endloop
  endfacet
  facet normal -0.136797 0.990599 0
    outer loop
      vertex -7.70293 64.5407 77
      vertex -7.63993 64.5494 80.677
      vertex -7.63993 64.5494 77
    endloop
  endfacet
  facet normal -0.137033 0.990566 -1.1174e-05
    outer loop
      vertex -7.71841 64.5386 80.677
      vertex -7.70293 64.5407 77
      vertex -10.1682 64.1997 80.677
    endloop
  endfacet
  facet normal -0.137017 0.990569 0
    outer loop
      vertex -10.1682 64.1997 80.677
      vertex -7.70293 64.5407 77
      vertex -10.1682 64.1997 77
    endloop
  endfacet
  facet normal 0.976774 -0.214273 0
    outer loop
      vertex 63.3095 -14.6935 80.677
      vertex 63.751 -12.6809 77
      vertex 63.751 -12.6809 80.677
    endloop
  endfacet
  facet normal 0.976771 -0.214288 -8.43952e-06
    outer loop
      vertex 63.3095 -14.6935 80.677
      vertex 63.2177 -15.1118 77
      vertex 63.751 -12.6809 77
    endloop
  endfacet
  facet normal 0.976725 -0.214497 1.65494e-05
    outer loop
      vertex 63.204 -15.1739 80.677
      vertex 63.2177 -15.1118 77
      vertex 63.3095 -14.6935 80.677
    endloop
  endfacet
  facet normal 0.976519 -0.215432 0
    outer loop
      vertex 63.2177 -15.1118 77
      vertex 63.204 -15.1739 80.677
      vertex 63.204 -15.1739 77
    endloop
  endfacet
  facet normal 0.984641 -0.174593 0
    outer loop
      vertex 64.1997 -10.1682 80.677
      vertex 64.1886 -10.2308 77
      vertex 64.1997 -10.1682 77
    endloop
  endfacet
  facet normal 0.984432 -0.175764 2.05686e-05
    outer loop
      vertex 63.765 -12.6029 80.677
      vertex 64.1886 -10.2308 77
      vertex 64.1997 -10.1682 80.677
    endloop
  endfacet
  facet normal 0.984271 -0.176664 0
    outer loop
      vertex 63.751 -12.6809 77
      vertex 63.765 -12.6029 80.677
      vertex 63.751 -12.6809 80.677
    endloop
  endfacet
  facet normal 0.984422 -0.175823 -1.8423e-05
    outer loop
      vertex 63.765 -12.6029 80.677
      vertex 63.751 -12.6809 77
      vertex 64.1886 -10.2308 77
    endloop
  endfacet
  facet normal -0.634375 0.773025 -1.47695e-05
    outer loop
      vertex -42.165 49.4667 77
      vertex -42.1529 49.4767 80.677
      vertex -40.2411 51.0456 80.677
    endloop
  endfacet
  facet normal -0.634392 0.773011 0
    outer loop
      vertex -42.165 49.4667 77
      vertex -40.2411 51.0456 80.677
      vertex -40.2411 51.0456 77
    endloop
  endfacet
  facet normal -0.634955 0.772549 -1.15694e-05
    outer loop
      vertex -42.1529 49.4767 80.677
      vertex -42.165 49.4667 77
      vertex -42.2141 49.4264 80.677
    endloop
  endfacet
  facet normal -0.634437 0.772974 0
    outer loop
      vertex -42.2141 49.4264 80.677
      vertex -42.165 49.4667 77
      vertex -42.2141 49.4264 77
    endloop
  endfacet
  facet normal 0.363542 0.931578 -6.17933e-07
    outer loop
      vertex 24.8744 60.0522 80.677
      vertex 24.8152 60.0753 77
      vertex 24.8006 60.081 80.677
    endloop
  endfacet
  facet normal 0.363509 0.931591 0
    outer loop
      vertex 24.8744 60.0522 80.677
      vertex 24.8744 60.0522 77
      vertex 24.8152 60.0753 77
    endloop
  endfacet
  facet normal 0.364479 0.931212 3.66629e-06
    outer loop
      vertex 24.8006 60.081 80.677
      vertex 24.8152 60.0753 77
      vertex 22.4976 60.9824 80.677
    endloop
  endfacet
  facet normal 0.364474 0.931214 0
    outer loop
      vertex 22.4976 60.9824 80.677
      vertex 24.8152 60.0753 77
      vertex 22.4976 60.9824 77
    endloop
  endfacet
  facet normal 0.602992 -0.797747 -1.68065e-05
    outer loop
      vertex 38.2567 -52.5477 77
      vertex 38.2486 -52.5539 80.677
      vertex 38.206 -52.5861 80.677
    endloop
  endfacet
  facet normal 0.603709 -0.797205 -1.43136e-05
    outer loop
      vertex 38.2486 -52.5539 80.677
      vertex 38.2567 -52.5477 77
      vertex 38.2692 -52.5383 80.677
    endloop
  endfacet
  facet normal 0.603767 -0.797161 0
    outer loop
      vertex 38.2567 -52.5477 77
      vertex 38.206 -52.5861 80.677
      vertex 38.206 -52.5861 77
    endloop
  endfacet
  facet normal 0.603559 -0.797319 -1.35136e-05
    outer loop
      vertex 38.2692 -52.5383 80.677
      vertex 38.2567 -52.5477 77
      vertex 40.2411 -51.0456 80.677
    endloop
  endfacet
  facet normal 0.603543 -0.797331 0
    outer loop
      vertex 40.2411 -51.0456 80.677
      vertex 38.2567 -52.5477 77
      vertex 40.2411 -51.0456 77
    endloop
  endfacet
  facet normal 0.634375 -0.773025 -1.47695e-05
    outer loop
      vertex 42.165 -49.4667 77
      vertex 42.1529 -49.4767 80.677
      vertex 40.2411 -51.0456 80.677
    endloop
  endfacet
  facet normal 0.634392 -0.773011 0
    outer loop
      vertex 42.165 -49.4667 77
      vertex 40.2411 -51.0456 80.677
      vertex 40.2411 -51.0456 77
    endloop
  endfacet
  facet normal 0.634955 -0.772549 -1.15694e-05
    outer loop
      vertex 42.1529 -49.4767 80.677
      vertex 42.165 -49.4667 77
      vertex 42.2141 -49.4264 80.677
    endloop
  endfacet
  facet normal 0.634437 -0.772974 0
    outer loop
      vertex 42.2141 -49.4264 80.677
      vertex 42.165 -49.4667 77
      vertex 42.2141 -49.4264 77
    endloop
  endfacet
  facet normal -0.916192 0.40074 0
    outer loop
      vertex -59.0293 27.2129 77
      vertex -60.0204 24.947 80.677
      vertex -59.0293 27.2129 80.677
    endloop
  endfacet
  facet normal -0.916185 0.400756 1.1194e-05
    outer loop
      vertex -60.0267 24.9327 77
      vertex -60.0204 24.947 80.677
      vertex -59.0293 27.2129 77
    endloop
  endfacet
  facet normal -0.916193 0.400736 1.12831e-05
    outer loop
      vertex -60.0522 24.8744 77
      vertex -60.0204 24.947 80.677
      vertex -60.0267 24.9327 77
    endloop
  endfacet
  facet normal -0.915984 0.401216 0
    outer loop
      vertex -60.0204 24.947 80.677
      vertex -60.0522 24.8744 77
      vertex -60.0522 24.8744 80.677
    endloop
  endfacet
  facet normal -0.436409 -0.899748 1.49279e-05
    outer loop
      vertex -27.2701 -59.0016 77
      vertex -27.2842 -58.9947 80.677
      vertex -29.5094 -57.9154 80.677
    endloop
  endfacet
  facet normal -0.436429 -0.899739 0
    outer loop
      vertex -27.2701 -59.0016 77
      vertex -29.5094 -57.9154 80.677
      vertex -29.5094 -57.9154 77
    endloop
  endfacet
  facet normal -0.436583 -0.899664 1.41039e-05
    outer loop
      vertex -27.2842 -58.9947 80.677
      vertex -27.2701 -59.0016 77
      vertex -27.2129 -59.0293 80.677
    endloop
  endfacet
  facet normal -0.435849 -0.90002 -0
    outer loop
      vertex -27.2129 -59.0293 80.677
      vertex -27.2701 -59.0016 77
      vertex -27.2129 -59.0293 77
    endloop
  endfacet
  facet normal -0.916193 -0.400736 0
    outer loop
      vertex -60.0267 -24.9327 77
      vertex -60.0522 -24.8744 80.677
      vertex -60.0522 -24.8744 77
    endloop
  endfacet
  facet normal -0.915984 -0.401216 9.05861e-06
    outer loop
      vertex -60.0267 -24.9327 77
      vertex -60.0204 -24.947 80.677
      vertex -60.0522 -24.8744 80.677
    endloop
  endfacet
  facet normal -0.916185 -0.400756 1.1194e-05
    outer loop
      vertex -59.0293 -27.2129 77
      vertex -60.0204 -24.947 80.677
      vertex -60.0267 -24.9327 77
    endloop
  endfacet
  facet normal -0.916192 -0.40074 0
    outer loop
      vertex -60.0204 -24.947 80.677
      vertex -59.0293 -27.2129 77
      vertex -59.0293 -27.2129 80.677
    endloop
  endfacet
  facet normal -0.436583 0.899664 1.41039e-05
    outer loop
      vertex -27.2701 59.0016 77
      vertex -27.2842 58.9947 80.677
      vertex -27.2129 59.0293 80.677
    endloop
  endfacet
  facet normal -0.435849 0.90002 0
    outer loop
      vertex -27.2701 59.0016 77
      vertex -27.2129 59.0293 80.677
      vertex -27.2129 59.0293 77
    endloop
  endfacet
  facet normal -0.436409 0.899748 1.49279e-05
    outer loop
      vertex -27.2842 58.9947 80.677
      vertex -27.2701 59.0016 77
      vertex -29.5094 57.9154 80.677
    endloop
  endfacet
  facet normal -0.436429 0.899739 0
    outer loop
      vertex -29.5094 57.9154 80.677
      vertex -27.2701 59.0016 77
      vertex -29.5094 57.9154 77
    endloop
  endfacet
  facet normal -0.634955 -0.772549 -1.15694e-05
    outer loop
      vertex -42.165 -49.4667 77
      vertex -42.1529 -49.4767 80.677
      vertex -42.2141 -49.4264 80.677
    endloop
  endfacet
  facet normal -0.634437 -0.772974 0
    outer loop
      vertex -42.165 -49.4667 77
      vertex -42.2141 -49.4264 80.677
      vertex -42.2141 -49.4264 77
    endloop
  endfacet
  facet normal -0.634375 -0.773025 -1.47695e-05
    outer loop
      vertex -42.1529 -49.4767 80.677
      vertex -42.165 -49.4667 77
      vertex -40.2411 -51.0456 80.677
    endloop
  endfacet
  facet normal -0.634392 -0.773011 -0
    outer loop
      vertex -40.2411 -51.0456 80.677
      vertex -42.165 -49.4667 77
      vertex -40.2411 -51.0456 77
    endloop
  endfacet
  facet normal -0.36445 0.931223 0
    outer loop
      vertex -22.4976 60.9824 0
      vertex -24.8744 60.0522 3
      vertex -22.4976 60.9824 3
    endloop
  endfacet
  facet normal -0.36445 0.931223 0
    outer loop
      vertex -24.8744 60.0522 3
      vertex -22.4976 60.9824 0
      vertex -24.8744 60.0522 0
    endloop
  endfacet
  facet normal -0.77301 0.634393 0
    outer loop
      vertex -51.0456 40.2411 0
      vertex -49.4264 42.2141 3
      vertex -49.4264 42.2141 0
    endloop
  endfacet
  facet normal -0.77301 0.634393 0
    outer loop
      vertex -49.4264 42.2141 3
      vertex -51.0456 40.2411 0
      vertex -51.0456 40.2411 3
    endloop
  endfacet
  facet normal 0.956943 0.290276 0
    outer loop
      vertex 62.5596 17.6436 3
      vertex 61.8187 20.0861 0
      vertex 61.8187 20.0861 3
    endloop
  endfacet
  facet normal 0.956943 0.290276 0
    outer loop
      vertex 61.8187 20.0861 0
      vertex 62.5596 17.6436 3
      vertex 62.5596 17.6436 0
    endloop
  endfacet
  facet normal 0.693102 0.72084 -0
    outer loop
      vertex 45.9619 45.9619 0
      vertex 44.122 47.731 3
      vertex 45.9619 45.9619 3
    endloop
  endfacet
  facet normal 0.693102 0.72084 0
    outer loop
      vertex 44.122 47.731 3
      vertex 45.9619 45.9619 0
      vertex 44.122 47.731 0
    endloop
  endfacet
  facet normal 0.400755 -0.916185 0
    outer loop
      vertex 24.8744 -60.0522 0
      vertex 27.2129 -59.0293 3
      vertex 24.8744 -60.0522 3
    endloop
  endfacet
  facet normal 0.400755 -0.916185 0
    outer loop
      vertex 27.2129 -59.0293 3
      vertex 24.8744 -60.0522 0
      vertex 27.2129 -59.0293 0
    endloop
  endfacet
  facet normal 0.436415 0.899746 -0
    outer loop
      vertex 29.5094 57.9154 0
      vertex 27.2129 59.0293 3
      vertex 29.5094 57.9154 3
    endloop
  endfacet
  facet normal 0.436415 0.899746 0
    outer loop
      vertex 27.2129 59.0293 3
      vertex 29.5094 57.9154 0
      vertex 27.2129 59.0293 0
    endloop
  endfacet
  facet normal -0.820395 -0.571797 0
    outer loop
      vertex -52.5861 -38.206 0
      vertex -54.0455 -36.1121 3
      vertex -54.0455 -36.1121 0
    endloop
  endfacet
  facet normal -0.820395 -0.571797 0
    outer loop
      vertex -54.0455 -36.1121 3
      vertex -52.5861 -38.206 0
      vertex -52.5861 -38.206 3
    endloop
  endfacet
  facet normal -0.175792 0.984427 0
    outer loop
      vertex -10.1682 64.1997 0
      vertex -12.6809 63.751 3
      vertex -10.1682 64.1997 3
    endloop
  endfacet
  facet normal -0.175792 0.984427 0
    outer loop
      vertex -12.6809 63.751 3
      vertex -10.1682 64.1997 0
      vertex -12.6809 63.751 0
    endloop
  endfacet
  facet normal 0.820395 0.571797 0
    outer loop
      vertex 54.0455 36.1121 3
      vertex 52.5861 38.206 0
      vertex 52.5861 38.206 3
    endloop
  endfacet
  facet normal 0.820395 0.571797 0
    outer loop
      vertex 52.5861 38.206 0
      vertex 54.0455 36.1121 3
      vertex 54.0455 36.1121 0
    endloop
  endfacet
  facet normal 0.175792 0.984427 -0
    outer loop
      vertex 12.6809 63.751 0
      vertex 10.1682 64.1997 3
      vertex 12.6809 63.751 3
    endloop
  endfacet
  facet normal 0.175792 0.984427 0
    outer loop
      vertex 10.1682 64.1997 3
      vertex 12.6809 63.751 0
      vertex 10.1682 64.1997 0
    endloop
  endfacet
  facet normal 0.842219 -0.539135 0
    outer loop
      vertex 54.0455 -36.1121 3
      vertex 55.4216 -33.9624 0
      vertex 55.4216 -33.9624 3
    endloop
  endfacet
  facet normal 0.842219 -0.539135 0
    outer loop
      vertex 55.4216 -33.9624 0
      vertex 54.0455 -36.1121 3
      vertex 54.0455 -36.1121 0
    endloop
  endfacet
  facet normal -0.797326 0.603548 0
    outer loop
      vertex -52.5861 38.206 0
      vertex -51.0456 40.2411 3
      vertex -51.0456 40.2411 0
    endloop
  endfacet
  facet normal -0.797326 0.603548 0
    outer loop
      vertex -51.0456 40.2411 3
      vertex -52.5861 38.206 0
      vertex -52.5861 38.206 3
    endloop
  endfacet
  facet normal -0.400755 0.916185 0
    outer loop
      vertex -24.8744 60.0522 0
      vertex -27.2129 59.0293 3
      vertex -24.8744 60.0522 3
    endloop
  endfacet
  facet normal -0.400755 0.916185 0
    outer loop
      vertex -27.2129 59.0293 3
      vertex -24.8744 60.0522 0
      vertex -27.2129 59.0293 0
    endloop
  endfacet
  facet normal -0.693102 0.72084 0
    outer loop
      vertex -44.122 47.731 0
      vertex -45.9619 45.9619 3
      vertex -44.122 47.731 3
    endloop
  endfacet
  facet normal -0.693102 0.72084 0
    outer loop
      vertex -45.9619 45.9619 3
      vertex -44.122 47.731 0
      vertex -45.9619 45.9619 0
    endloop
  endfacet
  facet normal -0.976764 0.214316 0
    outer loop
      vertex -63.751 12.6809 0
      vertex -63.204 15.1739 3
      vertex -63.204 15.1739 0
    endloop
  endfacet
  facet normal -0.976764 0.214316 0
    outer loop
      vertex -63.204 15.1739 3
      vertex -63.751 12.6809 0
      vertex -63.751 12.6809 3
    endloop
  endfacet
  facet normal 0.944798 0.327653 0
    outer loop
      vertex 61.8187 20.0861 3
      vertex 60.9824 22.4976 0
      vertex 60.9824 22.4976 3
    endloop
  endfacet
  facet normal 0.944798 0.327653 0
    outer loop
      vertex 60.9824 22.4976 0
      vertex 61.8187 20.0861 3
      vertex 61.8187 20.0861 0
    endloop
  endfacet
  facet normal -0.25247 0.967605 0
    outer loop
      vertex -15.1739 63.204 0
      vertex -17.6436 62.5596 3
      vertex -15.1739 63.204 3
    endloop
  endfacet
  facet normal -0.25247 0.967605 0
    outer loop
      vertex -17.6436 62.5596 3
      vertex -15.1739 63.204 0
      vertex -17.6436 62.5596 0
    endloop
  endfacet
  facet normal -0.436428 -0.899739 0
    outer loop
      vertex -28.2437 -58.5293 0
      vertex -27.2129 -59.0293 3
      vertex -28.2437 -58.5293 3
    endloop
  endfacet
  facet normal -0.436428 -0.899739 -0
    outer loop
      vertex -27.2129 -59.0293 3
      vertex -28.2437 -58.5293 0
      vertex -27.2129 -59.0293 0
    endloop
  endfacet
  facet normal 0.984427 0.175792 0
    outer loop
      vertex 64.1997 10.1682 3
      vertex 63.751 12.6809 0
      vertex 63.751 12.6809 3
    endloop
  endfacet
  facet normal 0.984427 0.175792 0
    outer loop
      vertex 63.751 12.6809 0
      vertex 64.1997 10.1682 3
      vertex 64.1997 10.1682 0
    endloop
  endfacet
  facet normal 0.747509 0.664252 0
    outer loop
      vertex 49.4264 42.2141 3
      vertex 47.731 44.122 0
      vertex 47.731 44.122 3
    endloop
  endfacet
  facet normal 0.747509 0.664252 0
    outer loop
      vertex 47.731 44.122 0
      vertex 49.4264 42.2141 3
      vertex 49.4264 42.2141 0
    endloop
  endfacet
  facet normal 0.990569 0.137012 0
    outer loop
      vertex 64.5494 7.63993 3
      vertex 64.1997 10.1682 0
      vertex 64.1997 10.1682 3
    endloop
  endfacet
  facet normal 0.990569 0.137012 0
    outer loop
      vertex 64.1997 10.1682 0
      vertex 64.5494 7.63993 3
      vertex 64.5494 7.63993 0
    endloop
  endfacet
  facet normal 0.214316 -0.976764 0
    outer loop
      vertex 12.6809 -63.751 0
      vertex 15.1739 -63.204 3
      vertex 12.6809 -63.751 3
    endloop
  endfacet
  facet normal 0.214316 -0.976764 0
    outer loop
      vertex 15.1739 -63.204 3
      vertex 12.6809 -63.751 0
      vertex 15.1739 -63.204 0
    endloop
  endfacet
  facet normal 0.881919 0.471401 0
    outer loop
      vertex 57.9154 29.5094 3
      vertex 56.7122 31.7604 0
      vertex 56.7122 31.7604 3
    endloop
  endfacet
  facet normal 0.881919 0.471401 0
    outer loop
      vertex 56.7122 31.7604 0
      vertex 57.9154 29.5094 3
      vertex 57.9154 29.5094 0
    endloop
  endfacet
  facet normal 0.931223 0.36445 0
    outer loop
      vertex 60.9824 22.4976 3
      vertex 60.0522 24.8744 0
      vertex 60.0522 24.8744 3
    endloop
  endfacet
  facet normal 0.931223 0.36445 0
    outer loop
      vertex 60.0522 24.8744 0
      vertex 60.9824 22.4976 3
      vertex 60.9824 22.4976 0
    endloop
  endfacet
  facet normal -0.899746 -0.436415 0
    outer loop
      vertex -57.9154 -29.5094 0
      vertex -59.0293 -27.2129 3
      vertex -59.0293 -27.2129 0
    endloop
  endfacet
  facet normal -0.899746 -0.436415 0
    outer loop
      vertex -59.0293 -27.2129 3
      vertex -57.9154 -29.5094 0
      vertex -57.9154 -29.5094 3
    endloop
  endfacet
  facet normal -0.944798 0.327653 0
    outer loop
      vertex -61.8187 20.0861 0
      vertex -60.9824 22.4976 3
      vertex -60.9824 22.4976 0
    endloop
  endfacet
  facet normal -0.944798 0.327653 0
    outer loop
      vertex -60.9824 22.4976 3
      vertex -61.8187 20.0861 0
      vertex -61.8187 20.0861 3
    endloop
  endfacet
  facet normal 0.999806 0.0196848 0
    outer loop
      vertex 64.9553 2.27762 3
      vertex 64.9499 2.55189 0
      vertex 64.9499 2.55189 3
    endloop
  endfacet
  facet normal 0.999806 0.0196848 0
    outer loop
      vertex 64.9499 2.55189 0
      vertex 64.9553 2.27762 3
      vertex 64.9553 2.27762 0
    endloop
  endfacet
  facet normal 0.881919 -0.471401 0
    outer loop
      vertex 56.7122 -31.7604 3
      vertex 57.9154 -29.5094 0
      vertex 57.9154 -29.5094 3
    endloop
  endfacet
  facet normal 0.881919 -0.471401 0
    outer loop
      vertex 57.9154 -29.5094 0
      vertex 56.7122 -31.7604 3
      vertex 56.7122 -31.7604 0
    endloop
  endfacet
  facet normal 0.998265 -0.0588862 0
    outer loop
      vertex 64.7996 -5.09984 3
      vertex 64.9499 -2.55189 0
      vertex 64.9499 -2.55189 3
    endloop
  endfacet
  facet normal 0.998265 -0.0588862 0
    outer loop
      vertex 64.9499 -2.55189 0
      vertex 64.7996 -5.09984 3
      vertex 64.7996 -5.09984 0
    endloop
  endfacet
  facet normal 0.571797 -0.820395 0
    outer loop
      vertex 37.3592 -53.1763 0
      vertex 38.206 -52.5861 3
      vertex 37.3592 -53.1763 3
    endloop
  endfacet
  facet normal 0.571797 -0.820395 0
    outer loop
      vertex 38.206 -52.5861 3
      vertex 37.3592 -53.1763 0
      vertex 38.206 -52.5861 0
    endloop
  endfacet
  facet normal -0.984427 0.175792 0
    outer loop
      vertex -64.1997 10.1682 0
      vertex -63.751 12.6809 3
      vertex -63.751 12.6809 0
    endloop
  endfacet
  facet normal -0.984427 0.175792 0
    outer loop
      vertex -63.751 12.6809 3
      vertex -64.1997 10.1682 0
      vertex -64.1997 10.1682 3
    endloop
  endfacet
  facet normal 0.916185 0.400755 0
    outer loop
      vertex 60.0522 24.8744 3
      vertex 59.0293 27.2129 0
      vertex 59.0293 27.2129 3
    endloop
  endfacet
  facet normal 0.916185 0.400755 0
    outer loop
      vertex 59.0293 27.2129 0
      vertex 60.0522 24.8744 3
      vertex 60.0522 24.8744 0
    endloop
  endfacet
  facet normal 0.976764 -0.214316 0
    outer loop
      vertex 63.204 -15.1739 3
      vertex 63.751 -12.6809 0
      vertex 63.751 -12.6809 3
    endloop
  endfacet
  facet normal 0.976764 -0.214316 0
    outer loop
      vertex 63.751 -12.6809 0
      vertex 63.204 -15.1739 3
      vertex 63.204 -15.1739 0
    endloop
  endfacet
  facet normal -0.175792 -0.984427 0
    outer loop
      vertex -12.6809 -63.751 0
      vertex -10.1682 -64.1997 3
      vertex -12.6809 -63.751 3
    endloop
  endfacet
  facet normal -0.175792 -0.984427 -0
    outer loop
      vertex -10.1682 -64.1997 3
      vertex -12.6809 -63.751 0
      vertex -10.1682 -64.1997 0
    endloop
  endfacet
  facet normal 0.664252 -0.747509 0
    outer loop
      vertex 42.2141 -49.4264 0
      vertex 44.122 -47.731 3
      vertex 42.2141 -49.4264 3
    endloop
  endfacet
  facet normal 0.664252 -0.747509 0
    outer loop
      vertex 44.122 -47.731 3
      vertex 42.2141 -49.4264 0
      vertex 44.122 -47.731 0
    endloop
  endfacet
  facet normal 0.797326 -0.603548 0
    outer loop
      vertex 51.0456 -40.2411 3
      vertex 52.5861 -38.206 0
      vertex 52.5861 -38.206 3
    endloop
  endfacet
  facet normal 0.797326 -0.603548 0
    outer loop
      vertex 52.5861 -38.206 0
      vertex 51.0456 -40.2411 3
      vertex 51.0456 -40.2411 0
    endloop
  endfacet
  facet normal 0.862737 -0.505653 0
    outer loop
      vertex 55.4216 -33.9624 3
      vertex 56.7122 -31.7604 0
      vertex 56.7122 -31.7604 3
    endloop
  endfacet
  facet normal 0.862737 -0.505653 0
    outer loop
      vertex 56.7122 -31.7604 0
      vertex 55.4216 -33.9624 3
      vertex 55.4216 -33.9624 0
    endloop
  endfacet
  facet normal -0.0588862 0.998265 0
    outer loop
      vertex -2.55189 64.9499 0
      vertex -5.09984 64.7996 3
      vertex -2.55189 64.9499 3
    endloop
  endfacet
  facet normal -0.0588862 0.998265 0
    outer loop
      vertex -5.09984 64.7996 3
      vertex -2.55189 64.9499 0
      vertex -5.09984 64.7996 0
    endloop
  endfacet
  facet normal 0.944798 -0.327653 0
    outer loop
      vertex 60.9824 -22.4976 3
      vertex 61.8187 -20.0861 0
      vertex 61.8187 -20.0861 3
    endloop
  endfacet
  facet normal 0.944798 -0.327653 0
    outer loop
      vertex 61.8187 -20.0861 0
      vertex 60.9824 -22.4976 3
      vertex 60.9824 -22.4976 0
    endloop
  endfacet
  facet normal 0.471318 0.881963 -0
    outer loop
      vertex 30.0923 57.6039 0
      vertex 29.5094 57.9154 3
      vertex 30.0923 57.6039 3
    endloop
  endfacet
  facet normal 0.471318 0.881963 0
    outer loop
      vertex 29.5094 57.9154 3
      vertex 30.0923 57.6039 0
      vertex 29.5094 57.9154 0
    endloop
  endfacet
  facet normal 0.0196287 0.999807 -0
    outer loop
      vertex 2.55189 64.9499 0
      vertex 0 65 3
      vertex 2.55189 64.9499 3
    endloop
  endfacet
  facet normal 0.0196287 0.999807 0
    outer loop
      vertex 0 65 3
      vertex 2.55189 64.9499 0
      vertex 0 65 0
    endloop
  endfacet
  facet normal -0.327653 -0.944798 0
    outer loop
      vertex -22.4976 -60.9824 0
      vertex -20.0861 -61.8187 3
      vertex -22.4976 -60.9824 3
    endloop
  endfacet
  facet normal -0.327653 -0.944798 -0
    outer loop
      vertex -20.0861 -61.8187 3
      vertex -22.4976 -60.9824 0
      vertex -20.0861 -61.8187 0
    endloop
  endfacet
  facet normal 0.956943 -0.290276 0
    outer loop
      vertex 61.8187 -20.0861 3
      vertex 62.5596 -17.6436 0
      vertex 62.5596 -17.6436 3
    endloop
  endfacet
  facet normal 0.956943 -0.290276 0
    outer loop
      vertex 62.5596 -17.6436 0
      vertex 61.8187 -20.0861 3
      vertex 61.8187 -20.0861 0
    endloop
  endfacet
  facet normal 0.998265 0.0588862 0
    outer loop
      vertex 64.9499 2.55189 3
      vertex 64.7996 5.09984 0
      vertex 64.7996 5.09984 3
    endloop
  endfacet
  facet normal 0.998265 0.0588862 0
    outer loop
      vertex 64.7996 5.09984 0
      vertex 64.9499 2.55189 3
      vertex 64.9499 2.55189 0
    endloop
  endfacet
  facet normal 0.995184 0.0980261 0
    outer loop
      vertex 64.7996 5.09984 3
      vertex 64.5494 7.63993 0
      vertex 64.5494 7.63993 3
    endloop
  endfacet
  facet normal 0.995184 0.0980261 0
    outer loop
      vertex 64.5494 7.63993 0
      vertex 64.7996 5.09984 3
      vertex 64.7996 5.09984 0
    endloop
  endfacet
  facet normal -0.931223 0.36445 0
    outer loop
      vertex -60.9824 22.4976 0
      vertex -60.0522 24.8744 3
      vertex -60.0522 24.8744 0
    endloop
  endfacet
  facet normal -0.931223 0.36445 0
    outer loop
      vertex -60.0522 24.8744 3
      vertex -60.9824 22.4976 0
      vertex -60.9824 22.4976 3
    endloop
  endfacet
  facet normal 0.603548 0.797326 -0
    outer loop
      vertex 40.2411 51.0456 0
      vertex 38.206 52.5861 3
      vertex 40.2411 51.0456 3
    endloop
  endfacet
  facet normal 0.603548 0.797326 0
    outer loop
      vertex 38.206 52.5861 3
      vertex 40.2411 51.0456 0
      vertex 38.206 52.5861 0
    endloop
  endfacet
  facet normal 0.290276 0.956943 -0
    outer loop
      vertex 20.0861 61.8187 0
      vertex 17.6436 62.5596 3
      vertex 20.0861 61.8187 3
    endloop
  endfacet
  facet normal 0.290276 0.956943 0
    outer loop
      vertex 17.6436 62.5596 3
      vertex 20.0861 61.8187 0
      vertex 17.6436 62.5596 0
    endloop
  endfacet
  facet normal -0.327653 0.944798 0
    outer loop
      vertex -20.0861 61.8187 0
      vertex -22.4976 60.9824 3
      vertex -20.0861 61.8187 3
    endloop
  endfacet
  facet normal -0.327653 0.944798 0
    outer loop
      vertex -22.4976 60.9824 3
      vertex -20.0861 61.8187 0
      vertex -22.4976 60.9824 0
    endloop
  endfacet
  facet normal -0.603548 0.797326 0
    outer loop
      vertex -38.206 52.5861 0
      vertex -40.2411 51.0456 3
      vertex -38.206 52.5861 3
    endloop
  endfacet
  facet normal -0.603548 0.797326 0
    outer loop
      vertex -40.2411 51.0456 3
      vertex -38.206 52.5861 0
      vertex -40.2411 51.0456 0
    endloop
  endfacet
  facet normal 0.990569 -0.137012 0
    outer loop
      vertex 64.1997 -10.1682 3
      vertex 64.5494 -7.63993 0
      vertex 64.5494 -7.63993 3
    endloop
  endfacet
  facet normal 0.990569 -0.137012 0
    outer loop
      vertex 64.5494 -7.63993 0
      vertex 64.1997 -10.1682 3
      vertex 64.1997 -10.1682 0
    endloop
  endfacet
  facet normal 0.137012 0.990569 -0
    outer loop
      vertex 10.1682 64.1997 0
      vertex 7.63993 64.5494 3
      vertex 10.1682 64.1997 3
    endloop
  endfacet
  facet normal 0.137012 0.990569 0
    outer loop
      vertex 7.63993 64.5494 3
      vertex 10.1682 64.1997 0
      vertex 7.63993 64.5494 0
    endloop
  endfacet
  facet normal -0.916185 -0.400755 0
    outer loop
      vertex -59.0293 -27.2129 0
      vertex -60.0522 -24.8744 3
      vertex -60.0522 -24.8744 0
    endloop
  endfacet
  facet normal -0.916185 -0.400755 0
    outer loop
      vertex -60.0522 -24.8744 3
      vertex -59.0293 -27.2129 0
      vertex -59.0293 -27.2129 3
    endloop
  endfacet
  facet normal 0.571797 0.820395 -0
    outer loop
      vertex 38.206 52.5861 0
      vertex 36.1121 54.0455 3
      vertex 38.206 52.5861 3
    endloop
  endfacet
  facet normal 0.571797 0.820395 0
    outer loop
      vertex 36.1121 54.0455 3
      vertex 38.206 52.5861 0
      vertex 36.1121 54.0455 0
    endloop
  endfacet
  facet normal -0.0588862 -0.998265 0
    outer loop
      vertex -5.09984 -64.7996 0
      vertex -2.55189 -64.9499 3
      vertex -5.09984 -64.7996 3
    endloop
  endfacet
  facet normal -0.0588862 -0.998265 -0
    outer loop
      vertex -2.55189 -64.9499 3
      vertex -5.09984 -64.7996 0
      vertex -2.55189 -64.9499 0
    endloop
  endfacet
  facet normal 0.72084 -0.693102 0
    outer loop
      vertex 45.9619 -45.9619 3
      vertex 47.731 -44.122 0
      vertex 47.731 -44.122 3
    endloop
  endfacet
  facet normal 0.72084 -0.693102 0
    outer loop
      vertex 47.731 -44.122 0
      vertex 45.9619 -45.9619 3
      vertex 45.9619 -45.9619 0
    endloop
  endfacet
  facet normal 0.842219 0.539135 0
    outer loop
      vertex 55.4216 33.9624 3
      vertex 54.0455 36.1121 0
      vertex 54.0455 36.1121 3
    endloop
  endfacet
  facet normal 0.842219 0.539135 0
    outer loop
      vertex 54.0455 36.1121 0
      vertex 55.4216 33.9624 3
      vertex 55.4216 33.9624 0
    endloop
  endfacet
  facet normal 0.862737 0.505653 0
    outer loop
      vertex 56.7122 31.7604 3
      vertex 55.4216 33.9624 0
      vertex 55.4216 33.9624 3
    endloop
  endfacet
  facet normal 0.862737 0.505653 0
    outer loop
      vertex 55.4216 33.9624 0
      vertex 56.7122 31.7604 3
      vertex 56.7122 31.7604 0
    endloop
  endfacet
  facet normal -0.539079 0.842255 0
    outer loop
      vertex -35.3634 54.5247 0
      vertex -36.1121 54.0455 3
      vertex -35.3634 54.5247 3
    endloop
  endfacet
  facet normal -0.539079 0.842255 0
    outer loop
      vertex -36.1121 54.0455 3
      vertex -35.3634 54.5247 0
      vertex -36.1121 54.0455 0
    endloop
  endfacet
  facet normal -0.603548 -0.797326 0
    outer loop
      vertex -40.2411 -51.0456 0
      vertex -38.206 -52.5861 3
      vertex -40.2411 -51.0456 3
    endloop
  endfacet
  facet normal -0.603548 -0.797326 -0
    outer loop
      vertex -38.206 -52.5861 3
      vertex -40.2411 -51.0456 0
      vertex -38.206 -52.5861 0
    endloop
  endfacet
  facet normal -0.634393 -0.77301 0
    outer loop
      vertex -42.2141 -49.4264 0
      vertex -40.2411 -51.0456 3
      vertex -42.2141 -49.4264 3
    endloop
  endfacet
  facet normal -0.634393 -0.77301 -0
    outer loop
      vertex -40.2411 -51.0456 3
      vertex -42.2141 -49.4264 0
      vertex -40.2411 -51.0456 0
    endloop
  endfacet
  facet normal 0.967605 0.25247 0
    outer loop
      vertex 63.204 15.1739 3
      vertex 62.5596 17.6436 0
      vertex 62.5596 17.6436 3
    endloop
  endfacet
  facet normal 0.967605 0.25247 0
    outer loop
      vertex 62.5596 17.6436 0
      vertex 63.204 15.1739 3
      vertex 63.204 15.1739 0
    endloop
  endfacet
  facet normal 0.747509 -0.664252 0
    outer loop
      vertex 47.731 -44.122 3
      vertex 49.4264 -42.2141 0
      vertex 49.4264 -42.2141 3
    endloop
  endfacet
  facet normal 0.747509 -0.664252 0
    outer loop
      vertex 49.4264 -42.2141 0
      vertex 47.731 -44.122 3
      vertex 47.731 -44.122 0
    endloop
  endfacet
  facet normal -0.0980261 -0.995184 0
    outer loop
      vertex -7.63993 -64.5494 0
      vertex -5.09984 -64.7996 3
      vertex -7.63993 -64.5494 3
    endloop
  endfacet
  facet normal -0.0980261 -0.995184 -0
    outer loop
      vertex -5.09984 -64.7996 3
      vertex -7.63993 -64.5494 0
      vertex -5.09984 -64.7996 0
    endloop
  endfacet
  facet normal 0.664252 0.747509 -0
    outer loop
      vertex 44.122 47.731 0
      vertex 42.2141 49.4264 3
      vertex 44.122 47.731 3
    endloop
  endfacet
  facet normal 0.664252 0.747509 0
    outer loop
      vertex 42.2141 49.4264 3
      vertex 44.122 47.731 0
      vertex 42.2141 49.4264 0
    endloop
  endfacet
  facet normal 0.976764 0.214316 0
    outer loop
      vertex 63.751 12.6809 3
      vertex 63.204 15.1739 0
      vertex 63.204 15.1739 3
    endloop
  endfacet
  facet normal 0.976764 0.214316 0
    outer loop
      vertex 63.204 15.1739 0
      vertex 63.751 12.6809 3
      vertex 63.751 12.6809 0
    endloop
  endfacet
  facet normal 0.436618 -0.899647 0
    outer loop
      vertex 27.2129 -59.0293 0
      vertex 27.373 -58.9516 3
      vertex 27.2129 -59.0293 3
    endloop
  endfacet
  facet normal 0.436618 -0.899647 0
    outer loop
      vertex 27.373 -58.9516 3
      vertex 27.2129 -59.0293 0
      vertex 27.373 -58.9516 0
    endloop
  endfacet
  facet normal -0.634393 0.77301 0
    outer loop
      vertex -40.2411 51.0456 0
      vertex -42.2141 49.4264 3
      vertex -40.2411 51.0456 3
    endloop
  endfacet
  facet normal -0.634393 0.77301 0
    outer loop
      vertex -42.2141 49.4264 3
      vertex -40.2411 51.0456 0
      vertex -42.2141 49.4264 0
    endloop
  endfacet
  facet normal -0.747509 -0.664252 0
    outer loop
      vertex -47.731 -44.122 0
      vertex -49.4264 -42.2141 3
      vertex -49.4264 -42.2141 0
    endloop
  endfacet
  facet normal -0.747509 -0.664252 0
    outer loop
      vertex -49.4264 -42.2141 3
      vertex -47.731 -44.122 0
      vertex -47.731 -44.122 3
    endloop
  endfacet
  facet normal 0.327653 -0.944798 0
    outer loop
      vertex 20.0861 -61.8187 0
      vertex 22.4976 -60.9824 3
      vertex 20.0861 -61.8187 3
    endloop
  endfacet
  facet normal 0.327653 -0.944798 0
    outer loop
      vertex 22.4976 -60.9824 3
      vertex 20.0861 -61.8187 0
      vertex 22.4976 -60.9824 0
    endloop
  endfacet
  facet normal -0.400755 -0.916185 0
    outer loop
      vertex -27.2129 -59.0293 0
      vertex -24.8744 -60.0522 3
      vertex -27.2129 -59.0293 3
    endloop
  endfacet
  facet normal -0.400755 -0.916185 -0
    outer loop
      vertex -24.8744 -60.0522 3
      vertex -27.2129 -59.0293 0
      vertex -24.8744 -60.0522 0
    endloop
  endfacet
  facet normal 0.175792 -0.984427 0
    outer loop
      vertex 10.1682 -64.1997 0
      vertex 12.6809 -63.751 3
      vertex 10.1682 -64.1997 3
    endloop
  endfacet
  facet normal 0.175792 -0.984427 0
    outer loop
      vertex 12.6809 -63.751 3
      vertex 10.1682 -64.1997 0
      vertex 12.6809 -63.751 0
    endloop
  endfacet
  facet normal 0.0588862 -0.998265 0
    outer loop
      vertex 2.55189 -64.9499 0
      vertex 5.09984 -64.7996 3
      vertex 2.55189 -64.9499 3
    endloop
  endfacet
  facet normal 0.0588862 -0.998265 0
    outer loop
      vertex 5.09984 -64.7996 3
      vertex 2.55189 -64.9499 0
      vertex 5.09984 -64.7996 0
    endloop
  endfacet
  facet normal -0.956943 0.290276 0
    outer loop
      vertex -62.5596 17.6436 0
      vertex -61.8187 20.0861 3
      vertex -61.8187 20.0861 0
    endloop
  endfacet
  facet normal -0.956943 0.290276 0
    outer loop
      vertex -61.8187 20.0861 3
      vertex -62.5596 17.6436 0
      vertex -62.5596 17.6436 3
    endloop
  endfacet
  facet normal 0.999806 -0.0196848 0
    outer loop
      vertex 64.9499 -2.55189 3
      vertex 64.9553 -2.27762 0
      vertex 64.9553 -2.27762 3
    endloop
  endfacet
  facet normal 0.999806 -0.0196848 0
    outer loop
      vertex 64.9553 -2.27762 0
      vertex 64.9499 -2.55189 3
      vertex 64.9499 -2.55189 0
    endloop
  endfacet
  facet normal 0.0980261 -0.995184 0
    outer loop
      vertex 5.09984 -64.7996 0
      vertex 7.63993 -64.5494 3
      vertex 5.09984 -64.7996 3
    endloop
  endfacet
  facet normal 0.0980261 -0.995184 0
    outer loop
      vertex 7.63993 -64.5494 3
      vertex 5.09984 -64.7996 0
      vertex 7.63993 -64.5494 0
    endloop
  endfacet
  facet normal -0.290276 0.956943 0
    outer loop
      vertex -17.6436 62.5596 0
      vertex -20.0861 61.8187 3
      vertex -17.6436 62.5596 3
    endloop
  endfacet
  facet normal -0.290276 0.956943 0
    outer loop
      vertex -20.0861 61.8187 3
      vertex -17.6436 62.5596 0
      vertex -20.0861 61.8187 0
    endloop
  endfacet
  facet normal 0.0588862 0.998265 -0
    outer loop
      vertex 5.09984 64.7996 0
      vertex 2.55189 64.9499 3
      vertex 5.09984 64.7996 3
    endloop
  endfacet
  facet normal 0.0588862 0.998265 0
    outer loop
      vertex 2.55189 64.9499 3
      vertex 5.09984 64.7996 0
      vertex 2.55189 64.9499 0
    endloop
  endfacet
  facet normal 0.931223 -0.36445 0
    outer loop
      vertex 60.0522 -24.8744 3
      vertex 60.9824 -22.4976 0
      vertex 60.9824 -22.4976 3
    endloop
  endfacet
  facet normal 0.931223 -0.36445 0
    outer loop
      vertex 60.9824 -22.4976 0
      vertex 60.0522 -24.8744 3
      vertex 60.0522 -24.8744 0
    endloop
  endfacet
  facet normal 0.693102 -0.72084 0
    outer loop
      vertex 44.122 -47.731 0
      vertex 45.9619 -45.9619 3
      vertex 44.122 -47.731 3
    endloop
  endfacet
  facet normal 0.693102 -0.72084 0
    outer loop
      vertex 45.9619 -45.9619 3
      vertex 44.122 -47.731 0
      vertex 45.9619 -45.9619 0
    endloop
  endfacet
  facet normal 0 0 1
    outer loop
      vertex -21 0 3
      vertex -32.0098 -47.1927 3
      vertex -31.7101 -46.744 3
    endloop
  endfacet
  facet normal 0 0 1
    outer loop
      vertex -31.6672 50.4607 3
      vertex -54.75 0 3
      vertex -32.0098 -47.1927 3
    endloop
  endfacet
  facet normal -0 0 1
    outer loop
      vertex -54.7767 -0.407883 3
      vertex -32.0098 -47.1927 3
      vertex -54.75 0 3
    endloop
  endfacet
  facet normal -0 0 1
    outer loop
      vertex -54.8565 -0.808807 3
      vertex -32.0098 -47.1927 3
      vertex -54.7767 -0.407883 3
    endloop
  endfacet
  facet normal -0 0 1
    outer loop
      vertex -54.9879 -1.19588 3
      vertex -32.0098 -47.1927 3
      vertex -54.8565 -0.808807 3
    endloop
  endfacet
  facet normal 0 0 1
    outer loop
      vertex -31.6672 50.4607 3
      vertex -32.6563 52.7373 3
      vertex -38.206 52.5861 3
    endloop
  endfacet
  facet normal 0 0 1
    outer loop
      vertex -32.6563 52.7373 3
      vertex -31.6875 50.7707 3
      vertex -31.6705 51.0299 3
    endloop
  endfacet
  facet normal -0 0 1
    outer loop
      vertex -24.6265 -50.8338 3
      vertex -17.6436 -62.5596 3
      vertex -24.453 -50.3228 3
    endloop
  endfacet
  facet normal 0 0 1
    outer loop
      vertex -17.6436 -62.5596 3
      vertex -24.6265 -50.8338 3
      vertex -20.0861 -61.8187 3
    endloop
  endfacet
  facet normal -0 0 1
    outer loop
      vertex -24.8651 -51.3177 3
      vertex -20.0861 -61.8187 3
      vertex -24.6265 -50.8338 3
    endloop
  endfacet
  facet normal 0 0 1
    outer loop
      vertex -20.0861 -61.8187 3
      vertex -24.8651 -51.3177 3
      vertex -22.4976 -60.9824 3
    endloop
  endfacet
  facet normal -0 0 1
    outer loop
      vertex -25.1649 -51.7663 3
      vertex -22.4976 -60.9824 3
      vertex -24.8651 -51.3177 3
    endloop
  endfacet
  facet normal -0 0 1
    outer loop
      vertex -25.5207 -52.172 3
      vertex -22.4976 -60.9824 3
      vertex -25.1649 -51.7663 3
    endloop
  endfacet
  facet normal 0 0 1
    outer loop
      vertex -22.4976 -60.9824 3
      vertex -25.5207 -52.172 3
      vertex -24.8744 -60.0522 3
    endloop
  endfacet
  facet normal -0 0 1
    outer loop
      vertex -25.9264 -52.5278 3
      vertex -24.8744 -60.0522 3
      vertex -25.5207 -52.172 3
    endloop
  endfacet
  facet normal -0 0 1
    outer loop
      vertex -26.375 -52.8275 3
      vertex -24.8744 -60.0522 3
      vertex -25.9264 -52.5278 3
    endloop
  endfacet
  facet normal 0 0 1
    outer loop
      vertex -28.0555 -55.3936 3
      vertex -26.375 -52.8275 3
      vertex -26.6532 -52.9647 3
    endloop
  endfacet
  facet normal 0 0 1
    outer loop
      vertex -26.375 -52.8275 3
      vertex -28.0555 -55.3936 3
      vertex -24.8744 -60.0522 3
    endloop
  endfacet
  facet normal 0 0 1
    outer loop
      vertex -24.8744 -60.0522 3
      vertex -28.0555 -55.3936 3
      vertex -27.2129 -59.0293 3
    endloop
  endfacet
  facet normal 0 0 1
    outer loop
      vertex -27.2129 -59.0293 3
      vertex -28.0555 -55.3936 3
      vertex -28.2437 -58.5293 3
    endloop
  endfacet
  facet normal 0 0 1
    outer loop
      vertex -17.9054 10.9725 3
      vertex -30.2213 48.5765 3
      vertex -18.3224 10.261 3
    endloop
  endfacet
  facet normal 0 0 1
    outer loop
      vertex -30.5 48.7139 3
      vertex -18.3224 10.261 3
      vertex -30.2213 48.5765 3
    endloop
  endfacet
  facet normal 0 0 1
    outer loop
      vertex -18.3224 10.261 3
      vertex -30.5 48.7139 3
      vertex -18.7111 9.5338 3
    endloop
  endfacet
  facet normal 0 0 1
    outer loop
      vertex -18.7111 9.5338 3
      vertex -30.5 48.7139 3
      vertex -19.071 8.79185 3
    endloop
  endfacet
  facet normal 0 0 1
    outer loop
      vertex -30.7583 48.8865 3
      vertex -19.071 8.79185 3
      vertex -30.5 48.7139 3
    endloop
  endfacet
  facet normal 0 0 1
    outer loop
      vertex -19.071 8.79185 3
      vertex -30.7583 48.8865 3
      vertex -19.4015 8.03635 3
    endloop
  endfacet
  facet normal 0 0 1
    outer loop
      vertex -19.4015 8.03635 3
      vertex -30.7583 48.8865 3
      vertex -19.702 7.26846 3
    endloop
  endfacet
  facet normal 0 0 1
    outer loop
      vertex -19.702 7.26846 3
      vertex -30.7583 48.8865 3
      vertex -19.9722 6.48936 3
    endloop
  endfacet
  facet normal 0 0 1
    outer loop
      vertex -30.9919 49.0914 3
      vertex -19.9722 6.48936 3
      vertex -30.7583 48.8865 3
    endloop
  endfacet
  facet normal 0 0 1
    outer loop
      vertex -21 0 3
      vertex -27.3699 -45.2707 3
      vertex -26.8589 -45.4442 3
    endloop
  endfacet
  facet normal 0 0 1
    outer loop
      vertex -19.9722 6.48936 3
      vertex -30.9919 49.0914 3
      vertex -20.2116 5.70025 3
    endloop
  endfacet
  facet normal 0 0 1
    outer loop
      vertex -21 0 3
      vertex -27.8991 -45.1655 3
      vertex -27.3699 -45.2707 3
    endloop
  endfacet
  facet normal 0 0 1
    outer loop
      vertex -20.2116 5.70025 3
      vertex -30.9919 49.0914 3
      vertex -20.4198 4.90235 3
    endloop
  endfacet
  facet normal 0 0 1
    outer loop
      vertex -21 0 3
      vertex -28.4375 -45.1302 3
      vertex -27.8991 -45.1655 3
    endloop
  endfacet
  facet normal 0 0 1
    outer loop
      vertex -31.1967 49.3249 3
      vertex -20.4198 4.90235 3
      vertex -30.9919 49.0914 3
    endloop
  endfacet
  facet normal 0 0 1
    outer loop
      vertex -21 0 3
      vertex -28.9759 -45.1655 3
      vertex -28.4375 -45.1302 3
    endloop
  endfacet
  facet normal 0 0 1
    outer loop
      vertex -20.4198 4.90235 3
      vertex -31.1967 49.3249 3
      vertex -20.5965 4.0969 3
    endloop
  endfacet
  facet normal 0 0 1
    outer loop
      vertex -21 0 3
      vertex -29.5051 -45.2707 3
      vertex -28.9759 -45.1655 3
    endloop
  endfacet
  facet normal 0 0 1
    outer loop
      vertex -20.5965 4.0969 3
      vertex -31.1967 49.3249 3
      vertex -20.7415 3.28512 3
    endloop
  endfacet
  facet normal 0 0 1
    outer loop
      vertex -21 0 3
      vertex -30.016 -45.4442 3
      vertex -29.5051 -45.2707 3
    endloop
  endfacet
  facet normal 0 0 1
    outer loop
      vertex -20.7415 3.28512 3
      vertex -31.1967 49.3249 3
      vertex -20.8544 2.46828 3
    endloop
  endfacet
  facet normal 0 0 1
    outer loop
      vertex -31.3693 49.5832 3
      vertex -20.8544 2.46828 3
      vertex -31.1967 49.3249 3
    endloop
  endfacet
  facet normal 0 0 1
    outer loop
      vertex -21 0 3
      vertex -30.5 -45.6828 3
      vertex -30.016 -45.4442 3
    endloop
  endfacet
  facet normal 0 0 1
    outer loop
      vertex -20.8544 2.46828 3
      vertex -31.3693 49.5832 3
      vertex -20.9353 1.64764 3
    endloop
  endfacet
  facet normal 0 0 1
    outer loop
      vertex -21 0 3
      vertex -30.9486 -45.9826 3
      vertex -30.5 -45.6828 3
    endloop
  endfacet
  facet normal 0 0 1
    outer loop
      vertex -20.9353 1.64764 3
      vertex -31.3693 49.5832 3
      vertex -20.9838 0.824455 3
    endloop
  endfacet
  facet normal 0 0 1
    outer loop
      vertex -31.5067 49.8619 3
      vertex -20.9838 0.824455 3
      vertex -31.3693 49.5832 3
    endloop
  endfacet
  facet normal 0 0 1
    outer loop
      vertex -21 0 3
      vertex -31.3543 -46.3384 3
      vertex -30.9486 -45.9826 3
    endloop
  endfacet
  facet normal 0 0 1
    outer loop
      vertex -20.9838 0.824455 3
      vertex -31.5067 49.8619 3
      vertex -21 0 3
    endloop
  endfacet
  facet normal 0 0 1
    outer loop
      vertex -32.0098 -47.1927 3
      vertex -21 0 3
      vertex -31.5067 49.8619 3
    endloop
  endfacet
  facet normal 0 0 1
    outer loop
      vertex -32.0098 -47.1927 3
      vertex -31.5067 49.8619 3
      vertex -31.6066 50.156 3
    endloop
  endfacet
  facet normal 0 0 1
    outer loop
      vertex -32.0098 -47.1927 3
      vertex -31.6066 50.156 3
      vertex -31.6672 50.4607 3
    endloop
  endfacet
  facet normal 0 0 1
    outer loop
      vertex -32.6563 52.7373 3
      vertex -31.6672 50.4607 3
      vertex -31.6875 50.7707 3
    endloop
  endfacet
  facet normal 0 0 1
    outer loop
      vertex -21 0 3
      vertex -31.7101 -46.744 3
      vertex -31.3543 -46.3384 3
    endloop
  endfacet
  facet normal 0 0 1
    outer loop
      vertex 29.5094 57.9154 3
      vertex 29.8958 54.3311 3
      vertex 30.0923 57.6039 3
    endloop
  endfacet
  facet normal 0 0 1
    outer loop
      vertex 27.2129 59.0293 3
      vertex 29.8958 54.3311 3
      vertex 29.5094 57.9154 3
    endloop
  endfacet
  facet normal 0 0 1
    outer loop
      vertex 29.8958 54.3311 3
      vertex 29.0656 52.9215 3
      vertex 29.086 52.9285 3
    endloop
  endfacet
  facet normal 0 0 1
    outer loop
      vertex 29.8958 54.3311 3
      vertex 28.875 52.8275 3
      vertex 29.0656 52.9215 3
    endloop
  endfacet
  facet normal 0 -0 1
    outer loop
      vertex 28.6983 52.7094 3
      vertex 29.8958 54.3311 3
      vertex 27.2129 59.0293 3
    endloop
  endfacet
  facet normal 0 0 1
    outer loop
      vertex 29.8958 54.3311 3
      vertex 28.6983 52.7094 3
      vertex 28.875 52.8275 3
    endloop
  endfacet
  facet normal 0 0 1
    outer loop
      vertex 28.6983 52.7094 3
      vertex 27.2129 59.0293 3
      vertex 28.5385 52.5693 3
    endloop
  endfacet
  facet normal 0 0 1
    outer loop
      vertex 28.5385 52.5693 3
      vertex 27.2129 59.0293 3
      vertex 28.3983 52.4095 3
    endloop
  endfacet
  facet normal 0 0 1
    outer loop
      vertex 28.3983 52.4095 3
      vertex 27.2129 59.0293 3
      vertex 28.2802 52.2328 3
    endloop
  endfacet
  facet normal 0 0 1
    outer loop
      vertex 24.8744 60.0522 3
      vertex 28.2802 52.2328 3
      vertex 27.2129 59.0293 3
    endloop
  endfacet
  facet normal 0 0 1
    outer loop
      vertex 58.75 0 3
      vertex 27.2685 -43.308 3
      vertex 27.9375 -43.2642 3
    endloop
  endfacet
  facet normal 0 0 1
    outer loop
      vertex 28.2802 52.2328 3
      vertex 24.8744 60.0522 3
      vertex 28.1862 52.0421 3
    endloop
  endfacet
  facet normal 0 0 1
    outer loop
      vertex 28.1862 52.0421 3
      vertex 24.8744 60.0522 3
      vertex 28.1179 51.8408 3
    endloop
  endfacet
  facet normal 0 0 1
    outer loop
      vertex 22.4976 60.9824 3
      vertex 28.1179 51.8408 3
      vertex 24.8744 60.0522 3
    endloop
  endfacet
  facet normal 0 0 1
    outer loop
      vertex 28.1179 51.8408 3
      vertex 22.4976 60.9824 3
      vertex 28.0764 51.6323 3
    endloop
  endfacet
  facet normal 0 0 1
    outer loop
      vertex 28.0764 51.2081 3
      vertex 20.9838 0.824455 3
      vertex 27.2685 -43.308 3
    endloop
  endfacet
  facet normal -0 0 1
    outer loop
      vertex 20.9838 -0.824455 3
      vertex 27.2685 -43.308 3
      vertex 21 0 3
    endloop
  endfacet
  facet normal -0 0 1
    outer loop
      vertex 20.9353 -1.64764 3
      vertex 27.2685 -43.308 3
      vertex 20.9838 -0.824455 3
    endloop
  endfacet
  facet normal 0 0 1
    outer loop
      vertex 28.0764 51.6323 3
      vertex 22.4976 60.9824 3
      vertex 28.0625 51.4202 3
    endloop
  endfacet
  facet normal -0 0 1
    outer loop
      vertex 20.8544 -2.46828 3
      vertex 27.2685 -43.308 3
      vertex 20.9353 -1.64764 3
    endloop
  endfacet
  facet normal -0 0 1
    outer loop
      vertex 20.7415 -3.28512 3
      vertex 27.2685 -43.308 3
      vertex 20.8544 -2.46828 3
    endloop
  endfacet
  facet normal -0 0 1
    outer loop
      vertex 20.5965 -4.0969 3
      vertex 27.2685 -43.308 3
      vertex 20.7415 -3.28512 3
    endloop
  endfacet
  facet normal -0 0 1
    outer loop
      vertex 20.4198 -4.90235 3
      vertex 27.2685 -43.308 3
      vertex 20.5965 -4.0969 3
    endloop
  endfacet
  facet normal -0 0 1
    outer loop
      vertex 20.2116 -5.70025 3
      vertex 27.2685 -43.308 3
      vertex 20.4198 -4.90235 3
    endloop
  endfacet
  facet normal -0 0 1
    outer loop
      vertex 19.9722 -6.48936 3
      vertex 27.2685 -43.308 3
      vertex 20.2116 -5.70025 3
    endloop
  endfacet
  facet normal -0 0 1
    outer loop
      vertex 19.702 -7.26846 3
      vertex 27.2685 -43.308 3
      vertex 19.9722 -6.48936 3
    endloop
  endfacet
  facet normal -0 0 1
    outer loop
      vertex 19.4015 -8.03635 3
      vertex 27.2685 -43.308 3
      vertex 19.702 -7.26846 3
    endloop
  endfacet
  facet normal 0 0 1
    outer loop
      vertex 20.0861 61.8187 3
      vertex 28.0625 51.4202 3
      vertex 22.4976 60.9824 3
    endloop
  endfacet
  facet normal 0 0 1
    outer loop
      vertex 34.8105 -51.4936 3
      vertex 33.0625 -48.3892 3
      vertex 33.058 -48.4581 3
    endloop
  endfacet
  facet normal -0 0 1
    outer loop
      vertex 29.8996 49.8092 3
      vertex 47.731 44.122 3
      vertex 30.1081 49.8506 3
    endloop
  endfacet
  facet normal 0 0 1
    outer loop
      vertex 47.731 44.122 3
      vertex 29.8996 49.8092 3
      vertex 49.4264 42.2141 3
    endloop
  endfacet
  facet normal 0 0 1
    outer loop
      vertex 49.4264 42.2141 3
      vertex 29.8996 49.8092 3
      vertex 51.0456 40.2411 3
    endloop
  endfacet
  facet normal -0 0 1
    outer loop
      vertex 29.6875 49.7952 3
      vertex 51.0456 40.2411 3
      vertex 29.8996 49.8092 3
    endloop
  endfacet
  facet normal 0 0 1
    outer loop
      vertex 51.0456 40.2411 3
      vertex 29.6875 49.7952 3
      vertex 52.5861 38.206 3
    endloop
  endfacet
  facet normal 0 0 1
    outer loop
      vertex 52.5861 38.206 3
      vertex 29.6875 49.7952 3
      vertex 54.0455 36.1121 3
    endloop
  endfacet
  facet normal 0 0 1
    outer loop
      vertex 58.75 0 3
      vertex 31.0574 -44.3232 3
      vertex 31.5614 -44.7652 3
    endloop
  endfacet
  facet normal 0 0 1
    outer loop
      vertex 54.0455 36.1121 3
      vertex 29.6875 49.7952 3
      vertex 55.4216 33.9624 3
    endloop
  endfacet
  facet normal 0 0 1
    outer loop
      vertex 29.4754 49.8091 3
      vertex 55.4216 33.9624 3
      vertex 29.6875 49.7952 3
    endloop
  endfacet
  facet normal 0 0 1
    outer loop
      vertex 58.75 0 3
      vertex 30.5 -43.9508 3
      vertex 31.0574 -44.3232 3
    endloop
  endfacet
  facet normal 0 0 1
    outer loop
      vertex 55.4216 33.9624 3
      vertex 29.4754 49.8091 3
      vertex 58.8356 0.430511 3
    endloop
  endfacet
  facet normal 0 0 1
    outer loop
      vertex 58.8356 0.430511 3
      vertex 29.4754 49.8091 3
      vertex 58.7883 0.291168 3
    endloop
  endfacet
  facet normal 0 0 1
    outer loop
      vertex 29.2669 49.8506 3
      vertex 58.7883 0.291168 3
      vertex 29.4754 49.8091 3
    endloop
  endfacet
  facet normal 0 0 1
    outer loop
      vertex 58.75 0 3
      vertex 29.8987 -43.6543 3
      vertex 30.5 -43.9508 3
    endloop
  endfacet
  facet normal 0 0 1
    outer loop
      vertex 58.7883 0.291168 3
      vertex 29.2669 49.8506 3
      vertex 58.7596 0.146835 3
    endloop
  endfacet
  facet normal 0 0 1
    outer loop
      vertex 29.0656 49.9189 3
      vertex 58.7596 0.146835 3
      vertex 29.2669 49.8506 3
    endloop
  endfacet
  facet normal 0 0 1
    outer loop
      vertex 58.7596 0.146835 3
      vertex 29.0656 49.9189 3
      vertex 58.75 0 3
    endloop
  endfacet
  facet normal 0 0 1
    outer loop
      vertex 58.75 0 3
      vertex 29.2639 -43.4388 3
      vertex 29.8987 -43.6543 3
    endloop
  endfacet
  facet normal 0 0 1
    outer loop
      vertex 27.2685 -43.308 3
      vertex 58.75 0 3
      vertex 29.0656 49.9189 3
    endloop
  endfacet
  facet normal 0 0 1
    outer loop
      vertex 27.2685 -43.308 3
      vertex 29.0656 49.9189 3
      vertex 28.875 50.013 3
    endloop
  endfacet
  facet normal 0 0 1
    outer loop
      vertex 27.2685 -43.308 3
      vertex 28.875 50.013 3
      vertex 28.6983 50.131 3
    endloop
  endfacet
  facet normal 0 0 1
    outer loop
      vertex 58.75 0 3
      vertex 28.6064 -43.308 3
      vertex 29.2639 -43.4388 3
    endloop
  endfacet
  facet normal 0 0 1
    outer loop
      vertex 27.2685 -43.308 3
      vertex 28.6983 50.131 3
      vertex 28.5384 50.2712 3
    endloop
  endfacet
  facet normal 0 0 1
    outer loop
      vertex 27.2685 -43.308 3
      vertex 28.5384 50.2712 3
      vertex 28.3983 50.431 3
    endloop
  endfacet
  facet normal 0 0 1
    outer loop
      vertex 27.2685 -43.308 3
      vertex 28.3983 50.431 3
      vertex 28.2802 50.6077 3
    endloop
  endfacet
  facet normal 0 0 1
    outer loop
      vertex 27.2685 -43.308 3
      vertex 28.2802 50.6077 3
      vertex 28.1862 50.7984 3
    endloop
  endfacet
  facet normal 0 0 1
    outer loop
      vertex 27.2685 -43.308 3
      vertex 28.1862 50.7984 3
      vertex 28.1179 50.9997 3
    endloop
  endfacet
  facet normal 0 0 1
    outer loop
      vertex 27.2685 -43.308 3
      vertex 28.1179 50.9997 3
      vertex 28.0764 51.2081 3
    endloop
  endfacet
  facet normal 0 0 1
    outer loop
      vertex 20.0861 61.8187 3
      vertex 28.0764 51.2081 3
      vertex 28.0625 51.4202 3
    endloop
  endfacet
  facet normal 0 0 1
    outer loop
      vertex 58.75 0 3
      vertex 27.9375 -43.2642 3
      vertex 28.6064 -43.308 3
    endloop
  endfacet
  facet normal 0 0 1
    outer loop
      vertex 62 0.799988 3
      vertex 64.9499 2.55189 3
      vertex 64.7996 5.09984 3
    endloop
  endfacet
  facet normal 0 0 1
    outer loop
      vertex 59.875 1.125 3
      vertex 64.7996 5.09984 3
      vertex 64.5494 7.63993 3
    endloop
  endfacet
  facet normal 0 0 1
    outer loop
      vertex 59.5838 1.08665 3
      vertex 64.5494 7.63993 3
      vertex 64.1997 10.1682 3
    endloop
  endfacet
  facet normal 0 0 1
    outer loop
      vertex 59.3125 0.974274 3
      vertex 64.1997 10.1682 3
      vertex 63.751 12.6809 3
    endloop
  endfacet
  facet normal 0 0 1
    outer loop
      vertex 59.1901 0.892517 3
      vertex 63.751 12.6809 3
      vertex 63.204 15.1739 3
    endloop
  endfacet
  facet normal 0 0 1
    outer loop
      vertex 59.0795 0.795486 3
      vertex 63.204 15.1739 3
      vertex 62.5596 17.6436 3
    endloop
  endfacet
  facet normal 0 0 1
    outer loop
      vertex 64.7996 5.09984 3
      vertex 60.0218 1.11537 3
      vertex 60.1662 1.08665 3
    endloop
  endfacet
  facet normal 0 0 1
    outer loop
      vertex 58.9825 0.684845 3
      vertex 62.5596 17.6436 3
      vertex 61.8187 20.0861 3
    endloop
  endfacet
  facet normal 0 0 1
    outer loop
      vertex 58.9007 0.5625 3
      vertex 61.8187 20.0861 3
      vertex 60.9824 22.4976 3
    endloop
  endfacet
  facet normal 0 0 1
    outer loop
      vertex 64.7996 5.09984 3
      vertex 60.3055 1.03935 3
      vertex 62 0.799988 3
    endloop
  endfacet
  facet normal 0 0 1
    outer loop
      vertex 62 0.799988 3
      vertex 60.5598 0.892517 3
      vertex 60.6654 0.799988 3
    endloop
  endfacet
  facet normal 0 0 1
    outer loop
      vertex 62 0.799988 3
      vertex 60.4375 0.974274 3
      vertex 60.5598 0.892517 3
    endloop
  endfacet
  facet normal 0 0 1
    outer loop
      vertex 62 0.799988 3
      vertex 60.3055 1.03935 3
      vertex 60.4375 0.974274 3
    endloop
  endfacet
  facet normal 0 0 1
    outer loop
      vertex 64.9499 2.55189 3
      vertex 62 0.799988 3
      vertex 64.9553 2.27762 3
    endloop
  endfacet
  facet normal 0 0 1
    outer loop
      vertex 58.9007 0.5625 3
      vertex 60.9824 22.4976 3
      vertex 60.0522 24.8744 3
    endloop
  endfacet
  facet normal 0 0 1
    outer loop
      vertex 64.7996 5.09984 3
      vertex 60.1662 1.08665 3
      vertex 60.3055 1.03935 3
    endloop
  endfacet
  facet normal 0 0 1
    outer loop
      vertex 64.7996 5.09984 3
      vertex 59.875 1.125 3
      vertex 60.0218 1.11537 3
    endloop
  endfacet
  facet normal 0 0 1
    outer loop
      vertex 64.5494 7.63993 3
      vertex 59.7281 1.11537 3
      vertex 59.875 1.125 3
    endloop
  endfacet
  facet normal 0 0 1
    outer loop
      vertex 64.5494 7.63993 3
      vertex 59.5838 1.08665 3
      vertex 59.7281 1.11537 3
    endloop
  endfacet
  facet normal 0 0 1
    outer loop
      vertex 64.1997 10.1682 3
      vertex 59.4445 1.03935 3
      vertex 59.5838 1.08665 3
    endloop
  endfacet
  facet normal 0 0 1
    outer loop
      vertex 64.1997 10.1682 3
      vertex 59.3125 0.974274 3
      vertex 59.4445 1.03935 3
    endloop
  endfacet
  facet normal 0 0 1
    outer loop
      vertex 63.751 12.6809 3
      vertex 59.1901 0.892517 3
      vertex 59.3125 0.974274 3
    endloop
  endfacet
  facet normal 0 0 1
    outer loop
      vertex 63.204 15.1739 3
      vertex 59.0795 0.795486 3
      vertex 59.1901 0.892517 3
    endloop
  endfacet
  facet normal 0 0 1
    outer loop
      vertex 58.9007 0.5625 3
      vertex 60.0522 24.8744 3
      vertex 59.0293 27.2129 3
    endloop
  endfacet
  facet normal 0 0 1
    outer loop
      vertex 62.5596 17.6436 3
      vertex 58.9825 0.684845 3
      vertex 59.0795 0.795486 3
    endloop
  endfacet
  facet normal 0 0 1
    outer loop
      vertex 61.8187 20.0861 3
      vertex 58.9007 0.5625 3
      vertex 58.9825 0.684845 3
    endloop
  endfacet
  facet normal 0 0 1
    outer loop
      vertex 59.0293 27.2129 3
      vertex 58.8356 0.430511 3
      vertex 58.9007 0.5625 3
    endloop
  endfacet
  facet normal 0 0 1
    outer loop
      vertex 57.9154 29.5094 3
      vertex 58.8356 0.430511 3
      vertex 59.0293 27.2129 3
    endloop
  endfacet
  facet normal 0 0 1
    outer loop
      vertex 56.7122 31.7604 3
      vertex 58.8356 0.430511 3
      vertex 57.9154 29.5094 3
    endloop
  endfacet
  facet normal 0 0 1
    outer loop
      vertex 55.4216 33.9624 3
      vertex 58.8356 0.430511 3
      vertex 56.7122 31.7604 3
    endloop
  endfacet
  facet normal 0 0 1
    outer loop
      vertex 42.2141 49.4264 3
      vertex 30.5 50.013 3
      vertex 44.122 47.731 3
    endloop
  endfacet
  facet normal 0 0 1
    outer loop
      vertex 62 -0.799988 3
      vertex 64.9499 -2.55189 3
      vertex 64.9553 -2.27762 3
    endloop
  endfacet
  facet normal 0 0 1
    outer loop
      vertex 64.9499 -2.55189 3
      vertex 62 -0.799988 3
      vertex 64.7996 -5.09984 3
    endloop
  endfacet
  facet normal -0 0 1
    outer loop
      vertex 60.3055 -1.03935 3
      vertex 64.7996 -5.09984 3
      vertex 62 -0.799988 3
    endloop
  endfacet
  facet normal -0 0 1
    outer loop
      vertex 59.875 -1.125 3
      vertex 64.7996 -5.09984 3
      vertex 60.0218 -1.11537 3
    endloop
  endfacet
  facet normal 0 0 1
    outer loop
      vertex 59.7281 -1.11537 3
      vertex 64.5494 -7.63993 3
      vertex 59.875 -1.125 3
    endloop
  endfacet
  facet normal 0 0 1
    outer loop
      vertex 59.5838 -1.08665 3
      vertex 64.5494 -7.63993 3
      vertex 59.7281 -1.11537 3
    endloop
  endfacet
  facet normal -0 0 1
    outer loop
      vertex 60.1662 -1.08665 3
      vertex 64.7996 -5.09984 3
      vertex 60.3055 -1.03935 3
    endloop
  endfacet
  facet normal 0 0 1
    outer loop
      vertex 64.7996 -5.09984 3
      vertex 59.875 -1.125 3
      vertex 64.5494 -7.63993 3
    endloop
  endfacet
  facet normal 0 0 1
    outer loop
      vertex 64.5494 -7.63993 3
      vertex 59.5838 -1.08665 3
      vertex 64.1997 -10.1682 3
    endloop
  endfacet
  facet normal 0 0 1
    outer loop
      vertex 60.5598 -0.892517 3
      vertex 62 -0.799988 3
      vertex 60.6654 -0.799988 3
    endloop
  endfacet
  facet normal 0 0 1
    outer loop
      vertex 60.4375 -0.974274 3
      vertex 62 -0.799988 3
      vertex 60.5598 -0.892517 3
    endloop
  endfacet
  facet normal 0 0 1
    outer loop
      vertex 60.3055 -1.03935 3
      vertex 62 -0.799988 3
      vertex 60.4375 -0.974274 3
    endloop
  endfacet
  facet normal -0 0 1
    outer loop
      vertex 60.0218 -1.11537 3
      vertex 64.7996 -5.09984 3
      vertex 60.1662 -1.08665 3
    endloop
  endfacet
  facet normal 0 0 1
    outer loop
      vertex 59.4445 -1.03935 3
      vertex 64.1997 -10.1682 3
      vertex 59.5838 -1.08665 3
    endloop
  endfacet
  facet normal 0 0 1
    outer loop
      vertex 59.3125 -0.974274 3
      vertex 64.1997 -10.1682 3
      vertex 59.4445 -1.03935 3
    endloop
  endfacet
  facet normal 0 0 1
    outer loop
      vertex 64.1997 -10.1682 3
      vertex 59.3125 -0.974274 3
      vertex 63.751 -12.6809 3
    endloop
  endfacet
  facet normal 0 0 1
    outer loop
      vertex 59.1901 -0.892517 3
      vertex 63.751 -12.6809 3
      vertex 59.3125 -0.974274 3
    endloop
  endfacet
  facet normal 0 0 1
    outer loop
      vertex 63.751 -12.6809 3
      vertex 59.1901 -0.892517 3
      vertex 63.204 -15.1739 3
    endloop
  endfacet
  facet normal 0 0 1
    outer loop
      vertex 59.0795 -0.795486 3
      vertex 63.204 -15.1739 3
      vertex 59.1901 -0.892517 3
    endloop
  endfacet
  facet normal 0 0 1
    outer loop
      vertex 63.204 -15.1739 3
      vertex 59.0795 -0.795486 3
      vertex 62.5596 -17.6436 3
    endloop
  endfacet
  facet normal 0 0 1
    outer loop
      vertex 58.9825 -0.684845 3
      vertex 62.5596 -17.6436 3
      vertex 59.0795 -0.795486 3
    endloop
  endfacet
  facet normal 0 0 1
    outer loop
      vertex 62.5596 -17.6436 3
      vertex 58.9825 -0.684845 3
      vertex 61.8187 -20.0861 3
    endloop
  endfacet
  facet normal 0 0 1
    outer loop
      vertex 58.9007 -0.5625 3
      vertex 61.8187 -20.0861 3
      vertex 58.9825 -0.684845 3
    endloop
  endfacet
  facet normal 0 0 1
    outer loop
      vertex 61.8187 -20.0861 3
      vertex 58.9007 -0.5625 3
      vertex 60.9824 -22.4976 3
    endloop
  endfacet
  facet normal 0 0 1
    outer loop
      vertex 60.9824 -22.4976 3
      vertex 58.9007 -0.5625 3
      vertex 60.0522 -24.8744 3
    endloop
  endfacet
  facet normal 0 0 1
    outer loop
      vertex 60.0522 -24.8744 3
      vertex 58.9007 -0.5625 3
      vertex 59.0293 -27.2129 3
    endloop
  endfacet
  facet normal 0 0 1
    outer loop
      vertex 58.8356 -0.430511 3
      vertex 59.0293 -27.2129 3
      vertex 58.9007 -0.5625 3
    endloop
  endfacet
  facet normal 0 0 1
    outer loop
      vertex 31.5614 -44.7652 3
      vertex 58.8356 -0.430511 3
      vertex 58.7883 -0.291168 3
    endloop
  endfacet
  facet normal 0 0 1
    outer loop
      vertex 31.5614 -44.7652 3
      vertex 58.7883 -0.291168 3
      vertex 58.7596 -0.146835 3
    endloop
  endfacet
  facet normal 0 0 1
    outer loop
      vertex 31.5614 -44.7652 3
      vertex 58.7596 -0.146835 3
      vertex 58.75 0 3
    endloop
  endfacet
  facet normal -0 0 1
    outer loop
      vertex 30.3093 49.9189 3
      vertex 44.122 47.731 3
      vertex 30.5 50.013 3
    endloop
  endfacet
  facet normal 0 0 1
    outer loop
      vertex 58.8356 -0.430511 3
      vertex 31.5614 -44.7652 3
      vertex 59.0293 -27.2129 3
    endloop
  endfacet
  facet normal 0 0 1
    outer loop
      vertex 44.122 47.731 3
      vertex 30.3093 49.9189 3
      vertex 45.9619 45.9619 3
    endloop
  endfacet
  facet normal 0 0 1
    outer loop
      vertex 59.0293 -27.2129 3
      vertex 31.5614 -44.7652 3
      vertex 57.9154 -29.5094 3
    endloop
  endfacet
  facet normal -0 0 1
    outer loop
      vertex 30.1081 49.8506 3
      vertex 45.9619 45.9619 3
      vertex 30.3093 49.9189 3
    endloop
  endfacet
  facet normal 0 0 1
    outer loop
      vertex 57.9154 -29.5094 3
      vertex 31.5614 -44.7652 3
      vertex 56.7122 -31.7604 3
    endloop
  endfacet
  facet normal -0 0 1
    outer loop
      vertex 30.5 50.013 3
      vertex 42.2141 49.4264 3
      vertex 30.6767 50.131 3
    endloop
  endfacet
  facet normal 0 0 1
    outer loop
      vertex 56.7122 -31.7604 3
      vertex 31.5614 -44.7652 3
      vertex 55.4216 -33.9624 3
    endloop
  endfacet
  facet normal 0 0 1
    outer loop
      vertex 40.2411 51.0456 3
      vertex 30.6767 50.131 3
      vertex 42.2141 49.4264 3
    endloop
  endfacet
  facet normal 0 0 1
    outer loop
      vertex 55.4216 -33.9624 3
      vertex 31.5614 -44.7652 3
      vertex 54.0455 -36.1121 3
    endloop
  endfacet
  facet normal 0 0 1
    outer loop
      vertex 30.6767 50.131 3
      vertex 40.2411 51.0456 3
      vertex 30.8365 50.2712 3
    endloop
  endfacet
  facet normal 0 0 1
    outer loop
      vertex 54.0455 -36.1121 3
      vertex 31.5614 -44.7652 3
      vertex 52.5861 -38.206 3
    endloop
  endfacet
  facet normal 0 0 1
    outer loop
      vertex 30.8365 50.2712 3
      vertex 40.2411 51.0456 3
      vertex 30.9767 50.431 3
    endloop
  endfacet
  facet normal 0 0 1
    outer loop
      vertex 52.5861 -38.206 3
      vertex 31.5614 -44.7652 3
      vertex 51.0456 -40.2411 3
    endloop
  endfacet
  facet normal 0 0 1
    outer loop
      vertex 30.9767 50.431 3
      vertex 40.2411 51.0456 3
      vertex 31.0948 50.6078 3
    endloop
  endfacet
  facet normal 0 0 1
    outer loop
      vertex 51.0456 -40.2411 3
      vertex 31.5614 -44.7652 3
      vertex 49.4264 -42.2141 3
    endloop
  endfacet
  facet normal 0 0 1
    outer loop
      vertex 38.206 52.5861 3
      vertex 31.0948 50.6078 3
      vertex 40.2411 51.0456 3
    endloop
  endfacet
  facet normal 0 0 1
    outer loop
      vertex 49.4264 -42.2141 3
      vertex 31.5614 -44.7652 3
      vertex 47.731 -44.122 3
    endloop
  endfacet
  facet normal 0 0 1
    outer loop
      vertex 31.0948 50.6078 3
      vertex 38.206 52.5861 3
      vertex 31.1888 50.7984 3
    endloop
  endfacet
  facet normal 0 0 1
    outer loop
      vertex 47.731 -44.122 3
      vertex 31.5614 -44.7652 3
      vertex 45.9619 -45.9619 3
    endloop
  endfacet
  facet normal 0 0 1
    outer loop
      vertex 31.1888 50.7984 3
      vertex 38.206 52.5861 3
      vertex 31.2571 50.9997 3
    endloop
  endfacet
  facet normal -0 -0 1
    outer loop
      vertex 32.0034 -45.2693 3
      vertex 45.9619 -45.9619 3
      vertex 31.5614 -44.7652 3
    endloop
  endfacet
  facet normal 0 0 1
    outer loop
      vertex 31.2571 50.9997 3
      vertex 38.206 52.5861 3
      vertex 31.2986 51.2081 3
    endloop
  endfacet
  facet normal 0 0 1
    outer loop
      vertex 45.9619 -45.9619 3
      vertex 32.0034 -45.2693 3
      vertex 44.122 -47.731 3
    endloop
  endfacet
  facet normal 0 0 1
    outer loop
      vertex 36.1121 54.0455 3
      vertex 31.2986 51.2081 3
      vertex 38.206 52.5861 3
    endloop
  endfacet
  facet normal -0 -0 1
    outer loop
      vertex 32.3759 -45.8267 3
      vertex 44.122 -47.731 3
      vertex 32.0034 -45.2693 3
    endloop
  endfacet
  facet normal 0 0 1
    outer loop
      vertex 44.122 -47.731 3
      vertex 32.6724 -46.4279 3
      vertex 42.2141 -49.4264 3
    endloop
  endfacet
  facet normal -0 0 1
    outer loop
      vertex 32.1042 53.0561 3
      vertex 31.2986 51.2081 3
      vertex 36.1121 54.0455 3
    endloop
  endfacet
  facet normal 0 0 1
    outer loop
      vertex 32.1042 53.0561 3
      vertex 36.1121 54.0455 3
      vertex 34.838 54.8611 3
    endloop
  endfacet
  facet normal 0 0 1
    outer loop
      vertex 42.2141 -49.4264 3
      vertex 32.8879 -47.0627 3
      vertex 40.2411 -51.0456 3
    endloop
  endfacet
  facet normal -0 -0 1
    outer loop
      vertex 33.0625 -48.3892 3
      vertex 40.2411 -51.0456 3
      vertex 33.0186 -47.7202 3
    endloop
  endfacet
  facet normal 0 0 1
    outer loop
      vertex 40.2411 -51.0456 3
      vertex 33.0625 -48.3892 3
      vertex 34.8105 -51.4936 3
    endloop
  endfacet
  facet normal 0 0 1
    outer loop
      vertex 38.206 -52.5861 3
      vertex 34.8105 -51.4936 3
      vertex 37.3592 -53.1763 3
    endloop
  endfacet
  facet normal 0 0 1
    outer loop
      vertex 40.2411 -51.0456 3
      vertex 34.8105 -51.4936 3
      vertex 38.206 -52.5861 3
    endloop
  endfacet
  facet normal -0 -0 1
    outer loop
      vertex 33.0186 -47.7202 3
      vertex 40.2411 -51.0456 3
      vertex 32.8879 -47.0627 3
    endloop
  endfacet
  facet normal 0 0 1
    outer loop
      vertex 31.2986 51.2081 3
      vertex 32.1042 53.0561 3
      vertex 31.3125 51.4203 3
    endloop
  endfacet
  facet normal 0 0 1
    outer loop
      vertex 45.9619 45.9619 3
      vertex 30.1081 49.8506 3
      vertex 47.731 44.122 3
    endloop
  endfacet
  facet normal -0 -0 1
    outer loop
      vertex 32.8879 -47.0627 3
      vertex 42.2141 -49.4264 3
      vertex 32.6724 -46.4279 3
    endloop
  endfacet
  facet normal -0 -0 1
    outer loop
      vertex 32.6724 -46.4279 3
      vertex 44.122 -47.731 3
      vertex 32.3759 -45.8267 3
    endloop
  endfacet
  facet normal 0 0 1
    outer loop
      vertex 32.1042 53.0561 3
      vertex 31.2986 51.6324 3
      vertex 31.3125 51.4203 3
    endloop
  endfacet
  facet normal 0 -0 1
    outer loop
      vertex 31.2986 51.6324 3
      vertex 32.1042 53.0561 3
      vertex 31.2944 51.6535 3
    endloop
  endfacet
  facet normal 0 0 1
    outer loop
      vertex 27.1895 -55.8936 3
      vertex 27.2129 -59.0293 3
      vertex 27.373 -58.9516 3
    endloop
  endfacet
  facet normal 0 0 1
    outer loop
      vertex 25.375 -52.8275 3
      vertex 27.1895 -55.8936 3
      vertex 25.437 -52.8581 3
    endloop
  endfacet
  facet normal 0 0 1
    outer loop
      vertex 27.1895 -55.8936 3
      vertex 25.375 -52.8275 3
      vertex 24.8744 -60.0522 3
    endloop
  endfacet
  facet normal 0 0 1
    outer loop
      vertex 27.1895 -55.8936 3
      vertex 24.8744 -60.0522 3
      vertex 27.2129 -59.0293 3
    endloop
  endfacet
  facet normal 0 0 1
    outer loop
      vertex 24.8176 -52.4551 3
      vertex 24.8744 -60.0522 3
      vertex 25.375 -52.8275 3
    endloop
  endfacet
  facet normal 0 0 1
    outer loop
      vertex 22.4976 -60.9824 3
      vertex 24.8176 -52.4551 3
      vertex 24.3136 -52.0131 3
    endloop
  endfacet
  facet normal 0 0 1
    outer loop
      vertex 22.4976 -60.9824 3
      vertex 24.3136 -52.0131 3
      vertex 23.8716 -51.5091 3
    endloop
  endfacet
  facet normal 0 0 1
    outer loop
      vertex 20.0861 -61.8187 3
      vertex 23.8716 -51.5091 3
      vertex 23.4991 -50.9517 3
    endloop
  endfacet
  facet normal 0 0 1
    outer loop
      vertex 17.6436 -62.5596 3
      vertex 23.4991 -50.9517 3
      vertex 23.2026 -50.3504 3
    endloop
  endfacet
  facet normal 0 0 1
    outer loop
      vertex 15.1739 -63.204 3
      vertex 23.2026 -50.3504 3
      vertex 22.9871 -49.7156 3
    endloop
  endfacet
  facet normal 0 0 1
    outer loop
      vertex 12.6809 -63.751 3
      vertex 22.9871 -49.7156 3
      vertex 22.8563 -49.0581 3
    endloop
  endfacet
  facet normal 0 0 1
    outer loop
      vertex 24.8176 -52.4551 3
      vertex 22.4976 -60.9824 3
      vertex 24.8744 -60.0522 3
    endloop
  endfacet
  facet normal 0 0 1
    outer loop
      vertex 10.1682 -64.1997 3
      vertex 22.8563 -49.0581 3
      vertex 22.8125 -48.3892 3
    endloop
  endfacet
  facet normal -0 0 1
    outer loop
      vertex 19.071 -8.79185 3
      vertex 27.2685 -43.308 3
      vertex 19.4015 -8.03635 3
    endloop
  endfacet
  facet normal -0 0 1
    outer loop
      vertex 18.7111 -9.5338 3
      vertex 27.2685 -43.308 3
      vertex 19.071 -8.79185 3
    endloop
  endfacet
  facet normal 0 0 1
    outer loop
      vertex 27.2685 -43.308 3
      vertex 20.9838 0.824455 3
      vertex 21 0 3
    endloop
  endfacet
  facet normal 0 0 1
    outer loop
      vertex 28.0764 51.2081 3
      vertex 20.9353 1.64764 3
      vertex 20.9838 0.824455 3
    endloop
  endfacet
  facet normal 0 0 1
    outer loop
      vertex 28.0764 51.2081 3
      vertex 20.8544 2.46828 3
      vertex 20.9353 1.64764 3
    endloop
  endfacet
  facet normal 0 0 1
    outer loop
      vertex 28.0764 51.2081 3
      vertex 20.7415 3.28512 3
      vertex 20.8544 2.46828 3
    endloop
  endfacet
  facet normal 0 0 1
    outer loop
      vertex 28.0764 51.2081 3
      vertex 20.5965 4.0969 3
      vertex 20.7415 3.28512 3
    endloop
  endfacet
  facet normal 0 0 1
    outer loop
      vertex 28.0764 51.2081 3
      vertex 20.4198 4.90235 3
      vertex 20.5965 4.0969 3
    endloop
  endfacet
  facet normal 0 0 1
    outer loop
      vertex 28.0764 51.2081 3
      vertex 20.2116 5.70025 3
      vertex 20.4198 4.90235 3
    endloop
  endfacet
  facet normal 0 0 1
    outer loop
      vertex 28.0764 51.2081 3
      vertex 20.0861 61.8187 3
      vertex 17.6436 62.5596 3
    endloop
  endfacet
  facet normal 0 0 1
    outer loop
      vertex 28.0764 51.2081 3
      vertex 19.9722 6.48936 3
      vertex 20.2116 5.70025 3
    endloop
  endfacet
  facet normal 0 0 1
    outer loop
      vertex 28.0764 51.2081 3
      vertex 19.702 7.26846 3
      vertex 19.9722 6.48936 3
    endloop
  endfacet
  facet normal 0 0 1
    outer loop
      vertex 28.0764 51.2081 3
      vertex 19.4015 8.03635 3
      vertex 19.702 7.26846 3
    endloop
  endfacet
  facet normal 0 0 1
    outer loop
      vertex 28.0764 51.2081 3
      vertex 19.071 8.79185 3
      vertex 19.4015 8.03635 3
    endloop
  endfacet
  facet normal 0 0 1
    outer loop
      vertex 28.0764 51.2081 3
      vertex 18.7111 9.5338 3
      vertex 19.071 8.79185 3
    endloop
  endfacet
  facet normal 0 0 1
    outer loop
      vertex 28.0764 51.2081 3
      vertex 18.3224 10.261 3
      vertex 18.7111 9.5338 3
    endloop
  endfacet
  facet normal 0 0 1
    outer loop
      vertex 28.0764 51.2081 3
      vertex 17.9054 10.9725 3
      vertex 18.3224 10.261 3
    endloop
  endfacet
  facet normal 0 0 1
    outer loop
      vertex 28.0764 51.2081 3
      vertex 17.6436 62.5596 3
      vertex 15.1739 63.204 3
    endloop
  endfacet
  facet normal 0 0 1
    outer loop
      vertex 28.0764 51.2081 3
      vertex 17.4609 11.667 3
      vertex 17.9054 10.9725 3
    endloop
  endfacet
  facet normal 0 0 1
    outer loop
      vertex 28.0764 51.2081 3
      vertex 16.9894 12.3435 3
      vertex 17.4609 11.667 3
    endloop
  endfacet
  facet normal 0 0 1
    outer loop
      vertex 28.0764 51.2081 3
      vertex 16.4917 13.001 3
      vertex 16.9894 12.3435 3
    endloop
  endfacet
  facet normal 0 0 1
    outer loop
      vertex 28.0764 51.2081 3
      vertex 15.9685 13.6384 3
      vertex 16.4917 13.001 3
    endloop
  endfacet
  facet normal 0 0 1
    outer loop
      vertex 28.0764 51.2081 3
      vertex 15.4208 14.2548 3
      vertex 15.9685 13.6384 3
    endloop
  endfacet
  facet normal 0 0 1
    outer loop
      vertex 28.0764 51.2081 3
      vertex 15.1739 63.204 3
      vertex 12.6809 63.751 3
    endloop
  endfacet
  facet normal 0 0 1
    outer loop
      vertex 28.0764 51.2081 3
      vertex 14.8492 14.8492 3
      vertex 15.4208 14.2548 3
    endloop
  endfacet
  facet normal 0 0 1
    outer loop
      vertex 28.0764 51.2081 3
      vertex 14.2548 15.4208 3
      vertex 14.8492 14.8492 3
    endloop
  endfacet
  facet normal 0 0 1
    outer loop
      vertex 28.0764 51.2081 3
      vertex 13.6384 15.9685 3
      vertex 14.2548 15.4208 3
    endloop
  endfacet
  facet normal 0 0 1
    outer loop
      vertex 28.0764 51.2081 3
      vertex 13.001 16.4917 3
      vertex 13.6384 15.9685 3
    endloop
  endfacet
  facet normal 0 0 1
    outer loop
      vertex 28.0764 51.2081 3
      vertex 12.6809 63.751 3
      vertex 4.0969 20.5965 3
    endloop
  endfacet
  facet normal 0 0 1
    outer loop
      vertex 28.0764 51.2081 3
      vertex 12.3435 16.9894 3
      vertex 13.001 16.4917 3
    endloop
  endfacet
  facet normal 0 0 1
    outer loop
      vertex 28.0764 51.2081 3
      vertex 11.667 17.4609 3
      vertex 12.3435 16.9894 3
    endloop
  endfacet
  facet normal 0 0 1
    outer loop
      vertex 28.0764 51.2081 3
      vertex 10.9725 17.9054 3
      vertex 11.667 17.4609 3
    endloop
  endfacet
  facet normal 0 0 1
    outer loop
      vertex 28.0764 51.2081 3
      vertex 10.261 18.3224 3
      vertex 10.9725 17.9054 3
    endloop
  endfacet
  facet normal 0 0 1
    outer loop
      vertex 4.0969 20.5965 3
      vertex 12.6809 63.751 3
      vertex 10.1682 64.1997 3
    endloop
  endfacet
  facet normal 0 0 1
    outer loop
      vertex 28.0764 51.2081 3
      vertex 9.5338 18.7111 3
      vertex 10.261 18.3224 3
    endloop
  endfacet
  facet normal 0 0 1
    outer loop
      vertex 28.0764 51.2081 3
      vertex 8.79185 19.071 3
      vertex 9.5338 18.7111 3
    endloop
  endfacet
  facet normal 0 0 1
    outer loop
      vertex 28.0764 51.2081 3
      vertex 8.03635 19.4015 3
      vertex 8.79185 19.071 3
    endloop
  endfacet
  facet normal 0 0 1
    outer loop
      vertex 3.28512 20.7415 3
      vertex 10.1682 64.1997 3
      vertex 7.63993 64.5494 3
    endloop
  endfacet
  facet normal 0 0 1
    outer loop
      vertex 28.0764 51.2081 3
      vertex 7.26846 19.702 3
      vertex 8.03635 19.4015 3
    endloop
  endfacet
  facet normal 0 0 1
    outer loop
      vertex 28.0764 51.2081 3
      vertex 6.48936 19.9722 3
      vertex 7.26846 19.702 3
    endloop
  endfacet
  facet normal 0 0 1
    outer loop
      vertex 28.0764 51.2081 3
      vertex 5.70025 20.2116 3
      vertex 6.48936 19.9722 3
    endloop
  endfacet
  facet normal 0 0 1
    outer loop
      vertex 2.46828 20.8544 3
      vertex 7.63993 64.5494 3
      vertex 5.09984 64.7996 3
    endloop
  endfacet
  facet normal 0 0 1
    outer loop
      vertex 28.0764 51.2081 3
      vertex 4.90235 20.4198 3
      vertex 5.70025 20.2116 3
    endloop
  endfacet
  facet normal 0 0 1
    outer loop
      vertex 28.0764 51.2081 3
      vertex 4.0969 20.5965 3
      vertex 4.90235 20.4198 3
    endloop
  endfacet
  facet normal 0 0 1
    outer loop
      vertex 10.1682 64.1997 3
      vertex 3.28512 20.7415 3
      vertex 4.0969 20.5965 3
    endloop
  endfacet
  facet normal 0 0 1
    outer loop
      vertex 1.64764 20.9353 3
      vertex 5.09984 64.7996 3
      vertex 2.55189 64.9499 3
    endloop
  endfacet
  facet normal 0 0 1
    outer loop
      vertex 7.63993 64.5494 3
      vertex 2.46828 20.8544 3
      vertex 3.28512 20.7415 3
    endloop
  endfacet
  facet normal 0 0 1
    outer loop
      vertex 5.09984 64.7996 3
      vertex 1.64764 20.9353 3
      vertex 2.46828 20.8544 3
    endloop
  endfacet
  facet normal 0 0 1
    outer loop
      vertex 2.55189 64.9499 3
      vertex 0.824455 20.9838 3
      vertex 1.64764 20.9353 3
    endloop
  endfacet
  facet normal 0 0 1
    outer loop
      vertex 0 65 3
      vertex 0.824455 20.9838 3
      vertex 2.55189 64.9499 3
    endloop
  endfacet
  facet normal 0 0 1
    outer loop
      vertex 0 65 3
      vertex 0 21 3
      vertex 0.824455 20.9838 3
    endloop
  endfacet
  facet normal 0 0 1
    outer loop
      vertex 0 65 3
      vertex -0.824455 20.9838 3
      vertex 0 21 3
    endloop
  endfacet
  facet normal -0 0 1
    outer loop
      vertex -2.55189 64.9499 3
      vertex -0.824455 20.9838 3
      vertex 0 65 3
    endloop
  endfacet
  facet normal 0 0 1
    outer loop
      vertex -0.824455 20.9838 3
      vertex -2.55189 64.9499 3
      vertex -1.64764 20.9353 3
    endloop
  endfacet
  facet normal -0 0 1
    outer loop
      vertex -5.09984 64.7996 3
      vertex -1.64764 20.9353 3
      vertex -2.55189 64.9499 3
    endloop
  endfacet
  facet normal 0 0 1
    outer loop
      vertex -1.64764 20.9353 3
      vertex -5.09984 64.7996 3
      vertex -2.46828 20.8544 3
    endloop
  endfacet
  facet normal -0 0 1
    outer loop
      vertex -7.63993 64.5494 3
      vertex -2.46828 20.8544 3
      vertex -5.09984 64.7996 3
    endloop
  endfacet
  facet normal 0 0 1
    outer loop
      vertex -2.46828 20.8544 3
      vertex -7.63993 64.5494 3
      vertex -3.28512 20.7415 3
    endloop
  endfacet
  facet normal -0 0 1
    outer loop
      vertex -10.1682 64.1997 3
      vertex -3.28512 20.7415 3
      vertex -7.63993 64.5494 3
    endloop
  endfacet
  facet normal 0 0 1
    outer loop
      vertex -27.0184 50.156 3
      vertex -12.6809 63.751 3
      vertex -26.9578 50.4607 3
    endloop
  endfacet
  facet normal -0 0 1
    outer loop
      vertex -12.6809 63.751 3
      vertex -27.0184 50.156 3
      vertex -10.1682 64.1997 3
    endloop
  endfacet
  facet normal 0 0 1
    outer loop
      vertex -27.1183 49.8618 3
      vertex -10.1682 64.1997 3
      vertex -27.0184 50.156 3
    endloop
  endfacet
  facet normal 0 0 1
    outer loop
      vertex -10.1682 64.1997 3
      vertex -27.1183 49.8618 3
      vertex -3.28512 20.7415 3
    endloop
  endfacet
  facet normal 0 0 1
    outer loop
      vertex -3.28512 20.7415 3
      vertex -27.1183 49.8618 3
      vertex -4.0969 20.5965 3
    endloop
  endfacet
  facet normal 0 0 1
    outer loop
      vertex -4.0969 20.5965 3
      vertex -27.1183 49.8618 3
      vertex -4.90235 20.4198 3
    endloop
  endfacet
  facet normal -0 0 1
    outer loop
      vertex -27.2557 49.5832 3
      vertex -4.90235 20.4198 3
      vertex -27.1183 49.8618 3
    endloop
  endfacet
  facet normal 0 0 1
    outer loop
      vertex -4.90235 20.4198 3
      vertex -27.2557 49.5832 3
      vertex -5.70025 20.2116 3
    endloop
  endfacet
  facet normal -0 0 1
    outer loop
      vertex -27.4283 49.3249 3
      vertex -5.70025 20.2116 3
      vertex -27.2557 49.5832 3
    endloop
  endfacet
  facet normal 0 0 1
    outer loop
      vertex -5.70025 20.2116 3
      vertex -27.4283 49.3249 3
      vertex -6.48936 19.9722 3
    endloop
  endfacet
  facet normal 0 0 1
    outer loop
      vertex -6.48936 19.9722 3
      vertex -27.4283 49.3249 3
      vertex -7.26846 19.702 3
    endloop
  endfacet
  facet normal -0 0 1
    outer loop
      vertex -27.6331 49.0913 3
      vertex -7.26846 19.702 3
      vertex -27.4283 49.3249 3
    endloop
  endfacet
  facet normal -0 0 1
    outer loop
      vertex -15.1739 63.204 3
      vertex -26.9578 50.4607 3
      vertex -12.6809 63.751 3
    endloop
  endfacet
  facet normal 0 0 1
    outer loop
      vertex -7.26846 19.702 3
      vertex -27.6331 49.0913 3
      vertex -8.03635 19.4015 3
    endloop
  endfacet
  facet normal 0 0 1
    outer loop
      vertex -8.03635 19.4015 3
      vertex -27.6331 49.0913 3
      vertex -8.79185 19.071 3
    endloop
  endfacet
  facet normal -0 0 1
    outer loop
      vertex -27.8667 48.8865 3
      vertex -8.79185 19.071 3
      vertex -27.6331 49.0913 3
    endloop
  endfacet
  facet normal 0 0 1
    outer loop
      vertex -8.79185 19.071 3
      vertex -27.8667 48.8865 3
      vertex -9.5338 18.7111 3
    endloop
  endfacet
  facet normal -0 0 1
    outer loop
      vertex -17.6436 62.5596 3
      vertex -26.9578 50.4607 3
      vertex -15.1739 63.204 3
    endloop
  endfacet
  facet normal 0 0 1
    outer loop
      vertex -9.5338 18.7111 3
      vertex -27.8667 48.8865 3
      vertex -10.261 18.3224 3
    endloop
  endfacet
  facet normal -0 0 1
    outer loop
      vertex -28.125 48.7139 3
      vertex -10.261 18.3224 3
      vertex -27.8667 48.8865 3
    endloop
  endfacet
  facet normal 0 0 1
    outer loop
      vertex -10.261 18.3224 3
      vertex -28.125 48.7139 3
      vertex -10.9725 17.9054 3
    endloop
  endfacet
  facet normal -0 0 1
    outer loop
      vertex -28.4036 48.5765 3
      vertex -10.9725 17.9054 3
      vertex -28.125 48.7139 3
    endloop
  endfacet
  facet normal 0 0 1
    outer loop
      vertex -10.9725 17.9054 3
      vertex -28.4036 48.5765 3
      vertex -11.667 17.4609 3
    endloop
  endfacet
  facet normal 0 0 1
    outer loop
      vertex -26.9578 50.4607 3
      vertex -17.6436 62.5596 3
      vertex -26.9375 50.7707 3
    endloop
  endfacet
  facet normal 0 0 1
    outer loop
      vertex -11.667 17.4609 3
      vertex -28.4036 48.5765 3
      vertex -12.3435 16.9894 3
    endloop
  endfacet
  facet normal -0 0 1
    outer loop
      vertex -28.6978 48.4767 3
      vertex -12.3435 16.9894 3
      vertex -28.4036 48.5765 3
    endloop
  endfacet
  facet normal 0 0 1
    outer loop
      vertex -12.3435 16.9894 3
      vertex -28.6978 48.4767 3
      vertex -13.001 16.4917 3
    endloop
  endfacet
  facet normal 0 0 1
    outer loop
      vertex -13.001 16.4917 3
      vertex -28.6978 48.4767 3
      vertex -13.6384 15.9685 3
    endloop
  endfacet
  facet normal -0 0 1
    outer loop
      vertex -29.0025 48.416 3
      vertex -13.6384 15.9685 3
      vertex -28.6978 48.4767 3
    endloop
  endfacet
  facet normal 0 0 1
    outer loop
      vertex -13.6384 15.9685 3
      vertex -29.0025 48.416 3
      vertex -14.2548 15.4208 3
    endloop
  endfacet
  facet normal 0 0 1
    outer loop
      vertex -14.2548 15.4208 3
      vertex -29.0025 48.416 3
      vertex -14.8492 14.8492 3
    endloop
  endfacet
  facet normal 0 0 1
    outer loop
      vertex -26.9375 50.7707 3
      vertex -17.6436 62.5596 3
      vertex -20.0861 61.8187 3
    endloop
  endfacet
  facet normal -0 0 1
    outer loop
      vertex -29.3125 48.3957 3
      vertex -14.8492 14.8492 3
      vertex -29.0025 48.416 3
    endloop
  endfacet
  facet normal 0 0 1
    outer loop
      vertex -14.8492 14.8492 3
      vertex -29.3125 48.3957 3
      vertex -15.4208 14.2548 3
    endloop
  endfacet
  facet normal 0 0 1
    outer loop
      vertex -29.6225 48.416 3
      vertex -15.4208 14.2548 3
      vertex -29.3125 48.3957 3
    endloop
  endfacet
  facet normal 0 0 1
    outer loop
      vertex -15.4208 14.2548 3
      vertex -29.6225 48.416 3
      vertex -15.9685 13.6384 3
    endloop
  endfacet
  facet normal 0 0 1
    outer loop
      vertex -15.9685 13.6384 3
      vertex -29.6225 48.416 3
      vertex -16.4917 13.001 3
    endloop
  endfacet
  facet normal 0 0 1
    outer loop
      vertex -29.9272 48.4767 3
      vertex -16.4917 13.001 3
      vertex -29.6225 48.416 3
    endloop
  endfacet
  facet normal 0 0 1
    outer loop
      vertex -16.4917 13.001 3
      vertex -29.9272 48.4767 3
      vertex -16.9894 12.3435 3
    endloop
  endfacet
  facet normal 0 0 1
    outer loop
      vertex -16.9894 12.3435 3
      vertex -29.9272 48.4767 3
      vertex -17.4609 11.667 3
    endloop
  endfacet
  facet normal 0 0 1
    outer loop
      vertex -27.0184 51.3854 3
      vertex -20.0861 61.8187 3
      vertex -22.4976 60.9824 3
    endloop
  endfacet
  facet normal 0 0 1
    outer loop
      vertex -32.5625 -49.2552 3
      vertex -33.9445 -51.9936 3
      vertex -32.5422 -49.5647 3
    endloop
  endfacet
  facet normal -0 0 1
    outer loop
      vertex -55.1687 -1.5625 3
      vertex -32.0098 -47.1927 3
      vertex -54.9879 -1.19588 3
    endloop
  endfacet
  facet normal -0 0 1
    outer loop
      vertex -36.1121 54.0455 3
      vertex -32.6563 52.7373 3
      vertex -35.3634 54.5247 3
    endloop
  endfacet
  facet normal 0 0 1
    outer loop
      vertex -38.206 52.5861 3
      vertex -32.6563 52.7373 3
      vertex -36.1121 54.0455 3
    endloop
  endfacet
  facet normal -0 0 1
    outer loop
      vertex -55.4216 -33.9624 3
      vertex -32.0098 -47.1927 3
      vertex -55.1687 -1.5625 3
    endloop
  endfacet
  facet normal 0 0 1
    outer loop
      vertex -31.6672 50.4607 3
      vertex -38.206 52.5861 3
      vertex -40.2411 51.0456 3
    endloop
  endfacet
  facet normal -0 -0 1
    outer loop
      vertex -54.0455 -36.1121 3
      vertex -32.0098 -47.1927 3
      vertex -55.4216 -33.9624 3
    endloop
  endfacet
  facet normal 0 0 1
    outer loop
      vertex -31.6672 50.4607 3
      vertex -40.2411 51.0456 3
      vertex -42.2141 49.4264 3
    endloop
  endfacet
  facet normal -0 -0 1
    outer loop
      vertex -52.5861 -38.206 3
      vertex -32.0098 -47.1927 3
      vertex -54.0455 -36.1121 3
    endloop
  endfacet
  facet normal 0 0 1
    outer loop
      vertex -31.6672 50.4607 3
      vertex -42.2141 49.4264 3
      vertex -44.122 47.731 3
    endloop
  endfacet
  facet normal -0 -0 1
    outer loop
      vertex -51.0456 -40.2411 3
      vertex -32.0098 -47.1927 3
      vertex -52.5861 -38.206 3
    endloop
  endfacet
  facet normal 0 0 1
    outer loop
      vertex -31.6672 50.4607 3
      vertex -44.122 47.731 3
      vertex -45.9619 45.9619 3
    endloop
  endfacet
  facet normal 0 0 1
    outer loop
      vertex -33.9445 -51.9936 3
      vertex -38.206 -52.5861 3
      vertex -36.5695 -53.7267 3
    endloop
  endfacet
  facet normal 0 0 1
    outer loop
      vertex -31.6672 50.4607 3
      vertex -45.9619 45.9619 3
      vertex -47.731 44.122 3
    endloop
  endfacet
  facet normal 0 0 1
    outer loop
      vertex -32.5625 -49.2552 3
      vertex -38.206 -52.5861 3
      vertex -33.9445 -51.9936 3
    endloop
  endfacet
  facet normal 0 0 1
    outer loop
      vertex -31.6672 50.4607 3
      vertex -47.731 44.122 3
      vertex -49.4264 42.2141 3
    endloop
  endfacet
  facet normal -0 -0 1
    outer loop
      vertex -47.731 -44.122 3
      vertex -32.0098 -47.1927 3
      vertex -49.4264 -42.2141 3
    endloop
  endfacet
  facet normal 0 0 1
    outer loop
      vertex -31.6672 50.4607 3
      vertex -49.4264 42.2141 3
      vertex -51.0456 40.2411 3
    endloop
  endfacet
  facet normal 0 0 1
    outer loop
      vertex -32.5272 -48.7168 3
      vertex -38.206 -52.5861 3
      vertex -32.5625 -49.2552 3
    endloop
  endfacet
  facet normal 0 0 1
    outer loop
      vertex -31.6672 50.4607 3
      vertex -51.0456 40.2411 3
      vertex -52.5861 38.206 3
    endloop
  endfacet
  facet normal 0 -0 1
    outer loop
      vertex -38.206 -52.5861 3
      vertex -32.5272 -48.7168 3
      vertex -40.2411 -51.0456 3
    endloop
  endfacet
  facet normal 0 0 1
    outer loop
      vertex -54.0455 36.1121 3
      vertex -31.6672 50.4607 3
      vertex -52.5861 38.206 3
    endloop
  endfacet
  facet normal 0 0 1
    outer loop
      vertex -32.4219 -48.1876 3
      vertex -40.2411 -51.0456 3
      vertex -32.5272 -48.7168 3
    endloop
  endfacet
  facet normal 0 0 1
    outer loop
      vertex -31.6672 50.4607 3
      vertex -54.0455 36.1121 3
      vertex -55.1687 1.5625 3
    endloop
  endfacet
  facet normal 0 0 1
    outer loop
      vertex -32.2485 -47.6766 3
      vertex -40.2411 -51.0456 3
      vertex -32.4219 -48.1876 3
    endloop
  endfacet
  facet normal 0 -0 1
    outer loop
      vertex -40.2411 -51.0456 3
      vertex -32.2485 -47.6766 3
      vertex -42.2141 -49.4264 3
    endloop
  endfacet
  facet normal 0 0 1
    outer loop
      vertex -31.6672 50.4607 3
      vertex -54.7767 0.407883 3
      vertex -54.75 0 3
    endloop
  endfacet
  facet normal 0 0 1
    outer loop
      vertex -31.6672 50.4607 3
      vertex -54.8565 0.808807 3
      vertex -54.7767 0.407883 3
    endloop
  endfacet
  facet normal 0 0 1
    outer loop
      vertex -31.6672 50.4607 3
      vertex -54.9879 1.19588 3
      vertex -54.8565 0.808807 3
    endloop
  endfacet
  facet normal 0 0 1
    outer loop
      vertex -31.6672 50.4607 3
      vertex -55.1687 1.5625 3
      vertex -54.9879 1.19588 3
    endloop
  endfacet
  facet normal -0 0 1
    outer loop
      vertex -55.4216 33.9624 3
      vertex -55.1687 1.5625 3
      vertex -54.0455 36.1121 3
    endloop
  endfacet
  facet normal 0 0 1
    outer loop
      vertex -55.1687 1.5625 3
      vertex -55.4216 33.9624 3
      vertex -55.3958 1.90237 3
    endloop
  endfacet
  facet normal -0 0 1
    outer loop
      vertex -56.7122 31.7604 3
      vertex -55.3958 1.90237 3
      vertex -55.4216 33.9624 3
    endloop
  endfacet
  facet normal -0 0 1
    outer loop
      vertex -57.9154 29.5094 3
      vertex -55.3958 1.90237 3
      vertex -56.7122 31.7604 3
    endloop
  endfacet
  facet normal -0 0 1
    outer loop
      vertex -59.0293 27.2129 3
      vertex -55.3958 1.90237 3
      vertex -57.9154 29.5094 3
    endloop
  endfacet
  facet normal 0 0 1
    outer loop
      vertex -55.3958 1.90237 3
      vertex -59.0293 27.2129 3
      vertex -55.6653 2.2097 3
    endloop
  endfacet
  facet normal -0 0 1
    outer loop
      vertex -60.0522 24.8744 3
      vertex -55.6653 2.2097 3
      vertex -59.0293 27.2129 3
    endloop
  endfacet
  facet normal -0 0 1
    outer loop
      vertex -60.9824 22.4976 3
      vertex -55.6653 2.2097 3
      vertex -60.0522 24.8744 3
    endloop
  endfacet
  facet normal 0 0 1
    outer loop
      vertex -55.6653 2.2097 3
      vertex -60.9824 22.4976 3
      vertex -55.9726 2.47922 3
    endloop
  endfacet
  facet normal -0 0 1
    outer loop
      vertex -61.8187 20.0861 3
      vertex -55.9726 2.47922 3
      vertex -60.9824 22.4976 3
    endloop
  endfacet
  facet normal 0 0 1
    outer loop
      vertex -55.9726 2.47922 3
      vertex -61.8187 20.0861 3
      vertex -56.3125 2.70633 3
    endloop
  endfacet
  facet normal -0 0 1
    outer loop
      vertex -62.5596 17.6436 3
      vertex -56.3125 2.70633 3
      vertex -61.8187 20.0861 3
    endloop
  endfacet
  facet normal 0 0 1
    outer loop
      vertex -56.3125 2.70633 3
      vertex -62.5596 17.6436 3
      vertex -56.6791 2.88712 3
    endloop
  endfacet
  facet normal -0 0 1
    outer loop
      vertex -63.204 15.1739 3
      vertex -56.6791 2.88712 3
      vertex -62.5596 17.6436 3
    endloop
  endfacet
  facet normal 0 0 1
    outer loop
      vertex -56.6791 2.88712 3
      vertex -63.204 15.1739 3
      vertex -57.0662 3.01851 3
    endloop
  endfacet
  facet normal -0 0 1
    outer loop
      vertex -63.751 12.6809 3
      vertex -57.0662 3.01851 3
      vertex -63.204 15.1739 3
    endloop
  endfacet
  facet normal 0 0 1
    outer loop
      vertex -57.0662 3.01851 3
      vertex -63.751 12.6809 3
      vertex -57.4671 3.09825 3
    endloop
  endfacet
  facet normal -0 0 1
    outer loop
      vertex -64.1997 10.1682 3
      vertex -57.4671 3.09825 3
      vertex -63.751 12.6809 3
    endloop
  endfacet
  facet normal 0 0 1
    outer loop
      vertex -57.4671 3.09825 3
      vertex -64.1997 10.1682 3
      vertex -57.875 3.125 3
    endloop
  endfacet
  facet normal 0 0 1
    outer loop
      vertex -57.875 3.125 3
      vertex -64.1997 10.1682 3
      vertex -58.2829 3.09825 3
    endloop
  endfacet
  facet normal -0 0 1
    outer loop
      vertex -64.5494 7.63993 3
      vertex -58.2829 3.09825 3
      vertex -64.1997 10.1682 3
    endloop
  endfacet
  facet normal 0 0 1
    outer loop
      vertex -58.2829 3.09825 3
      vertex -64.5494 7.63993 3
      vertex -58.6838 3.01851 3
    endloop
  endfacet
  facet normal 0 0 1
    outer loop
      vertex -58.6838 3.01851 3
      vertex -64.5494 7.63993 3
      vertex -59.0709 2.88712 3
    endloop
  endfacet
  facet normal 0 0 1
    outer loop
      vertex -59.0709 2.88712 3
      vertex -64.5494 7.63993 3
      vertex -59.4375 2.70633 3
    endloop
  endfacet
  facet normal 0 -0 1
    outer loop
      vertex -62 2.54999 3
      vertex -59.4375 2.70633 3
      vertex -64.5494 7.63993 3
    endloop
  endfacet
  facet normal 0 0 1
    outer loop
      vertex -59.4375 2.70633 3
      vertex -62 2.54999 3
      vertex -59.6715 2.54999 3
    endloop
  endfacet
  facet normal -0 0 1
    outer loop
      vertex -64.7996 5.09984 3
      vertex -62 2.54999 3
      vertex -64.5494 7.63993 3
    endloop
  endfacet
  facet normal 0 0 1
    outer loop
      vertex -62 2.54999 3
      vertex -64.7996 5.09984 3
      vertex -64.8655 3.98274 3
    endloop
  endfacet
  facet normal 0 0 1
    outer loop
      vertex -32.0098 -47.1927 3
      vertex -42.2141 -49.4264 3
      vertex -32.2485 -47.6766 3
    endloop
  endfacet
  facet normal 0 -0 1
    outer loop
      vertex -42.2141 -49.4264 3
      vertex -32.0098 -47.1927 3
      vertex -44.122 -47.731 3
    endloop
  endfacet
  facet normal 0 -0 1
    outer loop
      vertex -44.122 -47.731 3
      vertex -32.0098 -47.1927 3
      vertex -45.9619 -45.9619 3
    endloop
  endfacet
  facet normal -0 -0 1
    outer loop
      vertex -45.9619 -45.9619 3
      vertex -32.0098 -47.1927 3
      vertex -47.731 -44.122 3
    endloop
  endfacet
  facet normal 0 0 1
    outer loop
      vertex -55.4216 -33.9624 3
      vertex -55.1687 -1.5625 3
      vertex -55.3958 -1.90237 3
    endloop
  endfacet
  facet normal -0 -0 1
    outer loop
      vertex -49.4264 -42.2141 3
      vertex -32.0098 -47.1927 3
      vertex -51.0456 -40.2411 3
    endloop
  endfacet
  facet normal 0 0 1
    outer loop
      vertex -59.0293 -27.2129 3
      vertex -55.3958 -1.90237 3
      vertex -55.6653 -2.2097 3
    endloop
  endfacet
  facet normal 0 0 1
    outer loop
      vertex -60.9824 -22.4976 3
      vertex -55.6653 -2.2097 3
      vertex -55.9726 -2.47922 3
    endloop
  endfacet
  facet normal 0 0 1
    outer loop
      vertex -61.8187 -20.0861 3
      vertex -55.9726 -2.47922 3
      vertex -56.3125 -2.70633 3
    endloop
  endfacet
  facet normal 0 0 1
    outer loop
      vertex -62.5596 -17.6436 3
      vertex -56.3125 -2.70633 3
      vertex -56.6791 -2.88712 3
    endloop
  endfacet
  facet normal 0 0 1
    outer loop
      vertex -55.3958 -1.90237 3
      vertex -56.7122 -31.7604 3
      vertex -55.4216 -33.9624 3
    endloop
  endfacet
  facet normal 0 0 1
    outer loop
      vertex -63.204 -15.1739 3
      vertex -56.6791 -2.88712 3
      vertex -57.0662 -3.01851 3
    endloop
  endfacet
  facet normal 0 0 1
    outer loop
      vertex -63.751 -12.6809 3
      vertex -57.0662 -3.01851 3
      vertex -57.4671 -3.09825 3
    endloop
  endfacet
  facet normal 0 0 1
    outer loop
      vertex -64.1997 -10.1682 3
      vertex -57.4671 -3.09825 3
      vertex -57.875 -3.125 3
    endloop
  endfacet
  facet normal 0 0 1
    outer loop
      vertex -55.3958 -1.90237 3
      vertex -57.9154 -29.5094 3
      vertex -56.7122 -31.7604 3
    endloop
  endfacet
  facet normal 0 0 1
    outer loop
      vertex -64.1997 -10.1682 3
      vertex -57.875 -3.125 3
      vertex -58.2829 -3.09825 3
    endloop
  endfacet
  facet normal 0 0 1
    outer loop
      vertex -64.5494 -7.63993 3
      vertex -58.2829 -3.09825 3
      vertex -58.6838 -3.01851 3
    endloop
  endfacet
  facet normal 0 0 1
    outer loop
      vertex -55.3958 -1.90237 3
      vertex -59.0293 -27.2129 3
      vertex -57.9154 -29.5094 3
    endloop
  endfacet
  facet normal 0 0 1
    outer loop
      vertex -64.5494 -7.63993 3
      vertex -58.6838 -3.01851 3
      vertex -59.0709 -2.88712 3
    endloop
  endfacet
  facet normal 0 0 1
    outer loop
      vertex -64.5494 -7.63993 3
      vertex -59.0709 -2.88712 3
      vertex -59.4375 -2.70633 3
    endloop
  endfacet
  facet normal -0 0 1
    outer loop
      vertex -62 -2.54999 3
      vertex -59.4375 -2.70633 3
      vertex -59.6715 -2.54999 3
    endloop
  endfacet
  facet normal 0 0 1
    outer loop
      vertex -55.6653 -2.2097 3
      vertex -60.0522 -24.8744 3
      vertex -59.0293 -27.2129 3
    endloop
  endfacet
  facet normal 0 0 1
    outer loop
      vertex -55.6653 -2.2097 3
      vertex -60.9824 -22.4976 3
      vertex -60.0522 -24.8744 3
    endloop
  endfacet
  facet normal 0 0 1
    outer loop
      vertex -55.9726 -2.47922 3
      vertex -61.8187 -20.0861 3
      vertex -60.9824 -22.4976 3
    endloop
  endfacet
  facet normal 0 0 1
    outer loop
      vertex -59.4375 -2.70633 3
      vertex -62 -2.54999 3
      vertex -64.5494 -7.63993 3
    endloop
  endfacet
  facet normal 0 0 1
    outer loop
      vertex -56.3125 -2.70633 3
      vertex -62.5596 -17.6436 3
      vertex -61.8187 -20.0861 3
    endloop
  endfacet
  facet normal 0 0 1
    outer loop
      vertex -56.6791 -2.88712 3
      vertex -63.204 -15.1739 3
      vertex -62.5596 -17.6436 3
    endloop
  endfacet
  facet normal 0 0 1
    outer loop
      vertex -57.0662 -3.01851 3
      vertex -63.751 -12.6809 3
      vertex -63.204 -15.1739 3
    endloop
  endfacet
  facet normal 0 0 1
    outer loop
      vertex -57.4671 -3.09825 3
      vertex -64.1997 -10.1682 3
      vertex -63.751 -12.6809 3
    endloop
  endfacet
  facet normal 0 0 1
    outer loop
      vertex -58.2829 -3.09825 3
      vertex -64.5494 -7.63993 3
      vertex -64.1997 -10.1682 3
    endloop
  endfacet
  facet normal 0 0 1
    outer loop
      vertex -62 -2.54999 3
      vertex -64.7996 -5.09984 3
      vertex -64.5494 -7.63993 3
    endloop
  endfacet
  facet normal 0 -0 1
    outer loop
      vertex -64.7996 -5.09984 3
      vertex -62 -2.54999 3
      vertex -64.8655 -3.98274 3
    endloop
  endfacet
  facet normal -0 0 1
    outer loop
      vertex 18.3224 -10.261 3
      vertex 27.2685 -43.308 3
      vertex 18.7111 -9.5338 3
    endloop
  endfacet
  facet normal -0 0 1
    outer loop
      vertex 17.9054 -10.9725 3
      vertex 27.2685 -43.308 3
      vertex 18.3224 -10.261 3
    endloop
  endfacet
  facet normal -0 0 1
    outer loop
      vertex 17.4609 -11.667 3
      vertex 27.2685 -43.308 3
      vertex 17.9054 -10.9725 3
    endloop
  endfacet
  facet normal -0 0 1
    outer loop
      vertex 16.9894 -12.3435 3
      vertex 27.2685 -43.308 3
      vertex 17.4609 -11.667 3
    endloop
  endfacet
  facet normal -0 0 1
    outer loop
      vertex 16.4917 -13.001 3
      vertex 27.2685 -43.308 3
      vertex 16.9894 -12.3435 3
    endloop
  endfacet
  facet normal -0 0 1
    outer loop
      vertex 15.9685 -13.6384 3
      vertex 27.2685 -43.308 3
      vertex 16.4917 -13.001 3
    endloop
  endfacet
  facet normal -0 0 1
    outer loop
      vertex 15.4208 -14.2548 3
      vertex 27.2685 -43.308 3
      vertex 15.9685 -13.6384 3
    endloop
  endfacet
  facet normal -0 0 1
    outer loop
      vertex 14.8492 -14.8492 3
      vertex 27.2685 -43.308 3
      vertex 15.4208 -14.2548 3
    endloop
  endfacet
  facet normal -0 0 1
    outer loop
      vertex 14.2548 -15.4208 3
      vertex 27.2685 -43.308 3
      vertex 14.8492 -14.8492 3
    endloop
  endfacet
  facet normal -0 0 1
    outer loop
      vertex 13.6384 -15.9685 3
      vertex 27.2685 -43.308 3
      vertex 14.2548 -15.4208 3
    endloop
  endfacet
  facet normal 0 0 1
    outer loop
      vertex 27.2685 -43.308 3
      vertex 13.6384 -15.9685 3
      vertex 26.611 -43.4388 3
    endloop
  endfacet
  facet normal -0 0 1
    outer loop
      vertex 13.001 -16.4917 3
      vertex 26.611 -43.4388 3
      vertex 13.6384 -15.9685 3
    endloop
  endfacet
  facet normal -0 0 1
    outer loop
      vertex 12.3435 -16.9894 3
      vertex 26.611 -43.4388 3
      vertex 13.001 -16.4917 3
    endloop
  endfacet
  facet normal 0 0 1
    outer loop
      vertex 26.611 -43.4388 3
      vertex 12.3435 -16.9894 3
      vertex 25.9762 -43.6543 3
    endloop
  endfacet
  facet normal -0 0 1
    outer loop
      vertex 11.667 -17.4609 3
      vertex 25.9762 -43.6543 3
      vertex 12.3435 -16.9894 3
    endloop
  endfacet
  facet normal -0 0 1
    outer loop
      vertex 10.9725 -17.9054 3
      vertex 25.9762 -43.6543 3
      vertex 11.667 -17.4609 3
    endloop
  endfacet
  facet normal 0 0 1
    outer loop
      vertex 25.9762 -43.6543 3
      vertex 10.9725 -17.9054 3
      vertex 25.375 -43.9508 3
    endloop
  endfacet
  facet normal -0 0 1
    outer loop
      vertex 10.261 -18.3224 3
      vertex 25.375 -43.9508 3
      vertex 10.9725 -17.9054 3
    endloop
  endfacet
  facet normal 0 0 1
    outer loop
      vertex 25.375 -43.9508 3
      vertex 10.261 -18.3224 3
      vertex 24.8176 -44.3232 3
    endloop
  endfacet
  facet normal -0 0 1
    outer loop
      vertex 9.5338 -18.7111 3
      vertex 24.8176 -44.3232 3
      vertex 10.261 -18.3224 3
    endloop
  endfacet
  facet normal -0 0 1
    outer loop
      vertex 8.79185 -19.071 3
      vertex 24.8176 -44.3232 3
      vertex 9.5338 -18.7111 3
    endloop
  endfacet
  facet normal 0 0 1
    outer loop
      vertex 24.8176 -44.3232 3
      vertex 8.79185 -19.071 3
      vertex 24.3136 -44.7652 3
    endloop
  endfacet
  facet normal -0 0 1
    outer loop
      vertex 8.03635 -19.4015 3
      vertex 24.3136 -44.7652 3
      vertex 8.79185 -19.071 3
    endloop
  endfacet
  facet normal -0 0 1
    outer loop
      vertex 7.26846 -19.702 3
      vertex 24.3136 -44.7652 3
      vertex 8.03635 -19.4015 3
    endloop
  endfacet
  facet normal 0 0 1
    outer loop
      vertex 24.3136 -44.7652 3
      vertex 7.26846 -19.702 3
      vertex 23.8716 -45.2692 3
    endloop
  endfacet
  facet normal -0 0 1
    outer loop
      vertex 6.48936 -19.9722 3
      vertex 23.8716 -45.2692 3
      vertex 7.26846 -19.702 3
    endloop
  endfacet
  facet normal -0 0 1
    outer loop
      vertex 5.70025 -20.2116 3
      vertex 23.8716 -45.2692 3
      vertex 6.48936 -19.9722 3
    endloop
  endfacet
  facet normal 0 0 1
    outer loop
      vertex 23.8716 -45.2692 3
      vertex 5.70025 -20.2116 3
      vertex 23.4991 -45.8267 3
    endloop
  endfacet
  facet normal -0 0 1
    outer loop
      vertex 4.90235 -20.4198 3
      vertex 23.4991 -45.8267 3
      vertex 5.70025 -20.2116 3
    endloop
  endfacet
  facet normal -0 0 1
    outer loop
      vertex 4.0969 -20.5965 3
      vertex 23.4991 -45.8267 3
      vertex 4.90235 -20.4198 3
    endloop
  endfacet
  facet normal 0 0 1
    outer loop
      vertex 23.4991 -45.8267 3
      vertex 4.0969 -20.5965 3
      vertex 23.2026 -46.4279 3
    endloop
  endfacet
  facet normal 0 0 1
    outer loop
      vertex 23.8716 -51.5091 3
      vertex 20.0861 -61.8187 3
      vertex 22.4976 -60.9824 3
    endloop
  endfacet
  facet normal -0 0 1
    outer loop
      vertex 3.28512 -20.7415 3
      vertex 23.2026 -46.4279 3
      vertex 4.0969 -20.5965 3
    endloop
  endfacet
  facet normal 0 0 1
    outer loop
      vertex 23.4991 -50.9517 3
      vertex 17.6436 -62.5596 3
      vertex 20.0861 -61.8187 3
    endloop
  endfacet
  facet normal -0 0 1
    outer loop
      vertex 2.46828 -20.8544 3
      vertex 23.2026 -46.4279 3
      vertex 3.28512 -20.7415 3
    endloop
  endfacet
  facet normal 0 0 1
    outer loop
      vertex 23.2026 -50.3504 3
      vertex 15.1739 -63.204 3
      vertex 17.6436 -62.5596 3
    endloop
  endfacet
  facet normal 0 0 1
    outer loop
      vertex 23.2026 -46.4279 3
      vertex 2.46828 -20.8544 3
      vertex 22.9871 -47.0627 3
    endloop
  endfacet
  facet normal 0 0 1
    outer loop
      vertex 22.9871 -49.7156 3
      vertex 12.6809 -63.751 3
      vertex 15.1739 -63.204 3
    endloop
  endfacet
  facet normal -0 0 1
    outer loop
      vertex 1.64764 -20.9353 3
      vertex 22.9871 -47.0627 3
      vertex 2.46828 -20.8544 3
    endloop
  endfacet
  facet normal 0 0 1
    outer loop
      vertex 22.8563 -49.0581 3
      vertex 10.1682 -64.1997 3
      vertex 12.6809 -63.751 3
    endloop
  endfacet
  facet normal -0 0 1
    outer loop
      vertex 0.824455 -20.9838 3
      vertex 22.9871 -47.0627 3
      vertex 1.64764 -20.9353 3
    endloop
  endfacet
  facet normal 0 0 1
    outer loop
      vertex 22.8125 -48.3892 3
      vertex 7.63993 -64.5494 3
      vertex 10.1682 -64.1997 3
    endloop
  endfacet
  facet normal 0 0 1
    outer loop
      vertex 22.9871 -47.0627 3
      vertex 0.824455 -20.9838 3
      vertex 22.8563 -47.7202 3
    endloop
  endfacet
  facet normal 0 0 1
    outer loop
      vertex 22.8563 -47.7202 3
      vertex 7.63993 -64.5494 3
      vertex 22.8125 -48.3892 3
    endloop
  endfacet
  facet normal 0 -0 1
    outer loop
      vertex 2.55189 -64.9499 3
      vertex 22.8563 -47.7202 3
      vertex 0.824455 -20.9838 3
    endloop
  endfacet
  facet normal 0 -0 1
    outer loop
      vertex 7.63993 -64.5494 3
      vertex 22.8563 -47.7202 3
      vertex 5.09984 -64.7996 3
    endloop
  endfacet
  facet normal 0 -0 1
    outer loop
      vertex 5.09984 -64.7996 3
      vertex 22.8563 -47.7202 3
      vertex 2.55189 -64.9499 3
    endloop
  endfacet
  facet normal -0 0 1
    outer loop
      vertex 0 -21 3
      vertex 2.55189 -64.9499 3
      vertex 0.824455 -20.9838 3
    endloop
  endfacet
  facet normal 0 0 1
    outer loop
      vertex 0 -21 3
      vertex 0 -65 3
      vertex 2.55189 -64.9499 3
    endloop
  endfacet
  facet normal 0 0 1
    outer loop
      vertex -0.824455 -20.9838 3
      vertex 0 -65 3
      vertex 0 -21 3
    endloop
  endfacet
  facet normal 0 0 1
    outer loop
      vertex -2.55189 -64.9499 3
      vertex -0.824455 -20.9838 3
      vertex -1.64764 -20.9353 3
    endloop
  endfacet
  facet normal 0 0 1
    outer loop
      vertex -24.453 -48.1875 3
      vertex -1.64764 -20.9353 3
      vertex -2.46828 -20.8544 3
    endloop
  endfacet
  facet normal 0 0 1
    outer loop
      vertex -0.824455 -20.9838 3
      vertex -2.55189 -64.9499 3
      vertex 0 -65 3
    endloop
  endfacet
  facet normal 0 0 1
    outer loop
      vertex -24.6265 -47.6766 3
      vertex -2.46828 -20.8544 3
      vertex -3.28512 -20.7415 3
    endloop
  endfacet
  facet normal 0 0 1
    outer loop
      vertex -24.6265 -47.6766 3
      vertex -3.28512 -20.7415 3
      vertex -4.0969 -20.5965 3
    endloop
  endfacet
  facet normal 0 0 1
    outer loop
      vertex -24.8651 -47.1927 3
      vertex -4.0969 -20.5965 3
      vertex -4.90235 -20.4198 3
    endloop
  endfacet
  facet normal 0 0 1
    outer loop
      vertex -1.64764 -20.9353 3
      vertex -5.09984 -64.7996 3
      vertex -2.55189 -64.9499 3
    endloop
  endfacet
  facet normal 0 0 1
    outer loop
      vertex -24.8651 -47.1927 3
      vertex -4.90235 -20.4198 3
      vertex -5.70025 -20.2116 3
    endloop
  endfacet
  facet normal 0 0 1
    outer loop
      vertex -25.1649 -46.744 3
      vertex -5.70025 -20.2116 3
      vertex -6.48936 -19.9722 3
    endloop
  endfacet
  facet normal 0 0 1
    outer loop
      vertex -25.1649 -46.744 3
      vertex -6.48936 -19.9722 3
      vertex -7.26846 -19.702 3
    endloop
  endfacet
  facet normal 0 0 1
    outer loop
      vertex -1.64764 -20.9353 3
      vertex -24.453 -48.1875 3
      vertex -5.09984 -64.7996 3
    endloop
  endfacet
  facet normal 0 0 1
    outer loop
      vertex -25.5207 -46.3384 3
      vertex -7.26846 -19.702 3
      vertex -8.03635 -19.4015 3
    endloop
  endfacet
  facet normal 0 0 1
    outer loop
      vertex -25.5207 -46.3384 3
      vertex -8.03635 -19.4015 3
      vertex -8.79185 -19.071 3
    endloop
  endfacet
  facet normal 0 0 1
    outer loop
      vertex -25.9264 -45.9826 3
      vertex -8.79185 -19.071 3
      vertex -9.5338 -18.7111 3
    endloop
  endfacet
  facet normal 0 0 1
    outer loop
      vertex -5.09984 -64.7996 3
      vertex -24.453 -48.1875 3
      vertex -7.63993 -64.5494 3
    endloop
  endfacet
  facet normal 0 0 1
    outer loop
      vertex -25.9264 -45.9826 3
      vertex -9.5338 -18.7111 3
      vertex -10.261 -18.3224 3
    endloop
  endfacet
  facet normal 0 0 1
    outer loop
      vertex -26.375 -45.6828 3
      vertex -10.261 -18.3224 3
      vertex -10.9725 -17.9054 3
    endloop
  endfacet
  facet normal 0 0 1
    outer loop
      vertex -26.8589 -45.4442 3
      vertex -10.9725 -17.9054 3
      vertex -11.667 -17.4609 3
    endloop
  endfacet
  facet normal 0 0 1
    outer loop
      vertex -26.8589 -45.4442 3
      vertex -11.667 -17.4609 3
      vertex -12.3435 -16.9894 3
    endloop
  endfacet
  facet normal -0 -0 1
    outer loop
      vertex -24.3478 -48.7168 3
      vertex -7.63993 -64.5494 3
      vertex -24.453 -48.1875 3
    endloop
  endfacet
  facet normal 0 0 1
    outer loop
      vertex -26.8589 -45.4442 3
      vertex -12.3435 -16.9894 3
      vertex -13.001 -16.4917 3
    endloop
  endfacet
  facet normal 0 0 1
    outer loop
      vertex -26.8589 -45.4442 3
      vertex -13.001 -16.4917 3
      vertex -13.6384 -15.9685 3
    endloop
  endfacet
  facet normal 0 0 1
    outer loop
      vertex -26.8589 -45.4442 3
      vertex -13.6384 -15.9685 3
      vertex -14.2548 -15.4208 3
    endloop
  endfacet
  facet normal 0 0 1
    outer loop
      vertex -26.8589 -45.4442 3
      vertex -14.2548 -15.4208 3
      vertex -14.8492 -14.8492 3
    endloop
  endfacet
  facet normal 0 0 1
    outer loop
      vertex -7.63993 -64.5494 3
      vertex -24.3478 -48.7168 3
      vertex -10.1682 -64.1997 3
    endloop
  endfacet
  facet normal 0 0 1
    outer loop
      vertex -26.8589 -45.4442 3
      vertex -14.8492 -14.8492 3
      vertex -15.4208 -14.2548 3
    endloop
  endfacet
  facet normal 0 0 1
    outer loop
      vertex -26.8589 -45.4442 3
      vertex -15.4208 -14.2548 3
      vertex -15.9685 -13.6384 3
    endloop
  endfacet
  facet normal 0 0 1
    outer loop
      vertex -26.8589 -45.4442 3
      vertex -15.9685 -13.6384 3
      vertex -16.4917 -13.001 3
    endloop
  endfacet
  facet normal 0 0 1
    outer loop
      vertex -26.8589 -45.4442 3
      vertex -16.4917 -13.001 3
      vertex -16.9894 -12.3435 3
    endloop
  endfacet
  facet normal 0 0 1
    outer loop
      vertex -26.8589 -45.4442 3
      vertex -16.9894 -12.3435 3
      vertex -17.4609 -11.667 3
    endloop
  endfacet
  facet normal -0 -0 1
    outer loop
      vertex -24.3125 -49.2552 3
      vertex -10.1682 -64.1997 3
      vertex -24.3478 -48.7168 3
    endloop
  endfacet
  facet normal 0 0 1
    outer loop
      vertex -26.8589 -45.4442 3
      vertex -17.4609 -11.667 3
      vertex -17.9054 -10.9725 3
    endloop
  endfacet
  facet normal 0 0 1
    outer loop
      vertex -26.8589 -45.4442 3
      vertex -17.9054 -10.9725 3
      vertex -18.3224 -10.261 3
    endloop
  endfacet
  facet normal 0 0 1
    outer loop
      vertex -26.8589 -45.4442 3
      vertex -18.3224 -10.261 3
      vertex -18.7111 -9.5338 3
    endloop
  endfacet
  facet normal 0 0 1
    outer loop
      vertex -26.8589 -45.4442 3
      vertex -18.7111 -9.5338 3
      vertex -19.071 -8.79185 3
    endloop
  endfacet
  facet normal 0 0 1
    outer loop
      vertex -26.8589 -45.4442 3
      vertex -19.071 -8.79185 3
      vertex -19.4015 -8.03635 3
    endloop
  endfacet
  facet normal 0 0 1
    outer loop
      vertex -26.8589 -45.4442 3
      vertex -19.4015 -8.03635 3
      vertex -19.702 -7.26846 3
    endloop
  endfacet
  facet normal 0 0 1
    outer loop
      vertex -26.8589 -45.4442 3
      vertex -19.702 -7.26846 3
      vertex -19.9722 -6.48936 3
    endloop
  endfacet
  facet normal 0 0 1
    outer loop
      vertex -10.1682 -64.1997 3
      vertex -24.3125 -49.2552 3
      vertex -12.6809 -63.751 3
    endloop
  endfacet
  facet normal 0 0 1
    outer loop
      vertex -26.8589 -45.4442 3
      vertex -19.9722 -6.48936 3
      vertex -20.2116 -5.70025 3
    endloop
  endfacet
  facet normal 0 0 1
    outer loop
      vertex -26.8589 -45.4442 3
      vertex -20.2116 -5.70025 3
      vertex -20.4198 -4.90235 3
    endloop
  endfacet
  facet normal 0 0 1
    outer loop
      vertex -26.8589 -45.4442 3
      vertex -20.4198 -4.90235 3
      vertex -20.5965 -4.0969 3
    endloop
  endfacet
  facet normal 0 0 1
    outer loop
      vertex -26.8589 -45.4442 3
      vertex -20.5965 -4.0969 3
      vertex -20.7415 -3.28512 3
    endloop
  endfacet
  facet normal 0 0 1
    outer loop
      vertex -26.8589 -45.4442 3
      vertex -20.7415 -3.28512 3
      vertex -20.8544 -2.46828 3
    endloop
  endfacet
  facet normal 0 0 1
    outer loop
      vertex -26.8589 -45.4442 3
      vertex -20.8544 -2.46828 3
      vertex -20.9353 -1.64764 3
    endloop
  endfacet
  facet normal 0 0 1
    outer loop
      vertex -26.8589 -45.4442 3
      vertex -20.9353 -1.64764 3
      vertex -20.9838 -0.824455 3
    endloop
  endfacet
  facet normal 0 0 1
    outer loop
      vertex -26.8589 -45.4442 3
      vertex -20.9838 -0.824455 3
      vertex -21 0 3
    endloop
  endfacet
  facet normal 0 0 1
    outer loop
      vertex -30.2213 48.5765 3
      vertex -17.4609 11.667 3
      vertex -29.9272 48.4767 3
    endloop
  endfacet
  facet normal -0 0 1
    outer loop
      vertex -24.3478 -49.7936 3
      vertex -12.6809 -63.751 3
      vertex -24.3125 -49.2552 3
    endloop
  endfacet
  facet normal -0 0 1
    outer loop
      vertex -24.453 -50.3228 3
      vertex -15.1739 -63.204 3
      vertex -24.3478 -49.7936 3
    endloop
  endfacet
  facet normal 0 0 1
    outer loop
      vertex -15.1739 -63.204 3
      vertex -24.453 -50.3228 3
      vertex -17.6436 -62.5596 3
    endloop
  endfacet
  facet normal 0 0 1
    outer loop
      vertex -12.6809 -63.751 3
      vertex -24.3478 -49.7936 3
      vertex -15.1739 -63.204 3
    endloop
  endfacet
  facet normal 0 0 1
    outer loop
      vertex -2.46828 -20.8544 3
      vertex -24.6265 -47.6766 3
      vertex -24.453 -48.1875 3
    endloop
  endfacet
  facet normal 0 0 1
    outer loop
      vertex -17.4609 11.667 3
      vertex -30.2213 48.5765 3
      vertex -17.9054 10.9725 3
    endloop
  endfacet
  facet normal 0 0 1
    outer loop
      vertex -27.1183 51.6796 3
      vertex -22.4976 60.9824 3
      vertex -24.8744 60.0522 3
    endloop
  endfacet
  facet normal 0 0 1
    outer loop
      vertex -4.0969 -20.5965 3
      vertex -24.8651 -47.1927 3
      vertex -24.6265 -47.6766 3
    endloop
  endfacet
  facet normal 0 0 1
    outer loop
      vertex -5.70025 -20.2116 3
      vertex -25.1649 -46.744 3
      vertex -24.8651 -47.1927 3
    endloop
  endfacet
  facet normal 0 0 1
    outer loop
      vertex -7.26846 -19.702 3
      vertex -25.5207 -46.3384 3
      vertex -25.1649 -46.744 3
    endloop
  endfacet
  facet normal 0 0 1
    outer loop
      vertex -8.79185 -19.071 3
      vertex -25.9264 -45.9826 3
      vertex -25.5207 -46.3384 3
    endloop
  endfacet
  facet normal 0 0 1
    outer loop
      vertex -10.261 -18.3224 3
      vertex -26.375 -45.6828 3
      vertex -25.9264 -45.9826 3
    endloop
  endfacet
  facet normal 0 0 1
    outer loop
      vertex -10.9725 -17.9054 3
      vertex -26.8589 -45.4442 3
      vertex -26.375 -45.6828 3
    endloop
  endfacet
  facet normal 0 0 1
    outer loop
      vertex -20.0861 61.8187 3
      vertex -26.9578 51.0807 3
      vertex -26.9375 50.7707 3
    endloop
  endfacet
  facet normal 0 0 1
    outer loop
      vertex -20.0861 61.8187 3
      vertex -27.0184 51.3854 3
      vertex -26.9578 51.0807 3
    endloop
  endfacet
  facet normal 0 0 1
    outer loop
      vertex -22.4976 60.9824 3
      vertex -27.1183 51.6796 3
      vertex -27.0184 51.3854 3
    endloop
  endfacet
  facet normal 0 0 1
    outer loop
      vertex -27.6331 52.4501 3
      vertex -24.8744 60.0522 3
      vertex -27.2129 59.0293 3
    endloop
  endfacet
  facet normal 0 0 1
    outer loop
      vertex -24.8744 60.0522 3
      vertex -27.2557 51.9582 3
      vertex -27.1183 51.6796 3
    endloop
  endfacet
  facet normal 0 0 1
    outer loop
      vertex -24.8744 60.0522 3
      vertex -27.4283 52.2165 3
      vertex -27.2557 51.9582 3
    endloop
  endfacet
  facet normal 0 0 1
    outer loop
      vertex -24.8744 60.0522 3
      vertex -27.6331 52.4501 3
      vertex -27.4283 52.2165 3
    endloop
  endfacet
  facet normal 0 0 1
    outer loop
      vertex -27.2129 59.0293 3
      vertex -27.8667 52.6549 3
      vertex -27.6331 52.4501 3
    endloop
  endfacet
  facet normal -0 0 1
    outer loop
      vertex -29.3437 54.6498 3
      vertex -27.8667 52.6549 3
      vertex -27.2129 59.0293 3
    endloop
  endfacet
  facet normal 0 0 1
    outer loop
      vertex -27.8667 52.6549 3
      vertex -29.3437 54.6498 3
      vertex -28.125 52.8275 3
    endloop
  endfacet
  facet normal 0 0 1
    outer loop
      vertex -28.125 52.8275 3
      vertex -29.3437 54.6498 3
      vertex -28.358 52.9424 3
    endloop
  endfacet
  facet normal -0 0 1
    outer loop
      vertex -29.5094 57.9154 3
      vertex -29.3437 54.6498 3
      vertex -27.2129 59.0293 3
    endloop
  endfacet
  facet normal 0 0 1
    outer loop
      vertex -29.3437 54.6498 3
      vertex -29.5094 57.9154 3
      vertex -29.5388 57.8997 3
    endloop
  endfacet
  facet normal 0.290276 -0.956943 0
    outer loop
      vertex 17.6436 -62.5596 0
      vertex 20.0861 -61.8187 3
      vertex 17.6436 -62.5596 3
    endloop
  endfacet
  facet normal 0.290276 -0.956943 0
    outer loop
      vertex 20.0861 -61.8187 3
      vertex 17.6436 -62.5596 0
      vertex 20.0861 -61.8187 0
    endloop
  endfacet
  facet normal -0.571797 0.820395 0
    outer loop
      vertex -36.1121 54.0455 0
      vertex -38.206 52.5861 3
      vertex -36.1121 54.0455 3
    endloop
  endfacet
  facet normal -0.571797 0.820395 0
    outer loop
      vertex -38.206 52.5861 3
      vertex -36.1121 54.0455 0
      vertex -38.206 52.5861 0
    endloop
  endfacet
  facet normal -0.998264 0.0588897 0
    outer loop
      vertex -64.8655 3.98274 0
      vertex -64.7996 5.09984 3
      vertex -64.7996 5.09984 0
    endloop
  endfacet
  facet normal -0.998264 0.0588897 0
    outer loop
      vertex -64.7996 5.09984 3
      vertex -64.8655 3.98274 0
      vertex -64.8655 3.98274 3
    endloop
  endfacet
  facet normal -0.820395 0.571797 0
    outer loop
      vertex -54.0455 36.1121 0
      vertex -52.5861 38.206 3
      vertex -52.5861 38.206 0
    endloop
  endfacet
  facet normal -0.820395 0.571797 0
    outer loop
      vertex -52.5861 38.206 3
      vertex -54.0455 36.1121 0
      vertex -54.0455 36.1121 3
    endloop
  endfacet
  facet normal -0.842219 0.539135 0
    outer loop
      vertex -55.4216 33.9624 0
      vertex -54.0455 36.1121 3
      vertex -54.0455 36.1121 0
    endloop
  endfacet
  facet normal -0.842219 0.539135 0
    outer loop
      vertex -54.0455 36.1121 3
      vertex -55.4216 33.9624 0
      vertex -55.4216 33.9624 3
    endloop
  endfacet
  facet normal 0.77301 -0.634393 0
    outer loop
      vertex 49.4264 -42.2141 3
      vertex 51.0456 -40.2411 0
      vertex 51.0456 -40.2411 3
    endloop
  endfacet
  facet normal 0.77301 -0.634393 0
    outer loop
      vertex 51.0456 -40.2411 0
      vertex 49.4264 -42.2141 3
      vertex 49.4264 -42.2141 0
    endloop
  endfacet
  facet normal 0.36445 -0.931223 0
    outer loop
      vertex 22.4976 -60.9824 0
      vertex 24.8744 -60.0522 3
      vertex 22.4976 -60.9824 3
    endloop
  endfacet
  facet normal 0.36445 -0.931223 0
    outer loop
      vertex 24.8744 -60.0522 3
      vertex 22.4976 -60.9824 0
      vertex 24.8744 -60.0522 0
    endloop
  endfacet
  facet normal -0.471055 0.882104 0
    outer loop
      vertex -29.5094 57.9154 0
      vertex -29.5388 57.8997 3
      vertex -29.5094 57.9154 3
    endloop
  endfacet
  facet normal -0.471055 0.882104 0
    outer loop
      vertex -29.5388 57.8997 3
      vertex -29.5094 57.9154 0
      vertex -29.5388 57.8997 0
    endloop
  endfacet
  facet normal 0.25247 -0.967605 0
    outer loop
      vertex 15.1739 -63.204 0
      vertex 17.6436 -62.5596 3
      vertex 15.1739 -63.204 3
    endloop
  endfacet
  facet normal 0.25247 -0.967605 0
    outer loop
      vertex 17.6436 -62.5596 3
      vertex 15.1739 -63.204 0
      vertex 17.6436 -62.5596 0
    endloop
  endfacet
  facet normal -0.916185 0.400755 0
    outer loop
      vertex -60.0522 24.8744 0
      vertex -59.0293 27.2129 3
      vertex -59.0293 27.2129 0
    endloop
  endfacet
  facet normal -0.916185 0.400755 0
    outer loop
      vertex -59.0293 27.2129 3
      vertex -60.0522 24.8744 0
      vertex -60.0522 24.8744 3
    endloop
  endfacet
  facet normal 0.634393 0.77301 -0
    outer loop
      vertex 42.2141 49.4264 0
      vertex 40.2411 51.0456 3
      vertex 42.2141 49.4264 3
    endloop
  endfacet
  facet normal 0.634393 0.77301 0
    outer loop
      vertex 40.2411 51.0456 3
      vertex 42.2141 49.4264 0
      vertex 40.2411 51.0456 0
    endloop
  endfacet
  facet normal 0.72084 0.693102 0
    outer loop
      vertex 47.731 44.122 3
      vertex 45.9619 45.9619 0
      vertex 45.9619 45.9619 3
    endloop
  endfacet
  facet normal 0.72084 0.693102 0
    outer loop
      vertex 45.9619 45.9619 0
      vertex 47.731 44.122 3
      vertex 47.731 44.122 0
    endloop
  endfacet
  facet normal -0.842219 -0.539135 0
    outer loop
      vertex -54.0455 -36.1121 0
      vertex -55.4216 -33.9624 3
      vertex -55.4216 -33.9624 0
    endloop
  endfacet
  facet normal -0.842219 -0.539135 0
    outer loop
      vertex -55.4216 -33.9624 3
      vertex -54.0455 -36.1121 0
      vertex -54.0455 -36.1121 3
    endloop
  endfacet
  facet normal -0.899746 0.436415 0
    outer loop
      vertex -59.0293 27.2129 0
      vertex -57.9154 29.5094 3
      vertex -57.9154 29.5094 0
    endloop
  endfacet
  facet normal -0.899746 0.436415 0
    outer loop
      vertex -57.9154 29.5094 3
      vertex -59.0293 27.2129 0
      vertex -59.0293 27.2129 3
    endloop
  endfacet
  facet normal 0.603548 -0.797326 0
    outer loop
      vertex 38.206 -52.5861 0
      vertex 40.2411 -51.0456 3
      vertex 38.206 -52.5861 3
    endloop
  endfacet
  facet normal 0.603548 -0.797326 0
    outer loop
      vertex 40.2411 -51.0456 3
      vertex 38.206 -52.5861 0
      vertex 40.2411 -51.0456 0
    endloop
  endfacet
  facet normal -0.0196287 0.999807 0
    outer loop
      vertex 0 65 0
      vertex -2.55189 64.9499 3
      vertex 0 65 3
    endloop
  endfacet
  facet normal -0.0196287 0.999807 0
    outer loop
      vertex -2.55189 64.9499 3
      vertex 0 65 0
      vertex -2.55189 64.9499 0
    endloop
  endfacet
  facet normal 0.995184 -0.0980261 0
    outer loop
      vertex 64.5494 -7.63993 3
      vertex 64.7996 -5.09984 0
      vertex 64.7996 -5.09984 3
    endloop
  endfacet
  facet normal 0.995184 -0.0980261 0
    outer loop
      vertex 64.7996 -5.09984 0
      vertex 64.5494 -7.63993 3
      vertex 64.5494 -7.63993 0
    endloop
  endfacet
  facet normal -0.984427 -0.175792 0
    outer loop
      vertex -63.751 -12.6809 0
      vertex -64.1997 -10.1682 3
      vertex -64.1997 -10.1682 0
    endloop
  endfacet
  facet normal -0.984427 -0.175792 0
    outer loop
      vertex -64.1997 -10.1682 3
      vertex -63.751 -12.6809 0
      vertex -63.751 -12.6809 3
    endloop
  endfacet
  facet normal -0.72084 -0.693102 0
    outer loop
      vertex -45.9619 -45.9619 0
      vertex -47.731 -44.122 3
      vertex -47.731 -44.122 0
    endloop
  endfacet
  facet normal -0.72084 -0.693102 0
    outer loop
      vertex -47.731 -44.122 3
      vertex -45.9619 -45.9619 0
      vertex -45.9619 -45.9619 3
    endloop
  endfacet
  facet normal -0.944798 -0.327653 0
    outer loop
      vertex -60.9824 -22.4976 0
      vertex -61.8187 -20.0861 3
      vertex -61.8187 -20.0861 0
    endloop
  endfacet
  facet normal -0.944798 -0.327653 0
    outer loop
      vertex -61.8187 -20.0861 3
      vertex -60.9824 -22.4976 0
      vertex -60.9824 -22.4976 3
    endloop
  endfacet
  facet normal 0.214316 0.976764 -0
    outer loop
      vertex 15.1739 63.204 0
      vertex 12.6809 63.751 3
      vertex 15.1739 63.204 3
    endloop
  endfacet
  facet normal 0.214316 0.976764 0
    outer loop
      vertex 12.6809 63.751 3
      vertex 15.1739 63.204 0
      vertex 12.6809 63.751 0
    endloop
  endfacet
  facet normal -0.137012 -0.990569 0
    outer loop
      vertex -10.1682 -64.1997 0
      vertex -7.63993 -64.5494 3
      vertex -10.1682 -64.1997 3
    endloop
  endfacet
  facet normal -0.137012 -0.990569 -0
    outer loop
      vertex -7.63993 -64.5494 3
      vertex -10.1682 -64.1997 0
      vertex -7.63993 -64.5494 0
    endloop
  endfacet
  facet normal -0.25247 -0.967605 0
    outer loop
      vertex -17.6436 -62.5596 0
      vertex -15.1739 -63.204 3
      vertex -17.6436 -62.5596 3
    endloop
  endfacet
  facet normal -0.25247 -0.967605 -0
    outer loop
      vertex -15.1739 -63.204 3
      vertex -17.6436 -62.5596 0
      vertex -15.1739 -63.204 0
    endloop
  endfacet
  facet normal -0.990569 -0.137012 0
    outer loop
      vertex -64.1997 -10.1682 0
      vertex -64.5494 -7.63993 3
      vertex -64.5494 -7.63993 0
    endloop
  endfacet
  facet normal -0.990569 -0.137012 0
    outer loop
      vertex -64.5494 -7.63993 3
      vertex -64.1997 -10.1682 0
      vertex -64.1997 -10.1682 3
    endloop
  endfacet
  facet normal 0.0196287 -0.999807 0
    outer loop
      vertex 0 -65 0
      vertex 2.55189 -64.9499 3
      vertex 0 -65 3
    endloop
  endfacet
  facet normal 0.0196287 -0.999807 0
    outer loop
      vertex 2.55189 -64.9499 3
      vertex 0 -65 0
      vertex 2.55189 -64.9499 0
    endloop
  endfacet
  facet normal -0.956943 -0.290276 0
    outer loop
      vertex -61.8187 -20.0861 0
      vertex -62.5596 -17.6436 3
      vertex -62.5596 -17.6436 0
    endloop
  endfacet
  facet normal -0.956943 -0.290276 0
    outer loop
      vertex -62.5596 -17.6436 3
      vertex -61.8187 -20.0861 0
      vertex -61.8187 -20.0861 3
    endloop
  endfacet
  facet normal -0.0196287 -0.999807 0
    outer loop
      vertex -2.55189 -64.9499 0
      vertex 0 -65 3
      vertex -2.55189 -64.9499 3
    endloop
  endfacet
  facet normal -0.0196287 -0.999807 -0
    outer loop
      vertex 0 -65 3
      vertex -2.55189 -64.9499 0
      vertex 0 -65 0
    endloop
  endfacet
  facet normal -0.998264 -0.0588897 0
    outer loop
      vertex -64.7996 -5.09984 0
      vertex -64.8655 -3.98274 3
      vertex -64.8655 -3.98274 0
    endloop
  endfacet
  facet normal -0.998264 -0.0588897 0
    outer loop
      vertex -64.8655 -3.98274 3
      vertex -64.7996 -5.09984 0
      vertex -64.7996 -5.09984 3
    endloop
  endfacet
  facet normal -0.664252 0.747509 0
    outer loop
      vertex -42.2141 49.4264 0
      vertex -44.122 47.731 3
      vertex -42.2141 49.4264 3
    endloop
  endfacet
  facet normal -0.664252 0.747509 0
    outer loop
      vertex -44.122 47.731 3
      vertex -42.2141 49.4264 0
      vertex -44.122 47.731 0
    endloop
  endfacet
  facet normal 0.327653 0.944798 -0
    outer loop
      vertex 22.4976 60.9824 0
      vertex 20.0861 61.8187 3
      vertex 22.4976 60.9824 3
    endloop
  endfacet
  facet normal 0.327653 0.944798 0
    outer loop
      vertex 20.0861 61.8187 3
      vertex 22.4976 60.9824 0
      vertex 20.0861 61.8187 0
    endloop
  endfacet
  facet normal 0.820395 -0.571797 0
    outer loop
      vertex 52.5861 -38.206 3
      vertex 54.0455 -36.1121 0
      vertex 54.0455 -36.1121 3
    endloop
  endfacet
  facet normal 0.820395 -0.571797 0
    outer loop
      vertex 54.0455 -36.1121 0
      vertex 52.5861 -38.206 3
      vertex 52.5861 -38.206 0
    endloop
  endfacet
  facet normal 0.137012 -0.990569 0
    outer loop
      vertex 7.63993 -64.5494 0
      vertex 10.1682 -64.1997 3
      vertex 7.63993 -64.5494 3
    endloop
  endfacet
  facet normal 0.137012 -0.990569 0
    outer loop
      vertex 10.1682 -64.1997 3
      vertex 7.63993 -64.5494 0
      vertex 10.1682 -64.1997 0
    endloop
  endfacet
  facet normal -0.967605 0.25247 0
    outer loop
      vertex -63.204 15.1739 0
      vertex -62.5596 17.6436 3
      vertex -62.5596 17.6436 0
    endloop
  endfacet
  facet normal -0.967605 0.25247 0
    outer loop
      vertex -62.5596 17.6436 3
      vertex -63.204 15.1739 0
      vertex -63.204 15.1739 3
    endloop
  endfacet
  facet normal 0.967605 -0.25247 0
    outer loop
      vertex 62.5596 -17.6436 3
      vertex 63.204 -15.1739 0
      vertex 63.204 -15.1739 3
    endloop
  endfacet
  facet normal 0.967605 -0.25247 0
    outer loop
      vertex 63.204 -15.1739 0
      vertex 62.5596 -17.6436 3
      vertex 62.5596 -17.6436 0
    endloop
  endfacet
  facet normal 0.899746 0.436415 0
    outer loop
      vertex 59.0293 27.2129 3
      vertex 57.9154 29.5094 0
      vertex 57.9154 29.5094 3
    endloop
  endfacet
  facet normal 0.899746 0.436415 0
    outer loop
      vertex 57.9154 29.5094 0
      vertex 59.0293 27.2129 3
      vertex 59.0293 27.2129 0
    endloop
  endfacet
  facet normal -0.862737 0.505653 0
    outer loop
      vertex -56.7122 31.7604 0
      vertex -55.4216 33.9624 3
      vertex -55.4216 33.9624 0
    endloop
  endfacet
  facet normal -0.862737 0.505653 0
    outer loop
      vertex -55.4216 33.9624 3
      vertex -56.7122 31.7604 0
      vertex -56.7122 31.7604 3
    endloop
  endfacet
  facet normal -0.862737 -0.505653 0
    outer loop
      vertex -55.4216 -33.9624 0
      vertex -56.7122 -31.7604 3
      vertex -56.7122 -31.7604 0
    endloop
  endfacet
  facet normal -0.862737 -0.505653 0
    outer loop
      vertex -56.7122 -31.7604 3
      vertex -55.4216 -33.9624 0
      vertex -55.4216 -33.9624 3
    endloop
  endfacet
  facet normal -0.967605 -0.25247 0
    outer loop
      vertex -62.5596 -17.6436 0
      vertex -63.204 -15.1739 3
      vertex -63.204 -15.1739 0
    endloop
  endfacet
  facet normal -0.967605 -0.25247 0
    outer loop
      vertex -63.204 -15.1739 3
      vertex -62.5596 -17.6436 0
      vertex -62.5596 -17.6436 3
    endloop
  endfacet
  facet normal -0.976764 -0.214316 0
    outer loop
      vertex -63.204 -15.1739 0
      vertex -63.751 -12.6809 3
      vertex -63.751 -12.6809 0
    endloop
  endfacet
  facet normal -0.976764 -0.214316 0
    outer loop
      vertex -63.751 -12.6809 3
      vertex -63.204 -15.1739 0
      vertex -63.204 -15.1739 3
    endloop
  endfacet
  facet normal -0.290276 -0.956943 0
    outer loop
      vertex -20.0861 -61.8187 0
      vertex -17.6436 -62.5596 3
      vertex -20.0861 -61.8187 3
    endloop
  endfacet
  facet normal -0.290276 -0.956943 -0
    outer loop
      vertex -17.6436 -62.5596 3
      vertex -20.0861 -61.8187 0
      vertex -17.6436 -62.5596 0
    endloop
  endfacet
  facet normal 0.539136 0.842219 -0
    outer loop
      vertex 36.1121 54.0455 0
      vertex 34.838 54.8611 3
      vertex 36.1121 54.0455 3
    endloop
  endfacet
  facet normal 0.539136 0.842219 0
    outer loop
      vertex 34.838 54.8611 3
      vertex 36.1121 54.0455 0
      vertex 34.838 54.8611 0
    endloop
  endfacet
  facet normal 0.797326 0.603548 0
    outer loop
      vertex 52.5861 38.206 3
      vertex 51.0456 40.2411 0
      vertex 51.0456 40.2411 3
    endloop
  endfacet
  facet normal 0.797326 0.603548 0
    outer loop
      vertex 51.0456 40.2411 0
      vertex 52.5861 38.206 3
      vertex 52.5861 38.206 0
    endloop
  endfacet
  facet normal -0.36445 -0.931223 0
    outer loop
      vertex -24.8744 -60.0522 0
      vertex -22.4976 -60.9824 3
      vertex -24.8744 -60.0522 3
    endloop
  endfacet
  facet normal -0.36445 -0.931223 -0
    outer loop
      vertex -22.4976 -60.9824 3
      vertex -24.8744 -60.0522 0
      vertex -22.4976 -60.9824 0
    endloop
  endfacet
  facet normal 0.400755 0.916185 -0
    outer loop
      vertex 27.2129 59.0293 0
      vertex 24.8744 60.0522 3
      vertex 27.2129 59.0293 3
    endloop
  endfacet
  facet normal 0.400755 0.916185 0
    outer loop
      vertex 24.8744 60.0522 3
      vertex 27.2129 59.0293 0
      vertex 24.8744 60.0522 0
    endloop
  endfacet
  facet normal -0.931223 -0.36445 0
    outer loop
      vertex -60.0522 -24.8744 0
      vertex -60.9824 -22.4976 3
      vertex -60.9824 -22.4976 0
    endloop
  endfacet
  facet normal -0.931223 -0.36445 0
    outer loop
      vertex -60.9824 -22.4976 3
      vertex -60.0522 -24.8744 0
      vertex -60.0522 -24.8744 3
    endloop
  endfacet
  facet normal -0.881919 0.471401 0
    outer loop
      vertex -57.9154 29.5094 0
      vertex -56.7122 31.7604 3
      vertex -56.7122 31.7604 0
    endloop
  endfacet
  facet normal -0.881919 0.471401 0
    outer loop
      vertex -56.7122 31.7604 3
      vertex -57.9154 29.5094 0
      vertex -57.9154 29.5094 3
    endloop
  endfacet
  facet normal -0.693102 -0.72084 0
    outer loop
      vertex -45.9619 -45.9619 0
      vertex -44.122 -47.731 3
      vertex -45.9619 -45.9619 3
    endloop
  endfacet
  facet normal -0.693102 -0.72084 -0
    outer loop
      vertex -44.122 -47.731 3
      vertex -45.9619 -45.9619 0
      vertex -44.122 -47.731 0
    endloop
  endfacet
  facet normal -0.571796 -0.820396 0
    outer loop
      vertex -38.206 -52.5861 0
      vertex -36.5695 -53.7267 3
      vertex -38.206 -52.5861 3
    endloop
  endfacet
  facet normal -0.571796 -0.820396 -0
    outer loop
      vertex -36.5695 -53.7267 3
      vertex -38.206 -52.5861 0
      vertex -36.5695 -53.7267 0
    endloop
  endfacet
  facet normal -0.0980261 0.995184 0
    outer loop
      vertex -5.09984 64.7996 0
      vertex -7.63993 64.5494 3
      vertex -5.09984 64.7996 3
    endloop
  endfacet
  facet normal -0.0980261 0.995184 0
    outer loop
      vertex -7.63993 64.5494 3
      vertex -5.09984 64.7996 0
      vertex -7.63993 64.5494 0
    endloop
  endfacet
  facet normal -0.214316 0.976764 0
    outer loop
      vertex -12.6809 63.751 0
      vertex -15.1739 63.204 3
      vertex -12.6809 63.751 3
    endloop
  endfacet
  facet normal -0.214316 0.976764 0
    outer loop
      vertex -15.1739 63.204 3
      vertex -12.6809 63.751 0
      vertex -15.1739 63.204 0
    endloop
  endfacet
  facet normal 0.77301 0.634393 0
    outer loop
      vertex 51.0456 40.2411 3
      vertex 49.4264 42.2141 0
      vertex 49.4264 42.2141 3
    endloop
  endfacet
  facet normal 0.77301 0.634393 0
    outer loop
      vertex 49.4264 42.2141 0
      vertex 51.0456 40.2411 3
      vertex 51.0456 40.2411 0
    endloop
  endfacet
  facet normal -0.137012 0.990569 0
    outer loop
      vertex -7.63993 64.5494 0
      vertex -10.1682 64.1997 3
      vertex -7.63993 64.5494 3
    endloop
  endfacet
  facet normal -0.137012 0.990569 0
    outer loop
      vertex -10.1682 64.1997 3
      vertex -7.63993 64.5494 0
      vertex -10.1682 64.1997 0
    endloop
  endfacet
  facet normal -0.72084 0.693102 0
    outer loop
      vertex -47.731 44.122 0
      vertex -45.9619 45.9619 3
      vertex -45.9619 45.9619 0
    endloop
  endfacet
  facet normal -0.72084 0.693102 0
    outer loop
      vertex -45.9619 45.9619 3
      vertex -47.731 44.122 0
      vertex -47.731 44.122 3
    endloop
  endfacet
  facet normal -0.797326 -0.603548 0
    outer loop
      vertex -51.0456 -40.2411 0
      vertex -52.5861 -38.206 3
      vertex -52.5861 -38.206 0
    endloop
  endfacet
  facet normal -0.797326 -0.603548 0
    outer loop
      vertex -52.5861 -38.206 3
      vertex -51.0456 -40.2411 0
      vertex -51.0456 -40.2411 3
    endloop
  endfacet
  facet normal 0.916185 -0.400755 0
    outer loop
      vertex 59.0293 -27.2129 3
      vertex 60.0522 -24.8744 0
      vertex 60.0522 -24.8744 3
    endloop
  endfacet
  facet normal 0.916185 -0.400755 0
    outer loop
      vertex 60.0522 -24.8744 0
      vertex 59.0293 -27.2129 3
      vertex 59.0293 -27.2129 0
    endloop
  endfacet
  facet normal 0.634393 -0.77301 0
    outer loop
      vertex 40.2411 -51.0456 0
      vertex 42.2141 -49.4264 3
      vertex 40.2411 -51.0456 3
    endloop
  endfacet
  facet normal 0.634393 -0.77301 0
    outer loop
      vertex 42.2141 -49.4264 3
      vertex 40.2411 -51.0456 0
      vertex 42.2141 -49.4264 0
    endloop
  endfacet
  facet normal 0.984427 -0.175792 0
    outer loop
      vertex 63.751 -12.6809 3
      vertex 64.1997 -10.1682 0
      vertex 64.1997 -10.1682 3
    endloop
  endfacet
  facet normal 0.984427 -0.175792 0
    outer loop
      vertex 64.1997 -10.1682 0
      vertex 63.751 -12.6809 3
      vertex 63.751 -12.6809 0
    endloop
  endfacet
  facet normal 0.36445 0.931223 -0
    outer loop
      vertex 24.8744 60.0522 0
      vertex 22.4976 60.9824 3
      vertex 24.8744 60.0522 3
    endloop
  endfacet
  facet normal 0.36445 0.931223 0
    outer loop
      vertex 22.4976 60.9824 3
      vertex 24.8744 60.0522 0
      vertex 22.4976 60.9824 0
    endloop
  endfacet
  facet normal -0.995184 0.0980261 0
    outer loop
      vertex -64.7996 5.09984 0
      vertex -64.5494 7.63993 3
      vertex -64.5494 7.63993 0
    endloop
  endfacet
  facet normal -0.995184 0.0980261 0
    outer loop
      vertex -64.5494 7.63993 3
      vertex -64.7996 5.09984 0
      vertex -64.7996 5.09984 3
    endloop
  endfacet
  facet normal 0.899746 -0.436415 0
    outer loop
      vertex 57.9154 -29.5094 3
      vertex 59.0293 -27.2129 0
      vertex 59.0293 -27.2129 3
    endloop
  endfacet
  facet normal 0.899746 -0.436415 0
    outer loop
      vertex 59.0293 -27.2129 0
      vertex 57.9154 -29.5094 3
      vertex 57.9154 -29.5094 0
    endloop
  endfacet
  facet normal -0.214316 -0.976764 0
    outer loop
      vertex -15.1739 -63.204 0
      vertex -12.6809 -63.751 3
      vertex -15.1739 -63.204 3
    endloop
  endfacet
  facet normal -0.214316 -0.976764 -0
    outer loop
      vertex -12.6809 -63.751 3
      vertex -15.1739 -63.204 0
      vertex -12.6809 -63.751 0
    endloop
  endfacet
  facet normal -0.747509 0.664252 0
    outer loop
      vertex -49.4264 42.2141 0
      vertex -47.731 44.122 3
      vertex -47.731 44.122 0
    endloop
  endfacet
  facet normal -0.747509 0.664252 0
    outer loop
      vertex -47.731 44.122 3
      vertex -49.4264 42.2141 0
      vertex -49.4264 42.2141 3
    endloop
  endfacet
  facet normal -0.995184 -0.0980261 0
    outer loop
      vertex -64.5494 -7.63993 0
      vertex -64.7996 -5.09984 3
      vertex -64.7996 -5.09984 0
    endloop
  endfacet
  facet normal -0.995184 -0.0980261 0
    outer loop
      vertex -64.7996 -5.09984 3
      vertex -64.5494 -7.63993 0
      vertex -64.5494 -7.63993 3
    endloop
  endfacet
  facet normal -0.77301 -0.634393 0
    outer loop
      vertex -49.4264 -42.2141 0
      vertex -51.0456 -40.2411 3
      vertex -51.0456 -40.2411 0
    endloop
  endfacet
  facet normal -0.77301 -0.634393 0
    outer loop
      vertex -51.0456 -40.2411 3
      vertex -49.4264 -42.2141 0
      vertex -49.4264 -42.2141 3
    endloop
  endfacet
  facet normal -0.990569 0.137012 0
    outer loop
      vertex -64.5494 7.63993 0
      vertex -64.1997 10.1682 3
      vertex -64.1997 10.1682 0
    endloop
  endfacet
  facet normal -0.990569 0.137012 0
    outer loop
      vertex -64.1997 10.1682 3
      vertex -64.5494 7.63993 0
      vertex -64.5494 7.63993 3
    endloop
  endfacet
  facet normal -0.881919 -0.471401 0
    outer loop
      vertex -56.7122 -31.7604 0
      vertex -57.9154 -29.5094 3
      vertex -57.9154 -29.5094 0
    endloop
  endfacet
  facet normal -0.881919 -0.471401 0
    outer loop
      vertex -57.9154 -29.5094 3
      vertex -56.7122 -31.7604 0
      vertex -56.7122 -31.7604 3
    endloop
  endfacet
  facet normal 0.25247 0.967605 -0
    outer loop
      vertex 17.6436 62.5596 0
      vertex 15.1739 63.204 3
      vertex 17.6436 62.5596 3
    endloop
  endfacet
  facet normal 0.25247 0.967605 0
    outer loop
      vertex 15.1739 63.204 3
      vertex 17.6436 62.5596 0
      vertex 15.1739 63.204 0
    endloop
  endfacet
  facet normal -0.664252 -0.747509 0
    outer loop
      vertex -44.122 -47.731 0
      vertex -42.2141 -49.4264 3
      vertex -44.122 -47.731 3
    endloop
  endfacet
  facet normal -0.664252 -0.747509 -0
    outer loop
      vertex -42.2141 -49.4264 3
      vertex -44.122 -47.731 0
      vertex -42.2141 -49.4264 0
    endloop
  endfacet
  facet normal 0.0980261 0.995184 -0
    outer loop
      vertex 7.63993 64.5494 0
      vertex 5.09984 64.7996 3
      vertex 7.63993 64.5494 3
    endloop
  endfacet
  facet normal 0.0980261 0.995184 0
    outer loop
      vertex 5.09984 64.7996 3
      vertex 7.63993 64.5494 0
      vertex 5.09984 64.7996 0
    endloop
  endfacet
  facet normal -0.436415 0.899746 0
    outer loop
      vertex -27.2129 59.0293 0
      vertex -29.5094 57.9154 3
      vertex -27.2129 59.0293 3
    endloop
  endfacet
  facet normal -0.436415 0.899746 0
    outer loop
      vertex -29.5094 57.9154 3
      vertex -27.2129 59.0293 0
      vertex -29.5094 57.9154 0
    endloop
  endfacet
  facet normal 0 0 -1
    outer loop
      vertex -26.9578 51.0807 0
      vertex -20.0861 61.8187 0
      vertex -26.9375 50.7707 0
    endloop
  endfacet
  facet normal 0 0 -1
    outer loop
      vertex -14.9884 0.588897 0
      vertex -27.0184 50.156 0
      vertex -26.9578 50.4607 0
    endloop
  endfacet
  facet normal 0 0 -1
    outer loop
      vertex -14.9884 0.588897 0
      vertex -27.1183 49.8618 0
      vertex -27.0184 50.156 0
    endloop
  endfacet
  facet normal 0 0 -1
    outer loop
      vertex -14.9884 0.588897 0
      vertex -27.2557 49.5832 0
      vertex -27.1183 49.8618 0
    endloop
  endfacet
  facet normal 0 0 -1
    outer loop
      vertex -14.4368 -4.07161 0
      vertex -54.9879 -1.19588 0
      vertex -14.5855 -3.50168 0
    endloop
  endfacet
  facet normal 0 0 -1
    outer loop
      vertex -14.9884 0.588897 0
      vertex -27.4283 49.3249 0
      vertex -27.2557 49.5832 0
    endloop
  endfacet
  facet normal 0 0 -1
    outer loop
      vertex -14.9884 0.588897 0
      vertex -27.6331 49.0913 0
      vertex -27.4283 49.3249 0
    endloop
  endfacet
  facet normal 0 0 -1
    outer loop
      vertex -14.9884 0.588897 0
      vertex -27.8667 48.8865 0
      vertex -27.6331 49.0913 0
    endloop
  endfacet
  facet normal 0 0 -1
    outer loop
      vertex -14.5855 -3.50168 0
      vertex -54.9879 -1.19588 0
      vertex -14.7118 -2.92635 0
    endloop
  endfacet
  facet normal 0 0 -1
    outer loop
      vertex -14.9884 0.588897 0
      vertex -28.125 48.7139 0
      vertex -27.8667 48.8865 0
    endloop
  endfacet
  facet normal 0 0 -1
    outer loop
      vertex -54.7767 0.407883 0
      vertex -14.9884 0.588897 0
      vertex -54.75 0 0
    endloop
  endfacet
  facet normal 0 -0 -1
    outer loop
      vertex -54.8565 -0.808807 0
      vertex -14.7118 -2.92635 0
      vertex -54.9879 -1.19588 0
    endloop
  endfacet
  facet normal 0 0 -1
    outer loop
      vertex -54.8565 0.808807 0
      vertex -14.9884 0.588897 0
      vertex -54.7767 0.407883 0
    endloop
  endfacet
  facet normal 0 0 -1
    outer loop
      vertex -14.7118 -2.92635 0
      vertex -54.8565 -0.808807 0
      vertex -14.8153 -2.34652 0
    endloop
  endfacet
  facet normal 0 0 -1
    outer loop
      vertex -14.9884 0.588897 0
      vertex -28.4036 48.5765 0
      vertex -28.125 48.7139 0
    endloop
  endfacet
  facet normal 0 0 -1
    outer loop
      vertex -54.9879 1.19588 0
      vertex -14.9884 0.588897 0
      vertex -54.8565 0.808807 0
    endloop
  endfacet
  facet normal 0 0 -1
    outer loop
      vertex -55.4216 -33.9624 0
      vertex -28.9759 -45.1655 0
      vertex -29.5051 -45.2707 0
    endloop
  endfacet
  facet normal 0 0 -1
    outer loop
      vertex -14.9884 0.588897 0
      vertex -28.6978 48.4767 0
      vertex -28.4036 48.5765 0
    endloop
  endfacet
  facet normal 0 0 -1
    outer loop
      vertex -55.1687 1.5625 0
      vertex -14.9884 0.588897 0
      vertex -54.9879 1.19588 0
    endloop
  endfacet
  facet normal 0 0 -1
    outer loop
      vertex -52.5861 -38.206 0
      vertex -29.5051 -45.2707 0
      vertex -30.016 -45.4442 0
    endloop
  endfacet
  facet normal 0 0 -1
    outer loop
      vertex -14.9884 0.588897 0
      vertex -29.0025 48.416 0
      vertex -28.6978 48.4767 0
    endloop
  endfacet
  facet normal 0 0 -1
    outer loop
      vertex -51.0456 -40.2411 0
      vertex -30.016 -45.4442 0
      vertex -30.5 -45.6828 0
    endloop
  endfacet
  facet normal 0 0 -1
    outer loop
      vertex -55.3958 1.90237 0
      vertex -14.9884 0.588897 0
      vertex -55.1687 1.5625 0
    endloop
  endfacet
  facet normal 0 0 -1
    outer loop
      vertex -14.9884 0.588897 0
      vertex -29.3125 48.3957 0
      vertex -29.0025 48.416 0
    endloop
  endfacet
  facet normal 0 0 -1
    outer loop
      vertex -47.731 -44.122 0
      vertex -30.5 -45.6828 0
      vertex -30.9486 -45.9826 0
    endloop
  endfacet
  facet normal 0 -0 -1
    outer loop
      vertex -54.0455 36.1121 0
      vertex -14.9884 0.588897 0
      vertex -55.4216 33.9624 0
    endloop
  endfacet
  facet normal 0 0 -1
    outer loop
      vertex -14.9884 0.588897 0
      vertex -54.0455 36.1121 0
      vertex -29.3125 48.3957 0
    endloop
  endfacet
  facet normal 0 0 -1
    outer loop
      vertex -45.9619 -45.9619 0
      vertex -30.9486 -45.9826 0
      vertex -31.3543 -46.3384 0
    endloop
  endfacet
  facet normal -0 0 -1
    outer loop
      vertex -29.3125 48.3957 0
      vertex -54.0455 36.1121 0
      vertex -29.6225 48.416 0
    endloop
  endfacet
  facet normal 0 -0 -1
    outer loop
      vertex -52.5861 38.206 0
      vertex -29.6225 48.416 0
      vertex -54.0455 36.1121 0
    endloop
  endfacet
  facet normal 0 -0 -1
    outer loop
      vertex -51.0456 40.2411 0
      vertex -29.6225 48.416 0
      vertex -52.5861 38.206 0
    endloop
  endfacet
  facet normal -0 0 -1
    outer loop
      vertex -29.6225 48.416 0
      vertex -51.0456 40.2411 0
      vertex -29.9272 48.4767 0
    endloop
  endfacet
  facet normal 0 -0 -1
    outer loop
      vertex -49.4264 42.2141 0
      vertex -29.9272 48.4767 0
      vertex -51.0456 40.2411 0
    endloop
  endfacet
  facet normal 0 0 -1
    outer loop
      vertex -44.122 -47.731 0
      vertex -31.3543 -46.3384 0
      vertex -31.7101 -46.744 0
    endloop
  endfacet
  facet normal 0 0 -1
    outer loop
      vertex -57.9154 -29.5094 0
      vertex -13.3651 -6.80986 0
      vertex -56.7122 -31.7604 0
    endloop
  endfacet
  facet normal -0 0 -1
    outer loop
      vertex -13.3651 -6.80986 0
      vertex -57.9154 -29.5094 0
      vertex -13.6221 -6.2799 0
    endloop
  endfacet
  facet normal 0 -0 -1
    outer loop
      vertex -55.3958 -1.90237 0
      vertex -13.6221 -6.2799 0
      vertex -57.9154 -29.5094 0
    endloop
  endfacet
  facet normal 0 0 -1
    outer loop
      vertex -13.6221 -6.2799 0
      vertex -55.3958 -1.90237 0
      vertex -13.8582 -5.74025 0
    endloop
  endfacet
  facet normal 0 0 -1
    outer loop
      vertex -17.6436 62.5596 0
      vertex -26.9375 50.7707 0
      vertex -20.0861 61.8187 0
    endloop
  endfacet
  facet normal 0 -0 -1
    outer loop
      vertex -55.1687 -1.5625 0
      vertex -13.8582 -5.74025 0
      vertex -55.3958 -1.90237 0
    endloop
  endfacet
  facet normal 0 0 -1
    outer loop
      vertex -13.8582 -5.74025 0
      vertex -55.1687 -1.5625 0
      vertex -14.0729 -5.19176 0
    endloop
  endfacet
  facet normal 0 0 -1
    outer loop
      vertex -14.0729 -5.19176 0
      vertex -55.1687 -1.5625 0
      vertex -14.2658 -4.63525 0
    endloop
  endfacet
  facet normal 0 -0 -1
    outer loop
      vertex -54.9879 -1.19588 0
      vertex -14.2658 -4.63525 0
      vertex -55.1687 -1.5625 0
    endloop
  endfacet
  facet normal 0 0 -1
    outer loop
      vertex -14.2658 -4.63525 0
      vertex -54.9879 -1.19588 0
      vertex -14.4368 -4.07161 0
    endloop
  endfacet
  facet normal 0 0 -1
    outer loop
      vertex -27.0184 51.3854 0
      vertex -20.0861 61.8187 0
      vertex -26.9578 51.0807 0
    endloop
  endfacet
  facet normal 0 0 -1
    outer loop
      vertex -20.0861 61.8187 0
      vertex -27.0184 51.3854 0
      vertex -22.4976 60.9824 0
    endloop
  endfacet
  facet normal 0 0 -1
    outer loop
      vertex -27.1183 51.6796 0
      vertex -22.4976 60.9824 0
      vertex -27.0184 51.3854 0
    endloop
  endfacet
  facet normal 0 0 -1
    outer loop
      vertex -22.4976 60.9824 0
      vertex -27.1183 51.6796 0
      vertex -24.8744 60.0522 0
    endloop
  endfacet
  facet normal 0 0 -1
    outer loop
      vertex -27.2557 51.9582 0
      vertex -24.8744 60.0522 0
      vertex -27.1183 51.6796 0
    endloop
  endfacet
  facet normal 0 0 -1
    outer loop
      vertex -27.4283 52.2165 0
      vertex -24.8744 60.0522 0
      vertex -27.2557 51.9582 0
    endloop
  endfacet
  facet normal 0 0 -1
    outer loop
      vertex -27.6331 52.4501 0
      vertex -24.8744 60.0522 0
      vertex -27.4283 52.2165 0
    endloop
  endfacet
  facet normal 0 0 -1
    outer loop
      vertex -24.8744 60.0522 0
      vertex -27.6331 52.4501 0
      vertex -27.2129 59.0293 0
    endloop
  endfacet
  facet normal 0 0 -1
    outer loop
      vertex -27.8667 52.6549 0
      vertex -27.2129 59.0293 0
      vertex -27.6331 52.4501 0
    endloop
  endfacet
  facet normal 0 0 -1
    outer loop
      vertex -29.3437 54.6498 0
      vertex -27.8667 52.6549 0
      vertex -28.125 52.8275 0
    endloop
  endfacet
  facet normal 0 0 -1
    outer loop
      vertex -29.3437 54.6498 0
      vertex -28.125 52.8275 0
      vertex -28.358 52.9424 0
    endloop
  endfacet
  facet normal 0 0 -1
    outer loop
      vertex -27.8667 52.6549 0
      vertex -29.3437 54.6498 0
      vertex -27.2129 59.0293 0
    endloop
  endfacet
  facet normal 0 0 -1
    outer loop
      vertex -29.3437 54.6498 0
      vertex -29.5094 57.9154 0
      vertex -27.2129 59.0293 0
    endloop
  endfacet
  facet normal 0 -0 -1
    outer loop
      vertex -29.5094 57.9154 0
      vertex -29.3437 54.6498 0
      vertex -29.5388 57.8997 0
    endloop
  endfacet
  facet normal 0 0 -1
    outer loop
      vertex 27.2129 -59.0293 0
      vertex 27.1895 -55.8936 0
      vertex 27.373 -58.9516 0
    endloop
  endfacet
  facet normal 0 0 -1
    outer loop
      vertex 24.8744 -60.0522 0
      vertex 27.1895 -55.8936 0
      vertex 27.2129 -59.0293 0
    endloop
  endfacet
  facet normal 0 -0 -1
    outer loop
      vertex 25.375 -52.8275 0
      vertex 27.1895 -55.8936 0
      vertex 24.8744 -60.0522 0
    endloop
  endfacet
  facet normal 0 0 -1
    outer loop
      vertex 27.1895 -55.8936 0
      vertex 25.375 -52.8275 0
      vertex 25.437 -52.8581 0
    endloop
  endfacet
  facet normal 0 0 -1
    outer loop
      vertex 24.8744 -60.0522 0
      vertex 24.8176 -52.4551 0
      vertex 25.375 -52.8275 0
    endloop
  endfacet
  facet normal 0 0 -1
    outer loop
      vertex 22.4976 -60.9824 0
      vertex 24.8176 -52.4551 0
      vertex 24.8744 -60.0522 0
    endloop
  endfacet
  facet normal -0 0 -1
    outer loop
      vertex 24.8176 -52.4551 0
      vertex 22.4976 -60.9824 0
      vertex 24.3136 -52.0131 0
    endloop
  endfacet
  facet normal -0 0 -1
    outer loop
      vertex 24.3136 -52.0131 0
      vertex 22.4976 -60.9824 0
      vertex 23.8716 -51.5091 0
    endloop
  endfacet
  facet normal 0 0 -1
    outer loop
      vertex 20.0861 -61.8187 0
      vertex 23.8716 -51.5091 0
      vertex 22.4976 -60.9824 0
    endloop
  endfacet
  facet normal -0 0 -1
    outer loop
      vertex 23.8716 -51.5091 0
      vertex 20.0861 -61.8187 0
      vertex 23.4991 -50.9517 0
    endloop
  endfacet
  facet normal 0 0 -1
    outer loop
      vertex 17.6436 -62.5596 0
      vertex 23.4991 -50.9517 0
      vertex 20.0861 -61.8187 0
    endloop
  endfacet
  facet normal 0 0 -1
    outer loop
      vertex 15.1739 -63.204 0
      vertex 23.2026 -50.3504 0
      vertex 17.6436 -62.5596 0
    endloop
  endfacet
  facet normal -0 0 -1
    outer loop
      vertex 23.4991 -50.9517 0
      vertex 17.6436 -62.5596 0
      vertex 23.2026 -50.3504 0
    endloop
  endfacet
  facet normal 0 0 -1
    outer loop
      vertex 32.1042 53.0561 0
      vertex 31.2986 51.2081 0
      vertex 31.3125 51.4203 0
    endloop
  endfacet
  facet normal 0 0 -1
    outer loop
      vertex 58.75 0 0
      vertex 31.2571 50.9997 0
      vertex 31.2986 51.2081 0
    endloop
  endfacet
  facet normal 0 0 -1
    outer loop
      vertex 58.75 0 0
      vertex 31.1888 50.7984 0
      vertex 31.2571 50.9997 0
    endloop
  endfacet
  facet normal 0 0 -1
    outer loop
      vertex 58.75 0 0
      vertex 31.0948 50.6078 0
      vertex 31.1888 50.7984 0
    endloop
  endfacet
  facet normal 0 0 -1
    outer loop
      vertex 60.9824 -22.4976 0
      vertex 14.0729 -5.19176 0
      vertex 58.9007 -0.5625 0
    endloop
  endfacet
  facet normal 0 0 -1
    outer loop
      vertex 58.75 0 0
      vertex 30.9767 50.431 0
      vertex 31.0948 50.6078 0
    endloop
  endfacet
  facet normal 0 0 -1
    outer loop
      vertex 14.9538 1.17689 0
      vertex 58.75 0 0
      vertex 14.9884 0.588897 0
    endloop
  endfacet
  facet normal 0 0 -1
    outer loop
      vertex 14.896 1.76306 0
      vertex 58.75 0 0
      vertex 14.9538 1.17689 0
    endloop
  endfacet
  facet normal 0 -0 -1
    outer loop
      vertex 14.2658 -4.63525 0
      vertex 58.9007 -0.5625 0
      vertex 14.0729 -5.19176 0
    endloop
  endfacet
  facet normal 0 0 -1
    outer loop
      vertex 58.75 0 0
      vertex 30.8365 50.2712 0
      vertex 30.9767 50.431 0
    endloop
  endfacet
  facet normal 0 0 -1
    outer loop
      vertex 14.8153 2.34652 0
      vertex 58.75 0 0
      vertex 14.896 1.76306 0
    endloop
  endfacet
  facet normal 0 0 -1
    outer loop
      vertex 14.7118 2.92635 0
      vertex 58.75 0 0
      vertex 14.8153 2.34652 0
    endloop
  endfacet
  facet normal 0 0 -1
    outer loop
      vertex 14.5855 3.50168 0
      vertex 58.75 0 0
      vertex 14.7118 2.92635 0
    endloop
  endfacet
  facet normal -0 0 -1
    outer loop
      vertex 58.9007 -0.5625 0
      vertex 14.2658 -4.63525 0
      vertex 58.8356 -0.430511 0
    endloop
  endfacet
  facet normal 0 0 -1
    outer loop
      vertex 58.75 0 0
      vertex 30.6767 50.131 0
      vertex 30.8365 50.2712 0
    endloop
  endfacet
  facet normal 0 0 -1
    outer loop
      vertex 14.4368 4.07161 0
      vertex 58.75 0 0
      vertex 14.5855 3.50168 0
    endloop
  endfacet
  facet normal 0 0 -1
    outer loop
      vertex 14.2658 4.63525 0
      vertex 58.75 0 0
      vertex 14.4368 4.07161 0
    endloop
  endfacet
  facet normal 0 0 -1
    outer loop
      vertex 13.6221 -6.2799 0
      vertex 29.8987 -43.6543 0
      vertex 29.2639 -43.4388 0
    endloop
  endfacet
  facet normal 0 0 -1
    outer loop
      vertex 58.75 0 0
      vertex 30.5 50.013 0
      vertex 30.6767 50.131 0
    endloop
  endfacet
  facet normal 0 0 -1
    outer loop
      vertex 14.0729 5.19176 0
      vertex 58.75 0 0
      vertex 14.2658 4.63525 0
    endloop
  endfacet
  facet normal 0 0 -1
    outer loop
      vertex 13.8582 5.74025 0
      vertex 58.75 0 0
      vertex 14.0729 5.19176 0
    endloop
  endfacet
  facet normal 0 0 -1
    outer loop
      vertex 13.0874 -7.32932 0
      vertex 29.2639 -43.4388 0
      vertex 28.6064 -43.308 0
    endloop
  endfacet
  facet normal 0 0 -1
    outer loop
      vertex 13.6221 6.2799 0
      vertex 58.75 0 0
      vertex 13.8582 5.74025 0
    endloop
  endfacet
  facet normal 0 0 -1
    outer loop
      vertex 58.75 0 0
      vertex 30.3093 49.9189 0
      vertex 30.5 50.013 0
    endloop
  endfacet
  facet normal 0 0 -1
    outer loop
      vertex 13.3651 6.80986 0
      vertex 58.75 0 0
      vertex 13.6221 6.2799 0
    endloop
  endfacet
  facet normal 0 0 -1
    outer loop
      vertex 13.0874 7.32932 0
      vertex 58.75 0 0
      vertex 13.3651 6.80986 0
    endloop
  endfacet
  facet normal 0 0 -1
    outer loop
      vertex 58.75 0 0
      vertex 30.1081 49.8506 0
      vertex 30.3093 49.9189 0
    endloop
  endfacet
  facet normal 0 0 -1
    outer loop
      vertex 58.75 0 0
      vertex 13.0874 7.32932 0
      vertex 30.1081 49.8506 0
    endloop
  endfacet
  facet normal 0 0 -1
    outer loop
      vertex 12.7896 7.83748 0
      vertex 30.1081 49.8506 0
      vertex 13.0874 7.32932 0
    endloop
  endfacet
  facet normal 0 0 -1
    outer loop
      vertex 12.1353 -8.81678 0
      vertex 28.6064 -43.308 0
      vertex 27.9375 -43.2642 0
    endloop
  endfacet
  facet normal 0 0 -1
    outer loop
      vertex 34.8105 -51.4936 0
      vertex 33.058 -48.4581 0
      vertex 33.0625 -48.3892 0
    endloop
  endfacet
  facet normal 0 0 -1
    outer loop
      vertex 62 -0.799988 0
      vertex 64.9499 -2.55189 0
      vertex 64.7996 -5.09984 0
    endloop
  endfacet
  facet normal 0 0 -1
    outer loop
      vertex 59.875 -1.125 0
      vertex 64.7996 -5.09984 0
      vertex 64.5494 -7.63993 0
    endloop
  endfacet
  facet normal 0 0 -1
    outer loop
      vertex 59.5838 -1.08665 0
      vertex 64.5494 -7.63993 0
      vertex 64.1997 -10.1682 0
    endloop
  endfacet
  facet normal 0 0 -1
    outer loop
      vertex 59.3125 -0.974274 0
      vertex 64.1997 -10.1682 0
      vertex 63.751 -12.6809 0
    endloop
  endfacet
  facet normal 0 0 -1
    outer loop
      vertex 59.1901 -0.892517 0
      vertex 63.751 -12.6809 0
      vertex 63.204 -15.1739 0
    endloop
  endfacet
  facet normal 0 0 -1
    outer loop
      vertex 59.0795 -0.795486 0
      vertex 63.204 -15.1739 0
      vertex 62.5596 -17.6436 0
    endloop
  endfacet
  facet normal 0 0 -1
    outer loop
      vertex 64.7996 -5.09984 0
      vertex 60.0218 -1.11537 0
      vertex 60.1662 -1.08665 0
    endloop
  endfacet
  facet normal 0 0 -1
    outer loop
      vertex 58.9825 -0.684845 0
      vertex 62.5596 -17.6436 0
      vertex 61.8187 -20.0861 0
    endloop
  endfacet
  facet normal 0 0 -1
    outer loop
      vertex 58.9007 -0.5625 0
      vertex 61.8187 -20.0861 0
      vertex 60.9824 -22.4976 0
    endloop
  endfacet
  facet normal 0 0 -1
    outer loop
      vertex 64.7996 -5.09984 0
      vertex 60.3055 -1.03935 0
      vertex 62 -0.799988 0
    endloop
  endfacet
  facet normal -0 0 -1
    outer loop
      vertex 62 -0.799988 0
      vertex 60.5598 -0.892517 0
      vertex 60.6654 -0.799988 0
    endloop
  endfacet
  facet normal 0 0 -1
    outer loop
      vertex 62 -0.799988 0
      vertex 60.4375 -0.974274 0
      vertex 60.5598 -0.892517 0
    endloop
  endfacet
  facet normal 0 0 -1
    outer loop
      vertex 62 -0.799988 0
      vertex 60.3055 -1.03935 0
      vertex 60.4375 -0.974274 0
    endloop
  endfacet
  facet normal 0 0 -1
    outer loop
      vertex 64.9499 -2.55189 0
      vertex 62 -0.799988 0
      vertex 64.9553 -2.27762 0
    endloop
  endfacet
  facet normal 0 -0 -1
    outer loop
      vertex 13.8582 -5.74025 0
      vertex 60.0522 -24.8744 0
      vertex 13.6221 -6.2799 0
    endloop
  endfacet
  facet normal 0 0 -1
    outer loop
      vertex 64.7996 -5.09984 0
      vertex 60.1662 -1.08665 0
      vertex 60.3055 -1.03935 0
    endloop
  endfacet
  facet normal 0 0 -1
    outer loop
      vertex 64.7996 -5.09984 0
      vertex 59.875 -1.125 0
      vertex 60.0218 -1.11537 0
    endloop
  endfacet
  facet normal 0 0 -1
    outer loop
      vertex 64.5494 -7.63993 0
      vertex 59.7281 -1.11537 0
      vertex 59.875 -1.125 0
    endloop
  endfacet
  facet normal 0 0 -1
    outer loop
      vertex 64.5494 -7.63993 0
      vertex 59.5838 -1.08665 0
      vertex 59.7281 -1.11537 0
    endloop
  endfacet
  facet normal 0 0 -1
    outer loop
      vertex 64.1997 -10.1682 0
      vertex 59.4445 -1.03935 0
      vertex 59.5838 -1.08665 0
    endloop
  endfacet
  facet normal 0 0 -1
    outer loop
      vertex 64.1997 -10.1682 0
      vertex 59.3125 -0.974274 0
      vertex 59.4445 -1.03935 0
    endloop
  endfacet
  facet normal 0 0 -1
    outer loop
      vertex 63.751 -12.6809 0
      vertex 59.1901 -0.892517 0
      vertex 59.3125 -0.974274 0
    endloop
  endfacet
  facet normal 0 0 -1
    outer loop
      vertex 63.204 -15.1739 0
      vertex 59.0795 -0.795486 0
      vertex 59.1901 -0.892517 0
    endloop
  endfacet
  facet normal 0 0 -1
    outer loop
      vertex 13.6221 -6.2799 0
      vertex 60.0522 -24.8744 0
      vertex 59.0293 -27.2129 0
    endloop
  endfacet
  facet normal 0 0 -1
    outer loop
      vertex 62.5596 -17.6436 0
      vertex 58.9825 -0.684845 0
      vertex 59.0795 -0.795486 0
    endloop
  endfacet
  facet normal 0 0 -1
    outer loop
      vertex 61.8187 -20.0861 0
      vertex 58.9007 -0.5625 0
      vertex 58.9825 -0.684845 0
    endloop
  endfacet
  facet normal 0 0 -1
    outer loop
      vertex 57.9154 -29.5094 0
      vertex 13.6221 -6.2799 0
      vertex 59.0293 -27.2129 0
    endloop
  endfacet
  facet normal -0 0 -1
    outer loop
      vertex 55.4216 -33.9624 0
      vertex 29.8987 -43.6543 0
      vertex 56.7122 -31.7604 0
    endloop
  endfacet
  facet normal 0 0 -1
    outer loop
      vertex 13.6221 -6.2799 0
      vertex 56.7122 -31.7604 0
      vertex 29.8987 -43.6543 0
    endloop
  endfacet
  facet normal 0 0 -1
    outer loop
      vertex 56.7122 -31.7604 0
      vertex 13.6221 -6.2799 0
      vertex 57.9154 -29.5094 0
    endloop
  endfacet
  facet normal -0 0 -1
    outer loop
      vertex 54.0455 -36.1121 0
      vertex 29.8987 -43.6543 0
      vertex 55.4216 -33.9624 0
    endloop
  endfacet
  facet normal 0 0 -1
    outer loop
      vertex 62 0.799988 0
      vertex 64.9499 2.55189 0
      vertex 64.9553 2.27762 0
    endloop
  endfacet
  facet normal -0 0 -1
    outer loop
      vertex 64.9499 2.55189 0
      vertex 62 0.799988 0
      vertex 64.7996 5.09984 0
    endloop
  endfacet
  facet normal 0 0 -1
    outer loop
      vertex 60.3055 1.03935 0
      vertex 64.7996 5.09984 0
      vertex 62 0.799988 0
    endloop
  endfacet
  facet normal 0 0 -1
    outer loop
      vertex 59.875 1.125 0
      vertex 64.7996 5.09984 0
      vertex 60.0218 1.11537 0
    endloop
  endfacet
  facet normal 0 0 -1
    outer loop
      vertex 59.7281 1.11537 0
      vertex 64.5494 7.63993 0
      vertex 59.875 1.125 0
    endloop
  endfacet
  facet normal 0 0 -1
    outer loop
      vertex 59.5838 1.08665 0
      vertex 64.5494 7.63993 0
      vertex 59.7281 1.11537 0
    endloop
  endfacet
  facet normal 0 0 -1
    outer loop
      vertex 60.1662 1.08665 0
      vertex 64.7996 5.09984 0
      vertex 60.3055 1.03935 0
    endloop
  endfacet
  facet normal -0 0 -1
    outer loop
      vertex 64.7996 5.09984 0
      vertex 59.875 1.125 0
      vertex 64.5494 7.63993 0
    endloop
  endfacet
  facet normal -0 0 -1
    outer loop
      vertex 64.5494 7.63993 0
      vertex 59.5838 1.08665 0
      vertex 64.1997 10.1682 0
    endloop
  endfacet
  facet normal 0 0 -1
    outer loop
      vertex 60.5598 0.892517 0
      vertex 62 0.799988 0
      vertex 60.6654 0.799988 0
    endloop
  endfacet
  facet normal 0 0 -1
    outer loop
      vertex 60.4375 0.974274 0
      vertex 62 0.799988 0
      vertex 60.5598 0.892517 0
    endloop
  endfacet
  facet normal 0 0 -1
    outer loop
      vertex 60.3055 1.03935 0
      vertex 62 0.799988 0
      vertex 60.4375 0.974274 0
    endloop
  endfacet
  facet normal 0 0 -1
    outer loop
      vertex 60.0218 1.11537 0
      vertex 64.7996 5.09984 0
      vertex 60.1662 1.08665 0
    endloop
  endfacet
  facet normal 0 0 -1
    outer loop
      vertex 59.4445 1.03935 0
      vertex 64.1997 10.1682 0
      vertex 59.5838 1.08665 0
    endloop
  endfacet
  facet normal 0 0 -1
    outer loop
      vertex 59.3125 0.974274 0
      vertex 64.1997 10.1682 0
      vertex 59.4445 1.03935 0
    endloop
  endfacet
  facet normal -0 0 -1
    outer loop
      vertex 64.1997 10.1682 0
      vertex 59.3125 0.974274 0
      vertex 63.751 12.6809 0
    endloop
  endfacet
  facet normal 0 0 -1
    outer loop
      vertex 59.1901 0.892517 0
      vertex 63.751 12.6809 0
      vertex 59.3125 0.974274 0
    endloop
  endfacet
  facet normal -0 0 -1
    outer loop
      vertex 63.751 12.6809 0
      vertex 59.1901 0.892517 0
      vertex 63.204 15.1739 0
    endloop
  endfacet
  facet normal 0 0 -1
    outer loop
      vertex 59.0795 0.795486 0
      vertex 63.204 15.1739 0
      vertex 59.1901 0.892517 0
    endloop
  endfacet
  facet normal -0 0 -1
    outer loop
      vertex 63.204 15.1739 0
      vertex 59.0795 0.795486 0
      vertex 62.5596 17.6436 0
    endloop
  endfacet
  facet normal 0 0 -1
    outer loop
      vertex 58.9825 0.684845 0
      vertex 62.5596 17.6436 0
      vertex 59.0795 0.795486 0
    endloop
  endfacet
  facet normal -0 0 -1
    outer loop
      vertex 62.5596 17.6436 0
      vertex 58.9825 0.684845 0
      vertex 61.8187 20.0861 0
    endloop
  endfacet
  facet normal 0 0 -1
    outer loop
      vertex 58.9007 0.5625 0
      vertex 61.8187 20.0861 0
      vertex 58.9825 0.684845 0
    endloop
  endfacet
  facet normal -0 0 -1
    outer loop
      vertex 61.8187 20.0861 0
      vertex 58.9007 0.5625 0
      vertex 60.9824 22.4976 0
    endloop
  endfacet
  facet normal -0 0 -1
    outer loop
      vertex 60.9824 22.4976 0
      vertex 58.9007 0.5625 0
      vertex 60.0522 24.8744 0
    endloop
  endfacet
  facet normal -0 0 -1
    outer loop
      vertex 60.0522 24.8744 0
      vertex 58.9007 0.5625 0
      vertex 59.0293 27.2129 0
    endloop
  endfacet
  facet normal 0 0 -1
    outer loop
      vertex 58.8356 0.430511 0
      vertex 59.0293 27.2129 0
      vertex 58.9007 0.5625 0
    endloop
  endfacet
  facet normal 0 0 -1
    outer loop
      vertex 31.2986 51.2081 0
      vertex 58.8356 0.430511 0
      vertex 58.7883 0.291168 0
    endloop
  endfacet
  facet normal 0 0 -1
    outer loop
      vertex 31.2986 51.2081 0
      vertex 58.7883 0.291168 0
      vertex 58.7596 0.146835 0
    endloop
  endfacet
  facet normal 0 0 -1
    outer loop
      vertex 31.2986 51.2081 0
      vertex 58.7596 0.146835 0
      vertex 58.75 0 0
    endloop
  endfacet
  facet normal 0 0 -1
    outer loop
      vertex 60.0522 -24.8744 0
      vertex 13.8582 -5.74025 0
      vertex 60.9824 -22.4976 0
    endloop
  endfacet
  facet normal 0 -0 -1
    outer loop
      vertex 14.0729 -5.19176 0
      vertex 60.9824 -22.4976 0
      vertex 13.8582 -5.74025 0
    endloop
  endfacet
  facet normal -0 0 -1
    outer loop
      vertex 52.5861 -38.206 0
      vertex 29.8987 -43.6543 0
      vertex 54.0455 -36.1121 0
    endloop
  endfacet
  facet normal 0 0 -1
    outer loop
      vertex 31.2986 51.2081 0
      vertex 55.4216 33.9624 0
      vertex 58.8356 0.430511 0
    endloop
  endfacet
  facet normal 0 0 -1
    outer loop
      vertex 29.8987 -43.6543 0
      vertex 52.5861 -38.206 0
      vertex 30.5 -43.9508 0
    endloop
  endfacet
  facet normal 0 0 -1
    outer loop
      vertex 58.8356 0.430511 0
      vertex 57.9154 29.5094 0
      vertex 59.0293 27.2129 0
    endloop
  endfacet
  facet normal -0 0 -1
    outer loop
      vertex 51.0456 -40.2411 0
      vertex 30.5 -43.9508 0
      vertex 52.5861 -38.206 0
    endloop
  endfacet
  facet normal 0 0 -1
    outer loop
      vertex 58.8356 0.430511 0
      vertex 56.7122 31.7604 0
      vertex 57.9154 29.5094 0
    endloop
  endfacet
  facet normal 0 0 -1
    outer loop
      vertex 30.5 -43.9508 0
      vertex 51.0456 -40.2411 0
      vertex 31.0574 -44.3232 0
    endloop
  endfacet
  facet normal 0 0 -1
    outer loop
      vertex 58.8356 0.430511 0
      vertex 55.4216 33.9624 0
      vertex 56.7122 31.7604 0
    endloop
  endfacet
  facet normal -0 0 -1
    outer loop
      vertex 49.4264 -42.2141 0
      vertex 31.0574 -44.3232 0
      vertex 51.0456 -40.2411 0
    endloop
  endfacet
  facet normal 0 0 -1
    outer loop
      vertex 31.2986 51.2081 0
      vertex 54.0455 36.1121 0
      vertex 55.4216 33.9624 0
    endloop
  endfacet
  facet normal -0 0 -1
    outer loop
      vertex 47.731 -44.122 0
      vertex 31.0574 -44.3232 0
      vertex 49.4264 -42.2141 0
    endloop
  endfacet
  facet normal 0 0 -1
    outer loop
      vertex 31.2986 51.2081 0
      vertex 52.5861 38.206 0
      vertex 54.0455 36.1121 0
    endloop
  endfacet
  facet normal 0 0 -1
    outer loop
      vertex 31.0574 -44.3232 0
      vertex 47.731 -44.122 0
      vertex 31.5614 -44.7652 0
    endloop
  endfacet
  facet normal 0 0 -1
    outer loop
      vertex 31.2986 51.2081 0
      vertex 51.0456 40.2411 0
      vertex 52.5861 38.206 0
    endloop
  endfacet
  facet normal 0 0 -1
    outer loop
      vertex 31.5614 -44.7652 0
      vertex 47.731 -44.122 0
      vertex 45.9619 -45.9619 0
    endloop
  endfacet
  facet normal 0 0 -1
    outer loop
      vertex 31.2986 51.2081 0
      vertex 49.4264 42.2141 0
      vertex 51.0456 40.2411 0
    endloop
  endfacet
  facet normal 0 0 -1
    outer loop
      vertex 32.0034 -45.2693 0
      vertex 45.9619 -45.9619 0
      vertex 44.122 -47.731 0
    endloop
  endfacet
  facet normal 0 0 -1
    outer loop
      vertex 31.2986 51.2081 0
      vertex 47.731 44.122 0
      vertex 49.4264 42.2141 0
    endloop
  endfacet
  facet normal 0 0 -1
    outer loop
      vertex 32.6724 -46.4279 0
      vertex 44.122 -47.731 0
      vertex 42.2141 -49.4264 0
    endloop
  endfacet
  facet normal 0 0 -1
    outer loop
      vertex 31.2986 51.2081 0
      vertex 45.9619 45.9619 0
      vertex 47.731 44.122 0
    endloop
  endfacet
  facet normal 0 0 -1
    outer loop
      vertex 32.8879 -47.0627 0
      vertex 42.2141 -49.4264 0
      vertex 40.2411 -51.0456 0
    endloop
  endfacet
  facet normal 0 0 -1
    outer loop
      vertex 31.2986 51.2081 0
      vertex 44.122 47.731 0
      vertex 45.9619 45.9619 0
    endloop
  endfacet
  facet normal 0 0 -1
    outer loop
      vertex 34.8105 -51.4936 0
      vertex 40.2411 -51.0456 0
      vertex 38.206 -52.5861 0
    endloop
  endfacet
  facet normal 0 0 -1
    outer loop
      vertex 45.9619 -45.9619 0
      vertex 32.0034 -45.2693 0
      vertex 31.5614 -44.7652 0
    endloop
  endfacet
  facet normal 0 0 -1
    outer loop
      vertex 34.8105 -51.4936 0
      vertex 38.206 -52.5861 0
      vertex 37.3592 -53.1763 0
    endloop
  endfacet
  facet normal 0 0 -1
    outer loop
      vertex 44.122 -47.731 0
      vertex 32.3759 -45.8267 0
      vertex 32.0034 -45.2693 0
    endloop
  endfacet
  facet normal 0 0 -1
    outer loop
      vertex 31.2986 51.2081 0
      vertex 42.2141 49.4264 0
      vertex 44.122 47.731 0
    endloop
  endfacet
  facet normal 0 0 -1
    outer loop
      vertex 33.0625 -48.3892 0
      vertex 40.2411 -51.0456 0
      vertex 34.8105 -51.4936 0
    endloop
  endfacet
  facet normal 0 0 -1
    outer loop
      vertex 40.2411 -51.0456 0
      vertex 33.0625 -48.3892 0
      vertex 33.0186 -47.7202 0
    endloop
  endfacet
  facet normal 0 0 -1
    outer loop
      vertex 40.2411 -51.0456 0
      vertex 33.0186 -47.7202 0
      vertex 32.8879 -47.0627 0
    endloop
  endfacet
  facet normal 0 0 -1
    outer loop
      vertex 42.2141 -49.4264 0
      vertex 32.8879 -47.0627 0
      vertex 32.6724 -46.4279 0
    endloop
  endfacet
  facet normal 0 0 -1
    outer loop
      vertex 44.122 -47.731 0
      vertex 32.6724 -46.4279 0
      vertex 32.3759 -45.8267 0
    endloop
  endfacet
  facet normal 0 0 -1
    outer loop
      vertex 31.2986 51.2081 0
      vertex 40.2411 51.0456 0
      vertex 42.2141 49.4264 0
    endloop
  endfacet
  facet normal 0 0 -1
    outer loop
      vertex 31.2986 51.2081 0
      vertex 38.206 52.5861 0
      vertex 40.2411 51.0456 0
    endloop
  endfacet
  facet normal 0 0 -1
    outer loop
      vertex 31.2986 51.2081 0
      vertex 36.1121 54.0455 0
      vertex 38.206 52.5861 0
    endloop
  endfacet
  facet normal 0 0 -1
    outer loop
      vertex 31.2986 51.2081 0
      vertex 32.1042 53.0561 0
      vertex 36.1121 54.0455 0
    endloop
  endfacet
  facet normal -0 0 -1
    outer loop
      vertex 36.1121 54.0455 0
      vertex 32.1042 53.0561 0
      vertex 34.838 54.8611 0
    endloop
  endfacet
  facet normal 0 0 -1
    outer loop
      vertex 31.2986 51.6324 0
      vertex 32.1042 53.0561 0
      vertex 31.3125 51.4203 0
    endloop
  endfacet
  facet normal 0 0 -1
    outer loop
      vertex 32.1042 53.0561 0
      vertex 31.2986 51.6324 0
      vertex 31.2944 51.6535 0
    endloop
  endfacet
  facet normal 0 0 -1
    outer loop
      vertex 29.8958 54.3311 0
      vertex 29.5094 57.9154 0
      vertex 30.0923 57.6039 0
    endloop
  endfacet
  facet normal 0 0 -1
    outer loop
      vertex 29.0656 52.9215 0
      vertex 29.8958 54.3311 0
      vertex 29.086 52.9285 0
    endloop
  endfacet
  facet normal 0 0 -1
    outer loop
      vertex 28.875 52.8275 0
      vertex 29.8958 54.3311 0
      vertex 29.0656 52.9215 0
    endloop
  endfacet
  facet normal 0 0 -1
    outer loop
      vertex 28.6983 52.7094 0
      vertex 29.8958 54.3311 0
      vertex 28.875 52.8275 0
    endloop
  endfacet
  facet normal -0 0 -1
    outer loop
      vertex 29.8958 54.3311 0
      vertex 28.6983 52.7094 0
      vertex 27.2129 59.0293 0
    endloop
  endfacet
  facet normal 0 0 -1
    outer loop
      vertex 27.2129 59.0293 0
      vertex 28.6983 52.7094 0
      vertex 28.5385 52.5693 0
    endloop
  endfacet
  facet normal 0 0 -1
    outer loop
      vertex 27.2129 59.0293 0
      vertex 28.5385 52.5693 0
      vertex 28.3983 52.4095 0
    endloop
  endfacet
  facet normal 0 0 -1
    outer loop
      vertex 27.2129 59.0293 0
      vertex 28.3983 52.4095 0
      vertex 28.2802 52.2328 0
    endloop
  endfacet
  facet normal 0 0 -1
    outer loop
      vertex 24.8744 60.0522 0
      vertex 28.2802 52.2328 0
      vertex 28.1862 52.0421 0
    endloop
  endfacet
  facet normal 0 0 -1
    outer loop
      vertex 24.8744 60.0522 0
      vertex 28.1862 52.0421 0
      vertex 28.1179 51.8408 0
    endloop
  endfacet
  facet normal 0 0 -1
    outer loop
      vertex 11.4061 -9.74172 0
      vertex 27.9375 -43.2642 0
      vertex 27.2685 -43.308 0
    endloop
  endfacet
  facet normal 0 0 -1
    outer loop
      vertex 29.8958 54.3311 0
      vertex 27.2129 59.0293 0
      vertex 29.5094 57.9154 0
    endloop
  endfacet
  facet normal 0 0 -1
    outer loop
      vertex 22.4976 60.9824 0
      vertex 28.1179 51.8408 0
      vertex 28.0764 51.6323 0
    endloop
  endfacet
  facet normal 0 0 -1
    outer loop
      vertex 22.4976 60.9824 0
      vertex 28.0764 51.6323 0
      vertex 28.0625 51.4202 0
    endloop
  endfacet
  facet normal 0 0 -1
    outer loop
      vertex 12.472 8.33355 0
      vertex 30.1081 49.8506 0
      vertex 12.7896 7.83748 0
    endloop
  endfacet
  facet normal 0 0 -1
    outer loop
      vertex 10.182 -11.0148 0
      vertex 27.2685 -43.308 0
      vertex 26.611 -43.4388 0
    endloop
  endfacet
  facet normal 0 0 -1
    outer loop
      vertex 9.28641 -11.7798 0
      vertex 26.611 -43.4388 0
      vertex 25.9762 -43.6543 0
    endloop
  endfacet
  facet normal 0 0 -1
    outer loop
      vertex 8.33355 -12.472 0
      vertex 25.9762 -43.6543 0
      vertex 25.375 -43.9508 0
    endloop
  endfacet
  facet normal 0 0 -1
    outer loop
      vertex 30.1081 49.8506 0
      vertex 12.472 8.33355 0
      vertex 29.8996 49.8092 0
    endloop
  endfacet
  facet normal 0 0 -1
    outer loop
      vertex 6.80986 -13.3651 0
      vertex 25.375 -43.9508 0
      vertex 24.8176 -44.3232 0
    endloop
  endfacet
  facet normal 0 0 -1
    outer loop
      vertex 5.74025 -13.8582 0
      vertex 24.8176 -44.3232 0
      vertex 24.3136 -44.7652 0
    endloop
  endfacet
  facet normal 0 0 -1
    outer loop
      vertex 4.63525 -14.2658 0
      vertex 24.3136 -44.7652 0
      vertex 23.8716 -45.2692 0
    endloop
  endfacet
  facet normal 0 0 -1
    outer loop
      vertex 2.92635 -14.7118 0
      vertex 23.8716 -45.2692 0
      vertex 23.4991 -45.8267 0
    endloop
  endfacet
  facet normal 0 0 -1
    outer loop
      vertex 1.76306 -14.896 0
      vertex 23.4991 -45.8267 0
      vertex 23.2026 -46.4279 0
    endloop
  endfacet
  facet normal 0 0 -1
    outer loop
      vertex 0 -15 0
      vertex 23.2026 -46.4279 0
      vertex 22.9871 -47.0627 0
    endloop
  endfacet
  facet normal 0 0 -1
    outer loop
      vertex 2.55189 -64.9499 0
      vertex 22.9871 -47.0627 0
      vertex 22.8563 -47.7202 0
    endloop
  endfacet
  facet normal 0 0 -1
    outer loop
      vertex 7.63993 -64.5494 0
      vertex 22.8563 -47.7202 0
      vertex 22.8125 -48.3892 0
    endloop
  endfacet
  facet normal -0 0 -1
    outer loop
      vertex 23.2026 -50.3504 0
      vertex 15.1739 -63.204 0
      vertex 22.9871 -49.7156 0
    endloop
  endfacet
  facet normal 0 0 -1
    outer loop
      vertex 58.75 0 0
      vertex 15 0 0
      vertex 14.9884 0.588897 0
    endloop
  endfacet
  facet normal 0 0 -1
    outer loop
      vertex 12.6809 -63.751 0
      vertex 22.9871 -49.7156 0
      vertex 15.1739 -63.204 0
    endloop
  endfacet
  facet normal 0 0 -1
    outer loop
      vertex 12.1353 8.81678 0
      vertex 29.8996 49.8092 0
      vertex 12.472 8.33355 0
    endloop
  endfacet
  facet normal -0 0 -1
    outer loop
      vertex 22.9871 -49.7156 0
      vertex 12.6809 -63.751 0
      vertex 22.8563 -49.0581 0
    endloop
  endfacet
  facet normal 0 0 -1
    outer loop
      vertex 11.7798 9.28641 0
      vertex 29.8996 49.8092 0
      vertex 12.1353 8.81678 0
    endloop
  endfacet
  facet normal 0 0 -1
    outer loop
      vertex 10.1682 -64.1997 0
      vertex 22.8563 -49.0581 0
      vertex 12.6809 -63.751 0
    endloop
  endfacet
  facet normal 0 0 -1
    outer loop
      vertex 29.8996 49.8092 0
      vertex 11.7798 9.28641 0
      vertex 29.6875 49.7952 0
    endloop
  endfacet
  facet normal 0 0 -1
    outer loop
      vertex 11.4061 9.74172 0
      vertex 29.6875 49.7952 0
      vertex 11.7798 9.28641 0
    endloop
  endfacet
  facet normal -0 0 -1
    outer loop
      vertex 58.75 0 0
      vertex 14.9884 -0.588897 0
      vertex 15 0 0
    endloop
  endfacet
  facet normal -0 0 -1
    outer loop
      vertex 58.7596 -0.146835 0
      vertex 14.9884 -0.588897 0
      vertex 58.75 0 0
    endloop
  endfacet
  facet normal 0 -0 -1
    outer loop
      vertex 14.9884 -0.588897 0
      vertex 58.7596 -0.146835 0
      vertex 14.9538 -1.17689 0
    endloop
  endfacet
  facet normal 0 -0 -1
    outer loop
      vertex 14.9538 -1.17689 0
      vertex 58.7596 -0.146835 0
      vertex 14.896 -1.76306 0
    endloop
  endfacet
  facet normal -0 0 -1
    outer loop
      vertex 58.7883 -0.291168 0
      vertex 14.896 -1.76306 0
      vertex 58.7596 -0.146835 0
    endloop
  endfacet
  facet normal 0 -0 -1
    outer loop
      vertex 14.896 -1.76306 0
      vertex 58.7883 -0.291168 0
      vertex 14.8153 -2.34652 0
    endloop
  endfacet
  facet normal 0 -0 -1
    outer loop
      vertex 14.8153 -2.34652 0
      vertex 58.7883 -0.291168 0
      vertex 14.7118 -2.92635 0
    endloop
  endfacet
  facet normal -0 0 -1
    outer loop
      vertex 58.8356 -0.430511 0
      vertex 14.7118 -2.92635 0
      vertex 58.7883 -0.291168 0
    endloop
  endfacet
  facet normal 0 -0 -1
    outer loop
      vertex 14.7118 -2.92635 0
      vertex 58.8356 -0.430511 0
      vertex 14.5855 -3.50168 0
    endloop
  endfacet
  facet normal 0 -0 -1
    outer loop
      vertex 14.5855 -3.50168 0
      vertex 58.8356 -0.430511 0
      vertex 14.4368 -4.07161 0
    endloop
  endfacet
  facet normal 0 -0 -1
    outer loop
      vertex 14.4368 -4.07161 0
      vertex 58.8356 -0.430511 0
      vertex 14.2658 -4.63525 0
    endloop
  endfacet
  facet normal 0 0 -1
    outer loop
      vertex 29.2639 -43.4388 0
      vertex 13.3651 -6.80986 0
      vertex 13.6221 -6.2799 0
    endloop
  endfacet
  facet normal 0 0 -1
    outer loop
      vertex 29.2639 -43.4388 0
      vertex 13.0874 -7.32932 0
      vertex 13.3651 -6.80986 0
    endloop
  endfacet
  facet normal 0 0 -1
    outer loop
      vertex 28.6064 -43.308 0
      vertex 12.7896 -7.83748 0
      vertex 13.0874 -7.32932 0
    endloop
  endfacet
  facet normal -0 0 -1
    outer loop
      vertex 22.8563 -49.0581 0
      vertex 10.1682 -64.1997 0
      vertex 22.8125 -48.3892 0
    endloop
  endfacet
  facet normal 0 0 -1
    outer loop
      vertex 28.6064 -43.308 0
      vertex 12.472 -8.33355 0
      vertex 12.7896 -7.83748 0
    endloop
  endfacet
  facet normal 0 0 -1
    outer loop
      vertex 28.6064 -43.308 0
      vertex 12.1353 -8.81678 0
      vertex 12.472 -8.33355 0
    endloop
  endfacet
  facet normal 0 0 -1
    outer loop
      vertex 27.9375 -43.2642 0
      vertex 11.7798 -9.28641 0
      vertex 12.1353 -8.81678 0
    endloop
  endfacet
  facet normal 0 0 -1
    outer loop
      vertex 27.9375 -43.2642 0
      vertex 11.4061 -9.74172 0
      vertex 11.7798 -9.28641 0
    endloop
  endfacet
  facet normal 0 0 -1
    outer loop
      vertex 27.2685 -43.308 0
      vertex 11.0148 -10.182 0
      vertex 11.4061 -9.74172 0
    endloop
  endfacet
  facet normal 0 0 -1
    outer loop
      vertex 27.2685 -43.308 0
      vertex 10.6066 -10.6066 0
      vertex 11.0148 -10.182 0
    endloop
  endfacet
  facet normal 0 0 -1
    outer loop
      vertex 27.2685 -43.308 0
      vertex 10.182 -11.0148 0
      vertex 10.6066 -10.6066 0
    endloop
  endfacet
  facet normal 0 0 -1
    outer loop
      vertex 7.63993 -64.5494 0
      vertex 22.8125 -48.3892 0
      vertex 10.1682 -64.1997 0
    endloop
  endfacet
  facet normal 0 0 -1
    outer loop
      vertex 26.611 -43.4388 0
      vertex 9.74172 -11.4061 0
      vertex 10.182 -11.0148 0
    endloop
  endfacet
  facet normal 0 0 -1
    outer loop
      vertex 26.611 -43.4388 0
      vertex 9.28641 -11.7798 0
      vertex 9.74172 -11.4061 0
    endloop
  endfacet
  facet normal 0 0 -1
    outer loop
      vertex 25.9762 -43.6543 0
      vertex 8.81678 -12.1353 0
      vertex 9.28641 -11.7798 0
    endloop
  endfacet
  facet normal 0 0 -1
    outer loop
      vertex 25.9762 -43.6543 0
      vertex 8.33355 -12.472 0
      vertex 8.81678 -12.1353 0
    endloop
  endfacet
  facet normal 0 0 -1
    outer loop
      vertex 25.375 -43.9508 0
      vertex 7.83748 -12.7896 0
      vertex 8.33355 -12.472 0
    endloop
  endfacet
  facet normal 0 0 -1
    outer loop
      vertex 22.8563 -47.7202 0
      vertex 7.63993 -64.5494 0
      vertex 5.09984 -64.7996 0
    endloop
  endfacet
  facet normal 0 0 -1
    outer loop
      vertex 25.375 -43.9508 0
      vertex 7.32932 -13.0874 0
      vertex 7.83748 -12.7896 0
    endloop
  endfacet
  facet normal 0 0 -1
    outer loop
      vertex 25.375 -43.9508 0
      vertex 6.80986 -13.3651 0
      vertex 7.32932 -13.0874 0
    endloop
  endfacet
  facet normal 0 0 -1
    outer loop
      vertex 24.8176 -44.3232 0
      vertex 6.2799 -13.6221 0
      vertex 6.80986 -13.3651 0
    endloop
  endfacet
  facet normal 0 0 -1
    outer loop
      vertex 24.8176 -44.3232 0
      vertex 5.74025 -13.8582 0
      vertex 6.2799 -13.6221 0
    endloop
  endfacet
  facet normal 0 0 -1
    outer loop
      vertex 24.3136 -44.7652 0
      vertex 5.19176 -14.0729 0
      vertex 5.74025 -13.8582 0
    endloop
  endfacet
  facet normal 0 0 -1
    outer loop
      vertex 22.8563 -47.7202 0
      vertex 5.09984 -64.7996 0
      vertex 2.55189 -64.9499 0
    endloop
  endfacet
  facet normal 0 0 -1
    outer loop
      vertex 24.3136 -44.7652 0
      vertex 4.63525 -14.2658 0
      vertex 5.19176 -14.0729 0
    endloop
  endfacet
  facet normal 0 0 -1
    outer loop
      vertex 23.8716 -45.2692 0
      vertex 4.07161 -14.4368 0
      vertex 4.63525 -14.2658 0
    endloop
  endfacet
  facet normal 0 0 -1
    outer loop
      vertex 23.8716 -45.2692 0
      vertex 3.50168 -14.5855 0
      vertex 4.07161 -14.4368 0
    endloop
  endfacet
  facet normal 0 0 -1
    outer loop
      vertex 23.8716 -45.2692 0
      vertex 2.92635 -14.7118 0
      vertex 3.50168 -14.5855 0
    endloop
  endfacet
  facet normal 0 0 -1
    outer loop
      vertex 22.9871 -47.0627 0
      vertex 2.55189 -64.9499 0
      vertex 0 -65 0
    endloop
  endfacet
  facet normal 0 0 -1
    outer loop
      vertex 23.4991 -45.8267 0
      vertex 2.34652 -14.8153 0
      vertex 2.92635 -14.7118 0
    endloop
  endfacet
  facet normal 0 0 -1
    outer loop
      vertex 23.4991 -45.8267 0
      vertex 1.76306 -14.896 0
      vertex 2.34652 -14.8153 0
    endloop
  endfacet
  facet normal 0 0 -1
    outer loop
      vertex 23.2026 -46.4279 0
      vertex 1.17689 -14.9538 0
      vertex 1.76306 -14.896 0
    endloop
  endfacet
  facet normal 0 0 -1
    outer loop
      vertex 23.2026 -46.4279 0
      vertex 0.588897 -14.9884 0
      vertex 1.17689 -14.9538 0
    endloop
  endfacet
  facet normal -0 0 -1
    outer loop
      vertex 22.9871 -47.0627 0
      vertex 0 -65 0
      vertex 0 -15 0
    endloop
  endfacet
  facet normal 0 0 -1
    outer loop
      vertex 23.2026 -46.4279 0
      vertex 0 -15 0
      vertex 0.588897 -14.9884 0
    endloop
  endfacet
  facet normal 0 0 -1
    outer loop
      vertex 0 -65 0
      vertex -0.588897 -14.9884 0
      vertex 0 -15 0
    endloop
  endfacet
  facet normal 0 0 -1
    outer loop
      vertex -2.55189 -64.9499 0
      vertex -0.588897 -14.9884 0
      vertex 0 -65 0
    endloop
  endfacet
  facet normal 0 0 -1
    outer loop
      vertex -24.453 -48.1875 0
      vertex -5.09984 -64.7996 0
      vertex -24.3478 -48.7168 0
    endloop
  endfacet
  facet normal 0 0 -1
    outer loop
      vertex -5.09984 -64.7996 0
      vertex -24.453 -48.1875 0
      vertex -2.55189 -64.9499 0
    endloop
  endfacet
  facet normal 0 0 -1
    outer loop
      vertex -2.55189 -64.9499 0
      vertex -24.453 -48.1875 0
      vertex -0.588897 -14.9884 0
    endloop
  endfacet
  facet normal 0 0 -1
    outer loop
      vertex -24.6265 -47.6766 0
      vertex -0.588897 -14.9884 0
      vertex -24.453 -48.1875 0
    endloop
  endfacet
  facet normal -0 0 -1
    outer loop
      vertex -0.588897 -14.9884 0
      vertex -24.6265 -47.6766 0
      vertex -1.17689 -14.9538 0
    endloop
  endfacet
  facet normal -0 0 -1
    outer loop
      vertex -1.17689 -14.9538 0
      vertex -24.6265 -47.6766 0
      vertex -1.76306 -14.896 0
    endloop
  endfacet
  facet normal 0 0 -1
    outer loop
      vertex -24.8651 -47.1927 0
      vertex -1.76306 -14.896 0
      vertex -24.6265 -47.6766 0
    endloop
  endfacet
  facet normal 0 0 -1
    outer loop
      vertex -7.63993 -64.5494 0
      vertex -24.3478 -48.7168 0
      vertex -5.09984 -64.7996 0
    endloop
  endfacet
  facet normal -0 0 -1
    outer loop
      vertex -1.76306 -14.896 0
      vertex -24.8651 -47.1927 0
      vertex -2.34652 -14.8153 0
    endloop
  endfacet
  facet normal -0 0 -1
    outer loop
      vertex -2.34652 -14.8153 0
      vertex -24.8651 -47.1927 0
      vertex -2.92635 -14.7118 0
    endloop
  endfacet
  facet normal 0 0 -1
    outer loop
      vertex -25.1649 -46.744 0
      vertex -2.92635 -14.7118 0
      vertex -24.8651 -47.1927 0
    endloop
  endfacet
  facet normal -0 0 -1
    outer loop
      vertex -2.92635 -14.7118 0
      vertex -25.1649 -46.744 0
      vertex -3.50168 -14.5855 0
    endloop
  endfacet
  facet normal -0 0 -1
    outer loop
      vertex -3.50168 -14.5855 0
      vertex -25.1649 -46.744 0
      vertex -4.07161 -14.4368 0
    endloop
  endfacet
  facet normal 0 0 -1
    outer loop
      vertex -10.1682 -64.1997 0
      vertex -24.3478 -48.7168 0
      vertex -7.63993 -64.5494 0
    endloop
  endfacet
  facet normal -0 0 -1
    outer loop
      vertex -4.07161 -14.4368 0
      vertex -25.1649 -46.744 0
      vertex -4.63525 -14.2658 0
    endloop
  endfacet
  facet normal 0 0 -1
    outer loop
      vertex -25.5207 -46.3384 0
      vertex -4.63525 -14.2658 0
      vertex -25.1649 -46.744 0
    endloop
  endfacet
  facet normal -0 0 -1
    outer loop
      vertex -4.63525 -14.2658 0
      vertex -25.5207 -46.3384 0
      vertex -5.19176 -14.0729 0
    endloop
  endfacet
  facet normal -0 0 -1
    outer loop
      vertex -5.19176 -14.0729 0
      vertex -25.5207 -46.3384 0
      vertex -5.74025 -13.8582 0
    endloop
  endfacet
  facet normal 0 0 -1
    outer loop
      vertex -25.9264 -45.9826 0
      vertex -5.74025 -13.8582 0
      vertex -25.5207 -46.3384 0
    endloop
  endfacet
  facet normal 0 0 -1
    outer loop
      vertex -24.3478 -48.7168 0
      vertex -10.1682 -64.1997 0
      vertex -24.3125 -49.2552 0
    endloop
  endfacet
  facet normal -0 0 -1
    outer loop
      vertex -5.74025 -13.8582 0
      vertex -25.9264 -45.9826 0
      vertex -6.2799 -13.6221 0
    endloop
  endfacet
  facet normal -0 0 -1
    outer loop
      vertex -6.2799 -13.6221 0
      vertex -25.9264 -45.9826 0
      vertex -6.80986 -13.3651 0
    endloop
  endfacet
  facet normal 0 0 -1
    outer loop
      vertex -26.375 -45.6828 0
      vertex -6.80986 -13.3651 0
      vertex -25.9264 -45.9826 0
    endloop
  endfacet
  facet normal -0 0 -1
    outer loop
      vertex -6.80986 -13.3651 0
      vertex -26.375 -45.6828 0
      vertex -7.32932 -13.0874 0
    endloop
  endfacet
  facet normal -0 0 -1
    outer loop
      vertex -7.32932 -13.0874 0
      vertex -26.375 -45.6828 0
      vertex -7.83748 -12.7896 0
    endloop
  endfacet
  facet normal -0 0 -1
    outer loop
      vertex -7.83748 -12.7896 0
      vertex -26.375 -45.6828 0
      vertex -8.33355 -12.472 0
    endloop
  endfacet
  facet normal 0 0 -1
    outer loop
      vertex -26.8589 -45.4442 0
      vertex -8.33355 -12.472 0
      vertex -26.375 -45.6828 0
    endloop
  endfacet
  facet normal 0 0 -1
    outer loop
      vertex -24.3125 -49.2552 0
      vertex -10.1682 -64.1997 0
      vertex -12.6809 -63.751 0
    endloop
  endfacet
  facet normal -0 0 -1
    outer loop
      vertex -8.33355 -12.472 0
      vertex -26.8589 -45.4442 0
      vertex -8.81678 -12.1353 0
    endloop
  endfacet
  facet normal -0 0 -1
    outer loop
      vertex -8.81678 -12.1353 0
      vertex -26.8589 -45.4442 0
      vertex -9.28641 -11.7798 0
    endloop
  endfacet
  facet normal 0 0 -1
    outer loop
      vertex -27.3699 -45.2707 0
      vertex -9.28641 -11.7798 0
      vertex -26.8589 -45.4442 0
    endloop
  endfacet
  facet normal -0 0 -1
    outer loop
      vertex -9.28641 -11.7798 0
      vertex -27.3699 -45.2707 0
      vertex -9.74172 -11.4061 0
    endloop
  endfacet
  facet normal -0 0 -1
    outer loop
      vertex -9.74172 -11.4061 0
      vertex -27.3699 -45.2707 0
      vertex -10.182 -11.0148 0
    endloop
  endfacet
  facet normal 0 0 -1
    outer loop
      vertex -27.8991 -45.1655 0
      vertex -10.182 -11.0148 0
      vertex -27.3699 -45.2707 0
    endloop
  endfacet
  facet normal -0 0 -1
    outer loop
      vertex -10.182 -11.0148 0
      vertex -27.8991 -45.1655 0
      vertex -10.6066 -10.6066 0
    endloop
  endfacet
  facet normal -0 0 -1
    outer loop
      vertex -10.6066 -10.6066 0
      vertex -27.8991 -45.1655 0
      vertex -11.0148 -10.182 0
    endloop
  endfacet
  facet normal 0 0 -1
    outer loop
      vertex -28.4375 -45.1302 0
      vertex -11.0148 -10.182 0
      vertex -27.8991 -45.1655 0
    endloop
  endfacet
  facet normal -0 0 -1
    outer loop
      vertex -11.0148 -10.182 0
      vertex -28.4375 -45.1302 0
      vertex -11.4061 -9.74172 0
    endloop
  endfacet
  facet normal -0 0 -1
    outer loop
      vertex -11.4061 -9.74172 0
      vertex -28.4375 -45.1302 0
      vertex -11.7798 -9.28641 0
    endloop
  endfacet
  facet normal -0 0 -1
    outer loop
      vertex -11.7798 -9.28641 0
      vertex -28.4375 -45.1302 0
      vertex -12.1353 -8.81678 0
    endloop
  endfacet
  facet normal 0 0 -1
    outer loop
      vertex -28.9759 -45.1655 0
      vertex -12.1353 -8.81678 0
      vertex -28.4375 -45.1302 0
    endloop
  endfacet
  facet normal -0 0 -1
    outer loop
      vertex -12.1353 -8.81678 0
      vertex -28.9759 -45.1655 0
      vertex -12.472 -8.33355 0
    endloop
  endfacet
  facet normal -0 0 -1
    outer loop
      vertex -12.472 -8.33355 0
      vertex -28.9759 -45.1655 0
      vertex -12.7896 -7.83748 0
    endloop
  endfacet
  facet normal 0 0 -1
    outer loop
      vertex -24.3125 -49.2552 0
      vertex -12.6809 -63.751 0
      vertex -15.1739 -63.204 0
    endloop
  endfacet
  facet normal 0 0 -1
    outer loop
      vertex -44.122 -47.731 0
      vertex -31.7101 -46.744 0
      vertex -32.0098 -47.1927 0
    endloop
  endfacet
  facet normal 0 0 -1
    outer loop
      vertex -42.2141 -49.4264 0
      vertex -32.0098 -47.1927 0
      vertex -32.2485 -47.6766 0
    endloop
  endfacet
  facet normal 0 0 -1
    outer loop
      vertex -40.2411 -51.0456 0
      vertex -32.2485 -47.6766 0
      vertex -32.4219 -48.1876 0
    endloop
  endfacet
  facet normal 0 0 -1
    outer loop
      vertex -40.2411 -51.0456 0
      vertex -32.4219 -48.1876 0
      vertex -32.5272 -48.7168 0
    endloop
  endfacet
  facet normal 0 0 -1
    outer loop
      vertex -38.206 -52.5861 0
      vertex -32.5272 -48.7168 0
      vertex -32.5625 -49.2552 0
    endloop
  endfacet
  facet normal 0 0 -1
    outer loop
      vertex -31.6875 50.7707 0
      vertex -32.6563 52.7373 0
      vertex -31.6705 51.0299 0
    endloop
  endfacet
  facet normal -0 0 -1
    outer loop
      vertex -29.9272 48.4767 0
      vertex -47.731 44.122 0
      vertex -30.2213 48.5765 0
    endloop
  endfacet
  facet normal 0 0 -1
    outer loop
      vertex -33.9445 -51.9936 0
      vertex -32.5625 -49.2552 0
      vertex -32.5422 -49.5647 0
    endloop
  endfacet
  facet normal 0 0 -1
    outer loop
      vertex -38.206 -52.5861 0
      vertex -32.5625 -49.2552 0
      vertex -33.9445 -51.9936 0
    endloop
  endfacet
  facet normal 0 -0 -1
    outer loop
      vertex -45.9619 45.9619 0
      vertex -30.2213 48.5765 0
      vertex -47.731 44.122 0
    endloop
  endfacet
  facet normal -0 0 -1
    outer loop
      vertex -30.2213 48.5765 0
      vertex -45.9619 45.9619 0
      vertex -30.5 48.7139 0
    endloop
  endfacet
  facet normal 0 0 -1
    outer loop
      vertex -38.206 -52.5861 0
      vertex -33.9445 -51.9936 0
      vertex -36.5695 -53.7267 0
    endloop
  endfacet
  facet normal 0 0 -1
    outer loop
      vertex -32.5272 -48.7168 0
      vertex -38.206 -52.5861 0
      vertex -40.2411 -51.0456 0
    endloop
  endfacet
  facet normal 0 -0 -1
    outer loop
      vertex -44.122 47.731 0
      vertex -30.5 48.7139 0
      vertex -45.9619 45.9619 0
    endloop
  endfacet
  facet normal 0 0 -1
    outer loop
      vertex -32.2485 -47.6766 0
      vertex -40.2411 -51.0456 0
      vertex -42.2141 -49.4264 0
    endloop
  endfacet
  facet normal -0 0 -1
    outer loop
      vertex -30.5 48.7139 0
      vertex -44.122 47.731 0
      vertex -30.7583 48.8865 0
    endloop
  endfacet
  facet normal 0 0 -1
    outer loop
      vertex -32.0098 -47.1927 0
      vertex -42.2141 -49.4264 0
      vertex -44.122 -47.731 0
    endloop
  endfacet
  facet normal 0 0 -1
    outer loop
      vertex -32.6563 52.7373 0
      vertex -36.1121 54.0455 0
      vertex -35.3634 54.5247 0
    endloop
  endfacet
  facet normal -0 0 -1
    outer loop
      vertex -31.3543 -46.3384 0
      vertex -44.122 -47.731 0
      vertex -45.9619 -45.9619 0
    endloop
  endfacet
  facet normal -0 0 -1
    outer loop
      vertex -32.6563 52.7373 0
      vertex -38.206 52.5861 0
      vertex -36.1121 54.0455 0
    endloop
  endfacet
  facet normal 0 0 -1
    outer loop
      vertex -30.9486 -45.9826 0
      vertex -45.9619 -45.9619 0
      vertex -47.731 -44.122 0
    endloop
  endfacet
  facet normal 0 0 -1
    outer loop
      vertex -31.6672 50.4607 0
      vertex -32.6563 52.7373 0
      vertex -31.6875 50.7707 0
    endloop
  endfacet
  facet normal 0 0 -1
    outer loop
      vertex -30.5 -45.6828 0
      vertex -47.731 -44.122 0
      vertex -49.4264 -42.2141 0
    endloop
  endfacet
  facet normal 0 -0 -1
    outer loop
      vertex -40.2411 51.0456 0
      vertex -31.1967 49.3249 0
      vertex -42.2141 49.4264 0
    endloop
  endfacet
  facet normal 0 0 -1
    outer loop
      vertex -30.5 -45.6828 0
      vertex -49.4264 -42.2141 0
      vertex -51.0456 -40.2411 0
    endloop
  endfacet
  facet normal 0 -0 -1
    outer loop
      vertex -32.6563 52.7373 0
      vertex -31.6672 50.4607 0
      vertex -38.206 52.5861 0
    endloop
  endfacet
  facet normal 0 0 -1
    outer loop
      vertex -30.016 -45.4442 0
      vertex -51.0456 -40.2411 0
      vertex -52.5861 -38.206 0
    endloop
  endfacet
  facet normal 0 0 -1
    outer loop
      vertex -31.6066 50.156 0
      vertex -38.206 52.5861 0
      vertex -31.6672 50.4607 0
    endloop
  endfacet
  facet normal 0 0 -1
    outer loop
      vertex -29.5051 -45.2707 0
      vertex -52.5861 -38.206 0
      vertex -54.0455 -36.1121 0
    endloop
  endfacet
  facet normal 0 0 -1
    outer loop
      vertex -31.5067 49.8619 0
      vertex -38.206 52.5861 0
      vertex -31.6066 50.156 0
    endloop
  endfacet
  facet normal 0 0 -1
    outer loop
      vertex -29.5051 -45.2707 0
      vertex -54.0455 -36.1121 0
      vertex -55.4216 -33.9624 0
    endloop
  endfacet
  facet normal 0 -0 -1
    outer loop
      vertex -38.206 52.5861 0
      vertex -31.5067 49.8619 0
      vertex -40.2411 51.0456 0
    endloop
  endfacet
  facet normal 0 0 -1
    outer loop
      vertex -31.3693 49.5832 0
      vertex -40.2411 51.0456 0
      vertex -31.5067 49.8619 0
    endloop
  endfacet
  facet normal 0 0 -1
    outer loop
      vertex -15 0 0
      vertex -54.75 0 0
      vertex -14.9884 0.588897 0
    endloop
  endfacet
  facet normal 0 0 -1
    outer loop
      vertex -14.9884 -0.588897 0
      vertex -54.75 0 0
      vertex -15 0 0
    endloop
  endfacet
  facet normal 0 -0 -1
    outer loop
      vertex -54.75 0 0
      vertex -14.9884 -0.588897 0
      vertex -54.7767 -0.407883 0
    endloop
  endfacet
  facet normal 0 0 -1
    outer loop
      vertex -14.9538 -1.17689 0
      vertex -54.7767 -0.407883 0
      vertex -14.9884 -0.588897 0
    endloop
  endfacet
  facet normal 0 0 -1
    outer loop
      vertex -28.9759 -45.1655 0
      vertex -55.4216 -33.9624 0
      vertex -56.7122 -31.7604 0
    endloop
  endfacet
  facet normal 0 0 -1
    outer loop
      vertex -14.896 -1.76306 0
      vertex -54.7767 -0.407883 0
      vertex -14.9538 -1.17689 0
    endloop
  endfacet
  facet normal 0 0 -1
    outer loop
      vertex -14.8153 -2.34652 0
      vertex -54.8565 -0.808807 0
      vertex -14.896 -1.76306 0
    endloop
  endfacet
  facet normal 0 -0 -1
    outer loop
      vertex -54.7767 -0.407883 0
      vertex -14.896 -1.76306 0
      vertex -54.8565 -0.808807 0
    endloop
  endfacet
  facet normal 0 0 -1
    outer loop
      vertex -59.0293 -27.2129 0
      vertex -55.3958 -1.90237 0
      vertex -57.9154 -29.5094 0
    endloop
  endfacet
  facet normal 0 0 -1
    outer loop
      vertex -55.3958 -1.90237 0
      vertex -59.0293 -27.2129 0
      vertex -55.6653 -2.2097 0
    endloop
  endfacet
  facet normal 0 0 -1
    outer loop
      vertex -60.0522 -24.8744 0
      vertex -55.6653 -2.2097 0
      vertex -59.0293 -27.2129 0
    endloop
  endfacet
  facet normal 0 0 -1
    outer loop
      vertex -60.9824 -22.4976 0
      vertex -55.6653 -2.2097 0
      vertex -60.0522 -24.8744 0
    endloop
  endfacet
  facet normal 0 0 -1
    outer loop
      vertex -55.6653 -2.2097 0
      vertex -60.9824 -22.4976 0
      vertex -55.9726 -2.47922 0
    endloop
  endfacet
  facet normal 0 0 -1
    outer loop
      vertex -61.8187 -20.0861 0
      vertex -55.9726 -2.47922 0
      vertex -60.9824 -22.4976 0
    endloop
  endfacet
  facet normal 0 0 -1
    outer loop
      vertex -55.9726 -2.47922 0
      vertex -61.8187 -20.0861 0
      vertex -56.3125 -2.70633 0
    endloop
  endfacet
  facet normal 0 0 -1
    outer loop
      vertex -62.5596 -17.6436 0
      vertex -56.3125 -2.70633 0
      vertex -61.8187 -20.0861 0
    endloop
  endfacet
  facet normal 0 0 -1
    outer loop
      vertex -56.3125 -2.70633 0
      vertex -62.5596 -17.6436 0
      vertex -56.6791 -2.88712 0
    endloop
  endfacet
  facet normal 0 0 -1
    outer loop
      vertex -63.204 -15.1739 0
      vertex -56.6791 -2.88712 0
      vertex -62.5596 -17.6436 0
    endloop
  endfacet
  facet normal 0 0 -1
    outer loop
      vertex -56.6791 -2.88712 0
      vertex -63.204 -15.1739 0
      vertex -57.0662 -3.01851 0
    endloop
  endfacet
  facet normal 0 0 -1
    outer loop
      vertex -63.751 -12.6809 0
      vertex -57.0662 -3.01851 0
      vertex -63.204 -15.1739 0
    endloop
  endfacet
  facet normal 0 0 -1
    outer loop
      vertex -57.0662 -3.01851 0
      vertex -63.751 -12.6809 0
      vertex -57.4671 -3.09825 0
    endloop
  endfacet
  facet normal 0 0 -1
    outer loop
      vertex -64.1997 -10.1682 0
      vertex -57.4671 -3.09825 0
      vertex -63.751 -12.6809 0
    endloop
  endfacet
  facet normal 0 0 -1
    outer loop
      vertex -57.4671 -3.09825 0
      vertex -64.1997 -10.1682 0
      vertex -57.875 -3.125 0
    endloop
  endfacet
  facet normal -0 0 -1
    outer loop
      vertex -57.875 -3.125 0
      vertex -64.1997 -10.1682 0
      vertex -58.2829 -3.09825 0
    endloop
  endfacet
  facet normal 0 0 -1
    outer loop
      vertex -64.5494 -7.63993 0
      vertex -58.2829 -3.09825 0
      vertex -64.1997 -10.1682 0
    endloop
  endfacet
  facet normal -0 0 -1
    outer loop
      vertex -58.2829 -3.09825 0
      vertex -64.5494 -7.63993 0
      vertex -58.6838 -3.01851 0
    endloop
  endfacet
  facet normal -0 0 -1
    outer loop
      vertex -58.6838 -3.01851 0
      vertex -64.5494 -7.63993 0
      vertex -59.0709 -2.88712 0
    endloop
  endfacet
  facet normal -0 0 -1
    outer loop
      vertex -59.0709 -2.88712 0
      vertex -64.5494 -7.63993 0
      vertex -59.4375 -2.70633 0
    endloop
  endfacet
  facet normal 0 -0 -1
    outer loop
      vertex -62 -2.54999 0
      vertex -59.4375 -2.70633 0
      vertex -64.5494 -7.63993 0
    endloop
  endfacet
  facet normal 0 0 -1
    outer loop
      vertex -59.4375 -2.70633 0
      vertex -62 -2.54999 0
      vertex -59.6715 -2.54999 0
    endloop
  endfacet
  facet normal 0 0 -1
    outer loop
      vertex -64.7996 -5.09984 0
      vertex -62 -2.54999 0
      vertex -64.5494 -7.63993 0
    endloop
  endfacet
  facet normal 0 0 -1
    outer loop
      vertex -62 -2.54999 0
      vertex -64.7996 -5.09984 0
      vertex -64.8655 -3.98274 0
    endloop
  endfacet
  facet normal 0 0 -1
    outer loop
      vertex -31.1967 49.3249 0
      vertex -40.2411 51.0456 0
      vertex -31.3693 49.5832 0
    endloop
  endfacet
  facet normal 0 0 -1
    outer loop
      vertex -30.7583 48.8865 0
      vertex -42.2141 49.4264 0
      vertex -30.9919 49.0914 0
    endloop
  endfacet
  facet normal 0 0 -1
    outer loop
      vertex -30.9919 49.0914 0
      vertex -42.2141 49.4264 0
      vertex -31.1967 49.3249 0
    endloop
  endfacet
  facet normal 0 -0 -1
    outer loop
      vertex -42.2141 49.4264 0
      vertex -30.7583 48.8865 0
      vertex -44.122 47.731 0
    endloop
  endfacet
  facet normal 0 0 -1
    outer loop
      vertex -57.9154 29.5094 0
      vertex -14.9884 0.588897 0
      vertex -55.3958 1.90237 0
    endloop
  endfacet
  facet normal 0 -0 -1
    outer loop
      vertex -47.731 44.122 0
      vertex -29.9272 48.4767 0
      vertex -49.4264 42.2141 0
    endloop
  endfacet
  facet normal 0 0 -1
    outer loop
      vertex -59.0293 27.2129 0
      vertex -55.3958 1.90237 0
      vertex -55.6653 2.2097 0
    endloop
  endfacet
  facet normal 0 0 -1
    outer loop
      vertex -60.9824 22.4976 0
      vertex -55.6653 2.2097 0
      vertex -55.9726 2.47922 0
    endloop
  endfacet
  facet normal 0 0 -1
    outer loop
      vertex -61.8187 20.0861 0
      vertex -55.9726 2.47922 0
      vertex -56.3125 2.70633 0
    endloop
  endfacet
  facet normal 0 0 -1
    outer loop
      vertex -62.5596 17.6436 0
      vertex -56.3125 2.70633 0
      vertex -56.6791 2.88712 0
    endloop
  endfacet
  facet normal 0 0 -1
    outer loop
      vertex -14.9884 0.588897 0
      vertex -56.7122 31.7604 0
      vertex -55.4216 33.9624 0
    endloop
  endfacet
  facet normal 0 0 -1
    outer loop
      vertex -63.204 15.1739 0
      vertex -56.6791 2.88712 0
      vertex -57.0662 3.01851 0
    endloop
  endfacet
  facet normal 0 0 -1
    outer loop
      vertex -63.751 12.6809 0
      vertex -57.0662 3.01851 0
      vertex -57.4671 3.09825 0
    endloop
  endfacet
  facet normal 0 0 -1
    outer loop
      vertex -64.1997 10.1682 0
      vertex -57.4671 3.09825 0
      vertex -57.875 3.125 0
    endloop
  endfacet
  facet normal 0 0 -1
    outer loop
      vertex -14.9884 0.588897 0
      vertex -57.9154 29.5094 0
      vertex -56.7122 31.7604 0
    endloop
  endfacet
  facet normal 0 0 -1
    outer loop
      vertex -64.1997 10.1682 0
      vertex -57.875 3.125 0
      vertex -58.2829 3.09825 0
    endloop
  endfacet
  facet normal 0 0 -1
    outer loop
      vertex -64.5494 7.63993 0
      vertex -58.2829 3.09825 0
      vertex -58.6838 3.01851 0
    endloop
  endfacet
  facet normal 0 0 -1
    outer loop
      vertex -55.3958 1.90237 0
      vertex -59.0293 27.2129 0
      vertex -57.9154 29.5094 0
    endloop
  endfacet
  facet normal 0 0 -1
    outer loop
      vertex -64.5494 7.63993 0
      vertex -58.6838 3.01851 0
      vertex -59.0709 2.88712 0
    endloop
  endfacet
  facet normal 0 0 -1
    outer loop
      vertex -64.5494 7.63993 0
      vertex -59.0709 2.88712 0
      vertex -59.4375 2.70633 0
    endloop
  endfacet
  facet normal 0 0 -1
    outer loop
      vertex -62 2.54999 0
      vertex -59.4375 2.70633 0
      vertex -59.6715 2.54999 0
    endloop
  endfacet
  facet normal 0 0 -1
    outer loop
      vertex -55.6653 2.2097 0
      vertex -60.0522 24.8744 0
      vertex -59.0293 27.2129 0
    endloop
  endfacet
  facet normal 0 0 -1
    outer loop
      vertex -55.6653 2.2097 0
      vertex -60.9824 22.4976 0
      vertex -60.0522 24.8744 0
    endloop
  endfacet
  facet normal 0 0 -1
    outer loop
      vertex -55.9726 2.47922 0
      vertex -61.8187 20.0861 0
      vertex -60.9824 22.4976 0
    endloop
  endfacet
  facet normal -0 0 -1
    outer loop
      vertex -59.4375 2.70633 0
      vertex -62 2.54999 0
      vertex -64.5494 7.63993 0
    endloop
  endfacet
  facet normal 0 0 -1
    outer loop
      vertex -56.3125 2.70633 0
      vertex -62.5596 17.6436 0
      vertex -61.8187 20.0861 0
    endloop
  endfacet
  facet normal 0 0 -1
    outer loop
      vertex -56.6791 2.88712 0
      vertex -63.204 15.1739 0
      vertex -62.5596 17.6436 0
    endloop
  endfacet
  facet normal 0 0 -1
    outer loop
      vertex -57.0662 3.01851 0
      vertex -63.751 12.6809 0
      vertex -63.204 15.1739 0
    endloop
  endfacet
  facet normal 0 0 -1
    outer loop
      vertex -57.4671 3.09825 0
      vertex -64.1997 10.1682 0
      vertex -63.751 12.6809 0
    endloop
  endfacet
  facet normal 0 0 -1
    outer loop
      vertex -58.2829 3.09825 0
      vertex -64.5494 7.63993 0
      vertex -64.1997 10.1682 0
    endloop
  endfacet
  facet normal 0 0 -1
    outer loop
      vertex -62 2.54999 0
      vertex -64.7996 5.09984 0
      vertex -64.5494 7.63993 0
    endloop
  endfacet
  facet normal 0 -0 -1
    outer loop
      vertex -64.7996 5.09984 0
      vertex -62 2.54999 0
      vertex -64.8655 3.98274 0
    endloop
  endfacet
  facet normal 0 0 -1
    outer loop
      vertex 11.0148 10.182 0
      vertex 29.6875 49.7952 0
      vertex 11.4061 9.74172 0
    endloop
  endfacet
  facet normal -0 0 -1
    outer loop
      vertex 29.6875 49.7952 0
      vertex 11.0148 10.182 0
      vertex 29.4754 49.8091 0
    endloop
  endfacet
  facet normal 0 0 -1
    outer loop
      vertex 10.6066 10.6066 0
      vertex 29.4754 49.8091 0
      vertex 11.0148 10.182 0
    endloop
  endfacet
  facet normal 0 0 -1
    outer loop
      vertex 10.182 11.0148 0
      vertex 29.4754 49.8091 0
      vertex 10.6066 10.6066 0
    endloop
  endfacet
  facet normal -0 0 -1
    outer loop
      vertex 29.4754 49.8091 0
      vertex 10.182 11.0148 0
      vertex 29.2669 49.8506 0
    endloop
  endfacet
  facet normal 0 0 -1
    outer loop
      vertex 9.74172 11.4061 0
      vertex 29.2669 49.8506 0
      vertex 10.182 11.0148 0
    endloop
  endfacet
  facet normal 0 0 -1
    outer loop
      vertex 9.28641 11.7798 0
      vertex 29.2669 49.8506 0
      vertex 9.74172 11.4061 0
    endloop
  endfacet
  facet normal -0 0 -1
    outer loop
      vertex 29.2669 49.8506 0
      vertex 9.28641 11.7798 0
      vertex 29.0656 49.9189 0
    endloop
  endfacet
  facet normal 0 0 -1
    outer loop
      vertex 8.81678 12.1353 0
      vertex 29.0656 49.9189 0
      vertex 9.28641 11.7798 0
    endloop
  endfacet
  facet normal 0 0 -1
    outer loop
      vertex 8.33355 12.472 0
      vertex 29.0656 49.9189 0
      vertex 8.81678 12.1353 0
    endloop
  endfacet
  facet normal -0 0 -1
    outer loop
      vertex 29.0656 49.9189 0
      vertex 8.33355 12.472 0
      vertex 28.875 50.013 0
    endloop
  endfacet
  facet normal 0 0 -1
    outer loop
      vertex 7.83748 12.7896 0
      vertex 28.875 50.013 0
      vertex 8.33355 12.472 0
    endloop
  endfacet
  facet normal 0 0 -1
    outer loop
      vertex 7.32932 13.0874 0
      vertex 28.875 50.013 0
      vertex 7.83748 12.7896 0
    endloop
  endfacet
  facet normal 0 0 -1
    outer loop
      vertex 6.80986 13.3651 0
      vertex 28.875 50.013 0
      vertex 7.32932 13.0874 0
    endloop
  endfacet
  facet normal -0 0 -1
    outer loop
      vertex 28.875 50.013 0
      vertex 6.80986 13.3651 0
      vertex 28.6983 50.131 0
    endloop
  endfacet
  facet normal 0 0 -1
    outer loop
      vertex 6.2799 13.6221 0
      vertex 28.6983 50.131 0
      vertex 6.80986 13.3651 0
    endloop
  endfacet
  facet normal 0 0 -1
    outer loop
      vertex 5.74025 13.8582 0
      vertex 28.6983 50.131 0
      vertex 6.2799 13.6221 0
    endloop
  endfacet
  facet normal -0 0 -1
    outer loop
      vertex 28.6983 50.131 0
      vertex 5.74025 13.8582 0
      vertex 28.5384 50.2712 0
    endloop
  endfacet
  facet normal 0 0 -1
    outer loop
      vertex 5.19176 14.0729 0
      vertex 28.5384 50.2712 0
      vertex 5.74025 13.8582 0
    endloop
  endfacet
  facet normal 0 0 -1
    outer loop
      vertex 4.63525 14.2658 0
      vertex 28.5384 50.2712 0
      vertex 5.19176 14.0729 0
    endloop
  endfacet
  facet normal -0 0 -1
    outer loop
      vertex 28.5384 50.2712 0
      vertex 4.63525 14.2658 0
      vertex 28.3983 50.431 0
    endloop
  endfacet
  facet normal 0 0 -1
    outer loop
      vertex 4.07161 14.4368 0
      vertex 28.3983 50.431 0
      vertex 4.63525 14.2658 0
    endloop
  endfacet
  facet normal 0 0 -1
    outer loop
      vertex 3.50168 14.5855 0
      vertex 28.3983 50.431 0
      vertex 4.07161 14.4368 0
    endloop
  endfacet
  facet normal -0 0 -1
    outer loop
      vertex 28.3983 50.431 0
      vertex 3.50168 14.5855 0
      vertex 28.2802 50.6077 0
    endloop
  endfacet
  facet normal 0 0 -1
    outer loop
      vertex 28.2802 52.2328 0
      vertex 24.8744 60.0522 0
      vertex 27.2129 59.0293 0
    endloop
  endfacet
  facet normal 0 0 -1
    outer loop
      vertex 2.92635 14.7118 0
      vertex 28.2802 50.6077 0
      vertex 3.50168 14.5855 0
    endloop
  endfacet
  facet normal 0 0 -1
    outer loop
      vertex 28.1179 51.8408 0
      vertex 22.4976 60.9824 0
      vertex 24.8744 60.0522 0
    endloop
  endfacet
  facet normal 0 0 -1
    outer loop
      vertex 2.34652 14.8153 0
      vertex 28.2802 50.6077 0
      vertex 2.92635 14.7118 0
    endloop
  endfacet
  facet normal 0 0 -1
    outer loop
      vertex 28.0625 51.4202 0
      vertex 20.0861 61.8187 0
      vertex 22.4976 60.9824 0
    endloop
  endfacet
  facet normal -0 0 -1
    outer loop
      vertex 28.2802 50.6077 0
      vertex 2.34652 14.8153 0
      vertex 28.1862 50.7984 0
    endloop
  endfacet
  facet normal 0 0 -1
    outer loop
      vertex 28.0764 51.2081 0
      vertex 20.0861 61.8187 0
      vertex 28.0625 51.4202 0
    endloop
  endfacet
  facet normal 0 -0 -1
    outer loop
      vertex 10.1682 64.1997 0
      vertex 28.1862 50.7984 0
      vertex 2.34652 14.8153 0
    endloop
  endfacet
  facet normal -0 -0 -1
    outer loop
      vertex 20.0861 61.8187 0
      vertex 28.0764 51.2081 0
      vertex 17.6436 62.5596 0
    endloop
  endfacet
  facet normal -0 -0 -1
    outer loop
      vertex 12.6809 63.751 0
      vertex 28.1862 50.7984 0
      vertex 10.1682 64.1997 0
    endloop
  endfacet
  facet normal 0 0 -1
    outer loop
      vertex 28.1179 50.9997 0
      vertex 17.6436 62.5596 0
      vertex 28.0764 51.2081 0
    endloop
  endfacet
  facet normal 0 0 -1
    outer loop
      vertex 28.1862 50.7984 0
      vertex 12.6809 63.751 0
      vertex 28.1179 50.9997 0
    endloop
  endfacet
  facet normal -0 -0 -1
    outer loop
      vertex 17.6436 62.5596 0
      vertex 28.1179 50.9997 0
      vertex 15.1739 63.204 0
    endloop
  endfacet
  facet normal -0 -0 -1
    outer loop
      vertex 15.1739 63.204 0
      vertex 28.1179 50.9997 0
      vertex 12.6809 63.751 0
    endloop
  endfacet
  facet normal -0 0 -1
    outer loop
      vertex 10.1682 64.1997 0
      vertex 2.34652 14.8153 0
      vertex 7.63993 64.5494 0
    endloop
  endfacet
  facet normal 0 0 -1
    outer loop
      vertex 1.76306 14.896 0
      vertex 7.63993 64.5494 0
      vertex 2.34652 14.8153 0
    endloop
  endfacet
  facet normal -0 0 -1
    outer loop
      vertex 7.63993 64.5494 0
      vertex 1.76306 14.896 0
      vertex 5.09984 64.7996 0
    endloop
  endfacet
  facet normal 0 0 -1
    outer loop
      vertex 1.17689 14.9538 0
      vertex 5.09984 64.7996 0
      vertex 1.76306 14.896 0
    endloop
  endfacet
  facet normal -0 0 -1
    outer loop
      vertex 5.09984 64.7996 0
      vertex 1.17689 14.9538 0
      vertex 2.55189 64.9499 0
    endloop
  endfacet
  facet normal 0 0 -1
    outer loop
      vertex 0.588897 14.9884 0
      vertex 2.55189 64.9499 0
      vertex 1.17689 14.9538 0
    endloop
  endfacet
  facet normal 0 0 -1
    outer loop
      vertex 0 15 0
      vertex 2.55189 64.9499 0
      vertex 0.588897 14.9884 0
    endloop
  endfacet
  facet normal 0 0 -1
    outer loop
      vertex 0 15 0
      vertex 0 65 0
      vertex 2.55189 64.9499 0
    endloop
  endfacet
  facet normal 0 0 -1
    outer loop
      vertex -0.588897 14.9884 0
      vertex 0 65 0
      vertex 0 15 0
    endloop
  endfacet
  facet normal 0 0 -1
    outer loop
      vertex -2.55189 64.9499 0
      vertex -0.588897 14.9884 0
      vertex -1.17689 14.9538 0
    endloop
  endfacet
  facet normal 0 0 -1
    outer loop
      vertex -5.09984 64.7996 0
      vertex -1.17689 14.9538 0
      vertex -1.76306 14.896 0
    endloop
  endfacet
  facet normal 0 0 -1
    outer loop
      vertex -26.9578 50.4607 0
      vertex -1.76306 14.896 0
      vertex -2.34652 14.8153 0
    endloop
  endfacet
  facet normal 0 0 -1
    outer loop
      vertex -0.588897 14.9884 0
      vertex -2.55189 64.9499 0
      vertex 0 65 0
    endloop
  endfacet
  facet normal 0 0 -1
    outer loop
      vertex -26.9578 50.4607 0
      vertex -2.34652 14.8153 0
      vertex -2.92635 14.7118 0
    endloop
  endfacet
  facet normal 0 0 -1
    outer loop
      vertex -26.9578 50.4607 0
      vertex -2.92635 14.7118 0
      vertex -3.50168 14.5855 0
    endloop
  endfacet
  facet normal 0 0 -1
    outer loop
      vertex -26.9578 50.4607 0
      vertex -3.50168 14.5855 0
      vertex -4.07161 14.4368 0
    endloop
  endfacet
  facet normal 0 0 -1
    outer loop
      vertex -26.9578 50.4607 0
      vertex -4.07161 14.4368 0
      vertex -4.63525 14.2658 0
    endloop
  endfacet
  facet normal 0 0 -1
    outer loop
      vertex -1.17689 14.9538 0
      vertex -5.09984 64.7996 0
      vertex -2.55189 64.9499 0
    endloop
  endfacet
  facet normal 0 0 -1
    outer loop
      vertex -26.9578 50.4607 0
      vertex -4.63525 14.2658 0
      vertex -5.19176 14.0729 0
    endloop
  endfacet
  facet normal 0 0 -1
    outer loop
      vertex -26.9578 50.4607 0
      vertex -5.19176 14.0729 0
      vertex -5.74025 13.8582 0
    endloop
  endfacet
  facet normal 0 0 -1
    outer loop
      vertex -26.9578 50.4607 0
      vertex -5.74025 13.8582 0
      vertex -6.2799 13.6221 0
    endloop
  endfacet
  facet normal 0 0 -1
    outer loop
      vertex -26.9578 50.4607 0
      vertex -6.2799 13.6221 0
      vertex -6.80986 13.3651 0
    endloop
  endfacet
  facet normal 0 0 -1
    outer loop
      vertex -26.9578 50.4607 0
      vertex -6.80986 13.3651 0
      vertex -7.32932 13.0874 0
    endloop
  endfacet
  facet normal 0 0 -1
    outer loop
      vertex -1.76306 14.896 0
      vertex -7.63993 64.5494 0
      vertex -5.09984 64.7996 0
    endloop
  endfacet
  facet normal 0 0 -1
    outer loop
      vertex -26.9578 50.4607 0
      vertex -7.32932 13.0874 0
      vertex -7.83748 12.7896 0
    endloop
  endfacet
  facet normal 0 0 -1
    outer loop
      vertex -26.9578 50.4607 0
      vertex -7.83748 12.7896 0
      vertex -8.33355 12.472 0
    endloop
  endfacet
  facet normal 0 0 -1
    outer loop
      vertex -26.9578 50.4607 0
      vertex -8.33355 12.472 0
      vertex -8.81678 12.1353 0
    endloop
  endfacet
  facet normal 0 0 -1
    outer loop
      vertex -26.9578 50.4607 0
      vertex -8.81678 12.1353 0
      vertex -9.28641 11.7798 0
    endloop
  endfacet
  facet normal 0 0 -1
    outer loop
      vertex -26.9578 50.4607 0
      vertex -9.28641 11.7798 0
      vertex -9.74172 11.4061 0
    endloop
  endfacet
  facet normal 0 0 -1
    outer loop
      vertex -1.76306 14.896 0
      vertex -26.9578 50.4607 0
      vertex -7.63993 64.5494 0
    endloop
  endfacet
  facet normal 0 0 -1
    outer loop
      vertex -26.9578 50.4607 0
      vertex -9.74172 11.4061 0
      vertex -10.182 11.0148 0
    endloop
  endfacet
  facet normal 0 0 -1
    outer loop
      vertex -26.9578 50.4607 0
      vertex -10.182 11.0148 0
      vertex -10.6066 10.6066 0
    endloop
  endfacet
  facet normal 0 0 -1
    outer loop
      vertex -26.9578 50.4607 0
      vertex -10.6066 10.6066 0
      vertex -11.0148 10.182 0
    endloop
  endfacet
  facet normal 0 0 -1
    outer loop
      vertex -26.9578 50.4607 0
      vertex -11.0148 10.182 0
      vertex -11.4061 9.74172 0
    endloop
  endfacet
  facet normal 0 0 -1
    outer loop
      vertex -26.9578 50.4607 0
      vertex -11.4061 9.74172 0
      vertex -11.7798 9.28641 0
    endloop
  endfacet
  facet normal 0 0 -1
    outer loop
      vertex -26.9578 50.4607 0
      vertex -11.7798 9.28641 0
      vertex -12.1353 8.81678 0
    endloop
  endfacet
  facet normal 0 0 -1
    outer loop
      vertex -26.9578 50.4607 0
      vertex -12.1353 8.81678 0
      vertex -12.472 8.33355 0
    endloop
  endfacet
  facet normal 0 0 -1
    outer loop
      vertex -7.63993 64.5494 0
      vertex -26.9578 50.4607 0
      vertex -10.1682 64.1997 0
    endloop
  endfacet
  facet normal 0 0 -1
    outer loop
      vertex -26.9578 50.4607 0
      vertex -12.472 8.33355 0
      vertex -12.7896 7.83748 0
    endloop
  endfacet
  facet normal 0 0 -1
    outer loop
      vertex -26.9578 50.4607 0
      vertex -12.7896 7.83748 0
      vertex -13.0874 7.32932 0
    endloop
  endfacet
  facet normal 0 0 -1
    outer loop
      vertex -26.9578 50.4607 0
      vertex -13.0874 7.32932 0
      vertex -13.3651 6.80986 0
    endloop
  endfacet
  facet normal 0 0 -1
    outer loop
      vertex -26.9578 50.4607 0
      vertex -13.3651 6.80986 0
      vertex -13.6221 6.2799 0
    endloop
  endfacet
  facet normal 0 0 -1
    outer loop
      vertex -26.9578 50.4607 0
      vertex -13.6221 6.2799 0
      vertex -13.8582 5.74025 0
    endloop
  endfacet
  facet normal 0 0 -1
    outer loop
      vertex -26.9578 50.4607 0
      vertex -13.8582 5.74025 0
      vertex -14.0729 5.19176 0
    endloop
  endfacet
  facet normal 0 0 -1
    outer loop
      vertex -26.9578 50.4607 0
      vertex -14.0729 5.19176 0
      vertex -14.2658 4.63525 0
    endloop
  endfacet
  facet normal 0 0 -1
    outer loop
      vertex -26.9578 50.4607 0
      vertex -14.2658 4.63525 0
      vertex -14.4368 4.07161 0
    endloop
  endfacet
  facet normal 0 0 -1
    outer loop
      vertex -26.9578 50.4607 0
      vertex -14.4368 4.07161 0
      vertex -14.5855 3.50168 0
    endloop
  endfacet
  facet normal 0 0 -1
    outer loop
      vertex -26.9578 50.4607 0
      vertex -14.5855 3.50168 0
      vertex -14.7118 2.92635 0
    endloop
  endfacet
  facet normal 0 0 -1
    outer loop
      vertex -26.9578 50.4607 0
      vertex -14.7118 2.92635 0
      vertex -14.8153 2.34652 0
    endloop
  endfacet
  facet normal 0 0 -1
    outer loop
      vertex -26.9578 50.4607 0
      vertex -14.8153 2.34652 0
      vertex -14.896 1.76306 0
    endloop
  endfacet
  facet normal 0 0 -1
    outer loop
      vertex -26.9578 50.4607 0
      vertex -14.896 1.76306 0
      vertex -14.9538 1.17689 0
    endloop
  endfacet
  facet normal 0 0 -1
    outer loop
      vertex -26.9578 50.4607 0
      vertex -14.9538 1.17689 0
      vertex -14.9884 0.588897 0
    endloop
  endfacet
  facet normal 0 0 -1
    outer loop
      vertex -10.1682 64.1997 0
      vertex -26.9578 50.4607 0
      vertex -12.6809 63.751 0
    endloop
  endfacet
  facet normal -0 0 -1
    outer loop
      vertex -12.7896 -7.83748 0
      vertex -56.7122 -31.7604 0
      vertex -13.0874 -7.32932 0
    endloop
  endfacet
  facet normal 0 0 -1
    outer loop
      vertex -56.7122 -31.7604 0
      vertex -12.7896 -7.83748 0
      vertex -28.9759 -45.1655 0
    endloop
  endfacet
  facet normal 0 0 -1
    outer loop
      vertex -24.453 -50.3228 0
      vertex -15.1739 -63.204 0
      vertex -17.6436 -62.5596 0
    endloop
  endfacet
  facet normal -0 0 -1
    outer loop
      vertex -13.0874 -7.32932 0
      vertex -56.7122 -31.7604 0
      vertex -13.3651 -6.80986 0
    endloop
  endfacet
  facet normal 0 0 -1
    outer loop
      vertex -24.6265 -50.8338 0
      vertex -17.6436 -62.5596 0
      vertex -20.0861 -61.8187 0
    endloop
  endfacet
  facet normal 0 0 -1
    outer loop
      vertex -12.6809 63.751 0
      vertex -26.9578 50.4607 0
      vertex -15.1739 63.204 0
    endloop
  endfacet
  facet normal 0 0 -1
    outer loop
      vertex -24.8651 -51.3177 0
      vertex -20.0861 -61.8187 0
      vertex -22.4976 -60.9824 0
    endloop
  endfacet
  facet normal 0 0 -1
    outer loop
      vertex -15.1739 63.204 0
      vertex -26.9578 50.4607 0
      vertex -17.6436 62.5596 0
    endloop
  endfacet
  facet normal 0 -0 -1
    outer loop
      vertex -26.9375 50.7707 0
      vertex -17.6436 62.5596 0
      vertex -26.9578 50.4607 0
    endloop
  endfacet
  facet normal 0 0 -1
    outer loop
      vertex -15.1739 -63.204 0
      vertex -24.3478 -49.7936 0
      vertex -24.3125 -49.2552 0
    endloop
  endfacet
  facet normal 0 0 -1
    outer loop
      vertex -15.1739 -63.204 0
      vertex -24.453 -50.3228 0
      vertex -24.3478 -49.7936 0
    endloop
  endfacet
  facet normal 0 0 -1
    outer loop
      vertex -17.6436 -62.5596 0
      vertex -24.6265 -50.8338 0
      vertex -24.453 -50.3228 0
    endloop
  endfacet
  facet normal 0 0 -1
    outer loop
      vertex -20.0861 -61.8187 0
      vertex -24.8651 -51.3177 0
      vertex -24.6265 -50.8338 0
    endloop
  endfacet
  facet normal 0 0 -1
    outer loop
      vertex -25.5207 -52.172 0
      vertex -22.4976 -60.9824 0
      vertex -24.8744 -60.0522 0
    endloop
  endfacet
  facet normal 0 0 -1
    outer loop
      vertex -22.4976 -60.9824 0
      vertex -25.1649 -51.7663 0
      vertex -24.8651 -51.3177 0
    endloop
  endfacet
  facet normal 0 0 -1
    outer loop
      vertex -22.4976 -60.9824 0
      vertex -25.5207 -52.172 0
      vertex -25.1649 -51.7663 0
    endloop
  endfacet
  facet normal 0 0 -1
    outer loop
      vertex -24.8744 -60.0522 0
      vertex -25.9264 -52.5278 0
      vertex -25.5207 -52.172 0
    endloop
  endfacet
  facet normal 0 0 -1
    outer loop
      vertex -24.8744 -60.0522 0
      vertex -26.375 -52.8275 0
      vertex -25.9264 -52.5278 0
    endloop
  endfacet
  facet normal 0 0 -1
    outer loop
      vertex -28.0555 -55.3936 0
      vertex -26.375 -52.8275 0
      vertex -24.8744 -60.0522 0
    endloop
  endfacet
  facet normal 0 0 -1
    outer loop
      vertex -28.0555 -55.3936 0
      vertex -24.8744 -60.0522 0
      vertex -27.2129 -59.0293 0
    endloop
  endfacet
  facet normal 0 0 -1
    outer loop
      vertex -26.375 -52.8275 0
      vertex -28.0555 -55.3936 0
      vertex -26.6532 -52.9647 0
    endloop
  endfacet
  facet normal 0 -0 -1
    outer loop
      vertex -28.0555 -55.3936 0
      vertex -27.2129 -59.0293 0
      vertex -28.2437 -58.5293 0
    endloop
  endfacet
  facet normal 0.998269 0.0588155 0
    outer loop
      vertex 20.9838 0.824455 33
      vertex 20.9353 1.64764 3
      vertex 20.9353 1.64764 33
    endloop
  endfacet
  facet normal 0.998269 0.0588155 0
    outer loop
      vertex 20.9353 1.64764 3
      vertex 20.9838 0.824455 33
      vertex 20.9838 0.824455 3
    endloop
  endfacet
  facet normal 0.999807 0.0196456 0
    outer loop
      vertex 21 0 33
      vertex 20.9838 0.824455 3
      vertex 20.9838 0.824455 33
    endloop
  endfacet
  facet normal 0.999807 0.0196456 0
    outer loop
      vertex 20.9838 0.824455 3
      vertex 21 0 33
      vertex 21 0 3
    endloop
  endfacet
  facet normal 0.916171 0.400787 0
    outer loop
      vertex 19.4015 8.03635 33
      vertex 19.071 8.79185 3
      vertex 19.071 8.79185 33
    endloop
  endfacet
  facet normal 0.916171 0.400787 0
    outer loop
      vertex 19.071 8.79185 3
      vertex 19.4015 8.03635 33
      vertex 19.4015 8.03635 3
    endloop
  endfacet
  facet normal -0.364422 0.931234 0
    outer loop
      vertex -7.26846 19.702 3
      vertex -8.03635 19.4015 33
      vertex -7.26846 19.702 33
    endloop
  endfacet
  facet normal -0.364422 0.931234 0
    outer loop
      vertex -8.03635 19.4015 33
      vertex -7.26846 19.702 3
      vertex -8.03635 19.4015 3
    endloop
  endfacet
  facet normal 0.0588155 -0.998269 0
    outer loop
      vertex 0.824455 -20.9838 3
      vertex 1.64764 -20.9353 33
      vertex 0.824455 -20.9838 33
    endloop
  endfacet
  facet normal 0.0588155 -0.998269 0
    outer loop
      vertex 1.64764 -20.9353 33
      vertex 0.824455 -20.9838 3
      vertex 1.64764 -20.9353 3
    endloop
  endfacet
  facet normal 0.436437 0.899735 -0
    outer loop
      vertex 9.5338 18.7111 3
      vertex 8.79185 19.071 33
      vertex 9.5338 18.7111 33
    endloop
  endfacet
  facet normal 0.436437 0.899735 0
    outer loop
      vertex 8.79185 19.071 33
      vertex 9.5338 18.7111 3
      vertex 8.79185 19.071 3
    endloop
  endfacet
  facet normal 0.881919 0.4714 0
    outer loop
      vertex 18.7111 9.5338 33
      vertex 18.3224 10.261 3
      vertex 18.3224 10.261 33
    endloop
  endfacet
  facet normal 0.881919 0.4714 0
    outer loop
      vertex 18.3224 10.261 3
      vertex 18.7111 9.5338 33
      vertex 18.7111 9.5338 3
    endloop
  endfacet
  facet normal -0.967602 0.252481 0
    outer loop
      vertex -20.4198 4.90235 3
      vertex -20.2116 5.70025 33
      vertex -20.2116 5.70025 3
    endloop
  endfacet
  facet normal -0.967602 0.252481 0
    outer loop
      vertex -20.2116 5.70025 33
      vertex -20.4198 4.90235 3
      vertex -20.4198 4.90235 33
    endloop
  endfacet
  facet normal -0.84226 0.539071 0
    outer loop
      vertex -17.9054 10.9725 3
      vertex -17.4609 11.667 33
      vertex -17.4609 11.667 3
    endloop
  endfacet
  facet normal -0.84226 0.539071 0
    outer loop
      vertex -17.4609 11.667 33
      vertex -17.9054 10.9725 3
      vertex -17.9054 10.9725 33
    endloop
  endfacet
  facet normal 0.998269 -0.0588155 0
    outer loop
      vertex 20.9353 -1.64764 33
      vertex 20.9838 -0.824455 3
      vertex 20.9838 -0.824455 33
    endloop
  endfacet
  facet normal 0.998269 -0.0588155 0
    outer loop
      vertex 20.9838 -0.824455 3
      vertex 20.9353 -1.64764 33
      vertex 20.9353 -1.64764 3
    endloop
  endfacet
  facet normal 0.4714 0.881919 -0
    outer loop
      vertex 10.261 18.3224 3
      vertex 9.5338 18.7111 33
      vertex 10.261 18.3224 33
    endloop
  endfacet
  facet normal 0.4714 0.881919 0
    outer loop
      vertex 9.5338 18.7111 33
      vertex 10.261 18.3224 3
      vertex 9.5338 18.7111 3
    endloop
  endfacet
  facet normal 0.693147 0.720796 -0
    outer loop
      vertex 14.8492 14.8492 3
      vertex 14.2548 15.4208 33
      vertex 14.8492 14.8492 33
    endloop
  endfacet
  facet normal 0.693147 0.720796 0
    outer loop
      vertex 14.2548 15.4208 33
      vertex 14.8492 14.8492 3
      vertex 14.2548 15.4208 3
    endloop
  endfacet
  facet normal 0.976771 0.214285 0
    outer loop
      vertex 20.5965 4.0969 33
      vertex 20.4198 4.90235 3
      vertex 20.4198 4.90235 33
    endloop
  endfacet
  facet normal 0.976771 0.214285 0
    outer loop
      vertex 20.4198 4.90235 3
      vertex 20.5965 4.0969 33
      vertex 20.5965 4.0969 3
    endloop
  endfacet
  facet normal 0.098106 -0.995176 0
    outer loop
      vertex 1.64764 -20.9353 3
      vertex 2.46828 -20.8544 33
      vertex 1.64764 -20.9353 33
    endloop
  endfacet
  facet normal 0.098106 -0.995176 0
    outer loop
      vertex 2.46828 -20.8544 33
      vertex 1.64764 -20.9353 3
      vertex 2.46828 -20.8544 3
    endloop
  endfacet
  facet normal 0.984419 0.175837 0
    outer loop
      vertex 20.7415 3.28512 33
      vertex 20.5965 4.0969 3
      vertex 20.5965 4.0969 33
    endloop
  endfacet
  facet normal 0.984419 0.175837 0
    outer loop
      vertex 20.5965 4.0969 3
      vertex 20.7415 3.28512 33
      vertex 20.7415 3.28512 3
    endloop
  endfacet
  facet normal 0.984419 -0.175837 0
    outer loop
      vertex 20.5965 -4.0969 33
      vertex 20.7415 -3.28512 3
      vertex 20.7415 -3.28512 33
    endloop
  endfacet
  facet normal 0.984419 -0.175837 0
    outer loop
      vertex 20.7415 -3.28512 3
      vertex 20.5965 -4.0969 33
      vertex 20.5965 -4.0969 3
    endloop
  endfacet
  facet normal 0.0588155 0.998269 -0
    outer loop
      vertex 1.64764 20.9353 3
      vertex 0.824455 20.9838 33
      vertex 1.64764 20.9353 33
    endloop
  endfacet
  facet normal 0.0588155 0.998269 0
    outer loop
      vertex 0.824455 20.9838 33
      vertex 1.64764 20.9353 3
      vertex 0.824455 20.9838 3
    endloop
  endfacet
  facet normal 0.881919 -0.4714 0
    outer loop
      vertex 18.3224 -10.261 33
      vertex 18.7111 -9.5338 3
      vertex 18.7111 -9.5338 33
    endloop
  endfacet
  facet normal 0.881919 -0.4714 0
    outer loop
      vertex 18.7111 -9.5338 3
      vertex 18.3224 -10.261 33
      vertex 18.3224 -10.261 3
    endloop
  endfacet
  facet normal -0.0196456 0.999807 0
    outer loop
      vertex 0 21 3
      vertex -0.824455 20.9838 33
      vertex 0 21 33
    endloop
  endfacet
  facet normal -0.0196456 0.999807 0
    outer loop
      vertex -0.824455 20.9838 33
      vertex 0 21 3
      vertex -0.824455 20.9838 3
    endloop
  endfacet
  facet normal -0.634465 0.772951 0
    outer loop
      vertex -13.001 16.4917 3
      vertex -13.6384 15.9685 33
      vertex -13.001 16.4917 33
    endloop
  endfacet
  facet normal -0.634465 0.772951 0
    outer loop
      vertex -13.6384 15.9685 33
      vertex -13.001 16.4917 3
      vertex -13.6384 15.9685 3
    endloop
  endfacet
  facet normal 0.720796 -0.693147 0
    outer loop
      vertex 14.8492 -14.8492 33
      vertex 15.4208 -14.2548 3
      vertex 15.4208 -14.2548 33
    endloop
  endfacet
  facet normal 0.720796 -0.693147 0
    outer loop
      vertex 15.4208 -14.2548 3
      vertex 14.8492 -14.8492 33
      vertex 14.8492 -14.8492 3
    endloop
  endfacet
  facet normal 0.944794 -0.327664 0
    outer loop
      vertex 19.702 -7.26846 33
      vertex 19.9722 -6.48936 3
      vertex 19.9722 -6.48936 33
    endloop
  endfacet
  facet normal 0.944794 -0.327664 0
    outer loop
      vertex 19.9722 -6.48936 3
      vertex 19.702 -7.26846 33
      vertex 19.702 -7.26846 3
    endloop
  endfacet
  facet normal -0.820398 0.571793 0
    outer loop
      vertex -17.4609 11.667 3
      vertex -16.9894 12.3435 33
      vertex -16.9894 12.3435 3
    endloop
  endfacet
  facet normal -0.820398 0.571793 0
    outer loop
      vertex -16.9894 12.3435 33
      vertex -17.4609 11.667 3
      vertex -17.4609 11.667 33
    endloop
  endfacet
  facet normal -0.571793 0.820398 0
    outer loop
      vertex -11.667 17.4609 3
      vertex -12.3435 16.9894 33
      vertex -11.667 17.4609 33
    endloop
  endfacet
  facet normal -0.571793 0.820398 0
    outer loop
      vertex -12.3435 16.9894 33
      vertex -11.667 17.4609 3
      vertex -12.3435 16.9894 3
    endloop
  endfacet
  facet normal 0.862744 -0.505642 0
    outer loop
      vertex 17.9054 -10.9725 33
      vertex 18.3224 -10.261 3
      vertex 18.3224 -10.261 33
    endloop
  endfacet
  facet normal 0.862744 -0.505642 0
    outer loop
      vertex 18.3224 -10.261 3
      vertex 17.9054 -10.9725 33
      vertex 17.9054 -10.9725 3
    endloop
  endfacet
  facet normal 0.400787 -0.916171 0
    outer loop
      vertex 8.03635 -19.4015 3
      vertex 8.79185 -19.071 33
      vertex 8.03635 -19.4015 33
    endloop
  endfacet
  facet normal 0.400787 -0.916171 0
    outer loop
      vertex 8.79185 -19.071 33
      vertex 8.03635 -19.4015 3
      vertex 8.79185 -19.071 3
    endloop
  endfacet
  facet normal -0.931234 0.364422 0
    outer loop
      vertex -19.702 7.26846 3
      vertex -19.4015 8.03635 33
      vertex -19.4015 8.03635 3
    endloop
  endfacet
  facet normal -0.931234 0.364422 0
    outer loop
      vertex -19.4015 8.03635 33
      vertex -19.702 7.26846 3
      vertex -19.702 7.26846 33
    endloop
  endfacet
  facet normal 0.990583 -0.136914 0
    outer loop
      vertex 20.7415 -3.28512 33
      vertex 20.8544 -2.46828 3
      vertex 20.8544 -2.46828 33
    endloop
  endfacet
  facet normal 0.990583 -0.136914 0
    outer loop
      vertex 20.8544 -2.46828 3
      vertex 20.7415 -3.28512 33
      vertex 20.7415 -3.28512 3
    endloop
  endfacet
  facet normal -0.944794 -0.327664 0
    outer loop
      vertex -19.702 -7.26846 3
      vertex -19.9722 -6.48936 33
      vertex -19.9722 -6.48936 3
    endloop
  endfacet
  facet normal -0.944794 -0.327664 0
    outer loop
      vertex -19.9722 -6.48936 33
      vertex -19.702 -7.26846 3
      vertex -19.702 -7.26846 33
    endloop
  endfacet
  facet normal -0.252481 0.967602 0
    outer loop
      vertex -4.90235 20.4198 3
      vertex -5.70025 20.2116 33
      vertex -4.90235 20.4198 33
    endloop
  endfacet
  facet normal -0.252481 0.967602 0
    outer loop
      vertex -5.70025 20.2116 33
      vertex -4.90235 20.4198 3
      vertex -5.70025 20.2116 3
    endloop
  endfacet
  facet normal 0.944794 0.327664 0
    outer loop
      vertex 19.9722 6.48936 33
      vertex 19.702 7.26846 3
      vertex 19.702 7.26846 33
    endloop
  endfacet
  facet normal 0.944794 0.327664 0
    outer loop
      vertex 19.702 7.26846 3
      vertex 19.9722 6.48936 33
      vertex 19.9722 6.48936 3
    endloop
  endfacet
  facet normal 0.0196456 -0.999807 0
    outer loop
      vertex 0 -21 3
      vertex 0.824455 -20.9838 33
      vertex 0 -21 33
    endloop
  endfacet
  facet normal 0.0196456 -0.999807 0
    outer loop
      vertex 0.824455 -20.9838 33
      vertex 0 -21 3
      vertex 0.824455 -20.9838 3
    endloop
  endfacet
  facet normal 0.820398 0.571793 0
    outer loop
      vertex 17.4609 11.667 33
      vertex 16.9894 12.3435 3
      vertex 16.9894 12.3435 33
    endloop
  endfacet
  facet normal 0.820398 0.571793 0
    outer loop
      vertex 16.9894 12.3435 3
      vertex 17.4609 11.667 33
      vertex 17.4609 11.667 3
    endloop
  endfacet
  facet normal 0.990583 0.136914 0
    outer loop
      vertex 20.8544 2.46828 33
      vertex 20.7415 3.28512 3
      vertex 20.7415 3.28512 33
    endloop
  endfacet
  facet normal 0.990583 0.136914 0
    outer loop
      vertex 20.7415 3.28512 3
      vertex 20.8544 2.46828 33
      vertex 20.8544 2.46828 3
    endloop
  endfacet
  facet normal 0.175837 -0.984419 0
    outer loop
      vertex 3.28512 -20.7415 3
      vertex 4.0969 -20.5965 33
      vertex 3.28512 -20.7415 33
    endloop
  endfacet
  facet normal 0.175837 -0.984419 0
    outer loop
      vertex 4.0969 -20.5965 33
      vertex 3.28512 -20.7415 3
      vertex 4.0969 -20.5965 3
    endloop
  endfacet
  facet normal 0.364422 -0.931234 0
    outer loop
      vertex 7.26846 -19.702 3
      vertex 8.03635 -19.4015 33
      vertex 7.26846 -19.702 33
    endloop
  endfacet
  facet normal 0.364422 -0.931234 0
    outer loop
      vertex 8.03635 -19.4015 33
      vertex 7.26846 -19.702 3
      vertex 8.03635 -19.4015 3
    endloop
  endfacet
  facet normal 0.967602 0.252481 0
    outer loop
      vertex 20.4198 4.90235 33
      vertex 20.2116 5.70025 3
      vertex 20.2116 5.70025 33
    endloop
  endfacet
  facet normal 0.967602 0.252481 0
    outer loop
      vertex 20.2116 5.70025 3
      vertex 20.4198 4.90235 33
      vertex 20.4198 4.90235 3
    endloop
  endfacet
  facet normal 0.290314 -0.956932 0
    outer loop
      vertex 5.70025 -20.2116 3
      vertex 6.48936 -19.9722 33
      vertex 5.70025 -20.2116 33
    endloop
  endfacet
  facet normal 0.290314 -0.956932 0
    outer loop
      vertex 6.48936 -19.9722 33
      vertex 5.70025 -20.2116 3
      vertex 6.48936 -19.9722 3
    endloop
  endfacet
  facet normal 0.252481 -0.967602 0
    outer loop
      vertex 4.90235 -20.4198 3
      vertex 5.70025 -20.2116 33
      vertex 4.90235 -20.4198 33
    endloop
  endfacet
  facet normal 0.252481 -0.967602 0
    outer loop
      vertex 5.70025 -20.2116 33
      vertex 4.90235 -20.4198 3
      vertex 5.70025 -20.2116 3
    endloop
  endfacet
  facet normal -0.136914 -0.990583 0
    outer loop
      vertex -3.28512 -20.7415 3
      vertex -2.46828 -20.8544 33
      vertex -3.28512 -20.7415 33
    endloop
  endfacet
  facet normal -0.136914 -0.990583 -0
    outer loop
      vertex -2.46828 -20.8544 33
      vertex -3.28512 -20.7415 3
      vertex -2.46828 -20.8544 3
    endloop
  endfacet
  facet normal 0.603545 -0.797329 0
    outer loop
      vertex 12.3435 -16.9894 3
      vertex 13.001 -16.4917 33
      vertex 12.3435 -16.9894 33
    endloop
  endfacet
  facet normal 0.603545 -0.797329 0
    outer loop
      vertex 13.001 -16.4917 33
      vertex 12.3435 -16.9894 3
      vertex 13.001 -16.4917 3
    endloop
  endfacet
  facet normal 0.931234 0.364422 0
    outer loop
      vertex 19.702 7.26846 33
      vertex 19.4015 8.03635 3
      vertex 19.4015 8.03635 33
    endloop
  endfacet
  facet normal 0.931234 0.364422 0
    outer loop
      vertex 19.4015 8.03635 3
      vertex 19.702 7.26846 33
      vertex 19.702 7.26846 3
    endloop
  endfacet
  facet normal -0.995176 0.098106 0
    outer loop
      vertex -20.9353 1.64764 3
      vertex -20.8544 2.46828 33
      vertex -20.8544 2.46828 3
    endloop
  endfacet
  facet normal -0.995176 0.098106 0
    outer loop
      vertex -20.8544 2.46828 33
      vertex -20.9353 1.64764 3
      vertex -20.9353 1.64764 33
    endloop
  endfacet
  facet normal 0.603545 0.797329 -0
    outer loop
      vertex 13.001 16.4917 3
      vertex 12.3435 16.9894 33
      vertex 13.001 16.4917 33
    endloop
  endfacet
  facet normal 0.603545 0.797329 0
    outer loop
      vertex 12.3435 16.9894 33
      vertex 13.001 16.4917 3
      vertex 12.3435 16.9894 3
    endloop
  endfacet
  facet normal -0.976771 -0.214285 0
    outer loop
      vertex -20.4198 -4.90235 3
      vertex -20.5965 -4.0969 33
      vertex -20.5965 -4.0969 3
    endloop
  endfacet
  facet normal -0.976771 -0.214285 0
    outer loop
      vertex -20.5965 -4.0969 33
      vertex -20.4198 -4.90235 3
      vertex -20.4198 -4.90235 33
    endloop
  endfacet
  facet normal -0.603545 -0.797329 0
    outer loop
      vertex -13.001 -16.4917 3
      vertex -12.3435 -16.9894 33
      vertex -13.001 -16.4917 33
    endloop
  endfacet
  facet normal -0.603545 -0.797329 -0
    outer loop
      vertex -12.3435 -16.9894 33
      vertex -13.001 -16.4917 3
      vertex -12.3435 -16.9894 3
    endloop
  endfacet
  facet normal 0.634465 -0.772951 0
    outer loop
      vertex 13.001 -16.4917 3
      vertex 13.6384 -15.9685 33
      vertex 13.001 -16.4917 33
    endloop
  endfacet
  facet normal 0.634465 -0.772951 0
    outer loop
      vertex 13.6384 -15.9685 33
      vertex 13.001 -16.4917 3
      vertex 13.6384 -15.9685 3
    endloop
  endfacet
  facet normal -0.944794 0.327664 0
    outer loop
      vertex -19.9722 6.48936 3
      vertex -19.702 7.26846 33
      vertex -19.702 7.26846 3
    endloop
  endfacet
  facet normal -0.944794 0.327664 0
    outer loop
      vertex -19.702 7.26846 33
      vertex -19.9722 6.48936 3
      vertex -19.9722 6.48936 33
    endloop
  endfacet
  facet normal 0.539071 -0.84226 0
    outer loop
      vertex 10.9725 -17.9054 3
      vertex 11.667 -17.4609 33
      vertex 10.9725 -17.9054 33
    endloop
  endfacet
  facet normal 0.539071 -0.84226 0
    outer loop
      vertex 11.667 -17.4609 33
      vertex 10.9725 -17.9054 3
      vertex 11.667 -17.4609 3
    endloop
  endfacet
  facet normal 0.820398 -0.571793 0
    outer loop
      vertex 16.9894 -12.3435 33
      vertex 17.4609 -11.667 3
      vertex 17.4609 -11.667 33
    endloop
  endfacet
  facet normal 0.820398 -0.571793 0
    outer loop
      vertex 17.4609 -11.667 3
      vertex 16.9894 -12.3435 33
      vertex 16.9894 -12.3435 3
    endloop
  endfacet
  facet normal -0.998269 -0.0588155 0
    outer loop
      vertex -20.9353 -1.64764 3
      vertex -20.9838 -0.824455 33
      vertex -20.9838 -0.824455 3
    endloop
  endfacet
  facet normal -0.998269 -0.0588155 0
    outer loop
      vertex -20.9838 -0.824455 33
      vertex -20.9353 -1.64764 3
      vertex -20.9353 -1.64764 33
    endloop
  endfacet
  facet normal -0.990583 0.136914 0
    outer loop
      vertex -20.8544 2.46828 3
      vertex -20.7415 3.28512 33
      vertex -20.7415 3.28512 3
    endloop
  endfacet
  facet normal -0.990583 0.136914 0
    outer loop
      vertex -20.7415 3.28512 33
      vertex -20.8544 2.46828 3
      vertex -20.8544 2.46828 33
    endloop
  endfacet
  facet normal 0.862744 0.505642 0
    outer loop
      vertex 18.3224 10.261 33
      vertex 17.9054 10.9725 3
      vertex 17.9054 10.9725 33
    endloop
  endfacet
  facet normal 0.862744 0.505642 0
    outer loop
      vertex 17.9054 10.9725 3
      vertex 18.3224 10.261 33
      vertex 18.3224 10.261 3
    endloop
  endfacet
  facet normal 0.84226 0.539071 0
    outer loop
      vertex 17.9054 10.9725 33
      vertex 17.4609 11.667 3
      vertex 17.4609 11.667 33
    endloop
  endfacet
  facet normal 0.84226 0.539071 0
    outer loop
      vertex 17.4609 11.667 3
      vertex 17.9054 10.9725 33
      vertex 17.9054 10.9725 3
    endloop
  endfacet
  facet normal 0.252481 0.967602 -0
    outer loop
      vertex 5.70025 20.2116 3
      vertex 4.90235 20.4198 33
      vertex 5.70025 20.2116 33
    endloop
  endfacet
  facet normal 0.252481 0.967602 0
    outer loop
      vertex 4.90235 20.4198 33
      vertex 5.70025 20.2116 3
      vertex 4.90235 20.4198 3
    endloop
  endfacet
  facet normal -0.0588155 -0.998269 0
    outer loop
      vertex -1.64764 -20.9353 3
      vertex -0.824455 -20.9838 33
      vertex -1.64764 -20.9353 33
    endloop
  endfacet
  facet normal -0.0588155 -0.998269 -0
    outer loop
      vertex -0.824455 -20.9838 33
      vertex -1.64764 -20.9353 3
      vertex -0.824455 -20.9838 3
    endloop
  endfacet
  facet normal -0.175837 0.984419 0
    outer loop
      vertex -3.28512 20.7415 3
      vertex -4.0969 20.5965 33
      vertex -3.28512 20.7415 33
    endloop
  endfacet
  facet normal -0.175837 0.984419 0
    outer loop
      vertex -4.0969 20.5965 33
      vertex -3.28512 20.7415 3
      vertex -4.0969 20.5965 3
    endloop
  endfacet
  facet normal -0.772951 0.634465 0
    outer loop
      vertex -16.4917 13.001 3
      vertex -15.9685 13.6384 33
      vertex -15.9685 13.6384 3
    endloop
  endfacet
  facet normal -0.772951 0.634465 0
    outer loop
      vertex -15.9685 13.6384 33
      vertex -16.4917 13.001 3
      vertex -16.4917 13.001 33
    endloop
  endfacet
  facet normal 0.0196456 0.999807 -0
    outer loop
      vertex 0.824455 20.9838 3
      vertex 0 21 33
      vertex 0.824455 20.9838 33
    endloop
  endfacet
  facet normal 0.0196456 0.999807 0
    outer loop
      vertex 0 21 33
      vertex 0.824455 20.9838 3
      vertex 0 21 3
    endloop
  endfacet
  facet normal -0.603545 0.797329 0
    outer loop
      vertex -12.3435 16.9894 3
      vertex -13.001 16.4917 33
      vertex -12.3435 16.9894 33
    endloop
  endfacet
  facet normal -0.603545 0.797329 0
    outer loop
      vertex -13.001 16.4917 33
      vertex -12.3435 16.9894 3
      vertex -13.001 16.4917 3
    endloop
  endfacet
  facet normal -0.720796 -0.693147 0
    outer loop
      vertex -14.8492 -14.8492 3
      vertex -15.4208 -14.2548 33
      vertex -15.4208 -14.2548 3
    endloop
  endfacet
  facet normal -0.720796 -0.693147 0
    outer loop
      vertex -15.4208 -14.2548 33
      vertex -14.8492 -14.8492 3
      vertex -14.8492 -14.8492 33
    endloop
  endfacet
  facet normal 0.400787 0.916171 -0
    outer loop
      vertex 8.79185 19.071 3
      vertex 8.03635 19.4015 33
      vertex 8.79185 19.071 33
    endloop
  endfacet
  facet normal 0.400787 0.916171 0
    outer loop
      vertex 8.03635 19.4015 33
      vertex 8.79185 19.071 3
      vertex 8.03635 19.4015 3
    endloop
  endfacet
  facet normal -0.539071 -0.84226 0
    outer loop
      vertex -11.667 -17.4609 3
      vertex -10.9725 -17.9054 33
      vertex -11.667 -17.4609 33
    endloop
  endfacet
  facet normal -0.539071 -0.84226 -0
    outer loop
      vertex -10.9725 -17.9054 33
      vertex -11.667 -17.4609 3
      vertex -10.9725 -17.9054 3
    endloop
  endfacet
  facet normal -0.899735 0.436437 0
    outer loop
      vertex -19.071 8.79185 3
      vertex -18.7111 9.5338 33
      vertex -18.7111 9.5338 3
    endloop
  endfacet
  facet normal -0.899735 0.436437 0
    outer loop
      vertex -18.7111 9.5338 33
      vertex -19.071 8.79185 3
      vertex -19.071 8.79185 33
    endloop
  endfacet
  facet normal -0.539071 0.84226 0
    outer loop
      vertex -10.9725 17.9054 3
      vertex -11.667 17.4609 33
      vertex -10.9725 17.9054 33
    endloop
  endfacet
  facet normal -0.539071 0.84226 0
    outer loop
      vertex -11.667 17.4609 33
      vertex -10.9725 17.9054 3
      vertex -11.667 17.4609 3
    endloop
  endfacet
  facet normal -0.0196456 -0.999807 0
    outer loop
      vertex -0.824455 -20.9838 3
      vertex 0 -21 33
      vertex -0.824455 -20.9838 33
    endloop
  endfacet
  facet normal -0.0196456 -0.999807 -0
    outer loop
      vertex 0 -21 33
      vertex -0.824455 -20.9838 3
      vertex 0 -21 3
    endloop
  endfacet
  facet normal -0.436437 -0.899735 0
    outer loop
      vertex -9.5338 -18.7111 3
      vertex -8.79185 -19.071 33
      vertex -9.5338 -18.7111 33
    endloop
  endfacet
  facet normal -0.436437 -0.899735 -0
    outer loop
      vertex -8.79185 -19.071 33
      vertex -9.5338 -18.7111 3
      vertex -8.79185 -19.071 3
    endloop
  endfacet
  facet normal -0.327664 0.944794 0
    outer loop
      vertex -6.48936 19.9722 3
      vertex -7.26846 19.702 33
      vertex -6.48936 19.9722 33
    endloop
  endfacet
  facet normal -0.327664 0.944794 0
    outer loop
      vertex -7.26846 19.702 33
      vertex -6.48936 19.9722 3
      vertex -7.26846 19.702 3
    endloop
  endfacet
  facet normal -0.931234 -0.364422 0
    outer loop
      vertex -19.4015 -8.03635 3
      vertex -19.702 -7.26846 33
      vertex -19.702 -7.26846 3
    endloop
  endfacet
  facet normal -0.931234 -0.364422 0
    outer loop
      vertex -19.702 -7.26846 33
      vertex -19.4015 -8.03635 3
      vertex -19.4015 -8.03635 33
    endloop
  endfacet
  facet normal -0.364422 -0.931234 0
    outer loop
      vertex -8.03635 -19.4015 3
      vertex -7.26846 -19.702 33
      vertex -8.03635 -19.4015 33
    endloop
  endfacet
  facet normal -0.364422 -0.931234 -0
    outer loop
      vertex -7.26846 -19.702 33
      vertex -8.03635 -19.4015 3
      vertex -7.26846 -19.702 3
    endloop
  endfacet
  facet normal -0.693147 -0.720796 0
    outer loop
      vertex -14.8492 -14.8492 3
      vertex -14.2548 -15.4208 33
      vertex -14.8492 -14.8492 33
    endloop
  endfacet
  facet normal -0.693147 -0.720796 -0
    outer loop
      vertex -14.2548 -15.4208 33
      vertex -14.8492 -14.8492 3
      vertex -14.2548 -15.4208 3
    endloop
  endfacet
  facet normal 0.327664 -0.944794 0
    outer loop
      vertex 6.48936 -19.9722 3
      vertex 7.26846 -19.702 33
      vertex 6.48936 -19.9722 33
    endloop
  endfacet
  facet normal 0.327664 -0.944794 0
    outer loop
      vertex 7.26846 -19.702 33
      vertex 6.48936 -19.9722 3
      vertex 7.26846 -19.702 3
    endloop
  endfacet
  facet normal 0.956932 -0.290314 0
    outer loop
      vertex 19.9722 -6.48936 33
      vertex 20.2116 -5.70025 3
      vertex 20.2116 -5.70025 33
    endloop
  endfacet
  facet normal 0.956932 -0.290314 0
    outer loop
      vertex 20.2116 -5.70025 3
      vertex 19.9722 -6.48936 33
      vertex 19.9722 -6.48936 3
    endloop
  endfacet
  facet normal -0.505642 -0.862744 0
    outer loop
      vertex -10.9725 -17.9054 3
      vertex -10.261 -18.3224 33
      vertex -10.9725 -17.9054 33
    endloop
  endfacet
  facet normal -0.505642 -0.862744 -0
    outer loop
      vertex -10.261 -18.3224 33
      vertex -10.9725 -17.9054 3
      vertex -10.261 -18.3224 3
    endloop
  endfacet
  facet normal -0.634465 -0.772951 0
    outer loop
      vertex -13.6384 -15.9685 3
      vertex -13.001 -16.4917 33
      vertex -13.6384 -15.9685 33
    endloop
  endfacet
  facet normal -0.634465 -0.772951 -0
    outer loop
      vertex -13.001 -16.4917 33
      vertex -13.6384 -15.9685 3
      vertex -13.001 -16.4917 3
    endloop
  endfacet
  facet normal 0.899735 0.436437 0
    outer loop
      vertex 19.071 8.79185 33
      vertex 18.7111 9.5338 3
      vertex 18.7111 9.5338 33
    endloop
  endfacet
  facet normal 0.899735 0.436437 0
    outer loop
      vertex 18.7111 9.5338 3
      vertex 19.071 8.79185 33
      vertex 19.071 8.79185 3
    endloop
  endfacet
  facet normal -0.881919 0.4714 0
    outer loop
      vertex -18.7111 9.5338 3
      vertex -18.3224 10.261 33
      vertex -18.3224 10.261 3
    endloop
  endfacet
  facet normal -0.881919 0.4714 0
    outer loop
      vertex -18.3224 10.261 33
      vertex -18.7111 9.5338 3
      vertex -18.7111 9.5338 33
    endloop
  endfacet
  facet normal 0.634465 0.772951 -0
    outer loop
      vertex 13.6384 15.9685 3
      vertex 13.001 16.4917 33
      vertex 13.6384 15.9685 33
    endloop
  endfacet
  facet normal 0.634465 0.772951 0
    outer loop
      vertex 13.001 16.4917 33
      vertex 13.6384 15.9685 3
      vertex 13.001 16.4917 3
    endloop
  endfacet
  facet normal 0.136914 -0.990583 0
    outer loop
      vertex 2.46828 -20.8544 3
      vertex 3.28512 -20.7415 33
      vertex 2.46828 -20.8544 33
    endloop
  endfacet
  facet normal 0.136914 -0.990583 0
    outer loop
      vertex 3.28512 -20.7415 33
      vertex 2.46828 -20.8544 3
      vertex 3.28512 -20.7415 3
    endloop
  endfacet
  facet normal -0.136914 0.990583 0
    outer loop
      vertex -2.46828 20.8544 3
      vertex -3.28512 20.7415 33
      vertex -2.46828 20.8544 33
    endloop
  endfacet
  facet normal -0.136914 0.990583 0
    outer loop
      vertex -3.28512 20.7415 33
      vertex -2.46828 20.8544 3
      vertex -3.28512 20.7415 3
    endloop
  endfacet
  facet normal 0.797329 -0.603545 0
    outer loop
      vertex 16.4917 -13.001 33
      vertex 16.9894 -12.3435 3
      vertex 16.9894 -12.3435 33
    endloop
  endfacet
  facet normal 0.797329 -0.603545 0
    outer loop
      vertex 16.9894 -12.3435 3
      vertex 16.4917 -13.001 33
      vertex 16.4917 -13.001 3
    endloop
  endfacet
  facet normal 0.175837 0.984419 -0
    outer loop
      vertex 4.0969 20.5965 3
      vertex 3.28512 20.7415 33
      vertex 4.0969 20.5965 33
    endloop
  endfacet
  facet normal 0.175837 0.984419 0
    outer loop
      vertex 3.28512 20.7415 33
      vertex 4.0969 20.5965 3
      vertex 3.28512 20.7415 3
    endloop
  endfacet
  facet normal 0.571793 0.820398 -0
    outer loop
      vertex 12.3435 16.9894 3
      vertex 11.667 17.4609 33
      vertex 12.3435 16.9894 33
    endloop
  endfacet
  facet normal 0.571793 0.820398 0
    outer loop
      vertex 11.667 17.4609 33
      vertex 12.3435 16.9894 3
      vertex 11.667 17.4609 3
    endloop
  endfacet
  facet normal -0.175837 -0.984419 0
    outer loop
      vertex -4.0969 -20.5965 3
      vertex -3.28512 -20.7415 33
      vertex -4.0969 -20.5965 33
    endloop
  endfacet
  facet normal -0.175837 -0.984419 -0
    outer loop
      vertex -3.28512 -20.7415 33
      vertex -4.0969 -20.5965 3
      vertex -3.28512 -20.7415 3
    endloop
  endfacet
  facet normal -0.0588155 0.998269 0
    outer loop
      vertex -0.824455 20.9838 3
      vertex -1.64764 20.9353 33
      vertex -0.824455 20.9838 33
    endloop
  endfacet
  facet normal -0.0588155 0.998269 0
    outer loop
      vertex -1.64764 20.9353 33
      vertex -0.824455 20.9838 3
      vertex -1.64764 20.9353 3
    endloop
  endfacet
  facet normal 0.505642 -0.862744 0
    outer loop
      vertex 10.261 -18.3224 3
      vertex 10.9725 -17.9054 33
      vertex 10.261 -18.3224 33
    endloop
  endfacet
  facet normal 0.505642 -0.862744 0
    outer loop
      vertex 10.9725 -17.9054 33
      vertex 10.261 -18.3224 3
      vertex 10.9725 -17.9054 3
    endloop
  endfacet
  facet normal -0.098106 -0.995176 0
    outer loop
      vertex -2.46828 -20.8544 3
      vertex -1.64764 -20.9353 33
      vertex -2.46828 -20.8544 33
    endloop
  endfacet
  facet normal -0.098106 -0.995176 -0
    outer loop
      vertex -1.64764 -20.9353 33
      vertex -2.46828 -20.8544 3
      vertex -1.64764 -20.9353 3
    endloop
  endfacet
  facet normal -0.862744 0.505642 0
    outer loop
      vertex -18.3224 10.261 3
      vertex -17.9054 10.9725 33
      vertex -17.9054 10.9725 3
    endloop
  endfacet
  facet normal -0.862744 0.505642 0
    outer loop
      vertex -17.9054 10.9725 33
      vertex -18.3224 10.261 3
      vertex -18.3224 10.261 33
    endloop
  endfacet
  facet normal -0.916171 0.400787 0
    outer loop
      vertex -19.4015 8.03635 3
      vertex -19.071 8.79185 33
      vertex -19.071 8.79185 3
    endloop
  endfacet
  facet normal -0.916171 0.400787 0
    outer loop
      vertex -19.071 8.79185 33
      vertex -19.4015 8.03635 3
      vertex -19.4015 8.03635 33
    endloop
  endfacet
  facet normal -0.098106 0.995176 0
    outer loop
      vertex -1.64764 20.9353 3
      vertex -2.46828 20.8544 33
      vertex -1.64764 20.9353 33
    endloop
  endfacet
  facet normal -0.098106 0.995176 0
    outer loop
      vertex -2.46828 20.8544 33
      vertex -1.64764 20.9353 3
      vertex -2.46828 20.8544 3
    endloop
  endfacet
  facet normal -0.400787 -0.916171 0
    outer loop
      vertex -8.79185 -19.071 3
      vertex -8.03635 -19.4015 33
      vertex -8.79185 -19.071 33
    endloop
  endfacet
  facet normal -0.400787 -0.916171 -0
    outer loop
      vertex -8.03635 -19.4015 33
      vertex -8.79185 -19.071 3
      vertex -8.03635 -19.4015 3
    endloop
  endfacet
  facet normal -0.571793 -0.820398 0
    outer loop
      vertex -12.3435 -16.9894 3
      vertex -11.667 -17.4609 33
      vertex -12.3435 -16.9894 33
    endloop
  endfacet
  facet normal -0.571793 -0.820398 -0
    outer loop
      vertex -11.667 -17.4609 33
      vertex -12.3435 -16.9894 3
      vertex -11.667 -17.4609 3
    endloop
  endfacet
  facet normal -0.4714 -0.881919 0
    outer loop
      vertex -10.261 -18.3224 3
      vertex -9.5338 -18.7111 33
      vertex -10.261 -18.3224 33
    endloop
  endfacet
  facet normal -0.4714 -0.881919 -0
    outer loop
      vertex -9.5338 -18.7111 33
      vertex -10.261 -18.3224 3
      vertex -9.5338 -18.7111 3
    endloop
  endfacet
  facet normal -0.956932 0.290314 0
    outer loop
      vertex -20.2116 5.70025 3
      vertex -19.9722 6.48936 33
      vertex -19.9722 6.48936 3
    endloop
  endfacet
  facet normal -0.956932 0.290314 0
    outer loop
      vertex -19.9722 6.48936 33
      vertex -20.2116 5.70025 3
      vertex -20.2116 5.70025 33
    endloop
  endfacet
  facet normal 0.772951 0.634465 0
    outer loop
      vertex 16.4917 13.001 33
      vertex 15.9685 13.6384 3
      vertex 15.9685 13.6384 33
    endloop
  endfacet
  facet normal 0.772951 0.634465 0
    outer loop
      vertex 15.9685 13.6384 3
      vertex 16.4917 13.001 33
      vertex 16.4917 13.001 3
    endloop
  endfacet
  facet normal -0.998269 0.0588155 0
    outer loop
      vertex -20.9838 0.824455 3
      vertex -20.9353 1.64764 33
      vertex -20.9353 1.64764 3
    endloop
  endfacet
  facet normal -0.998269 0.0588155 0
    outer loop
      vertex -20.9353 1.64764 33
      vertex -20.9838 0.824455 3
      vertex -20.9838 0.824455 33
    endloop
  endfacet
  facet normal -0.693147 0.720796 0
    outer loop
      vertex -14.2548 15.4208 3
      vertex -14.8492 14.8492 33
      vertex -14.2548 15.4208 33
    endloop
  endfacet
  facet normal -0.693147 0.720796 0
    outer loop
      vertex -14.8492 14.8492 33
      vertex -14.2548 15.4208 3
      vertex -14.8492 14.8492 3
    endloop
  endfacet
  facet normal 0.136914 0.990583 -0
    outer loop
      vertex 3.28512 20.7415 3
      vertex 2.46828 20.8544 33
      vertex 3.28512 20.7415 33
    endloop
  endfacet
  facet normal 0.136914 0.990583 0
    outer loop
      vertex 2.46828 20.8544 33
      vertex 3.28512 20.7415 3
      vertex 2.46828 20.8544 3
    endloop
  endfacet
  facet normal 0.539071 0.84226 -0
    outer loop
      vertex 11.667 17.4609 3
      vertex 10.9725 17.9054 33
      vertex 11.667 17.4609 33
    endloop
  endfacet
  facet normal 0.539071 0.84226 0
    outer loop
      vertex 10.9725 17.9054 33
      vertex 11.667 17.4609 3
      vertex 10.9725 17.9054 3
    endloop
  endfacet
  facet normal 0.664221 0.747536 -0
    outer loop
      vertex 14.2548 15.4208 3
      vertex 13.6384 15.9685 33
      vertex 14.2548 15.4208 33
    endloop
  endfacet
  facet normal 0.664221 0.747536 0
    outer loop
      vertex 13.6384 15.9685 33
      vertex 14.2548 15.4208 3
      vertex 13.6384 15.9685 3
    endloop
  endfacet
  facet normal 0.4714 -0.881919 0
    outer loop
      vertex 9.5338 -18.7111 3
      vertex 10.261 -18.3224 33
      vertex 9.5338 -18.7111 33
    endloop
  endfacet
  facet normal 0.4714 -0.881919 0
    outer loop
      vertex 10.261 -18.3224 33
      vertex 9.5338 -18.7111 3
      vertex 10.261 -18.3224 3
    endloop
  endfacet
  facet normal 0.505642 0.862744 -0
    outer loop
      vertex 10.9725 17.9054 3
      vertex 10.261 18.3224 33
      vertex 10.9725 17.9054 33
    endloop
  endfacet
  facet normal 0.505642 0.862744 0
    outer loop
      vertex 10.261 18.3224 33
      vertex 10.9725 17.9054 3
      vertex 10.261 18.3224 3
    endloop
  endfacet
  facet normal -0.999807 -0.0196456 0
    outer loop
      vertex -20.9838 -0.824455 3
      vertex -21 0 33
      vertex -21 0 3
    endloop
  endfacet
  facet normal -0.999807 -0.0196456 0
    outer loop
      vertex -21 0 33
      vertex -20.9838 -0.824455 3
      vertex -20.9838 -0.824455 33
    endloop
  endfacet
  facet normal -0.290314 -0.956932 0
    outer loop
      vertex -6.48936 -19.9722 3
      vertex -5.70025 -20.2116 33
      vertex -6.48936 -19.9722 33
    endloop
  endfacet
  facet normal -0.290314 -0.956932 -0
    outer loop
      vertex -5.70025 -20.2116 33
      vertex -6.48936 -19.9722 3
      vertex -5.70025 -20.2116 3
    endloop
  endfacet
  facet normal 0.436437 -0.899735 0
    outer loop
      vertex 8.79185 -19.071 3
      vertex 9.5338 -18.7111 33
      vertex 8.79185 -19.071 33
    endloop
  endfacet
  facet normal 0.436437 -0.899735 0
    outer loop
      vertex 9.5338 -18.7111 33
      vertex 8.79185 -19.071 3
      vertex 9.5338 -18.7111 3
    endloop
  endfacet
  facet normal 0.84226 -0.539071 0
    outer loop
      vertex 17.4609 -11.667 33
      vertex 17.9054 -10.9725 3
      vertex 17.9054 -10.9725 33
    endloop
  endfacet
  facet normal 0.84226 -0.539071 0
    outer loop
      vertex 17.9054 -10.9725 3
      vertex 17.4609 -11.667 33
      vertex 17.4609 -11.667 3
    endloop
  endfacet
  facet normal -0.967602 -0.252481 0
    outer loop
      vertex -20.2116 -5.70025 3
      vertex -20.4198 -4.90235 33
      vertex -20.4198 -4.90235 3
    endloop
  endfacet
  facet normal -0.967602 -0.252481 0
    outer loop
      vertex -20.4198 -4.90235 33
      vertex -20.2116 -5.70025 3
      vertex -20.2116 -5.70025 33
    endloop
  endfacet
  facet normal -0.995176 -0.098106 0
    outer loop
      vertex -20.8544 -2.46828 3
      vertex -20.9353 -1.64764 33
      vertex -20.9353 -1.64764 3
    endloop
  endfacet
  facet normal -0.995176 -0.098106 0
    outer loop
      vertex -20.9353 -1.64764 33
      vertex -20.8544 -2.46828 3
      vertex -20.8544 -2.46828 33
    endloop
  endfacet
  facet normal -0.899735 -0.436437 0
    outer loop
      vertex -18.7111 -9.5338 3
      vertex -19.071 -8.79185 33
      vertex -19.071 -8.79185 3
    endloop
  endfacet
  facet normal -0.899735 -0.436437 0
    outer loop
      vertex -19.071 -8.79185 33
      vertex -18.7111 -9.5338 3
      vertex -18.7111 -9.5338 33
    endloop
  endfacet
  facet normal -0.400787 0.916171 0
    outer loop
      vertex -8.03635 19.4015 3
      vertex -8.79185 19.071 33
      vertex -8.03635 19.4015 33
    endloop
  endfacet
  facet normal -0.400787 0.916171 0
    outer loop
      vertex -8.79185 19.071 33
      vertex -8.03635 19.4015 3
      vertex -8.79185 19.071 3
    endloop
  endfacet
  facet normal 0.995176 -0.098106 0
    outer loop
      vertex 20.8544 -2.46828 33
      vertex 20.9353 -1.64764 3
      vertex 20.9353 -1.64764 33
    endloop
  endfacet
  facet normal 0.995176 -0.098106 0
    outer loop
      vertex 20.9353 -1.64764 3
      vertex 20.8544 -2.46828 33
      vertex 20.8544 -2.46828 3
    endloop
  endfacet
  facet normal -0.984419 -0.175837 0
    outer loop
      vertex -20.5965 -4.0969 3
      vertex -20.7415 -3.28512 33
      vertex -20.7415 -3.28512 3
    endloop
  endfacet
  facet normal -0.984419 -0.175837 0
    outer loop
      vertex -20.7415 -3.28512 33
      vertex -20.5965 -4.0969 3
      vertex -20.5965 -4.0969 33
    endloop
  endfacet
  facet normal 0.720796 0.693147 0
    outer loop
      vertex 15.4208 14.2548 33
      vertex 14.8492 14.8492 3
      vertex 14.8492 14.8492 33
    endloop
  endfacet
  facet normal 0.720796 0.693147 0
    outer loop
      vertex 14.8492 14.8492 3
      vertex 15.4208 14.2548 33
      vertex 15.4208 14.2548 3
    endloop
  endfacet
  facet normal -0.747536 0.664221 0
    outer loop
      vertex -15.9685 13.6384 3
      vertex -15.4208 14.2548 33
      vertex -15.4208 14.2548 3
    endloop
  endfacet
  facet normal -0.747536 0.664221 0
    outer loop
      vertex -15.4208 14.2548 33
      vertex -15.9685 13.6384 3
      vertex -15.9685 13.6384 33
    endloop
  endfacet
  facet normal 0.327664 0.944794 -0
    outer loop
      vertex 7.26846 19.702 3
      vertex 6.48936 19.9722 33
      vertex 7.26846 19.702 33
    endloop
  endfacet
  facet normal 0.327664 0.944794 0
    outer loop
      vertex 6.48936 19.9722 33
      vertex 7.26846 19.702 3
      vertex 6.48936 19.9722 3
    endloop
  endfacet
  facet normal 0.999807 -0.0196456 0
    outer loop
      vertex 20.9838 -0.824455 33
      vertex 21 0 3
      vertex 21 0 33
    endloop
  endfacet
  facet normal 0.999807 -0.0196456 0
    outer loop
      vertex 21 0 3
      vertex 20.9838 -0.824455 33
      vertex 20.9838 -0.824455 3
    endloop
  endfacet
  facet normal 0.693147 -0.720796 0
    outer loop
      vertex 14.2548 -15.4208 3
      vertex 14.8492 -14.8492 33
      vertex 14.2548 -15.4208 33
    endloop
  endfacet
  facet normal 0.693147 -0.720796 0
    outer loop
      vertex 14.8492 -14.8492 33
      vertex 14.2548 -15.4208 3
      vertex 14.8492 -14.8492 3
    endloop
  endfacet
  facet normal -0.862744 -0.505642 0
    outer loop
      vertex -17.9054 -10.9725 3
      vertex -18.3224 -10.261 33
      vertex -18.3224 -10.261 3
    endloop
  endfacet
  facet normal -0.862744 -0.505642 0
    outer loop
      vertex -18.3224 -10.261 33
      vertex -17.9054 -10.9725 3
      vertex -17.9054 -10.9725 33
    endloop
  endfacet
  facet normal 0.772951 -0.634465 0
    outer loop
      vertex 15.9685 -13.6384 33
      vertex 16.4917 -13.001 3
      vertex 16.4917 -13.001 33
    endloop
  endfacet
  facet normal 0.772951 -0.634465 0
    outer loop
      vertex 16.4917 -13.001 3
      vertex 15.9685 -13.6384 33
      vertex 15.9685 -13.6384 3
    endloop
  endfacet
  facet normal 0.747536 -0.664221 0
    outer loop
      vertex 15.4208 -14.2548 33
      vertex 15.9685 -13.6384 3
      vertex 15.9685 -13.6384 33
    endloop
  endfacet
  facet normal 0.747536 -0.664221 0
    outer loop
      vertex 15.9685 -13.6384 3
      vertex 15.4208 -14.2548 33
      vertex 15.4208 -14.2548 3
    endloop
  endfacet
  facet normal 0.931234 -0.364422 0
    outer loop
      vertex 19.4015 -8.03635 33
      vertex 19.702 -7.26846 3
      vertex 19.702 -7.26846 33
    endloop
  endfacet
  facet normal 0.931234 -0.364422 0
    outer loop
      vertex 19.702 -7.26846 3
      vertex 19.4015 -8.03635 33
      vertex 19.4015 -8.03635 3
    endloop
  endfacet
  facet normal -0.976771 0.214285 0
    outer loop
      vertex -20.5965 4.0969 3
      vertex -20.4198 4.90235 33
      vertex -20.4198 4.90235 3
    endloop
  endfacet
  facet normal -0.976771 0.214285 0
    outer loop
      vertex -20.4198 4.90235 33
      vertex -20.5965 4.0969 3
      vertex -20.5965 4.0969 33
    endloop
  endfacet
  facet normal -0.916171 -0.400787 0
    outer loop
      vertex -19.071 -8.79185 3
      vertex -19.4015 -8.03635 33
      vertex -19.4015 -8.03635 3
    endloop
  endfacet
  facet normal -0.916171 -0.400787 0
    outer loop
      vertex -19.4015 -8.03635 33
      vertex -19.071 -8.79185 3
      vertex -19.071 -8.79185 33
    endloop
  endfacet
  facet normal 0.967602 -0.252481 0
    outer loop
      vertex 20.2116 -5.70025 33
      vertex 20.4198 -4.90235 3
      vertex 20.4198 -4.90235 33
    endloop
  endfacet
  facet normal 0.967602 -0.252481 0
    outer loop
      vertex 20.4198 -4.90235 3
      vertex 20.2116 -5.70025 33
      vertex 20.2116 -5.70025 3
    endloop
  endfacet
  facet normal 0.956932 0.290314 0
    outer loop
      vertex 20.2116 5.70025 33
      vertex 19.9722 6.48936 3
      vertex 19.9722 6.48936 33
    endloop
  endfacet
  facet normal 0.956932 0.290314 0
    outer loop
      vertex 19.9722 6.48936 3
      vertex 20.2116 5.70025 33
      vertex 20.2116 5.70025 3
    endloop
  endfacet
  facet normal 0.995176 0.098106 0
    outer loop
      vertex 20.9353 1.64764 33
      vertex 20.8544 2.46828 3
      vertex 20.8544 2.46828 33
    endloop
  endfacet
  facet normal 0.995176 0.098106 0
    outer loop
      vertex 20.8544 2.46828 3
      vertex 20.9353 1.64764 33
      vertex 20.9353 1.64764 3
    endloop
  endfacet
  facet normal 0.747536 0.664221 0
    outer loop
      vertex 15.9685 13.6384 33
      vertex 15.4208 14.2548 3
      vertex 15.4208 14.2548 33
    endloop
  endfacet
  facet normal 0.747536 0.664221 0
    outer loop
      vertex 15.4208 14.2548 3
      vertex 15.9685 13.6384 33
      vertex 15.9685 13.6384 3
    endloop
  endfacet
  facet normal -0.720796 0.693147 0
    outer loop
      vertex -15.4208 14.2548 3
      vertex -14.8492 14.8492 33
      vertex -14.8492 14.8492 3
    endloop
  endfacet
  facet normal -0.720796 0.693147 0
    outer loop
      vertex -14.8492 14.8492 33
      vertex -15.4208 14.2548 3
      vertex -15.4208 14.2548 33
    endloop
  endfacet
  facet normal 0.571793 -0.820398 0
    outer loop
      vertex 11.667 -17.4609 3
      vertex 12.3435 -16.9894 33
      vertex 11.667 -17.4609 33
    endloop
  endfacet
  facet normal 0.571793 -0.820398 0
    outer loop
      vertex 12.3435 -16.9894 33
      vertex 11.667 -17.4609 3
      vertex 12.3435 -16.9894 3
    endloop
  endfacet
  facet normal -0.820398 -0.571793 0
    outer loop
      vertex -16.9894 -12.3435 3
      vertex -17.4609 -11.667 33
      vertex -17.4609 -11.667 3
    endloop
  endfacet
  facet normal -0.820398 -0.571793 0
    outer loop
      vertex -17.4609 -11.667 33
      vertex -16.9894 -12.3435 3
      vertex -16.9894 -12.3435 33
    endloop
  endfacet
  facet normal 0.098106 0.995176 -0
    outer loop
      vertex 2.46828 20.8544 3
      vertex 1.64764 20.9353 33
      vertex 2.46828 20.8544 33
    endloop
  endfacet
  facet normal 0.098106 0.995176 0
    outer loop
      vertex 1.64764 20.9353 33
      vertex 2.46828 20.8544 3
      vertex 1.64764 20.9353 3
    endloop
  endfacet
  facet normal -0.664221 -0.747536 0
    outer loop
      vertex -14.2548 -15.4208 3
      vertex -13.6384 -15.9685 33
      vertex -14.2548 -15.4208 33
    endloop
  endfacet
  facet normal -0.664221 -0.747536 -0
    outer loop
      vertex -13.6384 -15.9685 33
      vertex -14.2548 -15.4208 3
      vertex -13.6384 -15.9685 3
    endloop
  endfacet
  facet normal -0.999807 0.0196456 0
    outer loop
      vertex -21 0 3
      vertex -20.9838 0.824455 33
      vertex -20.9838 0.824455 3
    endloop
  endfacet
  facet normal -0.999807 0.0196456 0
    outer loop
      vertex -20.9838 0.824455 33
      vertex -21 0 3
      vertex -21 0 33
    endloop
  endfacet
  facet normal -0.984419 0.175837 0
    outer loop
      vertex -20.7415 3.28512 3
      vertex -20.5965 4.0969 33
      vertex -20.5965 4.0969 3
    endloop
  endfacet
  facet normal -0.984419 0.175837 0
    outer loop
      vertex -20.5965 4.0969 33
      vertex -20.7415 3.28512 3
      vertex -20.7415 3.28512 33
    endloop
  endfacet
  facet normal -0.797329 -0.603545 0
    outer loop
      vertex -16.4917 -13.001 3
      vertex -16.9894 -12.3435 33
      vertex -16.9894 -12.3435 3
    endloop
  endfacet
  facet normal -0.797329 -0.603545 0
    outer loop
      vertex -16.9894 -12.3435 33
      vertex -16.4917 -13.001 3
      vertex -16.4917 -13.001 33
    endloop
  endfacet
  facet normal -0.290314 0.956932 0
    outer loop
      vertex -5.70025 20.2116 3
      vertex -6.48936 19.9722 33
      vertex -5.70025 20.2116 33
    endloop
  endfacet
  facet normal -0.290314 0.956932 0
    outer loop
      vertex -6.48936 19.9722 33
      vertex -5.70025 20.2116 3
      vertex -6.48936 19.9722 3
    endloop
  endfacet
  facet normal -0.4714 0.881919 0
    outer loop
      vertex -9.5338 18.7111 3
      vertex -10.261 18.3224 33
      vertex -9.5338 18.7111 33
    endloop
  endfacet
  facet normal -0.4714 0.881919 0
    outer loop
      vertex -10.261 18.3224 33
      vertex -9.5338 18.7111 3
      vertex -10.261 18.3224 3
    endloop
  endfacet
  facet normal -0.505642 0.862744 0
    outer loop
      vertex -10.261 18.3224 3
      vertex -10.9725 17.9054 33
      vertex -10.261 18.3224 33
    endloop
  endfacet
  facet normal -0.505642 0.862744 0
    outer loop
      vertex -10.9725 17.9054 33
      vertex -10.261 18.3224 3
      vertex -10.9725 17.9054 3
    endloop
  endfacet
  facet normal -0.327664 -0.944794 0
    outer loop
      vertex -7.26846 -19.702 3
      vertex -6.48936 -19.9722 33
      vertex -7.26846 -19.702 33
    endloop
  endfacet
  facet normal -0.327664 -0.944794 -0
    outer loop
      vertex -6.48936 -19.9722 33
      vertex -7.26846 -19.702 3
      vertex -6.48936 -19.9722 3
    endloop
  endfacet
  facet normal -0.797329 0.603545 0
    outer loop
      vertex -16.9894 12.3435 3
      vertex -16.4917 13.001 33
      vertex -16.4917 13.001 3
    endloop
  endfacet
  facet normal -0.797329 0.603545 0
    outer loop
      vertex -16.4917 13.001 33
      vertex -16.9894 12.3435 3
      vertex -16.9894 12.3435 33
    endloop
  endfacet
  facet normal -0.84226 -0.539071 0
    outer loop
      vertex -17.4609 -11.667 3
      vertex -17.9054 -10.9725 33
      vertex -17.9054 -10.9725 3
    endloop
  endfacet
  facet normal -0.84226 -0.539071 0
    outer loop
      vertex -17.9054 -10.9725 33
      vertex -17.4609 -11.667 3
      vertex -17.4609 -11.667 33
    endloop
  endfacet
  facet normal 0.364422 0.931234 -0
    outer loop
      vertex 8.03635 19.4015 3
      vertex 7.26846 19.702 33
      vertex 8.03635 19.4015 33
    endloop
  endfacet
  facet normal 0.364422 0.931234 0
    outer loop
      vertex 7.26846 19.702 33
      vertex 8.03635 19.4015 3
      vertex 7.26846 19.702 3
    endloop
  endfacet
  facet normal 0.916171 -0.400787 0
    outer loop
      vertex 19.071 -8.79185 33
      vertex 19.4015 -8.03635 3
      vertex 19.4015 -8.03635 33
    endloop
  endfacet
  facet normal 0.916171 -0.400787 0
    outer loop
      vertex 19.4015 -8.03635 3
      vertex 19.071 -8.79185 33
      vertex 19.071 -8.79185 3
    endloop
  endfacet
  facet normal -0.214285 -0.976771 0
    outer loop
      vertex -4.90235 -20.4198 3
      vertex -4.0969 -20.5965 33
      vertex -4.90235 -20.4198 33
    endloop
  endfacet
  facet normal -0.214285 -0.976771 -0
    outer loop
      vertex -4.0969 -20.5965 33
      vertex -4.90235 -20.4198 3
      vertex -4.0969 -20.5965 3
    endloop
  endfacet
  facet normal 0.899735 -0.436437 0
    outer loop
      vertex 18.7111 -9.5338 33
      vertex 19.071 -8.79185 3
      vertex 19.071 -8.79185 33
    endloop
  endfacet
  facet normal 0.899735 -0.436437 0
    outer loop
      vertex 19.071 -8.79185 3
      vertex 18.7111 -9.5338 33
      vertex 18.7111 -9.5338 3
    endloop
  endfacet
  facet normal 0.214285 -0.976771 0
    outer loop
      vertex 4.0969 -20.5965 3
      vertex 4.90235 -20.4198 33
      vertex 4.0969 -20.5965 33
    endloop
  endfacet
  facet normal 0.214285 -0.976771 0
    outer loop
      vertex 4.90235 -20.4198 33
      vertex 4.0969 -20.5965 3
      vertex 4.90235 -20.4198 3
    endloop
  endfacet
  facet normal -0.956932 -0.290314 0
    outer loop
      vertex -19.9722 -6.48936 3
      vertex -20.2116 -5.70025 33
      vertex -20.2116 -5.70025 3
    endloop
  endfacet
  facet normal -0.956932 -0.290314 0
    outer loop
      vertex -20.2116 -5.70025 33
      vertex -19.9722 -6.48936 3
      vertex -19.9722 -6.48936 33
    endloop
  endfacet
  facet normal -0.881919 -0.4714 0
    outer loop
      vertex -18.3224 -10.261 3
      vertex -18.7111 -9.5338 33
      vertex -18.7111 -9.5338 3
    endloop
  endfacet
  facet normal -0.881919 -0.4714 0
    outer loop
      vertex -18.7111 -9.5338 33
      vertex -18.3224 -10.261 3
      vertex -18.3224 -10.261 33
    endloop
  endfacet
  facet normal 0.976771 -0.214285 0
    outer loop
      vertex 20.4198 -4.90235 33
      vertex 20.5965 -4.0969 3
      vertex 20.5965 -4.0969 33
    endloop
  endfacet
  facet normal 0.976771 -0.214285 0
    outer loop
      vertex 20.5965 -4.0969 3
      vertex 20.4198 -4.90235 33
      vertex 20.4198 -4.90235 3
    endloop
  endfacet
  facet normal 0.797329 0.603545 0
    outer loop
      vertex 16.9894 12.3435 33
      vertex 16.4917 13.001 3
      vertex 16.4917 13.001 33
    endloop
  endfacet
  facet normal 0.797329 0.603545 0
    outer loop
      vertex 16.4917 13.001 3
      vertex 16.9894 12.3435 33
      vertex 16.9894 12.3435 3
    endloop
  endfacet
  facet normal 0.664221 -0.747536 0
    outer loop
      vertex 13.6384 -15.9685 3
      vertex 14.2548 -15.4208 33
      vertex 13.6384 -15.9685 33
    endloop
  endfacet
  facet normal 0.664221 -0.747536 0
    outer loop
      vertex 14.2548 -15.4208 33
      vertex 13.6384 -15.9685 3
      vertex 14.2548 -15.4208 3
    endloop
  endfacet
  facet normal -0.990583 -0.136914 0
    outer loop
      vertex -20.7415 -3.28512 3
      vertex -20.8544 -2.46828 33
      vertex -20.8544 -2.46828 3
    endloop
  endfacet
  facet normal -0.990583 -0.136914 0
    outer loop
      vertex -20.8544 -2.46828 33
      vertex -20.7415 -3.28512 3
      vertex -20.7415 -3.28512 33
    endloop
  endfacet
  facet normal -0.664221 0.747536 0
    outer loop
      vertex -13.6384 15.9685 3
      vertex -14.2548 15.4208 33
      vertex -13.6384 15.9685 33
    endloop
  endfacet
  facet normal -0.664221 0.747536 0
    outer loop
      vertex -14.2548 15.4208 33
      vertex -13.6384 15.9685 3
      vertex -14.2548 15.4208 3
    endloop
  endfacet
  facet normal -0.436437 0.899735 0
    outer loop
      vertex -8.79185 19.071 3
      vertex -9.5338 18.7111 33
      vertex -8.79185 19.071 33
    endloop
  endfacet
  facet normal -0.436437 0.899735 0
    outer loop
      vertex -9.5338 18.7111 33
      vertex -8.79185 19.071 3
      vertex -9.5338 18.7111 3
    endloop
  endfacet
  facet normal -0.214285 0.976771 0
    outer loop
      vertex -4.0969 20.5965 3
      vertex -4.90235 20.4198 33
      vertex -4.0969 20.5965 33
    endloop
  endfacet
  facet normal -0.214285 0.976771 0
    outer loop
      vertex -4.90235 20.4198 33
      vertex -4.0969 20.5965 3
      vertex -4.90235 20.4198 3
    endloop
  endfacet
  facet normal -0.252481 -0.967602 0
    outer loop
      vertex -5.70025 -20.2116 3
      vertex -4.90235 -20.4198 33
      vertex -5.70025 -20.2116 33
    endloop
  endfacet
  facet normal -0.252481 -0.967602 -0
    outer loop
      vertex -4.90235 -20.4198 33
      vertex -5.70025 -20.2116 3
      vertex -4.90235 -20.4198 3
    endloop
  endfacet
  facet normal 0.290314 0.956932 -0
    outer loop
      vertex 6.48936 19.9722 3
      vertex 5.70025 20.2116 33
      vertex 6.48936 19.9722 33
    endloop
  endfacet
  facet normal 0.290314 0.956932 0
    outer loop
      vertex 5.70025 20.2116 33
      vertex 6.48936 19.9722 3
      vertex 5.70025 20.2116 3
    endloop
  endfacet
  facet normal -0.747536 -0.664221 0
    outer loop
      vertex -15.4208 -14.2548 3
      vertex -15.9685 -13.6384 33
      vertex -15.9685 -13.6384 3
    endloop
  endfacet
  facet normal -0.747536 -0.664221 0
    outer loop
      vertex -15.9685 -13.6384 33
      vertex -15.4208 -14.2548 3
      vertex -15.4208 -14.2548 33
    endloop
  endfacet
  facet normal -0.772951 -0.634465 0
    outer loop
      vertex -15.9685 -13.6384 3
      vertex -16.4917 -13.001 33
      vertex -16.4917 -13.001 3
    endloop
  endfacet
  facet normal -0.772951 -0.634465 0
    outer loop
      vertex -16.4917 -13.001 33
      vertex -15.9685 -13.6384 3
      vertex -15.9685 -13.6384 33
    endloop
  endfacet
  facet normal 0.214285 0.976771 -0
    outer loop
      vertex 4.90235 20.4198 3
      vertex 4.0969 20.5965 33
      vertex 4.90235 20.4198 33
    endloop
  endfacet
  facet normal 0.214285 0.976771 0
    outer loop
      vertex 4.0969 20.5965 33
      vertex 4.90235 20.4198 3
      vertex 4.0969 20.5965 3
    endloop
  endfacet
  facet normal 0.623674 0.333356 0.707039
    outer loop
      vertex -18.7111 -9.5338 36.677
      vertex -48.2188 -26.4583 70.6851
      vertex -48.0385 -26.6164 70.6006
    endloop
  endfacet
  facet normal 0.623627 0.33344 0.707041
    outer loop
      vertex -18.7111 -9.5338 36.677
      vertex -48.5587 -26.2312 70.8778
      vertex -48.2188 -26.4583 70.6851
    endloop
  endfacet
  facet normal 0.623743 0.333228 0.707038
    outer loop
      vertex -18.7111 -9.5338 36.677
      vertex -48.9253 -26.0504 71.116
      vertex -48.5587 -26.2312 70.8778
    endloop
  endfacet
  facet normal 0.623668 0.333367 0.707039
    outer loop
      vertex -18.7111 -9.5338 36.677
      vertex -49.3124 -25.919 71.3955
      vertex -48.9253 -26.0504 71.116
    endloop
  endfacet
  facet normal 0.623665 0.333372 0.707039
    outer loop
      vertex -18.7111 -9.5338 36.677
      vertex -49.7133 -25.8392 71.7115
      vertex -49.3124 -25.919 71.3955
    endloop
  endfacet
  facet normal 0.623648 0.333406 0.707039
    outer loop
      vertex -18.7111 -9.5338 36.677
      vertex -50.1212 -25.8125 72.0587
      vertex -49.7133 -25.8392 71.7115
    endloop
  endfacet
  facet normal 0.623686 0.333332 0.70704
    outer loop
      vertex -18.7111 -9.5338 36.677
      vertex -50.5291 -25.8392 72.4311
      vertex -50.1212 -25.8125 72.0587
    endloop
  endfacet
  facet normal 0.623863 0.332994 0.707043
    outer loop
      vertex -50.5291 -25.8392 72.4311
      vertex -18.7111 -9.5338 36.677
      vertex -50.8297 -25.899 72.7245
    endloop
  endfacet
  facet normal 0.623749 0.333244 0.707026
    outer loop
      vertex -52.8275 -27.375 75.1826
      vertex -54.9686 -28.7916 77.7392
      vertex -52.952 -27.6274 75.4114
    endloop
  endfacet
  facet normal 0.623879 0.333026 0.707014
    outer loop
      vertex -52.6004 -27.0351 74.8221
      vertex -54.9686 -28.7916 77.7392
      vertex -52.8275 -27.375 75.1826
    endloop
  endfacet
  facet normal 0.623483 0.333723 0.707034
    outer loop
      vertex -56.7122 -28.8963 79.3265
      vertex -52.6004 -27.0351 74.8221
      vertex -52.3309 -26.7278 74.4394
    endloop
  endfacet
  facet normal 0.624002 0.332715 0.707052
    outer loop
      vertex -56.7122 -28.8963 79.3265
      vertex -52.3309 -26.7278 74.4394
      vertex -52.1571 -26.5754 74.2143
    endloop
  endfacet
  facet normal 0.623645 0.333395 0.707046
    outer loop
      vertex -52.6004 -27.0351 74.8221
      vertex -56.7122 -28.8963 79.3265
      vertex -54.9686 -28.7916 77.7392
    endloop
  endfacet
  facet normal -0.357592 0.610102 0.707039
    outer loop
      vertex 31.8287 -56.6722 80.677
      vertex 33.9624 -55.4216 80.677
      vertex 10.9725 -17.9054 36.677
    endloop
  endfacet
  facet normal 0.283731 -0.647764 0.707035
    outer loop
      vertex -24.947 60.0204 80.677
      vertex -8.03635 19.4015 36.677
      vertex -24.8744 60.0522 80.677
    endloop
  endfacet
  facet normal 0.283427 -0.647894 0.707038
    outer loop
      vertex -8.03635 19.4015 36.677
      vertex -24.947 60.0204 80.677
      vertex -8.79185 19.071 36.677
    endloop
  endfacet
  facet normal -0.707038 -0.0138967 0.707038
    outer loop
      vertex 65 0 80.677
      vertex 64.9514 2.47267 80.677
      vertex 21 0 36.677
    endloop
  endfacet
  facet normal -0.707053 -0.0133878 0.707034
    outer loop
      vertex 20.9838 0.824455 36.677
      vertex 64.9514 2.47267 80.677
      vertex 64.9499 2.55189 80.677
    endloop
  endfacet
  facet normal -0.707039 -0.0138928 0.707038
    outer loop
      vertex 64.9514 2.47267 80.677
      vertex 20.9838 0.824455 36.677
      vertex 21 0 36.677
    endloop
  endfacet
  facet normal 0.668138 -0.231707 0.707039
    outer loop
      vertex -61.5363 20.9004 80.677
      vertex -19.702 7.26846 36.677
      vertex -60.9824 22.4976 80.677
    endloop
  endfacet
  facet normal 0.668143 -0.231691 0.707039
    outer loop
      vertex -19.702 7.26846 36.677
      vertex -61.5363 20.9004 80.677
      vertex -61.7927 20.161 80.677
    endloop
  endfacet
  facet normal -0.696166 -0.124296 0.707038
    outer loop
      vertex 20.7415 3.28512 36.677
      vertex 64.1997 10.1682 80.677
      vertex 63.765 12.6029 80.677
    endloop
  endfacet
  facet normal -0.25775 0.65853 0.707038
    outer loop
      vertex 22.4976 -60.9824 80.677
      vertex 24.8006 -60.081 80.677
      vertex 7.26846 -19.702 36.677
    endloop
  endfacet
  facet normal -0.0137887 0.70704 0.70704
    outer loop
      vertex 0.538406 -52.7853 68.4728
      vertex 0 -21 36.677
      vertex 0 -52.75 68.427
    endloop
  endfacet
  facet normal -0.0140287 0.707035 0.707039
    outer loop
      vertex 1.06763 -52.8905 68.5885
      vertex 0 -21 36.677
      vertex 0.538406 -52.7853 68.4728
    endloop
  endfacet
  facet normal -0.0136972 0.707044 0.707037
    outer loop
      vertex 1.57857 -53.064 68.7719
      vertex 0 -21 36.677
      vertex 1.06763 -52.8905 68.5885
    endloop
  endfacet
  facet normal -0.0140389 0.707032 0.707042
    outer loop
      vertex 0 -21 36.677
      vertex 1.57857 -53.064 68.7719
      vertex 1.81032 -53.1783 68.8908
    endloop
  endfacet
  facet normal -0.580312 0.404223 0.706995
    outer loop
      vertex 51.4936 -34.8105 77.8386
      vertex 53.0629 -37.522 80.677
      vertex 53.1763 -37.3592 80.677
    endloop
  endfacet
  facet normal -0.580119 0.404396 0.707054
    outer loop
      vertex 53.0629 -37.522 80.677
      vertex 51.4936 -34.8105 77.8386
      vertex 52.6314 -38.141 80.677
    endloop
  endfacet
  facet normal -0.580529 0.403792 0.707063
    outer loop
      vertex 48.3892 -33.0625 74.2915
      vertex 51.4936 -34.8105 77.8386
      vertex 48.4581 -33.058 74.3455
    endloop
  endfacet
  facet normal -0.580079 0.404509 0.707022
    outer loop
      vertex 47.7202 -33.0186 73.7175
      vertex 51.4936 -34.8105 77.8386
      vertex 48.3892 -33.0625 74.2915
    endloop
  endfacet
  facet normal -0.580162 0.404367 0.707036
    outer loop
      vertex 51.4936 -34.8105 77.8386
      vertex 47.7202 -33.0186 73.7175
      vertex 52.6314 -38.141 80.677
    endloop
  endfacet
  facet normal -0.580204 0.404317 0.70703
    outer loop
      vertex 47.0627 -32.8879 73.1032
      vertex 52.6314 -38.141 80.677
      vertex 47.7202 -33.0186 73.7175
    endloop
  endfacet
  facet normal -0.580101 0.404444 0.707042
    outer loop
      vertex 46.4279 -32.6724 72.4591
      vertex 52.6314 -38.141 80.677
      vertex 47.0627 -32.8879 73.1032
    endloop
  endfacet
  facet normal -0.580184 0.404338 0.707034
    outer loop
      vertex 45.8267 -32.3759 71.7962
      vertex 52.6314 -38.141 80.677
      vertex 46.4279 -32.6724 72.4591
    endloop
  endfacet
  facet normal -0.580065 0.404493 0.707043
    outer loop
      vertex 45.2693 -32.0034 71.1258
      vertex 52.6314 -38.141 80.677
      vertex 45.8267 -32.3759 71.7962
    endloop
  endfacet
  facet normal -0.580116 0.404426 0.70704
    outer loop
      vertex 45.2693 -32.0034 71.1258
      vertex 17.4609 -11.667 36.677
      vertex 52.6314 -38.141 80.677
    endloop
  endfacet
  facet normal -0.580328 0.40413 0.707035
    outer loop
      vertex 44.7652 -31.5614 70.4594
      vertex 17.4609 -11.667 36.677
      vertex 45.2693 -32.0034 71.1258
    endloop
  endfacet
  facet normal -0.580236 0.404258 0.707037
    outer loop
      vertex 44.3232 -31.0574 69.8085
      vertex 17.4609 -11.667 36.677
      vertex 44.7652 -31.5614 70.4594
    endloop
  endfacet
  facet normal -0.580086 0.404469 0.707039
    outer loop
      vertex 43.9508 -30.5 69.1841
      vertex 17.4609 -11.667 36.677
      vertex 44.3232 -31.0574 69.8085
    endloop
  endfacet
  facet normal -0.58014 0.404394 0.707039
    outer loop
      vertex 43.6543 -29.8987 68.5969
      vertex 17.4609 -11.667 36.677
      vertex 43.9508 -30.5 69.1841
    endloop
  endfacet
  facet normal -0.580239 0.40425 0.707039
    outer loop
      vertex 43.4388 -29.2639 68.0571
      vertex 17.4609 -11.667 36.677
      vertex 43.6543 -29.8987 68.5969
    endloop
  endfacet
  facet normal -0.580211 0.404291 0.707039
    outer loop
      vertex 17.4609 -11.667 36.677
      vertex 43.4388 -29.2639 68.0571
      vertex 43.3839 -28.9882 67.8544
    endloop
  endfacet
  facet normal -0.449021 -0.546324 0.707044
    outer loop
      vertex 42.1529 49.4767 80.677
      vertex 13.6384 15.9685 36.677
      vertex 42.2141 49.4264 80.677
    endloop
  endfacet
  facet normal -0.448677 -0.546611 0.70704
    outer loop
      vertex 13.6384 15.9685 36.677
      vertex 42.1529 49.4767 80.677
      vertex 13.001 16.4917 36.677
    endloop
  endfacet
  facet normal 0.635233 0.310717 0.70706
    outer loop
      vertex -18.7111 -9.5338 36.677
      vertex -50.93 -25.919 72.8234
      vertex -50.8297 -25.899 72.7245
    endloop
  endfacet
  facet normal 0.636295 0.308584 0.707039
    outer loop
      vertex -58.9947 -27.2842 80.677
      vertex -50.93 -25.919 72.8234
      vertex -18.7111 -9.5338 36.677
    endloop
  endfacet
  facet normal 0.636348 0.308417 0.707065
    outer loop
      vertex -50.93 -25.919 72.8234
      vertex -58.9947 -27.2842 80.677
      vertex -51.3171 -26.0504 73.2291
    endloop
  endfacet
  facet normal 0.636197 0.308915 0.706983
    outer loop
      vertex -58.9947 -27.2842 80.677
      vertex -52.1571 -26.5754 74.2143
      vertex -52.0236 -26.4583 74.043
    endloop
  endfacet
  facet normal 0.636297 0.308568 0.707045
    outer loop
      vertex -58.9947 -27.2842 80.677
      vertex -52.0236 -26.4583 74.043
      vertex -51.6837 -26.2312 73.638
    endloop
  endfacet
  facet normal 0.63629 0.308583 0.707045
    outer loop
      vertex -52.1571 -26.5754 74.2143
      vertex -58.9947 -27.2842 80.677
      vertex -56.7122 -28.8963 79.3265
    endloop
  endfacet
  facet normal 0.636175 0.30897 0.706979
    outer loop
      vertex -51.3171 -26.0504 73.2291
      vertex -58.9947 -27.2842 80.677
      vertex -51.6837 -26.2312 73.638
    endloop
  endfacet
  facet normal 0.636307 0.308644 0.707002
    outer loop
      vertex -56.7122 -28.8963 79.3265
      vertex -58.9947 -27.2842 80.677
      vertex -58.1703 -28.9838 80.677
    endloop
  endfacet
  facet normal -0.448615 0.546664 0.707038
    outer loop
      vertex 40.2411 -51.0456 80.677
      vertex 42.1529 -49.4767 80.677
      vertex 13.001 -16.4917 36.677
    endloop
  endfacet
  facet normal 0.610105 -0.357586 0.707039
    outer loop
      vertex -17.9054 10.9725 36.677
      vertex -48.416 29.6225 72.4369
      vertex -48.3957 29.3125 72.2626
    endloop
  endfacet
  facet normal 0.61047 -0.356977 0.707032
    outer loop
      vertex -48.416 29.6225 72.4369
      vertex -17.9054 10.9725 36.677
      vertex -48.4267 29.6759 72.4731
    endloop
  endfacet
  facet normal 0.610061 -0.357661 0.70704
    outer loop
      vertex -48.416 29.0025 72.1233
      vertex -17.9054 10.9725 36.677
      vertex -48.3957 29.3125 72.2626
    endloop
  endfacet
  facet normal 0.610012 -0.357743 0.70704
    outer loop
      vertex -48.4767 28.6978 72.0215
      vertex -17.9054 10.9725 36.677
      vertex -48.416 29.0025 72.1233
    endloop
  endfacet
  facet normal 0.610191 -0.357436 0.707041
    outer loop
      vertex -48.5765 28.4036 71.9589
      vertex -17.9054 10.9725 36.677
      vertex -48.4767 28.6978 72.0215
    endloop
  endfacet
  facet normal 0.61015 -0.357507 0.70704
    outer loop
      vertex -48.7139 28.125 71.9366
      vertex -17.9054 10.9725 36.677
      vertex -48.5765 28.4036 71.9589
    endloop
  endfacet
  facet normal 0.610104 -0.357588 0.707039
    outer loop
      vertex -48.8865 27.8667 71.9549
      vertex -17.9054 10.9725 36.677
      vertex -48.7139 28.125 71.9366
    endloop
  endfacet
  facet normal 0.610095 -0.357604 0.707039
    outer loop
      vertex -17.9054 10.9725 36.677
      vertex -48.8865 27.8667 71.9549
      vertex -49.0215 27.7127 71.9935
    endloop
  endfacet
  facet normal -0.490158 0.509746 0.707039
    outer loop
      vertex 14.8492 -14.8492 36.677
      vertex 44.5931 -47.2781 80.677
      vertex 45.9619 -45.9619 80.677
    endloop
  endfacet
  facet normal -0.490096 0.509804 0.70704
    outer loop
      vertex 44.5931 -47.2781 80.677
      vertex 14.8492 -14.8492 36.677
      vertex 44.1792 -47.676 80.677
    endloop
  endfacet
  facet normal 0.623659 -0.333383 0.70704
    outer loop
      vertex -49.5832 27.2557 72.2646
      vertex -18.7111 9.5338 36.677
      vertex -49.3749 27.3949 72.1465
    endloop
  endfacet
  facet normal 0.623715 -0.333283 0.707038
    outer loop
      vertex -49.8618 27.1183 72.4456
      vertex -18.7111 9.5338 36.677
      vertex -49.5832 27.2557 72.2646
    endloop
  endfacet
  facet normal 0.623658 -0.333385 0.707039
    outer loop
      vertex -50.156 27.0184 72.658
      vertex -18.7111 9.5338 36.677
      vertex -49.8618 27.1183 72.4456
    endloop
  endfacet
  facet normal 0.623671 -0.333362 0.707039
    outer loop
      vertex -50.4607 26.9578 72.8982
      vertex -18.7111 9.5338 36.677
      vertex -50.156 27.0184 72.658
    endloop
  endfacet
  facet normal 0.623719 -0.333273 0.707039
    outer loop
      vertex -50.7707 26.9375 73.1621
      vertex -18.7111 9.5338 36.677
      vertex -50.4607 26.9578 72.8982
    endloop
  endfacet
  facet normal 0.623623 -0.333452 0.707039
    outer loop
      vertex -51.0807 26.9578 73.4451
      vertex -18.7111 9.5338 36.677
      vertex -50.7707 26.9375 73.1621
    endloop
  endfacet
  facet normal 0.623507 -0.333668 0.70704
    outer loop
      vertex -51.3854 27.0184 73.7424
      vertex -18.7111 9.5338 36.677
      vertex -51.0807 26.9578 73.4451
    endloop
  endfacet
  facet normal 0.623592 -0.333509 0.707039
    outer loop
      vertex -51.6796 27.1183 74.049
      vertex -18.7111 9.5338 36.677
      vertex -51.3854 27.0184 73.7424
    endloop
  endfacet
  facet normal 0.62303 -0.334776 0.706936
    outer loop
      vertex -57.9154 29.5094 80.677
      vertex -51.6796 27.1183 74.049
      vertex -51.9582 27.2557 74.3596
    endloop
  endfacet
  facet normal 0.623961 -0.332867 0.707016
    outer loop
      vertex -54.6498 29.3437 77.7183
      vertex -52.8275 28.125 75.5363
      vertex -52.9424 28.358 75.7474
    endloop
  endfacet
  facet normal 0.623452 -0.333715 0.707065
    outer loop
      vertex -54.6498 29.3437 77.7183
      vertex -52.6549 27.8667 75.2622
      vertex -52.8275 28.125 75.5363
    endloop
  endfacet
  facet normal 0.623673 -0.333368 0.707035
    outer loop
      vertex -57.9154 29.5094 80.677
      vertex -52.6549 27.8667 75.2622
      vertex -54.6498 29.3437 77.7183
    endloop
  endfacet
  facet normal 0.623666 -0.333384 0.707033
    outer loop
      vertex -52.6549 27.8667 75.2622
      vertex -57.9154 29.5094 80.677
      vertex -52.4501 27.6331 74.9714
    endloop
  endfacet
  facet normal 0.623747 -0.333089 0.707101
    outer loop
      vertex -57.9154 29.5094 80.677
      vertex -54.6498 29.3437 77.7183
      vertex -57.8997 29.5388 80.677
    endloop
  endfacet
  facet normal 0.623723 -0.333252 0.707045
    outer loop
      vertex -52.4501 27.6331 74.9714
      vertex -57.9154 29.5094 80.677
      vertex -52.2165 27.4283 74.6688
    endloop
  endfacet
  facet normal 0.623771 -0.333144 0.707053
    outer loop
      vertex -52.2165 27.4283 74.6688
      vertex -57.9154 29.5094 80.677
      vertex -51.9582 27.2557 74.3596
    endloop
  endfacet
  facet normal 0.623712 -0.333285 0.70704
    outer loop
      vertex -51.6796 27.1183 74.049
      vertex -57.9154 29.5094 80.677
      vertex -18.7111 9.5338 36.677
    endloop
  endfacet
  facet normal 0.595711 0.381079 0.707041
    outer loop
      vertex -17.9054 -10.9725 36.677
      vertex -47.0049 -28.8046 70.8056
      vertex -46.9962 -28.9375 70.8699
    endloop
  endfacet
  facet normal 0.595535 0.381358 0.707039
    outer loop
      vertex -47.0229 -29.3454 71.1124
      vertex -17.9054 -10.9725 36.677
      vertex -46.9962 -28.9375 70.8699
    endloop
  endfacet
  facet normal 0.5956 0.381257 0.707039
    outer loop
      vertex -47.1027 -29.7463 71.3958
      vertex -17.9054 -10.9725 36.677
      vertex -47.0229 -29.3454 71.1124
    endloop
  endfacet
  facet normal 0.595638 0.381197 0.707039
    outer loop
      vertex -47.2341 -30.1334 71.7152
      vertex -17.9054 -10.9725 36.677
      vertex -47.1027 -29.7463 71.3958
    endloop
  endfacet
  facet normal 0.595572 0.3813 0.707039
    outer loop
      vertex -47.4149 -30.5 72.0652
      vertex -17.9054 -10.9725 36.677
      vertex -47.2341 -30.1334 71.7152
    endloop
  endfacet
  facet normal 0.595819 0.380919 0.707036
    outer loop
      vertex -47.642 -30.8399 72.4397
      vertex -17.9054 -10.9725 36.677
      vertex -47.4149 -30.5 72.0652
    endloop
  endfacet
  facet normal 0.595333 0.381662 0.707045
    outer loop
      vertex -47.9115 -31.1472 72.8325
      vertex -17.9054 -10.9725 36.677
      vertex -47.642 -30.8399 72.4397
    endloop
  endfacet
  facet normal 0.595506 0.381399 0.707041
    outer loop
      vertex -48.2188 -31.4167 73.2367
      vertex -17.9054 -10.9725 36.677
      vertex -47.9115 -31.1472 72.8325
    endloop
  endfacet
  facet normal 0.595555 0.381322 0.707041
    outer loop
      vertex -52.4186 -33.2083 77.7406
      vertex -50.1212 -32.0625 75.1875
      vertex -50.402 -32.0441 75.4141
    endloop
  endfacet
  facet normal 0.595594 0.381253 0.707046
    outer loop
      vertex -52.4186 -33.2083 77.7406
      vertex -49.7133 -32.0358 74.8295
      vertex -50.1212 -32.0625 75.1875
    endloop
  endfacet
  facet normal 0.595558 0.381321 0.707039
    outer loop
      vertex -54.0882 -36.0453 80.677
      vertex -49.7133 -32.0358 74.8295
      vertex -52.4186 -33.2083 77.7406
    endloop
  endfacet
  facet normal 0.595505 0.38139 0.707047
    outer loop
      vertex -49.7133 -32.0358 74.8295
      vertex -54.0882 -36.0453 80.677
      vertex -49.3124 -31.956 74.4488
    endloop
  endfacet
  facet normal 0.595515 0.381386 0.707041
    outer loop
      vertex -48.2188 -31.4167 73.2367
      vertex -54.0882 -36.0453 80.677
      vertex -17.9054 -10.9725 36.677
    endloop
  endfacet
  facet normal 0.595697 0.38113 0.707025
    outer loop
      vertex -48.5587 -31.6438 73.6455
      vertex -54.0882 -36.0453 80.677
      vertex -48.2188 -31.4167 73.2367
    endloop
  endfacet
  facet normal 0.595521 0.381376 0.707041
    outer loop
      vertex -48.9253 -31.8246 74.0518
      vertex -54.0882 -36.0453 80.677
      vertex -48.5587 -31.6438 73.6455
    endloop
  endfacet
  facet normal 0.595751 0.381059 0.707018
    outer loop
      vertex -49.3124 -31.956 74.4488
      vertex -54.0882 -36.0453 80.677
      vertex -48.9253 -31.8246 74.0518
    endloop
  endfacet
  facet normal 0.595411 0.381459 0.707089
    outer loop
      vertex -54.0882 -36.0453 80.677
      vertex -52.4186 -33.2083 77.7406
      vertex -54.1884 -35.8889 80.677
    endloop
  endfacet
  facet normal -0.0964084 -0.700568 0.707043
    outer loop
      vertex 2.46828 20.8544 36.677
      vertex 7.71841 64.5386 80.677
      vertex 7.63993 64.5494 80.677
    endloop
  endfacet
  facet normal -0.096822 -0.700514 0.70704
    outer loop
      vertex 7.71841 64.5386 80.677
      vertex 2.46828 20.8544 36.677
      vertex 3.28512 20.7415 36.677
    endloop
  endfacet
  facet normal -0.595605 -0.381287 0.707018
    outer loop
      vertex 54.0882 36.0453 80.677
      vertex 54.3643 33.3145 79.4369
      vertex 55.1117 34.4465 80.677
    endloop
  endfacet
  facet normal -0.595576 -0.381294 0.707039
    outer loop
      vertex 54.3643 33.3145 79.4369
      vertex 54.0882 36.0453 80.677
      vertex 17.9054 10.9725 36.677
    endloop
  endfacet
  facet normal -0.257091 0.658795 0.707031
    outer loop
      vertex 8.03635 -19.4015 36.677
      vertex 24.8006 -60.081 80.677
      vertex 24.8744 -60.0522 80.677
    endloop
  endfacet
  facet normal -0.25771 0.658546 0.707038
    outer loop
      vertex 24.8006 -60.081 80.677
      vertex 8.03635 -19.4015 36.677
      vertex 7.26846 -19.702 36.677
    endloop
  endfacet
  facet normal -0.33362 -0.62353 0.707042
    outer loop
      vertex 31.6905 56.7496 80.677
      vertex 10.261 18.3224 36.677
      vertex 31.7604 56.7122 80.677
    endloop
  endfacet
  facet normal -0.333362 -0.623671 0.707039
    outer loop
      vertex 10.261 18.3224 36.677
      vertex 31.6905 56.7496 80.677
      vertex 9.5338 18.7111 36.677
    endloop
  endfacet
  facet normal 0.283394 0.647908 0.707039
    outer loop
      vertex -27.2129 -59.0293 80.677
      vertex -24.947 -60.0204 80.677
      vertex -8.79185 -19.071 36.677
    endloop
  endfacet
  facet normal -0.151528 -0.69075 0.707039
    outer loop
      vertex 4.0969 20.5965 36.677
      vertex 14.6935 63.3095 80.677
      vertex 12.6809 63.751 80.677
    endloop
  endfacet
  facet normal -0.151647 -0.690722 0.70704
    outer loop
      vertex 14.6935 63.3095 80.677
      vertex 4.0969 20.5965 36.677
      vertex 15.0966 63.221 80.677
    endloop
  endfacet
  facet normal 0.0415928 0.70595 0.70704
    outer loop
      vertex -1.64764 -20.9353 36.677
      vertex -2.09512 -53.3244 69.0425
      vertex -0.824455 -20.9838 36.677
    endloop
  endfacet
  facet normal 0.0415772 0.70595 0.70704
    outer loop
      vertex -2.09512 -53.3244 69.0425
      vertex -1.64764 -20.9353 36.677
      vertex -2.37552 -53.5118 69.2461
    endloop
  endfacet
  facet normal -0.0696151 0.703737 0.707041
    outer loop
      vertex 2.46828 -20.8544 36.677
      vertex 7.56108 -64.5572 80.677
      vertex 7.63993 -64.5494 80.677
    endloop
  endfacet
  facet normal -0.0693781 0.703763 0.707039
    outer loop
      vertex 7.56108 -64.5572 80.677
      vertex 2.46828 -20.8544 36.677
      vertex 1.64764 -20.9353 36.677
    endloop
  endfacet
  facet normal -0.283394 0.647908 0.707039
    outer loop
      vertex 24.947 -60.0204 80.677
      vertex 27.2129 -59.0293 80.677
      vertex 8.79185 -19.071 36.677
    endloop
  endfacet
  facet normal 0.357592 0.610102 0.707039
    outer loop
      vertex -31.8287 -56.6722 80.677
      vertex -10.9725 -17.9054 36.677
      vertex -33.9624 -55.4216 80.677
    endloop
  endfacet
  facet normal -0.647764 0.283731 0.707035
    outer loop
      vertex 19.4015 -8.03635 36.677
      vertex 60.0204 -24.947 80.677
      vertex 60.0522 -24.8744 80.677
    endloop
  endfacet
  facet normal -0.647894 0.283427 0.707038
    outer loop
      vertex 60.0204 -24.947 80.677
      vertex 19.4015 -8.03635 36.677
      vertex 19.071 -8.79185 36.677
    endloop
  endfacet
  facet normal 0.700514 0.096822 0.70704
    outer loop
      vertex -20.8544 -2.46828 36.677
      vertex -64.5386 -7.71841 80.677
      vertex -20.7415 -3.28512 36.677
    endloop
  endfacet
  facet normal 0.700568 0.0964084 0.707043
    outer loop
      vertex -64.5494 -7.63993 80.677
      vertex -64.5386 -7.71841 80.677
      vertex -20.8544 -2.46828 36.677
    endloop
  endfacet
  facet normal -0.426822 0.563844 0.707038
    outer loop
      vertex 38.2692 -52.5383 80.677
      vertex 40.2411 -51.0456 80.677
      vertex 13.001 -16.4917 36.677
    endloop
  endfacet
  facet normal -0.703763 0.0693781 0.707039
    outer loop
      vertex 20.8544 -2.46828 36.677
      vertex 64.5572 -7.56108 80.677
      vertex 20.9353 -1.64764 36.677
    endloop
  endfacet
  facet normal -0.703737 0.0696151 0.707041
    outer loop
      vertex 64.5572 -7.56108 80.677
      vertex 20.8544 -2.46828 36.677
      vertex 64.5494 -7.63993 80.677
    endloop
  endfacet
  facet normal -0.705933 0.0419507 0.707036
    outer loop
      vertex 20.9838 -0.824455 36.677
      vertex 64.9452 -2.63098 80.677
      vertex 64.9499 -2.55189 80.677
    endloop
  endfacet
  facet normal -0.70595 0.0415928 0.707039
    outer loop
      vertex 64.9452 -2.63098 80.677
      vertex 20.9838 -0.824455 36.677
      vertex 20.9353 -1.64764 36.677
    endloop
  endfacet
  facet normal -0.703772 0.0693008 0.707038
    outer loop
      vertex 64.6879 -6.23378 80.677
      vertex 20.9353 -1.64764 36.677
      vertex 64.5572 -7.56108 80.677
    endloop
  endfacet
  facet normal -0.703769 0.0693256 0.707038
    outer loop
      vertex 20.9353 -1.64764 36.677
      vertex 64.6879 -6.23378 80.677
      vertex 64.7996 -5.09984 80.677
    endloop
  endfacet
  facet normal 0.647894 0.283427 0.707038
    outer loop
      vertex -19.4015 -8.03635 36.677
      vertex -60.0204 -24.947 80.677
      vertex -19.071 -8.79185 36.677
    endloop
  endfacet
  facet normal 0.647764 0.283731 0.707035
    outer loop
      vertex -60.0522 -24.8744 80.677
      vertex -60.0204 -24.947 80.677
      vertex -19.4015 -8.03635 36.677
    endloop
  endfacet
  facet normal 0.509746 -0.490158 0.707039
    outer loop
      vertex -47.2781 44.5931 80.677
      vertex -14.8492 14.8492 36.677
      vertex -45.9619 45.9619 80.677
    endloop
  endfacet
  facet normal 0.509804 -0.490096 0.70704
    outer loop
      vertex -14.8492 14.8492 36.677
      vertex -47.2781 44.5931 80.677
      vertex -47.676 44.1792 80.677
    endloop
  endfacet
  facet normal -0.595631 0.381208 0.707039
    outer loop
      vertex 43.308 -27.2685 66.8631
      vertex 17.9054 -10.9725 36.677
      vertex 43.2642 -27.9375 67.1869
    endloop
  endfacet
  facet normal -0.595559 0.381321 0.707039
    outer loop
      vertex 17.9054 -10.9725 36.677
      vertex 43.308 -27.2685 66.8631
      vertex 43.4373 -26.6184 66.6214
    endloop
  endfacet
  facet normal -0.595588 0.381274 0.70704
    outer loop
      vertex 43.3059 -28.5737 67.5651
      vertex 43.2642 -27.9375 67.1869
      vertex 17.9054 -10.9725 36.677
    endloop
  endfacet
  facet normal 0.0969066 0.700504 0.707038
    outer loop
      vertex -7.71841 -64.5386 80.677
      vertex -3.28512 -20.7415 36.677
      vertex -10.1682 -64.1997 80.677
    endloop
  endfacet
  facet normal 0.0416337 -0.706058 0.706929
    outer loop
      vertex -5.09984 64.7996 80.677
      vertex -2.62553 64.7011 80.4329
      vertex -2.74426 64.9385 80.677
    endloop
  endfacet
  facet normal 0.0416489 -0.705948 0.707038
    outer loop
      vertex -2.62553 64.7011 80.4329
      vertex -5.09984 64.7996 80.677
      vertex -1.64764 20.9353 36.677
    endloop
  endfacet
  facet normal -0.707039 0.0138928 0.707038
    outer loop
      vertex 20.9838 -0.824455 36.677
      vertex 64.9514 -2.47267 80.677
      vertex 21 0 36.677
    endloop
  endfacet
  facet normal -0.707053 0.0133878 0.707034
    outer loop
      vertex 64.9514 -2.47267 80.677
      vertex 20.9838 -0.824455 36.677
      vertex 64.9499 -2.55189 80.677
    endloop
  endfacet
  facet normal 0.151537 -0.690749 0.707038
    outer loop
      vertex -15.0966 63.221 80.677
      vertex -4.90235 20.4198 36.677
      vertex -4.0969 20.5965 36.677
    endloop
  endfacet
  facet normal 0.151893 -0.690667 0.707041
    outer loop
      vertex -4.90235 20.4198 36.677
      vertex -15.0966 63.221 80.677
      vertex -15.1739 63.204 80.677
    endloop
  endfacet
  facet normal -0.623633 -0.33343 0.707041
    outer loop
      vertex 51.7064 28.8221 74.876
      vertex 18.7111 9.5338 36.677
      vertex 51.8132 28.8151 74.9669
    endloop
  endfacet
  facet normal -0.623835 -0.333068 0.707033
    outer loop
      vertex 51.5621 28.8508 74.7622
      vertex 18.7111 9.5338 36.677
      vertex 51.7064 28.8221 74.876
    endloop
  endfacet
  facet normal -0.622926 -0.334687 0.70707
    outer loop
      vertex 51.5339 28.8604 74.7419
      vertex 18.7111 9.5338 36.677
      vertex 51.5621 28.8508 74.7622
    endloop
  endfacet
  facet normal -0.623671 -0.333362 0.707039
    outer loop
      vertex 18.7111 9.5338 36.677
      vertex 51.5339 28.8604 74.7419
      vertex 18.3224 10.261 36.677
    endloop
  endfacet
  facet normal -0.623644 -0.333499 0.706998
    outer loop
      vertex 53.3239 29.8628 76.7934
      vertex 54.407 30.326 77.9673
      vertex 54.1202 30.3088 77.7062
    endloop
  endfacet
  facet normal -0.623371 -0.333808 0.707093
    outer loop
      vertex 52.8926 29.507 76.2452
      vertex 53.3239 29.8628 76.7934
      vertex 52.9377 29.6399 76.3477
    endloop
  endfacet
  facet normal -0.623534 -0.333564 0.707064
    outer loop
      vertex 52.849 29.4185 76.165
      vertex 53.3239 29.8628 76.7934
      vertex 52.8926 29.507 76.2452
    endloop
  endfacet
  facet normal -0.623769 -0.333238 0.707011
    outer loop
      vertex 53.3239 29.8628 76.7934
      vertex 52.849 29.4185 76.165
      vertex 54.407 30.326 77.9673
    endloop
  endfacet
  facet normal 0.283394 -0.647908 0.707039
    outer loop
      vertex -8.79185 19.071 36.677
      vertex -24.947 60.0204 80.677
      vertex -27.2129 59.0293 80.677
    endloop
  endfacet
  facet normal 0.700504 0.0969066 0.707038
    outer loop
      vertex -64.1997 -10.1682 80.677
      vertex -20.7415 -3.28512 36.677
      vertex -64.5386 -7.71841 80.677
    endloop
  endfacet
  facet normal -0.333355 0.623675 0.707039
    outer loop
      vertex 29.5094 -57.9154 80.677
      vertex 31.6905 -56.7496 80.677
      vertex 9.5338 -18.7111 36.677
    endloop
  endfacet
  facet normal -0.0420291 -0.705932 0.707031
    outer loop
      vertex 2.535 64.52 80.2467
      vertex 1.64764 20.9353 36.677
      vertex 2.62553 64.7011 80.4329
    endloop
  endfacet
  facet normal -0.0415928 -0.70595 0.70704
    outer loop
      vertex 1.64764 20.9353 36.677
      vertex 2.535 64.52 80.2467
      vertex 0.824455 20.9838 36.677
    endloop
  endfacet
  facet normal -0.40434 0.580178 0.707038
    outer loop
      vertex 12.3435 -16.9894 36.677
      vertex 38.141 -52.6314 80.677
      vertex 38.206 -52.5861 80.677
    endloop
  endfacet
  facet normal -0.404358 0.580165 0.707038
    outer loop
      vertex 38.141 -52.6314 80.677
      vertex 12.3435 -16.9894 36.677
      vertex 11.667 -17.4609 36.677
    endloop
  endfacet
  facet normal 0.404358 -0.580165 0.707038
    outer loop
      vertex -38.141 52.6314 80.677
      vertex -12.3435 16.9894 36.677
      vertex -11.667 17.4609 36.677
    endloop
  endfacet
  facet normal 0.40434 -0.580178 0.707038
    outer loop
      vertex -12.3435 16.9894 36.677
      vertex -38.141 52.6314 80.677
      vertex -38.206 52.5861 80.677
    endloop
  endfacet
  facet normal -0.0693256 0.703769 0.707038
    outer loop
      vertex 6.23378 -64.6879 80.677
      vertex 1.64764 -20.9353 36.677
      vertex 5.09984 -64.7996 80.677
    endloop
  endfacet
  facet normal -0.0693008 0.703772 0.707038
    outer loop
      vertex 1.64764 -20.9353 36.677
      vertex 6.23378 -64.6879 80.677
      vertex 7.56108 -64.5572 80.677
    endloop
  endfacet
  facet normal -0.205334 -0.676708 0.707039
    outer loop
      vertex 20.0103 61.8417 80.677
      vertex 6.48936 19.9722 36.677
      vertex 20.0861 61.8187 80.677
    endloop
  endfacet
  facet normal -0.205302 -0.676718 0.707039
    outer loop
      vertex 6.48936 19.9722 36.677
      vertex 20.0103 61.8417 80.677
      vertex 5.70025 20.2116 36.677
    endloop
  endfacet
  facet normal -0.357592 -0.610102 0.707039
    outer loop
      vertex 33.9624 55.4216 80.677
      vertex 31.8287 56.6722 80.677
      vertex 10.9725 17.9054 36.677
    endloop
  endfacet
  facet normal -0.0416311 0.705954 0.707033
    outer loop
      vertex 4.08971 -57.4134 73.2426
      vertex 5.09984 -64.7996 80.677
      vertex 4.125 -56.875 72.7071
    endloop
  endfacet
  facet normal -0.0429098 0.705837 0.707074
    outer loop
      vertex 5.09984 -64.7996 80.677
      vertex 4.08971 -56.3366 72.1675
      vertex 4.125 -56.875 72.7071
    endloop
  endfacet
  facet normal -0.0419184 0.705936 0.707034
    outer loop
      vertex 2.51114 -53.6024 69.3446
      vertex 1.64764 -20.9353 36.677
      vertex 2.37552 -53.5118 69.2461
    endloop
  endfacet
  facet normal -0.0415635 0.705952 0.707039
    outer loop
      vertex 2.91681 -53.9582 69.7237
      vertex 1.64764 -20.9353 36.677
      vertex 2.51114 -53.6024 69.3446
    endloop
  endfacet
  facet normal -0.0417932 0.70594 0.707037
    outer loop
      vertex 3.27257 -54.3638 70.1497
      vertex 1.64764 -20.9353 36.677
      vertex 2.91681 -53.9582 69.7237
    endloop
  endfacet
  facet normal -0.0414791 0.705957 0.707039
    outer loop
      vertex 3.57234 -54.8125 70.6153
      vertex 1.64764 -20.9353 36.677
      vertex 3.27257 -54.3638 70.1497
    endloop
  endfacet
  facet normal -0.0416113 0.70595 0.707039
    outer loop
      vertex 3.81099 -55.2964 71.1125
      vertex 1.64764 -20.9353 36.677
      vertex 3.57234 -54.8125 70.6153
    endloop
  endfacet
  facet normal -0.0415059 0.705956 0.707038
    outer loop
      vertex 3.98444 -55.8074 71.6329
      vertex 1.64764 -20.9353 36.677
      vertex 3.81099 -55.2964 71.1125
    endloop
  endfacet
  facet normal -0.0418128 0.705937 0.70704
    outer loop
      vertex 4.08971 -56.3366 72.1675
      vertex 1.64764 -20.9353 36.677
      vertex 3.98444 -55.8074 71.6329
    endloop
  endfacet
  facet normal -0.0417525 0.705941 0.707039
    outer loop
      vertex 1.64764 -20.9353 36.677
      vertex 4.08971 -56.3366 72.1675
      vertex 5.09984 -64.7996 80.677
    endloop
  endfacet
  facet normal -0.0412064 0.705995 0.707017
    outer loop
      vertex 3.98444 -57.9426 73.7649
      vertex 5.09984 -64.7996 80.677
      vertex 4.08971 -57.4134 73.2426
    endloop
  endfacet
  facet normal -0.0419047 0.705918 0.707053
    outer loop
      vertex 3.81099 -58.4536 74.2648
      vertex 5.09984 -64.7996 80.677
      vertex 3.98444 -57.9426 73.7649
    endloop
  endfacet
  facet normal -0.0416217 0.705955 0.707033
    outer loop
      vertex 3.39999 -62 77.7816
      vertex 5.09984 -64.7996 80.677
      vertex 3.81099 -58.4536 74.2648
    endloop
  endfacet
  facet normal -0.0416741 0.705957 0.707028
    outer loop
      vertex 3.39999 -62 77.7816
      vertex 3.81099 -58.4536 74.2648
      vertex 3.57234 -58.9375 74.7339
    endloop
  endfacet
  facet normal -0.0414526 0.705957 0.707041
    outer loop
      vertex 3.39999 -62 77.7816
      vertex 3.57234 -58.9375 74.7339
      vertex 3.39999 -59.1954 74.9813
    endloop
  endfacet
  facet normal -0.0416628 0.705942 0.707044
    outer loop
      vertex 5.09984 -64.7996 80.677
      vertex 3.39999 -62 77.7816
      vertex 4.8084 -64.8168 80.677
    endloop
  endfacet
  facet normal 0.25771 0.658546 0.707038
    outer loop
      vertex -8.03635 -19.4015 36.677
      vertex -24.8006 -60.081 80.677
      vertex -7.26846 -19.702 36.677
    endloop
  endfacet
  facet normal 0.257091 0.658795 0.707031
    outer loop
      vertex -24.8006 -60.081 80.677
      vertex -8.03635 -19.4015 36.677
      vertex -24.8744 -60.0522 80.677
    endloop
  endfacet
  facet normal 0.658546 0.25771 0.707038
    outer loop
      vertex -60.081 -24.8006 80.677
      vertex -19.4015 -8.03635 36.677
      vertex -19.702 -7.26846 36.677
    endloop
  endfacet
  facet normal 0.658795 0.257091 0.707031
    outer loop
      vertex -19.4015 -8.03635 36.677
      vertex -60.081 -24.8006 80.677
      vertex -60.0522 -24.8744 80.677
    endloop
  endfacet
  facet normal 0.690722 0.151647 0.70704
    outer loop
      vertex -20.5965 -4.0969 36.677
      vertex -63.3095 -14.6935 80.677
      vertex -63.221 -15.0966 80.677
    endloop
  endfacet
  facet normal 0.69075 0.151528 0.707039
    outer loop
      vertex -63.3095 -14.6935 80.677
      vertex -20.5965 -4.0969 36.677
      vertex -63.751 -12.6809 80.677
    endloop
  endfacet
  facet normal 0.404342 -0.580176 0.707038
    outer loop
      vertex -37.522 53.0629 80.677
      vertex -11.667 17.4609 36.677
      vertex -36.1121 54.0455 80.677
    endloop
  endfacet
  facet normal 0.404405 -0.580131 0.707039
    outer loop
      vertex -11.667 17.4609 36.677
      vertex -37.522 53.0629 80.677
      vertex -38.141 52.6314 80.677
    endloop
  endfacet
  facet normal 0.684265 -0.178544 0.707038
    outer loop
      vertex -20.2116 5.70025 36.677
      vertex -62.5596 17.6436 80.677
      vertex -63.184 15.2506 80.677
    endloop
  endfacet
  facet normal 0.308638 0.63627 0.707038
    outer loop
      vertex -27.2842 -58.9947 80.677
      vertex -8.79185 -19.071 36.677
      vertex -9.5338 -18.7111 36.677
    endloop
  endfacet
  facet normal 0.308741 0.636221 0.707037
    outer loop
      vertex -8.79185 -19.071 36.677
      vertex -27.2842 -58.9947 80.677
      vertex -27.2129 -59.0293 80.677
    endloop
  endfacet
  facet normal 0.0140389 0.707032 0.707042
    outer loop
      vertex -1.57857 -53.064 68.7719
      vertex 0 -21 36.677
      vertex -1.81032 -53.1783 68.8908
    endloop
  endfacet
  facet normal 0.0136972 0.707044 0.707037
    outer loop
      vertex -1.06763 -52.8905 68.5885
      vertex 0 -21 36.677
      vertex -1.57857 -53.064 68.7719
    endloop
  endfacet
  facet normal 0.0140287 0.707035 0.707039
    outer loop
      vertex -0.538406 -52.7853 68.4728
      vertex 0 -21 36.677
      vertex -1.06763 -52.8905 68.5885
    endloop
  endfacet
  facet normal 0.0137887 0.70704 0.70704
    outer loop
      vertex 0 -21 36.677
      vertex -0.538406 -52.7853 68.4728
      vertex 0 -52.75 68.427
    endloop
  endfacet
  facet normal -0.509804 0.490096 0.70704
    outer loop
      vertex 14.8492 -14.8492 36.677
      vertex 47.2781 -44.5931 80.677
      vertex 47.676 -44.1792 80.677
    endloop
  endfacet
  facet normal -0.509746 0.490158 0.707039
    outer loop
      vertex 47.2781 -44.5931 80.677
      vertex 14.8492 -14.8492 36.677
      vertex 45.9619 -45.9619 80.677
    endloop
  endfacet
  facet normal -0.700504 0.0969066 0.707038
    outer loop
      vertex 64.1997 -10.1682 80.677
      vertex 64.5386 -7.71841 80.677
      vertex 20.7415 -3.28512 36.677
    endloop
  endfacet
  facet normal -0.490177 0.509729 0.707038
    outer loop
      vertex 14.2548 -15.4208 36.677
      vertex 44.1792 -47.676 80.677
      vertex 14.8492 -14.8492 36.677
    endloop
  endfacet
  facet normal -0.490149 0.509755 0.707038
    outer loop
      vertex 44.1792 -47.676 80.677
      vertex 14.2548 -15.4208 36.677
      vertex 44.122 -47.731 80.677
    endloop
  endfacet
  facet normal -0.707038 0.0138967 0.707038
    outer loop
      vertex 64.9514 -2.47267 80.677
      vertex 65 0 80.677
      vertex 21 0 36.677
    endloop
  endfacet
  facet normal 0.490177 0.509729 0.707038
    outer loop
      vertex -44.1792 -47.676 80.677
      vertex -14.2548 -15.4208 36.677
      vertex -14.8492 -14.8492 36.677
    endloop
  endfacet
  facet normal 0.490149 0.509755 0.707038
    outer loop
      vertex -14.2548 -15.4208 36.677
      vertex -44.1792 -47.676 80.677
      vertex -44.122 -47.731 80.677
    endloop
  endfacet
  facet normal 0.0693256 0.703769 0.707038
    outer loop
      vertex -1.64764 -20.9353 36.677
      vertex -6.23378 -64.6879 80.677
      vertex -5.09984 -64.7996 80.677
    endloop
  endfacet
  facet normal 0.0693008 0.703772 0.707038
    outer loop
      vertex -6.23378 -64.6879 80.677
      vertex -1.64764 -20.9353 36.677
      vertex -7.56108 -64.5572 80.677
    endloop
  endfacet
  facet normal -0.469743 0.528618 0.707039
    outer loop
      vertex 42.2141 -49.4264 80.677
      vertex 44.0628 -47.7836 80.677
      vertex 13.6384 -15.9685 36.677
    endloop
  endfacet
  facet normal -0.509746 -0.490158 0.707039
    outer loop
      vertex 14.8492 14.8492 36.677
      vertex 47.2781 44.5931 80.677
      vertex 45.9619 45.9619 80.677
    endloop
  endfacet
  facet normal -0.509804 -0.490096 0.70704
    outer loop
      vertex 47.2781 44.5931 80.677
      vertex 14.8492 14.8492 36.677
      vertex 47.676 44.1792 80.677
    endloop
  endfacet
  facet normal -0.509755 0.490149 0.707038
    outer loop
      vertex 15.4208 -14.2548 36.677
      vertex 47.676 -44.1792 80.677
      vertex 47.731 -44.122 80.677
    endloop
  endfacet
  facet normal -0.509729 0.490177 0.707038
    outer loop
      vertex 47.676 -44.1792 80.677
      vertex 15.4208 -14.2548 36.677
      vertex 14.8492 -14.8492 36.677
    endloop
  endfacet
  facet normal 0.509746 0.490158 0.707039
    outer loop
      vertex -14.8492 -14.8492 36.677
      vertex -47.2781 -44.5931 80.677
      vertex -45.9619 -45.9619 80.677
    endloop
  endfacet
  facet normal 0.509804 0.490096 0.70704
    outer loop
      vertex -47.2781 -44.5931 80.677
      vertex -14.8492 -14.8492 36.677
      vertex -47.676 -44.1792 80.677
    endloop
  endfacet
  facet normal 0.647908 0.283394 0.707039
    outer loop
      vertex -59.0293 -27.2129 80.677
      vertex -19.071 -8.79185 36.677
      vertex -60.0204 -24.947 80.677
    endloop
  endfacet
  facet normal -0.563844 -0.426822 0.707038
    outer loop
      vertex 52.5383 38.2692 80.677
      vertex 51.0456 40.2411 80.677
      vertex 16.4917 13.001 36.677
    endloop
  endfacet
  facet normal 0.684265 0.178544 0.707038
    outer loop
      vertex -62.5596 -17.6436 80.677
      vertex -20.2116 -5.70025 36.677
      vertex -63.184 -15.2506 80.677
    endloop
  endfacet
  facet normal 0.25775 -0.65853 0.707038
    outer loop
      vertex -7.26846 19.702 36.677
      vertex -22.4976 60.9824 80.677
      vertex -24.8006 60.081 80.677
    endloop
  endfacet
  facet normal -0.231691 -0.668143 0.707039
    outer loop
      vertex 7.26846 19.702 36.677
      vertex 20.9004 61.5363 80.677
      vertex 20.161 61.7927 80.677
    endloop
  endfacet
  facet normal -0.231707 -0.668138 0.707039
    outer loop
      vertex 20.9004 61.5363 80.677
      vertex 7.26846 19.702 36.677
      vertex 22.4976 60.9824 80.677
    endloop
  endfacet
  facet normal -0.0138928 -0.707038 0.707039
    outer loop
      vertex 0.824455 20.9838 36.677
      vertex 2.43742 64.3249 80.0497
      vertex 0 21 36.677
    endloop
  endfacet
  facet normal -0.0137601 -0.707042 0.707038
    outer loop
      vertex 2.43742 64.3249 80.0497
      vertex 0.824455 20.9838 36.677
      vertex 2.535 64.52 80.2467
    endloop
  endfacet
  facet normal -0.528639 0.469721 0.707038
    outer loop
      vertex 15.4208 -14.2548 36.677
      vertex 47.7836 -44.0628 80.677
      vertex 15.9685 -13.6384 36.677
    endloop
  endfacet
  facet normal -0.528648 0.469711 0.707038
    outer loop
      vertex 47.7836 -44.0628 80.677
      vertex 15.4208 -14.2548 36.677
      vertex 47.731 -44.122 80.677
    endloop
  endfacet
  facet normal -0.546611 0.448677 0.70704
    outer loop
      vertex 15.9685 -13.6384 36.677
      vertex 49.4767 -42.1529 80.677
      vertex 16.4917 -13.001 36.677
    endloop
  endfacet
  facet normal -0.546324 0.449021 0.707044
    outer loop
      vertex 49.4767 -42.1529 80.677
      vertex 15.9685 -13.6384 36.677
      vertex 49.4264 -42.2141 80.677
    endloop
  endfacet
  facet normal -0.595626 0.381218 0.707038
    outer loop
      vertex 17.4609 -11.667 36.677
      vertex 43.3059 -28.5737 67.5651
      vertex 17.9054 -10.9725 36.677
    endloop
  endfacet
  facet normal -0.595627 0.381215 0.707038
    outer loop
      vertex 43.3059 -28.5737 67.5651
      vertex 17.4609 -11.667 36.677
      vertex 43.308 -28.6064 67.5845
    endloop
  endfacet
  facet normal -0.595483 0.381438 0.70704
    outer loop
      vertex 43.308 -28.6064 67.5845
      vertex 17.4609 -11.667 36.677
      vertex 43.3839 -28.9882 67.8544
    endloop
  endfacet
  facet normal 0.151528 0.69075 0.707039
    outer loop
      vertex -4.0969 -20.5965 36.677
      vertex -14.6935 -63.3095 80.677
      vertex -12.6809 -63.751 80.677
    endloop
  endfacet
  facet normal 0.151647 0.690722 0.70704
    outer loop
      vertex -14.6935 -63.3095 80.677
      vertex -4.0969 -20.5965 36.677
      vertex -15.0966 -63.221 80.677
    endloop
  endfacet
  facet normal 0.333362 -0.623671 0.707039
    outer loop
      vertex -31.6905 56.7496 80.677
      vertex -10.261 18.3224 36.677
      vertex -9.5338 18.7111 36.677
    endloop
  endfacet
  facet normal 0.33362 -0.62353 0.707042
    outer loop
      vertex -31.6905 56.7496 80.677
      vertex -31.7604 56.7122 80.677
      vertex -10.261 18.3224 36.677
    endloop
  endfacet
  facet normal 0.151537 0.690749 0.707038
    outer loop
      vertex -4.90235 -20.4198 36.677
      vertex -15.0966 -63.221 80.677
      vertex -4.0969 -20.5965 36.677
    endloop
  endfacet
  facet normal 0.151893 0.690667 0.707041
    outer loop
      vertex -15.0966 -63.221 80.677
      vertex -4.90235 -20.4198 36.677
      vertex -15.1739 -63.204 80.677
    endloop
  endfacet
  facet normal -0.696156 0.124347 0.707039
    outer loop
      vertex 20.5965 -4.0969 36.677
      vertex 63.765 -12.6029 80.677
      vertex 20.7415 -3.28512 36.677
    endloop
  endfacet
  facet normal -0.696046 0.124931 0.707044
    outer loop
      vertex 63.765 -12.6029 80.677
      vertex 20.5965 -4.0969 36.677
      vertex 63.751 -12.6809 80.677
    endloop
  endfacet
  facet normal 0.490096 0.509804 0.70704
    outer loop
      vertex -14.8492 -14.8492 36.677
      vertex -44.5931 -47.2781 80.677
      vertex -44.1792 -47.676 80.677
    endloop
  endfacet
  facet normal 0.490158 0.509746 0.707039
    outer loop
      vertex -44.5931 -47.2781 80.677
      vertex -14.8492 -14.8492 36.677
      vertex -45.9619 -45.9619 80.677
    endloop
  endfacet
  facet normal -0.124296 0.696166 0.707038
    outer loop
      vertex 3.28512 -20.7415 36.677
      vertex 10.1682 -64.1997 80.677
      vertex 12.6029 -63.765 80.677
    endloop
  endfacet
  facet normal 0.448615 0.546664 0.707038
    outer loop
      vertex -40.2411 -51.0456 80.677
      vertex -13.001 -16.4917 36.677
      vertex -42.1529 -49.4767 80.677
    endloop
  endfacet
  facet normal 0.0415928 -0.70595 0.70704
    outer loop
      vertex -2.535 64.52 80.2467
      vertex -1.64764 20.9353 36.677
      vertex -0.824455 20.9838 36.677
    endloop
  endfacet
  facet normal 0.0420291 -0.705932 0.707031
    outer loop
      vertex -1.64764 20.9353 36.677
      vertex -2.535 64.52 80.2467
      vertex -2.62553 64.7011 80.4329
    endloop
  endfacet
  facet normal -0.448615 -0.546664 0.707038
    outer loop
      vertex 42.1529 49.4767 80.677
      vertex 40.2411 51.0456 80.677
      vertex 13.001 16.4917 36.677
    endloop
  endfacet
  facet normal -0.469711 0.528648 0.707038
    outer loop
      vertex 14.2548 -15.4208 36.677
      vertex 44.0628 -47.7836 80.677
      vertex 44.122 -47.731 80.677
    endloop
  endfacet
  facet normal -0.469721 0.528639 0.707038
    outer loop
      vertex 44.0628 -47.7836 80.677
      vertex 14.2548 -15.4208 36.677
      vertex 13.6384 -15.9685 36.677
    endloop
  endfacet
  facet normal 0.707038 0.0138967 0.707038
    outer loop
      vertex -64.9514 -2.47267 80.677
      vertex -21 0 36.677
      vertex -65 0 80.677
    endloop
  endfacet
  facet normal -0.684293 0.178434 0.707039
    outer loop
      vertex 20.4198 -4.90235 36.677
      vertex 63.184 -15.2506 80.677
      vertex 63.204 -15.1739 80.677
    endloop
  endfacet
  facet normal -0.684264 0.178548 0.707038
    outer loop
      vertex 63.184 -15.2506 80.677
      vertex 20.4198 -4.90235 36.677
      vertex 20.2116 -5.70025 36.677
    endloop
  endfacet
  facet normal -0.151647 0.690722 0.70704
    outer loop
      vertex 4.0969 -20.5965 36.677
      vertex 14.6935 -63.3095 80.677
      vertex 15.0966 -63.221 80.677
    endloop
  endfacet
  facet normal -0.151528 0.69075 0.707039
    outer loop
      vertex 14.6935 -63.3095 80.677
      vertex 4.0969 -20.5965 36.677
      vertex 12.6809 -63.751 80.677
    endloop
  endfacet
  facet normal -0.690667 -0.151893 0.707041
    outer loop
      vertex 20.4198 4.90235 36.677
      vertex 63.221 15.0966 80.677
      vertex 63.204 15.1739 80.677
    endloop
  endfacet
  facet normal -0.690749 -0.151537 0.707038
    outer loop
      vertex 63.221 15.0966 80.677
      vertex 20.4198 4.90235 36.677
      vertex 20.5965 4.0969 36.677
    endloop
  endfacet
  facet normal -0.257091 -0.658795 0.707031
    outer loop
      vertex 24.8006 60.081 80.677
      vertex 8.03635 19.4015 36.677
      vertex 24.8744 60.0522 80.677
    endloop
  endfacet
  facet normal -0.25771 -0.658546 0.707038
    outer loop
      vertex 8.03635 19.4015 36.677
      vertex 24.8006 60.081 80.677
      vertex 7.26846 19.702 36.677
    endloop
  endfacet
  facet normal -0.426812 0.563851 0.707038
    outer loop
      vertex 12.3435 -16.9894 36.677
      vertex 38.2692 -52.5383 80.677
      vertex 13.001 -16.4917 36.677
    endloop
  endfacet
  facet normal -0.426929 0.563765 0.707037
    outer loop
      vertex 38.2692 -52.5383 80.677
      vertex 12.3435 -16.9894 36.677
      vertex 38.2486 -52.5539 80.677
    endloop
  endfacet
  facet normal -0.426418 0.564143 0.707043
    outer loop
      vertex 38.2486 -52.5539 80.677
      vertex 12.3435 -16.9894 36.677
      vertex 38.206 -52.5861 80.677
    endloop
  endfacet
  facet normal 0.0138454 -0.707045 0.707033
    outer loop
      vertex -1.5013 59.9969 75.7033
      vertex -1.27499 62 77.702
      vertex -2.43742 64.3249 80.0497
    endloop
  endfacet
  facet normal 0.0149477 -0.707028 0.707028
    outer loop
      vertex -1.27499 62 77.702
      vertex -1.28918 60.3642 76.0665
      vertex -1.27499 60.3804 76.0824
    endloop
  endfacet
  facet normal 0.013753 -0.707035 0.707045
    outer loop
      vertex -1.27499 62 77.702
      vertex -1.40729 60.1875 75.8921
      vertex -1.28918 60.3642 76.0665
    endloop
  endfacet
  facet normal 0.0134759 -0.707027 0.707058
    outer loop
      vertex -1.27499 62 77.702
      vertex -1.5013 59.9969 75.7033
      vertex -1.40729 60.1875 75.8921
    endloop
  endfacet
  facet normal 0.0142578 -0.706996 0.707074
    outer loop
      vertex -2.43742 64.3249 80.0497
      vertex -1.56963 59.7956 75.5034
      vertex -1.5013 59.9969 75.7033
    endloop
  endfacet
  facet normal 0.0137464 -0.70705 0.70703
    outer loop
      vertex -2.43742 64.3249 80.0497
      vertex -1.61108 59.5871 75.2957
      vertex -1.56963 59.7956 75.5034
    endloop
  endfacet
  facet normal 0.0142382 -0.707002 0.707068
    outer loop
      vertex -2.43742 64.3249 80.0497
      vertex -1.625 59.375 75.0839
      vertex -1.61108 59.5871 75.2957
    endloop
  endfacet
  facet normal 0.0129033 -0.707124 0.706971
    outer loop
      vertex -2.43742 64.3249 80.0497
      vertex -1.61108 59.1629 74.8715
      vertex -1.625 59.375 75.0839
    endloop
  endfacet
  facet normal 0.0136676 -0.707041 0.707041
    outer loop
      vertex -0.212097 57.7639 73.445
      vertex 0 21 36.677
      vertex 0 57.75 73.427
    endloop
  endfacet
  facet normal 0.0139049 -0.707038 0.707039
    outer loop
      vertex -0.420578 57.8054 73.4906
      vertex 0 21 36.677
      vertex -0.212097 57.7639 73.445
    endloop
  endfacet
  facet normal 0.0140519 -0.707035 0.707038
    outer loop
      vertex -0.621857 57.8737 73.5629
      vertex 0 21 36.677
      vertex -0.420578 57.8054 73.4906
    endloop
  endfacet
  facet normal 0.013721 -0.707041 0.707039
    outer loop
      vertex -0.8125 57.9677 73.6606
      vertex 0 21 36.677
      vertex -0.621857 57.8737 73.5629
    endloop
  endfacet
  facet normal 0.0140051 -0.707036 0.707039
    outer loop
      vertex -0.989227 58.0858 73.7822
      vertex 0 21 36.677
      vertex -0.8125 57.9677 73.6606
    endloop
  endfacet
  facet normal 0.0141634 -0.707032 0.70704
    outer loop
      vertex -1.14905 58.2259 73.9255
      vertex 0 21 36.677
      vertex -0.989227 58.0858 73.7822
    endloop
  endfacet
  facet normal 0.0130897 -0.707059 0.707034
    outer loop
      vertex -1.28918 58.3858 74.088
      vertex 0 21 36.677
      vertex -1.14905 58.2259 73.9255
    endloop
  endfacet
  facet normal 0.0143969 -0.707024 0.707043
    outer loop
      vertex -1.40729 58.5625 74.2671
      vertex 0 21 36.677
      vertex -1.28918 58.3858 74.088
    endloop
  endfacet
  facet normal 0.0143246 -0.707026 0.707043
    outer loop
      vertex -1.5013 58.7531 74.4596
      vertex 0 21 36.677
      vertex -1.40729 58.5625 74.2671
    endloop
  endfacet
  facet normal 0.013393 -0.707053 0.707033
    outer loop
      vertex -1.56963 58.9544 74.6622
      vertex 0 21 36.677
      vertex -1.5013 58.7531 74.4596
    endloop
  endfacet
  facet normal 0.0135862 -0.707047 0.707036
    outer loop
      vertex -1.61108 59.1629 74.8715
      vertex 0 21 36.677
      vertex -1.56963 58.9544 74.6622
    endloop
  endfacet
  facet normal 0.0138587 -0.707039 0.707039
    outer loop
      vertex 0 21 36.677
      vertex -1.61108 59.1629 74.8715
      vertex -2.43742 64.3249 80.0497
    endloop
  endfacet
  facet normal 0.231716 0.668135 0.707038
    outer loop
      vertex -20.161 -61.7927 80.677
      vertex -6.48936 -19.9722 36.677
      vertex -7.26846 -19.702 36.677
    endloop
  endfacet
  facet normal 0.231907 0.668071 0.707036
    outer loop
      vertex -6.48936 -19.9722 36.677
      vertex -20.161 -61.7927 80.677
      vertex -20.0861 -61.8187 80.677
    endloop
  endfacet
  facet normal -0.668143 0.231691 0.707039
    outer loop
      vertex 19.702 -7.26846 36.677
      vertex 61.5363 -20.9004 80.677
      vertex 61.7927 -20.161 80.677
    endloop
  endfacet
  facet normal -0.668138 0.231707 0.707039
    outer loop
      vertex 61.5363 -20.9004 80.677
      vertex 19.702 -7.26846 36.677
      vertex 60.9824 -22.4976 80.677
    endloop
  endfacet
  facet normal 0.684264 0.178548 0.707038
    outer loop
      vertex -20.4198 -4.90235 36.677
      vertex -63.184 -15.2506 80.677
      vertex -20.2116 -5.70025 36.677
    endloop
  endfacet
  facet normal 0.684293 0.178434 0.707039
    outer loop
      vertex -63.184 -15.2506 80.677
      vertex -20.4198 -4.90235 36.677
      vertex -63.204 -15.1739 80.677
    endloop
  endfacet
  facet normal 0.25775 0.65853 0.707038
    outer loop
      vertex -22.4976 -60.9824 80.677
      vertex -7.26846 -19.702 36.677
      vertex -24.8006 -60.081 80.677
    endloop
  endfacet
  facet normal -0.563844 0.426822 0.707038
    outer loop
      vertex 51.0456 -40.2411 80.677
      vertex 52.5383 -38.2692 80.677
      vertex 16.4917 -13.001 36.677
    endloop
  endfacet
  facet normal -0.231707 0.668138 0.707039
    outer loop
      vertex 7.26846 -19.702 36.677
      vertex 20.9004 -61.5363 80.677
      vertex 22.4976 -60.9824 80.677
    endloop
  endfacet
  facet normal -0.231691 0.668143 0.707039
    outer loop
      vertex 20.9004 -61.5363 80.677
      vertex 7.26846 -19.702 36.677
      vertex 20.161 -61.7927 80.677
    endloop
  endfacet
  facet normal -0.690749 0.151537 0.707038
    outer loop
      vertex 20.4198 -4.90235 36.677
      vertex 63.221 -15.0966 80.677
      vertex 20.5965 -4.0969 36.677
    endloop
  endfacet
  facet normal -0.690667 0.151893 0.707041
    outer loop
      vertex 63.221 -15.0966 80.677
      vertex 20.4198 -4.90235 36.677
      vertex 63.204 -15.1739 80.677
    endloop
  endfacet
  facet normal -0.528618 -0.469743 0.707039
    outer loop
      vertex 49.4264 42.2141 80.677
      vertex 47.7836 44.0628 80.677
      vertex 15.9685 13.6384 36.677
    endloop
  endfacet
  facet normal 0.490096 -0.509804 0.70704
    outer loop
      vertex -44.5931 47.2781 80.677
      vertex -14.8492 14.8492 36.677
      vertex -44.1792 47.676 80.677
    endloop
  endfacet
  facet normal 0.490158 -0.509746 0.707039
    outer loop
      vertex -14.8492 14.8492 36.677
      vertex -44.5931 47.2781 80.677
      vertex -45.9619 45.9619 80.677
    endloop
  endfacet
  facet normal 0.509729 -0.490177 0.707038
    outer loop
      vertex -47.676 44.1792 80.677
      vertex -15.4208 14.2548 36.677
      vertex -14.8492 14.8492 36.677
    endloop
  endfacet
  facet normal 0.509755 -0.490149 0.707038
    outer loop
      vertex -15.4208 14.2548 36.677
      vertex -47.676 44.1792 80.677
      vertex -47.731 44.122 80.677
    endloop
  endfacet
  facet normal -0.658546 0.25771 0.707038
    outer loop
      vertex 19.4015 -8.03635 36.677
      vertex 60.081 -24.8006 80.677
      vertex 19.702 -7.26846 36.677
    endloop
  endfacet
  facet normal -0.658795 0.257091 0.707031
    outer loop
      vertex 60.081 -24.8006 80.677
      vertex 19.4015 -8.03635 36.677
      vertex 60.0522 -24.8744 80.677
    endloop
  endfacet
  facet normal 0.528618 0.469743 0.707039
    outer loop
      vertex -49.4264 -42.2141 80.677
      vertex -47.7836 -44.0628 80.677
      vertex -15.9685 -13.6384 36.677
    endloop
  endfacet
  facet normal -0.308618 -0.636279 0.707039
    outer loop
      vertex 29.5094 57.9154 80.677
      vertex 27.2842 58.9947 80.677
      vertex 9.5338 18.7111 36.677
    endloop
  endfacet
  facet normal 0.357592 -0.610102 0.707039
    outer loop
      vertex -10.9725 17.9054 36.677
      vertex -31.8287 56.6722 80.677
      vertex -33.9624 55.4216 80.677
    endloop
  endfacet
  facet normal 0.231691 0.668143 0.707039
    outer loop
      vertex -7.26846 -19.702 36.677
      vertex -20.9004 -61.5363 80.677
      vertex -20.161 -61.7927 80.677
    endloop
  endfacet
  facet normal 0.231707 0.668138 0.707039
    outer loop
      vertex -20.9004 -61.5363 80.677
      vertex -7.26846 -19.702 36.677
      vertex -22.4976 -60.9824 80.677
    endloop
  endfacet
  facet normal 0.65853 0.25775 0.707038
    outer loop
      vertex -60.081 -24.8006 80.677
      vertex -19.702 -7.26846 36.677
      vertex -60.9824 -22.4976 80.677
    endloop
  endfacet
  facet normal -0.696166 0.124296 0.707038
    outer loop
      vertex 64.1997 -10.1682 80.677
      vertex 20.7415 -3.28512 36.677
      vertex 63.765 -12.6029 80.677
    endloop
  endfacet
  facet normal 0.580165 0.404358 0.707038
    outer loop
      vertex -52.6314 -38.141 80.677
      vertex -16.9894 -12.3435 36.677
      vertex -17.4609 -11.667 36.677
    endloop
  endfacet
  facet normal 0.580178 0.40434 0.707038
    outer loop
      vertex -16.9894 -12.3435 36.677
      vertex -52.6314 -38.141 80.677
      vertex -52.5861 -38.206 80.677
    endloop
  endfacet
  facet normal 0.668135 -0.231716 0.707038
    outer loop
      vertex -61.7927 20.161 80.677
      vertex -19.9722 6.48936 36.677
      vertex -19.702 7.26846 36.677
    endloop
  endfacet
  facet normal 0.668071 -0.231907 0.707036
    outer loop
      vertex -19.9722 6.48936 36.677
      vertex -61.7927 20.161 80.677
      vertex -61.8187 20.0861 80.677
    endloop
  endfacet
  facet normal -0.705949 0.041633 0.707038
    outer loop
      vertex 64.7996 -5.09984 80.677
      vertex 64.9452 -2.63098 80.677
      vertex 20.9353 -1.64764 36.677
    endloop
  endfacet
  facet normal 0.595627 0.381218 0.707037
    outer loop
      vertex -54.0882 -36.0453 80.677
      vertex -17.4609 -11.667 36.677
      vertex -17.9054 -10.9725 36.677
    endloop
  endfacet
  facet normal 0.595848 0.380879 0.707034
    outer loop
      vertex -17.4609 -11.667 36.677
      vertex -54.0882 -36.0453 80.677
      vertex -54.0455 -36.1121 80.677
    endloop
  endfacet
  facet normal -0.283731 -0.647764 0.707035
    outer loop
      vertex 8.03635 19.4015 36.677
      vertex 24.947 60.0204 80.677
      vertex 24.8744 60.0522 80.677
    endloop
  endfacet
  facet normal -0.283427 -0.647894 0.707038
    outer loop
      vertex 24.947 60.0204 80.677
      vertex 8.03635 19.4015 36.677
      vertex 8.79185 19.071 36.677
    endloop
  endfacet
  facet normal -0.676718 0.205302 0.707039
    outer loop
      vertex 19.9722 -6.48936 36.677
      vertex 61.8417 -20.0103 80.677
      vertex 20.2116 -5.70025 36.677
    endloop
  endfacet
  facet normal -0.676708 0.205334 0.707039
    outer loop
      vertex 61.8417 -20.0103 80.677
      vertex 19.9722 -6.48936 36.677
      vertex 61.8187 -20.0861 80.677
    endloop
  endfacet
  facet normal 0.63627 0.308638 0.707038
    outer loop
      vertex -19.071 -8.79185 36.677
      vertex -58.9947 -27.2842 80.677
      vertex -18.7111 -9.5338 36.677
    endloop
  endfacet
  facet normal 0.636221 0.308741 0.707037
    outer loop
      vertex -58.9947 -27.2842 80.677
      vertex -19.071 -8.79185 36.677
      vertex -59.0293 -27.2129 80.677
    endloop
  endfacet
  facet normal 0.580131 -0.404405 0.707039
    outer loop
      vertex -53.0629 37.522 80.677
      vertex -17.4609 11.667 36.677
      vertex -52.6314 38.141 80.677
    endloop
  endfacet
  facet normal 0.580176 -0.404342 0.707038
    outer loop
      vertex -17.4609 11.667 36.677
      vertex -53.0629 37.522 80.677
      vertex -54.0455 36.1121 80.677
    endloop
  endfacet
  facet normal 0.25771 -0.658546 0.707038
    outer loop
      vertex -24.8006 60.081 80.677
      vertex -8.03635 19.4015 36.677
      vertex -7.26846 19.702 36.677
    endloop
  endfacet
  facet normal 0.257091 -0.658795 0.707031
    outer loop
      vertex -8.03635 19.4015 36.677
      vertex -24.8006 60.081 80.677
      vertex -24.8744 60.0522 80.677
    endloop
  endfacet
  facet normal -0.490149 -0.509755 0.707038
    outer loop
      vertex 14.2548 15.4208 36.677
      vertex 44.1792 47.676 80.677
      vertex 44.122 47.731 80.677
    endloop
  endfacet
  facet normal -0.490177 -0.509729 0.707038
    outer loop
      vertex 44.1792 47.676 80.677
      vertex 14.2548 15.4208 36.677
      vertex 14.8492 14.8492 36.677
    endloop
  endfacet
  facet normal 0.448615 -0.546664 0.707038
    outer loop
      vertex -13.001 16.4917 36.677
      vertex -40.2411 51.0456 80.677
      vertex -42.1529 49.4767 80.677
    endloop
  endfacet
  facet normal 0.580131 0.404405 0.707039
    outer loop
      vertex -17.4609 -11.667 36.677
      vertex -53.0629 -37.522 80.677
      vertex -52.6314 -38.141 80.677
    endloop
  endfacet
  facet normal 0.580176 0.404342 0.707038
    outer loop
      vertex -53.0629 -37.522 80.677
      vertex -17.4609 -11.667 36.677
      vertex -54.0455 -36.1121 80.677
    endloop
  endfacet
  facet normal 0.124347 -0.696156 0.707039
    outer loop
      vertex -12.6029 63.765 80.677
      vertex -4.0969 20.5965 36.677
      vertex -3.28512 20.7415 36.677
    endloop
  endfacet
  facet normal 0.124931 -0.696046 0.707044
    outer loop
      vertex -4.0969 20.5965 36.677
      vertex -12.6029 63.765 80.677
      vertex -12.6809 63.751 80.677
    endloop
  endfacet
  facet normal -0.205274 0.676727 0.707038
    outer loop
      vertex 17.6436 -62.5596 80.677
      vertex 20.0103 -61.8417 80.677
      vertex 5.70025 -20.2116 36.677
    endloop
  endfacet
  facet normal -0.308741 -0.636221 0.707037
    outer loop
      vertex 8.79185 19.071 36.677
      vertex 27.2842 58.9947 80.677
      vertex 27.2129 59.0293 80.677
    endloop
  endfacet
  facet normal -0.308638 -0.63627 0.707038
    outer loop
      vertex 27.2842 58.9947 80.677
      vertex 8.79185 19.071 36.677
      vertex 9.5338 18.7111 36.677
    endloop
  endfacet
  facet normal -0.096822 0.700514 0.70704
    outer loop
      vertex 2.46828 -20.8544 36.677
      vertex 7.71841 -64.5386 80.677
      vertex 3.28512 -20.7415 36.677
    endloop
  endfacet
  facet normal -0.0964084 0.700568 0.707043
    outer loop
      vertex 7.71841 -64.5386 80.677
      vertex 2.46828 -20.8544 36.677
      vertex 7.63993 -64.5494 80.677
    endloop
  endfacet
  facet normal 0.308618 -0.636279 0.707039
    outer loop
      vertex -9.5338 18.7111 36.677
      vertex -27.2842 58.9947 80.677
      vertex -29.5094 57.9154 80.677
    endloop
  endfacet
  facet normal -0.178544 -0.684265 0.707038
    outer loop
      vertex 17.6436 62.5596 80.677
      vertex 15.2506 63.184 80.677
      vertex 5.70025 20.2116 36.677
    endloop
  endfacet
  facet normal -0.700568 0.0964084 0.707043
    outer loop
      vertex 20.8544 -2.46828 36.677
      vertex 64.5386 -7.71841 80.677
      vertex 64.5494 -7.63993 80.677
    endloop
  endfacet
  facet normal -0.700514 0.096822 0.70704
    outer loop
      vertex 64.5386 -7.71841 80.677
      vertex 20.8544 -2.46828 36.677
      vertex 20.7415 -3.28512 36.677
    endloop
  endfacet
  facet normal -0.684265 -0.178544 0.707038
    outer loop
      vertex 63.184 15.2506 80.677
      vertex 62.5596 17.6436 80.677
      vertex 20.2116 5.70025 36.677
    endloop
  endfacet
  facet normal -0.0696151 -0.703737 0.707041
    outer loop
      vertex 7.56108 64.5572 80.677
      vertex 2.46828 20.8544 36.677
      vertex 7.63993 64.5494 80.677
    endloop
  endfacet
  facet normal -0.0693781 -0.703763 0.707039
    outer loop
      vertex 2.46828 20.8544 36.677
      vertex 7.56108 64.5572 80.677
      vertex 1.64764 20.9353 36.677
    endloop
  endfacet
  facet normal -0.580131 -0.404405 0.707039
    outer loop
      vertex 17.4609 11.667 36.677
      vertex 53.0629 37.522 80.677
      vertex 52.6314 38.141 80.677
    endloop
  endfacet
  facet normal -0.580176 -0.404342 0.707038
    outer loop
      vertex 53.0629 37.522 80.677
      vertex 17.4609 11.667 36.677
      vertex 54.0455 36.1121 80.677
    endloop
  endfacet
  facet normal -0.676708 -0.205334 0.707039
    outer loop
      vertex 19.9722 6.48936 36.677
      vertex 61.8417 20.0103 80.677
      vertex 61.8187 20.0861 80.677
    endloop
  endfacet
  facet normal -0.676718 -0.205302 0.707039
    outer loop
      vertex 61.8417 20.0103 80.677
      vertex 19.9722 6.48936 36.677
      vertex 20.2116 5.70025 36.677
    endloop
  endfacet
  facet normal -0.381275 0.595589 0.707039
    outer loop
      vertex 10.9725 -17.9054 36.677
      vertex 33.9624 -55.4216 80.677
      vertex 36.0453 -54.0882 80.677
    endloop
  endfacet
  facet normal -0.580165 0.404358 0.707038
    outer loop
      vertex 16.9894 -12.3435 36.677
      vertex 52.6314 -38.141 80.677
      vertex 17.4609 -11.667 36.677
    endloop
  endfacet
  facet normal -0.580178 0.40434 0.707038
    outer loop
      vertex 52.6314 -38.141 80.677
      vertex 16.9894 -12.3435 36.677
      vertex 52.5861 -38.206 80.677
    endloop
  endfacet
  facet normal -0.676727 0.205274 0.707038
    outer loop
      vertex 61.8417 -20.0103 80.677
      vertex 62.5596 -17.6436 80.677
      vertex 20.2116 -5.70025 36.677
    endloop
  endfacet
  facet normal 0.0693781 0.703763 0.707039
    outer loop
      vertex -2.46828 -20.8544 36.677
      vertex -7.56108 -64.5572 80.677
      vertex -1.64764 -20.9353 36.677
    endloop
  endfacet
  facet normal 0.0696151 0.703737 0.707041
    outer loop
      vertex -7.56108 -64.5572 80.677
      vertex -2.46828 -20.8544 36.677
      vertex -7.63993 -64.5494 80.677
    endloop
  endfacet
  facet normal -0.647909 0.283394 0.707037
    outer loop
      vertex 60.0204 -24.947 80.677
      vertex 50.6381 -23.3445 71.437
      vertex 59.0293 -27.2129 80.677
    endloop
  endfacet
  facet normal -0.647946 0.283272 0.707052
    outer loop
      vertex 60.0204 -24.947 80.677
      vertex 50.3504 -23.2026 71.1165
      vertex 50.6381 -23.3445 71.437
    endloop
  endfacet
  facet normal -0.64752 0.284677 0.706878
    outer loop
      vertex 60.0204 -24.947 80.677
      vertex 50.2743 -23.1768 71.0364
      vertex 50.3504 -23.2026 71.1165
    endloop
  endfacet
  facet normal -0.647916 0.283375 0.707039
    outer loop
      vertex 50.2743 -23.1768 71.0364
      vertex 60.0204 -24.947 80.677
      vertex 19.071 -8.79185 36.677
    endloop
  endfacet
  facet normal 0.0969066 -0.700504 0.707038
    outer loop
      vertex -3.28512 20.7415 36.677
      vertex -7.71841 64.5386 80.677
      vertex -10.1682 64.1997 80.677
    endloop
  endfacet
  facet normal 0.205274 0.676727 0.707038
    outer loop
      vertex -17.6436 -62.5596 80.677
      vertex -5.70025 -20.2116 36.677
      vertex -20.0103 -61.8417 80.677
    endloop
  endfacet
  facet normal 0.595848 -0.380879 0.707034
    outer loop
      vertex -54.0882 36.0453 80.677
      vertex -17.4609 11.667 36.677
      vertex -54.0455 36.1121 80.677
    endloop
  endfacet
  facet normal 0.595627 -0.381218 0.707037
    outer loop
      vertex -17.4609 11.667 36.677
      vertex -54.0882 36.0453 80.677
      vertex -17.9054 10.9725 36.677
    endloop
  endfacet
  facet normal 0.357577 0.61011 0.707039
    outer loop
      vertex -31.8287 -56.6722 80.677
      vertex -10.261 -18.3224 36.677
      vertex -10.9725 -17.9054 36.677
    endloop
  endfacet
  facet normal 0.357379 0.610224 0.707041
    outer loop
      vertex -10.261 -18.3224 36.677
      vertex -31.8287 -56.6722 80.677
      vertex -31.7604 -56.7122 80.677
    endloop
  endfacet
  facet normal 0.469721 0.528639 0.707038
    outer loop
      vertex -14.2548 -15.4208 36.677
      vertex -44.0628 -47.7836 80.677
      vertex -13.6384 -15.9685 36.677
    endloop
  endfacet
  facet normal 0.469711 0.528648 0.707038
    outer loop
      vertex -44.0628 -47.7836 80.677
      vertex -14.2548 -15.4208 36.677
      vertex -44.122 -47.731 80.677
    endloop
  endfacet
  facet normal 0.61011 0.357577 0.70704
    outer loop
      vertex -18.3224 -10.261 36.677
      vertex -47.6805 -26.9912 70.4714
      vertex -17.9054 -10.9725 36.677
    endloop
  endfacet
  facet normal 0.610044 0.357689 0.707039
    outer loop
      vertex -47.6805 -26.9912 70.4714
      vertex -18.3224 -10.261 36.677
      vertex -47.8504 -26.7975 70.52
    endloop
  endfacet
  facet normal -0.490096 -0.509804 0.70704
    outer loop
      vertex 14.8492 14.8492 36.677
      vertex 44.5931 47.2781 80.677
      vertex 44.1792 47.676 80.677
    endloop
  endfacet
  facet normal -0.490158 -0.509746 0.707039
    outer loop
      vertex 44.5931 47.2781 80.677
      vertex 14.8492 14.8492 36.677
      vertex 45.9619 45.9619 80.677
    endloop
  endfacet
  facet normal 0.404342 0.580176 0.707038
    outer loop
      vertex -11.667 -17.4609 36.677
      vertex -37.522 -53.0629 80.677
      vertex -36.1121 -54.0455 80.677
    endloop
  endfacet
  facet normal 0.404405 0.580131 0.707039
    outer loop
      vertex -37.522 -53.0629 80.677
      vertex -11.667 -17.4609 36.677
      vertex -38.141 -52.6314 80.677
    endloop
  endfacet
  facet normal -0.231716 0.668135 0.707038
    outer loop
      vertex 6.48936 -19.9722 36.677
      vertex 20.161 -61.7927 80.677
      vertex 7.26846 -19.702 36.677
    endloop
  endfacet
  facet normal -0.231907 0.668071 0.707036
    outer loop
      vertex 20.161 -61.7927 80.677
      vertex 6.48936 -19.9722 36.677
      vertex 20.0861 -61.8187 80.677
    endloop
  endfacet
  facet normal 0.0964084 -0.700568 0.707043
    outer loop
      vertex -7.71841 64.5386 80.677
      vertex -2.46828 20.8544 36.677
      vertex -7.63993 64.5494 80.677
    endloop
  endfacet
  facet normal 0.096822 -0.700514 0.70704
    outer loop
      vertex -2.46828 20.8544 36.677
      vertex -7.71841 64.5386 80.677
      vertex -3.28512 20.7415 36.677
    endloop
  endfacet
  facet normal 0.563851 0.426812 0.707038
    outer loop
      vertex -16.9894 -12.3435 36.677
      vertex -52.5383 -38.2692 80.677
      vertex -16.4917 -13.001 36.677
    endloop
  endfacet
  facet normal 0.563765 0.426929 0.707037
    outer loop
      vertex -16.9894 -12.3435 36.677
      vertex -52.5539 -38.2486 80.677
      vertex -52.5383 -38.2692 80.677
    endloop
  endfacet
  facet normal 0.564143 0.426418 0.707043
    outer loop
      vertex -52.5539 -38.2486 80.677
      vertex -16.9894 -12.3435 36.677
      vertex -52.5861 -38.206 80.677
    endloop
  endfacet
  facet normal 0.205274 -0.676727 0.707038
    outer loop
      vertex -5.70025 20.2116 36.677
      vertex -17.6436 62.5596 80.677
      vertex -20.0103 61.8417 80.677
    endloop
  endfacet
  facet normal -0.580178 -0.40434 0.707038
    outer loop
      vertex 16.9894 12.3435 36.677
      vertex 52.6314 38.141 80.677
      vertex 52.5861 38.206 80.677
    endloop
  endfacet
  facet normal -0.580165 -0.404358 0.707038
    outer loop
      vertex 52.6314 38.141 80.677
      vertex 16.9894 12.3435 36.677
      vertex 17.4609 11.667 36.677
    endloop
  endfacet
  facet normal 0.700504 -0.0969066 0.707038
    outer loop
      vertex -20.7415 3.28512 36.677
      vertex -64.1997 10.1682 80.677
      vertex -64.5386 7.71841 80.677
    endloop
  endfacet
  facet normal 0.595654 -0.381169 0.707041
    outer loop
      vertex -17.9054 10.9725 36.677
      vertex -48.4767 29.9272 72.6507
      vertex -48.4267 29.6759 72.4731
    endloop
  endfacet
  facet normal 0.595326 -0.381689 0.707036
    outer loop
      vertex -17.9054 10.9725 36.677
      vertex -48.5765 30.2213 72.8935
      vertex -48.4767 29.9272 72.6507
    endloop
  endfacet
  facet normal 0.595665 -0.381156 0.707039
    outer loop
      vertex -17.9054 10.9725 36.677
      vertex -48.7139 30.5 73.1595
      vertex -48.5765 30.2213 72.8935
    endloop
  endfacet
  facet normal 0.595839 -0.380881 0.70704
    outer loop
      vertex -17.9054 10.9725 36.677
      vertex -48.8865 30.7583 73.4441
      vertex -48.7139 30.5 73.1595
    endloop
  endfacet
  facet normal 0.595901 -0.380784 0.70704
    outer loop
      vertex -17.9054 10.9725 36.677
      vertex -49.0914 30.9919 73.7426
      vertex -48.8865 30.7583 73.4441
    endloop
  endfacet
  facet normal 0.59554 -0.381349 0.70704
    outer loop
      vertex -54.0882 36.0453 80.677
      vertex -49.0914 30.9919 73.7426
      vertex -17.9054 10.9725 36.677
    endloop
  endfacet
  facet normal 0.596774 -0.379825 0.706819
    outer loop
      vertex -49.0914 30.9919 73.7426
      vertex -54.0882 36.0453 80.677
      vertex -49.3249 31.1967 74.0498
    endloop
  endfacet
  facet normal 0.595659 -0.381137 0.707053
    outer loop
      vertex -50.7707 31.6875 75.5324
      vertex -52.7373 32.6563 77.7114
      vertex -51.0299 31.6705 75.7416
    endloop
  endfacet
  facet normal 0.59565 -0.381154 0.707052
    outer loop
      vertex -50.4607 31.6672 75.2603
      vertex -52.7373 32.6563 77.7114
      vertex -50.7707 31.6875 75.5324
    endloop
  endfacet
  facet normal 0.595469 -0.381417 0.707063
    outer loop
      vertex -54.0882 36.0453 80.677
      vertex -50.4607 31.6672 75.2603
      vertex -50.156 31.6066 74.971
    endloop
  endfacet
  facet normal 0.595839 -0.380987 0.706983
    outer loop
      vertex -54.0882 36.0453 80.677
      vertex -50.156 31.6066 74.971
      vertex -49.8619 31.5067 74.6693
    endloop
  endfacet
  facet normal 0.595838 -0.380977 0.706989
    outer loop
      vertex -49.3249 31.1967 74.0498
      vertex -54.0882 36.0453 80.677
      vertex -49.5832 31.3693 74.3605
    endloop
  endfacet
  facet normal 0.595318 -0.381608 0.707086
    outer loop
      vertex -54.0882 36.0453 80.677
      vertex -49.8619 31.5067 74.6693
      vertex -49.5832 31.3693 74.3605
    endloop
  endfacet
  facet normal 0.59557 -0.381304 0.707039
    outer loop
      vertex -50.4607 31.6672 75.2603
      vertex -54.0882 36.0453 80.677
      vertex -52.7373 32.6563 77.7114
    endloop
  endfacet
  facet normal 0.595616 -0.381268 0.707019
    outer loop
      vertex -52.7373 32.6563 77.7114
      vertex -54.0882 36.0453 80.677
      vertex -54.5247 35.3634 80.677
    endloop
  endfacet
  facet normal 0.205302 0.676718 0.707039
    outer loop
      vertex -6.48936 -19.9722 36.677
      vertex -20.0103 -61.8417 80.677
      vertex -5.70025 -20.2116 36.677
    endloop
  endfacet
  facet normal 0.205334 0.676708 0.707039
    outer loop
      vertex -20.0103 -61.8417 80.677
      vertex -6.48936 -19.9722 36.677
      vertex -20.0861 -61.8187 80.677
    endloop
  endfacet
  facet normal -0.668071 -0.231907 0.707036
    outer loop
      vertex 61.7927 20.161 80.677
      vertex 19.9722 6.48936 36.677
      vertex 61.8187 20.0861 80.677
    endloop
  endfacet
  facet normal -0.668135 -0.231716 0.707038
    outer loop
      vertex 19.9722 6.48936 36.677
      vertex 61.7927 20.161 80.677
      vertex 19.702 7.26846 36.677
    endloop
  endfacet
  facet normal 0.676727 0.205274 0.707038
    outer loop
      vertex -61.8417 -20.0103 80.677
      vertex -20.2116 -5.70025 36.677
      vertex -62.5596 -17.6436 80.677
    endloop
  endfacet
  facet normal -0.69075 0.151528 0.707039
    outer loop
      vertex 20.5965 -4.0969 36.677
      vertex 63.3095 -14.6935 80.677
      vertex 63.751 -12.6809 80.677
    endloop
  endfacet
  facet normal -0.690722 0.151647 0.70704
    outer loop
      vertex 63.3095 -14.6935 80.677
      vertex 20.5965 -4.0969 36.677
      vertex 63.221 -15.0966 80.677
    endloop
  endfacet
  facet normal -0.684293 -0.178434 0.707039
    outer loop
      vertex 63.184 15.2506 80.677
      vertex 20.4198 4.90235 36.677
      vertex 63.204 15.1739 80.677
    endloop
  endfacet
  facet normal -0.684264 -0.178548 0.707038
    outer loop
      vertex 20.4198 4.90235 36.677
      vertex 63.184 15.2506 80.677
      vertex 20.2116 5.70025 36.677
    endloop
  endfacet
  facet normal 0.0138928 0.707038 0.707039
    outer loop
      vertex -0.824455 -20.9838 36.677
      vertex -1.81032 -53.1783 68.8908
      vertex 0 -21 36.677
    endloop
  endfacet
  facet normal 0.0140213 0.707035 0.70704
    outer loop
      vertex -1.81032 -53.1783 68.8908
      vertex -0.824455 -20.9838 36.677
      vertex -2.0625 -53.3026 69.0201
    endloop
  endfacet
  facet normal 0.0129819 0.707064 0.70703
    outer loop
      vertex -2.0625 -53.3026 69.0201
      vertex -0.824455 -20.9838 36.677
      vertex -2.09512 -53.3244 69.0425
    endloop
  endfacet
  facet normal 0.65853 -0.25775 0.707038
    outer loop
      vertex -19.702 7.26846 36.677
      vertex -60.081 24.8006 80.677
      vertex -60.9824 22.4976 80.677
    endloop
  endfacet
  facet normal -0.283427 0.647894 0.707038
    outer loop
      vertex 8.03635 -19.4015 36.677
      vertex 24.947 -60.0204 80.677
      vertex 8.79185 -19.071 36.677
    endloop
  endfacet
  facet normal -0.283731 0.647764 0.707035
    outer loop
      vertex 24.947 -60.0204 80.677
      vertex 8.03635 -19.4015 36.677
      vertex 24.8744 -60.0522 80.677
    endloop
  endfacet
  facet normal -0.380879 0.595848 0.707034
    outer loop
      vertex 11.667 -17.4609 36.677
      vertex 36.0453 -54.0882 80.677
      vertex 36.1121 -54.0455 80.677
    endloop
  endfacet
  facet normal -0.381218 0.595627 0.707037
    outer loop
      vertex 36.0453 -54.0882 80.677
      vertex 11.667 -17.4609 36.677
      vertex 10.9725 -17.9054 36.677
    endloop
  endfacet
  facet normal 0.404358 0.580165 0.707038
    outer loop
      vertex -12.3435 -16.9894 36.677
      vertex -38.141 -52.6314 80.677
      vertex -11.667 -17.4609 36.677
    endloop
  endfacet
  facet normal 0.40434 0.580178 0.707038
    outer loop
      vertex -38.141 -52.6314 80.677
      vertex -12.3435 -16.9894 36.677
      vertex -38.206 -52.5861 80.677
    endloop
  endfacet
  facet normal 0.690749 0.151537 0.707038
    outer loop
      vertex -63.221 -15.0966 80.677
      vertex -20.4198 -4.90235 36.677
      vertex -20.5965 -4.0969 36.677
    endloop
  endfacet
  facet normal 0.690667 0.151893 0.707041
    outer loop
      vertex -20.4198 -4.90235 36.677
      vertex -63.221 -15.0966 80.677
      vertex -63.204 -15.1739 80.677
    endloop
  endfacet
  facet normal 0.231691 -0.668143 0.707039
    outer loop
      vertex -20.9004 61.5363 80.677
      vertex -7.26846 19.702 36.677
      vertex -20.161 61.7927 80.677
    endloop
  endfacet
  facet normal 0.231707 -0.668138 0.707039
    outer loop
      vertex -7.26846 19.702 36.677
      vertex -20.9004 61.5363 80.677
      vertex -22.4976 60.9824 80.677
    endloop
  endfacet
  facet normal -0.623671 -0.33336 0.70704
    outer loop
      vertex 54.407 30.326 77.9673
      vertex 57.9154 29.5094 80.677
      vertex 57.3834 30.5047 80.677
    endloop
  endfacet
  facet normal -0.62469 -0.331586 0.706975
    outer loop
      vertex 52.8275 29.375 76.1256
      vertex 54.407 30.326 77.9673
      vertex 52.849 29.4185 76.165
    endloop
  endfacet
  facet normal -0.623574 -0.333555 0.707034
    outer loop
      vertex 52.7458 29.2526 75.9958
      vertex 54.407 30.326 77.9673
      vertex 52.8275 29.375 76.1256
    endloop
  endfacet
  facet normal -0.623669 -0.333393 0.707026
    outer loop
      vertex 54.407 30.326 77.9673
      vertex 52.7458 29.2526 75.9958
      vertex 57.9154 29.5094 80.677
    endloop
  endfacet
  facet normal -0.623835 -0.332764 0.707176
    outer loop
      vertex 52.6487 29.142 75.8581
      vertex 57.9154 29.5094 80.677
      vertex 52.7458 29.2526 75.9958
    endloop
  endfacet
  facet normal -0.623457 -0.334127 0.706867
    outer loop
      vertex 52.5381 29.045 75.7147
      vertex 57.9154 29.5094 80.677
      vertex 52.6487 29.142 75.8581
    endloop
  endfacet
  facet normal -0.623547 -0.333816 0.706935
    outer loop
      vertex 52.4158 28.9632 75.5682
      vertex 57.9154 29.5094 80.677
      vertex 52.5381 29.045 75.7147
    endloop
  endfacet
  facet normal -0.623802 -0.33295 0.707117
    outer loop
      vertex 52.2838 28.8981 75.4211
      vertex 57.9154 29.5094 80.677
      vertex 52.4158 28.9632 75.5682
    endloop
  endfacet
  facet normal -0.624085 -0.33201 0.70731
    outer loop
      vertex 52.1444 28.8508 75.2759
      vertex 57.9154 29.5094 80.677
      vertex 52.2838 28.8981 75.4211
    endloop
  endfacet
  facet normal -0.623967 -0.332399 0.707232
    outer loop
      vertex 52.0001 28.8221 75.1351
      vertex 57.9154 29.5094 80.677
      vertex 52.1444 28.8508 75.2759
    endloop
  endfacet
  facet normal -0.623675 -0.333356 0.707039
    outer loop
      vertex 52.0001 28.8221 75.1351
      vertex 18.7111 9.5338 36.677
      vertex 57.9154 29.5094 80.677
    endloop
  endfacet
  facet normal -0.624108 -0.332576 0.707023
    outer loop
      vertex 51.8533 28.8125 75.001
      vertex 18.7111 9.5338 36.677
      vertex 52.0001 28.8221 75.1351
    endloop
  endfacet
  facet normal -0.622966 -0.334623 0.707065
    outer loop
      vertex 18.7111 9.5338 36.677
      vertex 51.8533 28.8125 75.001
      vertex 51.8132 28.8151 74.9669
    endloop
  endfacet
  facet normal -0.0969066 0.700504 0.707038
    outer loop
      vertex 7.71841 -64.5386 80.677
      vertex 10.1682 -64.1997 80.677
      vertex 3.28512 -20.7415 36.677
    endloop
  endfacet
  facet normal -0.65853 0.25775 0.707038
    outer loop
      vertex 60.081 -24.8006 80.677
      vertex 60.9824 -22.4976 80.677
      vertex 19.702 -7.26846 36.677
    endloop
  endfacet
  facet normal 0.124347 0.696156 0.707039
    outer loop
      vertex -4.0969 -20.5965 36.677
      vertex -12.6029 -63.765 80.677
      vertex -3.28512 -20.7415 36.677
    endloop
  endfacet
  facet normal 0.124931 0.696046 0.707044
    outer loop
      vertex -12.6029 -63.765 80.677
      vertex -4.0969 -20.5965 36.677
      vertex -12.6809 -63.751 80.677
    endloop
  endfacet
  facet normal -0.647764 -0.283731 0.707035
    outer loop
      vertex 60.0204 24.947 80.677
      vertex 19.4015 8.03635 36.677
      vertex 60.0522 24.8744 80.677
    endloop
  endfacet
  facet normal -0.647894 -0.283427 0.707038
    outer loop
      vertex 19.4015 8.03635 36.677
      vertex 60.0204 24.947 80.677
      vertex 19.071 8.79185 36.677
    endloop
  endfacet
  facet normal 0.696166 0.124296 0.707038
    outer loop
      vertex -20.7415 -3.28512 36.677
      vertex -64.1997 -10.1682 80.677
      vertex -63.765 -12.6029 80.677
    endloop
  endfacet
  facet normal -0.0129819 0.707064 0.70703
    outer loop
      vertex 0.824455 -20.9838 36.677
      vertex 2.0625 -53.3026 69.0201
      vertex 2.09512 -53.3244 69.0425
    endloop
  endfacet
  facet normal -0.0140213 0.707035 0.70704
    outer loop
      vertex 0.824455 -20.9838 36.677
      vertex 1.81032 -53.1783 68.8908
      vertex 2.0625 -53.3026 69.0201
    endloop
  endfacet
  facet normal -0.0138928 0.707038 0.707039
    outer loop
      vertex 1.81032 -53.1783 68.8908
      vertex 0.824455 -20.9838 36.677
      vertex 0 -21 36.677
    endloop
  endfacet
  facet normal -0.0415772 0.70595 0.70704
    outer loop
      vertex 1.64764 -20.9353 36.677
      vertex 2.09512 -53.3244 69.0425
      vertex 2.37552 -53.5118 69.2461
    endloop
  endfacet
  facet normal -0.0415928 0.70595 0.70704
    outer loop
      vertex 2.09512 -53.3244 69.0425
      vertex 1.64764 -20.9353 36.677
      vertex 0.824455 -20.9838 36.677
    endloop
  endfacet
  facet normal 0.676727 -0.205274 0.707038
    outer loop
      vertex -20.2116 5.70025 36.677
      vertex -61.8417 20.0103 80.677
      vertex -62.5596 17.6436 80.677
    endloop
  endfacet
  facet normal 0.676718 0.205302 0.707039
    outer loop
      vertex -61.8417 -20.0103 80.677
      vertex -19.9722 -6.48936 36.677
      vertex -20.2116 -5.70025 36.677
    endloop
  endfacet
  facet normal 0.676708 0.205334 0.707039
    outer loop
      vertex -19.9722 -6.48936 36.677
      vertex -61.8417 -20.0103 80.677
      vertex -61.8187 -20.0861 80.677
    endloop
  endfacet
  facet normal 0.178544 -0.684265 0.707038
    outer loop
      vertex -5.70025 20.2116 36.677
      vertex -15.2506 63.184 80.677
      vertex -17.6436 62.5596 80.677
    endloop
  endfacet
  facet normal -0.65853 -0.25775 0.707038
    outer loop
      vertex 60.9824 22.4976 80.677
      vertex 60.081 24.8006 80.677
      vertex 19.702 7.26846 36.677
    endloop
  endfacet
  facet normal -0.690722 -0.151647 0.70704
    outer loop
      vertex 20.5965 4.0969 36.677
      vertex 63.3095 14.6935 80.677
      vertex 63.221 15.0966 80.677
    endloop
  endfacet
  facet normal -0.69075 -0.151528 0.707039
    outer loop
      vertex 63.3095 14.6935 80.677
      vertex 20.5965 4.0969 36.677
      vertex 63.751 12.6809 80.677
    endloop
  endfacet
  facet normal 0.0693256 -0.703769 0.707038
    outer loop
      vertex -6.23378 64.6879 80.677
      vertex -1.64764 20.9353 36.677
      vertex -5.09984 64.7996 80.677
    endloop
  endfacet
  facet normal 0.0693008 -0.703772 0.707038
    outer loop
      vertex -1.64764 20.9353 36.677
      vertex -6.23378 64.6879 80.677
      vertex -7.56108 64.5572 80.677
    endloop
  endfacet
  facet normal -0.623662 0.333377 0.70704
    outer loop
      vertex 44.7652 -24.3136 66.6275
      vertex 18.7111 -9.5338 36.677
      vertex 44.5352 -24.5759 66.5483
    endloop
  endfacet
  facet normal -0.623685 0.333336 0.707039
    outer loop
      vertex 45.2692 -23.8716 66.8637
      vertex 18.7111 -9.5338 36.677
      vertex 44.7652 -24.3136 66.6275
    endloop
  endfacet
  facet normal -0.623652 0.333398 0.707039
    outer loop
      vertex 45.8267 -23.4991 67.1798
      vertex 18.7111 -9.5338 36.677
      vertex 45.2692 -23.8716 66.8637
    endloop
  endfacet
  facet normal -0.6238 0.333114 0.707042
    outer loop
      vertex 18.7111 -9.5338 36.677
      vertex 45.8267 -23.4991 67.1798
      vertex 45.9755 -23.4257 67.2765
    endloop
  endfacet
  facet normal 0.124296 0.696166 0.707038
    outer loop
      vertex -3.28512 -20.7415 36.677
      vertex -12.6029 -63.765 80.677
      vertex -10.1682 -64.1997 80.677
    endloop
  endfacet
  facet normal 0.381275 0.595589 0.707039
    outer loop
      vertex -10.9725 -17.9054 36.677
      vertex -36.0453 -54.0882 80.677
      vertex -33.9624 -55.4216 80.677
    endloop
  endfacet
  facet normal 0.703772 0.0693008 0.707038
    outer loop
      vertex -20.9353 -1.64764 36.677
      vertex -64.6879 -6.23378 80.677
      vertex -64.5572 -7.56108 80.677
    endloop
  endfacet
  facet normal 0.703769 0.0693256 0.707038
    outer loop
      vertex -64.6879 -6.23378 80.677
      vertex -20.9353 -1.64764 36.677
      vertex -64.7996 -5.09984 80.677
    endloop
  endfacet
  facet normal 0.70595 0.0415928 0.707039
    outer loop
      vertex -20.9838 -0.824455 36.677
      vertex -64.9452 -2.63098 80.677
      vertex -20.9353 -1.64764 36.677
    endloop
  endfacet
  facet normal 0.705933 0.0419507 0.707036
    outer loop
      vertex -64.9452 -2.63098 80.677
      vertex -20.9838 -0.824455 36.677
      vertex -64.9499 -2.55189 80.677
    endloop
  endfacet
  facet normal -0.647908 -0.283394 0.707039
    outer loop
      vertex 60.0204 24.947 80.677
      vertex 59.0293 27.2129 80.677
      vertex 19.071 8.79185 36.677
    endloop
  endfacet
  facet normal 0.705949 0.041633 0.707038
    outer loop
      vertex -64.7996 -5.09984 80.677
      vertex -20.9353 -1.64764 36.677
      vertex -64.9452 -2.63098 80.677
    endloop
  endfacet
  facet normal -0.564143 0.426418 0.707043
    outer loop
      vertex 16.9894 -12.3435 36.677
      vertex 52.5539 -38.2486 80.677
      vertex 52.5861 -38.206 80.677
    endloop
  endfacet
  facet normal -0.563765 0.426929 0.707037
    outer loop
      vertex 16.9894 -12.3435 36.677
      vertex 52.5383 -38.2692 80.677
      vertex 52.5539 -38.2486 80.677
    endloop
  endfacet
  facet normal -0.563851 0.426812 0.707038
    outer loop
      vertex 52.5383 -38.2692 80.677
      vertex 16.9894 -12.3435 36.677
      vertex 16.4917 -13.001 36.677
    endloop
  endfacet
  facet normal -0.25775 -0.65853 0.707038
    outer loop
      vertex 24.8006 60.081 80.677
      vertex 22.4976 60.9824 80.677
      vertex 7.26846 19.702 36.677
    endloop
  endfacet
  facet normal -0.449021 0.546324 0.707044
    outer loop
      vertex 13.6384 -15.9685 36.677
      vertex 42.1529 -49.4767 80.677
      vertex 42.2141 -49.4264 80.677
    endloop
  endfacet
  facet normal -0.448677 0.546611 0.70704
    outer loop
      vertex 42.1529 -49.4767 80.677
      vertex 13.6384 -15.9685 36.677
      vertex 13.001 -16.4917 36.677
    endloop
  endfacet
  facet normal -0.612567 0.353461 0.706984
    outer loop
      vertex 43.4388 -26.611 66.619
      vertex 17.9054 -10.9725 36.677
      vertex 43.4373 -26.6184 66.6214
    endloop
  endfacet
  facet normal -0.610103 0.35759 0.707039
    outer loop
      vertex 43.6543 -25.9762 66.4839
      vertex 17.9054 -10.9725 36.677
      vertex 43.4388 -26.611 66.619
    endloop
  endfacet
  facet normal -0.610056 0.35767 0.707039
    outer loop
      vertex 43.9508 -25.375 66.4356
      vertex 17.9054 -10.9725 36.677
      vertex 43.6543 -25.9762 66.4839
    endloop
  endfacet
  facet normal -0.610202 0.357413 0.707043
    outer loop
      vertex 17.9054 -10.9725 36.677
      vertex 43.9508 -25.375 66.4356
      vertex 44.1426 -25.0879 66.456
    endloop
  endfacet
  facet normal 0.426822 -0.563844 0.707038
    outer loop
      vertex -13.001 16.4917 36.677
      vertex -38.2692 52.5383 80.677
      vertex -40.2411 51.0456 80.677
    endloop
  endfacet
  facet normal 0.647894 -0.283427 0.707038
    outer loop
      vertex -60.0204 24.947 80.677
      vertex -19.4015 8.03635 36.677
      vertex -19.071 8.79185 36.677
    endloop
  endfacet
  facet normal 0.647764 -0.283731 0.707035
    outer loop
      vertex -60.0204 24.947 80.677
      vertex -60.0522 24.8744 80.677
      vertex -19.4015 8.03635 36.677
    endloop
  endfacet
  facet normal 0.668138 0.231707 0.707039
    outer loop
      vertex -19.702 -7.26846 36.677
      vertex -61.5363 -20.9004 80.677
      vertex -60.9824 -22.4976 80.677
    endloop
  endfacet
  facet normal 0.668143 0.231691 0.707039
    outer loop
      vertex -61.5363 -20.9004 80.677
      vertex -19.702 -7.26846 36.677
      vertex -61.7927 -20.161 80.677
    endloop
  endfacet
  facet normal 0.308741 -0.636221 0.707037
    outer loop
      vertex -27.2842 58.9947 80.677
      vertex -8.79185 19.071 36.677
      vertex -27.2129 59.0293 80.677
    endloop
  endfacet
  facet normal 0.308638 -0.63627 0.707038
    outer loop
      vertex -8.79185 19.071 36.677
      vertex -27.2842 58.9947 80.677
      vertex -9.5338 18.7111 36.677
    endloop
  endfacet
  facet normal 0.0419184 0.705936 0.707034
    outer loop
      vertex -1.64764 -20.9353 36.677
      vertex -2.51114 -53.6024 69.3446
      vertex -2.37552 -53.5118 69.2461
    endloop
  endfacet
  facet normal 0.0415635 0.705952 0.707039
    outer loop
      vertex -1.64764 -20.9353 36.677
      vertex -2.91681 -53.9582 69.7237
      vertex -2.51114 -53.6024 69.3446
    endloop
  endfacet
  facet normal 0.0417932 0.70594 0.707037
    outer loop
      vertex -1.64764 -20.9353 36.677
      vertex -3.27257 -54.3638 70.1497
      vertex -2.91681 -53.9582 69.7237
    endloop
  endfacet
  facet normal 0.0414791 0.705957 0.707039
    outer loop
      vertex -1.64764 -20.9353 36.677
      vertex -3.57234 -54.8125 70.6153
      vertex -3.27257 -54.3638 70.1497
    endloop
  endfacet
  facet normal 0.0416113 0.70595 0.707039
    outer loop
      vertex -1.64764 -20.9353 36.677
      vertex -3.81099 -55.2964 71.1125
      vertex -3.57234 -54.8125 70.6153
    endloop
  endfacet
  facet normal 0.0415059 0.705956 0.707038
    outer loop
      vertex -1.64764 -20.9353 36.677
      vertex -3.98444 -55.8074 71.6329
      vertex -3.81099 -55.2964 71.1125
    endloop
  endfacet
  facet normal 0.0418128 0.705937 0.70704
    outer loop
      vertex -1.64764 -20.9353 36.677
      vertex -4.08971 -56.3366 72.1675
      vertex -3.98444 -55.8074 71.6329
    endloop
  endfacet
  facet normal 0.0429098 0.705837 0.707074
    outer loop
      vertex -5.09984 -64.7996 80.677
      vertex -4.125 -56.875 72.7071
      vertex -4.08971 -56.3366 72.1675
    endloop
  endfacet
  facet normal 0.0417525 0.705941 0.707039
    outer loop
      vertex -5.09984 -64.7996 80.677
      vertex -4.08971 -56.3366 72.1675
      vertex -1.64764 -20.9353 36.677
    endloop
  endfacet
  facet normal 0.0416633 0.705951 0.707034
    outer loop
      vertex -4.125 -56.875 72.7071
      vertex -5.09984 -64.7996 80.677
      vertex -4.8084 -64.8168 80.677
    endloop
  endfacet
  facet normal 0.0414526 0.705957 0.707041
    outer loop
      vertex -3.57234 -58.9375 74.7339
      vertex -3.39999 -62 77.7816
      vertex -3.39999 -59.1954 74.9813
    endloop
  endfacet
  facet normal 0.0416741 0.705957 0.707028
    outer loop
      vertex -3.81099 -58.4536 74.2648
      vertex -3.39999 -62 77.7816
      vertex -3.57234 -58.9375 74.7339
    endloop
  endfacet
  facet normal 0.0419269 0.705921 0.707048
    outer loop
      vertex -4.8084 -64.8168 80.677
      vertex -3.81099 -58.4536 74.2648
      vertex -3.98444 -57.9426 73.7649
    endloop
  endfacet
  facet normal 0.0411457 0.705991 0.707025
    outer loop
      vertex -4.8084 -64.8168 80.677
      vertex -3.98444 -57.9426 73.7649
      vertex -4.08971 -57.4134 73.2426
    endloop
  endfacet
  facet normal 0.0416147 0.705955 0.707033
    outer loop
      vertex -3.81099 -58.4536 74.2648
      vertex -4.8084 -64.8168 80.677
      vertex -3.39999 -62 77.7816
    endloop
  endfacet
  facet normal 0.0416233 0.705954 0.707034
    outer loop
      vertex -4.8084 -64.8168 80.677
      vertex -4.08971 -57.4134 73.2426
      vertex -4.125 -56.875 72.7071
    endloop
  endfacet
  facet normal 0.580178 -0.40434 0.707038
    outer loop
      vertex -52.6314 38.141 80.677
      vertex -16.9894 12.3435 36.677
      vertex -52.5861 38.206 80.677
    endloop
  endfacet
  facet normal 0.580165 -0.404358 0.707038
    outer loop
      vertex -16.9894 12.3435 36.677
      vertex -52.6314 38.141 80.677
      vertex -17.4609 11.667 36.677
    endloop
  endfacet
  facet normal 0.426822 0.563844 0.707038
    outer loop
      vertex -38.2692 -52.5383 80.677
      vertex -13.001 -16.4917 36.677
      vertex -40.2411 -51.0456 80.677
    endloop
  endfacet
  facet normal 0 0 1
    outer loop
      vertex 15 0 36.677
      vertex 21 0 36.677
      vertex 20.9838 0.824455 36.677
    endloop
  endfacet
  facet normal 0 0 1
    outer loop
      vertex 14.9884 0.588897 36.677
      vertex 20.9838 0.824455 36.677
      vertex 20.9353 1.64764 36.677
    endloop
  endfacet
  facet normal 0 0 1
    outer loop
      vertex 21 0 36.677
      vertex 15 0 36.677
      vertex 20.9838 -0.824455 36.677
    endloop
  endfacet
  facet normal 0 0 1
    outer loop
      vertex 14.9538 1.17689 36.677
      vertex 20.9353 1.64764 36.677
      vertex 20.8544 2.46828 36.677
    endloop
  endfacet
  facet normal -0 0 1
    outer loop
      vertex 14.9884 -0.588897 36.677
      vertex 20.9838 -0.824455 36.677
      vertex 15 0 36.677
    endloop
  endfacet
  facet normal 0 0 1
    outer loop
      vertex 14.896 1.76306 36.677
      vertex 20.8544 2.46828 36.677
      vertex 20.7415 3.28512 36.677
    endloop
  endfacet
  facet normal 0 0 1
    outer loop
      vertex 20.9838 -0.824455 36.677
      vertex 14.9884 -0.588897 36.677
      vertex 20.9353 -1.64764 36.677
    endloop
  endfacet
  facet normal 0 0 1
    outer loop
      vertex 14.8153 2.34652 36.677
      vertex 20.7415 3.28512 36.677
      vertex 20.5965 4.0969 36.677
    endloop
  endfacet
  facet normal -0 0 1
    outer loop
      vertex 14.9538 -1.17689 36.677
      vertex 20.9353 -1.64764 36.677
      vertex 14.9884 -0.588897 36.677
    endloop
  endfacet
  facet normal 0 0 1
    outer loop
      vertex 14.7118 2.92635 36.677
      vertex 20.5965 4.0969 36.677
      vertex 20.4198 4.90235 36.677
    endloop
  endfacet
  facet normal 0 0 1
    outer loop
      vertex 20.9353 -1.64764 36.677
      vertex 14.9538 -1.17689 36.677
      vertex 20.8544 -2.46828 36.677
    endloop
  endfacet
  facet normal 0 0 1
    outer loop
      vertex 14.5855 3.50168 36.677
      vertex 20.4198 4.90235 36.677
      vertex 20.2116 5.70025 36.677
    endloop
  endfacet
  facet normal -0 0 1
    outer loop
      vertex 14.896 -1.76306 36.677
      vertex 20.8544 -2.46828 36.677
      vertex 14.9538 -1.17689 36.677
    endloop
  endfacet
  facet normal 0 0 1
    outer loop
      vertex 14.4368 4.07161 36.677
      vertex 20.2116 5.70025 36.677
      vertex 19.9722 6.48936 36.677
    endloop
  endfacet
  facet normal 0 0 1
    outer loop
      vertex 20.8544 -2.46828 36.677
      vertex 14.896 -1.76306 36.677
      vertex 20.7415 -3.28512 36.677
    endloop
  endfacet
  facet normal 0 0 1
    outer loop
      vertex 14.2658 4.63525 36.677
      vertex 19.9722 6.48936 36.677
      vertex 19.702 7.26846 36.677
    endloop
  endfacet
  facet normal -0 0 1
    outer loop
      vertex 14.8153 -2.34652 36.677
      vertex 20.7415 -3.28512 36.677
      vertex 14.896 -1.76306 36.677
    endloop
  endfacet
  facet normal 0 0 1
    outer loop
      vertex 14.0729 5.19176 36.677
      vertex 19.702 7.26846 36.677
      vertex 19.4015 8.03635 36.677
    endloop
  endfacet
  facet normal 0 0 1
    outer loop
      vertex 20.7415 -3.28512 36.677
      vertex 14.8153 -2.34652 36.677
      vertex 20.5965 -4.0969 36.677
    endloop
  endfacet
  facet normal 0 0 1
    outer loop
      vertex 13.8582 5.74025 36.677
      vertex 19.4015 8.03635 36.677
      vertex 19.071 8.79185 36.677
    endloop
  endfacet
  facet normal -0 0 1
    outer loop
      vertex 14.7118 -2.92635 36.677
      vertex 20.5965 -4.0969 36.677
      vertex 14.8153 -2.34652 36.677
    endloop
  endfacet
  facet normal 0 0 1
    outer loop
      vertex 13.6221 6.2799 36.677
      vertex 19.071 8.79185 36.677
      vertex 18.7111 9.5338 36.677
    endloop
  endfacet
  facet normal 0 0 1
    outer loop
      vertex 20.5965 -4.0969 36.677
      vertex 14.7118 -2.92635 36.677
      vertex 20.4198 -4.90235 36.677
    endloop
  endfacet
  facet normal 0 0 1
    outer loop
      vertex 13.3651 6.80986 36.677
      vertex 18.7111 9.5338 36.677
      vertex 18.3224 10.261 36.677
    endloop
  endfacet
  facet normal -0 0 1
    outer loop
      vertex 14.5855 -3.50168 36.677
      vertex 20.4198 -4.90235 36.677
      vertex 14.7118 -2.92635 36.677
    endloop
  endfacet
  facet normal 0 0 1
    outer loop
      vertex 13.0874 7.32932 36.677
      vertex 18.3224 10.261 36.677
      vertex 17.9054 10.9725 36.677
    endloop
  endfacet
  facet normal 0 0 1
    outer loop
      vertex 20.4198 -4.90235 36.677
      vertex 14.5855 -3.50168 36.677
      vertex 20.2116 -5.70025 36.677
    endloop
  endfacet
  facet normal 0 0 1
    outer loop
      vertex 12.7896 7.83748 36.677
      vertex 17.9054 10.9725 36.677
      vertex 17.4609 11.667 36.677
    endloop
  endfacet
  facet normal -0 0 1
    outer loop
      vertex 14.4368 -4.07161 36.677
      vertex 20.2116 -5.70025 36.677
      vertex 14.5855 -3.50168 36.677
    endloop
  endfacet
  facet normal 0 0 1
    outer loop
      vertex 12.472 8.33355 36.677
      vertex 17.4609 11.667 36.677
      vertex 16.9894 12.3435 36.677
    endloop
  endfacet
  facet normal 0 0 1
    outer loop
      vertex 20.2116 -5.70025 36.677
      vertex 14.4368 -4.07161 36.677
      vertex 19.9722 -6.48936 36.677
    endloop
  endfacet
  facet normal 0 0 1
    outer loop
      vertex 12.1353 8.81678 36.677
      vertex 16.9894 12.3435 36.677
      vertex 16.4917 13.001 36.677
    endloop
  endfacet
  facet normal -0 0 1
    outer loop
      vertex 14.2658 -4.63525 36.677
      vertex 19.9722 -6.48936 36.677
      vertex 14.4368 -4.07161 36.677
    endloop
  endfacet
  facet normal 0 0 1
    outer loop
      vertex 11.7798 9.28641 36.677
      vertex 16.4917 13.001 36.677
      vertex 15.9685 13.6384 36.677
    endloop
  endfacet
  facet normal 0 0 1
    outer loop
      vertex 19.9722 -6.48936 36.677
      vertex 14.2658 -4.63525 36.677
      vertex 19.702 -7.26846 36.677
    endloop
  endfacet
  facet normal 0 0 1
    outer loop
      vertex 11.4061 9.74172 36.677
      vertex 15.9685 13.6384 36.677
      vertex 15.4208 14.2548 36.677
    endloop
  endfacet
  facet normal -0 0 1
    outer loop
      vertex 14.0729 -5.19176 36.677
      vertex 19.702 -7.26846 36.677
      vertex 14.2658 -4.63525 36.677
    endloop
  endfacet
  facet normal 0 0 1
    outer loop
      vertex 19.702 -7.26846 36.677
      vertex 14.0729 -5.19176 36.677
      vertex 19.4015 -8.03635 36.677
    endloop
  endfacet
  facet normal 0 0 1
    outer loop
      vertex 20.9838 0.824455 36.677
      vertex 14.9884 0.588897 36.677
      vertex 15 0 36.677
    endloop
  endfacet
  facet normal 0 0 1
    outer loop
      vertex 20.9353 1.64764 36.677
      vertex 14.9538 1.17689 36.677
      vertex 14.9884 0.588897 36.677
    endloop
  endfacet
  facet normal 0 0 1
    outer loop
      vertex 20.8544 2.46828 36.677
      vertex 14.896 1.76306 36.677
      vertex 14.9538 1.17689 36.677
    endloop
  endfacet
  facet normal 0 0 1
    outer loop
      vertex 11.0148 10.182 36.677
      vertex 15.4208 14.2548 36.677
      vertex 14.8492 14.8492 36.677
    endloop
  endfacet
  facet normal 0 0 1
    outer loop
      vertex 20.7415 3.28512 36.677
      vertex 14.8153 2.34652 36.677
      vertex 14.896 1.76306 36.677
    endloop
  endfacet
  facet normal 0 0 1
    outer loop
      vertex 20.5965 4.0969 36.677
      vertex 14.7118 2.92635 36.677
      vertex 14.8153 2.34652 36.677
    endloop
  endfacet
  facet normal 0 0 1
    outer loop
      vertex 20.4198 4.90235 36.677
      vertex 14.5855 3.50168 36.677
      vertex 14.7118 2.92635 36.677
    endloop
  endfacet
  facet normal 0 0 1
    outer loop
      vertex 20.2116 5.70025 36.677
      vertex 14.4368 4.07161 36.677
      vertex 14.5855 3.50168 36.677
    endloop
  endfacet
  facet normal 0 0 1
    outer loop
      vertex 19.9722 6.48936 36.677
      vertex 14.2658 4.63525 36.677
      vertex 14.4368 4.07161 36.677
    endloop
  endfacet
  facet normal 0 0 1
    outer loop
      vertex 10.6066 10.6066 36.677
      vertex 14.8492 14.8492 36.677
      vertex 14.2548 15.4208 36.677
    endloop
  endfacet
  facet normal 0 0 1
    outer loop
      vertex 19.702 7.26846 36.677
      vertex 14.0729 5.19176 36.677
      vertex 14.2658 4.63525 36.677
    endloop
  endfacet
  facet normal 0 0 1
    outer loop
      vertex 19.4015 8.03635 36.677
      vertex 13.8582 5.74025 36.677
      vertex 14.0729 5.19176 36.677
    endloop
  endfacet
  facet normal 0 0 1
    outer loop
      vertex 10.182 11.0148 36.677
      vertex 14.2548 15.4208 36.677
      vertex 13.6384 15.9685 36.677
    endloop
  endfacet
  facet normal 0 0 1
    outer loop
      vertex 19.071 8.79185 36.677
      vertex 13.6221 6.2799 36.677
      vertex 13.8582 5.74025 36.677
    endloop
  endfacet
  facet normal 0 0 1
    outer loop
      vertex 18.7111 9.5338 36.677
      vertex 13.3651 6.80986 36.677
      vertex 13.6221 6.2799 36.677
    endloop
  endfacet
  facet normal 0 0 1
    outer loop
      vertex 18.3224 10.261 36.677
      vertex 13.0874 7.32932 36.677
      vertex 13.3651 6.80986 36.677
    endloop
  endfacet
  facet normal 0 0 1
    outer loop
      vertex 9.74172 11.4061 36.677
      vertex 13.6384 15.9685 36.677
      vertex 13.001 16.4917 36.677
    endloop
  endfacet
  facet normal 0 0 1
    outer loop
      vertex 17.9054 10.9725 36.677
      vertex 12.7896 7.83748 36.677
      vertex 13.0874 7.32932 36.677
    endloop
  endfacet
  facet normal 0 0 1
    outer loop
      vertex 17.4609 11.667 36.677
      vertex 12.472 8.33355 36.677
      vertex 12.7896 7.83748 36.677
    endloop
  endfacet
  facet normal 0 0 1
    outer loop
      vertex 9.28641 11.7798 36.677
      vertex 13.001 16.4917 36.677
      vertex 12.3435 16.9894 36.677
    endloop
  endfacet
  facet normal 0 0 1
    outer loop
      vertex 16.9894 12.3435 36.677
      vertex 12.1353 8.81678 36.677
      vertex 12.472 8.33355 36.677
    endloop
  endfacet
  facet normal 0 0 1
    outer loop
      vertex 16.4917 13.001 36.677
      vertex 11.7798 9.28641 36.677
      vertex 12.1353 8.81678 36.677
    endloop
  endfacet
  facet normal 0 0 1
    outer loop
      vertex 8.81678 12.1353 36.677
      vertex 12.3435 16.9894 36.677
      vertex 11.667 17.4609 36.677
    endloop
  endfacet
  facet normal 0 0 1
    outer loop
      vertex 15.9685 13.6384 36.677
      vertex 11.4061 9.74172 36.677
      vertex 11.7798 9.28641 36.677
    endloop
  endfacet
  facet normal 0 0 1
    outer loop
      vertex 15.4208 14.2548 36.677
      vertex 11.0148 10.182 36.677
      vertex 11.4061 9.74172 36.677
    endloop
  endfacet
  facet normal 0 0 1
    outer loop
      vertex 8.33355 12.472 36.677
      vertex 11.667 17.4609 36.677
      vertex 10.9725 17.9054 36.677
    endloop
  endfacet
  facet normal 0 0 1
    outer loop
      vertex 14.8492 14.8492 36.677
      vertex 10.6066 10.6066 36.677
      vertex 11.0148 10.182 36.677
    endloop
  endfacet
  facet normal 0 0 1
    outer loop
      vertex 7.83748 12.7896 36.677
      vertex 10.9725 17.9054 36.677
      vertex 10.261 18.3224 36.677
    endloop
  endfacet
  facet normal 0 0 1
    outer loop
      vertex 14.2548 15.4208 36.677
      vertex 10.182 11.0148 36.677
      vertex 10.6066 10.6066 36.677
    endloop
  endfacet
  facet normal 0 0 1
    outer loop
      vertex 13.6384 15.9685 36.677
      vertex 9.74172 11.4061 36.677
      vertex 10.182 11.0148 36.677
    endloop
  endfacet
  facet normal 0 0 1
    outer loop
      vertex 7.32932 13.0874 36.677
      vertex 10.261 18.3224 36.677
      vertex 9.5338 18.7111 36.677
    endloop
  endfacet
  facet normal 0 0 1
    outer loop
      vertex 13.001 16.4917 36.677
      vertex 9.28641 11.7798 36.677
      vertex 9.74172 11.4061 36.677
    endloop
  endfacet
  facet normal 0 0 1
    outer loop
      vertex 12.3435 16.9894 36.677
      vertex 8.81678 12.1353 36.677
      vertex 9.28641 11.7798 36.677
    endloop
  endfacet
  facet normal 0 0 1
    outer loop
      vertex 6.80986 13.3651 36.677
      vertex 9.5338 18.7111 36.677
      vertex 8.79185 19.071 36.677
    endloop
  endfacet
  facet normal 0 0 1
    outer loop
      vertex 11.667 17.4609 36.677
      vertex 8.33355 12.472 36.677
      vertex 8.81678 12.1353 36.677
    endloop
  endfacet
  facet normal 0 0 1
    outer loop
      vertex 6.2799 13.6221 36.677
      vertex 8.79185 19.071 36.677
      vertex 8.03635 19.4015 36.677
    endloop
  endfacet
  facet normal 0 0 1
    outer loop
      vertex 10.9725 17.9054 36.677
      vertex 7.83748 12.7896 36.677
      vertex 8.33355 12.472 36.677
    endloop
  endfacet
  facet normal 0 0 1
    outer loop
      vertex 10.261 18.3224 36.677
      vertex 7.32932 13.0874 36.677
      vertex 7.83748 12.7896 36.677
    endloop
  endfacet
  facet normal 0 0 1
    outer loop
      vertex 5.74025 13.8582 36.677
      vertex 8.03635 19.4015 36.677
      vertex 7.26846 19.702 36.677
    endloop
  endfacet
  facet normal 0 0 1
    outer loop
      vertex 9.5338 18.7111 36.677
      vertex 6.80986 13.3651 36.677
      vertex 7.32932 13.0874 36.677
    endloop
  endfacet
  facet normal 0 0 1
    outer loop
      vertex 5.19176 14.0729 36.677
      vertex 7.26846 19.702 36.677
      vertex 6.48936 19.9722 36.677
    endloop
  endfacet
  facet normal 0 0 1
    outer loop
      vertex 8.79185 19.071 36.677
      vertex 6.2799 13.6221 36.677
      vertex 6.80986 13.3651 36.677
    endloop
  endfacet
  facet normal 0 0 1
    outer loop
      vertex 8.03635 19.4015 36.677
      vertex 5.74025 13.8582 36.677
      vertex 6.2799 13.6221 36.677
    endloop
  endfacet
  facet normal 0 0 1
    outer loop
      vertex 4.63525 14.2658 36.677
      vertex 6.48936 19.9722 36.677
      vertex 5.70025 20.2116 36.677
    endloop
  endfacet
  facet normal 0 0 1
    outer loop
      vertex 7.26846 19.702 36.677
      vertex 5.19176 14.0729 36.677
      vertex 5.74025 13.8582 36.677
    endloop
  endfacet
  facet normal 0 0 1
    outer loop
      vertex 4.07161 14.4368 36.677
      vertex 5.70025 20.2116 36.677
      vertex 4.90235 20.4198 36.677
    endloop
  endfacet
  facet normal 0 0 1
    outer loop
      vertex 6.48936 19.9722 36.677
      vertex 4.63525 14.2658 36.677
      vertex 5.19176 14.0729 36.677
    endloop
  endfacet
  facet normal 0 0 1
    outer loop
      vertex 3.50168 14.5855 36.677
      vertex 4.90235 20.4198 36.677
      vertex 4.0969 20.5965 36.677
    endloop
  endfacet
  facet normal 0 0 1
    outer loop
      vertex 5.70025 20.2116 36.677
      vertex 4.07161 14.4368 36.677
      vertex 4.63525 14.2658 36.677
    endloop
  endfacet
  facet normal 0 0 1
    outer loop
      vertex 4.90235 20.4198 36.677
      vertex 3.50168 14.5855 36.677
      vertex 4.07161 14.4368 36.677
    endloop
  endfacet
  facet normal 0 0 1
    outer loop
      vertex 2.92635 14.7118 36.677
      vertex 4.0969 20.5965 36.677
      vertex 3.28512 20.7415 36.677
    endloop
  endfacet
  facet normal 0 0 1
    outer loop
      vertex 4.0969 20.5965 36.677
      vertex 2.92635 14.7118 36.677
      vertex 3.50168 14.5855 36.677
    endloop
  endfacet
  facet normal 0 0 1
    outer loop
      vertex 2.34652 14.8153 36.677
      vertex 3.28512 20.7415 36.677
      vertex 2.46828 20.8544 36.677
    endloop
  endfacet
  facet normal 0 0 1
    outer loop
      vertex 3.28512 20.7415 36.677
      vertex 2.34652 14.8153 36.677
      vertex 2.92635 14.7118 36.677
    endloop
  endfacet
  facet normal 0 0 1
    outer loop
      vertex 2.46828 20.8544 36.677
      vertex 1.76306 14.896 36.677
      vertex 2.34652 14.8153 36.677
    endloop
  endfacet
  facet normal 0 0 1
    outer loop
      vertex 1.64764 20.9353 36.677
      vertex 1.76306 14.896 36.677
      vertex 2.46828 20.8544 36.677
    endloop
  endfacet
  facet normal 0 0 1
    outer loop
      vertex 1.64764 20.9353 36.677
      vertex 1.17689 14.9538 36.677
      vertex 1.76306 14.896 36.677
    endloop
  endfacet
  facet normal 0 0 1
    outer loop
      vertex 0.824455 20.9838 36.677
      vertex 1.17689 14.9538 36.677
      vertex 1.64764 20.9353 36.677
    endloop
  endfacet
  facet normal 0 0 1
    outer loop
      vertex 0.824455 20.9838 36.677
      vertex 0.588897 14.9884 36.677
      vertex 1.17689 14.9538 36.677
    endloop
  endfacet
  facet normal 0 0 1
    outer loop
      vertex 0 21 36.677
      vertex 0.588897 14.9884 36.677
      vertex 0.824455 20.9838 36.677
    endloop
  endfacet
  facet normal 0 0 1
    outer loop
      vertex 0 21 36.677
      vertex 0 15 36.677
      vertex 0.588897 14.9884 36.677
    endloop
  endfacet
  facet normal 0 0 1
    outer loop
      vertex 0 21 36.677
      vertex -0.588897 14.9884 36.677
      vertex 0 15 36.677
    endloop
  endfacet
  facet normal -0 0 1
    outer loop
      vertex -0.824455 20.9838 36.677
      vertex -0.588897 14.9884 36.677
      vertex 0 21 36.677
    endloop
  endfacet
  facet normal 0 0 1
    outer loop
      vertex -0.824455 20.9838 36.677
      vertex -1.17689 14.9538 36.677
      vertex -0.588897 14.9884 36.677
    endloop
  endfacet
  facet normal -0 0 1
    outer loop
      vertex -1.64764 20.9353 36.677
      vertex -1.17689 14.9538 36.677
      vertex -0.824455 20.9838 36.677
    endloop
  endfacet
  facet normal 0 0 1
    outer loop
      vertex -1.64764 20.9353 36.677
      vertex -1.76306 14.896 36.677
      vertex -1.17689 14.9538 36.677
    endloop
  endfacet
  facet normal -0 0 1
    outer loop
      vertex -2.46828 20.8544 36.677
      vertex -1.76306 14.896 36.677
      vertex -1.64764 20.9353 36.677
    endloop
  endfacet
  facet normal 0 0 1
    outer loop
      vertex -1.76306 14.896 36.677
      vertex -2.46828 20.8544 36.677
      vertex -2.34652 14.8153 36.677
    endloop
  endfacet
  facet normal -0 0 1
    outer loop
      vertex -3.28512 20.7415 36.677
      vertex -2.34652 14.8153 36.677
      vertex -2.46828 20.8544 36.677
    endloop
  endfacet
  facet normal 0 0 1
    outer loop
      vertex -2.34652 14.8153 36.677
      vertex -3.28512 20.7415 36.677
      vertex -2.92635 14.7118 36.677
    endloop
  endfacet
  facet normal -0 0 1
    outer loop
      vertex -4.0969 20.5965 36.677
      vertex -2.92635 14.7118 36.677
      vertex -3.28512 20.7415 36.677
    endloop
  endfacet
  facet normal 0 0 1
    outer loop
      vertex -2.92635 14.7118 36.677
      vertex -4.0969 20.5965 36.677
      vertex -3.50168 14.5855 36.677
    endloop
  endfacet
  facet normal -0 0 1
    outer loop
      vertex -4.90235 20.4198 36.677
      vertex -3.50168 14.5855 36.677
      vertex -4.0969 20.5965 36.677
    endloop
  endfacet
  facet normal 0 0 1
    outer loop
      vertex -3.50168 14.5855 36.677
      vertex -4.90235 20.4198 36.677
      vertex -4.07161 14.4368 36.677
    endloop
  endfacet
  facet normal -0 0 1
    outer loop
      vertex -5.70025 20.2116 36.677
      vertex -4.07161 14.4368 36.677
      vertex -4.90235 20.4198 36.677
    endloop
  endfacet
  facet normal 0 0 1
    outer loop
      vertex -4.07161 14.4368 36.677
      vertex -5.70025 20.2116 36.677
      vertex -4.63525 14.2658 36.677
    endloop
  endfacet
  facet normal -0 0 1
    outer loop
      vertex -6.48936 19.9722 36.677
      vertex -4.63525 14.2658 36.677
      vertex -5.70025 20.2116 36.677
    endloop
  endfacet
  facet normal 0 0 1
    outer loop
      vertex -4.63525 14.2658 36.677
      vertex -6.48936 19.9722 36.677
      vertex -5.19176 14.0729 36.677
    endloop
  endfacet
  facet normal -0 0 1
    outer loop
      vertex -7.26846 19.702 36.677
      vertex -5.19176 14.0729 36.677
      vertex -6.48936 19.9722 36.677
    endloop
  endfacet
  facet normal 0 0 1
    outer loop
      vertex -5.19176 14.0729 36.677
      vertex -7.26846 19.702 36.677
      vertex -5.74025 13.8582 36.677
    endloop
  endfacet
  facet normal -0 0 1
    outer loop
      vertex -8.03635 19.4015 36.677
      vertex -5.74025 13.8582 36.677
      vertex -7.26846 19.702 36.677
    endloop
  endfacet
  facet normal 0 0 1
    outer loop
      vertex -5.74025 13.8582 36.677
      vertex -8.03635 19.4015 36.677
      vertex -6.2799 13.6221 36.677
    endloop
  endfacet
  facet normal -0 0 1
    outer loop
      vertex -8.79185 19.071 36.677
      vertex -6.2799 13.6221 36.677
      vertex -8.03635 19.4015 36.677
    endloop
  endfacet
  facet normal 0 0 1
    outer loop
      vertex -6.2799 13.6221 36.677
      vertex -8.79185 19.071 36.677
      vertex -6.80986 13.3651 36.677
    endloop
  endfacet
  facet normal -0 0 1
    outer loop
      vertex -9.5338 18.7111 36.677
      vertex -6.80986 13.3651 36.677
      vertex -8.79185 19.071 36.677
    endloop
  endfacet
  facet normal 0 0 1
    outer loop
      vertex -6.80986 13.3651 36.677
      vertex -9.5338 18.7111 36.677
      vertex -7.32932 13.0874 36.677
    endloop
  endfacet
  facet normal -0 0 1
    outer loop
      vertex -10.261 18.3224 36.677
      vertex -7.32932 13.0874 36.677
      vertex -9.5338 18.7111 36.677
    endloop
  endfacet
  facet normal 0 0 1
    outer loop
      vertex -7.32932 13.0874 36.677
      vertex -10.261 18.3224 36.677
      vertex -7.83748 12.7896 36.677
    endloop
  endfacet
  facet normal -0 0 1
    outer loop
      vertex -10.9725 17.9054 36.677
      vertex -7.83748 12.7896 36.677
      vertex -10.261 18.3224 36.677
    endloop
  endfacet
  facet normal 0 0 1
    outer loop
      vertex -7.83748 12.7896 36.677
      vertex -10.9725 17.9054 36.677
      vertex -8.33355 12.472 36.677
    endloop
  endfacet
  facet normal -0 0 1
    outer loop
      vertex -11.667 17.4609 36.677
      vertex -8.33355 12.472 36.677
      vertex -10.9725 17.9054 36.677
    endloop
  endfacet
  facet normal 0 0 1
    outer loop
      vertex -8.33355 12.472 36.677
      vertex -11.667 17.4609 36.677
      vertex -8.81678 12.1353 36.677
    endloop
  endfacet
  facet normal -0 0 1
    outer loop
      vertex -12.3435 16.9894 36.677
      vertex -8.81678 12.1353 36.677
      vertex -11.667 17.4609 36.677
    endloop
  endfacet
  facet normal 0 0 1
    outer loop
      vertex -8.81678 12.1353 36.677
      vertex -12.3435 16.9894 36.677
      vertex -9.28641 11.7798 36.677
    endloop
  endfacet
  facet normal -0 0 1
    outer loop
      vertex -13.001 16.4917 36.677
      vertex -9.28641 11.7798 36.677
      vertex -12.3435 16.9894 36.677
    endloop
  endfacet
  facet normal 0 0 1
    outer loop
      vertex -9.28641 11.7798 36.677
      vertex -13.001 16.4917 36.677
      vertex -9.74172 11.4061 36.677
    endloop
  endfacet
  facet normal -0 0 1
    outer loop
      vertex -13.6384 15.9685 36.677
      vertex -9.74172 11.4061 36.677
      vertex -13.001 16.4917 36.677
    endloop
  endfacet
  facet normal 0 0 1
    outer loop
      vertex -9.74172 11.4061 36.677
      vertex -13.6384 15.9685 36.677
      vertex -10.182 11.0148 36.677
    endloop
  endfacet
  facet normal -0 0 1
    outer loop
      vertex -14.2548 15.4208 36.677
      vertex -10.182 11.0148 36.677
      vertex -13.6384 15.9685 36.677
    endloop
  endfacet
  facet normal 0 0 1
    outer loop
      vertex -10.182 11.0148 36.677
      vertex -14.2548 15.4208 36.677
      vertex -10.6066 10.6066 36.677
    endloop
  endfacet
  facet normal -0 0 1
    outer loop
      vertex -14.8492 14.8492 36.677
      vertex -10.6066 10.6066 36.677
      vertex -14.2548 15.4208 36.677
    endloop
  endfacet
  facet normal 0 0 1
    outer loop
      vertex -10.6066 10.6066 36.677
      vertex -14.8492 14.8492 36.677
      vertex -11.0148 10.182 36.677
    endloop
  endfacet
  facet normal -0 0 1
    outer loop
      vertex -15.4208 14.2548 36.677
      vertex -11.0148 10.182 36.677
      vertex -14.8492 14.8492 36.677
    endloop
  endfacet
  facet normal 0 0 1
    outer loop
      vertex -11.0148 10.182 36.677
      vertex -15.4208 14.2548 36.677
      vertex -11.4061 9.74172 36.677
    endloop
  endfacet
  facet normal -0 0 1
    outer loop
      vertex -15.9685 13.6384 36.677
      vertex -11.4061 9.74172 36.677
      vertex -15.4208 14.2548 36.677
    endloop
  endfacet
  facet normal 0 0 1
    outer loop
      vertex -11.4061 9.74172 36.677
      vertex -15.9685 13.6384 36.677
      vertex -11.7798 9.28641 36.677
    endloop
  endfacet
  facet normal -0 0 1
    outer loop
      vertex -16.4917 13.001 36.677
      vertex -11.7798 9.28641 36.677
      vertex -15.9685 13.6384 36.677
    endloop
  endfacet
  facet normal 0 0 1
    outer loop
      vertex -11.7798 9.28641 36.677
      vertex -16.4917 13.001 36.677
      vertex -12.1353 8.81678 36.677
    endloop
  endfacet
  facet normal -0 0 1
    outer loop
      vertex -16.9894 12.3435 36.677
      vertex -12.1353 8.81678 36.677
      vertex -16.4917 13.001 36.677
    endloop
  endfacet
  facet normal 0 0 1
    outer loop
      vertex -12.1353 8.81678 36.677
      vertex -16.9894 12.3435 36.677
      vertex -12.472 8.33355 36.677
    endloop
  endfacet
  facet normal -0 0 1
    outer loop
      vertex -17.4609 11.667 36.677
      vertex -12.472 8.33355 36.677
      vertex -16.9894 12.3435 36.677
    endloop
  endfacet
  facet normal 0 0 1
    outer loop
      vertex -12.472 8.33355 36.677
      vertex -17.4609 11.667 36.677
      vertex -12.7896 7.83748 36.677
    endloop
  endfacet
  facet normal -0 0 1
    outer loop
      vertex -17.9054 10.9725 36.677
      vertex -12.7896 7.83748 36.677
      vertex -17.4609 11.667 36.677
    endloop
  endfacet
  facet normal 0 0 1
    outer loop
      vertex -12.7896 7.83748 36.677
      vertex -17.9054 10.9725 36.677
      vertex -13.0874 7.32932 36.677
    endloop
  endfacet
  facet normal -0 0 1
    outer loop
      vertex -18.3224 10.261 36.677
      vertex -13.0874 7.32932 36.677
      vertex -17.9054 10.9725 36.677
    endloop
  endfacet
  facet normal 0 0 1
    outer loop
      vertex -13.0874 7.32932 36.677
      vertex -18.3224 10.261 36.677
      vertex -13.3651 6.80986 36.677
    endloop
  endfacet
  facet normal -0 0 1
    outer loop
      vertex -18.7111 9.5338 36.677
      vertex -13.3651 6.80986 36.677
      vertex -18.3224 10.261 36.677
    endloop
  endfacet
  facet normal 0 0 1
    outer loop
      vertex -13.3651 6.80986 36.677
      vertex -18.7111 9.5338 36.677
      vertex -13.6221 6.2799 36.677
    endloop
  endfacet
  facet normal -0 0 1
    outer loop
      vertex -19.071 8.79185 36.677
      vertex -13.6221 6.2799 36.677
      vertex -18.7111 9.5338 36.677
    endloop
  endfacet
  facet normal 0 0 1
    outer loop
      vertex -13.6221 6.2799 36.677
      vertex -19.071 8.79185 36.677
      vertex -13.8582 5.74025 36.677
    endloop
  endfacet
  facet normal -0 0 1
    outer loop
      vertex -19.4015 8.03635 36.677
      vertex -13.8582 5.74025 36.677
      vertex -19.071 8.79185 36.677
    endloop
  endfacet
  facet normal 0 0 1
    outer loop
      vertex -13.8582 5.74025 36.677
      vertex -19.4015 8.03635 36.677
      vertex -14.0729 5.19176 36.677
    endloop
  endfacet
  facet normal -0 0 1
    outer loop
      vertex 13.8582 -5.74025 36.677
      vertex 19.4015 -8.03635 36.677
      vertex 14.0729 -5.19176 36.677
    endloop
  endfacet
  facet normal 0 0 1
    outer loop
      vertex 19.4015 -8.03635 36.677
      vertex 13.8582 -5.74025 36.677
      vertex 19.071 -8.79185 36.677
    endloop
  endfacet
  facet normal -0 0 1
    outer loop
      vertex 13.6221 -6.2799 36.677
      vertex 19.071 -8.79185 36.677
      vertex 13.8582 -5.74025 36.677
    endloop
  endfacet
  facet normal 0 0 1
    outer loop
      vertex 19.071 -8.79185 36.677
      vertex 13.6221 -6.2799 36.677
      vertex 18.7111 -9.5338 36.677
    endloop
  endfacet
  facet normal -0 0 1
    outer loop
      vertex 13.3651 -6.80986 36.677
      vertex 18.7111 -9.5338 36.677
      vertex 13.6221 -6.2799 36.677
    endloop
  endfacet
  facet normal 0 0 1
    outer loop
      vertex 18.7111 -9.5338 36.677
      vertex 13.3651 -6.80986 36.677
      vertex 18.3224 -10.261 36.677
    endloop
  endfacet
  facet normal -0 0 1
    outer loop
      vertex 13.0874 -7.32932 36.677
      vertex 18.3224 -10.261 36.677
      vertex 13.3651 -6.80986 36.677
    endloop
  endfacet
  facet normal 0 0 1
    outer loop
      vertex 18.3224 -10.261 36.677
      vertex 13.0874 -7.32932 36.677
      vertex 17.9054 -10.9725 36.677
    endloop
  endfacet
  facet normal -0 0 1
    outer loop
      vertex 12.7896 -7.83748 36.677
      vertex 17.9054 -10.9725 36.677
      vertex 13.0874 -7.32932 36.677
    endloop
  endfacet
  facet normal 0 0 1
    outer loop
      vertex 17.9054 -10.9725 36.677
      vertex 12.7896 -7.83748 36.677
      vertex 17.4609 -11.667 36.677
    endloop
  endfacet
  facet normal -0 0 1
    outer loop
      vertex 12.472 -8.33355 36.677
      vertex 17.4609 -11.667 36.677
      vertex 12.7896 -7.83748 36.677
    endloop
  endfacet
  facet normal 0 0 1
    outer loop
      vertex 17.4609 -11.667 36.677
      vertex 12.472 -8.33355 36.677
      vertex 16.9894 -12.3435 36.677
    endloop
  endfacet
  facet normal -0 0 1
    outer loop
      vertex 12.1353 -8.81678 36.677
      vertex 16.9894 -12.3435 36.677
      vertex 12.472 -8.33355 36.677
    endloop
  endfacet
  facet normal 0 0 1
    outer loop
      vertex 16.9894 -12.3435 36.677
      vertex 12.1353 -8.81678 36.677
      vertex 16.4917 -13.001 36.677
    endloop
  endfacet
  facet normal -0 0 1
    outer loop
      vertex 11.7798 -9.28641 36.677
      vertex 16.4917 -13.001 36.677
      vertex 12.1353 -8.81678 36.677
    endloop
  endfacet
  facet normal 0 0 1
    outer loop
      vertex 16.4917 -13.001 36.677
      vertex 11.7798 -9.28641 36.677
      vertex 15.9685 -13.6384 36.677
    endloop
  endfacet
  facet normal -0 0 1
    outer loop
      vertex 11.4061 -9.74172 36.677
      vertex 15.9685 -13.6384 36.677
      vertex 11.7798 -9.28641 36.677
    endloop
  endfacet
  facet normal 0 0 1
    outer loop
      vertex 15.9685 -13.6384 36.677
      vertex 11.4061 -9.74172 36.677
      vertex 15.4208 -14.2548 36.677
    endloop
  endfacet
  facet normal -0 0 1
    outer loop
      vertex 11.0148 -10.182 36.677
      vertex 15.4208 -14.2548 36.677
      vertex 11.4061 -9.74172 36.677
    endloop
  endfacet
  facet normal 0 0 1
    outer loop
      vertex 15.4208 -14.2548 36.677
      vertex 11.0148 -10.182 36.677
      vertex 14.8492 -14.8492 36.677
    endloop
  endfacet
  facet normal -0 0 1
    outer loop
      vertex 10.6066 -10.6066 36.677
      vertex 14.8492 -14.8492 36.677
      vertex 11.0148 -10.182 36.677
    endloop
  endfacet
  facet normal 0 0 1
    outer loop
      vertex 14.8492 -14.8492 36.677
      vertex 10.6066 -10.6066 36.677
      vertex 14.2548 -15.4208 36.677
    endloop
  endfacet
  facet normal -0 0 1
    outer loop
      vertex 10.182 -11.0148 36.677
      vertex 14.2548 -15.4208 36.677
      vertex 10.6066 -10.6066 36.677
    endloop
  endfacet
  facet normal 0 0 1
    outer loop
      vertex 14.2548 -15.4208 36.677
      vertex 10.182 -11.0148 36.677
      vertex 13.6384 -15.9685 36.677
    endloop
  endfacet
  facet normal -0 0 1
    outer loop
      vertex 9.74172 -11.4061 36.677
      vertex 13.6384 -15.9685 36.677
      vertex 10.182 -11.0148 36.677
    endloop
  endfacet
  facet normal 0 0 1
    outer loop
      vertex 13.6384 -15.9685 36.677
      vertex 9.74172 -11.4061 36.677
      vertex 13.001 -16.4917 36.677
    endloop
  endfacet
  facet normal -0 0 1
    outer loop
      vertex 9.28641 -11.7798 36.677
      vertex 13.001 -16.4917 36.677
      vertex 9.74172 -11.4061 36.677
    endloop
  endfacet
  facet normal 0 0 1
    outer loop
      vertex 13.001 -16.4917 36.677
      vertex 9.28641 -11.7798 36.677
      vertex 12.3435 -16.9894 36.677
    endloop
  endfacet
  facet normal -0 0 1
    outer loop
      vertex 8.81678 -12.1353 36.677
      vertex 12.3435 -16.9894 36.677
      vertex 9.28641 -11.7798 36.677
    endloop
  endfacet
  facet normal 0 0 1
    outer loop
      vertex 12.3435 -16.9894 36.677
      vertex 8.81678 -12.1353 36.677
      vertex 11.667 -17.4609 36.677
    endloop
  endfacet
  facet normal -0 0 1
    outer loop
      vertex 8.33355 -12.472 36.677
      vertex 11.667 -17.4609 36.677
      vertex 8.81678 -12.1353 36.677
    endloop
  endfacet
  facet normal 0 0 1
    outer loop
      vertex 11.667 -17.4609 36.677
      vertex 8.33355 -12.472 36.677
      vertex 10.9725 -17.9054 36.677
    endloop
  endfacet
  facet normal -0 0 1
    outer loop
      vertex 7.83748 -12.7896 36.677
      vertex 10.9725 -17.9054 36.677
      vertex 8.33355 -12.472 36.677
    endloop
  endfacet
  facet normal 0 0 1
    outer loop
      vertex 10.9725 -17.9054 36.677
      vertex 7.83748 -12.7896 36.677
      vertex 10.261 -18.3224 36.677
    endloop
  endfacet
  facet normal -0 0 1
    outer loop
      vertex 7.32932 -13.0874 36.677
      vertex 10.261 -18.3224 36.677
      vertex 7.83748 -12.7896 36.677
    endloop
  endfacet
  facet normal 0 0 1
    outer loop
      vertex 10.261 -18.3224 36.677
      vertex 7.32932 -13.0874 36.677
      vertex 9.5338 -18.7111 36.677
    endloop
  endfacet
  facet normal -0 0 1
    outer loop
      vertex 6.80986 -13.3651 36.677
      vertex 9.5338 -18.7111 36.677
      vertex 7.32932 -13.0874 36.677
    endloop
  endfacet
  facet normal 0 0 1
    outer loop
      vertex 9.5338 -18.7111 36.677
      vertex 6.80986 -13.3651 36.677
      vertex 8.79185 -19.071 36.677
    endloop
  endfacet
  facet normal -0 0 1
    outer loop
      vertex 6.2799 -13.6221 36.677
      vertex 8.79185 -19.071 36.677
      vertex 6.80986 -13.3651 36.677
    endloop
  endfacet
  facet normal 0 0 1
    outer loop
      vertex 8.79185 -19.071 36.677
      vertex 6.2799 -13.6221 36.677
      vertex 8.03635 -19.4015 36.677
    endloop
  endfacet
  facet normal -0 0 1
    outer loop
      vertex 5.74025 -13.8582 36.677
      vertex 8.03635 -19.4015 36.677
      vertex 6.2799 -13.6221 36.677
    endloop
  endfacet
  facet normal 0 0 1
    outer loop
      vertex 8.03635 -19.4015 36.677
      vertex 5.74025 -13.8582 36.677
      vertex 7.26846 -19.702 36.677
    endloop
  endfacet
  facet normal -0 0 1
    outer loop
      vertex 5.19176 -14.0729 36.677
      vertex 7.26846 -19.702 36.677
      vertex 5.74025 -13.8582 36.677
    endloop
  endfacet
  facet normal 0 0 1
    outer loop
      vertex 7.26846 -19.702 36.677
      vertex 5.19176 -14.0729 36.677
      vertex 6.48936 -19.9722 36.677
    endloop
  endfacet
  facet normal -0 0 1
    outer loop
      vertex 4.63525 -14.2658 36.677
      vertex 6.48936 -19.9722 36.677
      vertex 5.19176 -14.0729 36.677
    endloop
  endfacet
  facet normal 0 0 1
    outer loop
      vertex 6.48936 -19.9722 36.677
      vertex 4.63525 -14.2658 36.677
      vertex 5.70025 -20.2116 36.677
    endloop
  endfacet
  facet normal -0 0 1
    outer loop
      vertex 4.07161 -14.4368 36.677
      vertex 5.70025 -20.2116 36.677
      vertex 4.63525 -14.2658 36.677
    endloop
  endfacet
  facet normal 0 0 1
    outer loop
      vertex 5.70025 -20.2116 36.677
      vertex 4.07161 -14.4368 36.677
      vertex 4.90235 -20.4198 36.677
    endloop
  endfacet
  facet normal -0 0 1
    outer loop
      vertex 3.50168 -14.5855 36.677
      vertex 4.90235 -20.4198 36.677
      vertex 4.07161 -14.4368 36.677
    endloop
  endfacet
  facet normal 0 0 1
    outer loop
      vertex 4.90235 -20.4198 36.677
      vertex 3.50168 -14.5855 36.677
      vertex 4.0969 -20.5965 36.677
    endloop
  endfacet
  facet normal -0 0 1
    outer loop
      vertex 2.92635 -14.7118 36.677
      vertex 4.0969 -20.5965 36.677
      vertex 3.50168 -14.5855 36.677
    endloop
  endfacet
  facet normal 0 0 1
    outer loop
      vertex 4.0969 -20.5965 36.677
      vertex 2.92635 -14.7118 36.677
      vertex 3.28512 -20.7415 36.677
    endloop
  endfacet
  facet normal -0 0 1
    outer loop
      vertex 2.34652 -14.8153 36.677
      vertex 3.28512 -20.7415 36.677
      vertex 2.92635 -14.7118 36.677
    endloop
  endfacet
  facet normal 0 0 1
    outer loop
      vertex 3.28512 -20.7415 36.677
      vertex 2.34652 -14.8153 36.677
      vertex 2.46828 -20.8544 36.677
    endloop
  endfacet
  facet normal -0 0 1
    outer loop
      vertex 1.76306 -14.896 36.677
      vertex 2.46828 -20.8544 36.677
      vertex 2.34652 -14.8153 36.677
    endloop
  endfacet
  facet normal 0 0 1
    outer loop
      vertex 1.76306 -14.896 36.677
      vertex 1.64764 -20.9353 36.677
      vertex 2.46828 -20.8544 36.677
    endloop
  endfacet
  facet normal -0 0 1
    outer loop
      vertex 1.17689 -14.9538 36.677
      vertex 1.64764 -20.9353 36.677
      vertex 1.76306 -14.896 36.677
    endloop
  endfacet
  facet normal 0 0 1
    outer loop
      vertex 1.17689 -14.9538 36.677
      vertex 0.824455 -20.9838 36.677
      vertex 1.64764 -20.9353 36.677
    endloop
  endfacet
  facet normal -0 0 1
    outer loop
      vertex 0.588897 -14.9884 36.677
      vertex 0.824455 -20.9838 36.677
      vertex 1.17689 -14.9538 36.677
    endloop
  endfacet
  facet normal -0 0 1
    outer loop
      vertex 0 -15 36.677
      vertex 0.824455 -20.9838 36.677
      vertex 0.588897 -14.9884 36.677
    endloop
  endfacet
  facet normal 0 0 1
    outer loop
      vertex 0 -15 36.677
      vertex 0 -21 36.677
      vertex 0.824455 -20.9838 36.677
    endloop
  endfacet
  facet normal 0 0 1
    outer loop
      vertex -0.588897 -14.9884 36.677
      vertex 0 -21 36.677
      vertex 0 -15 36.677
    endloop
  endfacet
  facet normal 0 0 1
    outer loop
      vertex -0.588897 -14.9884 36.677
      vertex -0.824455 -20.9838 36.677
      vertex 0 -21 36.677
    endloop
  endfacet
  facet normal 0 0 1
    outer loop
      vertex -1.17689 -14.9538 36.677
      vertex -0.824455 -20.9838 36.677
      vertex -0.588897 -14.9884 36.677
    endloop
  endfacet
  facet normal 0 0 1
    outer loop
      vertex -1.17689 -14.9538 36.677
      vertex -1.64764 -20.9353 36.677
      vertex -0.824455 -20.9838 36.677
    endloop
  endfacet
  facet normal 0 0 1
    outer loop
      vertex -1.76306 -14.896 36.677
      vertex -1.64764 -20.9353 36.677
      vertex -1.17689 -14.9538 36.677
    endloop
  endfacet
  facet normal 0 0 1
    outer loop
      vertex -2.46828 -20.8544 36.677
      vertex -1.76306 -14.896 36.677
      vertex -2.34652 -14.8153 36.677
    endloop
  endfacet
  facet normal 0 0 1
    outer loop
      vertex -1.76306 -14.896 36.677
      vertex -2.46828 -20.8544 36.677
      vertex -1.64764 -20.9353 36.677
    endloop
  endfacet
  facet normal 0 0 1
    outer loop
      vertex -3.28512 -20.7415 36.677
      vertex -2.34652 -14.8153 36.677
      vertex -2.92635 -14.7118 36.677
    endloop
  endfacet
  facet normal 0 0 1
    outer loop
      vertex -2.34652 -14.8153 36.677
      vertex -3.28512 -20.7415 36.677
      vertex -2.46828 -20.8544 36.677
    endloop
  endfacet
  facet normal 0 0 1
    outer loop
      vertex -4.0969 -20.5965 36.677
      vertex -2.92635 -14.7118 36.677
      vertex -3.50168 -14.5855 36.677
    endloop
  endfacet
  facet normal 0 0 1
    outer loop
      vertex -4.90235 -20.4198 36.677
      vertex -3.50168 -14.5855 36.677
      vertex -4.07161 -14.4368 36.677
    endloop
  endfacet
  facet normal 0 0 1
    outer loop
      vertex -2.92635 -14.7118 36.677
      vertex -4.0969 -20.5965 36.677
      vertex -3.28512 -20.7415 36.677
    endloop
  endfacet
  facet normal 0 0 1
    outer loop
      vertex -5.70025 -20.2116 36.677
      vertex -4.07161 -14.4368 36.677
      vertex -4.63525 -14.2658 36.677
    endloop
  endfacet
  facet normal 0 0 1
    outer loop
      vertex -3.50168 -14.5855 36.677
      vertex -4.90235 -20.4198 36.677
      vertex -4.0969 -20.5965 36.677
    endloop
  endfacet
  facet normal 0 0 1
    outer loop
      vertex -6.48936 -19.9722 36.677
      vertex -4.63525 -14.2658 36.677
      vertex -5.19176 -14.0729 36.677
    endloop
  endfacet
  facet normal 0 0 1
    outer loop
      vertex -4.07161 -14.4368 36.677
      vertex -5.70025 -20.2116 36.677
      vertex -4.90235 -20.4198 36.677
    endloop
  endfacet
  facet normal 0 0 1
    outer loop
      vertex -7.26846 -19.702 36.677
      vertex -5.19176 -14.0729 36.677
      vertex -5.74025 -13.8582 36.677
    endloop
  endfacet
  facet normal 0 0 1
    outer loop
      vertex -8.03635 -19.4015 36.677
      vertex -5.74025 -13.8582 36.677
      vertex -6.2799 -13.6221 36.677
    endloop
  endfacet
  facet normal 0 0 1
    outer loop
      vertex -4.63525 -14.2658 36.677
      vertex -6.48936 -19.9722 36.677
      vertex -5.70025 -20.2116 36.677
    endloop
  endfacet
  facet normal 0 0 1
    outer loop
      vertex -8.79185 -19.071 36.677
      vertex -6.2799 -13.6221 36.677
      vertex -6.80986 -13.3651 36.677
    endloop
  endfacet
  facet normal 0 0 1
    outer loop
      vertex -5.19176 -14.0729 36.677
      vertex -7.26846 -19.702 36.677
      vertex -6.48936 -19.9722 36.677
    endloop
  endfacet
  facet normal 0 0 1
    outer loop
      vertex -9.5338 -18.7111 36.677
      vertex -6.80986 -13.3651 36.677
      vertex -7.32932 -13.0874 36.677
    endloop
  endfacet
  facet normal 0 0 1
    outer loop
      vertex -10.261 -18.3224 36.677
      vertex -7.32932 -13.0874 36.677
      vertex -7.83748 -12.7896 36.677
    endloop
  endfacet
  facet normal 0 0 1
    outer loop
      vertex -5.74025 -13.8582 36.677
      vertex -8.03635 -19.4015 36.677
      vertex -7.26846 -19.702 36.677
    endloop
  endfacet
  facet normal 0 0 1
    outer loop
      vertex -10.9725 -17.9054 36.677
      vertex -7.83748 -12.7896 36.677
      vertex -8.33355 -12.472 36.677
    endloop
  endfacet
  facet normal 0 0 1
    outer loop
      vertex -6.2799 -13.6221 36.677
      vertex -8.79185 -19.071 36.677
      vertex -8.03635 -19.4015 36.677
    endloop
  endfacet
  facet normal 0 0 1
    outer loop
      vertex -11.667 -17.4609 36.677
      vertex -8.33355 -12.472 36.677
      vertex -8.81678 -12.1353 36.677
    endloop
  endfacet
  facet normal 0 0 1
    outer loop
      vertex -12.3435 -16.9894 36.677
      vertex -8.81678 -12.1353 36.677
      vertex -9.28641 -11.7798 36.677
    endloop
  endfacet
  facet normal 0 0 1
    outer loop
      vertex -6.80986 -13.3651 36.677
      vertex -9.5338 -18.7111 36.677
      vertex -8.79185 -19.071 36.677
    endloop
  endfacet
  facet normal 0 0 1
    outer loop
      vertex -13.001 -16.4917 36.677
      vertex -9.28641 -11.7798 36.677
      vertex -9.74172 -11.4061 36.677
    endloop
  endfacet
  facet normal 0 0 1
    outer loop
      vertex -13.6384 -15.9685 36.677
      vertex -9.74172 -11.4061 36.677
      vertex -10.182 -11.0148 36.677
    endloop
  endfacet
  facet normal 0 0 1
    outer loop
      vertex -7.32932 -13.0874 36.677
      vertex -10.261 -18.3224 36.677
      vertex -9.5338 -18.7111 36.677
    endloop
  endfacet
  facet normal 0 0 1
    outer loop
      vertex -14.2548 -15.4208 36.677
      vertex -10.182 -11.0148 36.677
      vertex -10.6066 -10.6066 36.677
    endloop
  endfacet
  facet normal 0 0 1
    outer loop
      vertex -7.83748 -12.7896 36.677
      vertex -10.9725 -17.9054 36.677
      vertex -10.261 -18.3224 36.677
    endloop
  endfacet
  facet normal 0 0 1
    outer loop
      vertex -14.8492 -14.8492 36.677
      vertex -10.6066 -10.6066 36.677
      vertex -11.0148 -10.182 36.677
    endloop
  endfacet
  facet normal 0 0 1
    outer loop
      vertex -15.4208 -14.2548 36.677
      vertex -11.0148 -10.182 36.677
      vertex -11.4061 -9.74172 36.677
    endloop
  endfacet
  facet normal 0 0 1
    outer loop
      vertex -8.33355 -12.472 36.677
      vertex -11.667 -17.4609 36.677
      vertex -10.9725 -17.9054 36.677
    endloop
  endfacet
  facet normal 0 0 1
    outer loop
      vertex -15.9685 -13.6384 36.677
      vertex -11.4061 -9.74172 36.677
      vertex -11.7798 -9.28641 36.677
    endloop
  endfacet
  facet normal 0 0 1
    outer loop
      vertex -16.4917 -13.001 36.677
      vertex -11.7798 -9.28641 36.677
      vertex -12.1353 -8.81678 36.677
    endloop
  endfacet
  facet normal 0 0 1
    outer loop
      vertex -8.81678 -12.1353 36.677
      vertex -12.3435 -16.9894 36.677
      vertex -11.667 -17.4609 36.677
    endloop
  endfacet
  facet normal 0 0 1
    outer loop
      vertex -16.9894 -12.3435 36.677
      vertex -12.1353 -8.81678 36.677
      vertex -12.472 -8.33355 36.677
    endloop
  endfacet
  facet normal 0 0 1
    outer loop
      vertex -17.4609 -11.667 36.677
      vertex -12.472 -8.33355 36.677
      vertex -12.7896 -7.83748 36.677
    endloop
  endfacet
  facet normal 0 0 1
    outer loop
      vertex -9.28641 -11.7798 36.677
      vertex -13.001 -16.4917 36.677
      vertex -12.3435 -16.9894 36.677
    endloop
  endfacet
  facet normal 0 0 1
    outer loop
      vertex -17.9054 -10.9725 36.677
      vertex -12.7896 -7.83748 36.677
      vertex -13.0874 -7.32932 36.677
    endloop
  endfacet
  facet normal 0 0 1
    outer loop
      vertex -18.3224 -10.261 36.677
      vertex -13.0874 -7.32932 36.677
      vertex -13.3651 -6.80986 36.677
    endloop
  endfacet
  facet normal 0 0 1
    outer loop
      vertex -18.7111 -9.5338 36.677
      vertex -13.3651 -6.80986 36.677
      vertex -13.6221 -6.2799 36.677
    endloop
  endfacet
  facet normal 0 0 1
    outer loop
      vertex -9.74172 -11.4061 36.677
      vertex -13.6384 -15.9685 36.677
      vertex -13.001 -16.4917 36.677
    endloop
  endfacet
  facet normal 0 0 1
    outer loop
      vertex -19.071 -8.79185 36.677
      vertex -13.6221 -6.2799 36.677
      vertex -13.8582 -5.74025 36.677
    endloop
  endfacet
  facet normal 0 0 1
    outer loop
      vertex -19.4015 -8.03635 36.677
      vertex -13.8582 -5.74025 36.677
      vertex -14.0729 -5.19176 36.677
    endloop
  endfacet
  facet normal 0 0 1
    outer loop
      vertex -10.182 -11.0148 36.677
      vertex -14.2548 -15.4208 36.677
      vertex -13.6384 -15.9685 36.677
    endloop
  endfacet
  facet normal 0 0 1
    outer loop
      vertex -19.702 -7.26846 36.677
      vertex -14.0729 -5.19176 36.677
      vertex -14.2658 -4.63525 36.677
    endloop
  endfacet
  facet normal 0 0 1
    outer loop
      vertex -19.9722 -6.48936 36.677
      vertex -14.2658 -4.63525 36.677
      vertex -14.4368 -4.07161 36.677
    endloop
  endfacet
  facet normal 0 0 1
    outer loop
      vertex -20.2116 -5.70025 36.677
      vertex -14.4368 -4.07161 36.677
      vertex -14.5855 -3.50168 36.677
    endloop
  endfacet
  facet normal 0 0 1
    outer loop
      vertex -20.4198 -4.90235 36.677
      vertex -14.5855 -3.50168 36.677
      vertex -14.7118 -2.92635 36.677
    endloop
  endfacet
  facet normal 0 0 1
    outer loop
      vertex -20.5965 -4.0969 36.677
      vertex -14.7118 -2.92635 36.677
      vertex -14.8153 -2.34652 36.677
    endloop
  endfacet
  facet normal 0 0 1
    outer loop
      vertex -10.6066 -10.6066 36.677
      vertex -14.8492 -14.8492 36.677
      vertex -14.2548 -15.4208 36.677
    endloop
  endfacet
  facet normal 0 0 1
    outer loop
      vertex -20.7415 -3.28512 36.677
      vertex -14.8153 -2.34652 36.677
      vertex -14.896 -1.76306 36.677
    endloop
  endfacet
  facet normal 0 0 1
    outer loop
      vertex -20.8544 -2.46828 36.677
      vertex -14.896 -1.76306 36.677
      vertex -14.9538 -1.17689 36.677
    endloop
  endfacet
  facet normal 0 0 1
    outer loop
      vertex -20.9353 -1.64764 36.677
      vertex -14.9538 -1.17689 36.677
      vertex -14.9884 -0.588897 36.677
    endloop
  endfacet
  facet normal 0 0 1
    outer loop
      vertex -20.9838 -0.824455 36.677
      vertex -14.9884 -0.588897 36.677
      vertex -15 0 36.677
    endloop
  endfacet
  facet normal -0 0 1
    outer loop
      vertex -19.702 7.26846 36.677
      vertex -14.0729 5.19176 36.677
      vertex -19.4015 8.03635 36.677
    endloop
  endfacet
  facet normal 0 0 1
    outer loop
      vertex -11.0148 -10.182 36.677
      vertex -15.4208 -14.2548 36.677
      vertex -14.8492 -14.8492 36.677
    endloop
  endfacet
  facet normal 0 0 1
    outer loop
      vertex -14.0729 5.19176 36.677
      vertex -19.702 7.26846 36.677
      vertex -14.2658 4.63525 36.677
    endloop
  endfacet
  facet normal 0 0 1
    outer loop
      vertex -11.4061 -9.74172 36.677
      vertex -15.9685 -13.6384 36.677
      vertex -15.4208 -14.2548 36.677
    endloop
  endfacet
  facet normal -0 0 1
    outer loop
      vertex -19.9722 6.48936 36.677
      vertex -14.2658 4.63525 36.677
      vertex -19.702 7.26846 36.677
    endloop
  endfacet
  facet normal 0 0 1
    outer loop
      vertex -11.7798 -9.28641 36.677
      vertex -16.4917 -13.001 36.677
      vertex -15.9685 -13.6384 36.677
    endloop
  endfacet
  facet normal 0 0 1
    outer loop
      vertex -14.2658 4.63525 36.677
      vertex -19.9722 6.48936 36.677
      vertex -14.4368 4.07161 36.677
    endloop
  endfacet
  facet normal 0 0 1
    outer loop
      vertex -12.1353 -8.81678 36.677
      vertex -16.9894 -12.3435 36.677
      vertex -16.4917 -13.001 36.677
    endloop
  endfacet
  facet normal -0 0 1
    outer loop
      vertex -20.2116 5.70025 36.677
      vertex -14.4368 4.07161 36.677
      vertex -19.9722 6.48936 36.677
    endloop
  endfacet
  facet normal 0 0 1
    outer loop
      vertex -12.472 -8.33355 36.677
      vertex -17.4609 -11.667 36.677
      vertex -16.9894 -12.3435 36.677
    endloop
  endfacet
  facet normal 0 0 1
    outer loop
      vertex -14.4368 4.07161 36.677
      vertex -20.2116 5.70025 36.677
      vertex -14.5855 3.50168 36.677
    endloop
  endfacet
  facet normal 0 0 1
    outer loop
      vertex -12.7896 -7.83748 36.677
      vertex -17.9054 -10.9725 36.677
      vertex -17.4609 -11.667 36.677
    endloop
  endfacet
  facet normal -0 0 1
    outer loop
      vertex -20.4198 4.90235 36.677
      vertex -14.5855 3.50168 36.677
      vertex -20.2116 5.70025 36.677
    endloop
  endfacet
  facet normal 0 0 1
    outer loop
      vertex -13.0874 -7.32932 36.677
      vertex -18.3224 -10.261 36.677
      vertex -17.9054 -10.9725 36.677
    endloop
  endfacet
  facet normal 0 0 1
    outer loop
      vertex -14.5855 3.50168 36.677
      vertex -20.4198 4.90235 36.677
      vertex -14.7118 2.92635 36.677
    endloop
  endfacet
  facet normal 0 0 1
    outer loop
      vertex -13.3651 -6.80986 36.677
      vertex -18.7111 -9.5338 36.677
      vertex -18.3224 -10.261 36.677
    endloop
  endfacet
  facet normal -0 0 1
    outer loop
      vertex -20.5965 4.0969 36.677
      vertex -14.7118 2.92635 36.677
      vertex -20.4198 4.90235 36.677
    endloop
  endfacet
  facet normal 0 0 1
    outer loop
      vertex -13.6221 -6.2799 36.677
      vertex -19.071 -8.79185 36.677
      vertex -18.7111 -9.5338 36.677
    endloop
  endfacet
  facet normal 0 0 1
    outer loop
      vertex -14.7118 2.92635 36.677
      vertex -20.5965 4.0969 36.677
      vertex -14.8153 2.34652 36.677
    endloop
  endfacet
  facet normal 0 0 1
    outer loop
      vertex -13.8582 -5.74025 36.677
      vertex -19.4015 -8.03635 36.677
      vertex -19.071 -8.79185 36.677
    endloop
  endfacet
  facet normal -0 0 1
    outer loop
      vertex -20.7415 3.28512 36.677
      vertex -14.8153 2.34652 36.677
      vertex -20.5965 4.0969 36.677
    endloop
  endfacet
  facet normal 0 0 1
    outer loop
      vertex -14.0729 -5.19176 36.677
      vertex -19.702 -7.26846 36.677
      vertex -19.4015 -8.03635 36.677
    endloop
  endfacet
  facet normal 0 0 1
    outer loop
      vertex -14.8153 2.34652 36.677
      vertex -20.7415 3.28512 36.677
      vertex -14.896 1.76306 36.677
    endloop
  endfacet
  facet normal 0 0 1
    outer loop
      vertex -14.2658 -4.63525 36.677
      vertex -19.9722 -6.48936 36.677
      vertex -19.702 -7.26846 36.677
    endloop
  endfacet
  facet normal -0 0 1
    outer loop
      vertex -20.8544 2.46828 36.677
      vertex -14.896 1.76306 36.677
      vertex -20.7415 3.28512 36.677
    endloop
  endfacet
  facet normal 0 0 1
    outer loop
      vertex -14.4368 -4.07161 36.677
      vertex -20.2116 -5.70025 36.677
      vertex -19.9722 -6.48936 36.677
    endloop
  endfacet
  facet normal 0 0 1
    outer loop
      vertex -14.896 1.76306 36.677
      vertex -20.8544 2.46828 36.677
      vertex -14.9538 1.17689 36.677
    endloop
  endfacet
  facet normal 0 0 1
    outer loop
      vertex -14.5855 -3.50168 36.677
      vertex -20.4198 -4.90235 36.677
      vertex -20.2116 -5.70025 36.677
    endloop
  endfacet
  facet normal -0 0 1
    outer loop
      vertex -20.9353 1.64764 36.677
      vertex -14.9538 1.17689 36.677
      vertex -20.8544 2.46828 36.677
    endloop
  endfacet
  facet normal 0 0 1
    outer loop
      vertex -14.7118 -2.92635 36.677
      vertex -20.5965 -4.0969 36.677
      vertex -20.4198 -4.90235 36.677
    endloop
  endfacet
  facet normal 0 0 1
    outer loop
      vertex -14.9538 1.17689 36.677
      vertex -20.9353 1.64764 36.677
      vertex -14.9884 0.588897 36.677
    endloop
  endfacet
  facet normal 0 0 1
    outer loop
      vertex -14.8153 -2.34652 36.677
      vertex -20.7415 -3.28512 36.677
      vertex -20.5965 -4.0969 36.677
    endloop
  endfacet
  facet normal -0 0 1
    outer loop
      vertex -20.9838 0.824455 36.677
      vertex -14.9884 0.588897 36.677
      vertex -20.9353 1.64764 36.677
    endloop
  endfacet
  facet normal 0 0 1
    outer loop
      vertex -14.896 -1.76306 36.677
      vertex -20.8544 -2.46828 36.677
      vertex -20.7415 -3.28512 36.677
    endloop
  endfacet
  facet normal 0 0 1
    outer loop
      vertex -14.9884 0.588897 36.677
      vertex -20.9838 0.824455 36.677
      vertex -15 0 36.677
    endloop
  endfacet
  facet normal 0 0 1
    outer loop
      vertex -14.9538 -1.17689 36.677
      vertex -20.9353 -1.64764 36.677
      vertex -20.8544 -2.46828 36.677
    endloop
  endfacet
  facet normal 0 0 1
    outer loop
      vertex -21 0 36.677
      vertex -15 0 36.677
      vertex -20.9838 0.824455 36.677
    endloop
  endfacet
  facet normal 0 0 1
    outer loop
      vertex -14.9884 -0.588897 36.677
      vertex -20.9838 -0.824455 36.677
      vertex -20.9353 -1.64764 36.677
    endloop
  endfacet
  facet normal 0 0 1
    outer loop
      vertex -15 0 36.677
      vertex -21 0 36.677
      vertex -20.9838 -0.824455 36.677
    endloop
  endfacet
  facet normal -0.426822 -0.563844 0.707038
    outer loop
      vertex 40.2411 51.0456 80.677
      vertex 38.2692 52.5383 80.677
      vertex 13.001 16.4917 36.677
    endloop
  endfacet
  facet normal -0.684265 0.178544 0.707038
    outer loop
      vertex 62.5596 -17.6436 80.677
      vertex 63.184 -15.2506 80.677
      vertex 20.2116 -5.70025 36.677
    endloop
  endfacet
  facet normal 0.707053 -0.0133878 0.707034
    outer loop
      vertex -64.9514 2.47267 80.677
      vertex -20.9838 0.824455 36.677
      vertex -64.9499 2.55189 80.677
    endloop
  endfacet
  facet normal 0.707039 -0.0138928 0.707038
    outer loop
      vertex -20.9838 0.824455 36.677
      vertex -64.9514 2.47267 80.677
      vertex -21 0 36.677
    endloop
  endfacet
  facet normal 0.610178 0.357463 0.707038
    outer loop
      vertex -17.9054 -10.9725 36.677
      vertex -47.0229 -28.5296 70.6821
      vertex -47.0049 -28.8046 70.8056
    endloop
  endfacet
  facet normal 0.610008 0.35775 0.70704
    outer loop
      vertex -17.9054 -10.9725 36.677
      vertex -47.1027 -28.1287 70.5481
      vertex -47.0229 -28.5296 70.6821
    endloop
  endfacet
  facet normal 0.610096 0.357599 0.70704
    outer loop
      vertex -17.9054 -10.9725 36.677
      vertex -47.2341 -27.7416 70.4657
      vertex -47.1027 -28.1287 70.5481
    endloop
  endfacet
  facet normal 0.610101 0.357592 0.70704
    outer loop
      vertex -17.9054 -10.9725 36.677
      vertex -47.4149 -27.375 70.4363
      vertex -47.2341 -27.7416 70.4657
    endloop
  endfacet
  facet normal 0.610139 0.357525 0.707041
    outer loop
      vertex -17.9054 -10.9725 36.677
      vertex -47.642 -27.0351 70.4604
      vertex -47.4149 -27.375 70.4363
    endloop
  endfacet
  facet normal 0.609988 0.357794 0.707035
    outer loop
      vertex -47.642 -27.0351 70.4604
      vertex -17.9054 -10.9725 36.677
      vertex -47.6805 -26.9912 70.4714
    endloop
  endfacet
  facet normal 0.658795 -0.257091 0.707031
    outer loop
      vertex -60.081 24.8006 80.677
      vertex -19.4015 8.03635 36.677
      vertex -60.0522 24.8744 80.677
    endloop
  endfacet
  facet normal 0.658546 -0.25771 0.707038
    outer loop
      vertex -19.4015 8.03635 36.677
      vertex -60.081 24.8006 80.677
      vertex -19.702 7.26846 36.677
    endloop
  endfacet
  facet normal -0.404342 -0.580176 0.707038
    outer loop
      vertex 11.667 17.4609 36.677
      vertex 37.522 53.0629 80.677
      vertex 36.1121 54.0455 80.677
    endloop
  endfacet
  facet normal -0.404405 -0.580131 0.707039
    outer loop
      vertex 37.522 53.0629 80.677
      vertex 11.667 17.4609 36.677
      vertex 38.141 52.6314 80.677
    endloop
  endfacet
  facet normal -0.564143 -0.426418 0.707043
    outer loop
      vertex 52.5539 38.2486 80.677
      vertex 16.9894 12.3435 36.677
      vertex 52.5861 38.206 80.677
    endloop
  endfacet
  facet normal -0.563765 -0.426929 0.707037
    outer loop
      vertex 52.5383 38.2692 80.677
      vertex 16.9894 12.3435 36.677
      vertex 52.5539 38.2486 80.677
    endloop
  endfacet
  facet normal -0.563851 -0.426812 0.707038
    outer loop
      vertex 16.9894 12.3435 36.677
      vertex 52.5383 38.2692 80.677
      vertex 16.4917 13.001 36.677
    endloop
  endfacet
  facet normal 0.563851 -0.426812 0.707038
    outer loop
      vertex -52.5383 38.2692 80.677
      vertex -16.9894 12.3435 36.677
      vertex -16.4917 13.001 36.677
    endloop
  endfacet
  facet normal 0.563765 -0.426929 0.707037
    outer loop
      vertex -52.5539 38.2486 80.677
      vertex -16.9894 12.3435 36.677
      vertex -52.5383 38.2692 80.677
    endloop
  endfacet
  facet normal 0.564143 -0.426418 0.707043
    outer loop
      vertex -16.9894 12.3435 36.677
      vertex -52.5539 38.2486 80.677
      vertex -52.5861 38.206 80.677
    endloop
  endfacet
  facet normal 0.707038 -0.0138967 0.707038
    outer loop
      vertex -21 0 36.677
      vertex -64.9514 2.47267 80.677
      vertex -65 0 80.677
    endloop
  endfacet
  facet normal -0.178544 0.684265 0.707038
    outer loop
      vertex 15.2506 -63.184 80.677
      vertex 17.6436 -62.5596 80.677
      vertex 5.70025 -20.2116 36.677
    endloop
  endfacet
  facet normal -0.0416337 -0.706058 0.706929
    outer loop
      vertex 2.62553 64.7011 80.4329
      vertex 5.09984 64.7996 80.677
      vertex 2.74426 64.9385 80.677
    endloop
  endfacet
  facet normal -0.0416489 -0.705948 0.707038
    outer loop
      vertex 5.09984 64.7996 80.677
      vertex 2.62553 64.7011 80.4329
      vertex 1.64764 20.9353 36.677
    endloop
  endfacet
  facet normal -0.668071 0.231907 0.707036
    outer loop
      vertex 19.9722 -6.48936 36.677
      vertex 61.7927 -20.161 80.677
      vertex 61.8187 -20.0861 80.677
    endloop
  endfacet
  facet normal -0.668135 0.231716 0.707038
    outer loop
      vertex 61.7927 -20.161 80.677
      vertex 19.9722 -6.48936 36.677
      vertex 19.702 -7.26846 36.677
    endloop
  endfacet
  facet normal 0.707039 0.0138928 0.707038
    outer loop
      vertex -64.9514 -2.47267 80.677
      vertex -20.9838 -0.824455 36.677
      vertex -21 0 36.677
    endloop
  endfacet
  facet normal 0.707053 0.0133878 0.707034
    outer loop
      vertex -20.9838 -0.824455 36.677
      vertex -64.9514 -2.47267 80.677
      vertex -64.9499 -2.55189 80.677
    endloop
  endfacet
  facet normal -0.151893 0.690667 0.707041
    outer loop
      vertex 4.90235 -20.4198 36.677
      vertex 15.0966 -63.221 80.677
      vertex 15.1739 -63.204 80.677
    endloop
  endfacet
  facet normal -0.151537 0.690749 0.707038
    outer loop
      vertex 15.0966 -63.221 80.677
      vertex 4.90235 -20.4198 36.677
      vertex 4.0969 -20.5965 36.677
    endloop
  endfacet
  facet normal 0.636279 -0.308618 0.707039
    outer loop
      vertex -18.7111 9.5338 36.677
      vertex -57.9154 29.5094 80.677
      vertex -58.9947 27.2842 80.677
    endloop
  endfacet
  facet normal 0.381218 0.595627 0.707037
    outer loop
      vertex -11.667 -17.4609 36.677
      vertex -36.0453 -54.0882 80.677
      vertex -10.9725 -17.9054 36.677
    endloop
  endfacet
  facet normal 0.380879 0.595848 0.707034
    outer loop
      vertex -36.0453 -54.0882 80.677
      vertex -11.667 -17.4609 36.677
      vertex -36.1121 -54.0455 80.677
    endloop
  endfacet
  facet normal -0.528618 0.469743 0.707039
    outer loop
      vertex 47.7836 -44.0628 80.677
      vertex 49.4264 -42.2141 80.677
      vertex 15.9685 -13.6384 36.677
    endloop
  endfacet
  facet normal -0.426929 -0.563765 0.707037
    outer loop
      vertex 12.3435 16.9894 36.677
      vertex 38.2692 52.5383 80.677
      vertex 38.2486 52.5539 80.677
    endloop
  endfacet
  facet normal -0.426418 -0.564143 0.707043
    outer loop
      vertex 12.3435 16.9894 36.677
      vertex 38.2486 52.5539 80.677
      vertex 38.206 52.5861 80.677
    endloop
  endfacet
  facet normal -0.426812 -0.563851 0.707038
    outer loop
      vertex 38.2692 52.5383 80.677
      vertex 12.3435 16.9894 36.677
      vertex 13.001 16.4917 36.677
    endloop
  endfacet
  facet normal 0.647908 -0.283394 0.707039
    outer loop
      vertex -19.071 8.79185 36.677
      vertex -59.0293 27.2129 80.677
      vertex -60.0204 24.947 80.677
    endloop
  endfacet
  facet normal 0.509729 0.490177 0.707038
    outer loop
      vertex -15.4208 -14.2548 36.677
      vertex -47.676 -44.1792 80.677
      vertex -14.8492 -14.8492 36.677
    endloop
  endfacet
  facet normal 0.509755 0.490149 0.707038
    outer loop
      vertex -47.676 -44.1792 80.677
      vertex -15.4208 -14.2548 36.677
      vertex -47.731 -44.122 80.677
    endloop
  endfacet
  facet normal -0.546664 0.448615 0.707038
    outer loop
      vertex 49.4767 -42.1529 80.677
      vertex 51.0456 -40.2411 80.677
      vertex 16.4917 -13.001 36.677
    endloop
  endfacet
  facet normal 0.546324 -0.449021 0.707044
    outer loop
      vertex -49.4767 42.1529 80.677
      vertex -15.9685 13.6384 36.677
      vertex -49.4264 42.2141 80.677
    endloop
  endfacet
  facet normal 0.546611 -0.448677 0.70704
    outer loop
      vertex -15.9685 13.6384 36.677
      vertex -49.4767 42.1529 80.677
      vertex -16.4917 13.001 36.677
    endloop
  endfacet
  facet normal 0.333355 0.623675 0.707039
    outer loop
      vertex -29.5094 -57.9154 80.677
      vertex -9.5338 -18.7111 36.677
      vertex -31.6905 -56.7496 80.677
    endloop
  endfacet
  facet normal -0.636246 0.308684 0.70704
    outer loop
      vertex 46.4279 -23.2026 67.5862
      vertex 18.7111 -9.5338 36.677
      vertex 45.9755 -23.4257 67.2765
    endloop
  endfacet
  facet normal -0.636275 0.308623 0.70704
    outer loop
      vertex 47.0627 -22.9871 68.0634
      vertex 18.7111 -9.5338 36.677
      vertex 46.4279 -23.2026 67.5862
    endloop
  endfacet
  facet normal -0.636352 0.308464 0.70704
    outer loop
      vertex 47.7202 -22.8563 68.5981
      vertex 18.7111 -9.5338 36.677
      vertex 47.0627 -22.9871 68.0634
    endloop
  endfacet
  facet normal -0.636157 0.308877 0.707036
    outer loop
      vertex 48.3892 -22.8125 69.1809
      vertex 18.7111 -9.5338 36.677
      vertex 47.7202 -22.8563 68.5981
    endloop
  endfacet
  facet normal -0.636437 0.308277 0.707046
    outer loop
      vertex 18.7111 -9.5338 36.677
      vertex 48.3892 -22.8125 69.1809
      vertex 48.9264 -22.8477 69.6798
    endloop
  endfacet
  facet normal -0.636249 0.30881 0.706982
    outer loop
      vertex 58.9947 -27.2842 80.677
      vertex 55.8936 -27.1895 77.8448
      vertex 58.9516 -27.373 80.677
    endloop
  endfacet
  facet normal -0.636304 0.308576 0.707035
    outer loop
      vertex 52.4551 -24.8176 73.7151
      vertex 55.8936 -27.1895 77.8448
      vertex 58.9947 -27.2842 80.677
    endloop
  endfacet
  facet normal -0.636266 0.308629 0.707046
    outer loop
      vertex 55.8936 -27.1895 77.8448
      vertex 52.8275 -25.375 74.2936
      vertex 52.8581 -25.437 74.3482
    endloop
  endfacet
  facet normal -0.636183 0.308783 0.707053
    outer loop
      vertex 55.8936 -27.1895 77.8448
      vertex 52.4551 -24.8176 73.7151
      vertex 52.8275 -25.375 74.2936
    endloop
  endfacet
  facet normal -0.636345 0.30848 0.70704
    outer loop
      vertex 58.9947 -27.2842 80.677
      vertex 52.0131 -24.3136 73.0974
      vertex 52.4551 -24.8176 73.7151
    endloop
  endfacet
  facet normal -0.636404 0.308351 0.707043
    outer loop
      vertex 52.0131 -24.3136 73.0974
      vertex 58.9947 -27.2842 80.677
      vertex 51.7707 -24.101 72.7865
    endloop
  endfacet
  facet normal 0.528618 -0.469743 0.707039
    outer loop
      vertex -15.9685 13.6384 36.677
      vertex -47.7836 44.0628 80.677
      vertex -49.4264 42.2141 80.677
    endloop
  endfacet
  facet normal 0.63627 -0.308638 0.707038
    outer loop
      vertex -58.9947 27.2842 80.677
      vertex -19.071 8.79185 36.677
      vertex -18.7111 9.5338 36.677
    endloop
  endfacet
  facet normal 0.636221 -0.308741 0.707037
    outer loop
      vertex -19.071 8.79185 36.677
      vertex -58.9947 27.2842 80.677
      vertex -59.0293 27.2129 80.677
    endloop
  endfacet
  facet normal 0.333355 -0.623675 0.707039
    outer loop
      vertex -9.5338 18.7111 36.677
      vertex -29.5094 57.9154 80.677
      vertex -31.6905 56.7496 80.677
    endloop
  endfacet
  facet normal -0.636338 0.308493 0.707041
    outer loop
      vertex 19.071 -8.79185 36.677
      vertex 49.7156 -22.9871 70.4508
      vertex 50.2743 -23.1768 71.0364
    endloop
  endfacet
  facet normal -0.636105 0.308984 0.707036
    outer loop
      vertex 19.071 -8.79185 36.677
      vertex 49.0581 -22.8563 69.8021
      vertex 49.7156 -22.9871 70.4508
    endloop
  endfacet
  facet normal -0.636446 0.308268 0.707041
    outer loop
      vertex 19.071 -8.79185 36.677
      vertex 48.9264 -22.8477 69.6798
      vertex 49.0581 -22.8563 69.8021
    endloop
  endfacet
  facet normal -0.63627 0.308637 0.707039
    outer loop
      vertex 48.9264 -22.8477 69.6798
      vertex 19.071 -8.79185 36.677
      vertex 18.7111 -9.5338 36.677
    endloop
  endfacet
  facet normal -0.636223 0.308742 0.707035
    outer loop
      vertex 59.0293 -27.2129 80.677
      vertex 51.7707 -24.101 72.7865
      vertex 58.9947 -27.2842 80.677
    endloop
  endfacet
  facet normal -0.636147 0.308908 0.707031
    outer loop
      vertex 59.0293 -27.2129 80.677
      vertex 51.5091 -23.8716 72.4509
      vertex 51.7707 -24.101 72.7865
    endloop
  endfacet
  facet normal -0.636319 0.308537 0.707038
    outer loop
      vertex 59.0293 -27.2129 80.677
      vertex 50.9517 -23.4991 71.7867
      vertex 51.5091 -23.8716 72.4509
    endloop
  endfacet
  facet normal -0.63625 0.308684 0.707036
    outer loop
      vertex 50.9517 -23.4991 71.7867
      vertex 59.0293 -27.2129 80.677
      vertex 50.6381 -23.3445 71.437
    endloop
  endfacet
  facet normal 0.469721 -0.528639 0.707038
    outer loop
      vertex -44.0628 47.7836 80.677
      vertex -14.2548 15.4208 36.677
      vertex -13.6384 15.9685 36.677
    endloop
  endfacet
  facet normal 0.469711 -0.528648 0.707038
    outer loop
      vertex -14.2548 15.4208 36.677
      vertex -44.0628 47.7836 80.677
      vertex -44.122 47.731 80.677
    endloop
  endfacet
  facet normal 0.528639 0.469721 0.707038
    outer loop
      vertex -47.7836 -44.0628 80.677
      vertex -15.4208 -14.2548 36.677
      vertex -15.9685 -13.6384 36.677
    endloop
  endfacet
  facet normal 0.528648 0.469711 0.707038
    outer loop
      vertex -15.4208 -14.2548 36.677
      vertex -47.7836 -44.0628 80.677
      vertex -47.731 -44.122 80.677
    endloop
  endfacet
  facet normal -0.700504 -0.0969066 0.707038
    outer loop
      vertex 64.5386 7.71841 80.677
      vertex 64.1997 10.1682 80.677
      vertex 20.7415 3.28512 36.677
    endloop
  endfacet
  facet normal -0.40434 -0.580178 0.707038
    outer loop
      vertex 38.141 52.6314 80.677
      vertex 12.3435 16.9894 36.677
      vertex 38.206 52.5861 80.677
    endloop
  endfacet
  facet normal -0.404358 -0.580165 0.707038
    outer loop
      vertex 12.3435 16.9894 36.677
      vertex 38.141 52.6314 80.677
      vertex 11.667 17.4609 36.677
    endloop
  endfacet
  facet normal 0.096822 0.700514 0.70704
    outer loop
      vertex -7.71841 -64.5386 80.677
      vertex -2.46828 -20.8544 36.677
      vertex -3.28512 -20.7415 36.677
    endloop
  endfacet
  facet normal 0.0964084 0.700568 0.707043
    outer loop
      vertex -2.46828 -20.8544 36.677
      vertex -7.71841 -64.5386 80.677
      vertex -7.63993 -64.5494 80.677
    endloop
  endfacet
  facet normal 0.469743 -0.528618 0.707039
    outer loop
      vertex -13.6384 15.9685 36.677
      vertex -42.2141 49.4264 80.677
      vertex -44.0628 47.7836 80.677
    endloop
  endfacet
  facet normal -0.703769 -0.0693256 0.707038
    outer loop
      vertex 64.6879 6.23378 80.677
      vertex 20.9353 1.64764 36.677
      vertex 64.7996 5.09984 80.677
    endloop
  endfacet
  facet normal -0.703772 -0.0693008 0.707038
    outer loop
      vertex 20.9353 1.64764 36.677
      vertex 64.6879 6.23378 80.677
      vertex 64.5572 7.56108 80.677
    endloop
  endfacet
  facet normal -0.636279 -0.308618 0.707039
    outer loop
      vertex 58.9947 27.2842 80.677
      vertex 57.9154 29.5094 80.677
      vertex 18.7111 9.5338 36.677
    endloop
  endfacet
  facet normal -0.0149477 -0.707028 0.707028
    outer loop
      vertex 1.28918 60.3642 76.0665
      vertex 1.27499 62 77.702
      vertex 1.27499 60.3804 76.0824
    endloop
  endfacet
  facet normal -0.013753 -0.707035 0.707045
    outer loop
      vertex 1.40729 60.1875 75.8921
      vertex 1.27499 62 77.702
      vertex 1.28918 60.3642 76.0665
    endloop
  endfacet
  facet normal -0.0134759 -0.707027 0.707058
    outer loop
      vertex 1.5013 59.9969 75.7033
      vertex 1.27499 62 77.702
      vertex 1.40729 60.1875 75.8921
    endloop
  endfacet
  facet normal -0.0138454 -0.707045 0.707033
    outer loop
      vertex 1.27499 62 77.702
      vertex 1.5013 59.9969 75.7033
      vertex 2.43742 64.3249 80.0497
    endloop
  endfacet
  facet normal -0.0142578 -0.706996 0.707074
    outer loop
      vertex 1.56963 59.7956 75.5034
      vertex 2.43742 64.3249 80.0497
      vertex 1.5013 59.9969 75.7033
    endloop
  endfacet
  facet normal -0.0137464 -0.70705 0.70703
    outer loop
      vertex 1.61108 59.5871 75.2957
      vertex 2.43742 64.3249 80.0497
      vertex 1.56963 59.7956 75.5034
    endloop
  endfacet
  facet normal -0.0142382 -0.707002 0.707068
    outer loop
      vertex 1.625 59.375 75.0839
      vertex 2.43742 64.3249 80.0497
      vertex 1.61108 59.5871 75.2957
    endloop
  endfacet
  facet normal -0.0129033 -0.707124 0.706971
    outer loop
      vertex 1.61108 59.1629 74.8715
      vertex 2.43742 64.3249 80.0497
      vertex 1.625 59.375 75.0839
    endloop
  endfacet
  facet normal -0.0138587 -0.707039 0.707039
    outer loop
      vertex 1.61108 59.1629 74.8715
      vertex 0 21 36.677
      vertex 2.43742 64.3249 80.0497
    endloop
  endfacet
  facet normal -0.0135862 -0.707047 0.707036
    outer loop
      vertex 1.56963 58.9544 74.6622
      vertex 0 21 36.677
      vertex 1.61108 59.1629 74.8715
    endloop
  endfacet
  facet normal -0.013393 -0.707053 0.707033
    outer loop
      vertex 1.5013 58.7531 74.4596
      vertex 0 21 36.677
      vertex 1.56963 58.9544 74.6622
    endloop
  endfacet
  facet normal -0.0143246 -0.707026 0.707043
    outer loop
      vertex 1.40729 58.5625 74.2671
      vertex 0 21 36.677
      vertex 1.5013 58.7531 74.4596
    endloop
  endfacet
  facet normal -0.0143969 -0.707024 0.707043
    outer loop
      vertex 1.28918 58.3858 74.088
      vertex 0 21 36.677
      vertex 1.40729 58.5625 74.2671
    endloop
  endfacet
  facet normal -0.0130897 -0.707059 0.707034
    outer loop
      vertex 1.14905 58.2259 73.9255
      vertex 0 21 36.677
      vertex 1.28918 58.3858 74.088
    endloop
  endfacet
  facet normal -0.0141634 -0.707032 0.70704
    outer loop
      vertex 0.989227 58.0858 73.7822
      vertex 0 21 36.677
      vertex 1.14905 58.2259 73.9255
    endloop
  endfacet
  facet normal -0.0140051 -0.707036 0.707039
    outer loop
      vertex 0.8125 57.9677 73.6606
      vertex 0 21 36.677
      vertex 0.989227 58.0858 73.7822
    endloop
  endfacet
  facet normal -0.013721 -0.707041 0.707039
    outer loop
      vertex 0.621857 57.8737 73.5629
      vertex 0 21 36.677
      vertex 0.8125 57.9677 73.6606
    endloop
  endfacet
  facet normal -0.0140519 -0.707035 0.707038
    outer loop
      vertex 0.420578 57.8054 73.4906
      vertex 0 21 36.677
      vertex 0.621857 57.8737 73.5629
    endloop
  endfacet
  facet normal -0.0139049 -0.707038 0.707039
    outer loop
      vertex 0.212097 57.7639 73.445
      vertex 0 21 36.677
      vertex 0.420578 57.8054 73.4906
    endloop
  endfacet
  facet normal -0.0136676 -0.707041 0.707041
    outer loop
      vertex 0 21 36.677
      vertex 0.212097 57.7639 73.445
      vertex 0 57.75 73.427
    endloop
  endfacet
  facet normal -0.636221 -0.308741 0.707037
    outer loop
      vertex 58.9947 27.2842 80.677
      vertex 19.071 8.79185 36.677
      vertex 59.0293 27.2129 80.677
    endloop
  endfacet
  facet normal -0.63627 -0.308638 0.707038
    outer loop
      vertex 19.071 8.79185 36.677
      vertex 58.9947 27.2842 80.677
      vertex 18.7111 9.5338 36.677
    endloop
  endfacet
  facet normal 0.469743 0.528618 0.707039
    outer loop
      vertex -42.2141 -49.4264 80.677
      vertex -13.6384 -15.9685 36.677
      vertex -44.0628 -47.7836 80.677
    endloop
  endfacet
  facet normal 0.676708 -0.205334 0.707039
    outer loop
      vertex -61.8417 20.0103 80.677
      vertex -19.9722 6.48936 36.677
      vertex -61.8187 20.0861 80.677
    endloop
  endfacet
  facet normal 0.676718 -0.205302 0.707039
    outer loop
      vertex -19.9722 6.48936 36.677
      vertex -61.8417 20.0103 80.677
      vertex -20.2116 5.70025 36.677
    endloop
  endfacet
  facet normal 0.546611 0.448677 0.70704
    outer loop
      vertex -49.4767 -42.1529 80.677
      vertex -15.9685 -13.6384 36.677
      vertex -16.4917 -13.001 36.677
    endloop
  endfacet
  facet normal 0.546324 0.449021 0.707044
    outer loop
      vertex -15.9685 -13.6384 36.677
      vertex -49.4767 -42.1529 80.677
      vertex -49.4264 -42.2141 80.677
    endloop
  endfacet
  facet normal 0.546664 0.448615 0.707038
    outer loop
      vertex -51.0456 -40.2411 80.677
      vertex -49.4767 -42.1529 80.677
      vertex -16.4917 -13.001 36.677
    endloop
  endfacet
  facet normal 0.563844 0.426822 0.707038
    outer loop
      vertex -51.0456 -40.2411 80.677
      vertex -16.4917 -13.001 36.677
      vertex -52.5383 -38.2692 80.677
    endloop
  endfacet
  facet normal 0.62367 -0.333362 0.70704
    outer loop
      vertex -49.1892 27.5473 72.0545
      vertex -18.7111 9.5338 36.677
      vertex -18.3224 10.261 36.677
    endloop
  endfacet
  facet normal 0.623687 -0.333333 0.707039
    outer loop
      vertex -49.3249 27.4283 72.1181
      vertex -18.7111 9.5338 36.677
      vertex -49.1892 27.5473 72.0545
    endloop
  endfacet
  facet normal 0.623947 -0.332867 0.707029
    outer loop
      vertex -18.7111 9.5338 36.677
      vertex -49.3249 27.4283 72.1181
      vertex -49.3749 27.3949 72.1465
    endloop
  endfacet
  facet normal -0.658795 -0.257091 0.707031
    outer loop
      vertex 19.4015 8.03635 36.677
      vertex 60.081 24.8006 80.677
      vertex 60.0522 24.8744 80.677
    endloop
  endfacet
  facet normal -0.658546 -0.25771 0.707038
    outer loop
      vertex 60.081 24.8006 80.677
      vertex 19.4015 8.03635 36.677
      vertex 19.702 7.26846 36.677
    endloop
  endfacet
  facet normal 0.563844 -0.426822 0.707038
    outer loop
      vertex -16.4917 13.001 36.677
      vertex -51.0456 40.2411 80.677
      vertex -52.5383 38.2692 80.677
    endloop
  endfacet
  facet normal -0.469711 -0.528648 0.707038
    outer loop
      vertex 44.0628 47.7836 80.677
      vertex 14.2548 15.4208 36.677
      vertex 44.122 47.731 80.677
    endloop
  endfacet
  facet normal -0.469721 -0.528639 0.707038
    outer loop
      vertex 14.2548 15.4208 36.677
      vertex 44.0628 47.7836 80.677
      vertex 13.6384 15.9685 36.677
    endloop
  endfacet
  facet normal 0.490149 -0.509755 0.707038
    outer loop
      vertex -44.1792 47.676 80.677
      vertex -14.2548 15.4208 36.677
      vertex -44.122 47.731 80.677
    endloop
  endfacet
  facet normal 0.490177 -0.509729 0.707038
    outer loop
      vertex -14.2548 15.4208 36.677
      vertex -44.1792 47.676 80.677
      vertex -14.8492 14.8492 36.677
    endloop
  endfacet
  facet normal -0.595848 -0.380879 0.707034
    outer loop
      vertex 17.4609 11.667 36.677
      vertex 54.0882 36.0453 80.677
      vertex 54.0455 36.1121 80.677
    endloop
  endfacet
  facet normal -0.595627 -0.381218 0.707037
    outer loop
      vertex 54.0882 36.0453 80.677
      vertex 17.4609 11.667 36.677
      vertex 17.9054 10.9725 36.677
    endloop
  endfacet
  facet normal -0.381275 -0.595589 0.707039
    outer loop
      vertex 36.0453 54.0882 80.677
      vertex 33.9624 55.4216 80.677
      vertex 10.9725 17.9054 36.677
    endloop
  endfacet
  facet normal 0.426418 -0.564143 0.707043
    outer loop
      vertex -38.2486 52.5539 80.677
      vertex -12.3435 16.9894 36.677
      vertex -38.206 52.5861 80.677
    endloop
  endfacet
  facet normal 0.426929 -0.563765 0.707037
    outer loop
      vertex -38.2692 52.5383 80.677
      vertex -12.3435 16.9894 36.677
      vertex -38.2486 52.5539 80.677
    endloop
  endfacet
  facet normal 0.426812 -0.563851 0.707038
    outer loop
      vertex -12.3435 16.9894 36.677
      vertex -38.2692 52.5383 80.677
      vertex -13.001 16.4917 36.677
    endloop
  endfacet
  facet normal -0.610088 -0.357607 0.707043
    outer loop
      vertex 51.7064 31.0529 75.9996
      vertex 53.2936 31.6928 77.6928
      vertex 54.3643 33.3145 79.4369
    endloop
  endfacet
  facet normal -0.610192 -0.357428 0.707044
    outer loop
      vertex 53.2936 31.6928 77.6928
      vertex 52.0001 31.0529 76.253
      vertex 52.1377 31.0255 76.3579
    endloop
  endfacet
  facet normal -0.610019 -0.357749 0.707031
    outer loop
      vertex 53.2936 31.6928 77.6928
      vertex 51.8533 31.0625 76.1312
      vertex 52.0001 31.0529 76.253
    endloop
  endfacet
  facet normal -0.610011 -0.357765 0.70703
    outer loop
      vertex 53.2936 31.6928 77.6928
      vertex 51.7064 31.0529 75.9996
      vertex 51.8533 31.0625 76.1312
    endloop
  endfacet
  facet normal -0.610207 -0.35744 0.707025
    outer loop
      vertex 54.3643 33.3145 79.4369
      vertex 51.5621 31.0241 75.8605
      vertex 51.7064 31.0529 75.9996
    endloop
  endfacet
  facet normal -0.609639 -0.358255 0.707102
    outer loop
      vertex 54.3643 33.3145 79.4369
      vertex 51.4227 30.9769 75.7164
      vertex 51.5621 31.0241 75.8605
    endloop
  endfacet
  facet normal -0.610879 -0.356447 0.706946
    outer loop
      vertex 54.3643 33.3145 79.4369
      vertex 51.2908 30.9118 75.5696
      vertex 51.4227 30.9769 75.7164
    endloop
  endfacet
  facet normal -0.610476 -0.357041 0.706994
    outer loop
      vertex 54.3643 33.3145 79.4369
      vertex 51.1684 30.83 75.4226
      vertex 51.2908 30.9118 75.5696
    endloop
  endfacet
  facet normal -0.609895 -0.357946 0.707039
    outer loop
      vertex 50.7379 30.0843 74.674
      vertex 17.9054 10.9725 36.677
      vertex 50.7283 29.9375 74.5914
    endloop
  endfacet
  facet normal -0.610091 -0.35761 0.707039
    outer loop
      vertex 50.7666 30.2287 74.7718
      vertex 17.9054 10.9725 36.677
      vertex 50.7379 30.0843 74.674
    endloop
  endfacet
  facet normal -0.60998 -0.357799 0.707039
    outer loop
      vertex 50.8139 30.368 74.8831
      vertex 17.9054 10.9725 36.677
      vertex 50.7666 30.2287 74.7718
    endloop
  endfacet
  facet normal -0.610256 -0.357328 0.707039
    outer loop
      vertex 50.879 30.5 75.006
      vertex 17.9054 10.9725 36.677
      vertex 50.8139 30.368 74.8831
    endloop
  endfacet
  facet normal -0.609836 -0.358042 0.70704
    outer loop
      vertex 50.9607 30.6223 75.1384
      vertex 17.9054 10.9725 36.677
      vertex 50.879 30.5 75.006
    endloop
  endfacet
  facet normal -0.610693 -0.35659 0.707035
    outer loop
      vertex 51.0578 30.733 75.2781
      vertex 17.9054 10.9725 36.677
      vertex 50.9607 30.6223 75.1384
    endloop
  endfacet
  facet normal -0.610032 -0.357709 0.70704
    outer loop
      vertex 51.1684 30.83 75.4226
      vertex 17.9054 10.9725 36.677
      vertex 51.0578 30.733 75.2781
    endloop
  endfacet
  facet normal -0.610091 -0.357609 0.70704
    outer loop
      vertex 17.9054 10.9725 36.677
      vertex 51.1684 30.83 75.4226
      vertex 54.3643 33.3145 79.4369
    endloop
  endfacet
  facet normal -0.610322 -0.357199 0.707047
    outer loop
      vertex 51.2908 28.9632 74.5841
      vertex 17.9054 10.9725 36.677
      vertex 51.3195 28.949 74.6017
    endloop
  endfacet
  facet normal -0.610242 -0.357342 0.707044
    outer loop
      vertex 51.1684 29.045 74.5198
      vertex 17.9054 10.9725 36.677
      vertex 51.2908 28.9632 74.5841
    endloop
  endfacet
  facet normal -0.610157 -0.357492 0.707042
    outer loop
      vertex 51.0578 29.142 74.4734
      vertex 17.9054 10.9725 36.677
      vertex 51.1684 29.045 74.5198
    endloop
  endfacet
  facet normal -0.609736 -0.358234 0.707029
    outer loop
      vertex 50.9607 29.2526 74.4457
      vertex 17.9054 10.9725 36.677
      vertex 51.0578 29.142 74.4734
    endloop
  endfacet
  facet normal -0.610356 -0.357147 0.707045
    outer loop
      vertex 50.879 29.375 74.437
      vertex 17.9054 10.9725 36.677
      vertex 50.9607 29.2526 74.4457
    endloop
  endfacet
  facet normal -0.610067 -0.357651 0.707039
    outer loop
      vertex 50.8139 29.507 74.4476
      vertex 17.9054 10.9725 36.677
      vertex 50.879 29.375 74.437
    endloop
  endfacet
  facet normal -0.609948 -0.357858 0.707037
    outer loop
      vertex 50.7666 29.6463 74.4773
      vertex 17.9054 10.9725 36.677
      vertex 50.8139 29.507 74.4476
    endloop
  endfacet
  facet normal -0.610142 -0.357522 0.707039
    outer loop
      vertex 50.7379 29.7906 74.5255
      vertex 17.9054 10.9725 36.677
      vertex 50.7666 29.6463 74.4773
    endloop
  endfacet
  facet normal -0.610403 -0.357072 0.707042
    outer loop
      vertex 17.9054 10.9725 36.677
      vertex 50.7379 29.7906 74.5255
      vertex 50.7283 29.9375 74.5914
    endloop
  endfacet
  facet normal 0.178548 0.684264 0.707038
    outer loop
      vertex -15.2506 -63.184 80.677
      vertex -4.90235 -20.4198 36.677
      vertex -5.70025 -20.2116 36.677
    endloop
  endfacet
  facet normal 0.178434 0.684293 0.707039
    outer loop
      vertex -4.90235 -20.4198 36.677
      vertex -15.2506 -63.184 80.677
      vertex -15.1739 -63.204 80.677
    endloop
  endfacet
  facet normal 0.178544 0.684265 0.707038
    outer loop
      vertex -15.2506 -63.184 80.677
      vertex -5.70025 -20.2116 36.677
      vertex -17.6436 -62.5596 80.677
    endloop
  endfacet
  facet normal 0.703737 -0.0696151 0.707041
    outer loop
      vertex -64.5572 7.56108 80.677
      vertex -20.8544 2.46828 36.677
      vertex -64.5494 7.63993 80.677
    endloop
  endfacet
  facet normal 0.703763 -0.0693781 0.707039
    outer loop
      vertex -20.8544 2.46828 36.677
      vertex -64.5572 7.56108 80.677
      vertex -20.9353 1.64764 36.677
    endloop
  endfacet
  facet normal -0.231907 -0.668071 0.707036
    outer loop
      vertex 6.48936 19.9722 36.677
      vertex 20.161 61.7927 80.677
      vertex 20.0861 61.8187 80.677
    endloop
  endfacet
  facet normal -0.231716 -0.668135 0.707038
    outer loop
      vertex 20.161 61.7927 80.677
      vertex 6.48936 19.9722 36.677
      vertex 7.26846 19.702 36.677
    endloop
  endfacet
  facet normal 0.426812 0.563851 0.707038
    outer loop
      vertex -38.2692 -52.5383 80.677
      vertex -12.3435 -16.9894 36.677
      vertex -13.001 -16.4917 36.677
    endloop
  endfacet
  facet normal 0.426418 0.564143 0.707043
    outer loop
      vertex -12.3435 -16.9894 36.677
      vertex -38.2486 -52.5539 80.677
      vertex -38.206 -52.5861 80.677
    endloop
  endfacet
  facet normal 0.426929 0.563765 0.707037
    outer loop
      vertex -12.3435 -16.9894 36.677
      vertex -38.2692 -52.5383 80.677
      vertex -38.2486 -52.5539 80.677
    endloop
  endfacet
  facet normal 0.528648 -0.469711 0.707038
    outer loop
      vertex -47.7836 44.0628 80.677
      vertex -15.4208 14.2548 36.677
      vertex -47.731 44.122 80.677
    endloop
  endfacet
  facet normal 0.528639 -0.469721 0.707038
    outer loop
      vertex -15.4208 14.2548 36.677
      vertex -47.7836 44.0628 80.677
      vertex -15.9685 13.6384 36.677
    endloop
  endfacet
  facet normal 0.448677 -0.546611 0.70704
    outer loop
      vertex -42.1529 49.4767 80.677
      vertex -13.6384 15.9685 36.677
      vertex -13.001 16.4917 36.677
    endloop
  endfacet
  facet normal 0.449021 -0.546324 0.707044
    outer loop
      vertex -13.6384 15.9685 36.677
      vertex -42.1529 49.4767 80.677
      vertex -42.2141 49.4264 80.677
    endloop
  endfacet
  facet normal 0.668135 0.231716 0.707038
    outer loop
      vertex -19.9722 -6.48936 36.677
      vertex -61.7927 -20.161 80.677
      vertex -19.702 -7.26846 36.677
    endloop
  endfacet
  facet normal 0.668071 0.231907 0.707036
    outer loop
      vertex -61.7927 -20.161 80.677
      vertex -19.9722 -6.48936 36.677
      vertex -61.8187 -20.0861 80.677
    endloop
  endfacet
  facet normal -0.404405 0.580131 0.707039
    outer loop
      vertex 11.667 -17.4609 36.677
      vertex 37.522 -53.0629 80.677
      vertex 38.141 -52.6314 80.677
    endloop
  endfacet
  facet normal -0.404342 0.580176 0.707038
    outer loop
      vertex 37.522 -53.0629 80.677
      vertex 11.667 -17.4609 36.677
      vertex 36.1121 -54.0455 80.677
    endloop
  endfacet
  facet normal 0.381218 -0.595627 0.707037
    outer loop
      vertex -36.0453 54.0882 80.677
      vertex -11.667 17.4609 36.677
      vertex -10.9725 17.9054 36.677
    endloop
  endfacet
  facet normal 0.380879 -0.595848 0.707034
    outer loop
      vertex -11.667 17.4609 36.677
      vertex -36.0453 54.0882 80.677
      vertex -36.1121 54.0455 80.677
    endloop
  endfacet
  facet normal 0.381275 -0.595589 0.707039
    outer loop
      vertex -10.9725 17.9054 36.677
      vertex -33.9624 55.4216 80.677
      vertex -36.0453 54.0882 80.677
    endloop
  endfacet
  facet normal 0.448677 0.546611 0.70704
    outer loop
      vertex -13.6384 -15.9685 36.677
      vertex -42.1529 -49.4767 80.677
      vertex -13.001 -16.4917 36.677
    endloop
  endfacet
  facet normal 0.449021 0.546324 0.707044
    outer loop
      vertex -42.1529 -49.4767 80.677
      vertex -13.6384 -15.9685 36.677
      vertex -42.2141 -49.4264 80.677
    endloop
  endfacet
  facet normal -0.380879 -0.595848 0.707034
    outer loop
      vertex 36.0453 54.0882 80.677
      vertex 11.667 17.4609 36.677
      vertex 36.1121 54.0455 80.677
    endloop
  endfacet
  facet normal -0.381218 -0.595627 0.707037
    outer loop
      vertex 11.667 17.4609 36.677
      vertex 36.0453 54.0882 80.677
      vertex 10.9725 17.9054 36.677
    endloop
  endfacet
  facet normal 0.205302 -0.676718 0.707039
    outer loop
      vertex -20.0103 61.8417 80.677
      vertex -6.48936 19.9722 36.677
      vertex -5.70025 20.2116 36.677
    endloop
  endfacet
  facet normal 0.205334 -0.676708 0.707039
    outer loop
      vertex -6.48936 19.9722 36.677
      vertex -20.0103 61.8417 80.677
      vertex -20.0861 61.8187 80.677
    endloop
  endfacet
  facet normal -0.668138 -0.231707 0.707039
    outer loop
      vertex 19.702 7.26846 36.677
      vertex 61.5363 20.9004 80.677
      vertex 60.9824 22.4976 80.677
    endloop
  endfacet
  facet normal -0.668143 -0.231691 0.707039
    outer loop
      vertex 61.5363 20.9004 80.677
      vertex 19.702 7.26846 36.677
      vertex 61.7927 20.161 80.677
    endloop
  endfacet
  facet normal 0.703763 0.0693781 0.707039
    outer loop
      vertex -64.5572 -7.56108 80.677
      vertex -20.8544 -2.46828 36.677
      vertex -20.9353 -1.64764 36.677
    endloop
  endfacet
  facet normal 0.703737 0.0696151 0.707041
    outer loop
      vertex -20.8544 -2.46828 36.677
      vertex -64.5572 -7.56108 80.677
      vertex -64.5494 -7.63993 80.677
    endloop
  endfacet
  facet normal 0.178434 -0.684293 0.707039
    outer loop
      vertex -15.2506 63.184 80.677
      vertex -4.90235 20.4198 36.677
      vertex -15.1739 63.204 80.677
    endloop
  endfacet
  facet normal 0.178548 -0.684264 0.707038
    outer loop
      vertex -4.90235 20.4198 36.677
      vertex -15.2506 63.184 80.677
      vertex -5.70025 20.2116 36.677
    endloop
  endfacet
  facet normal 0.0693781 -0.703763 0.707039
    outer loop
      vertex -7.56108 64.5572 80.677
      vertex -2.46828 20.8544 36.677
      vertex -1.64764 20.9353 36.677
    endloop
  endfacet
  facet normal 0.0696151 -0.703737 0.707041
    outer loop
      vertex -2.46828 20.8544 36.677
      vertex -7.56108 64.5572 80.677
      vertex -7.63993 64.5494 80.677
    endloop
  endfacet
  facet normal -0.357379 -0.610224 0.707041
    outer loop
      vertex 10.261 18.3224 36.677
      vertex 31.8287 56.6722 80.677
      vertex 31.7604 56.7122 80.677
    endloop
  endfacet
  facet normal -0.357577 -0.61011 0.707039
    outer loop
      vertex 31.8287 56.6722 80.677
      vertex 10.261 18.3224 36.677
      vertex 10.9725 17.9054 36.677
    endloop
  endfacet
  facet normal -0.357577 0.61011 0.707039
    outer loop
      vertex 10.261 -18.3224 36.677
      vertex 31.8287 -56.6722 80.677
      vertex 10.9725 -17.9054 36.677
    endloop
  endfacet
  facet normal -0.357379 0.610224 0.707041
    outer loop
      vertex 31.8287 -56.6722 80.677
      vertex 10.261 -18.3224 36.677
      vertex 31.7604 -56.7122 80.677
    endloop
  endfacet
  facet normal 0.283427 0.647894 0.707038
    outer loop
      vertex -24.947 -60.0204 80.677
      vertex -8.03635 -19.4015 36.677
      vertex -8.79185 -19.071 36.677
    endloop
  endfacet
  facet normal 0.283731 0.647764 0.707035
    outer loop
      vertex -8.03635 -19.4015 36.677
      vertex -24.947 -60.0204 80.677
      vertex -24.8744 -60.0522 80.677
    endloop
  endfacet
  facet normal -0.705949 -0.041633 0.707038
    outer loop
      vertex 64.9452 2.63098 80.677
      vertex 64.7996 5.09984 80.677
      vertex 20.9353 1.64764 36.677
    endloop
  endfacet
  facet normal -0.705933 -0.0419507 0.707036
    outer loop
      vertex 64.9452 2.63098 80.677
      vertex 20.9838 0.824455 36.677
      vertex 64.9499 2.55189 80.677
    endloop
  endfacet
  facet normal -0.70595 -0.0415928 0.707039
    outer loop
      vertex 20.9838 0.824455 36.677
      vertex 64.9452 2.63098 80.677
      vertex 20.9353 1.64764 36.677
    endloop
  endfacet
  facet normal 0.684264 -0.178548 0.707038
    outer loop
      vertex -63.184 15.2506 80.677
      vertex -20.4198 4.90235 36.677
      vertex -20.2116 5.70025 36.677
    endloop
  endfacet
  facet normal 0.684293 -0.178434 0.707039
    outer loop
      vertex -20.4198 4.90235 36.677
      vertex -63.184 15.2506 80.677
      vertex -63.204 15.1739 80.677
    endloop
  endfacet
  facet normal -0.696046 -0.124931 0.707044
    outer loop
      vertex 20.5965 4.0969 36.677
      vertex 63.765 12.6029 80.677
      vertex 63.751 12.6809 80.677
    endloop
  endfacet
  facet normal -0.696156 -0.124347 0.707039
    outer loop
      vertex 63.765 12.6029 80.677
      vertex 20.5965 4.0969 36.677
      vertex 20.7415 3.28512 36.677
    endloop
  endfacet
  facet normal -0.178548 0.684264 0.707038
    outer loop
      vertex 4.90235 -20.4198 36.677
      vertex 15.2506 -63.184 80.677
      vertex 5.70025 -20.2116 36.677
    endloop
  endfacet
  facet normal -0.178434 0.684293 0.707039
    outer loop
      vertex 15.2506 -63.184 80.677
      vertex 4.90235 -20.4198 36.677
      vertex 15.1739 -63.204 80.677
    endloop
  endfacet
  facet normal 0.61011 -0.357577 0.707039
    outer loop
      vertex -49.0215 27.7127 71.9935
      vertex -18.3224 10.261 36.677
      vertex -17.9054 10.9725 36.677
    endloop
  endfacet
  facet normal 0.610198 -0.357425 0.70704
    outer loop
      vertex -49.0913 27.6331 72.0135
      vertex -18.3224 10.261 36.677
      vertex -49.0215 27.7127 71.9935
    endloop
  endfacet
  facet normal 0.609862 -0.358008 0.707035
    outer loop
      vertex -18.3224 10.261 36.677
      vertex -49.0913 27.6331 72.0135
      vertex -49.1892 27.5473 72.0545
    endloop
  endfacet
  facet normal 0.308618 0.636279 0.707039
    outer loop
      vertex -27.2842 -58.9947 80.677
      vertex -9.5338 -18.7111 36.677
      vertex -29.5094 -57.9154 80.677
    endloop
  endfacet
  facet normal -0.124931 0.696046 0.707044
    outer loop
      vertex 4.0969 -20.5965 36.677
      vertex 12.6029 -63.765 80.677
      vertex 12.6809 -63.751 80.677
    endloop
  endfacet
  facet normal -0.124347 0.696156 0.707039
    outer loop
      vertex 12.6029 -63.765 80.677
      vertex 4.0969 -20.5965 36.677
      vertex 3.28512 -20.7415 36.677
    endloop
  endfacet
  facet normal 0.62367 0.333362 0.70704
    outer loop
      vertex -18.7111 -9.5338 36.677
      vertex -47.8504 -26.7975 70.52
      vertex -18.3224 -10.261 36.677
    endloop
  endfacet
  facet normal 0.623926 0.332907 0.707029
    outer loop
      vertex -18.7111 -9.5338 36.677
      vertex -47.9115 -26.7278 70.5411
      vertex -47.8504 -26.7975 70.52
    endloop
  endfacet
  facet normal 0.623668 0.333366 0.70704
    outer loop
      vertex -47.9115 -26.7278 70.5411
      vertex -18.7111 -9.5338 36.677
      vertex -48.0385 -26.6164 70.6006
    endloop
  endfacet
  facet normal -0.528648 -0.469711 0.707038
    outer loop
      vertex 15.4208 14.2548 36.677
      vertex 47.7836 44.0628 80.677
      vertex 47.731 44.122 80.677
    endloop
  endfacet
  facet normal -0.528639 -0.469721 0.707038
    outer loop
      vertex 47.7836 44.0628 80.677
      vertex 15.4208 14.2548 36.677
      vertex 15.9685 13.6384 36.677
    endloop
  endfacet
  facet normal 0.151528 -0.69075 0.707039
    outer loop
      vertex -14.6935 63.3095 80.677
      vertex -4.0969 20.5965 36.677
      vertex -12.6809 63.751 80.677
    endloop
  endfacet
  facet normal 0.151647 -0.690722 0.70704
    outer loop
      vertex -4.0969 20.5965 36.677
      vertex -14.6935 63.3095 80.677
      vertex -15.0966 63.221 80.677
    endloop
  endfacet
  facet normal 0.231907 -0.668071 0.707036
    outer loop
      vertex -20.161 61.7927 80.677
      vertex -6.48936 19.9722 36.677
      vertex -20.0861 61.8187 80.677
    endloop
  endfacet
  facet normal 0.231716 -0.668135 0.707038
    outer loop
      vertex -6.48936 19.9722 36.677
      vertex -20.161 61.7927 80.677
      vertex -7.26846 19.702 36.677
    endloop
  endfacet
  facet normal 0.700514 -0.096822 0.70704
    outer loop
      vertex -64.5386 7.71841 80.677
      vertex -20.8544 2.46828 36.677
      vertex -20.7415 3.28512 36.677
    endloop
  endfacet
  facet normal 0.700568 -0.0964084 0.707043
    outer loop
      vertex -64.5386 7.71841 80.677
      vertex -64.5494 7.63993 80.677
      vertex -20.8544 2.46828 36.677
    endloop
  endfacet
  facet normal 0.696156 0.124347 0.707039
    outer loop
      vertex -63.765 -12.6029 80.677
      vertex -20.5965 -4.0969 36.677
      vertex -20.7415 -3.28512 36.677
    endloop
  endfacet
  facet normal 0.696046 0.124931 0.707044
    outer loop
      vertex -20.5965 -4.0969 36.677
      vertex -63.765 -12.6029 80.677
      vertex -63.751 -12.6809 80.677
    endloop
  endfacet
  facet normal -0.546324 -0.449021 0.707044
    outer loop
      vertex 15.9685 13.6384 36.677
      vertex 49.4767 42.1529 80.677
      vertex 49.4264 42.2141 80.677
    endloop
  endfacet
  facet normal -0.546611 -0.448677 0.70704
    outer loop
      vertex 49.4767 42.1529 80.677
      vertex 15.9685 13.6384 36.677
      vertex 16.4917 13.001 36.677
    endloop
  endfacet
  facet normal -0.333355 -0.623675 0.707039
    outer loop
      vertex 31.6905 56.7496 80.677
      vertex 29.5094 57.9154 80.677
      vertex 9.5338 18.7111 36.677
    endloop
  endfacet
  facet normal 0.333362 0.623671 0.707039
    outer loop
      vertex -10.261 -18.3224 36.677
      vertex -31.6905 -56.7496 80.677
      vertex -9.5338 -18.7111 36.677
    endloop
  endfacet
  facet normal 0.33362 0.62353 0.707042
    outer loop
      vertex -31.7604 -56.7122 80.677
      vertex -31.6905 -56.7496 80.677
      vertex -10.261 -18.3224 36.677
    endloop
  endfacet
  facet normal -0.509755 -0.490149 0.707038
    outer loop
      vertex 47.676 44.1792 80.677
      vertex 15.4208 14.2548 36.677
      vertex 47.731 44.122 80.677
    endloop
  endfacet
  facet normal -0.509729 -0.490177 0.707038
    outer loop
      vertex 15.4208 14.2548 36.677
      vertex 47.676 44.1792 80.677
      vertex 14.8492 14.8492 36.677
    endloop
  endfacet
  facet normal -0.469743 -0.528618 0.707039
    outer loop
      vertex 44.0628 47.7836 80.677
      vertex 42.2141 49.4264 80.677
      vertex 13.6384 15.9685 36.677
    endloop
  endfacet
  facet normal -0.0693008 -0.703772 0.707038
    outer loop
      vertex 6.23378 64.6879 80.677
      vertex 1.64764 20.9353 36.677
      vertex 7.56108 64.5572 80.677
    endloop
  endfacet
  facet normal -0.0693256 -0.703769 0.707038
    outer loop
      vertex 1.64764 20.9353 36.677
      vertex 6.23378 64.6879 80.677
      vertex 5.09984 64.7996 80.677
    endloop
  endfacet
  facet normal 0.705949 -0.041633 0.707038
    outer loop
      vertex -20.9353 1.64764 36.677
      vertex -64.7996 5.09984 80.677
      vertex -64.9452 2.63098 80.677
    endloop
  endfacet
  facet normal -0.700568 -0.0964084 0.707043
    outer loop
      vertex 64.5386 7.71841 80.677
      vertex 20.8544 2.46828 36.677
      vertex 64.5494 7.63993 80.677
    endloop
  endfacet
  facet normal -0.700514 -0.096822 0.70704
    outer loop
      vertex 20.8544 2.46828 36.677
      vertex 64.5386 7.71841 80.677
      vertex 20.7415 3.28512 36.677
    endloop
  endfacet
  facet normal 0.546664 -0.448615 0.707038
    outer loop
      vertex -16.4917 13.001 36.677
      vertex -49.4767 42.1529 80.677
      vertex -51.0456 40.2411 80.677
    endloop
  endfacet
  facet normal -0.308638 0.63627 0.707038
    outer loop
      vertex 8.79185 -19.071 36.677
      vertex 27.2842 -58.9947 80.677
      vertex 9.5338 -18.7111 36.677
    endloop
  endfacet
  facet normal -0.308741 0.636221 0.707037
    outer loop
      vertex 27.2842 -58.9947 80.677
      vertex 8.79185 -19.071 36.677
      vertex 27.2129 -59.0293 80.677
    endloop
  endfacet
  facet normal 0.0137601 -0.707042 0.707038
    outer loop
      vertex -0.824455 20.9838 36.677
      vertex -2.43742 64.3249 80.0497
      vertex -2.535 64.52 80.2467
    endloop
  endfacet
  facet normal 0.0138928 -0.707038 0.707039
    outer loop
      vertex -2.43742 64.3249 80.0497
      vertex -0.824455 20.9838 36.677
      vertex 0 21 36.677
    endloop
  endfacet
  facet normal -0.610154 -0.3575 0.70704
    outer loop
      vertex 51.4227 28.8981 74.665
      vertex 18.3224 10.261 36.677
      vertex 51.5339 28.8604 74.7419
    endloop
  endfacet
  facet normal -0.610073 -0.357641 0.707039
    outer loop
      vertex 51.3195 28.949 74.6017
      vertex 18.3224 10.261 36.677
      vertex 51.4227 28.8981 74.665
    endloop
  endfacet
  facet normal -0.61011 -0.357577 0.707039
    outer loop
      vertex 18.3224 10.261 36.677
      vertex 51.3195 28.949 74.6017
      vertex 17.9054 10.9725 36.677
    endloop
  endfacet
  facet normal -0.614205 -0.350466 0.707054
    outer loop
      vertex 54.1202 30.3088 77.7062
      vertex 54.0936 30.3072 77.6823
      vertex 53.3239 29.8628 76.7934
    endloop
  endfacet
  facet normal -0.546664 -0.448615 0.707038
    outer loop
      vertex 51.0456 40.2411 80.677
      vertex 49.4767 42.1529 80.677
      vertex 16.4917 13.001 36.677
    endloop
  endfacet
  facet normal 0.124296 -0.696166 0.707038
    outer loop
      vertex -3.28512 20.7415 36.677
      vertex -10.1682 64.1997 80.677
      vertex -12.6029 63.765 80.677
    endloop
  endfacet
  facet normal 0.690722 -0.151647 0.70704
    outer loop
      vertex -63.3095 14.6935 80.677
      vertex -20.5965 4.0969 36.677
      vertex -63.221 15.0966 80.677
    endloop
  endfacet
  facet normal 0.69075 -0.151528 0.707039
    outer loop
      vertex -20.5965 4.0969 36.677
      vertex -63.3095 14.6935 80.677
      vertex -63.751 12.6809 80.677
    endloop
  endfacet
  facet normal -0.0969066 -0.700504 0.707038
    outer loop
      vertex 10.1682 64.1997 80.677
      vertex 7.71841 64.5386 80.677
      vertex 3.28512 20.7415 36.677
    endloop
  endfacet
  facet normal 0.357379 -0.610224 0.707041
    outer loop
      vertex -31.8287 56.6722 80.677
      vertex -10.261 18.3224 36.677
      vertex -31.7604 56.7122 80.677
    endloop
  endfacet
  facet normal 0.357577 -0.61011 0.707039
    outer loop
      vertex -10.261 18.3224 36.677
      vertex -31.8287 56.6722 80.677
      vertex -10.9725 17.9054 36.677
    endloop
  endfacet
  facet normal -0.308618 0.636279 0.707039
    outer loop
      vertex 27.2842 -58.9947 80.677
      vertex 29.5094 -57.9154 80.677
      vertex 9.5338 -18.7111 36.677
    endloop
  endfacet
  facet normal -0.205274 -0.676727 0.707038
    outer loop
      vertex 20.0103 61.8417 80.677
      vertex 17.6436 62.5596 80.677
      vertex 5.70025 20.2116 36.677
    endloop
  endfacet
  facet normal -0.283394 -0.647908 0.707039
    outer loop
      vertex 27.2129 59.0293 80.677
      vertex 24.947 60.0204 80.677
      vertex 8.79185 19.071 36.677
    endloop
  endfacet
  facet normal -0.610098 0.357597 0.707039
    outer loop
      vertex 18.3224 -10.261 36.677
      vertex 44.1426 -25.0879 66.456
      vertex 44.321 -24.8209 66.4749
    endloop
  endfacet
  facet normal -0.61011 0.357577 0.707039
    outer loop
      vertex 44.1426 -25.0879 66.456
      vertex 18.3224 -10.261 36.677
      vertex 17.9054 -10.9725 36.677
    endloop
  endfacet
  facet normal -0.703737 -0.0696151 0.707041
    outer loop
      vertex 20.8544 2.46828 36.677
      vertex 64.5572 7.56108 80.677
      vertex 64.5494 7.63993 80.677
    endloop
  endfacet
  facet normal -0.703763 -0.0693781 0.707039
    outer loop
      vertex 64.5572 7.56108 80.677
      vertex 20.8544 2.46828 36.677
      vertex 20.9353 1.64764 36.677
    endloop
  endfacet
  facet normal -0.33362 0.62353 0.707042
    outer loop
      vertex 10.261 -18.3224 36.677
      vertex 31.6905 -56.7496 80.677
      vertex 31.7604 -56.7122 80.677
    endloop
  endfacet
  facet normal -0.333362 0.623671 0.707039
    outer loop
      vertex 31.6905 -56.7496 80.677
      vertex 10.261 -18.3224 36.677
      vertex 9.5338 -18.7111 36.677
    endloop
  endfacet
  facet normal -0.676727 -0.205274 0.707038
    outer loop
      vertex 62.5596 17.6436 80.677
      vertex 61.8417 20.0103 80.677
      vertex 20.2116 5.70025 36.677
    endloop
  endfacet
  facet normal 0.703772 -0.0693008 0.707038
    outer loop
      vertex -64.6879 6.23378 80.677
      vertex -20.9353 1.64764 36.677
      vertex -64.5572 7.56108 80.677
    endloop
  endfacet
  facet normal 0.703769 -0.0693256 0.707038
    outer loop
      vertex -20.9353 1.64764 36.677
      vertex -64.6879 6.23378 80.677
      vertex -64.7996 5.09984 80.677
    endloop
  endfacet
  facet normal 0.70595 -0.0415928 0.707039
    outer loop
      vertex -64.9452 2.63098 80.677
      vertex -20.9838 0.824455 36.677
      vertex -20.9353 1.64764 36.677
    endloop
  endfacet
  facet normal 0.705933 -0.0419507 0.707036
    outer loop
      vertex -20.9838 0.824455 36.677
      vertex -64.9452 2.63098 80.677
      vertex -64.9499 2.55189 80.677
    endloop
  endfacet
  facet normal 0.696166 -0.124296 0.707038
    outer loop
      vertex -64.1997 10.1682 80.677
      vertex -20.7415 3.28512 36.677
      vertex -63.765 12.6029 80.677
    endloop
  endfacet
  facet normal 0.696046 -0.124931 0.707044
    outer loop
      vertex -63.765 12.6029 80.677
      vertex -20.5965 4.0969 36.677
      vertex -63.751 12.6809 80.677
    endloop
  endfacet
  facet normal 0.696156 -0.124347 0.707039
    outer loop
      vertex -20.5965 4.0969 36.677
      vertex -63.765 12.6029 80.677
      vertex -20.7415 3.28512 36.677
    endloop
  endfacet
  facet normal 0.690667 -0.151893 0.707041
    outer loop
      vertex -63.221 15.0966 80.677
      vertex -20.4198 4.90235 36.677
      vertex -63.204 15.1739 80.677
    endloop
  endfacet
  facet normal 0.690749 -0.151537 0.707038
    outer loop
      vertex -20.4198 4.90235 36.677
      vertex -63.221 15.0966 80.677
      vertex -20.5965 4.0969 36.677
    endloop
  endfacet
  facet normal -0.623623 0.333447 0.707041
    outer loop
      vertex 18.7111 -9.5338 36.677
      vertex 44.3232 -24.8176 66.4753
      vertex 44.5352 -24.5759 66.5483
    endloop
  endfacet
  facet normal -0.625013 0.330982 0.706972
    outer loop
      vertex 18.7111 -9.5338 36.677
      vertex 44.321 -24.8209 66.4749
      vertex 44.3232 -24.8176 66.4753
    endloop
  endfacet
  facet normal -0.623671 0.333362 0.707039
    outer loop
      vertex 44.321 -24.8209 66.4749
      vertex 18.7111 -9.5338 36.677
      vertex 18.3224 -10.261 36.677
    endloop
  endfacet
  facet normal -0.205334 0.676708 0.707039
    outer loop
      vertex 6.48936 -19.9722 36.677
      vertex 20.0103 -61.8417 80.677
      vertex 20.0861 -61.8187 80.677
    endloop
  endfacet
  facet normal -0.205302 0.676718 0.707039
    outer loop
      vertex 20.0103 -61.8417 80.677
      vertex 6.48936 -19.9722 36.677
      vertex 5.70025 -20.2116 36.677
    endloop
  endfacet
  facet normal -0.124296 -0.696166 0.707038
    outer loop
      vertex 12.6029 63.765 80.677
      vertex 10.1682 64.1997 80.677
      vertex 3.28512 20.7415 36.677
    endloop
  endfacet
  facet normal -0.124931 -0.696046 0.707044
    outer loop
      vertex 12.6029 63.765 80.677
      vertex 4.0969 20.5965 36.677
      vertex 12.6809 63.751 80.677
    endloop
  endfacet
  facet normal -0.124347 -0.696156 0.707039
    outer loop
      vertex 4.0969 20.5965 36.677
      vertex 12.6029 63.765 80.677
      vertex 3.28512 20.7415 36.677
    endloop
  endfacet
  facet normal -0.178434 -0.684293 0.707039
    outer loop
      vertex 4.90235 20.4198 36.677
      vertex 15.2506 63.184 80.677
      vertex 15.1739 63.204 80.677
    endloop
  endfacet
  facet normal -0.178548 -0.684264 0.707038
    outer loop
      vertex 15.2506 63.184 80.677
      vertex 4.90235 20.4198 36.677
      vertex 5.70025 20.2116 36.677
    endloop
  endfacet
  facet normal -0.151893 -0.690667 0.707041
    outer loop
      vertex 15.0966 63.221 80.677
      vertex 4.90235 20.4198 36.677
      vertex 15.1739 63.204 80.677
    endloop
  endfacet
  facet normal -0.151537 -0.690749 0.707038
    outer loop
      vertex 4.90235 20.4198 36.677
      vertex 15.0966 63.221 80.677
      vertex 4.0969 20.5965 36.677
    endloop
  endfacet
  facet normal -0.998273 -0.0587426 0
    outer loop
      vertex 14.9884 0.588897 0
      vertex 14.9538 1.17689 36.677
      vertex 14.9538 1.17689 0
    endloop
  endfacet
  facet normal -0.998273 -0.0587426 0
    outer loop
      vertex 14.9538 1.17689 36.677
      vertex 14.9884 0.588897 0
      vertex 14.9884 0.588897 36.677
    endloop
  endfacet
  facet normal -0.999806 -0.019694 0
    outer loop
      vertex 15 0 0
      vertex 14.9884 0.588897 36.677
      vertex 14.9884 0.588897 0
    endloop
  endfacet
  facet normal -0.999806 -0.019694 0
    outer loop
      vertex 14.9884 0.588897 36.677
      vertex 15 0 0
      vertex 15 0 36.677
    endloop
  endfacet
  facet normal -0.995174 -0.0981303 0
    outer loop
      vertex 14.9538 1.17689 0
      vertex 14.896 1.76306 36.677
      vertex 14.896 1.76306 0
    endloop
  endfacet
  facet normal -0.995174 -0.0981303 0
    outer loop
      vertex 14.896 1.76306 36.677
      vertex 14.9538 1.17689 0
      vertex 14.9538 1.17689 36.677
    endloop
  endfacet
  facet normal 0.74746 0.664307 0
    outer loop
      vertex -11.0148 -10.182 36.677
      vertex -11.4061 -9.74172 0
      vertex -11.4061 -9.74172 36.677
    endloop
  endfacet
  facet normal 0.74746 0.664307 0
    outer loop
      vertex -11.4061 -9.74172 0
      vertex -11.0148 -10.182 36.677
      vertex -11.0148 -10.182 0
    endloop
  endfacet
  facet normal -0.0981303 0.995174 0
    outer loop
      vertex 1.76306 -14.896 0
      vertex 1.17689 -14.9538 36.677
      vertex 1.76306 -14.896 36.677
    endloop
  endfacet
  facet normal -0.0981303 0.995174 0
    outer loop
      vertex 1.17689 -14.9538 36.677
      vertex 1.76306 -14.896 0
      vertex 1.17689 -14.9538 0
    endloop
  endfacet
  facet normal 0.999806 -0.019694 0
    outer loop
      vertex -15 0 36.677
      vertex -14.9884 0.588897 0
      vertex -14.9884 0.588897 36.677
    endloop
  endfacet
  facet normal 0.999806 -0.019694 0
    outer loop
      vertex -14.9884 0.588897 0
      vertex -15 0 36.677
      vertex -15 0 0
    endloop
  endfacet
  facet normal -0.77298 0.634431 0
    outer loop
      vertex 11.4061 -9.74172 0
      vertex 11.7798 -9.28641 36.677
      vertex 11.7798 -9.28641 0
    endloop
  endfacet
  facet normal -0.77298 0.634431 0
    outer loop
      vertex 11.7798 -9.28641 36.677
      vertex 11.4061 -9.74172 0
      vertex 11.4061 -9.74172 36.677
    endloop
  endfacet
  facet normal -0.175723 -0.98444 0
    outer loop
      vertex 2.34652 14.8153 0
      vertex 2.92635 14.7118 36.677
      vertex 2.34652 14.8153 36.677
    endloop
  endfacet
  facet normal -0.175723 -0.98444 -0
    outer loop
      vertex 2.92635 14.7118 36.677
      vertex 2.34652 14.8153 0
      vertex 2.92635 14.7118 0
    endloop
  endfacet
  facet normal 0.899781 -0.436342 0
    outer loop
      vertex -13.6221 6.2799 36.677
      vertex -13.3651 6.80986 0
      vertex -13.3651 6.80986 36.677
    endloop
  endfacet
  facet normal 0.899781 -0.436342 0
    outer loop
      vertex -13.3651 6.80986 0
      vertex -13.6221 6.2799 36.677
      vertex -13.6221 6.2799 0
    endloop
  endfacet
  facet normal -0.0981303 -0.995174 0
    outer loop
      vertex 1.17689 14.9538 0
      vertex 1.76306 14.896 36.677
      vertex 1.17689 14.9538 36.677
    endloop
  endfacet
  facet normal -0.0981303 -0.995174 -0
    outer loop
      vertex 1.76306 14.896 36.677
      vertex 1.17689 14.9538 0
      vertex 1.76306 14.896 0
    endloop
  endfacet
  facet normal 0.603555 -0.797321 0
    outer loop
      vertex -9.28641 11.7798 0
      vertex -8.81678 12.1353 36.677
      vertex -9.28641 11.7798 36.677
    endloop
  endfacet
  facet normal 0.603555 -0.797321 0
    outer loop
      vertex -8.81678 12.1353 36.677
      vertex -9.28641 11.7798 0
      vertex -8.81678 12.1353 0
    endloop
  endfacet
  facet normal 0.967608 -0.252458 0
    outer loop
      vertex -14.5855 3.50168 36.677
      vertex -14.4368 4.07161 0
      vertex -14.4368 4.07161 36.677
    endloop
  endfacet
  facet normal 0.967608 -0.252458 0
    outer loop
      vertex -14.4368 4.07161 0
      vertex -14.5855 3.50168 36.677
      vertex -14.5855 3.50168 0
    endloop
  endfacet
  facet normal -0.95693 -0.290318 0
    outer loop
      vertex 14.4368 4.07161 0
      vertex 14.2658 4.63525 36.677
      vertex 14.2658 4.63525 0
    endloop
  endfacet
  facet normal -0.95693 -0.290318 0
    outer loop
      vertex 14.2658 4.63525 36.677
      vertex 14.4368 4.07161 0
      vertex 14.4368 4.07161 36.677
    endloop
  endfacet
  facet normal 0.327508 0.944849 -0
    outer loop
      vertex -4.63525 -14.2658 0
      vertex -5.19176 -14.0729 36.677
      vertex -4.63525 -14.2658 36.677
    endloop
  endfacet
  facet normal 0.327508 0.944849 0
    outer loop
      vertex -5.19176 -14.0729 36.677
      vertex -4.63525 -14.2658 0
      vertex -5.19176 -14.0729 0
    endloop
  endfacet
  facet normal 0.842183 0.539192 0
    outer loop
      vertex -12.472 -8.33355 36.677
      vertex -12.7896 -7.83748 0
      vertex -12.7896 -7.83748 36.677
    endloop
  endfacet
  facet normal 0.842183 0.539192 0
    outer loop
      vertex -12.7896 -7.83748 0
      vertex -12.472 -8.33355 36.677
      vertex -12.472 -8.33355 0
    endloop
  endfacet
  facet normal -0.74746 0.664307 0
    outer loop
      vertex 11.0148 -10.182 0
      vertex 11.4061 -9.74172 36.677
      vertex 11.4061 -9.74172 0
    endloop
  endfacet
  facet normal -0.74746 0.664307 0
    outer loop
      vertex 11.4061 -9.74172 36.677
      vertex 11.0148 -10.182 0
      vertex 11.0148 -10.182 36.677
    endloop
  endfacet
  facet normal 0.327508 -0.944849 0
    outer loop
      vertex -5.19176 14.0729 0
      vertex -4.63525 14.2658 36.677
      vertex -5.19176 14.0729 36.677
    endloop
  endfacet
  facet normal 0.327508 -0.944849 0
    outer loop
      vertex -4.63525 14.2658 36.677
      vertex -5.19176 14.0729 0
      vertex -4.63525 14.2658 0
    endloop
  endfacet
  facet normal 0.0587426 0.998273 -0
    outer loop
      vertex -0.588897 -14.9884 0
      vertex -1.17689 -14.9538 36.677
      vertex -0.588897 -14.9884 36.677
    endloop
  endfacet
  facet normal 0.0587426 0.998273 0
    outer loop
      vertex -1.17689 -14.9538 36.677
      vertex -0.588897 -14.9884 0
      vertex -1.17689 -14.9538 0
    endloop
  endfacet
  facet normal -0.99057 -0.137009 0
    outer loop
      vertex 14.896 1.76306 0
      vertex 14.8153 2.34652 36.677
      vertex 14.8153 2.34652 0
    endloop
  endfacet
  facet normal -0.99057 -0.137009 0
    outer loop
      vertex 14.8153 2.34652 36.677
      vertex 14.896 1.76306 0
      vertex 14.896 1.76306 36.677
    endloop
  endfacet
  facet normal -0.842183 -0.539192 0
    outer loop
      vertex 12.7896 7.83748 0
      vertex 12.472 8.33355 36.677
      vertex 12.472 8.33355 0
    endloop
  endfacet
  facet normal -0.842183 -0.539192 0
    outer loop
      vertex 12.472 8.33355 36.677
      vertex 12.7896 7.83748 0
      vertex 12.7896 7.83748 36.677
    endloop
  endfacet
  facet normal -0.820475 0.571682 0
    outer loop
      vertex 12.1353 -8.81678 0
      vertex 12.472 -8.33355 36.677
      vertex 12.472 -8.33355 0
    endloop
  endfacet
  facet normal -0.820475 0.571682 0
    outer loop
      vertex 12.472 -8.33355 36.677
      vertex 12.1353 -8.81678 0
      vertex 12.1353 -8.81678 36.677
    endloop
  endfacet
  facet normal 0.019694 -0.999806 0
    outer loop
      vertex -0.588897 14.9884 0
      vertex 0 15 36.677
      vertex -0.588897 14.9884 36.677
    endloop
  endfacet
  facet normal 0.019694 -0.999806 0
    outer loop
      vertex 0 15 36.677
      vertex -0.588897 14.9884 0
      vertex 0 15 0
    endloop
  endfacet
  facet normal 0.99057 -0.137009 0
    outer loop
      vertex -14.896 1.76306 36.677
      vertex -14.8153 2.34652 0
      vertex -14.8153 2.34652 36.677
    endloop
  endfacet
  facet normal 0.99057 -0.137009 0
    outer loop
      vertex -14.8153 2.34652 0
      vertex -14.896 1.76306 36.677
      vertex -14.896 1.76306 0
    endloop
  endfacet
  facet normal 0.693048 0.720892 -0
    outer loop
      vertex -10.182 -11.0148 0
      vertex -10.6066 -10.6066 36.677
      vertex -10.182 -11.0148 36.677
    endloop
  endfacet
  facet normal 0.693048 0.720892 0
    outer loop
      vertex -10.6066 -10.6066 36.677
      vertex -10.182 -11.0148 0
      vertex -10.6066 -10.6066 0
    endloop
  endfacet
  facet normal -0.571682 -0.820475 0
    outer loop
      vertex 8.33355 12.472 0
      vertex 8.81678 12.1353 36.677
      vertex 8.33355 12.472 36.677
    endloop
  endfacet
  facet normal -0.571682 -0.820475 -0
    outer loop
      vertex 8.81678 12.1353 36.677
      vertex 8.33355 12.472 0
      vertex 8.81678 12.1353 0
    endloop
  endfacet
  facet normal -0.634431 0.77298 0
    outer loop
      vertex 9.74172 -11.4061 0
      vertex 9.28641 -11.7798 36.677
      vertex 9.74172 -11.4061 36.677
    endloop
  endfacet
  facet normal -0.634431 0.77298 0
    outer loop
      vertex 9.28641 -11.7798 36.677
      vertex 9.74172 -11.4061 0
      vertex 9.28641 -11.7798 0
    endloop
  endfacet
  facet normal 0.539192 0.842183 -0
    outer loop
      vertex -7.83748 -12.7896 0
      vertex -8.33355 -12.472 36.677
      vertex -7.83748 -12.7896 36.677
    endloop
  endfacet
  facet normal 0.539192 0.842183 0
    outer loop
      vertex -8.33355 -12.472 36.677
      vertex -7.83748 -12.7896 0
      vertex -8.33355 -12.472 0
    endloop
  endfacet
  facet normal 0.471453 -0.881891 0
    outer loop
      vertex -7.32932 13.0874 0
      vertex -6.80986 13.3651 36.677
      vertex -7.32932 13.0874 36.677
    endloop
  endfacet
  facet normal 0.471453 -0.881891 0
    outer loop
      vertex -6.80986 13.3651 36.677
      vertex -7.32932 13.0874 0
      vertex -6.80986 13.3651 0
    endloop
  endfacet
  facet normal -0.95693 0.290318 0
    outer loop
      vertex 14.2658 -4.63525 0
      vertex 14.4368 -4.07161 36.677
      vertex 14.4368 -4.07161 0
    endloop
  endfacet
  facet normal -0.95693 0.290318 0
    outer loop
      vertex 14.4368 -4.07161 36.677
      vertex 14.2658 -4.63525 0
      vertex 14.2658 -4.63525 36.677
    endloop
  endfacet
  facet normal 0.634431 -0.77298 0
    outer loop
      vertex -9.74172 11.4061 0
      vertex -9.28641 11.7798 36.677
      vertex -9.74172 11.4061 36.677
    endloop
  endfacet
  facet normal 0.634431 -0.77298 0
    outer loop
      vertex -9.28641 11.7798 36.677
      vertex -9.74172 11.4061 0
      vertex -9.28641 11.7798 0
    endloop
  endfacet
  facet normal 0.9312 -0.364508 0
    outer loop
      vertex -14.0729 5.19176 36.677
      vertex -13.8582 5.74025 0
      vertex -13.8582 5.74025 36.677
    endloop
  endfacet
  facet normal 0.9312 -0.364508 0
    outer loop
      vertex -13.8582 5.74025 0
      vertex -14.0729 5.19176 36.677
      vertex -14.0729 5.19176 0
    endloop
  endfacet
  facet normal -0.400823 -0.916155 0
    outer loop
      vertex 5.74025 13.8582 0
      vertex 6.2799 13.6221 36.677
      vertex 5.74025 13.8582 36.677
    endloop
  endfacet
  facet normal -0.400823 -0.916155 -0
    outer loop
      vertex 6.2799 13.6221 36.677
      vertex 5.74025 13.8582 0
      vertex 6.2799 13.6221 0
    endloop
  endfacet
  facet normal -0.471453 0.881891 0
    outer loop
      vertex 7.32932 -13.0874 0
      vertex 6.80986 -13.3651 36.677
      vertex 7.32932 -13.0874 36.677
    endloop
  endfacet
  facet normal -0.471453 0.881891 0
    outer loop
      vertex 6.80986 -13.3651 36.677
      vertex 7.32932 -13.0874 0
      vertex 6.80986 -13.3651 0
    endloop
  endfacet
  facet normal -0.998273 0.0587426 0
    outer loop
      vertex 14.9538 -1.17689 0
      vertex 14.9884 -0.588897 36.677
      vertex 14.9884 -0.588897 0
    endloop
  endfacet
  facet normal -0.998273 0.0587426 0
    outer loop
      vertex 14.9884 -0.588897 36.677
      vertex 14.9538 -1.17689 0
      vertex 14.9538 -1.17689 36.677
    endloop
  endfacet
  facet normal 0.77298 -0.634431 0
    outer loop
      vertex -11.7798 9.28641 36.677
      vertex -11.4061 9.74172 0
      vertex -11.4061 9.74172 36.677
    endloop
  endfacet
  facet normal 0.77298 -0.634431 0
    outer loop
      vertex -11.4061 9.74172 0
      vertex -11.7798 9.28641 36.677
      vertex -11.7798 9.28641 0
    endloop
  endfacet
  facet normal -0.436342 0.899781 0
    outer loop
      vertex 6.80986 -13.3651 0
      vertex 6.2799 -13.6221 36.677
      vertex 6.80986 -13.3651 36.677
    endloop
  endfacet
  facet normal -0.436342 0.899781 0
    outer loop
      vertex 6.2799 -13.6221 36.677
      vertex 6.80986 -13.3651 0
      vertex 6.2799 -13.6221 0
    endloop
  endfacet
  facet normal -0.664307 0.74746 0
    outer loop
      vertex 10.182 -11.0148 0
      vertex 9.74172 -11.4061 36.677
      vertex 10.182 -11.0148 36.677
    endloop
  endfacet
  facet normal -0.664307 0.74746 0
    outer loop
      vertex 9.74172 -11.4061 36.677
      vertex 10.182 -11.0148 0
      vertex 9.74172 -11.4061 0
    endloop
  endfacet
  facet normal -0.720892 -0.693048 0
    outer loop
      vertex 11.0148 10.182 0
      vertex 10.6066 10.6066 36.677
      vertex 10.6066 10.6066 0
    endloop
  endfacet
  facet normal -0.720892 -0.693048 0
    outer loop
      vertex 10.6066 10.6066 36.677
      vertex 11.0148 10.182 0
      vertex 11.0148 10.182 36.677
    endloop
  endfacet
  facet normal -0.999806 0.019694 0
    outer loop
      vertex 14.9884 -0.588897 0
      vertex 15 0 36.677
      vertex 15 0 0
    endloop
  endfacet
  facet normal -0.999806 0.019694 0
    outer loop
      vertex 15 0 36.677
      vertex 14.9884 -0.588897 0
      vertex 14.9884 -0.588897 36.677
    endloop
  endfacet
  facet normal 0.290318 -0.95693 0
    outer loop
      vertex -4.63525 14.2658 0
      vertex -4.07161 14.4368 36.677
      vertex -4.63525 14.2658 36.677
    endloop
  endfacet
  facet normal 0.290318 -0.95693 0
    outer loop
      vertex -4.07161 14.4368 36.677
      vertex -4.63525 14.2658 0
      vertex -4.07161 14.4368 0
    endloop
  endfacet
  facet normal 0.137009 -0.99057 0
    outer loop
      vertex -2.34652 14.8153 0
      vertex -1.76306 14.896 36.677
      vertex -2.34652 14.8153 36.677
    endloop
  endfacet
  facet normal 0.137009 -0.99057 0
    outer loop
      vertex -1.76306 14.896 36.677
      vertex -2.34652 14.8153 0
      vertex -1.76306 14.896 0
    endloop
  endfacet
  facet normal 0.290318 0.95693 -0
    outer loop
      vertex -4.07161 -14.4368 0
      vertex -4.63525 -14.2658 36.677
      vertex -4.07161 -14.4368 36.677
    endloop
  endfacet
  facet normal 0.290318 0.95693 0
    outer loop
      vertex -4.63525 -14.2658 36.677
      vertex -4.07161 -14.4368 0
      vertex -4.63525 -14.2658 0
    endloop
  endfacet
  facet normal 0.944849 0.327508 0
    outer loop
      vertex -14.0729 -5.19176 36.677
      vertex -14.2658 -4.63525 0
      vertex -14.2658 -4.63525 36.677
    endloop
  endfacet
  facet normal 0.944849 0.327508 0
    outer loop
      vertex -14.2658 -4.63525 0
      vertex -14.0729 -5.19176 36.677
      vertex -14.0729 -5.19176 0
    endloop
  endfacet
  facet normal -0.820475 -0.571682 0
    outer loop
      vertex 12.472 8.33355 0
      vertex 12.1353 8.81678 36.677
      vertex 12.1353 8.81678 0
    endloop
  endfacet
  facet normal -0.820475 -0.571682 0
    outer loop
      vertex 12.1353 8.81678 36.677
      vertex 12.472 8.33355 0
      vertex 12.472 8.33355 36.677
    endloop
  endfacet
  facet normal 0.9312 0.364508 0
    outer loop
      vertex -13.8582 -5.74025 36.677
      vertex -14.0729 -5.19176 0
      vertex -14.0729 -5.19176 36.677
    endloop
  endfacet
  facet normal 0.9312 0.364508 0
    outer loop
      vertex -14.0729 -5.19176 0
      vertex -13.8582 -5.74025 36.677
      vertex -13.8582 -5.74025 0
    endloop
  endfacet
  facet normal 0.175723 -0.98444 0
    outer loop
      vertex -2.92635 14.7118 0
      vertex -2.34652 14.8153 36.677
      vertex -2.92635 14.7118 36.677
    endloop
  endfacet
  facet normal 0.175723 -0.98444 0
    outer loop
      vertex -2.34652 14.8153 36.677
      vertex -2.92635 14.7118 0
      vertex -2.34652 14.8153 0
    endloop
  endfacet
  facet normal -0.364508 0.9312 0
    outer loop
      vertex 5.74025 -13.8582 0
      vertex 5.19176 -14.0729 36.677
      vertex 5.74025 -13.8582 36.677
    endloop
  endfacet
  facet normal -0.364508 0.9312 0
    outer loop
      vertex 5.19176 -14.0729 36.677
      vertex 5.74025 -13.8582 0
      vertex 5.19176 -14.0729 0
    endloop
  endfacet
  facet normal -0.0587426 0.998273 0
    outer loop
      vertex 1.17689 -14.9538 0
      vertex 0.588897 -14.9884 36.677
      vertex 1.17689 -14.9538 36.677
    endloop
  endfacet
  facet normal -0.0587426 0.998273 0
    outer loop
      vertex 0.588897 -14.9884 36.677
      vertex 1.17689 -14.9538 0
      vertex 0.588897 -14.9884 0
    endloop
  endfacet
  facet normal 0.944849 -0.327508 0
    outer loop
      vertex -14.2658 4.63525 36.677
      vertex -14.0729 5.19176 0
      vertex -14.0729 5.19176 36.677
    endloop
  endfacet
  facet normal 0.944849 -0.327508 0
    outer loop
      vertex -14.0729 5.19176 0
      vertex -14.2658 4.63525 36.677
      vertex -14.2658 4.63525 0
    endloop
  endfacet
  facet normal 0.019694 0.999806 -0
    outer loop
      vertex 0 -15 0
      vertex -0.588897 -14.9884 36.677
      vertex 0 -15 36.677
    endloop
  endfacet
  facet normal 0.019694 0.999806 0
    outer loop
      vertex -0.588897 -14.9884 36.677
      vertex 0 -15 0
      vertex -0.588897 -14.9884 0
    endloop
  endfacet
  facet normal 0.995174 0.0981303 0
    outer loop
      vertex -14.896 -1.76306 36.677
      vertex -14.9538 -1.17689 0
      vertex -14.9538 -1.17689 36.677
    endloop
  endfacet
  facet normal 0.995174 0.0981303 0
    outer loop
      vertex -14.9538 -1.17689 0
      vertex -14.896 -1.76306 36.677
      vertex -14.896 -1.76306 0
    endloop
  endfacet
  facet normal 0.21442 -0.976741 0
    outer loop
      vertex -3.50168 14.5855 0
      vertex -2.92635 14.7118 36.677
      vertex -3.50168 14.5855 36.677
    endloop
  endfacet
  facet normal 0.21442 -0.976741 0
    outer loop
      vertex -2.92635 14.7118 36.677
      vertex -3.50168 14.5855 0
      vertex -2.92635 14.7118 0
    endloop
  endfacet
  facet normal -0.603555 0.797321 0
    outer loop
      vertex 9.28641 -11.7798 0
      vertex 8.81678 -12.1353 36.677
      vertex 9.28641 -11.7798 36.677
    endloop
  endfacet
  facet normal -0.603555 0.797321 0
    outer loop
      vertex 8.81678 -12.1353 36.677
      vertex 9.28641 -11.7798 0
      vertex 8.81678 -12.1353 0
    endloop
  endfacet
  facet normal 0.539192 -0.842183 0
    outer loop
      vertex -8.33355 12.472 0
      vertex -7.83748 12.7896 36.677
      vertex -8.33355 12.472 36.677
    endloop
  endfacet
  facet normal 0.539192 -0.842183 0
    outer loop
      vertex -7.83748 12.7896 36.677
      vertex -8.33355 12.472 0
      vertex -7.83748 12.7896 0
    endloop
  endfacet
  facet normal 0.634431 0.77298 -0
    outer loop
      vertex -9.28641 -11.7798 0
      vertex -9.74172 -11.4061 36.677
      vertex -9.28641 -11.7798 36.677
    endloop
  endfacet
  facet normal 0.634431 0.77298 0
    outer loop
      vertex -9.74172 -11.4061 36.677
      vertex -9.28641 -11.7798 0
      vertex -9.74172 -11.4061 0
    endloop
  endfacet
  facet normal 0.400823 0.916155 -0
    outer loop
      vertex -5.74025 -13.8582 0
      vertex -6.2799 -13.6221 36.677
      vertex -5.74025 -13.8582 36.677
    endloop
  endfacet
  facet normal 0.400823 0.916155 0
    outer loop
      vertex -6.2799 -13.6221 36.677
      vertex -5.74025 -13.8582 0
      vertex -6.2799 -13.6221 0
    endloop
  endfacet
  facet normal -0.995174 0.0981303 0
    outer loop
      vertex 14.896 -1.76306 0
      vertex 14.9538 -1.17689 36.677
      vertex 14.9538 -1.17689 0
    endloop
  endfacet
  facet normal -0.995174 0.0981303 0
    outer loop
      vertex 14.9538 -1.17689 36.677
      vertex 14.896 -1.76306 0
      vertex 14.896 -1.76306 36.677
    endloop
  endfacet
  facet normal 0.797321 -0.603555 0
    outer loop
      vertex -12.1353 8.81678 36.677
      vertex -11.7798 9.28641 0
      vertex -11.7798 9.28641 36.677
    endloop
  endfacet
  facet normal 0.797321 -0.603555 0
    outer loop
      vertex -11.7798 9.28641 0
      vertex -12.1353 8.81678 36.677
      vertex -12.1353 8.81678 0
    endloop
  endfacet
  facet normal -0.899781 -0.436342 0
    outer loop
      vertex 13.6221 6.2799 0
      vertex 13.3651 6.80986 36.677
      vertex 13.3651 6.80986 0
    endloop
  endfacet
  facet normal -0.899781 -0.436342 0
    outer loop
      vertex 13.3651 6.80986 36.677
      vertex 13.6221 6.2799 0
      vertex 13.6221 6.2799 36.677
    endloop
  endfacet
  facet normal 0.364508 -0.9312 0
    outer loop
      vertex -5.74025 13.8582 0
      vertex -5.19176 14.0729 36.677
      vertex -5.74025 13.8582 36.677
    endloop
  endfacet
  facet normal 0.364508 -0.9312 0
    outer loop
      vertex -5.19176 14.0729 36.677
      vertex -5.74025 13.8582 0
      vertex -5.19176 14.0729 0
    endloop
  endfacet
  facet normal -0.842183 0.539192 0
    outer loop
      vertex 12.472 -8.33355 0
      vertex 12.7896 -7.83748 36.677
      vertex 12.7896 -7.83748 0
    endloop
  endfacet
  facet normal -0.842183 0.539192 0
    outer loop
      vertex 12.7896 -7.83748 36.677
      vertex 12.472 -8.33355 0
      vertex 12.472 -8.33355 36.677
    endloop
  endfacet
  facet normal -0.976741 0.21442 0
    outer loop
      vertex 14.5855 -3.50168 0
      vertex 14.7118 -2.92635 36.677
      vertex 14.7118 -2.92635 0
    endloop
  endfacet
  facet normal -0.976741 0.21442 0
    outer loop
      vertex 14.7118 -2.92635 36.677
      vertex 14.5855 -3.50168 0
      vertex 14.5855 -3.50168 36.677
    endloop
  endfacet
  facet normal -0.797321 -0.603555 0
    outer loop
      vertex 12.1353 8.81678 0
      vertex 11.7798 9.28641 36.677
      vertex 11.7798 9.28641 0
    endloop
  endfacet
  facet normal -0.797321 -0.603555 0
    outer loop
      vertex 11.7798 9.28641 36.677
      vertex 12.1353 8.81678 0
      vertex 12.1353 8.81678 36.677
    endloop
  endfacet
  facet normal 0.0587426 -0.998273 0
    outer loop
      vertex -1.17689 14.9538 0
      vertex -0.588897 14.9884 36.677
      vertex -1.17689 14.9538 36.677
    endloop
  endfacet
  facet normal 0.0587426 -0.998273 0
    outer loop
      vertex -0.588897 14.9884 36.677
      vertex -1.17689 14.9538 0
      vertex -0.588897 14.9884 0
    endloop
  endfacet
  facet normal 0.137009 0.99057 -0
    outer loop
      vertex -1.76306 -14.896 0
      vertex -2.34652 -14.8153 36.677
      vertex -1.76306 -14.896 36.677
    endloop
  endfacet
  facet normal 0.137009 0.99057 0
    outer loop
      vertex -2.34652 -14.8153 36.677
      vertex -1.76306 -14.896 0
      vertex -2.34652 -14.8153 0
    endloop
  endfacet
  facet normal -0.99057 0.137009 0
    outer loop
      vertex 14.8153 -2.34652 0
      vertex 14.896 -1.76306 36.677
      vertex 14.896 -1.76306 0
    endloop
  endfacet
  facet normal -0.99057 0.137009 0
    outer loop
      vertex 14.896 -1.76306 36.677
      vertex 14.8153 -2.34652 0
      vertex 14.8153 -2.34652 36.677
    endloop
  endfacet
  facet normal -0.881891 -0.471453 0
    outer loop
      vertex 13.3651 6.80986 0
      vertex 13.0874 7.32932 36.677
      vertex 13.0874 7.32932 0
    endloop
  endfacet
  facet normal -0.881891 -0.471453 0
    outer loop
      vertex 13.0874 7.32932 36.677
      vertex 13.3651 6.80986 0
      vertex 13.3651 6.80986 36.677
    endloop
  endfacet
  facet normal -0.9312 -0.364508 0
    outer loop
      vertex 14.0729 5.19176 0
      vertex 13.8582 5.74025 36.677
      vertex 13.8582 5.74025 0
    endloop
  endfacet
  facet normal -0.9312 -0.364508 0
    outer loop
      vertex 13.8582 5.74025 36.677
      vertex 14.0729 5.19176 0
      vertex 14.0729 5.19176 36.677
    endloop
  endfacet
  facet normal -0.98444 0.175723 0
    outer loop
      vertex 14.7118 -2.92635 0
      vertex 14.8153 -2.34652 36.677
      vertex 14.8153 -2.34652 0
    endloop
  endfacet
  facet normal -0.98444 0.175723 0
    outer loop
      vertex 14.8153 -2.34652 36.677
      vertex 14.7118 -2.92635 0
      vertex 14.7118 -2.92635 36.677
    endloop
  endfacet
  facet normal -0.797321 0.603555 0
    outer loop
      vertex 11.7798 -9.28641 0
      vertex 12.1353 -8.81678 36.677
      vertex 12.1353 -8.81678 0
    endloop
  endfacet
  facet normal -0.797321 0.603555 0
    outer loop
      vertex 12.1353 -8.81678 36.677
      vertex 11.7798 -9.28641 0
      vertex 11.7798 -9.28641 36.677
    endloop
  endfacet
  facet normal -0.634431 -0.77298 0
    outer loop
      vertex 9.28641 11.7798 0
      vertex 9.74172 11.4061 36.677
      vertex 9.28641 11.7798 36.677
    endloop
  endfacet
  facet normal -0.634431 -0.77298 -0
    outer loop
      vertex 9.74172 11.4061 36.677
      vertex 9.28641 11.7798 0
      vertex 9.74172 11.4061 0
    endloop
  endfacet
  facet normal -0.400823 0.916155 0
    outer loop
      vertex 6.2799 -13.6221 0
      vertex 5.74025 -13.8582 36.677
      vertex 6.2799 -13.6221 36.677
    endloop
  endfacet
  facet normal -0.400823 0.916155 0
    outer loop
      vertex 5.74025 -13.8582 36.677
      vertex 6.2799 -13.6221 0
      vertex 5.74025 -13.8582 0
    endloop
  endfacet
  facet normal 0.74746 -0.664307 0
    outer loop
      vertex -11.4061 9.74172 36.677
      vertex -11.0148 10.182 0
      vertex -11.0148 10.182 36.677
    endloop
  endfacet
  facet normal 0.74746 -0.664307 0
    outer loop
      vertex -11.0148 10.182 0
      vertex -11.4061 9.74172 36.677
      vertex -11.4061 9.74172 0
    endloop
  endfacet
  facet normal -0.862762 -0.50561 0
    outer loop
      vertex 13.0874 7.32932 0
      vertex 12.7896 7.83748 36.677
      vertex 12.7896 7.83748 0
    endloop
  endfacet
  facet normal -0.862762 -0.50561 0
    outer loop
      vertex 12.7896 7.83748 36.677
      vertex 13.0874 7.32932 0
      vertex 13.0874 7.32932 36.677
    endloop
  endfacet
  facet normal -0.436342 -0.899781 0
    outer loop
      vertex 6.2799 13.6221 0
      vertex 6.80986 13.3651 36.677
      vertex 6.2799 13.6221 36.677
    endloop
  endfacet
  facet normal -0.436342 -0.899781 -0
    outer loop
      vertex 6.80986 13.3651 36.677
      vertex 6.2799 13.6221 0
      vertex 6.80986 13.3651 0
    endloop
  endfacet
  facet normal -0.77298 -0.634431 0
    outer loop
      vertex 11.7798 9.28641 0
      vertex 11.4061 9.74172 36.677
      vertex 11.4061 9.74172 0
    endloop
  endfacet
  facet normal -0.77298 -0.634431 0
    outer loop
      vertex 11.4061 9.74172 36.677
      vertex 11.7798 9.28641 0
      vertex 11.7798 9.28641 36.677
    endloop
  endfacet
  facet normal -0.74746 -0.664307 0
    outer loop
      vertex 11.4061 9.74172 0
      vertex 11.0148 10.182 36.677
      vertex 11.0148 10.182 0
    endloop
  endfacet
  facet normal -0.74746 -0.664307 0
    outer loop
      vertex 11.0148 10.182 36.677
      vertex 11.4061 9.74172 0
      vertex 11.4061 9.74172 36.677
    endloop
  endfacet
  facet normal 0.881891 0.471453 0
    outer loop
      vertex -13.0874 -7.32932 36.677
      vertex -13.3651 -6.80986 0
      vertex -13.3651 -6.80986 36.677
    endloop
  endfacet
  facet normal 0.881891 0.471453 0
    outer loop
      vertex -13.3651 -6.80986 0
      vertex -13.0874 -7.32932 36.677
      vertex -13.0874 -7.32932 0
    endloop
  endfacet
  facet normal 0.50561 -0.862762 0
    outer loop
      vertex -7.83748 12.7896 0
      vertex -7.32932 13.0874 36.677
      vertex -7.83748 12.7896 36.677
    endloop
  endfacet
  facet normal 0.50561 -0.862762 0
    outer loop
      vertex -7.32932 13.0874 36.677
      vertex -7.83748 12.7896 0
      vertex -7.32932 13.0874 0
    endloop
  endfacet
  facet normal 0.252458 -0.967608 0
    outer loop
      vertex -4.07161 14.4368 0
      vertex -3.50168 14.5855 36.677
      vertex -4.07161 14.4368 36.677
    endloop
  endfacet
  facet normal 0.252458 -0.967608 0
    outer loop
      vertex -3.50168 14.5855 36.677
      vertex -4.07161 14.4368 0
      vertex -3.50168 14.5855 0
    endloop
  endfacet
  facet normal 0.797321 0.603555 0
    outer loop
      vertex -11.7798 -9.28641 36.677
      vertex -12.1353 -8.81678 0
      vertex -12.1353 -8.81678 36.677
    endloop
  endfacet
  facet normal 0.797321 0.603555 0
    outer loop
      vertex -12.1353 -8.81678 0
      vertex -11.7798 -9.28641 36.677
      vertex -11.7798 -9.28641 0
    endloop
  endfacet
  facet normal 0.98444 0.175723 0
    outer loop
      vertex -14.7118 -2.92635 36.677
      vertex -14.8153 -2.34652 0
      vertex -14.8153 -2.34652 36.677
    endloop
  endfacet
  facet normal 0.98444 0.175723 0
    outer loop
      vertex -14.8153 -2.34652 0
      vertex -14.7118 -2.92635 36.677
      vertex -14.7118 -2.92635 0
    endloop
  endfacet
  facet normal -0.967608 -0.252458 0
    outer loop
      vertex 14.5855 3.50168 0
      vertex 14.4368 4.07161 36.677
      vertex 14.4368 4.07161 0
    endloop
  endfacet
  facet normal -0.967608 -0.252458 0
    outer loop
      vertex 14.4368 4.07161 36.677
      vertex 14.5855 3.50168 0
      vertex 14.5855 3.50168 36.677
    endloop
  endfacet
  facet normal 0.998273 0.0587426 0
    outer loop
      vertex -14.9538 -1.17689 36.677
      vertex -14.9884 -0.588897 0
      vertex -14.9884 -0.588897 36.677
    endloop
  endfacet
  facet normal 0.998273 0.0587426 0
    outer loop
      vertex -14.9884 -0.588897 0
      vertex -14.9538 -1.17689 36.677
      vertex -14.9538 -1.17689 0
    endloop
  endfacet
  facet normal 0.99057 0.137009 0
    outer loop
      vertex -14.8153 -2.34652 36.677
      vertex -14.896 -1.76306 0
      vertex -14.896 -1.76306 36.677
    endloop
  endfacet
  facet normal 0.99057 0.137009 0
    outer loop
      vertex -14.896 -1.76306 0
      vertex -14.8153 -2.34652 36.677
      vertex -14.8153 -2.34652 0
    endloop
  endfacet
  facet normal -0.539192 -0.842183 0
    outer loop
      vertex 7.83748 12.7896 0
      vertex 8.33355 12.472 36.677
      vertex 7.83748 12.7896 36.677
    endloop
  endfacet
  facet normal -0.539192 -0.842183 -0
    outer loop
      vertex 8.33355 12.472 36.677
      vertex 7.83748 12.7896 0
      vertex 8.33355 12.472 0
    endloop
  endfacet
  facet normal -0.720892 0.693048 0
    outer loop
      vertex 10.6066 -10.6066 0
      vertex 11.0148 -10.182 36.677
      vertex 11.0148 -10.182 0
    endloop
  endfacet
  facet normal -0.720892 0.693048 0
    outer loop
      vertex 11.0148 -10.182 36.677
      vertex 10.6066 -10.6066 0
      vertex 10.6066 -10.6066 36.677
    endloop
  endfacet
  facet normal -0.290318 0.95693 0
    outer loop
      vertex 4.63525 -14.2658 0
      vertex 4.07161 -14.4368 36.677
      vertex 4.63525 -14.2658 36.677
    endloop
  endfacet
  facet normal -0.290318 0.95693 0
    outer loop
      vertex 4.07161 -14.4368 36.677
      vertex 4.63525 -14.2658 0
      vertex 4.07161 -14.4368 0
    endloop
  endfacet
  facet normal -0.944849 0.327508 0
    outer loop
      vertex 14.0729 -5.19176 0
      vertex 14.2658 -4.63525 36.677
      vertex 14.2658 -4.63525 0
    endloop
  endfacet
  facet normal -0.944849 0.327508 0
    outer loop
      vertex 14.2658 -4.63525 36.677
      vertex 14.0729 -5.19176 0
      vertex 14.0729 -5.19176 36.677
    endloop
  endfacet
  facet normal 0.0981303 -0.995174 0
    outer loop
      vertex -1.76306 14.896 0
      vertex -1.17689 14.9538 36.677
      vertex -1.76306 14.896 36.677
    endloop
  endfacet
  facet normal 0.0981303 -0.995174 0
    outer loop
      vertex -1.17689 14.9538 36.677
      vertex -1.76306 14.896 0
      vertex -1.17689 14.9538 0
    endloop
  endfacet
  facet normal 0.175723 0.98444 -0
    outer loop
      vertex -2.34652 -14.8153 0
      vertex -2.92635 -14.7118 36.677
      vertex -2.34652 -14.8153 36.677
    endloop
  endfacet
  facet normal 0.175723 0.98444 0
    outer loop
      vertex -2.92635 -14.7118 36.677
      vertex -2.34652 -14.8153 0
      vertex -2.92635 -14.7118 0
    endloop
  endfacet
  facet normal -0.603555 -0.797321 0
    outer loop
      vertex 8.81678 12.1353 0
      vertex 9.28641 11.7798 36.677
      vertex 8.81678 12.1353 36.677
    endloop
  endfacet
  facet normal -0.603555 -0.797321 -0
    outer loop
      vertex 9.28641 11.7798 36.677
      vertex 8.81678 12.1353 0
      vertex 9.28641 11.7798 0
    endloop
  endfacet
  facet normal -0.50561 0.862762 0
    outer loop
      vertex 7.83748 -12.7896 0
      vertex 7.32932 -13.0874 36.677
      vertex 7.83748 -12.7896 36.677
    endloop
  endfacet
  facet normal -0.50561 0.862762 0
    outer loop
      vertex 7.32932 -13.0874 36.677
      vertex 7.83748 -12.7896 0
      vertex 7.32932 -13.0874 0
    endloop
  endfacet
  facet normal 0.0981303 0.995174 -0
    outer loop
      vertex -1.17689 -14.9538 0
      vertex -1.76306 -14.896 36.677
      vertex -1.17689 -14.9538 36.677
    endloop
  endfacet
  facet normal 0.0981303 0.995174 0
    outer loop
      vertex -1.76306 -14.896 36.677
      vertex -1.17689 -14.9538 0
      vertex -1.76306 -14.896 0
    endloop
  endfacet
  facet normal -0.137009 -0.99057 0
    outer loop
      vertex 1.76306 14.896 0
      vertex 2.34652 14.8153 36.677
      vertex 1.76306 14.896 36.677
    endloop
  endfacet
  facet normal -0.137009 -0.99057 -0
    outer loop
      vertex 2.34652 14.8153 36.677
      vertex 1.76306 14.896 0
      vertex 2.34652 14.8153 0
    endloop
  endfacet
  facet normal -0.862762 0.50561 0
    outer loop
      vertex 12.7896 -7.83748 0
      vertex 13.0874 -7.32932 36.677
      vertex 13.0874 -7.32932 0
    endloop
  endfacet
  facet normal -0.862762 0.50561 0
    outer loop
      vertex 13.0874 -7.32932 36.677
      vertex 12.7896 -7.83748 0
      vertex 12.7896 -7.83748 36.677
    endloop
  endfacet
  facet normal -0.327508 0.944849 0
    outer loop
      vertex 5.19176 -14.0729 0
      vertex 4.63525 -14.2658 36.677
      vertex 5.19176 -14.0729 36.677
    endloop
  endfacet
  facet normal -0.327508 0.944849 0
    outer loop
      vertex 4.63525 -14.2658 36.677
      vertex 5.19176 -14.0729 0
      vertex 4.63525 -14.2658 0
    endloop
  endfacet
  facet normal -0.9312 0.364508 0
    outer loop
      vertex 13.8582 -5.74025 0
      vertex 14.0729 -5.19176 36.677
      vertex 14.0729 -5.19176 0
    endloop
  endfacet
  facet normal -0.9312 0.364508 0
    outer loop
      vertex 14.0729 -5.19176 36.677
      vertex 13.8582 -5.74025 0
      vertex 13.8582 -5.74025 36.677
    endloop
  endfacet
  facet normal -0.693048 -0.720892 0
    outer loop
      vertex 10.182 11.0148 0
      vertex 10.6066 10.6066 36.677
      vertex 10.182 11.0148 36.677
    endloop
  endfacet
  facet normal -0.693048 -0.720892 -0
    outer loop
      vertex 10.6066 10.6066 36.677
      vertex 10.182 11.0148 0
      vertex 10.6066 10.6066 0
    endloop
  endfacet
  facet normal 0.436342 0.899781 -0
    outer loop
      vertex -6.2799 -13.6221 0
      vertex -6.80986 -13.3651 36.677
      vertex -6.2799 -13.6221 36.677
    endloop
  endfacet
  facet normal 0.436342 0.899781 0
    outer loop
      vertex -6.80986 -13.3651 36.677
      vertex -6.2799 -13.6221 0
      vertex -6.80986 -13.3651 0
    endloop
  endfacet
  facet normal -0.967608 0.252458 0
    outer loop
      vertex 14.4368 -4.07161 0
      vertex 14.5855 -3.50168 36.677
      vertex 14.5855 -3.50168 0
    endloop
  endfacet
  facet normal -0.967608 0.252458 0
    outer loop
      vertex 14.5855 -3.50168 36.677
      vertex 14.4368 -4.07161 0
      vertex 14.4368 -4.07161 36.677
    endloop
  endfacet
  facet normal -0.364508 -0.9312 0
    outer loop
      vertex 5.19176 14.0729 0
      vertex 5.74025 13.8582 36.677
      vertex 5.19176 14.0729 36.677
    endloop
  endfacet
  facet normal -0.364508 -0.9312 -0
    outer loop
      vertex 5.74025 13.8582 36.677
      vertex 5.19176 14.0729 0
      vertex 5.74025 13.8582 0
    endloop
  endfacet
  facet normal 0.77298 0.634431 0
    outer loop
      vertex -11.4061 -9.74172 36.677
      vertex -11.7798 -9.28641 0
      vertex -11.7798 -9.28641 36.677
    endloop
  endfacet
  facet normal 0.77298 0.634431 0
    outer loop
      vertex -11.7798 -9.28641 0
      vertex -11.4061 -9.74172 36.677
      vertex -11.4061 -9.74172 0
    endloop
  endfacet
  facet normal -0.693048 0.720892 0
    outer loop
      vertex 10.6066 -10.6066 0
      vertex 10.182 -11.0148 36.677
      vertex 10.6066 -10.6066 36.677
    endloop
  endfacet
  facet normal -0.693048 0.720892 0
    outer loop
      vertex 10.182 -11.0148 36.677
      vertex 10.6066 -10.6066 0
      vertex 10.182 -11.0148 0
    endloop
  endfacet
  facet normal 0.571682 0.820475 -0
    outer loop
      vertex -8.33355 -12.472 0
      vertex -8.81678 -12.1353 36.677
      vertex -8.33355 -12.472 36.677
    endloop
  endfacet
  facet normal 0.571682 0.820475 0
    outer loop
      vertex -8.81678 -12.1353 36.677
      vertex -8.33355 -12.472 0
      vertex -8.81678 -12.1353 0
    endloop
  endfacet
  facet normal -0.881891 0.471453 0
    outer loop
      vertex 13.0874 -7.32932 0
      vertex 13.3651 -6.80986 36.677
      vertex 13.3651 -6.80986 0
    endloop
  endfacet
  facet normal -0.881891 0.471453 0
    outer loop
      vertex 13.3651 -6.80986 36.677
      vertex 13.0874 -7.32932 0
      vertex 13.0874 -7.32932 36.677
    endloop
  endfacet
  facet normal -0.21442 0.976741 0
    outer loop
      vertex 3.50168 -14.5855 0
      vertex 2.92635 -14.7118 36.677
      vertex 3.50168 -14.5855 36.677
    endloop
  endfacet
  facet normal -0.21442 0.976741 0
    outer loop
      vertex 2.92635 -14.7118 36.677
      vertex 3.50168 -14.5855 0
      vertex 2.92635 -14.7118 0
    endloop
  endfacet
  facet normal -0.019694 0.999806 0
    outer loop
      vertex 0.588897 -14.9884 0
      vertex 0 -15 36.677
      vertex 0.588897 -14.9884 36.677
    endloop
  endfacet
  facet normal -0.019694 0.999806 0
    outer loop
      vertex 0 -15 36.677
      vertex 0.588897 -14.9884 0
      vertex 0 -15 0
    endloop
  endfacet
  facet normal -0.21442 -0.976741 0
    outer loop
      vertex 2.92635 14.7118 0
      vertex 3.50168 14.5855 36.677
      vertex 2.92635 14.7118 36.677
    endloop
  endfacet
  facet normal -0.21442 -0.976741 -0
    outer loop
      vertex 3.50168 14.5855 36.677
      vertex 2.92635 14.7118 0
      vertex 3.50168 14.5855 0
    endloop
  endfacet
  facet normal -0.539192 0.842183 0
    outer loop
      vertex 8.33355 -12.472 0
      vertex 7.83748 -12.7896 36.677
      vertex 8.33355 -12.472 36.677
    endloop
  endfacet
  facet normal -0.539192 0.842183 0
    outer loop
      vertex 7.83748 -12.7896 36.677
      vertex 8.33355 -12.472 0
      vertex 7.83748 -12.7896 0
    endloop
  endfacet
  facet normal -0.664307 -0.74746 0
    outer loop
      vertex 9.74172 11.4061 0
      vertex 10.182 11.0148 36.677
      vertex 9.74172 11.4061 36.677
    endloop
  endfacet
  facet normal -0.664307 -0.74746 -0
    outer loop
      vertex 10.182 11.0148 36.677
      vertex 9.74172 11.4061 0
      vertex 10.182 11.0148 0
    endloop
  endfacet
  facet normal -0.137009 0.99057 0
    outer loop
      vertex 2.34652 -14.8153 0
      vertex 1.76306 -14.896 36.677
      vertex 2.34652 -14.8153 36.677
    endloop
  endfacet
  facet normal -0.137009 0.99057 0
    outer loop
      vertex 1.76306 -14.896 36.677
      vertex 2.34652 -14.8153 0
      vertex 1.76306 -14.896 0
    endloop
  endfacet
  facet normal -0.175723 0.98444 0
    outer loop
      vertex 2.92635 -14.7118 0
      vertex 2.34652 -14.8153 36.677
      vertex 2.92635 -14.7118 36.677
    endloop
  endfacet
  facet normal -0.175723 0.98444 0
    outer loop
      vertex 2.34652 -14.8153 36.677
      vertex 2.92635 -14.7118 0
      vertex 2.34652 -14.8153 0
    endloop
  endfacet
  facet normal 0.820475 -0.571682 0
    outer loop
      vertex -12.472 8.33355 36.677
      vertex -12.1353 8.81678 0
      vertex -12.1353 8.81678 36.677
    endloop
  endfacet
  facet normal 0.820475 -0.571682 0
    outer loop
      vertex -12.1353 8.81678 0
      vertex -12.472 8.33355 36.677
      vertex -12.472 8.33355 0
    endloop
  endfacet
  facet normal 0.720892 -0.693048 0
    outer loop
      vertex -11.0148 10.182 36.677
      vertex -10.6066 10.6066 0
      vertex -10.6066 10.6066 36.677
    endloop
  endfacet
  facet normal 0.720892 -0.693048 0
    outer loop
      vertex -10.6066 10.6066 0
      vertex -11.0148 10.182 36.677
      vertex -11.0148 10.182 0
    endloop
  endfacet
  facet normal -0.976741 -0.21442 0
    outer loop
      vertex 14.7118 2.92635 0
      vertex 14.5855 3.50168 36.677
      vertex 14.5855 3.50168 0
    endloop
  endfacet
  facet normal -0.976741 -0.21442 0
    outer loop
      vertex 14.5855 3.50168 36.677
      vertex 14.7118 2.92635 0
      vertex 14.7118 2.92635 36.677
    endloop
  endfacet
  facet normal 0.98444 -0.175723 0
    outer loop
      vertex -14.8153 2.34652 36.677
      vertex -14.7118 2.92635 0
      vertex -14.7118 2.92635 36.677
    endloop
  endfacet
  facet normal 0.98444 -0.175723 0
    outer loop
      vertex -14.7118 2.92635 0
      vertex -14.8153 2.34652 36.677
      vertex -14.8153 2.34652 0
    endloop
  endfacet
  facet normal -0.290318 -0.95693 0
    outer loop
      vertex 4.07161 14.4368 0
      vertex 4.63525 14.2658 36.677
      vertex 4.07161 14.4368 36.677
    endloop
  endfacet
  facet normal -0.290318 -0.95693 -0
    outer loop
      vertex 4.63525 14.2658 36.677
      vertex 4.07161 14.4368 0
      vertex 4.63525 14.2658 0
    endloop
  endfacet
  facet normal 0.571682 -0.820475 0
    outer loop
      vertex -8.81678 12.1353 0
      vertex -8.33355 12.472 36.677
      vertex -8.81678 12.1353 36.677
    endloop
  endfacet
  facet normal 0.571682 -0.820475 0
    outer loop
      vertex -8.33355 12.472 36.677
      vertex -8.81678 12.1353 0
      vertex -8.33355 12.472 0
    endloop
  endfacet
  facet normal 0.693048 -0.720892 0
    outer loop
      vertex -10.6066 10.6066 0
      vertex -10.182 11.0148 36.677
      vertex -10.6066 10.6066 36.677
    endloop
  endfacet
  facet normal 0.693048 -0.720892 0
    outer loop
      vertex -10.182 11.0148 36.677
      vertex -10.6066 10.6066 0
      vertex -10.182 11.0148 0
    endloop
  endfacet
  facet normal 0.820475 0.571682 0
    outer loop
      vertex -12.1353 -8.81678 36.677
      vertex -12.472 -8.33355 0
      vertex -12.472 -8.33355 36.677
    endloop
  endfacet
  facet normal 0.820475 0.571682 0
    outer loop
      vertex -12.472 -8.33355 0
      vertex -12.1353 -8.81678 36.677
      vertex -12.1353 -8.81678 0
    endloop
  endfacet
  facet normal 0.21442 0.976741 -0
    outer loop
      vertex -2.92635 -14.7118 0
      vertex -3.50168 -14.5855 36.677
      vertex -2.92635 -14.7118 36.677
    endloop
  endfacet
  facet normal 0.21442 0.976741 0
    outer loop
      vertex -3.50168 -14.5855 36.677
      vertex -2.92635 -14.7118 0
      vertex -3.50168 -14.5855 0
    endloop
  endfacet
  facet normal -0.944849 -0.327508 0
    outer loop
      vertex 14.2658 4.63525 0
      vertex 14.0729 5.19176 36.677
      vertex 14.0729 5.19176 0
    endloop
  endfacet
  facet normal -0.944849 -0.327508 0
    outer loop
      vertex 14.0729 5.19176 36.677
      vertex 14.2658 4.63525 0
      vertex 14.2658 4.63525 36.677
    endloop
  endfacet
  facet normal -0.019694 -0.999806 0
    outer loop
      vertex 0 15 0
      vertex 0.588897 14.9884 36.677
      vertex 0 15 36.677
    endloop
  endfacet
  facet normal -0.019694 -0.999806 -0
    outer loop
      vertex 0.588897 14.9884 36.677
      vertex 0 15 0
      vertex 0.588897 14.9884 0
    endloop
  endfacet
  facet normal 0.664307 -0.74746 0
    outer loop
      vertex -10.182 11.0148 0
      vertex -9.74172 11.4061 36.677
      vertex -10.182 11.0148 36.677
    endloop
  endfacet
  facet normal 0.664307 -0.74746 0
    outer loop
      vertex -9.74172 11.4061 36.677
      vertex -10.182 11.0148 0
      vertex -9.74172 11.4061 0
    endloop
  endfacet
  facet normal 0.999806 0.019694 0
    outer loop
      vertex -14.9884 -0.588897 36.677
      vertex -15 0 0
      vertex -15 0 36.677
    endloop
  endfacet
  facet normal 0.999806 0.019694 0
    outer loop
      vertex -15 0 0
      vertex -14.9884 -0.588897 36.677
      vertex -14.9884 -0.588897 0
    endloop
  endfacet
  facet normal 0.664307 0.74746 -0
    outer loop
      vertex -9.74172 -11.4061 0
      vertex -10.182 -11.0148 36.677
      vertex -9.74172 -11.4061 36.677
    endloop
  endfacet
  facet normal 0.664307 0.74746 0
    outer loop
      vertex -10.182 -11.0148 36.677
      vertex -9.74172 -11.4061 0
      vertex -10.182 -11.0148 0
    endloop
  endfacet
  facet normal -0.327508 -0.944849 0
    outer loop
      vertex 4.63525 14.2658 0
      vertex 5.19176 14.0729 36.677
      vertex 4.63525 14.2658 36.677
    endloop
  endfacet
  facet normal -0.327508 -0.944849 -0
    outer loop
      vertex 5.19176 14.0729 36.677
      vertex 4.63525 14.2658 0
      vertex 5.19176 14.0729 0
    endloop
  endfacet
  facet normal -0.50561 -0.862762 0
    outer loop
      vertex 7.32932 13.0874 0
      vertex 7.83748 12.7896 36.677
      vertex 7.32932 13.0874 36.677
    endloop
  endfacet
  facet normal -0.50561 -0.862762 -0
    outer loop
      vertex 7.83748 12.7896 36.677
      vertex 7.32932 13.0874 0
      vertex 7.83748 12.7896 0
    endloop
  endfacet
  facet normal 0.995174 -0.0981303 0
    outer loop
      vertex -14.9538 1.17689 36.677
      vertex -14.896 1.76306 0
      vertex -14.896 1.76306 36.677
    endloop
  endfacet
  facet normal 0.995174 -0.0981303 0
    outer loop
      vertex -14.896 1.76306 0
      vertex -14.9538 1.17689 36.677
      vertex -14.9538 1.17689 0
    endloop
  endfacet
  facet normal -0.471453 -0.881891 0
    outer loop
      vertex 6.80986 13.3651 0
      vertex 7.32932 13.0874 36.677
      vertex 6.80986 13.3651 36.677
    endloop
  endfacet
  facet normal -0.471453 -0.881891 -0
    outer loop
      vertex 7.32932 13.0874 36.677
      vertex 6.80986 13.3651 0
      vertex 7.32932 13.0874 0
    endloop
  endfacet
  facet normal 0.720892 0.693048 0
    outer loop
      vertex -10.6066 -10.6066 36.677
      vertex -11.0148 -10.182 0
      vertex -11.0148 -10.182 36.677
    endloop
  endfacet
  facet normal 0.720892 0.693048 0
    outer loop
      vertex -11.0148 -10.182 0
      vertex -10.6066 -10.6066 36.677
      vertex -10.6066 -10.6066 0
    endloop
  endfacet
  facet normal -0.252458 0.967608 0
    outer loop
      vertex 4.07161 -14.4368 0
      vertex 3.50168 -14.5855 36.677
      vertex 4.07161 -14.4368 36.677
    endloop
  endfacet
  facet normal -0.252458 0.967608 0
    outer loop
      vertex 3.50168 -14.5855 36.677
      vertex 4.07161 -14.4368 0
      vertex 3.50168 -14.5855 0
    endloop
  endfacet
  facet normal 0.916155 -0.400823 0
    outer loop
      vertex -13.8582 5.74025 36.677
      vertex -13.6221 6.2799 0
      vertex -13.6221 6.2799 36.677
    endloop
  endfacet
  facet normal 0.916155 -0.400823 0
    outer loop
      vertex -13.6221 6.2799 0
      vertex -13.8582 5.74025 36.677
      vertex -13.8582 5.74025 0
    endloop
  endfacet
  facet normal 0.976741 0.21442 0
    outer loop
      vertex -14.5855 -3.50168 36.677
      vertex -14.7118 -2.92635 0
      vertex -14.7118 -2.92635 36.677
    endloop
  endfacet
  facet normal 0.976741 0.21442 0
    outer loop
      vertex -14.7118 -2.92635 0
      vertex -14.5855 -3.50168 36.677
      vertex -14.5855 -3.50168 0
    endloop
  endfacet
  facet normal -0.98444 -0.175723 0
    outer loop
      vertex 14.8153 2.34652 0
      vertex 14.7118 2.92635 36.677
      vertex 14.7118 2.92635 0
    endloop
  endfacet
  facet normal -0.98444 -0.175723 0
    outer loop
      vertex 14.7118 2.92635 36.677
      vertex 14.8153 2.34652 0
      vertex 14.8153 2.34652 36.677
    endloop
  endfacet
  facet normal 0.364508 0.9312 -0
    outer loop
      vertex -5.19176 -14.0729 0
      vertex -5.74025 -13.8582 36.677
      vertex -5.19176 -14.0729 36.677
    endloop
  endfacet
  facet normal 0.364508 0.9312 0
    outer loop
      vertex -5.74025 -13.8582 36.677
      vertex -5.19176 -14.0729 0
      vertex -5.74025 -13.8582 0
    endloop
  endfacet
  facet normal 0.603555 0.797321 -0
    outer loop
      vertex -8.81678 -12.1353 0
      vertex -9.28641 -11.7798 36.677
      vertex -8.81678 -12.1353 36.677
    endloop
  endfacet
  facet normal 0.603555 0.797321 0
    outer loop
      vertex -9.28641 -11.7798 36.677
      vertex -8.81678 -12.1353 0
      vertex -9.28641 -11.7798 0
    endloop
  endfacet
  facet normal 0.976741 -0.21442 0
    outer loop
      vertex -14.7118 2.92635 36.677
      vertex -14.5855 3.50168 0
      vertex -14.5855 3.50168 36.677
    endloop
  endfacet
  facet normal 0.976741 -0.21442 0
    outer loop
      vertex -14.5855 3.50168 0
      vertex -14.7118 2.92635 36.677
      vertex -14.7118 2.92635 0
    endloop
  endfacet
  facet normal -0.0587426 -0.998273 0
    outer loop
      vertex 0.588897 14.9884 0
      vertex 1.17689 14.9538 36.677
      vertex 0.588897 14.9884 36.677
    endloop
  endfacet
  facet normal -0.0587426 -0.998273 -0
    outer loop
      vertex 1.17689 14.9538 36.677
      vertex 0.588897 14.9884 0
      vertex 1.17689 14.9538 0
    endloop
  endfacet
  facet normal -0.899781 0.436342 0
    outer loop
      vertex 13.3651 -6.80986 0
      vertex 13.6221 -6.2799 36.677
      vertex 13.6221 -6.2799 0
    endloop
  endfacet
  facet normal -0.899781 0.436342 0
    outer loop
      vertex 13.6221 -6.2799 36.677
      vertex 13.3651 -6.80986 0
      vertex 13.3651 -6.80986 36.677
    endloop
  endfacet
  facet normal 0.881891 -0.471453 0
    outer loop
      vertex -13.3651 6.80986 36.677
      vertex -13.0874 7.32932 0
      vertex -13.0874 7.32932 36.677
    endloop
  endfacet
  facet normal 0.881891 -0.471453 0
    outer loop
      vertex -13.0874 7.32932 0
      vertex -13.3651 6.80986 36.677
      vertex -13.3651 6.80986 0
    endloop
  endfacet
  facet normal -0.916155 -0.400823 0
    outer loop
      vertex 13.8582 5.74025 0
      vertex 13.6221 6.2799 36.677
      vertex 13.6221 6.2799 0
    endloop
  endfacet
  facet normal -0.916155 -0.400823 0
    outer loop
      vertex 13.6221 6.2799 36.677
      vertex 13.8582 5.74025 0
      vertex 13.8582 5.74025 36.677
    endloop
  endfacet
  facet normal -0.916155 0.400823 0
    outer loop
      vertex 13.6221 -6.2799 0
      vertex 13.8582 -5.74025 36.677
      vertex 13.8582 -5.74025 0
    endloop
  endfacet
  facet normal -0.916155 0.400823 0
    outer loop
      vertex 13.8582 -5.74025 36.677
      vertex 13.6221 -6.2799 0
      vertex 13.6221 -6.2799 36.677
    endloop
  endfacet
  facet normal -0.571682 0.820475 0
    outer loop
      vertex 8.81678 -12.1353 0
      vertex 8.33355 -12.472 36.677
      vertex 8.81678 -12.1353 36.677
    endloop
  endfacet
  facet normal -0.571682 0.820475 0
    outer loop
      vertex 8.33355 -12.472 36.677
      vertex 8.81678 -12.1353 0
      vertex 8.33355 -12.472 0
    endloop
  endfacet
  facet normal 0.95693 -0.290318 0
    outer loop
      vertex -14.4368 4.07161 36.677
      vertex -14.2658 4.63525 0
      vertex -14.2658 4.63525 36.677
    endloop
  endfacet
  facet normal 0.95693 -0.290318 0
    outer loop
      vertex -14.2658 4.63525 0
      vertex -14.4368 4.07161 36.677
      vertex -14.4368 4.07161 0
    endloop
  endfacet
  facet normal 0.50561 0.862762 -0
    outer loop
      vertex -7.32932 -13.0874 0
      vertex -7.83748 -12.7896 36.677
      vertex -7.32932 -13.0874 36.677
    endloop
  endfacet
  facet normal 0.50561 0.862762 0
    outer loop
      vertex -7.83748 -12.7896 36.677
      vertex -7.32932 -13.0874 0
      vertex -7.83748 -12.7896 0
    endloop
  endfacet
  facet normal 0.862762 0.50561 0
    outer loop
      vertex -12.7896 -7.83748 36.677
      vertex -13.0874 -7.32932 0
      vertex -13.0874 -7.32932 36.677
    endloop
  endfacet
  facet normal 0.862762 0.50561 0
    outer loop
      vertex -13.0874 -7.32932 0
      vertex -12.7896 -7.83748 36.677
      vertex -12.7896 -7.83748 0
    endloop
  endfacet
  facet normal -0.252458 -0.967608 0
    outer loop
      vertex 3.50168 14.5855 0
      vertex 4.07161 14.4368 36.677
      vertex 3.50168 14.5855 36.677
    endloop
  endfacet
  facet normal -0.252458 -0.967608 -0
    outer loop
      vertex 4.07161 14.4368 36.677
      vertex 3.50168 14.5855 0
      vertex 4.07161 14.4368 0
    endloop
  endfacet
  facet normal 0.400823 -0.916155 0
    outer loop
      vertex -6.2799 13.6221 0
      vertex -5.74025 13.8582 36.677
      vertex -6.2799 13.6221 36.677
    endloop
  endfacet
  facet normal 0.400823 -0.916155 0
    outer loop
      vertex -5.74025 13.8582 36.677
      vertex -6.2799 13.6221 0
      vertex -5.74025 13.8582 0
    endloop
  endfacet
  facet normal 0.842183 -0.539192 0
    outer loop
      vertex -12.7896 7.83748 36.677
      vertex -12.472 8.33355 0
      vertex -12.472 8.33355 36.677
    endloop
  endfacet
  facet normal 0.842183 -0.539192 0
    outer loop
      vertex -12.472 8.33355 0
      vertex -12.7896 7.83748 36.677
      vertex -12.7896 7.83748 0
    endloop
  endfacet
  facet normal 0.998273 -0.0587426 0
    outer loop
      vertex -14.9884 0.588897 36.677
      vertex -14.9538 1.17689 0
      vertex -14.9538 1.17689 36.677
    endloop
  endfacet
  facet normal 0.998273 -0.0587426 0
    outer loop
      vertex -14.9538 1.17689 0
      vertex -14.9884 0.588897 36.677
      vertex -14.9884 0.588897 0
    endloop
  endfacet
  facet normal 0.916155 0.400823 0
    outer loop
      vertex -13.6221 -6.2799 36.677
      vertex -13.8582 -5.74025 0
      vertex -13.8582 -5.74025 36.677
    endloop
  endfacet
  facet normal 0.916155 0.400823 0
    outer loop
      vertex -13.8582 -5.74025 0
      vertex -13.6221 -6.2799 36.677
      vertex -13.6221 -6.2799 0
    endloop
  endfacet
  facet normal 0.967608 0.252458 0
    outer loop
      vertex -14.4368 -4.07161 36.677
      vertex -14.5855 -3.50168 0
      vertex -14.5855 -3.50168 36.677
    endloop
  endfacet
  facet normal 0.967608 0.252458 0
    outer loop
      vertex -14.5855 -3.50168 0
      vertex -14.4368 -4.07161 36.677
      vertex -14.4368 -4.07161 0
    endloop
  endfacet
  facet normal 0.436342 -0.899781 0
    outer loop
      vertex -6.80986 13.3651 0
      vertex -6.2799 13.6221 36.677
      vertex -6.80986 13.3651 36.677
    endloop
  endfacet
  facet normal 0.436342 -0.899781 0
    outer loop
      vertex -6.2799 13.6221 36.677
      vertex -6.80986 13.3651 0
      vertex -6.2799 13.6221 0
    endloop
  endfacet
  facet normal 0.95693 0.290318 0
    outer loop
      vertex -14.2658 -4.63525 36.677
      vertex -14.4368 -4.07161 0
      vertex -14.4368 -4.07161 36.677
    endloop
  endfacet
  facet normal 0.95693 0.290318 0
    outer loop
      vertex -14.4368 -4.07161 0
      vertex -14.2658 -4.63525 36.677
      vertex -14.2658 -4.63525 0
    endloop
  endfacet
  facet normal 0.252458 0.967608 -0
    outer loop
      vertex -3.50168 -14.5855 0
      vertex -4.07161 -14.4368 36.677
      vertex -3.50168 -14.5855 36.677
    endloop
  endfacet
  facet normal 0.252458 0.967608 0
    outer loop
      vertex -4.07161 -14.4368 36.677
      vertex -3.50168 -14.5855 0
      vertex -4.07161 -14.4368 0
    endloop
  endfacet
  facet normal 0.862762 -0.50561 0
    outer loop
      vertex -13.0874 7.32932 36.677
      vertex -12.7896 7.83748 0
      vertex -12.7896 7.83748 36.677
    endloop
  endfacet
  facet normal 0.862762 -0.50561 0
    outer loop
      vertex -12.7896 7.83748 0
      vertex -13.0874 7.32932 36.677
      vertex -13.0874 7.32932 0
    endloop
  endfacet
  facet normal 0.899781 0.436342 0
    outer loop
      vertex -13.3651 -6.80986 36.677
      vertex -13.6221 -6.2799 0
      vertex -13.6221 -6.2799 36.677
    endloop
  endfacet
  facet normal 0.899781 0.436342 0
    outer loop
      vertex -13.6221 -6.2799 0
      vertex -13.3651 -6.80986 36.677
      vertex -13.3651 -6.80986 0
    endloop
  endfacet
  facet normal 0.471453 0.881891 -0
    outer loop
      vertex -6.80986 -13.3651 0
      vertex -7.32932 -13.0874 36.677
      vertex -6.80986 -13.3651 36.677
    endloop
  endfacet
  facet normal 0.471453 0.881891 0
    outer loop
      vertex -7.32932 -13.0874 36.677
      vertex -6.80986 -13.3651 0
      vertex -7.32932 -13.0874 0
    endloop
  endfacet
  facet normal -0.195373 0.980729 0
    outer loop
      vertex -28.6978 48.4767 0
      vertex -29.0025 48.416 3
      vertex -28.6978 48.4767 3
    endloop
  endfacet
  facet normal -0.195373 0.980729 0
    outer loop
      vertex -29.0025 48.416 3
      vertex -28.6978 48.4767 0
      vertex -29.0025 48.416 0
    endloop
  endfacet
  facet normal -0.321245 0.946996 0
    outer loop
      vertex -28.4036 48.5765 0
      vertex -28.6978 48.4767 3
      vertex -28.4036 48.5765 3
    endloop
  endfacet
  facet normal -0.321245 0.946996 0
    outer loop
      vertex -28.6978 48.4767 3
      vertex -28.4036 48.5765 0
      vertex -28.6978 48.4767 0
    endloop
  endfacet
  facet normal -0.442314 0.89686 0
    outer loop
      vertex -28.125 48.7139 0
      vertex -28.4036 48.5765 3
      vertex -28.125 48.7139 3
    endloop
  endfacet
  facet normal -0.442314 0.89686 0
    outer loop
      vertex -28.4036 48.5765 3
      vertex -28.125 48.7139 0
      vertex -28.4036 48.5765 0
    endloop
  endfacet
  facet normal -0.555591 0.831456 0
    outer loop
      vertex -27.8667 48.8865 0
      vertex -28.125 48.7139 3
      vertex -27.8667 48.8865 3
    endloop
  endfacet
  facet normal -0.555591 0.831456 0
    outer loop
      vertex -28.125 48.7139 3
      vertex -27.8667 48.8865 0
      vertex -28.125 48.7139 0
    endloop
  endfacet
  facet normal -0.659234 0.751938 0
    outer loop
      vertex -27.6331 49.0913 0
      vertex -27.8667 48.8865 3
      vertex -27.6331 49.0913 3
    endloop
  endfacet
  facet normal -0.659234 0.751938 0
    outer loop
      vertex -27.8667 48.8865 3
      vertex -27.6331 49.0913 0
      vertex -27.8667 48.8865 0
    endloop
  endfacet
  facet normal -0.751938 0.659234 0
    outer loop
      vertex -27.6331 49.0913 0
      vertex -27.4283 49.3249 3
      vertex -27.4283 49.3249 0
    endloop
  endfacet
  facet normal -0.751938 0.659234 0
    outer loop
      vertex -27.4283 49.3249 3
      vertex -27.6331 49.0913 0
      vertex -27.6331 49.0913 3
    endloop
  endfacet
  facet normal -0.831456 0.555591 0
    outer loop
      vertex -27.4283 49.3249 0
      vertex -27.2557 49.5832 3
      vertex -27.2557 49.5832 0
    endloop
  endfacet
  facet normal -0.831456 0.555591 0
    outer loop
      vertex -27.2557 49.5832 3
      vertex -27.4283 49.3249 0
      vertex -27.4283 49.3249 3
    endloop
  endfacet
  facet normal -0.89686 0.442314 0
    outer loop
      vertex -27.2557 49.5832 0
      vertex -27.1183 49.8618 3
      vertex -27.1183 49.8618 0
    endloop
  endfacet
  facet normal -0.89686 0.442314 0
    outer loop
      vertex -27.1183 49.8618 3
      vertex -27.2557 49.5832 0
      vertex -27.2557 49.5832 3
    endloop
  endfacet
  facet normal -0.946898 0.321533 0
    outer loop
      vertex -27.1183 49.8618 0
      vertex -27.0184 50.156 3
      vertex -27.0184 50.156 0
    endloop
  endfacet
  facet normal -0.946898 0.321533 0
    outer loop
      vertex -27.0184 50.156 3
      vertex -27.1183 49.8618 0
      vertex -27.1183 49.8618 3
    endloop
  endfacet
  facet normal -0.980791 0.195064 0
    outer loop
      vertex -27.0184 50.156 0
      vertex -26.9578 50.4607 3
      vertex -26.9578 50.4607 0
    endloop
  endfacet
  facet normal -0.980791 0.195064 0
    outer loop
      vertex -26.9578 50.4607 3
      vertex -27.0184 50.156 0
      vertex -27.0184 50.156 3
    endloop
  endfacet
  facet normal -0.997863 0.0653439 0
    outer loop
      vertex -26.9578 50.4607 0
      vertex -26.9375 50.7707 3
      vertex -26.9375 50.7707 0
    endloop
  endfacet
  facet normal -0.997863 0.0653439 0
    outer loop
      vertex -26.9375 50.7707 3
      vertex -26.9578 50.4607 0
      vertex -26.9578 50.4607 3
    endloop
  endfacet
  facet normal -0.997863 -0.0653439 0
    outer loop
      vertex -26.9375 50.7707 0
      vertex -26.9578 51.0807 3
      vertex -26.9578 51.0807 0
    endloop
  endfacet
  facet normal -0.997863 -0.0653439 0
    outer loop
      vertex -26.9578 51.0807 3
      vertex -26.9375 50.7707 0
      vertex -26.9375 50.7707 3
    endloop
  endfacet
  facet normal -0.980791 -0.195064 0
    outer loop
      vertex -26.9578 51.0807 0
      vertex -27.0184 51.3854 3
      vertex -27.0184 51.3854 0
    endloop
  endfacet
  facet normal -0.980791 -0.195064 0
    outer loop
      vertex -27.0184 51.3854 3
      vertex -26.9578 51.0807 0
      vertex -26.9578 51.0807 3
    endloop
  endfacet
  facet normal -0.946898 -0.321533 0
    outer loop
      vertex -27.0184 51.3854 0
      vertex -27.1183 51.6796 3
      vertex -27.1183 51.6796 0
    endloop
  endfacet
  facet normal -0.946898 -0.321533 0
    outer loop
      vertex -27.1183 51.6796 3
      vertex -27.0184 51.3854 0
      vertex -27.0184 51.3854 3
    endloop
  endfacet
  facet normal -0.89686 -0.442314 0
    outer loop
      vertex -27.1183 51.6796 0
      vertex -27.2557 51.9582 3
      vertex -27.2557 51.9582 0
    endloop
  endfacet
  facet normal -0.89686 -0.442314 0
    outer loop
      vertex -27.2557 51.9582 3
      vertex -27.1183 51.6796 0
      vertex -27.1183 51.6796 3
    endloop
  endfacet
  facet normal -0.831456 -0.555591 0
    outer loop
      vertex -27.2557 51.9582 0
      vertex -27.4283 52.2165 3
      vertex -27.4283 52.2165 0
    endloop
  endfacet
  facet normal -0.831456 -0.555591 0
    outer loop
      vertex -27.4283 52.2165 3
      vertex -27.2557 51.9582 0
      vertex -27.2557 51.9582 3
    endloop
  endfacet
  facet normal -0.751938 -0.659234 0
    outer loop
      vertex -27.4283 52.2165 0
      vertex -27.6331 52.4501 3
      vertex -27.6331 52.4501 0
    endloop
  endfacet
  facet normal -0.751938 -0.659234 0
    outer loop
      vertex -27.6331 52.4501 3
      vertex -27.4283 52.2165 0
      vertex -27.4283 52.2165 3
    endloop
  endfacet
  facet normal -0.659234 -0.751938 0
    outer loop
      vertex -27.8667 52.6549 0
      vertex -27.6331 52.4501 3
      vertex -27.8667 52.6549 3
    endloop
  endfacet
  facet normal -0.659234 -0.751938 -0
    outer loop
      vertex -27.6331 52.4501 3
      vertex -27.8667 52.6549 0
      vertex -27.6331 52.4501 0
    endloop
  endfacet
  facet normal -0.555591 -0.831456 0
    outer loop
      vertex -28.125 52.8275 0
      vertex -27.8667 52.6549 3
      vertex -28.125 52.8275 3
    endloop
  endfacet
  facet normal -0.555591 -0.831456 -0
    outer loop
      vertex -27.8667 52.6549 3
      vertex -28.125 52.8275 0
      vertex -27.8667 52.6549 0
    endloop
  endfacet
  facet normal -0.44228 -0.896877 0
    outer loop
      vertex -28.358 52.9424 0
      vertex -28.125 52.8275 3
      vertex -28.358 52.9424 3
    endloop
  endfacet
  facet normal -0.44228 -0.896877 -0
    outer loop
      vertex -28.125 52.8275 3
      vertex -28.358 52.9424 0
      vertex -28.125 52.8275 0
    endloop
  endfacet
  facet normal -0.86604 -0.499974 0
    outer loop
      vertex -28.358 52.9424 0
      vertex -29.3437 54.6498 3
      vertex -29.3437 54.6498 0
    endloop
  endfacet
  facet normal -0.86604 -0.499974 0
    outer loop
      vertex -29.3437 54.6498 3
      vertex -28.358 52.9424 0
      vertex -28.358 52.9424 3
    endloop
  endfacet
  facet normal -0.998203 -0.0599247 0
    outer loop
      vertex -29.3437 54.6498 0
      vertex -29.5388 57.8997 3
      vertex -29.5388 57.8997 0
    endloop
  endfacet
  facet normal -0.998203 -0.0599247 0
    outer loop
      vertex -29.5388 57.8997 3
      vertex -29.3437 54.6498 0
      vertex -29.3437 54.6498 3
    endloop
  endfacet
  facet normal 0.550996 0.834508 -0
    outer loop
      vertex -32.6563 52.7373 0
      vertex -35.3634 54.5247 3
      vertex -32.6563 52.7373 3
    endloop
  endfacet
  facet normal 0.550996 0.834508 0
    outer loop
      vertex -35.3634 54.5247 3
      vertex -32.6563 52.7373 0
      vertex -35.3634 54.5247 0
    endloop
  endfacet
  facet normal 0.866018 0.500012 0
    outer loop
      vertex -31.6705 51.0299 3
      vertex -32.6563 52.7373 0
      vertex -32.6563 52.7373 3
    endloop
  endfacet
  facet normal 0.866018 0.500012 0
    outer loop
      vertex -32.6563 52.7373 0
      vertex -31.6705 51.0299 3
      vertex -31.6705 51.0299 0
    endloop
  endfacet
  facet normal 0.997856 -0.0654458 0
    outer loop
      vertex -31.6875 50.7707 3
      vertex -31.6705 51.0299 0
      vertex -31.6705 51.0299 3
    endloop
  endfacet
  facet normal 0.997856 -0.0654458 0
    outer loop
      vertex -31.6705 51.0299 0
      vertex -31.6875 50.7707 3
      vertex -31.6875 50.7707 0
    endloop
  endfacet
  facet normal 0.997863 0.0653439 0
    outer loop
      vertex -31.6672 50.4607 3
      vertex -31.6875 50.7707 0
      vertex -31.6875 50.7707 3
    endloop
  endfacet
  facet normal 0.997863 0.0653439 0
    outer loop
      vertex -31.6875 50.7707 0
      vertex -31.6672 50.4607 3
      vertex -31.6672 50.4607 0
    endloop
  endfacet
  facet normal 0.980791 0.195064 0
    outer loop
      vertex -31.6066 50.156 3
      vertex -31.6672 50.4607 0
      vertex -31.6672 50.4607 3
    endloop
  endfacet
  facet normal 0.980791 0.195064 0
    outer loop
      vertex -31.6672 50.4607 0
      vertex -31.6066 50.156 3
      vertex -31.6066 50.156 0
    endloop
  endfacet
  facet normal 0.946865 0.321631 0
    outer loop
      vertex -31.5067 49.8619 3
      vertex -31.6066 50.156 0
      vertex -31.6066 50.156 3
    endloop
  endfacet
  facet normal 0.946865 0.321631 0
    outer loop
      vertex -31.6066 50.156 0
      vertex -31.5067 49.8619 3
      vertex -31.5067 49.8619 0
    endloop
  endfacet
  facet normal 0.896923 0.442186 0
    outer loop
      vertex -31.3693 49.5832 3
      vertex -31.5067 49.8619 0
      vertex -31.5067 49.8619 3
    endloop
  endfacet
  facet normal 0.896923 0.442186 0
    outer loop
      vertex -31.5067 49.8619 0
      vertex -31.3693 49.5832 3
      vertex -31.3693 49.5832 0
    endloop
  endfacet
  facet normal 0.831456 0.555591 0
    outer loop
      vertex -31.1967 49.3249 3
      vertex -31.3693 49.5832 0
      vertex -31.3693 49.5832 3
    endloop
  endfacet
  facet normal 0.831456 0.555591 0
    outer loop
      vertex -31.3693 49.5832 0
      vertex -31.1967 49.3249 3
      vertex -31.1967 49.3249 0
    endloop
  endfacet
  facet normal 0.751798 0.659393 0
    outer loop
      vertex -30.9919 49.0914 3
      vertex -31.1967 49.3249 0
      vertex -31.1967 49.3249 3
    endloop
  endfacet
  facet normal 0.751798 0.659393 0
    outer loop
      vertex -31.1967 49.3249 0
      vertex -30.9919 49.0914 3
      vertex -30.9919 49.0914 0
    endloop
  endfacet
  facet normal 0.659415 0.751779 -0
    outer loop
      vertex -30.7583 48.8865 0
      vertex -30.9919 49.0914 3
      vertex -30.7583 48.8865 3
    endloop
  endfacet
  facet normal 0.659415 0.751779 0
    outer loop
      vertex -30.9919 49.0914 3
      vertex -30.7583 48.8865 0
      vertex -30.9919 49.0914 0
    endloop
  endfacet
  facet normal 0.555591 0.831456 -0
    outer loop
      vertex -30.5 48.7139 0
      vertex -30.7583 48.8865 3
      vertex -30.5 48.7139 3
    endloop
  endfacet
  facet normal 0.555591 0.831456 0
    outer loop
      vertex -30.7583 48.8865 3
      vertex -30.5 48.7139 0
      vertex -30.7583 48.8865 0
    endloop
  endfacet
  facet normal 0.442186 0.896923 -0
    outer loop
      vertex -30.2213 48.5765 0
      vertex -30.5 48.7139 3
      vertex -30.2213 48.5765 3
    endloop
  endfacet
  facet normal 0.442186 0.896923 0
    outer loop
      vertex -30.5 48.7139 3
      vertex -30.2213 48.5765 0
      vertex -30.5 48.7139 0
    endloop
  endfacet
  facet normal 0.321343 0.946963 -0
    outer loop
      vertex -29.9272 48.4767 0
      vertex -30.2213 48.5765 3
      vertex -29.9272 48.4767 3
    endloop
  endfacet
  facet normal 0.321343 0.946963 0
    outer loop
      vertex -30.2213 48.5765 3
      vertex -29.9272 48.4767 0
      vertex -30.2213 48.5765 0
    endloop
  endfacet
  facet normal 0.195373 0.980729 -0
    outer loop
      vertex -29.6225 48.416 0
      vertex -29.9272 48.4767 3
      vertex -29.6225 48.416 3
    endloop
  endfacet
  facet normal 0.195373 0.980729 0
    outer loop
      vertex -29.9272 48.4767 3
      vertex -29.6225 48.416 0
      vertex -29.9272 48.4767 0
    endloop
  endfacet
  facet normal 0.0653439 0.997863 -0
    outer loop
      vertex -29.3125 48.3957 0
      vertex -29.6225 48.416 3
      vertex -29.3125 48.3957 3
    endloop
  endfacet
  facet normal 0.0653439 0.997863 0
    outer loop
      vertex -29.6225 48.416 3
      vertex -29.3125 48.3957 0
      vertex -29.6225 48.416 0
    endloop
  endfacet
  facet normal -0.0653439 0.997863 0
    outer loop
      vertex -29.0025 48.416 0
      vertex -29.3125 48.3957 3
      vertex -29.0025 48.416 3
    endloop
  endfacet
  facet normal -0.0653439 0.997863 0
    outer loop
      vertex -29.3125 48.3957 3
      vertex -29.0025 48.416 0
      vertex -29.3125 48.3957 0
    endloop
  endfacet
  facet normal -0.194759 0.980851 0
    outer loop
      vertex 30.1081 49.8506 0
      vertex 29.8996 49.8092 3
      vertex 30.1081 49.8506 3
    endloop
  endfacet
  facet normal -0.194759 0.980851 0
    outer loop
      vertex 29.8996 49.8092 3
      vertex 30.1081 49.8506 0
      vertex 29.8996 49.8092 0
    endloop
  endfacet
  facet normal -0.321447 0.946928 0
    outer loop
      vertex 30.3093 49.9189 0
      vertex 30.1081 49.8506 3
      vertex 30.3093 49.9189 3
    endloop
  endfacet
  facet normal -0.321447 0.946928 0
    outer loop
      vertex 30.1081 49.8506 3
      vertex 30.3093 49.9189 0
      vertex 30.1081 49.8506 0
    endloop
  endfacet
  facet normal -0.442505 0.896766 0
    outer loop
      vertex 30.5 50.013 0
      vertex 30.3093 49.9189 3
      vertex 30.5 50.013 3
    endloop
  endfacet
  facet normal -0.442505 0.896766 0
    outer loop
      vertex 30.3093 49.9189 3
      vertex 30.5 50.013 0
      vertex 30.3093 49.9189 0
    endloop
  endfacet
  facet normal -0.555352 0.831616 0
    outer loop
      vertex 30.6767 50.131 0
      vertex 30.5 50.013 3
      vertex 30.6767 50.131 3
    endloop
  endfacet
  facet normal -0.555352 0.831616 0
    outer loop
      vertex 30.5 50.013 3
      vertex 30.6767 50.131 0
      vertex 30.5 50.013 0
    endloop
  endfacet
  facet normal -0.659503 0.751702 0
    outer loop
      vertex 30.8365 50.2712 0
      vertex 30.6767 50.131 3
      vertex 30.8365 50.2712 3
    endloop
  endfacet
  facet normal -0.659503 0.751702 0
    outer loop
      vertex 30.6767 50.131 3
      vertex 30.8365 50.2712 0
      vertex 30.6767 50.131 0
    endloop
  endfacet
  facet normal -0.751702 0.659503 0
    outer loop
      vertex 30.8365 50.2712 0
      vertex 30.9767 50.431 3
      vertex 30.9767 50.431 0
    endloop
  endfacet
  facet normal -0.751702 0.659503 0
    outer loop
      vertex 30.9767 50.431 3
      vertex 30.8365 50.2712 0
      vertex 30.8365 50.2712 3
    endloop
  endfacet
  facet normal -0.831543 0.55546 0
    outer loop
      vertex 30.9767 50.431 0
      vertex 31.0948 50.6078 3
      vertex 31.0948 50.6078 0
    endloop
  endfacet
  facet normal -0.831543 0.55546 0
    outer loop
      vertex 31.0948 50.6078 3
      vertex 30.9767 50.431 0
      vertex 30.9767 50.431 3
    endloop
  endfacet
  facet normal -0.896861 0.442313 0
    outer loop
      vertex 31.0948 50.6078 0
      vertex 31.1888 50.7984 3
      vertex 31.1888 50.7984 0
    endloop
  endfacet
  facet normal -0.896861 0.442313 0
    outer loop
      vertex 31.1888 50.7984 3
      vertex 31.0948 50.6078 0
      vertex 31.0948 50.6078 3
    endloop
  endfacet
  facet normal -0.946976 0.321304 0
    outer loop
      vertex 31.1888 50.7984 0
      vertex 31.2571 50.9997 3
      vertex 31.2571 50.9997 0
    endloop
  endfacet
  facet normal -0.946976 0.321304 0
    outer loop
      vertex 31.2571 50.9997 3
      vertex 31.1888 50.7984 0
      vertex 31.1888 50.7984 3
    endloop
  endfacet
  facet normal -0.980743 0.195302 0
    outer loop
      vertex 31.2571 50.9997 0
      vertex 31.2986 51.2081 3
      vertex 31.2986 51.2081 0
    endloop
  endfacet
  facet normal -0.980743 0.195302 0
    outer loop
      vertex 31.2986 51.2081 3
      vertex 31.2571 50.9997 0
      vertex 31.2571 50.9997 3
    endloop
  endfacet
  facet normal -0.997861 0.0653642 0
    outer loop
      vertex 31.2986 51.2081 0
      vertex 31.3125 51.4203 3
      vertex 31.3125 51.4203 0
    endloop
  endfacet
  facet normal -0.997861 0.0653642 0
    outer loop
      vertex 31.3125 51.4203 3
      vertex 31.2986 51.2081 0
      vertex 31.2986 51.2081 3
    endloop
  endfacet
  facet normal -0.997859 -0.0653948 0
    outer loop
      vertex 31.3125 51.4203 0
      vertex 31.2986 51.6324 3
      vertex 31.2986 51.6324 0
    endloop
  endfacet
  facet normal -0.997859 -0.0653948 0
    outer loop
      vertex 31.2986 51.6324 3
      vertex 31.3125 51.4203 0
      vertex 31.3125 51.4203 3
    endloop
  endfacet
  facet normal -0.980759 -0.195222 0
    outer loop
      vertex 31.2986 51.6324 0
      vertex 31.2944 51.6535 3
      vertex 31.2944 51.6535 0
    endloop
  endfacet
  facet normal -0.980759 -0.195222 0
    outer loop
      vertex 31.2944 51.6535 3
      vertex 31.2986 51.6324 0
      vertex 31.2986 51.6324 3
    endloop
  endfacet
  facet normal -0.866023 0.500004 0
    outer loop
      vertex 31.2944 51.6535 0
      vertex 32.1042 53.0561 3
      vertex 32.1042 53.0561 0
    endloop
  endfacet
  facet normal -0.866023 0.500004 0
    outer loop
      vertex 32.1042 53.0561 3
      vertex 31.2944 51.6535 0
      vertex 31.2944 51.6535 3
    endloop
  endfacet
  facet normal -0.550989 0.834512 0
    outer loop
      vertex 34.838 54.8611 0
      vertex 32.1042 53.0561 3
      vertex 34.838 54.8611 3
    endloop
  endfacet
  facet normal -0.550989 0.834512 0
    outer loop
      vertex 32.1042 53.0561 3
      vertex 34.838 54.8611 0
      vertex 32.1042 53.0561 0
    endloop
  endfacet
  facet normal 0.998202 -0.0599324 0
    outer loop
      vertex 29.8958 54.3311 3
      vertex 30.0923 57.6039 0
      vertex 30.0923 57.6039 3
    endloop
  endfacet
  facet normal 0.998202 -0.0599324 0
    outer loop
      vertex 30.0923 57.6039 0
      vertex 29.8958 54.3311 3
      vertex 29.8958 54.3311 0
    endloop
  endfacet
  facet normal 0.866023 -0.500004 0
    outer loop
      vertex 29.086 52.9285 3
      vertex 29.8958 54.3311 0
      vertex 29.8958 54.3311 3
    endloop
  endfacet
  facet normal 0.866023 -0.500004 0
    outer loop
      vertex 29.8958 54.3311 0
      vertex 29.086 52.9285 3
      vertex 29.086 52.9285 0
    endloop
  endfacet
  facet normal 0.324561 -0.945865 0
    outer loop
      vertex 29.0656 52.9215 0
      vertex 29.086 52.9285 3
      vertex 29.0656 52.9215 3
    endloop
  endfacet
  facet normal 0.324561 -0.945865 0
    outer loop
      vertex 29.086 52.9285 3
      vertex 29.0656 52.9215 0
      vertex 29.086 52.9285 0
    endloop
  endfacet
  facet normal 0.442313 -0.896861 0
    outer loop
      vertex 28.875 52.8275 0
      vertex 29.0656 52.9215 3
      vertex 28.875 52.8275 3
    endloop
  endfacet
  facet normal 0.442313 -0.896861 0
    outer loop
      vertex 29.0656 52.9215 3
      vertex 28.875 52.8275 0
      vertex 29.0656 52.9215 0
    endloop
  endfacet
  facet normal 0.555677 -0.831398 0
    outer loop
      vertex 28.6983 52.7094 0
      vertex 28.875 52.8275 3
      vertex 28.6983 52.7094 3
    endloop
  endfacet
  facet normal 0.555677 -0.831398 0
    outer loop
      vertex 28.875 52.8275 3
      vertex 28.6983 52.7094 0
      vertex 28.875 52.8275 0
    endloop
  endfacet
  facet normal 0.659237 -0.751935 0
    outer loop
      vertex 28.5385 52.5693 0
      vertex 28.6983 52.7094 3
      vertex 28.5385 52.5693 3
    endloop
  endfacet
  facet normal 0.659237 -0.751935 0
    outer loop
      vertex 28.6983 52.7094 3
      vertex 28.5385 52.5693 0
      vertex 28.6983 52.7094 0
    endloop
  endfacet
  facet normal 0.751702 -0.659503 0
    outer loop
      vertex 28.3983 52.4095 3
      vertex 28.5385 52.5693 0
      vertex 28.5385 52.5693 3
    endloop
  endfacet
  facet normal 0.751702 -0.659503 0
    outer loop
      vertex 28.5385 52.5693 0
      vertex 28.3983 52.4095 3
      vertex 28.3983 52.4095 0
    endloop
  endfacet
  facet normal 0.831398 -0.555677 0
    outer loop
      vertex 28.2802 52.2328 3
      vertex 28.3983 52.4095 0
      vertex 28.3983 52.4095 3
    endloop
  endfacet
  facet normal 0.831398 -0.555677 0
    outer loop
      vertex 28.3983 52.4095 0
      vertex 28.2802 52.2328 3
      vertex 28.2802 52.2328 0
    endloop
  endfacet
  facet normal 0.896953 -0.442127 0
    outer loop
      vertex 28.1862 52.0421 3
      vertex 28.2802 52.2328 0
      vertex 28.2802 52.2328 3
    endloop
  endfacet
  facet normal 0.896953 -0.442127 0
    outer loop
      vertex 28.2802 52.2328 0
      vertex 28.1862 52.0421 3
      vertex 28.1862 52.0421 0
    endloop
  endfacet
  facet normal 0.946976 -0.321304 0
    outer loop
      vertex 28.1179 51.8408 3
      vertex 28.1862 52.0421 0
      vertex 28.1862 52.0421 3
    endloop
  endfacet
  facet normal 0.946976 -0.321304 0
    outer loop
      vertex 28.1862 52.0421 0
      vertex 28.1179 51.8408 3
      vertex 28.1179 51.8408 0
    endloop
  endfacet
  facet normal 0.980761 -0.195211 0
    outer loop
      vertex 28.0764 51.6323 3
      vertex 28.1179 51.8408 0
      vertex 28.1179 51.8408 3
    endloop
  endfacet
  facet normal 0.980761 -0.195211 0
    outer loop
      vertex 28.1179 51.8408 0
      vertex 28.0764 51.6323 3
      vertex 28.0764 51.6323 0
    endloop
  endfacet
  facet normal 0.997859 -0.0653948 0
    outer loop
      vertex 28.0625 51.4202 3
      vertex 28.0764 51.6323 0
      vertex 28.0764 51.6323 3
    endloop
  endfacet
  facet normal 0.997859 -0.0653948 0
    outer loop
      vertex 28.0764 51.6323 0
      vertex 28.0625 51.4202 3
      vertex 28.0625 51.4202 0
    endloop
  endfacet
  facet normal 0.997859 0.0653948 0
    outer loop
      vertex 28.0764 51.2081 3
      vertex 28.0625 51.4202 0
      vertex 28.0625 51.4202 3
    endloop
  endfacet
  facet normal 0.997859 0.0653948 0
    outer loop
      vertex 28.0625 51.4202 0
      vertex 28.0764 51.2081 3
      vertex 28.0764 51.2081 0
    endloop
  endfacet
  facet normal 0.980743 0.195302 0
    outer loop
      vertex 28.1179 50.9997 3
      vertex 28.0764 51.2081 0
      vertex 28.0764 51.2081 3
    endloop
  endfacet
  facet normal 0.980743 0.195302 0
    outer loop
      vertex 28.0764 51.2081 0
      vertex 28.1179 50.9997 3
      vertex 28.1179 50.9997 0
    endloop
  endfacet
  facet normal 0.946976 0.321304 0
    outer loop
      vertex 28.1862 50.7984 3
      vertex 28.1179 50.9997 0
      vertex 28.1179 50.9997 3
    endloop
  endfacet
  facet normal 0.946976 0.321304 0
    outer loop
      vertex 28.1179 50.9997 0
      vertex 28.1862 50.7984 3
      vertex 28.1862 50.7984 0
    endloop
  endfacet
  facet normal 0.896953 0.442127 0
    outer loop
      vertex 28.2802 50.6077 3
      vertex 28.1862 50.7984 0
      vertex 28.1862 50.7984 3
    endloop
  endfacet
  facet normal 0.896953 0.442127 0
    outer loop
      vertex 28.1862 50.7984 0
      vertex 28.2802 50.6077 3
      vertex 28.2802 50.6077 0
    endloop
  endfacet
  facet normal 0.831398 0.555677 0
    outer loop
      vertex 28.3983 50.431 3
      vertex 28.2802 50.6077 0
      vertex 28.2802 50.6077 3
    endloop
  endfacet
  facet normal 0.831398 0.555677 0
    outer loop
      vertex 28.2802 50.6077 0
      vertex 28.3983 50.431 3
      vertex 28.3983 50.431 0
    endloop
  endfacet
  facet normal 0.751935 0.659237 0
    outer loop
      vertex 28.5384 50.2712 3
      vertex 28.3983 50.431 0
      vertex 28.3983 50.431 3
    endloop
  endfacet
  facet normal 0.751935 0.659237 0
    outer loop
      vertex 28.3983 50.431 0
      vertex 28.5384 50.2712 3
      vertex 28.5384 50.2712 0
    endloop
  endfacet
  facet normal 0.65927 0.751906 -0
    outer loop
      vertex 28.6983 50.131 0
      vertex 28.5384 50.2712 3
      vertex 28.6983 50.131 3
    endloop
  endfacet
  facet normal 0.65927 0.751906 0
    outer loop
      vertex 28.5384 50.2712 3
      vertex 28.6983 50.131 0
      vertex 28.5384 50.2712 0
    endloop
  endfacet
  facet normal 0.555352 0.831616 -0
    outer loop
      vertex 28.875 50.013 0
      vertex 28.6983 50.131 3
      vertex 28.875 50.013 3
    endloop
  endfacet
  facet normal 0.555352 0.831616 0
    outer loop
      vertex 28.6983 50.131 3
      vertex 28.875 50.013 0
      vertex 28.6983 50.131 0
    endloop
  endfacet
  facet normal 0.442692 0.896674 -0
    outer loop
      vertex 29.0656 49.9189 0
      vertex 28.875 50.013 3
      vertex 29.0656 49.9189 3
    endloop
  endfacet
  facet normal 0.442692 0.896674 0
    outer loop
      vertex 28.875 50.013 3
      vertex 29.0656 49.9189 0
      vertex 28.875 50.013 0
    endloop
  endfacet
  facet normal 0.321304 0.946976 -0
    outer loop
      vertex 29.2669 49.8506 0
      vertex 29.0656 49.9189 3
      vertex 29.2669 49.8506 3
    endloop
  endfacet
  facet normal 0.321304 0.946976 0
    outer loop
      vertex 29.0656 49.9189 3
      vertex 29.2669 49.8506 0
      vertex 29.0656 49.9189 0
    endloop
  endfacet
  facet normal 0.195211 0.980761 -0
    outer loop
      vertex 29.4754 49.8091 0
      vertex 29.2669 49.8506 3
      vertex 29.4754 49.8091 3
    endloop
  endfacet
  facet normal 0.195211 0.980761 0
    outer loop
      vertex 29.2669 49.8506 3
      vertex 29.4754 49.8091 0
      vertex 29.2669 49.8506 0
    endloop
  endfacet
  facet normal 0.0653948 0.997859 -0
    outer loop
      vertex 29.6875 49.7952 0
      vertex 29.4754 49.8091 3
      vertex 29.6875 49.7952 3
    endloop
  endfacet
  facet normal 0.0653948 0.997859 0
    outer loop
      vertex 29.4754 49.8091 3
      vertex 29.6875 49.7952 0
      vertex 29.4754 49.8091 0
    endloop
  endfacet
  facet normal -0.0658633 0.997829 0
    outer loop
      vertex 29.8996 49.8092 0
      vertex 29.6875 49.7952 3
      vertex 29.8996 49.8092 3
    endloop
  endfacet
  facet normal -0.0658633 0.997829 0
    outer loop
      vertex 29.6875 49.7952 3
      vertex 29.8996 49.8092 0
      vertex 29.6875 49.7952 0
    endloop
  endfacet
  facet normal 0 1 -0
    outer loop
      vertex -59.6715 -2.54999 0
      vertex -62 -2.54999 3
      vertex -59.6715 -2.54999 3
    endloop
  endfacet
  facet normal 0 1 0
    outer loop
      vertex -62 -2.54999 3
      vertex -59.6715 -2.54999 0
      vertex -62 -2.54999 0
    endloop
  endfacet
  facet normal 0.555536 0.831492 -0
    outer loop
      vertex -59.4375 -2.70633 0
      vertex -59.6715 -2.54999 3
      vertex -59.4375 -2.70633 3
    endloop
  endfacet
  facet normal 0.555536 0.831492 0
    outer loop
      vertex -59.6715 -2.54999 3
      vertex -59.4375 -2.70633 0
      vertex -59.6715 -2.54999 0
    endloop
  endfacet
  facet normal 0.442294 0.89687 -0
    outer loop
      vertex -59.0709 -2.88712 0
      vertex -59.4375 -2.70633 3
      vertex -59.0709 -2.88712 3
    endloop
  endfacet
  facet normal 0.442294 0.89687 0
    outer loop
      vertex -59.4375 -2.70633 3
      vertex -59.0709 -2.88712 0
      vertex -59.4375 -2.70633 0
    endloop
  endfacet
  facet normal 0.321412 0.94694 -0
    outer loop
      vertex -58.6838 -3.01851 0
      vertex -59.0709 -2.88712 3
      vertex -58.6838 -3.01851 3
    endloop
  endfacet
  facet normal 0.321412 0.94694 0
    outer loop
      vertex -59.0709 -2.88712 3
      vertex -58.6838 -3.01851 0
      vertex -59.0709 -2.88712 0
    endloop
  endfacet
  facet normal 0.195081 0.980787 -0
    outer loop
      vertex -58.2829 -3.09825 0
      vertex -58.6838 -3.01851 3
      vertex -58.2829 -3.09825 3
    endloop
  endfacet
  facet normal 0.195081 0.980787 0
    outer loop
      vertex -58.6838 -3.01851 3
      vertex -58.2829 -3.09825 0
      vertex -58.6838 -3.01851 0
    endloop
  endfacet
  facet normal 0.0654392 0.997857 -0
    outer loop
      vertex -57.875 -3.125 0
      vertex -58.2829 -3.09825 3
      vertex -57.875 -3.125 3
    endloop
  endfacet
  facet normal 0.0654392 0.997857 0
    outer loop
      vertex -58.2829 -3.09825 3
      vertex -57.875 -3.125 0
      vertex -58.2829 -3.09825 0
    endloop
  endfacet
  facet normal -0.0654392 0.997857 0
    outer loop
      vertex -57.4671 -3.09825 0
      vertex -57.875 -3.125 3
      vertex -57.4671 -3.09825 3
    endloop
  endfacet
  facet normal -0.0654392 0.997857 0
    outer loop
      vertex -57.875 -3.125 3
      vertex -57.4671 -3.09825 0
      vertex -57.875 -3.125 0
    endloop
  endfacet
  facet normal -0.195081 0.980787 0
    outer loop
      vertex -57.0662 -3.01851 0
      vertex -57.4671 -3.09825 3
      vertex -57.0662 -3.01851 3
    endloop
  endfacet
  facet normal -0.195081 0.980787 0
    outer loop
      vertex -57.4671 -3.09825 3
      vertex -57.0662 -3.01851 0
      vertex -57.4671 -3.09825 0
    endloop
  endfacet
  facet normal -0.321412 0.94694 0
    outer loop
      vertex -56.6791 -2.88712 0
      vertex -57.0662 -3.01851 3
      vertex -56.6791 -2.88712 3
    endloop
  endfacet
  facet normal -0.321412 0.94694 0
    outer loop
      vertex -57.0662 -3.01851 3
      vertex -56.6791 -2.88712 0
      vertex -57.0662 -3.01851 0
    endloop
  endfacet
  facet normal -0.442294 0.89687 0
    outer loop
      vertex -56.3125 -2.70633 0
      vertex -56.6791 -2.88712 3
      vertex -56.3125 -2.70633 3
    endloop
  endfacet
  facet normal -0.442294 0.89687 0
    outer loop
      vertex -56.6791 -2.88712 3
      vertex -56.3125 -2.70633 0
      vertex -56.6791 -2.88712 0
    endloop
  endfacet
  facet normal -0.555564 0.831474 0
    outer loop
      vertex -55.9726 -2.47922 0
      vertex -56.3125 -2.70633 3
      vertex -55.9726 -2.47922 3
    endloop
  endfacet
  facet normal -0.555564 0.831474 0
    outer loop
      vertex -56.3125 -2.70633 3
      vertex -55.9726 -2.47922 0
      vertex -56.3125 -2.70633 0
    endloop
  endfacet
  facet normal -0.659381 0.751809 0
    outer loop
      vertex -55.6653 -2.2097 0
      vertex -55.9726 -2.47922 3
      vertex -55.6653 -2.2097 3
    endloop
  endfacet
  facet normal -0.659381 0.751809 0
    outer loop
      vertex -55.9726 -2.47922 3
      vertex -55.6653 -2.2097 0
      vertex -55.9726 -2.47922 0
    endloop
  endfacet
  facet normal -0.751865 0.659317 0
    outer loop
      vertex -55.6653 -2.2097 0
      vertex -55.3958 -1.90237 3
      vertex -55.3958 -1.90237 0
    endloop
  endfacet
  facet normal -0.751865 0.659317 0
    outer loop
      vertex -55.3958 -1.90237 3
      vertex -55.6653 -2.2097 0
      vertex -55.6653 -2.2097 3
    endloop
  endfacet
  facet normal -0.831463 0.555581 0
    outer loop
      vertex -55.3958 -1.90237 0
      vertex -55.1687 -1.5625 3
      vertex -55.1687 -1.5625 0
    endloop
  endfacet
  facet normal -0.831463 0.555581 0
    outer loop
      vertex -55.1687 -1.5625 3
      vertex -55.3958 -1.90237 0
      vertex -55.3958 -1.90237 3
    endloop
  endfacet
  facet normal -0.89687 0.442295 0
    outer loop
      vertex -55.1687 -1.5625 0
      vertex -54.9879 -1.19588 3
      vertex -54.9879 -1.19588 0
    endloop
  endfacet
  facet normal -0.89687 0.442295 0
    outer loop
      vertex -54.9879 -1.19588 3
      vertex -55.1687 -1.5625 0
      vertex -55.1687 -1.5625 3
    endloop
  endfacet
  facet normal -0.946925 0.321454 0
    outer loop
      vertex -54.9879 -1.19588 0
      vertex -54.8565 -0.808807 3
      vertex -54.8565 -0.808807 0
    endloop
  endfacet
  facet normal -0.946925 0.321454 0
    outer loop
      vertex -54.8565 -0.808807 3
      vertex -54.9879 -1.19588 0
      vertex -54.9879 -1.19588 3
    endloop
  endfacet
  facet normal -0.980761 0.195211 0
    outer loop
      vertex -54.8565 -0.808807 0
      vertex -54.7767 -0.407883 3
      vertex -54.7767 -0.407883 0
    endloop
  endfacet
  facet normal -0.980761 0.195211 0
    outer loop
      vertex -54.7767 -0.407883 3
      vertex -54.8565 -0.808807 0
      vertex -54.8565 -0.808807 3
    endloop
  endfacet
  facet normal -0.997864 0.0653201 0
    outer loop
      vertex -54.7767 -0.407883 0
      vertex -54.75 0 3
      vertex -54.75 0 0
    endloop
  endfacet
  facet normal -0.997864 0.0653201 0
    outer loop
      vertex -54.75 0 3
      vertex -54.7767 -0.407883 0
      vertex -54.7767 -0.407883 3
    endloop
  endfacet
  facet normal -0.997864 -0.0653201 0
    outer loop
      vertex -54.75 0 0
      vertex -54.7767 0.407883 3
      vertex -54.7767 0.407883 0
    endloop
  endfacet
  facet normal -0.997864 -0.0653201 0
    outer loop
      vertex -54.7767 0.407883 3
      vertex -54.75 0 0
      vertex -54.75 0 3
    endloop
  endfacet
  facet normal -0.980761 -0.195211 0
    outer loop
      vertex -54.7767 0.407883 0
      vertex -54.8565 0.808807 3
      vertex -54.8565 0.808807 0
    endloop
  endfacet
  facet normal -0.980761 -0.195211 0
    outer loop
      vertex -54.8565 0.808807 3
      vertex -54.7767 0.407883 0
      vertex -54.7767 0.407883 3
    endloop
  endfacet
  facet normal -0.946925 -0.321454 0
    outer loop
      vertex -54.8565 0.808807 0
      vertex -54.9879 1.19588 3
      vertex -54.9879 1.19588 0
    endloop
  endfacet
  facet normal -0.946925 -0.321454 0
    outer loop
      vertex -54.9879 1.19588 3
      vertex -54.8565 0.808807 0
      vertex -54.8565 0.808807 3
    endloop
  endfacet
  facet normal -0.89687 -0.442295 0
    outer loop
      vertex -54.9879 1.19588 0
      vertex -55.1687 1.5625 3
      vertex -55.1687 1.5625 0
    endloop
  endfacet
  facet normal -0.89687 -0.442295 0
    outer loop
      vertex -55.1687 1.5625 3
      vertex -54.9879 1.19588 0
      vertex -54.9879 1.19588 3
    endloop
  endfacet
  facet normal -0.831463 -0.555581 0
    outer loop
      vertex -55.1687 1.5625 0
      vertex -55.3958 1.90237 3
      vertex -55.3958 1.90237 0
    endloop
  endfacet
  facet normal -0.831463 -0.555581 0
    outer loop
      vertex -55.3958 1.90237 3
      vertex -55.1687 1.5625 0
      vertex -55.1687 1.5625 3
    endloop
  endfacet
  facet normal -0.751865 -0.659317 0
    outer loop
      vertex -55.3958 1.90237 0
      vertex -55.6653 2.2097 3
      vertex -55.6653 2.2097 0
    endloop
  endfacet
  facet normal -0.751865 -0.659317 0
    outer loop
      vertex -55.6653 2.2097 3
      vertex -55.3958 1.90237 0
      vertex -55.3958 1.90237 3
    endloop
  endfacet
  facet normal -0.659381 -0.751809 0
    outer loop
      vertex -55.9726 2.47922 0
      vertex -55.6653 2.2097 3
      vertex -55.9726 2.47922 3
    endloop
  endfacet
  facet normal -0.659381 -0.751809 -0
    outer loop
      vertex -55.6653 2.2097 3
      vertex -55.9726 2.47922 0
      vertex -55.6653 2.2097 0
    endloop
  endfacet
  facet normal -0.555564 -0.831474 0
    outer loop
      vertex -56.3125 2.70633 0
      vertex -55.9726 2.47922 3
      vertex -56.3125 2.70633 3
    endloop
  endfacet
  facet normal -0.555564 -0.831474 -0
    outer loop
      vertex -55.9726 2.47922 3
      vertex -56.3125 2.70633 0
      vertex -55.9726 2.47922 0
    endloop
  endfacet
  facet normal -0.442294 -0.89687 0
    outer loop
      vertex -56.6791 2.88712 0
      vertex -56.3125 2.70633 3
      vertex -56.6791 2.88712 3
    endloop
  endfacet
  facet normal -0.442294 -0.89687 -0
    outer loop
      vertex -56.3125 2.70633 3
      vertex -56.6791 2.88712 0
      vertex -56.3125 2.70633 0
    endloop
  endfacet
  facet normal -0.321412 -0.94694 0
    outer loop
      vertex -57.0662 3.01851 0
      vertex -56.6791 2.88712 3
      vertex -57.0662 3.01851 3
    endloop
  endfacet
  facet normal -0.321412 -0.94694 -0
    outer loop
      vertex -56.6791 2.88712 3
      vertex -57.0662 3.01851 0
      vertex -56.6791 2.88712 0
    endloop
  endfacet
  facet normal -0.195081 -0.980787 0
    outer loop
      vertex -57.4671 3.09825 0
      vertex -57.0662 3.01851 3
      vertex -57.4671 3.09825 3
    endloop
  endfacet
  facet normal -0.195081 -0.980787 -0
    outer loop
      vertex -57.0662 3.01851 3
      vertex -57.4671 3.09825 0
      vertex -57.0662 3.01851 0
    endloop
  endfacet
  facet normal -0.0654392 -0.997857 0
    outer loop
      vertex -57.875 3.125 0
      vertex -57.4671 3.09825 3
      vertex -57.875 3.125 3
    endloop
  endfacet
  facet normal -0.0654392 -0.997857 -0
    outer loop
      vertex -57.4671 3.09825 3
      vertex -57.875 3.125 0
      vertex -57.4671 3.09825 0
    endloop
  endfacet
  facet normal 0.0654392 -0.997857 0
    outer loop
      vertex -58.2829 3.09825 0
      vertex -57.875 3.125 3
      vertex -58.2829 3.09825 3
    endloop
  endfacet
  facet normal 0.0654392 -0.997857 0
    outer loop
      vertex -57.875 3.125 3
      vertex -58.2829 3.09825 0
      vertex -57.875 3.125 0
    endloop
  endfacet
  facet normal 0.195081 -0.980787 0
    outer loop
      vertex -58.6838 3.01851 0
      vertex -58.2829 3.09825 3
      vertex -58.6838 3.01851 3
    endloop
  endfacet
  facet normal 0.195081 -0.980787 0
    outer loop
      vertex -58.2829 3.09825 3
      vertex -58.6838 3.01851 0
      vertex -58.2829 3.09825 0
    endloop
  endfacet
  facet normal 0.321412 -0.94694 0
    outer loop
      vertex -59.0709 2.88712 0
      vertex -58.6838 3.01851 3
      vertex -59.0709 2.88712 3
    endloop
  endfacet
  facet normal 0.321412 -0.94694 0
    outer loop
      vertex -58.6838 3.01851 3
      vertex -59.0709 2.88712 0
      vertex -58.6838 3.01851 0
    endloop
  endfacet
  facet normal 0.442294 -0.89687 0
    outer loop
      vertex -59.4375 2.70633 0
      vertex -59.0709 2.88712 3
      vertex -59.4375 2.70633 3
    endloop
  endfacet
  facet normal 0.442294 -0.89687 0
    outer loop
      vertex -59.0709 2.88712 3
      vertex -59.4375 2.70633 0
      vertex -59.0709 2.88712 0
    endloop
  endfacet
  facet normal 0.555536 -0.831492 0
    outer loop
      vertex -59.6715 2.54999 0
      vertex -59.4375 2.70633 3
      vertex -59.6715 2.54999 3
    endloop
  endfacet
  facet normal 0.555536 -0.831492 0
    outer loop
      vertex -59.4375 2.70633 3
      vertex -59.6715 2.54999 0
      vertex -59.4375 2.70633 0
    endloop
  endfacet
  facet normal 0 -1 0
    outer loop
      vertex -62 2.54999 0
      vertex -59.6715 2.54999 3
      vertex -62 2.54999 3
    endloop
  endfacet
  facet normal 0 -1 -0
    outer loop
      vertex -59.6715 2.54999 3
      vertex -62 2.54999 0
      vertex -59.6715 2.54999 0
    endloop
  endfacet
  facet normal -0.447214 -0.894427 0
    outer loop
      vertex -64.8655 3.98274 0
      vertex -62 2.54999 3
      vertex -64.8655 3.98274 3
    endloop
  endfacet
  facet normal -0.447214 -0.894427 -0
    outer loop
      vertex -62 2.54999 3
      vertex -64.8655 3.98274 0
      vertex -62 2.54999 0
    endloop
  endfacet
  facet normal -0.447214 0.894427 0
    outer loop
      vertex -62 -2.54999 0
      vertex -64.8655 -3.98274 3
      vertex -62 -2.54999 3
    endloop
  endfacet
  facet normal -0.447214 0.894427 0
    outer loop
      vertex -64.8655 -3.98274 3
      vertex -62 -2.54999 0
      vertex -64.8655 -3.98274 0
    endloop
  endfacet
  facet normal 0.447209 -0.894429 0
    outer loop
      vertex 62 0.799988 0
      vertex 64.9553 2.27762 3
      vertex 62 0.799988 3
    endloop
  endfacet
  facet normal 0.447209 -0.894429 0
    outer loop
      vertex 64.9553 2.27762 3
      vertex 62 0.799988 0
      vertex 64.9553 2.27762 0
    endloop
  endfacet
  facet normal 0 -1 0
    outer loop
      vertex 60.6654 0.799988 0
      vertex 62 0.799988 3
      vertex 60.6654 0.799988 3
    endloop
  endfacet
  facet normal 0 -1 -0
    outer loop
      vertex 62 0.799988 3
      vertex 60.6654 0.799988 0
      vertex 62 0.799988 0
    endloop
  endfacet
  facet normal -0.659025 -0.752121 0
    outer loop
      vertex 60.5598 0.892517 0
      vertex 60.6654 0.799988 3
      vertex 60.5598 0.892517 3
    endloop
  endfacet
  facet normal -0.659025 -0.752121 -0
    outer loop
      vertex 60.6654 0.799988 3
      vertex 60.5598 0.892517 0
      vertex 60.6654 0.799988 0
    endloop
  endfacet
  facet normal -0.555752 -0.831348 0
    outer loop
      vertex 60.4375 0.974274 0
      vertex 60.5598 0.892517 3
      vertex 60.4375 0.974274 3
    endloop
  endfacet
  facet normal -0.555752 -0.831348 -0
    outer loop
      vertex 60.5598 0.892517 3
      vertex 60.4375 0.974274 0
      vertex 60.5598 0.892517 0
    endloop
  endfacet
  facet normal -0.442184 -0.896924 0
    outer loop
      vertex 60.3055 1.03935 0
      vertex 60.4375 0.974274 3
      vertex 60.3055 1.03935 3
    endloop
  endfacet
  facet normal -0.442184 -0.896924 -0
    outer loop
      vertex 60.4375 0.974274 3
      vertex 60.3055 1.03935 0
      vertex 60.4375 0.974274 0
    endloop
  endfacet
  facet normal -0.321525 -0.946901 0
    outer loop
      vertex 60.1662 1.08665 0
      vertex 60.3055 1.03935 3
      vertex 60.1662 1.08665 3
    endloop
  endfacet
  facet normal -0.321525 -0.946901 -0
    outer loop
      vertex 60.3055 1.03935 3
      vertex 60.1662 1.08665 0
      vertex 60.3055 1.03935 0
    endloop
  endfacet
  facet normal -0.195071 -0.980789 0
    outer loop
      vertex 60.0218 1.11537 0
      vertex 60.1662 1.08665 3
      vertex 60.0218 1.11537 3
    endloop
  endfacet
  facet normal -0.195071 -0.980789 -0
    outer loop
      vertex 60.1662 1.08665 3
      vertex 60.0218 1.11537 0
      vertex 60.1662 1.08665 0
    endloop
  endfacet
  facet normal -0.0654588 -0.997855 0
    outer loop
      vertex 59.875 1.125 0
      vertex 60.0218 1.11537 3
      vertex 59.875 1.125 3
    endloop
  endfacet
  facet normal -0.0654588 -0.997855 -0
    outer loop
      vertex 60.0218 1.11537 3
      vertex 59.875 1.125 0
      vertex 60.0218 1.11537 0
    endloop
  endfacet
  facet normal 0.0654144 -0.997858 0
    outer loop
      vertex 59.7281 1.11537 0
      vertex 59.875 1.125 3
      vertex 59.7281 1.11537 3
    endloop
  endfacet
  facet normal 0.0654144 -0.997858 0
    outer loop
      vertex 59.875 1.125 3
      vertex 59.7281 1.11537 0
      vertex 59.875 1.125 0
    endloop
  endfacet
  facet normal 0.195201 -0.980763 0
    outer loop
      vertex 59.5838 1.08665 0
      vertex 59.7281 1.11537 3
      vertex 59.5838 1.08665 3
    endloop
  endfacet
  facet normal 0.195201 -0.980763 0
    outer loop
      vertex 59.7281 1.11537 3
      vertex 59.5838 1.08665 0
      vertex 59.7281 1.11537 0
    endloop
  endfacet
  facet normal 0.321525 -0.946901 0
    outer loop
      vertex 59.4445 1.03935 0
      vertex 59.5838 1.08665 3
      vertex 59.4445 1.03935 3
    endloop
  endfacet
  facet normal 0.321525 -0.946901 0
    outer loop
      vertex 59.5838 1.08665 3
      vertex 59.4445 1.03935 0
      vertex 59.5838 1.08665 0
    endloop
  endfacet
  facet normal 0.442184 -0.896924 0
    outer loop
      vertex 59.3125 0.974274 0
      vertex 59.4445 1.03935 3
      vertex 59.3125 0.974274 3
    endloop
  endfacet
  facet normal 0.442184 -0.896924 0
    outer loop
      vertex 59.4445 1.03935 3
      vertex 59.3125 0.974274 0
      vertex 59.4445 1.03935 0
    endloop
  endfacet
  facet normal 0.555438 -0.831558 0
    outer loop
      vertex 59.1901 0.892517 0
      vertex 59.3125 0.974274 3
      vertex 59.1901 0.892517 3
    endloop
  endfacet
  facet normal 0.555438 -0.831558 0
    outer loop
      vertex 59.3125 0.974274 3
      vertex 59.1901 0.892517 0
      vertex 59.3125 0.974274 0
    endloop
  endfacet
  facet normal 0.65949 -0.751714 0
    outer loop
      vertex 59.0795 0.795486 0
      vertex 59.1901 0.892517 3
      vertex 59.0795 0.795486 3
    endloop
  endfacet
  facet normal 0.65949 -0.751714 0
    outer loop
      vertex 59.1901 0.892517 3
      vertex 59.0795 0.795486 0
      vertex 59.1901 0.892517 0
    endloop
  endfacet
  facet normal 0.751939 -0.659232 0
    outer loop
      vertex 58.9825 0.684845 3
      vertex 59.0795 0.795486 0
      vertex 59.0795 0.795486 3
    endloop
  endfacet
  facet normal 0.751939 -0.659232 0
    outer loop
      vertex 59.0795 0.795486 0
      vertex 58.9825 0.684845 3
      vertex 58.9825 0.684845 0
    endloop
  endfacet
  facet normal 0.831307 -0.555813 0
    outer loop
      vertex 58.9007 0.5625 3
      vertex 58.9825 0.684845 0
      vertex 58.9825 0.684845 3
    endloop
  endfacet
  facet normal 0.831307 -0.555813 0
    outer loop
      vertex 58.9825 0.684845 0
      vertex 58.9007 0.5625 3
      vertex 58.9007 0.5625 0
    endloop
  endfacet
  facet normal 0.896845 -0.442345 0
    outer loop
      vertex 58.8356 0.430511 3
      vertex 58.9007 0.5625 0
      vertex 58.9007 0.5625 3
    endloop
  endfacet
  facet normal 0.896845 -0.442345 0
    outer loop
      vertex 58.9007 0.5625 0
      vertex 58.8356 0.430511 3
      vertex 58.8356 0.430511 0
    endloop
  endfacet
  facet normal 0.946931 -0.321436 0
    outer loop
      vertex 58.7883 0.291168 3
      vertex 58.8356 0.430511 0
      vertex 58.8356 0.430511 3
    endloop
  endfacet
  facet normal 0.946931 -0.321436 0
    outer loop
      vertex 58.8356 0.430511 0
      vertex 58.7883 0.291168 3
      vertex 58.7883 0.291168 0
    endloop
  endfacet
  facet normal 0.980798 -0.195027 0
    outer loop
      vertex 58.7596 0.146835 3
      vertex 58.7883 0.291168 0
      vertex 58.7883 0.291168 3
    endloop
  endfacet
  facet normal 0.980798 -0.195027 0
    outer loop
      vertex 58.7883 0.291168 0
      vertex 58.7596 0.146835 3
      vertex 58.7596 0.146835 0
    endloop
  endfacet
  facet normal 0.99787 -0.0652402 0
    outer loop
      vertex 58.75 0 3
      vertex 58.7596 0.146835 0
      vertex 58.7596 0.146835 3
    endloop
  endfacet
  facet normal 0.99787 -0.0652402 0
    outer loop
      vertex 58.7596 0.146835 0
      vertex 58.75 0 3
      vertex 58.75 0 0
    endloop
  endfacet
  facet normal 0.99787 0.0652402 0
    outer loop
      vertex 58.7596 -0.146835 3
      vertex 58.75 0 0
      vertex 58.75 0 3
    endloop
  endfacet
  facet normal 0.99787 0.0652402 0
    outer loop
      vertex 58.75 0 0
      vertex 58.7596 -0.146835 3
      vertex 58.7596 -0.146835 0
    endloop
  endfacet
  facet normal 0.980798 0.195027 0
    outer loop
      vertex 58.7883 -0.291168 3
      vertex 58.7596 -0.146835 0
      vertex 58.7596 -0.146835 3
    endloop
  endfacet
  facet normal 0.980798 0.195027 0
    outer loop
      vertex 58.7596 -0.146835 0
      vertex 58.7883 -0.291168 3
      vertex 58.7883 -0.291168 0
    endloop
  endfacet
  facet normal 0.946931 0.321436 0
    outer loop
      vertex 58.8356 -0.430511 3
      vertex 58.7883 -0.291168 0
      vertex 58.7883 -0.291168 3
    endloop
  endfacet
  facet normal 0.946931 0.321436 0
    outer loop
      vertex 58.7883 -0.291168 0
      vertex 58.8356 -0.430511 3
      vertex 58.8356 -0.430511 0
    endloop
  endfacet
  facet normal 0.896845 0.442345 0
    outer loop
      vertex 58.9007 -0.5625 3
      vertex 58.8356 -0.430511 0
      vertex 58.8356 -0.430511 3
    endloop
  endfacet
  facet normal 0.896845 0.442345 0
    outer loop
      vertex 58.8356 -0.430511 0
      vertex 58.9007 -0.5625 3
      vertex 58.9007 -0.5625 0
    endloop
  endfacet
  facet normal 0.831307 0.555813 0
    outer loop
      vertex 58.9825 -0.684845 3
      vertex 58.9007 -0.5625 0
      vertex 58.9007 -0.5625 3
    endloop
  endfacet
  facet normal 0.831307 0.555813 0
    outer loop
      vertex 58.9007 -0.5625 0
      vertex 58.9825 -0.684845 3
      vertex 58.9825 -0.684845 0
    endloop
  endfacet
  facet normal 0.751939 0.659232 0
    outer loop
      vertex 59.0795 -0.795486 3
      vertex 58.9825 -0.684845 0
      vertex 58.9825 -0.684845 3
    endloop
  endfacet
  facet normal 0.751939 0.659232 0
    outer loop
      vertex 58.9825 -0.684845 0
      vertex 59.0795 -0.795486 3
      vertex 59.0795 -0.795486 0
    endloop
  endfacet
  facet normal 0.65949 0.751714 -0
    outer loop
      vertex 59.1901 -0.892517 0
      vertex 59.0795 -0.795486 3
      vertex 59.1901 -0.892517 3
    endloop
  endfacet
  facet normal 0.65949 0.751714 0
    outer loop
      vertex 59.0795 -0.795486 3
      vertex 59.1901 -0.892517 0
      vertex 59.0795 -0.795486 0
    endloop
  endfacet
  facet normal 0.555438 0.831558 -0
    outer loop
      vertex 59.3125 -0.974274 0
      vertex 59.1901 -0.892517 3
      vertex 59.3125 -0.974274 3
    endloop
  endfacet
  facet normal 0.555438 0.831558 0
    outer loop
      vertex 59.1901 -0.892517 3
      vertex 59.3125 -0.974274 0
      vertex 59.1901 -0.892517 0
    endloop
  endfacet
  facet normal 0.442184 0.896924 -0
    outer loop
      vertex 59.4445 -1.03935 0
      vertex 59.3125 -0.974274 3
      vertex 59.4445 -1.03935 3
    endloop
  endfacet
  facet normal 0.442184 0.896924 0
    outer loop
      vertex 59.3125 -0.974274 3
      vertex 59.4445 -1.03935 0
      vertex 59.3125 -0.974274 0
    endloop
  endfacet
  facet normal 0.321525 0.946901 -0
    outer loop
      vertex 59.5838 -1.08665 0
      vertex 59.4445 -1.03935 3
      vertex 59.5838 -1.08665 3
    endloop
  endfacet
  facet normal 0.321525 0.946901 0
    outer loop
      vertex 59.4445 -1.03935 3
      vertex 59.5838 -1.08665 0
      vertex 59.4445 -1.03935 0
    endloop
  endfacet
  facet normal 0.195201 0.980763 -0
    outer loop
      vertex 59.7281 -1.11537 0
      vertex 59.5838 -1.08665 3
      vertex 59.7281 -1.11537 3
    endloop
  endfacet
  facet normal 0.195201 0.980763 0
    outer loop
      vertex 59.5838 -1.08665 3
      vertex 59.7281 -1.11537 0
      vertex 59.5838 -1.08665 0
    endloop
  endfacet
  facet normal 0.0654144 0.997858 -0
    outer loop
      vertex 59.875 -1.125 0
      vertex 59.7281 -1.11537 3
      vertex 59.875 -1.125 3
    endloop
  endfacet
  facet normal 0.0654144 0.997858 0
    outer loop
      vertex 59.7281 -1.11537 3
      vertex 59.875 -1.125 0
      vertex 59.7281 -1.11537 0
    endloop
  endfacet
  facet normal -0.0654588 0.997855 0
    outer loop
      vertex 60.0218 -1.11537 0
      vertex 59.875 -1.125 3
      vertex 60.0218 -1.11537 3
    endloop
  endfacet
  facet normal -0.0654588 0.997855 0
    outer loop
      vertex 59.875 -1.125 3
      vertex 60.0218 -1.11537 0
      vertex 59.875 -1.125 0
    endloop
  endfacet
  facet normal -0.195071 0.980789 0
    outer loop
      vertex 60.1662 -1.08665 0
      vertex 60.0218 -1.11537 3
      vertex 60.1662 -1.08665 3
    endloop
  endfacet
  facet normal -0.195071 0.980789 0
    outer loop
      vertex 60.0218 -1.11537 3
      vertex 60.1662 -1.08665 0
      vertex 60.0218 -1.11537 0
    endloop
  endfacet
  facet normal -0.321525 0.946901 0
    outer loop
      vertex 60.3055 -1.03935 0
      vertex 60.1662 -1.08665 3
      vertex 60.3055 -1.03935 3
    endloop
  endfacet
  facet normal -0.321525 0.946901 0
    outer loop
      vertex 60.1662 -1.08665 3
      vertex 60.3055 -1.03935 0
      vertex 60.1662 -1.08665 0
    endloop
  endfacet
  facet normal -0.442184 0.896924 0
    outer loop
      vertex 60.4375 -0.974274 0
      vertex 60.3055 -1.03935 3
      vertex 60.4375 -0.974274 3
    endloop
  endfacet
  facet normal -0.442184 0.896924 0
    outer loop
      vertex 60.3055 -1.03935 3
      vertex 60.4375 -0.974274 0
      vertex 60.3055 -1.03935 0
    endloop
  endfacet
  facet normal -0.555752 0.831348 0
    outer loop
      vertex 60.5598 -0.892517 0
      vertex 60.4375 -0.974274 3
      vertex 60.5598 -0.892517 3
    endloop
  endfacet
  facet normal -0.555752 0.831348 0
    outer loop
      vertex 60.4375 -0.974274 3
      vertex 60.5598 -0.892517 0
      vertex 60.4375 -0.974274 0
    endloop
  endfacet
  facet normal -0.659025 0.752121 0
    outer loop
      vertex 60.6654 -0.799988 0
      vertex 60.5598 -0.892517 3
      vertex 60.6654 -0.799988 3
    endloop
  endfacet
  facet normal -0.659025 0.752121 0
    outer loop
      vertex 60.5598 -0.892517 3
      vertex 60.6654 -0.799988 0
      vertex 60.5598 -0.892517 0
    endloop
  endfacet
  facet normal 0 1 -0
    outer loop
      vertex 62 -0.799988 0
      vertex 60.6654 -0.799988 3
      vertex 62 -0.799988 3
    endloop
  endfacet
  facet normal 0 1 0
    outer loop
      vertex 60.6654 -0.799988 3
      vertex 62 -0.799988 0
      vertex 60.6654 -0.799988 0
    endloop
  endfacet
  facet normal 0.447209 0.894429 -0
    outer loop
      vertex 64.9553 -2.27762 0
      vertex 62 -0.799988 3
      vertex 64.9553 -2.27762 3
    endloop
  endfacet
  facet normal 0.447209 0.894429 0
    outer loop
      vertex 62 -0.799988 3
      vertex 64.9553 -2.27762 0
      vertex 62 -0.799988 0
    endloop
  endfacet
  facet normal -0.550969 -0.834525 0
    outer loop
      vertex 34.8105 -51.4936 0
      vertex 37.3592 -53.1763 3
      vertex 34.8105 -51.4936 3
    endloop
  endfacet
  facet normal -0.550969 -0.834525 -0
    outer loop
      vertex 37.3592 -53.1763 3
      vertex 34.8105 -51.4936 0
      vertex 37.3592 -53.1763 0
    endloop
  endfacet
  facet normal -0.866031 -0.49999 0
    outer loop
      vertex 34.8105 -51.4936 0
      vertex 33.058 -48.4581 3
      vertex 33.058 -48.4581 0
    endloop
  endfacet
  facet normal -0.866031 -0.49999 0
    outer loop
      vertex 33.058 -48.4581 3
      vertex 34.8105 -51.4936 0
      vertex 34.8105 -51.4936 3
    endloop
  endfacet
  facet normal -0.997874 0.0651732 0
    outer loop
      vertex 33.058 -48.4581 0
      vertex 33.0625 -48.3892 3
      vertex 33.0625 -48.3892 0
    endloop
  endfacet
  facet normal -0.997874 0.0651732 0
    outer loop
      vertex 33.0625 -48.3892 3
      vertex 33.058 -48.4581 0
      vertex 33.058 -48.4581 3
    endloop
  endfacet
  facet normal -0.997854 -0.0654795 0
    outer loop
      vertex 33.0625 -48.3892 0
      vertex 33.0186 -47.7202 3
      vertex 33.0186 -47.7202 0
    endloop
  endfacet
  facet normal -0.997854 -0.0654795 0
    outer loop
      vertex 33.0186 -47.7202 3
      vertex 33.0625 -48.3892 0
      vertex 33.0625 -48.3892 3
    endloop
  endfacet
  facet normal -0.98081 -0.194969 0
    outer loop
      vertex 33.0186 -47.7202 0
      vertex 32.8879 -47.0627 3
      vertex 32.8879 -47.0627 0
    endloop
  endfacet
  facet normal -0.98081 -0.194969 0
    outer loop
      vertex 32.8879 -47.0627 3
      vertex 33.0186 -47.7202 0
      vertex 33.0186 -47.7202 3
    endloop
  endfacet
  facet normal -0.946924 -0.321459 0
    outer loop
      vertex 32.8879 -47.0627 0
      vertex 32.6724 -46.4279 3
      vertex 32.6724 -46.4279 0
    endloop
  endfacet
  facet normal -0.946924 -0.321459 0
    outer loop
      vertex 32.6724 -46.4279 3
      vertex 32.8879 -47.0627 0
      vertex 32.8879 -47.0627 3
    endloop
  endfacet
  facet normal -0.89686 -0.442314 0
    outer loop
      vertex 32.6724 -46.4279 0
      vertex 32.3759 -45.8267 3
      vertex 32.3759 -45.8267 0
    endloop
  endfacet
  facet normal -0.89686 -0.442314 0
    outer loop
      vertex 32.3759 -45.8267 3
      vertex 32.6724 -46.4279 0
      vertex 32.6724 -46.4279 3
    endloop
  endfacet
  facet normal -0.83143 -0.555629 0
    outer loop
      vertex 32.3759 -45.8267 0
      vertex 32.0034 -45.2693 3
      vertex 32.0034 -45.2693 0
    endloop
  endfacet
  facet normal -0.83143 -0.555629 0
    outer loop
      vertex 32.0034 -45.2693 3
      vertex 32.3759 -45.8267 0
      vertex 32.3759 -45.8267 3
    endloop
  endfacet
  facet normal -0.751902 -0.659275 0
    outer loop
      vertex 32.0034 -45.2693 0
      vertex 31.5614 -44.7652 3
      vertex 31.5614 -44.7652 0
    endloop
  endfacet
  facet normal -0.751902 -0.659275 0
    outer loop
      vertex 31.5614 -44.7652 3
      vertex 32.0034 -45.2693 0
      vertex 32.0034 -45.2693 3
    endloop
  endfacet
  facet normal -0.659349 -0.751837 0
    outer loop
      vertex 31.0574 -44.3232 0
      vertex 31.5614 -44.7652 3
      vertex 31.0574 -44.3232 3
    endloop
  endfacet
  facet normal -0.659349 -0.751837 -0
    outer loop
      vertex 31.5614 -44.7652 3
      vertex 31.0574 -44.3232 0
      vertex 31.5614 -44.7652 0
    endloop
  endfacet
  facet normal -0.555526 -0.831499 0
    outer loop
      vertex 30.5 -43.9508 0
      vertex 31.0574 -44.3232 3
      vertex 30.5 -43.9508 3
    endloop
  endfacet
  facet normal -0.555526 -0.831499 -0
    outer loop
      vertex 31.0574 -44.3232 3
      vertex 30.5 -43.9508 0
      vertex 31.0574 -44.3232 0
    endloop
  endfacet
  facet normal -0.442255 -0.89689 0
    outer loop
      vertex 29.8987 -43.6543 0
      vertex 30.5 -43.9508 3
      vertex 29.8987 -43.6543 3
    endloop
  endfacet
  facet normal -0.442255 -0.89689 -0
    outer loop
      vertex 30.5 -43.9508 3
      vertex 29.8987 -43.6543 0
      vertex 30.5 -43.9508 0
    endloop
  endfacet
  facet normal -0.321459 -0.946924 0
    outer loop
      vertex 29.2639 -43.4388 0
      vertex 29.8987 -43.6543 3
      vertex 29.2639 -43.4388 3
    endloop
  endfacet
  facet normal -0.321459 -0.946924 -0
    outer loop
      vertex 29.8987 -43.6543 3
      vertex 29.2639 -43.4388 0
      vertex 29.8987 -43.6543 0
    endloop
  endfacet
  facet normal -0.195112 -0.980781 0
    outer loop
      vertex 28.6064 -43.308 0
      vertex 29.2639 -43.4388 3
      vertex 28.6064 -43.308 3
    endloop
  endfacet
  facet normal -0.195112 -0.980781 -0
    outer loop
      vertex 29.2639 -43.4388 3
      vertex 28.6064 -43.308 0
      vertex 29.2639 -43.4388 0
    endloop
  endfacet
  facet normal -0.0653407 -0.997863 0
    outer loop
      vertex 27.9375 -43.2642 0
      vertex 28.6064 -43.308 3
      vertex 27.9375 -43.2642 3
    endloop
  endfacet
  facet normal -0.0653407 -0.997863 -0
    outer loop
      vertex 28.6064 -43.308 3
      vertex 27.9375 -43.2642 0
      vertex 28.6064 -43.308 0
    endloop
  endfacet
  facet normal 0.065331 -0.997864 0
    outer loop
      vertex 27.2685 -43.308 0
      vertex 27.9375 -43.2642 3
      vertex 27.2685 -43.308 3
    endloop
  endfacet
  facet normal 0.065331 -0.997864 0
    outer loop
      vertex 27.9375 -43.2642 3
      vertex 27.2685 -43.308 0
      vertex 27.9375 -43.2642 0
    endloop
  endfacet
  facet normal 0.195112 -0.980781 0
    outer loop
      vertex 26.611 -43.4388 0
      vertex 27.2685 -43.308 3
      vertex 26.611 -43.4388 3
    endloop
  endfacet
  facet normal 0.195112 -0.980781 0
    outer loop
      vertex 27.2685 -43.308 3
      vertex 26.611 -43.4388 0
      vertex 27.2685 -43.308 0
    endloop
  endfacet
  facet normal 0.321459 -0.946924 0
    outer loop
      vertex 25.9762 -43.6543 0
      vertex 26.611 -43.4388 3
      vertex 25.9762 -43.6543 3
    endloop
  endfacet
  facet normal 0.321459 -0.946924 0
    outer loop
      vertex 26.611 -43.4388 3
      vertex 25.9762 -43.6543 0
      vertex 26.611 -43.4388 0
    endloop
  endfacet
  facet normal 0.442314 -0.89686 0
    outer loop
      vertex 25.375 -43.9508 0
      vertex 25.9762 -43.6543 3
      vertex 25.375 -43.9508 3
    endloop
  endfacet
  facet normal 0.442314 -0.89686 0
    outer loop
      vertex 25.9762 -43.6543 3
      vertex 25.375 -43.9508 0
      vertex 25.9762 -43.6543 0
    endloop
  endfacet
  facet normal 0.555526 -0.831499 0
    outer loop
      vertex 24.8176 -44.3232 0
      vertex 25.375 -43.9508 3
      vertex 24.8176 -44.3232 3
    endloop
  endfacet
  facet normal 0.555526 -0.831499 0
    outer loop
      vertex 25.375 -43.9508 3
      vertex 24.8176 -44.3232 0
      vertex 25.375 -43.9508 0
    endloop
  endfacet
  facet normal 0.659349 -0.751837 0
    outer loop
      vertex 24.3136 -44.7652 0
      vertex 24.8176 -44.3232 3
      vertex 24.3136 -44.7652 3
    endloop
  endfacet
  facet normal 0.659349 -0.751837 0
    outer loop
      vertex 24.8176 -44.3232 3
      vertex 24.3136 -44.7652 0
      vertex 24.8176 -44.3232 0
    endloop
  endfacet
  facet normal 0.751837 -0.659349 0
    outer loop
      vertex 23.8716 -45.2692 3
      vertex 24.3136 -44.7652 0
      vertex 24.3136 -44.7652 3
    endloop
  endfacet
  facet normal 0.751837 -0.659349 0
    outer loop
      vertex 24.3136 -44.7652 0
      vertex 23.8716 -45.2692 3
      vertex 23.8716 -45.2692 0
    endloop
  endfacet
  facet normal 0.831476 -0.55556 0
    outer loop
      vertex 23.4991 -45.8267 3
      vertex 23.8716 -45.2692 0
      vertex 23.8716 -45.2692 3
    endloop
  endfacet
  facet normal 0.831476 -0.55556 0
    outer loop
      vertex 23.8716 -45.2692 0
      vertex 23.4991 -45.8267 3
      vertex 23.4991 -45.8267 0
    endloop
  endfacet
  facet normal 0.89686 -0.442314 0
    outer loop
      vertex 23.2026 -46.4279 3
      vertex 23.4991 -45.8267 0
      vertex 23.4991 -45.8267 3
    endloop
  endfacet
  facet normal 0.89686 -0.442314 0
    outer loop
      vertex 23.4991 -45.8267 0
      vertex 23.2026 -46.4279 3
      vertex 23.2026 -46.4279 0
    endloop
  endfacet
  facet normal 0.946924 -0.321459 0
    outer loop
      vertex 22.9871 -47.0627 3
      vertex 23.2026 -46.4279 0
      vertex 23.2026 -46.4279 3
    endloop
  endfacet
  facet normal 0.946924 -0.321459 0
    outer loop
      vertex 23.2026 -46.4279 0
      vertex 22.9871 -47.0627 3
      vertex 22.9871 -47.0627 0
    endloop
  endfacet
  facet normal 0.980781 -0.195112 0
    outer loop
      vertex 22.8563 -47.7202 3
      vertex 22.9871 -47.0627 0
      vertex 22.9871 -47.0627 3
    endloop
  endfacet
  facet normal 0.980781 -0.195112 0
    outer loop
      vertex 22.9871 -47.0627 0
      vertex 22.8563 -47.7202 3
      vertex 22.8563 -47.7202 0
    endloop
  endfacet
  facet normal 0.997864 -0.065331 0
    outer loop
      vertex 22.8125 -48.3892 3
      vertex 22.8563 -47.7202 0
      vertex 22.8563 -47.7202 3
    endloop
  endfacet
  facet normal 0.997864 -0.065331 0
    outer loop
      vertex 22.8563 -47.7202 0
      vertex 22.8125 -48.3892 3
      vertex 22.8125 -48.3892 0
    endloop
  endfacet
  facet normal 0.997863 0.0653407 0
    outer loop
      vertex 22.8563 -49.0581 3
      vertex 22.8125 -48.3892 0
      vertex 22.8125 -48.3892 3
    endloop
  endfacet
  facet normal 0.997863 0.0653407 0
    outer loop
      vertex 22.8125 -48.3892 0
      vertex 22.8563 -49.0581 3
      vertex 22.8563 -49.0581 0
    endloop
  endfacet
  facet normal 0.980781 0.195112 0
    outer loop
      vertex 22.9871 -49.7156 3
      vertex 22.8563 -49.0581 0
      vertex 22.8563 -49.0581 3
    endloop
  endfacet
  facet normal 0.980781 0.195112 0
    outer loop
      vertex 22.8563 -49.0581 0
      vertex 22.9871 -49.7156 3
      vertex 22.9871 -49.7156 0
    endloop
  endfacet
  facet normal 0.946924 0.321459 0
    outer loop
      vertex 23.2026 -50.3504 3
      vertex 22.9871 -49.7156 0
      vertex 22.9871 -49.7156 3
    endloop
  endfacet
  facet normal 0.946924 0.321459 0
    outer loop
      vertex 22.9871 -49.7156 0
      vertex 23.2026 -50.3504 3
      vertex 23.2026 -50.3504 0
    endloop
  endfacet
  facet normal 0.89689 0.442255 0
    outer loop
      vertex 23.4991 -50.9517 3
      vertex 23.2026 -50.3504 0
      vertex 23.2026 -50.3504 3
    endloop
  endfacet
  facet normal 0.89689 0.442255 0
    outer loop
      vertex 23.2026 -50.3504 0
      vertex 23.4991 -50.9517 3
      vertex 23.4991 -50.9517 0
    endloop
  endfacet
  facet normal 0.83143 0.555629 0
    outer loop
      vertex 23.8716 -51.5091 3
      vertex 23.4991 -50.9517 0
      vertex 23.4991 -50.9517 3
    endloop
  endfacet
  facet normal 0.83143 0.555629 0
    outer loop
      vertex 23.4991 -50.9517 0
      vertex 23.8716 -51.5091 3
      vertex 23.8716 -51.5091 0
    endloop
  endfacet
  facet normal 0.751837 0.659349 0
    outer loop
      vertex 24.3136 -52.0131 3
      vertex 23.8716 -51.5091 0
      vertex 23.8716 -51.5091 3
    endloop
  endfacet
  facet normal 0.751837 0.659349 0
    outer loop
      vertex 23.8716 -51.5091 0
      vertex 24.3136 -52.0131 3
      vertex 24.3136 -52.0131 0
    endloop
  endfacet
  facet normal 0.659349 0.751837 -0
    outer loop
      vertex 24.8176 -52.4551 0
      vertex 24.3136 -52.0131 3
      vertex 24.8176 -52.4551 3
    endloop
  endfacet
  facet normal 0.659349 0.751837 0
    outer loop
      vertex 24.3136 -52.0131 3
      vertex 24.8176 -52.4551 0
      vertex 24.3136 -52.0131 0
    endloop
  endfacet
  facet normal 0.555526 0.831499 -0
    outer loop
      vertex 25.375 -52.8275 0
      vertex 24.8176 -52.4551 3
      vertex 25.375 -52.8275 3
    endloop
  endfacet
  facet normal 0.555526 0.831499 0
    outer loop
      vertex 24.8176 -52.4551 3
      vertex 25.375 -52.8275 0
      vertex 24.8176 -52.4551 0
    endloop
  endfacet
  facet normal 0.442579 0.896729 -0
    outer loop
      vertex 25.437 -52.8581 0
      vertex 25.375 -52.8275 3
      vertex 25.437 -52.8581 3
    endloop
  endfacet
  facet normal 0.442579 0.896729 0
    outer loop
      vertex 25.375 -52.8275 3
      vertex 25.437 -52.8581 0
      vertex 25.375 -52.8275 0
    endloop
  endfacet
  facet normal 0.866031 0.49999 0
    outer loop
      vertex 27.1895 -55.8936 3
      vertex 25.437 -52.8581 0
      vertex 25.437 -52.8581 3
    endloop
  endfacet
  facet normal 0.866031 0.49999 0
    outer loop
      vertex 25.437 -52.8581 0
      vertex 27.1895 -55.8936 3
      vertex 27.1895 -55.8936 0
    endloop
  endfacet
  facet normal 0.998204 0.0598988 0
    outer loop
      vertex 27.373 -58.9516 3
      vertex 27.1895 -55.8936 0
      vertex 27.1895 -55.8936 3
    endloop
  endfacet
  facet normal 0.998204 0.0598988 0
    outer loop
      vertex 27.1895 -55.8936 0
      vertex 27.373 -58.9516 3
      vertex 27.373 -58.9516 0
    endloop
  endfacet
  facet normal -0.998204 0.0599107 0
    outer loop
      vertex -28.2437 -58.5293 0
      vertex -28.0555 -55.3936 3
      vertex -28.0555 -55.3936 0
    endloop
  endfacet
  facet normal -0.998204 0.0599107 0
    outer loop
      vertex -28.0555 -55.3936 3
      vertex -28.2437 -58.5293 0
      vertex -28.2437 -58.5293 3
    endloop
  endfacet
  facet normal -0.866029 0.499993 0
    outer loop
      vertex -28.0555 -55.3936 0
      vertex -26.6532 -52.9647 3
      vertex -26.6532 -52.9647 0
    endloop
  endfacet
  facet normal -0.866029 0.499993 0
    outer loop
      vertex -26.6532 -52.9647 3
      vertex -28.0555 -55.3936 0
      vertex -28.0555 -55.3936 3
    endloop
  endfacet
  facet normal -0.442307 0.896864 0
    outer loop
      vertex -26.375 -52.8275 0
      vertex -26.6532 -52.9647 3
      vertex -26.375 -52.8275 3
    endloop
  endfacet
  facet normal -0.442307 0.896864 0
    outer loop
      vertex -26.6532 -52.9647 3
      vertex -26.375 -52.8275 0
      vertex -26.6532 -52.9647 0
    endloop
  endfacet
  facet normal -0.555513 0.831508 0
    outer loop
      vertex -25.9264 -52.5278 0
      vertex -26.375 -52.8275 3
      vertex -25.9264 -52.5278 3
    endloop
  endfacet
  facet normal -0.555513 0.831508 0
    outer loop
      vertex -26.375 -52.8275 3
      vertex -25.9264 -52.5278 0
      vertex -26.375 -52.8275 0
    endloop
  endfacet
  facet normal -0.659357 0.75183 0
    outer loop
      vertex -25.5207 -52.172 0
      vertex -25.9264 -52.5278 3
      vertex -25.5207 -52.172 3
    endloop
  endfacet
  facet normal -0.659357 0.75183 0
    outer loop
      vertex -25.9264 -52.5278 3
      vertex -25.5207 -52.172 0
      vertex -25.9264 -52.5278 0
    endloop
  endfacet
  facet normal -0.75183 0.659357 0
    outer loop
      vertex -25.5207 -52.172 0
      vertex -25.1649 -51.7663 3
      vertex -25.1649 -51.7663 0
    endloop
  endfacet
  facet normal -0.75183 0.659357 0
    outer loop
      vertex -25.1649 -51.7663 3
      vertex -25.5207 -52.172 0
      vertex -25.5207 -52.172 3
    endloop
  endfacet
  facet normal -0.831422 0.555641 0
    outer loop
      vertex -25.1649 -51.7663 0
      vertex -24.8651 -51.3177 3
      vertex -24.8651 -51.3177 0
    endloop
  endfacet
  facet normal -0.831422 0.555641 0
    outer loop
      vertex -24.8651 -51.3177 3
      vertex -25.1649 -51.7663 0
      vertex -25.1649 -51.7663 3
    endloop
  endfacet
  facet normal -0.896897 0.442239 0
    outer loop
      vertex -24.8651 -51.3177 0
      vertex -24.6265 -50.8338 3
      vertex -24.6265 -50.8338 0
    endloop
  endfacet
  facet normal -0.896897 0.442239 0
    outer loop
      vertex -24.6265 -50.8338 3
      vertex -24.8651 -51.3177 0
      vertex -24.8651 -51.3177 3
    endloop
  endfacet
  facet normal -0.946908 0.321504 0
    outer loop
      vertex -24.6265 -50.8338 0
      vertex -24.453 -50.3228 3
      vertex -24.453 -50.3228 0
    endloop
  endfacet
  facet normal -0.946908 0.321504 0
    outer loop
      vertex -24.453 -50.3228 3
      vertex -24.6265 -50.8338 0
      vertex -24.6265 -50.8338 3
    endloop
  endfacet
  facet normal -0.980808 0.194975 0
    outer loop
      vertex -24.453 -50.3228 0
      vertex -24.3478 -49.7936 3
      vertex -24.3478 -49.7936 0
    endloop
  endfacet
  facet normal -0.980808 0.194975 0
    outer loop
      vertex -24.3478 -49.7936 3
      vertex -24.453 -50.3228 0
      vertex -24.453 -50.3228 3
    endloop
  endfacet
  facet normal -0.997858 0.0654242 0
    outer loop
      vertex -24.3478 -49.7936 0
      vertex -24.3125 -49.2552 3
      vertex -24.3125 -49.2552 0
    endloop
  endfacet
  facet normal -0.997858 0.0654242 0
    outer loop
      vertex -24.3125 -49.2552 3
      vertex -24.3478 -49.7936 0
      vertex -24.3478 -49.7936 3
    endloop
  endfacet
  facet normal -0.997858 -0.0654242 0
    outer loop
      vertex -24.3125 -49.2552 0
      vertex -24.3478 -48.7168 3
      vertex -24.3478 -48.7168 0
    endloop
  endfacet
  facet normal -0.997858 -0.0654242 0
    outer loop
      vertex -24.3478 -48.7168 3
      vertex -24.3125 -49.2552 0
      vertex -24.3125 -49.2552 3
    endloop
  endfacet
  facet normal -0.980815 -0.19494 0
    outer loop
      vertex -24.3478 -48.7168 0
      vertex -24.453 -48.1875 3
      vertex -24.453 -48.1875 0
    endloop
  endfacet
  facet normal -0.980815 -0.19494 0
    outer loop
      vertex -24.453 -48.1875 3
      vertex -24.3478 -48.7168 0
      vertex -24.3478 -48.7168 3
    endloop
  endfacet
  facet normal -0.946889 -0.32156 0
    outer loop
      vertex -24.453 -48.1875 0
      vertex -24.6265 -47.6766 3
      vertex -24.6265 -47.6766 0
    endloop
  endfacet
  facet normal -0.946889 -0.32156 0
    outer loop
      vertex -24.6265 -47.6766 3
      vertex -24.453 -48.1875 0
      vertex -24.453 -48.1875 3
    endloop
  endfacet
  facet normal -0.896897 -0.442239 0
    outer loop
      vertex -24.6265 -47.6766 0
      vertex -24.8651 -47.1927 3
      vertex -24.8651 -47.1927 0
    endloop
  endfacet
  facet normal -0.896897 -0.442239 0
    outer loop
      vertex -24.8651 -47.1927 3
      vertex -24.6265 -47.6766 0
      vertex -24.6265 -47.6766 3
    endloop
  endfacet
  facet normal -0.83148 -0.555555 0
    outer loop
      vertex -24.8651 -47.1927 0
      vertex -25.1649 -46.744 3
      vertex -25.1649 -46.744 0
    endloop
  endfacet
  facet normal -0.83148 -0.555555 0
    outer loop
      vertex -25.1649 -46.744 3
      vertex -24.8651 -47.1927 0
      vertex -24.8651 -47.1927 3
    endloop
  endfacet
  facet normal -0.751749 -0.659449 0
    outer loop
      vertex -25.1649 -46.744 0
      vertex -25.5207 -46.3384 3
      vertex -25.5207 -46.3384 0
    endloop
  endfacet
  facet normal -0.751749 -0.659449 0
    outer loop
      vertex -25.5207 -46.3384 3
      vertex -25.1649 -46.744 0
      vertex -25.1649 -46.744 3
    endloop
  endfacet
  facet normal -0.659357 -0.75183 0
    outer loop
      vertex -25.9264 -45.9826 0
      vertex -25.5207 -46.3384 3
      vertex -25.9264 -45.9826 3
    endloop
  endfacet
  facet normal -0.659357 -0.75183 -0
    outer loop
      vertex -25.5207 -46.3384 3
      vertex -25.9264 -45.9826 0
      vertex -25.5207 -46.3384 0
    endloop
  endfacet
  facet normal -0.555641 -0.831422 0
    outer loop
      vertex -26.375 -45.6828 0
      vertex -25.9264 -45.9826 3
      vertex -26.375 -45.6828 3
    endloop
  endfacet
  facet normal -0.555641 -0.831422 -0
    outer loop
      vertex -25.9264 -45.9826 3
      vertex -26.375 -45.6828 0
      vertex -25.9264 -45.9826 0
    endloop
  endfacet
  facet normal -0.442239 -0.896897 0
    outer loop
      vertex -26.8589 -45.4442 0
      vertex -26.375 -45.6828 3
      vertex -26.8589 -45.4442 3
    endloop
  endfacet
  facet normal -0.442239 -0.896897 -0
    outer loop
      vertex -26.375 -45.6828 3
      vertex -26.8589 -45.4442 0
      vertex -26.375 -45.6828 0
    endloop
  endfacet
  facet normal -0.321504 -0.946908 0
    outer loop
      vertex -27.3699 -45.2707 0
      vertex -26.8589 -45.4442 3
      vertex -27.3699 -45.2707 3
    endloop
  endfacet
  facet normal -0.321504 -0.946908 -0
    outer loop
      vertex -26.8589 -45.4442 3
      vertex -27.3699 -45.2707 0
      vertex -26.8589 -45.4442 0
    endloop
  endfacet
  facet normal -0.194975 -0.980808 0
    outer loop
      vertex -27.8991 -45.1655 0
      vertex -27.3699 -45.2707 3
      vertex -27.8991 -45.1655 3
    endloop
  endfacet
  facet normal -0.194975 -0.980808 -0
    outer loop
      vertex -27.3699 -45.2707 3
      vertex -27.8991 -45.1655 0
      vertex -27.3699 -45.2707 0
    endloop
  endfacet
  facet normal -0.0654242 -0.997858 0
    outer loop
      vertex -28.4375 -45.1302 0
      vertex -27.8991 -45.1655 3
      vertex -28.4375 -45.1302 3
    endloop
  endfacet
  facet normal -0.0654242 -0.997858 -0
    outer loop
      vertex -27.8991 -45.1655 3
      vertex -28.4375 -45.1302 0
      vertex -27.8991 -45.1655 0
    endloop
  endfacet
  facet normal 0.0654242 -0.997858 0
    outer loop
      vertex -28.9759 -45.1655 0
      vertex -28.4375 -45.1302 3
      vertex -28.9759 -45.1655 3
    endloop
  endfacet
  facet normal 0.0654242 -0.997858 0
    outer loop
      vertex -28.4375 -45.1302 3
      vertex -28.9759 -45.1655 0
      vertex -28.4375 -45.1302 0
    endloop
  endfacet
  facet normal 0.194975 -0.980808 0
    outer loop
      vertex -29.5051 -45.2707 0
      vertex -28.9759 -45.1655 3
      vertex -29.5051 -45.2707 3
    endloop
  endfacet
  facet normal 0.194975 -0.980808 0
    outer loop
      vertex -28.9759 -45.1655 3
      vertex -29.5051 -45.2707 0
      vertex -28.9759 -45.1655 0
    endloop
  endfacet
  facet normal 0.32156 -0.946889 0
    outer loop
      vertex -30.016 -45.4442 0
      vertex -29.5051 -45.2707 3
      vertex -30.016 -45.4442 3
    endloop
  endfacet
  facet normal 0.32156 -0.946889 0
    outer loop
      vertex -29.5051 -45.2707 3
      vertex -30.016 -45.4442 0
      vertex -29.5051 -45.2707 0
    endloop
  endfacet
  facet normal 0.442166 -0.896933 0
    outer loop
      vertex -30.5 -45.6828 0
      vertex -30.016 -45.4442 3
      vertex -30.5 -45.6828 3
    endloop
  endfacet
  facet normal 0.442166 -0.896933 0
    outer loop
      vertex -30.016 -45.4442 3
      vertex -30.5 -45.6828 0
      vertex -30.016 -45.4442 0
    endloop
  endfacet
  facet normal 0.555641 -0.831422 0
    outer loop
      vertex -30.9486 -45.9826 0
      vertex -30.5 -45.6828 3
      vertex -30.9486 -45.9826 3
    endloop
  endfacet
  facet normal 0.555641 -0.831422 0
    outer loop
      vertex -30.5 -45.6828 3
      vertex -30.9486 -45.9826 0
      vertex -30.5 -45.6828 0
    endloop
  endfacet
  facet normal 0.659357 -0.75183 0
    outer loop
      vertex -31.3543 -46.3384 0
      vertex -30.9486 -45.9826 3
      vertex -31.3543 -46.3384 3
    endloop
  endfacet
  facet normal 0.659357 -0.75183 0
    outer loop
      vertex -30.9486 -45.9826 3
      vertex -31.3543 -46.3384 0
      vertex -30.9486 -45.9826 0
    endloop
  endfacet
  facet normal 0.751749 -0.659449 0
    outer loop
      vertex -31.7101 -46.744 3
      vertex -31.3543 -46.3384 0
      vertex -31.3543 -46.3384 3
    endloop
  endfacet
  facet normal 0.751749 -0.659449 0
    outer loop
      vertex -31.3543 -46.3384 0
      vertex -31.7101 -46.744 3
      vertex -31.7101 -46.744 0
    endloop
  endfacet
  facet normal 0.831565 -0.555427 0
    outer loop
      vertex -32.0098 -47.1927 3
      vertex -31.7101 -46.744 0
      vertex -31.7101 -46.744 3
    endloop
  endfacet
  facet normal 0.831565 -0.555427 0
    outer loop
      vertex -31.7101 -46.744 0
      vertex -32.0098 -47.1927 3
      vertex -32.0098 -47.1927 0
    endloop
  endfacet
  facet normal 0.896824 -0.442388 0
    outer loop
      vertex -32.2485 -47.6766 3
      vertex -32.0098 -47.1927 0
      vertex -32.0098 -47.1927 3
    endloop
  endfacet
  facet normal 0.896824 -0.442388 0
    outer loop
      vertex -32.0098 -47.1927 0
      vertex -32.2485 -47.6766 3
      vertex -32.2485 -47.6766 0
    endloop
  endfacet
  facet normal 0.946965 -0.321338 0
    outer loop
      vertex -32.4219 -48.1876 3
      vertex -32.2485 -47.6766 0
      vertex -32.2485 -47.6766 3
    endloop
  endfacet
  facet normal 0.946965 -0.321338 0
    outer loop
      vertex -32.2485 -47.6766 0
      vertex -32.4219 -48.1876 3
      vertex -32.4219 -48.1876 0
    endloop
  endfacet
  facet normal 0.980773 -0.195154 0
    outer loop
      vertex -32.5272 -48.7168 3
      vertex -32.4219 -48.1876 0
      vertex -32.4219 -48.1876 3
    endloop
  endfacet
  facet normal 0.980773 -0.195154 0
    outer loop
      vertex -32.4219 -48.1876 0
      vertex -32.5272 -48.7168 3
      vertex -32.5272 -48.7168 0
    endloop
  endfacet
  facet normal 0.997858 -0.0654242 0
    outer loop
      vertex -32.5625 -49.2552 3
      vertex -32.5272 -48.7168 0
      vertex -32.5272 -48.7168 3
    endloop
  endfacet
  facet normal 0.997858 -0.0654242 0
    outer loop
      vertex -32.5272 -48.7168 0
      vertex -32.5625 -49.2552 3
      vertex -32.5625 -49.2552 0
    endloop
  endfacet
  facet normal 0.997856 0.065449 0
    outer loop
      vertex -32.5422 -49.5647 3
      vertex -32.5625 -49.2552 0
      vertex -32.5625 -49.2552 3
    endloop
  endfacet
  facet normal 0.997856 0.065449 0
    outer loop
      vertex -32.5625 -49.2552 0
      vertex -32.5422 -49.5647 3
      vertex -32.5422 -49.5647 0
    endloop
  endfacet
  facet normal 0.866029 -0.499993 0
    outer loop
      vertex -33.9445 -51.9936 3
      vertex -32.5422 -49.5647 0
      vertex -32.5422 -49.5647 3
    endloop
  endfacet
  facet normal 0.866029 -0.499993 0
    outer loop
      vertex -32.5422 -49.5647 0
      vertex -33.9445 -51.9936 3
      vertex -33.9445 -51.9936 0
    endloop
  endfacet
  facet normal 0.550975 -0.834522 0
    outer loop
      vertex -36.5695 -53.7267 0
      vertex -33.9445 -51.9936 3
      vertex -36.5695 -53.7267 3
    endloop
  endfacet
  facet normal 0.550975 -0.834522 0
    outer loop
      vertex -33.9445 -51.9936 3
      vertex -36.5695 -53.7267 0
      vertex -33.9445 -51.9936 0
    endloop
  endfacet
  facet normal -0.195229 0.980758 0
    outer loop
      vertex 0.420578 57.8054 69.8136
      vertex 0.212097 57.7639 73.445
      vertex 0.420578 57.8054 73.4906
    endloop
  endfacet
  facet normal -0.195229 0.980758 0
    outer loop
      vertex 0.212097 57.7639 73.445
      vertex 0.420578 57.8054 69.8136
      vertex 0.212097 57.7639 69.7681
    endloop
  endfacet
  facet normal -0.321334 0.946966 0
    outer loop
      vertex 0.621857 57.8737 69.8859
      vertex 0.420578 57.8054 73.4906
      vertex 0.621857 57.8737 73.5629
    endloop
  endfacet
  facet normal -0.321334 0.946966 0
    outer loop
      vertex 0.420578 57.8054 73.4906
      vertex 0.621857 57.8737 69.8859
      vertex 0.420578 57.8054 69.8136
    endloop
  endfacet
  facet normal -0.442233 0.8969 0
    outer loop
      vertex 0.8125 57.9677 69.9837
      vertex 0.621857 57.8737 73.5629
      vertex 0.8125 57.9677 73.6606
    endloop
  endfacet
  facet normal -0.442233 0.8969 0
    outer loop
      vertex 0.621857 57.8737 73.5629
      vertex 0.8125 57.9677 69.9837
      vertex 0.621857 57.8737 69.8859
    endloop
  endfacet
  facet normal -0.555618 0.831437 0
    outer loop
      vertex 0.989227 58.0858 70.1052
      vertex 0.8125 57.9677 73.6606
      vertex 0.989227 58.0858 73.7822
    endloop
  endfacet
  facet normal -0.555618 0.831437 0
    outer loop
      vertex 0.8125 57.9677 73.6606
      vertex 0.989227 58.0858 70.1052
      vertex 0.8125 57.9677 69.9837
    endloop
  endfacet
  facet normal -0.659184 0.751982 0
    outer loop
      vertex 1.14905 58.2259 70.2485
      vertex 0.989227 58.0858 73.7822
      vertex 1.14905 58.2259 73.9255
    endloop
  endfacet
  facet normal -0.659184 0.751982 0
    outer loop
      vertex 0.989227 58.0858 73.7822
      vertex 1.14905 58.2259 70.2485
      vertex 0.989227 58.0858 70.1052
    endloop
  endfacet
  facet normal -0.75207 0.659084 0
    outer loop
      vertex 1.14905 58.2259 73.9255
      vertex 1.28918 58.3858 70.4111
      vertex 1.14905 58.2259 70.2485
    endloop
  endfacet
  facet normal -0.75207 0.659084 0
    outer loop
      vertex 1.28918 58.3858 70.4111
      vertex 1.14905 58.2259 73.9255
      vertex 1.28918 58.3858 74.088
    endloop
  endfacet
  facet normal -0.831377 0.55571 0
    outer loop
      vertex 1.28918 58.3858 74.088
      vertex 1.40729 58.5625 70.5901
      vertex 1.28918 58.3858 70.4111
    endloop
  endfacet
  facet normal -0.831377 0.55571 0
    outer loop
      vertex 1.40729 58.5625 70.5901
      vertex 1.28918 58.3858 74.088
      vertex 1.40729 58.5625 74.2671
    endloop
  endfacet
  facet normal -0.896842 0.442351 0
    outer loop
      vertex 1.40729 58.5625 74.2671
      vertex 1.5013 58.7531 70.7826
      vertex 1.40729 58.5625 70.5901
    endloop
  endfacet
  facet normal -0.896842 0.442351 0
    outer loop
      vertex 1.5013 58.7531 70.7826
      vertex 1.40729 58.5625 74.2671
      vertex 1.5013 58.7531 74.4596
    endloop
  endfacet
  facet normal -0.946933 0.32143 0
    outer loop
      vertex 1.5013 58.7531 74.4596
      vertex 1.56963 58.9544 70.9852
      vertex 1.5013 58.7531 70.7826
    endloop
  endfacet
  facet normal -0.946933 0.32143 0
    outer loop
      vertex 1.56963 58.9544 70.9852
      vertex 1.5013 58.7531 74.4596
      vertex 1.56963 58.9544 74.6622
    endloop
  endfacet
  facet normal -0.980806 0.194985 0
    outer loop
      vertex 1.56963 58.9544 74.6622
      vertex 1.61108 59.1629 71.1945
      vertex 1.56963 58.9544 70.9852
    endloop
  endfacet
  facet normal -0.980806 0.194985 0
    outer loop
      vertex 1.61108 59.1629 71.1945
      vertex 1.56963 58.9544 74.6622
      vertex 1.61108 59.1629 74.8715
    endloop
  endfacet
  facet normal -0.997853 0.0654885 0
    outer loop
      vertex 1.61108 59.1629 74.8715
      vertex 1.625 59.375 71.4069
      vertex 1.61108 59.1629 71.1945
    endloop
  endfacet
  facet normal -0.997853 0.0654885 0
    outer loop
      vertex 1.625 59.375 71.4069
      vertex 1.61108 59.1629 74.8715
      vertex 1.625 59.375 75.0839
    endloop
  endfacet
  facet normal -0.997853 -0.0654885 -0
    outer loop
      vertex 1.625 59.375 75.0839
      vertex 1.61108 59.5871 71.6187
      vertex 1.625 59.375 71.4069
    endloop
  endfacet
  facet normal -0.997853 -0.0654885 0
    outer loop
      vertex 1.61108 59.5871 71.6187
      vertex 1.625 59.375 75.0839
      vertex 1.61108 59.5871 75.2957
    endloop
  endfacet
  facet normal -0.980806 -0.194985 -0
    outer loop
      vertex 1.61108 59.5871 75.2957
      vertex 1.56963 59.7956 71.8264
      vertex 1.61108 59.5871 71.6187
    endloop
  endfacet
  facet normal -0.980806 -0.194985 0
    outer loop
      vertex 1.56963 59.7956 71.8264
      vertex 1.61108 59.5871 75.2957
      vertex 1.56963 59.7956 75.5034
    endloop
  endfacet
  facet normal -0.946933 -0.32143 -0
    outer loop
      vertex 1.56963 59.7956 75.5034
      vertex 1.5013 59.9969 72.0263
      vertex 1.56963 59.7956 71.8264
    endloop
  endfacet
  facet normal -0.946933 -0.32143 0
    outer loop
      vertex 1.5013 59.9969 72.0263
      vertex 1.56963 59.7956 75.5034
      vertex 1.5013 59.9969 75.7033
    endloop
  endfacet
  facet normal -0.896842 -0.442351 -0
    outer loop
      vertex 1.5013 59.9969 75.7033
      vertex 1.40729 60.1875 72.2151
      vertex 1.5013 59.9969 72.0263
    endloop
  endfacet
  facet normal -0.896842 -0.442351 0
    outer loop
      vertex 1.40729 60.1875 72.2151
      vertex 1.5013 59.9969 75.7033
      vertex 1.40729 60.1875 75.8921
    endloop
  endfacet
  facet normal -0.831377 -0.55571 -0
    outer loop
      vertex 1.40729 60.1875 75.8921
      vertex 1.28918 60.3642 72.3895
      vertex 1.40729 60.1875 72.2151
    endloop
  endfacet
  facet normal -0.831377 -0.55571 0
    outer loop
      vertex 1.28918 60.3642 72.3895
      vertex 1.40729 60.1875 75.8921
      vertex 1.28918 60.3642 76.0665
    endloop
  endfacet
  facet normal -0.752231 -0.658899 -0
    outer loop
      vertex 1.28918 60.3642 76.0665
      vertex 1.27499 60.3804 72.4055
      vertex 1.28918 60.3642 72.3895
    endloop
  endfacet
  facet normal -0.752231 -0.658899 0
    outer loop
      vertex 1.27499 60.3804 72.4055
      vertex 1.28918 60.3642 76.0665
      vertex 1.27499 60.3804 76.0824
    endloop
  endfacet
  facet normal -1 0 0
    outer loop
      vertex 1.27499 60.3804 76.0824
      vertex 1.27499 62 74.025
      vertex 1.27499 60.3804 72.4055
    endloop
  endfacet
  facet normal -1 0 0
    outer loop
      vertex 1.27499 62 74.025
      vertex 1.27499 60.3804 76.0824
      vertex 1.27499 62 77.702
    endloop
  endfacet
  facet normal -0.894381 0.447306 -2.43237e-06
    outer loop
      vertex 2.74427 64.9385 77
      vertex 2.62553 64.7011 80.4329
      vertex 2.74426 64.9385 80.677
    endloop
  endfacet
  facet normal -0.894424 0.44722 -7.20898e-06
    outer loop
      vertex 1.27499 62 77.702
      vertex 2.74427 64.9385 77
      vertex 2.60927 64.6685 76.7225
    endloop
  endfacet
  facet normal -0.894412 0.447245 7.91234e-05
    outer loop
      vertex 1.27499 62 77.702
      vertex 2.60927 64.6685 76.7225
      vertex 2.535 64.52 76.5698
    endloop
  endfacet
  facet normal -0.89446 0.447148 -1.6108e-05
    outer loop
      vertex 2.74427 64.9385 77
      vertex 2.535 64.52 80.2467
      vertex 2.62553 64.7011 80.4329
    endloop
  endfacet
  facet normal -0.89444 0.447188 -7.88925e-05
    outer loop
      vertex 1.27499 62 77.702
      vertex 2.535 64.52 76.5698
      vertex 2.45482 64.3596 76.4079
    endloop
  endfacet
  facet normal -0.894377 0.447315 1.08106e-05
    outer loop
      vertex 2.74427 64.9385 77
      vertex 2.43742 64.3249 80.0497
      vertex 2.535 64.52 80.2467
    endloop
  endfacet
  facet normal -0.894423 0.447223 0
    outer loop
      vertex 1.27499 62 77.702
      vertex 2.45482 64.3596 76.4079
      vertex 1.27499 62 74.025
    endloop
  endfacet
  facet normal -0.894425 0.447218 -1.34746e-05
    outer loop
      vertex 2.74427 64.9385 77
      vertex 1.27499 62 77.702
      vertex 2.43742 64.3249 80.0497
    endloop
  endfacet
  facet normal 0 1 0
    outer loop
      vertex 2.74427 64.9385 80.677
      vertex 2.74427 64.9385 77
      vertex 2.74426 64.9385 80.677
    endloop
  endfacet
  facet normal 0.894367 0.447334 0
    outer loop
      vertex -2.62553 64.7011 80.4329
      vertex -2.74427 64.9385 77
      vertex -2.74427 64.9385 80.677
    endloop
  endfacet
  facet normal 0.89446 0.447148 -1.6108e-05
    outer loop
      vertex -2.535 64.52 80.2467
      vertex -2.74427 64.9385 77
      vertex -2.62553 64.7011 80.4329
    endloop
  endfacet
  facet normal 0.894377 0.447315 1.08106e-05
    outer loop
      vertex -2.43742 64.3249 80.0497
      vertex -2.74427 64.9385 77
      vertex -2.535 64.52 80.2467
    endloop
  endfacet
  facet normal 0.894425 0.447218 -1.34746e-05
    outer loop
      vertex -1.27499 62 77.702
      vertex -2.74427 64.9385 77
      vertex -2.43742 64.3249 80.0497
    endloop
  endfacet
  facet normal 0.894424 0.44722 -7.20898e-06
    outer loop
      vertex -2.74427 64.9385 77
      vertex -1.27499 62 77.702
      vertex -2.60927 64.6685 76.7225
    endloop
  endfacet
  facet normal 0.894412 0.447245 7.91234e-05
    outer loop
      vertex -2.60927 64.6685 76.7225
      vertex -1.27499 62 77.702
      vertex -2.535 64.52 76.5698
    endloop
  endfacet
  facet normal 0.89444 0.447188 -7.88925e-05
    outer loop
      vertex -2.535 64.52 76.5698
      vertex -1.27499 62 77.702
      vertex -2.45482 64.3596 76.4079
    endloop
  endfacet
  facet normal 0.894423 0.447223 0
    outer loop
      vertex -2.45482 64.3596 76.4079
      vertex -1.27499 62 77.702
      vertex -1.27499 62 74.025
    endloop
  endfacet
  facet normal 0 0.716877 -0.6972
    outer loop
      vertex -2.62553 64.7011 80.4329
      vertex -2.74427 64.9385 80.677
      vertex -2.74426 64.9385 80.677
    endloop
  endfacet
  facet normal 1 -0 0
    outer loop
      vertex -1.27499 60.3804 76.0824
      vertex -1.27499 62 74.025
      vertex -1.27499 62 77.702
    endloop
  endfacet
  facet normal 1 0 0
    outer loop
      vertex -1.27499 62 74.025
      vertex -1.27499 60.3804 76.0824
      vertex -1.27499 60.3804 72.4055
    endloop
  endfacet
  facet normal 0.752231 -0.658899 0
    outer loop
      vertex -1.28918 60.3642 76.0665
      vertex -1.27499 60.3804 72.4055
      vertex -1.27499 60.3804 76.0824
    endloop
  endfacet
  facet normal 0.752231 -0.658899 0
    outer loop
      vertex -1.27499 60.3804 72.4055
      vertex -1.28918 60.3642 76.0665
      vertex -1.28918 60.3642 72.3895
    endloop
  endfacet
  facet normal 0.831377 -0.55571 0
    outer loop
      vertex -1.40729 60.1875 75.8921
      vertex -1.28918 60.3642 72.3895
      vertex -1.28918 60.3642 76.0665
    endloop
  endfacet
  facet normal 0.831377 -0.55571 0
    outer loop
      vertex -1.28918 60.3642 72.3895
      vertex -1.40729 60.1875 75.8921
      vertex -1.40729 60.1875 72.2151
    endloop
  endfacet
  facet normal 0.896842 -0.442351 0
    outer loop
      vertex -1.5013 59.9969 75.7033
      vertex -1.40729 60.1875 72.2151
      vertex -1.40729 60.1875 75.8921
    endloop
  endfacet
  facet normal 0.896842 -0.442351 0
    outer loop
      vertex -1.40729 60.1875 72.2151
      vertex -1.5013 59.9969 75.7033
      vertex -1.5013 59.9969 72.0263
    endloop
  endfacet
  facet normal 0.946933 -0.32143 0
    outer loop
      vertex -1.56963 59.7956 75.5034
      vertex -1.5013 59.9969 72.0263
      vertex -1.5013 59.9969 75.7033
    endloop
  endfacet
  facet normal 0.946933 -0.32143 0
    outer loop
      vertex -1.5013 59.9969 72.0263
      vertex -1.56963 59.7956 75.5034
      vertex -1.56963 59.7956 71.8264
    endloop
  endfacet
  facet normal 0.980806 -0.194985 0
    outer loop
      vertex -1.61108 59.5871 75.2957
      vertex -1.56963 59.7956 71.8264
      vertex -1.56963 59.7956 75.5034
    endloop
  endfacet
  facet normal 0.980806 -0.194985 0
    outer loop
      vertex -1.56963 59.7956 71.8264
      vertex -1.61108 59.5871 75.2957
      vertex -1.61108 59.5871 71.6187
    endloop
  endfacet
  facet normal 0.997853 -0.0654885 0
    outer loop
      vertex -1.625 59.375 75.0839
      vertex -1.61108 59.5871 71.6187
      vertex -1.61108 59.5871 75.2957
    endloop
  endfacet
  facet normal 0.997853 -0.0654885 0
    outer loop
      vertex -1.61108 59.5871 71.6187
      vertex -1.625 59.375 75.0839
      vertex -1.625 59.375 71.4069
    endloop
  endfacet
  facet normal 0.997853 0.0654885 0
    outer loop
      vertex -1.61108 59.1629 74.8715
      vertex -1.625 59.375 71.4069
      vertex -1.625 59.375 75.0839
    endloop
  endfacet
  facet normal 0.997853 0.0654885 0
    outer loop
      vertex -1.625 59.375 71.4069
      vertex -1.61108 59.1629 74.8715
      vertex -1.61108 59.1629 71.1945
    endloop
  endfacet
  facet normal 0.980806 0.194985 0
    outer loop
      vertex -1.56963 58.9544 74.6622
      vertex -1.61108 59.1629 71.1945
      vertex -1.61108 59.1629 74.8715
    endloop
  endfacet
  facet normal 0.980806 0.194985 0
    outer loop
      vertex -1.61108 59.1629 71.1945
      vertex -1.56963 58.9544 74.6622
      vertex -1.56963 58.9544 70.9852
    endloop
  endfacet
  facet normal 0.946933 0.32143 0
    outer loop
      vertex -1.5013 58.7531 74.4596
      vertex -1.56963 58.9544 70.9852
      vertex -1.56963 58.9544 74.6622
    endloop
  endfacet
  facet normal 0.946933 0.32143 0
    outer loop
      vertex -1.56963 58.9544 70.9852
      vertex -1.5013 58.7531 74.4596
      vertex -1.5013 58.7531 70.7826
    endloop
  endfacet
  facet normal 0.896842 0.442351 0
    outer loop
      vertex -1.40729 58.5625 74.2671
      vertex -1.5013 58.7531 70.7826
      vertex -1.5013 58.7531 74.4596
    endloop
  endfacet
  facet normal 0.896842 0.442351 0
    outer loop
      vertex -1.5013 58.7531 70.7826
      vertex -1.40729 58.5625 74.2671
      vertex -1.40729 58.5625 70.5901
    endloop
  endfacet
  facet normal 0.831377 0.55571 0
    outer loop
      vertex -1.28918 58.3858 74.088
      vertex -1.40729 58.5625 70.5901
      vertex -1.40729 58.5625 74.2671
    endloop
  endfacet
  facet normal 0.831377 0.55571 0
    outer loop
      vertex -1.40729 58.5625 70.5901
      vertex -1.28918 58.3858 74.088
      vertex -1.28918 58.3858 70.4111
    endloop
  endfacet
  facet normal 0.75207 0.659084 0
    outer loop
      vertex -1.14905 58.2259 73.9255
      vertex -1.28918 58.3858 70.4111
      vertex -1.28918 58.3858 74.088
    endloop
  endfacet
  facet normal 0.75207 0.659084 0
    outer loop
      vertex -1.28918 58.3858 70.4111
      vertex -1.14905 58.2259 73.9255
      vertex -1.14905 58.2259 70.2485
    endloop
  endfacet
  facet normal 0.659184 0.751982 0
    outer loop
      vertex -0.989227 58.0858 73.7822
      vertex -1.14905 58.2259 70.2485
      vertex -1.14905 58.2259 73.9255
    endloop
  endfacet
  facet normal 0.659184 0.751982 0
    outer loop
      vertex -1.14905 58.2259 70.2485
      vertex -0.989227 58.0858 73.7822
      vertex -0.989227 58.0858 70.1052
    endloop
  endfacet
  facet normal 0.555618 0.831437 0
    outer loop
      vertex -0.8125 57.9677 73.6606
      vertex -0.989227 58.0858 70.1052
      vertex -0.989227 58.0858 73.7822
    endloop
  endfacet
  facet normal 0.555618 0.831437 0
    outer loop
      vertex -0.989227 58.0858 70.1052
      vertex -0.8125 57.9677 73.6606
      vertex -0.8125 57.9677 69.9837
    endloop
  endfacet
  facet normal 0.442233 0.8969 0
    outer loop
      vertex -0.621857 57.8737 73.5629
      vertex -0.8125 57.9677 69.9837
      vertex -0.8125 57.9677 73.6606
    endloop
  endfacet
  facet normal 0.442233 0.8969 0
    outer loop
      vertex -0.8125 57.9677 69.9837
      vertex -0.621857 57.8737 73.5629
      vertex -0.621857 57.8737 69.8859
    endloop
  endfacet
  facet normal 0.321334 0.946966 0
    outer loop
      vertex -0.420578 57.8054 73.4906
      vertex -0.621857 57.8737 69.8859
      vertex -0.621857 57.8737 73.5629
    endloop
  endfacet
  facet normal 0.321334 0.946966 0
    outer loop
      vertex -0.621857 57.8737 69.8859
      vertex -0.420578 57.8054 73.4906
      vertex -0.420578 57.8054 69.8136
    endloop
  endfacet
  facet normal 0.195229 0.980758 0
    outer loop
      vertex -0.212097 57.7639 73.445
      vertex -0.420578 57.8054 69.8136
      vertex -0.420578 57.8054 73.4906
    endloop
  endfacet
  facet normal 0.195229 0.980758 0
    outer loop
      vertex -0.420578 57.8054 69.8136
      vertex -0.212097 57.7639 73.445
      vertex -0.212097 57.7639 69.7681
    endloop
  endfacet
  facet normal 0.0653958 0.997859 0
    outer loop
      vertex 0 57.75 73.427
      vertex -0.212097 57.7639 69.7681
      vertex -0.212097 57.7639 73.445
    endloop
  endfacet
  facet normal 0.0653958 0.997859 0
    outer loop
      vertex -0.212097 57.7639 69.7681
      vertex 0 57.75 73.427
      vertex 0 57.75 69.75
    endloop
  endfacet
  facet normal -0.0653958 0.997859 0
    outer loop
      vertex 0.212097 57.7639 69.7681
      vertex 0 57.75 73.427
      vertex 0.212097 57.7639 73.445
    endloop
  endfacet
  facet normal -0.0653958 0.997859 0
    outer loop
      vertex 0 57.75 73.427
      vertex 0.212097 57.7639 69.7681
      vertex 0 57.75 69.75
    endloop
  endfacet
  facet normal -0.195064 0.980791 0
    outer loop
      vertex -50.156 27.0184 72.658
      vertex -50.4607 26.9578 69.2212
      vertex -50.4607 26.9578 72.8982
    endloop
  endfacet
  facet normal -0.195064 0.980791 0
    outer loop
      vertex -50.4607 26.9578 69.2212
      vertex -50.156 27.0184 72.658
      vertex -50.156 27.0184 68.981
    endloop
  endfacet
  facet normal -0.321533 0.946898 0
    outer loop
      vertex -49.8618 27.1183 72.4456
      vertex -50.156 27.0184 68.981
      vertex -50.156 27.0184 72.658
    endloop
  endfacet
  facet normal -0.321533 0.946898 0
    outer loop
      vertex -50.156 27.0184 68.981
      vertex -49.8618 27.1183 72.4456
      vertex -49.8618 27.1183 68.7686
    endloop
  endfacet
  facet normal -0.442314 0.89686 0
    outer loop
      vertex -49.5832 27.2557 72.2646
      vertex -49.8618 27.1183 68.7686
      vertex -49.8618 27.1183 72.4456
    endloop
  endfacet
  facet normal -0.442314 0.89686 0
    outer loop
      vertex -49.8618 27.1183 68.7686
      vertex -49.5832 27.2557 72.2646
      vertex -49.5832 27.2557 68.5876
    endloop
  endfacet
  facet normal -0.555472 0.831535 -1.25729e-05
    outer loop
      vertex -49.5832 27.2557 68.5876
      vertex -49.3749 27.3949 72.1465
      vertex -49.3249 27.4283 72.1181
    endloop
  endfacet
  facet normal -0.555621 0.831436 0
    outer loop
      vertex -49.3749 27.3949 72.1465
      vertex -49.5832 27.2557 68.5876
      vertex -49.5832 27.2557 72.2646
    endloop
  endfacet
  facet normal -0.555573 0.831468 -1.95296e-06
    outer loop
      vertex -49.3249 27.4283 72.1181
      vertex -49.3632 27.4027 68.4629
      vertex -49.5832 27.2557 68.5876
    endloop
  endfacet
  facet normal -0.555702 0.831382 0
    outer loop
      vertex -49.3632 27.4027 68.4629
      vertex -49.3249 27.4283 72.1181
      vertex -49.3249 27.4283 68.4412
    endloop
  endfacet
  facet normal -0.659328 0.751855 0
    outer loop
      vertex -49.1892 27.5473 72.0545
      vertex -49.3249 27.4283 68.4412
      vertex -49.3249 27.4283 72.1181
    endloop
  endfacet
  facet normal -0.659106 0.75205 -1.47352e-05
    outer loop
      vertex -49.0913 27.6331 72.0135
      vertex -49.3249 27.4283 68.4412
      vertex -49.1892 27.5473 72.0545
    endloop
  endfacet
  facet normal -0.659325 0.751858 1.05943e-05
    outer loop
      vertex -49.0913 27.6331 72.0135
      vertex -49.1892 27.5473 68.3776
      vertex -49.3249 27.4283 68.4412
    endloop
  endfacet
  facet normal -0.659103 0.752053 0
    outer loop
      vertex -49.1892 27.5473 68.3776
      vertex -49.0913 27.6331 72.0135
      vertex -49.0913 27.6331 68.3365
    endloop
  endfacet
  facet normal -0.751779 0.659415 0
    outer loop
      vertex -49.03 27.7031 68.319
      vertex -48.8865 27.8667 71.9549
      vertex -48.8865 27.8667 68.2779
    endloop
  endfacet
  facet normal -0.752304 0.658816 4.7703e-05
    outer loop
      vertex -49.0913 27.6331 68.3365
      vertex -48.8865 27.8667 71.9549
      vertex -49.03 27.7031 68.319
    endloop
  endfacet
  facet normal -0.751971 0.659196 4.24954e-06
    outer loop
      vertex -48.8865 27.8667 71.9549
      vertex -49.0913 27.6331 68.3365
      vertex -49.0215 27.7127 71.9935
    endloop
  endfacet
  facet normal -0.751874 0.659307 0
    outer loop
      vertex -49.0215 27.7127 71.9935
      vertex -49.0913 27.6331 68.3365
      vertex -49.0913 27.6331 72.0135
    endloop
  endfacet
  facet normal -0.831456 0.555591 0
    outer loop
      vertex -48.8865 27.8667 68.2779
      vertex -48.7139 28.125 71.9366
      vertex -48.7139 28.125 68.2596
    endloop
  endfacet
  facet normal -0.831456 0.555591 0
    outer loop
      vertex -48.7139 28.125 71.9366
      vertex -48.8865 27.8667 68.2779
      vertex -48.8865 27.8667 71.9549
    endloop
  endfacet
  facet normal -0.89686 0.442314 0
    outer loop
      vertex -48.7139 28.125 71.9366
      vertex -48.5765 28.4036 68.282
      vertex -48.7139 28.125 68.2596
    endloop
  endfacet
  facet normal -0.89686 0.442314 0
    outer loop
      vertex -48.5765 28.4036 68.282
      vertex -48.7139 28.125 71.9366
      vertex -48.5765 28.4036 71.9589
    endloop
  endfacet
  facet normal -0.946996 0.321245 0
    outer loop
      vertex -48.5765 28.4036 71.9589
      vertex -48.4767 28.6978 68.3446
      vertex -48.5765 28.4036 68.282
    endloop
  endfacet
  facet normal -0.946996 0.321245 0
    outer loop
      vertex -48.4767 28.6978 68.3446
      vertex -48.5765 28.4036 71.9589
      vertex -48.4767 28.6978 72.0215
    endloop
  endfacet
  facet normal -0.980729 0.195373 0
    outer loop
      vertex -48.4767 28.6978 72.0215
      vertex -48.416 29.0025 68.4464
      vertex -48.4767 28.6978 68.3446
    endloop
  endfacet
  facet normal -0.980729 0.195373 0
    outer loop
      vertex -48.416 29.0025 68.4464
      vertex -48.4767 28.6978 72.0215
      vertex -48.416 29.0025 72.1233
    endloop
  endfacet
  facet normal -0.997863 0.0653439 0
    outer loop
      vertex -48.416 29.0025 72.1233
      vertex -48.3957 29.3125 68.5856
      vertex -48.416 29.0025 68.4464
    endloop
  endfacet
  facet normal -0.997863 0.0653439 0
    outer loop
      vertex -48.3957 29.3125 68.5856
      vertex -48.416 29.0025 72.1233
      vertex -48.3957 29.3125 72.2626
    endloop
  endfacet
  facet normal -0.997863 -0.0653439 -0
    outer loop
      vertex -48.3957 29.3125 72.2626
      vertex -48.416 29.6225 68.76
      vertex -48.3957 29.3125 68.5856
    endloop
  endfacet
  facet normal -0.997863 -0.0653439 0
    outer loop
      vertex -48.416 29.6225 68.76
      vertex -48.3957 29.3125 72.2626
      vertex -48.416 29.6225 72.4369
    endloop
  endfacet
  facet normal -0.980773 -0.195154 2.00628e-05
    outer loop
      vertex -48.416 29.6225 72.4369
      vertex -48.4767 29.9272 68.9737
      vertex -48.4267 29.6759 68.7961
    endloop
  endfacet
  facet normal -0.980775 -0.19514 0
    outer loop
      vertex -48.4767 29.9272 68.9737
      vertex -48.4267 29.6759 72.4731
      vertex -48.4767 29.9272 72.6507
    endloop
  endfacet
  facet normal -0.98051 -0.196469 -0
    outer loop
      vertex -48.416 29.6225 72.4369
      vertex -48.4267 29.6759 68.7961
      vertex -48.416 29.6225 68.76
    endloop
  endfacet
  facet normal -0.980522 -0.196408 -9.46173e-05
    outer loop
      vertex -48.4767 29.9272 68.9737
      vertex -48.416 29.6225 72.4369
      vertex -48.4267 29.6759 72.4731
    endloop
  endfacet
  facet normal -0.946963 -0.321343 -0
    outer loop
      vertex -48.4767 29.9272 72.6507
      vertex -48.5765 30.2213 69.2165
      vertex -48.4767 29.9272 68.9737
    endloop
  endfacet
  facet normal -0.946963 -0.321343 0
    outer loop
      vertex -48.5765 30.2213 69.2165
      vertex -48.4767 29.9272 72.6507
      vertex -48.5765 30.2213 72.8935
    endloop
  endfacet
  facet normal -0.896923 -0.442186 -0
    outer loop
      vertex -48.5765 30.2213 72.8935
      vertex -48.7139 30.5 69.4825
      vertex -48.5765 30.2213 69.2165
    endloop
  endfacet
  facet normal -0.896923 -0.442186 0
    outer loop
      vertex -48.7139 30.5 69.4825
      vertex -48.5765 30.2213 72.8935
      vertex -48.7139 30.5 73.1595
    endloop
  endfacet
  facet normal -0.831456 -0.555591 -0
    outer loop
      vertex -48.7139 30.5 73.1595
      vertex -48.8865 30.7583 69.7672
      vertex -48.7139 30.5 69.4825
    endloop
  endfacet
  facet normal -0.831456 -0.555591 0
    outer loop
      vertex -48.8865 30.7583 69.7672
      vertex -48.7139 30.5 73.1595
      vertex -48.8865 30.7583 73.4441
    endloop
  endfacet
  facet normal -0.751779 -0.659415 -0
    outer loop
      vertex -48.8865 30.7583 73.4441
      vertex -49.0914 30.9919 70.0657
      vertex -48.8865 30.7583 69.7672
    endloop
  endfacet
  facet normal -0.751779 -0.659415 0
    outer loop
      vertex -49.0914 30.9919 70.0657
      vertex -48.8865 30.7583 73.4441
      vertex -49.0914 30.9919 73.7426
    endloop
  endfacet
  facet normal -0.659393 -0.751798 0
    outer loop
      vertex -49.3249 31.1967 70.3729
      vertex -49.0914 30.9919 73.7426
      vertex -49.3249 31.1967 74.0498
    endloop
  endfacet
  facet normal -0.659393 -0.751798 -0
    outer loop
      vertex -49.0914 30.9919 73.7426
      vertex -49.3249 31.1967 70.3729
      vertex -49.0914 30.9919 70.0657
    endloop
  endfacet
  facet normal -0.555591 -0.831456 0
    outer loop
      vertex -49.5832 31.3693 70.6836
      vertex -49.3249 31.1967 74.0498
      vertex -49.5832 31.3693 74.3605
    endloop
  endfacet
  facet normal -0.555591 -0.831456 -0
    outer loop
      vertex -49.3249 31.1967 74.0498
      vertex -49.5832 31.3693 70.6836
      vertex -49.3249 31.1967 70.3729
    endloop
  endfacet
  facet normal -0.442186 -0.896923 0
    outer loop
      vertex -49.8619 31.5067 70.9924
      vertex -49.5832 31.3693 74.3605
      vertex -49.8619 31.5067 74.6693
    endloop
  endfacet
  facet normal -0.442186 -0.896923 -0
    outer loop
      vertex -49.5832 31.3693 74.3605
      vertex -49.8619 31.5067 70.9924
      vertex -49.5832 31.3693 70.6836
    endloop
  endfacet
  facet normal -0.321631 -0.946865 0
    outer loop
      vertex -50.156 31.6066 71.294
      vertex -49.8619 31.5067 74.6693
      vertex -50.156 31.6066 74.971
    endloop
  endfacet
  facet normal -0.321631 -0.946865 -0
    outer loop
      vertex -49.8619 31.5067 74.6693
      vertex -50.156 31.6066 71.294
      vertex -49.8619 31.5067 70.9924
    endloop
  endfacet
  facet normal -0.195064 -0.980791 0
    outer loop
      vertex -50.4607 31.6672 71.5834
      vertex -50.156 31.6066 74.971
      vertex -50.4607 31.6672 75.2603
    endloop
  endfacet
  facet normal -0.195064 -0.980791 -0
    outer loop
      vertex -50.156 31.6066 74.971
      vertex -50.4607 31.6672 71.5834
      vertex -50.156 31.6066 71.294
    endloop
  endfacet
  facet normal -0.0653439 -0.997863 0
    outer loop
      vertex -50.7707 31.6875 71.8555
      vertex -50.4607 31.6672 75.2603
      vertex -50.7707 31.6875 75.5324
    endloop
  endfacet
  facet normal -0.0653439 -0.997863 -0
    outer loop
      vertex -50.4607 31.6672 75.2603
      vertex -50.7707 31.6875 71.8555
      vertex -50.4607 31.6672 71.5834
    endloop
  endfacet
  facet normal 0.0654458 -0.997856 0
    outer loop
      vertex -51.0299 31.6705 72.0646
      vertex -50.7707 31.6875 75.5324
      vertex -51.0299 31.6705 75.7416
    endloop
  endfacet
  facet normal 0.0654458 -0.997856 0
    outer loop
      vertex -50.7707 31.6875 75.5324
      vertex -51.0299 31.6705 72.0646
      vertex -50.7707 31.6875 71.8555
    endloop
  endfacet
  facet normal -0.500012 -0.866018 0
    outer loop
      vertex -52.7373 32.6563 74.0345
      vertex -51.0299 31.6705 75.7416
      vertex -52.7373 32.6563 77.7114
    endloop
  endfacet
  facet normal -0.500012 -0.866018 -0
    outer loop
      vertex -51.0299 31.6705 75.7416
      vertex -52.7373 32.6563 74.0345
      vertex -51.0299 31.6705 72.0646
    endloop
  endfacet
  facet normal -0.834508 -0.550996 -0
    outer loop
      vertex -52.7373 32.6563 77.7114
      vertex -54.5247 35.3634 77
      vertex -52.7373 32.6563 74.0345
    endloop
  endfacet
  facet normal -0.834508 -0.550996 0
    outer loop
      vertex -54.5247 35.3634 77
      vertex -52.7373 32.6563 77.7114
      vertex -54.5247 35.3634 80.677
    endloop
  endfacet
  facet normal 0.0599247 0.998203 0
    outer loop
      vertex -54.6498 29.3437 77.7183
      vertex -57.8997 29.5388 77
      vertex -57.8997 29.5388 80.677
    endloop
  endfacet
  facet normal 0.0599247 0.998203 0
    outer loop
      vertex -57.8997 29.5388 77
      vertex -54.6498 29.3437 77.7183
      vertex -54.6498 29.3437 74.0413
    endloop
  endfacet
  facet normal 0.499974 0.86604 0
    outer loop
      vertex -52.9424 28.358 75.7474
      vertex -54.6498 29.3437 74.0413
      vertex -54.6498 29.3437 77.7183
    endloop
  endfacet
  facet normal 0.499974 0.86604 0
    outer loop
      vertex -54.6498 29.3437 74.0413
      vertex -52.9424 28.358 75.7474
      vertex -52.9424 28.358 72.0705
    endloop
  endfacet
  facet normal 0.896877 0.44228 0
    outer loop
      vertex -52.8275 28.125 75.5363
      vertex -52.9424 28.358 72.0705
      vertex -52.9424 28.358 75.7474
    endloop
  endfacet
  facet normal 0.896877 0.44228 0
    outer loop
      vertex -52.9424 28.358 72.0705
      vertex -52.8275 28.125 75.5363
      vertex -52.8275 28.125 71.8593
    endloop
  endfacet
  facet normal 0.831456 0.555591 0
    outer loop
      vertex -52.6549 27.8667 75.2622
      vertex -52.8275 28.125 71.8593
      vertex -52.8275 28.125 75.5363
    endloop
  endfacet
  facet normal 0.831456 0.555591 0
    outer loop
      vertex -52.8275 28.125 71.8593
      vertex -52.6549 27.8667 75.2622
      vertex -52.6549 27.8667 71.5853
    endloop
  endfacet
  facet normal 0.751938 0.659234 0
    outer loop
      vertex -52.4501 27.6331 74.9714
      vertex -52.6549 27.8667 71.5853
      vertex -52.6549 27.8667 75.2622
    endloop
  endfacet
  facet normal 0.751938 0.659234 0
    outer loop
      vertex -52.6549 27.8667 71.5853
      vertex -52.4501 27.6331 74.9714
      vertex -52.4501 27.6331 71.2945
    endloop
  endfacet
  facet normal 0.659234 0.751938 0
    outer loop
      vertex -52.2165 27.4283 74.6688
      vertex -52.4501 27.6331 71.2945
      vertex -52.4501 27.6331 74.9714
    endloop
  endfacet
  facet normal 0.659234 0.751938 0
    outer loop
      vertex -52.4501 27.6331 71.2945
      vertex -52.2165 27.4283 74.6688
      vertex -52.2165 27.4283 70.9919
    endloop
  endfacet
  facet normal 0.555591 0.831456 0
    outer loop
      vertex -51.9582 27.2557 74.3596
      vertex -52.2165 27.4283 70.9919
      vertex -52.2165 27.4283 74.6688
    endloop
  endfacet
  facet normal 0.555591 0.831456 0
    outer loop
      vertex -52.2165 27.4283 70.9919
      vertex -51.9582 27.2557 74.3596
      vertex -51.9582 27.2557 70.6826
    endloop
  endfacet
  facet normal 0.442314 0.89686 0
    outer loop
      vertex -51.6796 27.1183 74.049
      vertex -51.9582 27.2557 70.6826
      vertex -51.9582 27.2557 74.3596
    endloop
  endfacet
  facet normal 0.442314 0.89686 0
    outer loop
      vertex -51.9582 27.2557 70.6826
      vertex -51.6796 27.1183 74.049
      vertex -51.6796 27.1183 70.372
    endloop
  endfacet
  facet normal 0.321533 0.946898 0
    outer loop
      vertex -51.3854 27.0184 73.7424
      vertex -51.6796 27.1183 70.372
      vertex -51.6796 27.1183 74.049
    endloop
  endfacet
  facet normal 0.321533 0.946898 0
    outer loop
      vertex -51.6796 27.1183 70.372
      vertex -51.3854 27.0184 73.7424
      vertex -51.3854 27.0184 70.0655
    endloop
  endfacet
  facet normal 0.195064 0.980791 0
    outer loop
      vertex -51.0807 26.9578 73.4451
      vertex -51.3854 27.0184 70.0655
      vertex -51.3854 27.0184 73.7424
    endloop
  endfacet
  facet normal 0.195064 0.980791 0
    outer loop
      vertex -51.3854 27.0184 70.0655
      vertex -51.0807 26.9578 73.4451
      vertex -51.0807 26.9578 69.7681
    endloop
  endfacet
  facet normal 0.0653439 0.997863 0
    outer loop
      vertex -50.7707 26.9375 73.1621
      vertex -51.0807 26.9578 69.7681
      vertex -51.0807 26.9578 73.4451
    endloop
  endfacet
  facet normal 0.0653439 0.997863 0
    outer loop
      vertex -51.0807 26.9578 69.7681
      vertex -50.7707 26.9375 73.1621
      vertex -50.7707 26.9375 69.4851
    endloop
  endfacet
  facet normal -0.0653439 0.997863 0
    outer loop
      vertex -50.4607 26.9578 72.8982
      vertex -50.7707 26.9375 69.4851
      vertex -50.7707 26.9375 73.1621
    endloop
  endfacet
  facet normal -0.0653439 0.997863 0
    outer loop
      vertex -50.7707 26.9375 69.4851
      vertex -50.4607 26.9578 72.8982
      vertex -50.4607 26.9578 69.2212
    endloop
  endfacet
  facet normal -0.19507 0.980789 0
    outer loop
      vertex 52.1444 28.8508 71.599
      vertex 52.0001 28.8221 75.1351
      vertex 52.1444 28.8508 75.2759
    endloop
  endfacet
  facet normal -0.19507 0.980789 0
    outer loop
      vertex 52.0001 28.8221 75.1351
      vertex 52.1444 28.8508 71.599
      vertex 52.0001 28.8221 71.4581
    endloop
  endfacet
  facet normal -0.321318 0.946971 0
    outer loop
      vertex 52.2838 28.8981 71.7442
      vertex 52.1444 28.8508 75.2759
      vertex 52.2838 28.8981 75.4211
    endloop
  endfacet
  facet normal -0.321318 0.946971 0
    outer loop
      vertex 52.1444 28.8508 75.2759
      vertex 52.2838 28.8981 71.7442
      vertex 52.1444 28.8508 71.599
    endloop
  endfacet
  facet normal -0.442315 0.89686 0
    outer loop
      vertex 52.4158 28.9632 71.8913
      vertex 52.2838 28.8981 75.4211
      vertex 52.4158 28.9632 75.5682
    endloop
  endfacet
  facet normal -0.442315 0.89686 0
    outer loop
      vertex 52.2838 28.8981 75.4211
      vertex 52.4158 28.9632 71.8913
      vertex 52.2838 28.8981 71.7442
    endloop
  endfacet
  facet normal -0.555954 0.831213 0
    outer loop
      vertex 52.5381 29.045 72.0378
      vertex 52.4158 28.9632 75.5682
      vertex 52.5381 29.045 75.7147
    endloop
  endfacet
  facet normal -0.555954 0.831213 0
    outer loop
      vertex 52.4158 28.9632 75.5682
      vertex 52.5381 29.045 72.0378
      vertex 52.4158 28.9632 71.8913
    endloop
  endfacet
  facet normal -0.65937 0.751818 0
    outer loop
      vertex 52.6487 29.142 72.1811
      vertex 52.5381 29.045 75.7147
      vertex 52.6487 29.142 75.8581
    endloop
  endfacet
  facet normal -0.65937 0.751818 0
    outer loop
      vertex 52.5381 29.045 75.7147
      vertex 52.6487 29.142 72.1811
      vertex 52.5381 29.045 72.0378
    endloop
  endfacet
  facet normal -0.751481 0.659754 0
    outer loop
      vertex 52.6487 29.142 75.8581
      vertex 52.7458 29.2526 72.3188
      vertex 52.6487 29.142 72.1811
    endloop
  endfacet
  facet normal -0.751481 0.659754 0
    outer loop
      vertex 52.7458 29.2526 72.3188
      vertex 52.6487 29.142 75.8581
      vertex 52.7458 29.2526 75.9958
    endloop
  endfacet
  facet normal -0.831737 0.555171 0
    outer loop
      vertex 52.7458 29.2526 75.9958
      vertex 52.8275 29.375 72.4487
      vertex 52.7458 29.2526 72.3188
    endloop
  endfacet
  facet normal -0.831737 0.555171 0
    outer loop
      vertex 52.8275 29.375 72.4487
      vertex 52.7458 29.2526 75.9958
      vertex 52.8275 29.375 76.1256
    endloop
  endfacet
  facet normal -0.897128 0.44177 -2.51409e-05
    outer loop
      vertex 52.8275 29.375 76.1256
      vertex 52.8926 29.507 72.5683
      vertex 52.8602 29.4412 72.5087
    endloop
  endfacet
  facet normal -0.897047 0.441935 0
    outer loop
      vertex 52.8926 29.507 72.5683
      vertex 52.849 29.4185 76.165
      vertex 52.8926 29.507 76.2452
    endloop
  endfacet
  facet normal -0.896584 0.442874 0
    outer loop
      vertex 52.8275 29.375 76.1256
      vertex 52.8602 29.4412 72.5087
      vertex 52.8275 29.375 72.4487
    endloop
  endfacet
  facet normal -0.896491 0.443062 3.44711e-05
    outer loop
      vertex 52.8926 29.507 72.5683
      vertex 52.8275 29.375 76.1256
      vertex 52.849 29.4185 76.165
    endloop
  endfacet
  facet normal -0.946959 0.321353 0
    outer loop
      vertex 52.8926 29.507 76.2452
      vertex 52.9377 29.6399 72.6707
      vertex 52.8926 29.507 72.5683
    endloop
  endfacet
  facet normal -0.946959 0.321353 0
    outer loop
      vertex 52.9377 29.6399 72.6707
      vertex 52.8926 29.507 76.2452
      vertex 52.9377 29.6399 76.3477
    endloop
  endfacet
  facet normal -0.500011 0.866019 0
    outer loop
      vertex 54.0936 30.3072 74.0054
      vertex 53.3239 29.8628 76.7934
      vertex 54.0936 30.3072 77.6823
    endloop
  endfacet
  facet normal -0.49991 0.866077 3.7302e-05
    outer loop
      vertex 54.0936 30.3072 74.0054
      vertex 52.9377 29.6399 76.3477
      vertex 53.3239 29.8628 76.7934
    endloop
  endfacet
  facet normal -0.499964 0.866046 1.70719e-06
    outer loop
      vertex 53.3238 29.8628 73.1164
      vertex 52.9377 29.6399 76.3477
      vertex 54.0936 30.3072 74.0054
    endloop
  endfacet
  facet normal -0.499975 0.86604 0
    outer loop
      vertex 52.9377 29.6399 76.3477
      vertex 53.3238 29.8628 73.1164
      vertex 52.9377 29.6399 72.6707
    endloop
  endfacet
  facet normal -0.0599311 0.998203 0
    outer loop
      vertex 57.3834 30.5047 77
      vertex 54.407 30.326 77.9673
      vertex 57.3834 30.5047 80.677
    endloop
  endfacet
  facet normal -0.0599136 0.998204 5.40296e-05
    outer loop
      vertex 57.3834 30.5047 77
      vertex 54.1202 30.3088 77.7062
      vertex 54.407 30.326 77.9673
    endloop
  endfacet
  facet normal -0.0599479 0.998202 -0.000105003
    outer loop
      vertex 57.3834 30.5047 77
      vertex 54.0936 30.3072 77.6823
      vertex 54.1202 30.3088 77.7062
    endloop
  endfacet
  facet normal -0.0599243 0.998203 9.03264e-06
    outer loop
      vertex 54.3746 30.3241 74.2608
      vertex 54.0936 30.3072 77.6823
      vertex 57.3834 30.5047 77
    endloop
  endfacet
  facet normal -0.0600331 0.998196 6.40205e-08
    outer loop
      vertex 54.1202 30.3088 74.0292
      vertex 54.0936 30.3072 77.6823
      vertex 54.3746 30.3241 74.2608
    endloop
  endfacet
  facet normal -0.0600419 0.998196 0
    outer loop
      vertex 54.0936 30.3072 77.6823
      vertex 54.1202 30.3088 74.0292
      vertex 54.0936 30.3072 74.0054
    endloop
  endfacet
  facet normal 0.834514 -0.550986 0
    outer loop
      vertex 54.3643 33.3145 79.4369
      vertex 55.1117 34.4465 77
      vertex 55.1117 34.4465 80.677
    endloop
  endfacet
  facet normal 0.834518 -0.55098 3.6866e-06
    outer loop
      vertex 53.2936 31.6928 77.6928
      vertex 55.1117 34.4465 77
      vertex 54.3643 33.3145 79.4369
    endloop
  endfacet
  facet normal 0.834517 -0.550982 -5.20326e-06
    outer loop
      vertex 55.1117 34.4465 77
      vertex 53.2936 31.6928 77.6928
      vertex 54.3643 33.3145 75.76
    endloop
  endfacet
  facet normal 0.83452 -0.550978 0
    outer loop
      vertex 54.3643 33.3145 75.76
      vertex 53.2936 31.6928 77.6928
      vertex 53.2936 31.6928 74.0159
    endloop
  endfacet
  facet normal 0.499967 -0.866045 0
    outer loop
      vertex 52.1377 31.0255 76.3579
      vertex 53.2936 31.6928 74.0159
      vertex 53.2936 31.6928 77.6928
    endloop
  endfacet
  facet normal 0.499967 -0.866045 0
    outer loop
      vertex 53.2936 31.6928 74.0159
      vertex 52.1377 31.0255 76.3579
      vertex 52.1377 31.0255 72.681
    endloop
  endfacet
  facet normal -0.195294 -0.980745 0
    outer loop
      vertex 52.0001 31.0529 76.253
      vertex 52.1377 31.0255 72.681
      vertex 52.1377 31.0255 76.3579
    endloop
  endfacet
  facet normal -0.195294 -0.980745 0
    outer loop
      vertex 52.1377 31.0255 72.681
      vertex 52.0001 31.0529 76.253
      vertex 52.0001 31.0529 72.576
    endloop
  endfacet
  facet normal -0.0652557 -0.997869 0
    outer loop
      vertex 51.8533 31.0625 76.1312
      vertex 52.0001 31.0529 72.576
      vertex 52.0001 31.0529 76.253
    endloop
  endfacet
  facet normal -0.0652557 -0.997869 0
    outer loop
      vertex 52.0001 31.0529 72.576
      vertex 51.8533 31.0625 76.1312
      vertex 51.8533 31.0625 72.4542
    endloop
  endfacet
  facet normal 0.0652115 -0.997871 0
    outer loop
      vertex 51.7064 31.0529 75.9996
      vertex 51.8533 31.0625 72.4542
      vertex 51.8533 31.0625 76.1312
    endloop
  endfacet
  facet normal 0.0652115 -0.997871 0
    outer loop
      vertex 51.8533 31.0625 72.4542
      vertex 51.7064 31.0529 75.9996
      vertex 51.7064 31.0529 72.3226
    endloop
  endfacet
  facet normal 0.195724 -0.980659 0
    outer loop
      vertex 51.5621 31.0241 75.8605
      vertex 51.7064 31.0529 72.3226
      vertex 51.7064 31.0529 75.9996
    endloop
  endfacet
  facet normal 0.195724 -0.980659 0
    outer loop
      vertex 51.7064 31.0529 72.3226
      vertex 51.5621 31.0241 75.8605
      vertex 51.5621 31.0241 72.1836
    endloop
  endfacet
  facet normal 0.320709 -0.947178 0
    outer loop
      vertex 51.4227 30.9769 75.7164
      vertex 51.5621 31.0241 72.1836
      vertex 51.5621 31.0241 75.8605
    endloop
  endfacet
  facet normal 0.320709 -0.947178 0
    outer loop
      vertex 51.5621 31.0241 72.1836
      vertex 51.4227 30.9769 75.7164
      vertex 51.4227 30.9769 72.0394
    endloop
  endfacet
  facet normal 0.442585 -0.896727 0
    outer loop
      vertex 51.2908 30.9118 75.5696
      vertex 51.4227 30.9769 72.0394
      vertex 51.4227 30.9769 75.7164
    endloop
  endfacet
  facet normal 0.442585 -0.896727 0
    outer loop
      vertex 51.4227 30.9769 72.0394
      vertex 51.2908 30.9118 75.5696
      vertex 51.2908 30.9118 71.8926
    endloop
  endfacet
  facet normal 0.55564 -0.831423 0
    outer loop
      vertex 51.1684 30.83 75.4226
      vertex 51.2908 30.9118 71.8926
      vertex 51.2908 30.9118 75.5696
    endloop
  endfacet
  facet normal 0.55564 -0.831423 0
    outer loop
      vertex 51.2908 30.9118 71.8926
      vertex 51.1684 30.83 75.4226
      vertex 51.1684 30.83 71.7457
    endloop
  endfacet
  facet normal 0.65937 -0.751818 0
    outer loop
      vertex 51.0578 30.733 75.2781
      vertex 51.1684 30.83 71.7457
      vertex 51.1684 30.83 75.4226
    endloop
  endfacet
  facet normal 0.65937 -0.751818 0
    outer loop
      vertex 51.1684 30.83 71.7457
      vertex 51.0578 30.733 75.2781
      vertex 51.0578 30.733 71.6011
    endloop
  endfacet
  facet normal 0.751777 -0.659418 0
    outer loop
      vertex 50.9607 30.6223 75.1384
      vertex 51.0578 30.733 71.6011
      vertex 51.0578 30.733 75.2781
    endloop
  endfacet
  facet normal 0.751777 -0.659418 0
    outer loop
      vertex 51.0578 30.733 71.6011
      vertex 50.9607 30.6223 75.1384
      vertex 50.9607 30.6223 71.4614
    endloop
  endfacet
  facet normal 0.831527 -0.555484 0
    outer loop
      vertex 50.879 30.5 75.006
      vertex 50.9607 30.6223 71.4614
      vertex 50.9607 30.6223 75.1384
    endloop
  endfacet
  facet normal 0.831527 -0.555484 0
    outer loop
      vertex 50.9607 30.6223 71.4614
      vertex 50.879 30.5 75.006
      vertex 50.879 30.5 71.329
    endloop
  endfacet
  facet normal 0.89686 -0.442315 0
    outer loop
      vertex 50.8139 30.368 74.8831
      vertex 50.879 30.5 71.329
      vertex 50.879 30.5 75.006
    endloop
  endfacet
  facet normal 0.89686 -0.442315 0
    outer loop
      vertex 50.879 30.5 71.329
      vertex 50.8139 30.368 74.8831
      vertex 50.8139 30.368 71.2061
    endloop
  endfacet
  facet normal 0.946901 -0.321525 0
    outer loop
      vertex 50.7666 30.2287 74.7718
      vertex 50.8139 30.368 71.2061
      vertex 50.8139 30.368 74.8831
    endloop
  endfacet
  facet normal 0.946901 -0.321525 0
    outer loop
      vertex 50.8139 30.368 71.2061
      vertex 50.7666 30.2287 74.7718
      vertex 50.7666 30.2287 71.0948
    endloop
  endfacet
  facet normal 0.980815 -0.19494 0
    outer loop
      vertex 50.7379 30.0843 74.674
      vertex 50.7666 30.2287 71.0948
      vertex 50.7666 30.2287 74.7718
    endloop
  endfacet
  facet normal 0.980815 -0.19494 0
    outer loop
      vertex 50.7666 30.2287 71.0948
      vertex 50.7379 30.0843 74.674
      vertex 50.7379 30.0843 70.997
    endloop
  endfacet
  facet normal 0.997869 -0.0652557 0
    outer loop
      vertex 50.7283 29.9375 74.5914
      vertex 50.7379 30.0843 70.997
      vertex 50.7379 30.0843 74.674
    endloop
  endfacet
  facet normal 0.997869 -0.0652557 0
    outer loop
      vertex 50.7379 30.0843 70.997
      vertex 50.7283 29.9375 74.5914
      vertex 50.7283 29.9375 70.9145
    endloop
  endfacet
  facet normal 0.997871 0.0652115 0
    outer loop
      vertex 50.7379 29.7906 74.5255
      vertex 50.7283 29.9375 70.9145
      vertex 50.7283 29.9375 74.5914
    endloop
  endfacet
  facet normal 0.997871 0.0652115 0
    outer loop
      vertex 50.7283 29.9375 70.9145
      vertex 50.7379 29.7906 74.5255
      vertex 50.7379 29.7906 70.8485
    endloop
  endfacet
  facet normal 0.980789 0.19507 0
    outer loop
      vertex 50.7666 29.6463 74.4773
      vertex 50.7379 29.7906 70.8485
      vertex 50.7379 29.7906 74.5255
    endloop
  endfacet
  facet normal 0.980789 0.19507 0
    outer loop
      vertex 50.7379 29.7906 70.8485
      vertex 50.7666 29.6463 74.4773
      vertex 50.7666 29.6463 70.8003
    endloop
  endfacet
  facet normal 0.946901 0.321525 0
    outer loop
      vertex 50.8139 29.507 74.4476
      vertex 50.7666 29.6463 70.8003
      vertex 50.7666 29.6463 74.4773
    endloop
  endfacet
  facet normal 0.946901 0.321525 0
    outer loop
      vertex 50.7666 29.6463 70.8003
      vertex 50.8139 29.507 74.4476
      vertex 50.8139 29.507 70.7706
    endloop
  endfacet
  facet normal 0.89686 0.442315 0
    outer loop
      vertex 50.879 29.375 74.437
      vertex 50.8139 29.507 70.7706
      vertex 50.8139 29.507 74.4476
    endloop
  endfacet
  facet normal 0.89686 0.442315 0
    outer loop
      vertex 50.8139 29.507 70.7706
      vertex 50.879 29.375 74.437
      vertex 50.879 29.375 70.7601
    endloop
  endfacet
  facet normal 0.831737 0.555171 -0
    outer loop
      vertex 50.9607 29.2526 70.7687
      vertex 50.879 29.375 74.437
      vertex 50.9607 29.2526 74.4457
    endloop
  endfacet
  facet normal 0.831737 0.555171 0
    outer loop
      vertex 50.879 29.375 74.437
      vertex 50.9607 29.2526 70.7687
      vertex 50.879 29.375 70.7601
    endloop
  endfacet
  facet normal 0.751481 0.659754 -0
    outer loop
      vertex 51.0578 29.142 70.7965
      vertex 50.9607 29.2526 74.4457
      vertex 51.0578 29.142 74.4734
    endloop
  endfacet
  facet normal 0.751481 0.659754 0
    outer loop
      vertex 50.9607 29.2526 74.4457
      vertex 51.0578 29.142 70.7965
      vertex 50.9607 29.2526 70.7687
    endloop
  endfacet
  facet normal 0.65937 0.751818 -0
    outer loop
      vertex 51.1684 29.045 70.8429
      vertex 51.0578 29.142 74.4734
      vertex 51.1684 29.045 74.5198
    endloop
  endfacet
  facet normal 0.65937 0.751818 0
    outer loop
      vertex 51.0578 29.142 74.4734
      vertex 51.1684 29.045 70.8429
      vertex 51.0578 29.142 70.7965
    endloop
  endfacet
  facet normal 0.55564 0.831423 -0
    outer loop
      vertex 51.2908 28.9632 70.9071
      vertex 51.1684 29.045 74.5198
      vertex 51.2908 28.9632 74.5841
    endloop
  endfacet
  facet normal 0.55564 0.831423 0
    outer loop
      vertex 51.1684 29.045 74.5198
      vertex 51.2908 28.9632 70.9071
      vertex 51.1684 29.045 70.8429
    endloop
  endfacet
  facet normal 0.44234 0.896847 -0
    outer loop
      vertex 51.4227 28.8981 70.9881
      vertex 51.3195 28.949 74.6017
      vertex 51.4227 28.8981 74.665
    endloop
  endfacet
  facet normal 0.443443 0.896303 3.91556e-05
    outer loop
      vertex 51.4227 28.8981 70.9881
      vertex 51.2908 28.9632 74.5841
      vertex 51.3195 28.949 74.6017
    endloop
  endfacet
  facet normal 0.442343 0.896846 -1.10369e-05
    outer loop
      vertex 51.3343 28.9417 70.9339
      vertex 51.2908 28.9632 74.5841
      vertex 51.4227 28.8981 70.9881
    endloop
  endfacet
  facet normal 0.443087 0.896479 0
    outer loop
      vertex 51.2908 28.9632 74.5841
      vertex 51.3343 28.9417 70.9339
      vertex 51.2908 28.9632 70.9071
    endloop
  endfacet
  facet normal 0.322264 0.94665 -0
    outer loop
      vertex 51.5621 28.8508 71.0853
      vertex 51.5339 28.8604 74.7419
      vertex 51.5621 28.8508 74.7622
    endloop
  endfacet
  facet normal 0.321084 0.947051 -1.01474e-05
    outer loop
      vertex 51.5621 28.8508 71.0853
      vertex 51.4227 28.8981 74.665
      vertex 51.5339 28.8604 74.7419
    endloop
  endfacet
  facet normal 0.322238 0.946659 3.99491e-05
    outer loop
      vertex 51.5339 28.8604 71.0649
      vertex 51.4227 28.8981 74.665
      vertex 51.5621 28.8508 71.0853
    endloop
  endfacet
  facet normal 0.321078 0.947053 0
    outer loop
      vertex 51.4227 28.8981 74.665
      vertex 51.5339 28.8604 71.0649
      vertex 51.4227 28.8981 70.9881
    endloop
  endfacet
  facet normal 0.19507 0.980789 -0
    outer loop
      vertex 51.7064 28.8221 71.1991
      vertex 51.5621 28.8508 74.7622
      vertex 51.7064 28.8221 74.876
    endloop
  endfacet
  facet normal 0.19507 0.980789 0
    outer loop
      vertex 51.5621 28.8508 74.7622
      vertex 51.7064 28.8221 71.1991
      vertex 51.5621 28.8508 71.0853
    endloop
  endfacet
  facet normal 0.064702 0.997905 -0
    outer loop
      vertex 51.8533 28.8125 71.324
      vertex 51.8132 28.8151 74.9669
      vertex 51.8533 28.8125 75.001
    endloop
  endfacet
  facet normal 0.0653962 0.997859 7.67375e-06
    outer loop
      vertex 51.8533 28.8125 71.324
      vertex 51.7064 28.8221 74.876
      vertex 51.8132 28.8151 74.9669
    endloop
  endfacet
  facet normal 0.0650836 0.99788 -5.31002e-06
    outer loop
      vertex 51.7889 28.8167 71.2693
      vertex 51.7064 28.8221 74.876
      vertex 51.8533 28.8125 71.324
    endloop
  endfacet
  facet normal 0.0653148 0.997865 0
    outer loop
      vertex 51.7064 28.8221 74.876
      vertex 51.7889 28.8167 71.2693
      vertex 51.7064 28.8221 71.1991
    endloop
  endfacet
  facet normal -0.0652557 0.997869 0
    outer loop
      vertex 52.0001 28.8221 71.4581
      vertex 51.8533 28.8125 75.001
      vertex 52.0001 28.8221 75.1351
    endloop
  endfacet
  facet normal -0.0652557 0.997869 0
    outer loop
      vertex 51.8533 28.8125 75.001
      vertex 52.0001 28.8221 71.4581
      vertex 51.8533 28.8125 71.324
    endloop
  endfacet
  facet normal -0.0598988 -0.998204 0
    outer loop
      vertex 55.8936 -27.1895 77.8448
      vertex 58.9516 -27.373 77
      vertex 58.9516 -27.373 80.677
    endloop
  endfacet
  facet normal -0.0598988 -0.998204 0
    outer loop
      vertex 58.9516 -27.373 77
      vertex 55.8936 -27.1895 77.8448
      vertex 55.8936 -27.1895 74.1679
    endloop
  endfacet
  facet normal -0.49999 -0.866031 0
    outer loop
      vertex 52.8581 -25.437 74.3482
      vertex 55.8936 -27.1895 74.1679
      vertex 55.8936 -27.1895 77.8448
    endloop
  endfacet
  facet normal -0.49999 -0.866031 0
    outer loop
      vertex 55.8936 -27.1895 74.1679
      vertex 52.8581 -25.437 74.3482
      vertex 52.8581 -25.437 70.6712
    endloop
  endfacet
  facet normal -0.896729 -0.442579 0
    outer loop
      vertex 52.8581 -25.437 70.6712
      vertex 52.8275 -25.375 74.2936
      vertex 52.8275 -25.375 70.6167
    endloop
  endfacet
  facet normal -0.896729 -0.442579 0
    outer loop
      vertex 52.8275 -25.375 74.2936
      vertex 52.8581 -25.437 70.6712
      vertex 52.8581 -25.437 74.3482
    endloop
  endfacet
  facet normal -0.831499 -0.555526 0
    outer loop
      vertex 52.8275 -25.375 70.6167
      vertex 52.4551 -24.8176 73.7151
      vertex 52.4551 -24.8176 70.0382
    endloop
  endfacet
  facet normal -0.831499 -0.555526 0
    outer loop
      vertex 52.4551 -24.8176 73.7151
      vertex 52.8275 -25.375 70.6167
      vertex 52.8275 -25.375 74.2936
    endloop
  endfacet
  facet normal -0.751837 -0.659349 0
    outer loop
      vertex 52.4551 -24.8176 70.0382
      vertex 52.0131 -24.3136 73.0974
      vertex 52.0131 -24.3136 69.4204
    endloop
  endfacet
  facet normal -0.751837 -0.659349 0
    outer loop
      vertex 52.0131 -24.3136 73.0974
      vertex 52.4551 -24.8176 70.0382
      vertex 52.4551 -24.8176 73.7151
    endloop
  endfacet
  facet normal -0.659382 -0.751808 0
    outer loop
      vertex 51.7707 -24.101 72.7865
      vertex 52.0131 -24.3136 69.4204
      vertex 52.0131 -24.3136 73.0974
    endloop
  endfacet
  facet normal -0.659324 -0.751859 7.50358e-06
    outer loop
      vertex 51.5091 -23.8716 72.4509
      vertex 52.0131 -24.3136 69.4204
      vertex 51.7707 -24.101 72.7865
    endloop
  endfacet
  facet normal -0.659308 -0.751873 1.20683e-05
    outer loop
      vertex 51.5091 -23.8716 72.4509
      vertex 51.7386 -24.0729 69.0684
      vertex 52.0131 -24.3136 69.4204
    endloop
  endfacet
  facet normal -0.659409 -0.751785 0
    outer loop
      vertex 51.7386 -24.0729 69.0684
      vertex 51.5091 -23.8716 72.4509
      vertex 51.5091 -23.8716 68.7739
    endloop
  endfacet
  facet normal -0.555629 -0.83143 0
    outer loop
      vertex 50.9517 -23.4991 71.7867
      vertex 51.5091 -23.8716 68.7739
      vertex 51.5091 -23.8716 72.4509
    endloop
  endfacet
  facet normal -0.555629 -0.83143 0
    outer loop
      vertex 51.5091 -23.8716 68.7739
      vertex 50.9517 -23.4991 71.7867
      vertex 50.9517 -23.4991 68.1097
    endloop
  endfacet
  facet normal -0.442173 -0.89693 0
    outer loop
      vertex 50.6381 -23.3445 71.437
      vertex 50.9517 -23.4991 68.1097
      vertex 50.9517 -23.4991 71.7867
    endloop
  endfacet
  facet normal -0.442328 -0.896853 -1.81614e-05
    outer loop
      vertex 50.3504 -23.2026 71.1165
      vertex 50.9517 -23.4991 68.1097
      vertex 50.6381 -23.3445 71.437
    endloop
  endfacet
  facet normal -0.442188 -0.896923 1.66597e-05
    outer loop
      vertex 50.3504 -23.2026 71.1165
      vertex 50.6381 -23.3445 67.76
      vertex 50.9517 -23.4991 68.1097
    endloop
  endfacet
  facet normal -0.442344 -0.896845 0
    outer loop
      vertex 50.6381 -23.3445 67.76
      vertex 50.3504 -23.2026 71.1165
      vertex 50.3504 -23.2026 67.4395
    endloop
  endfacet
  facet normal -0.321077 -0.947053 0
    outer loop
      vertex 50.2743 -23.1768 71.0364
      vertex 50.3504 -23.2026 67.4395
      vertex 50.3504 -23.2026 71.1165
    endloop
  endfacet
  facet normal -0.321501 -0.946909 -1.00077e-05
    outer loop
      vertex 49.7156 -22.9871 70.4508
      vertex 50.3504 -23.2026 67.4395
      vertex 50.2743 -23.1768 71.0364
    endloop
  endfacet
  facet normal -0.321146 -0.94703 7.34433e-05
    outer loop
      vertex 49.7156 -22.9871 70.4508
      vertex 50.2743 -23.1768 67.3595
      vertex 50.3504 -23.2026 67.4395
    endloop
  endfacet
  facet normal -0.321511 -0.946906 0
    outer loop
      vertex 50.2743 -23.1768 67.3595
      vertex 49.7156 -22.9871 70.4508
      vertex 49.7156 -22.9871 66.7739
    endloop
  endfacet
  facet normal -0.195112 -0.980781 0
    outer loop
      vertex 49.0581 -22.8563 69.8021
      vertex 49.7156 -22.9871 66.7739
      vertex 49.7156 -22.9871 70.4508
    endloop
  endfacet
  facet normal -0.195112 -0.980781 0
    outer loop
      vertex 49.7156 -22.9871 66.7739
      vertex 49.0581 -22.8563 69.8021
      vertex 49.0581 -22.8563 66.1251
    endloop
  endfacet
  facet normal -0.0651611 -0.997875 0
    outer loop
      vertex 48.9264 -22.8477 69.6798
      vertex 49.0581 -22.8563 66.1251
      vertex 49.0581 -22.8563 69.8021
    endloop
  endfacet
  facet normal -0.0653773 -0.997861 -8.04233e-06
    outer loop
      vertex 48.3892 -22.8125 69.1809
      vertex 49.0581 -22.8563 66.1251
      vertex 48.9264 -22.8477 69.6798
    endloop
  endfacet
  facet normal -0.0654731 -0.997854 -2.9111e-05
    outer loop
      vertex 48.3892 -22.8125 69.1809
      vertex 48.9606 -22.8499 66.0345
      vertex 49.0581 -22.8563 66.1251
    endloop
  endfacet
  facet normal -0.0653135 -0.997865 0
    outer loop
      vertex 48.9606 -22.8499 66.0345
      vertex 48.3892 -22.8125 69.1809
      vertex 48.3892 -22.8125 65.504
    endloop
  endfacet
  facet normal 0.065331 -0.997864 0
    outer loop
      vertex 47.7202 -22.8563 68.5981
      vertex 48.3892 -22.8125 65.504
      vertex 48.3892 -22.8125 69.1809
    endloop
  endfacet
  facet normal 0.065331 -0.997864 0
    outer loop
      vertex 48.3892 -22.8125 65.504
      vertex 47.7202 -22.8563 68.5981
      vertex 47.7202 -22.8563 64.9211
    endloop
  endfacet
  facet normal 0.195112 -0.980781 0
    outer loop
      vertex 47.0627 -22.9871 68.0634
      vertex 47.7202 -22.8563 64.9211
      vertex 47.7202 -22.8563 68.5981
    endloop
  endfacet
  facet normal 0.195112 -0.980781 0
    outer loop
      vertex 47.7202 -22.8563 64.9211
      vertex 47.0627 -22.9871 68.0634
      vertex 47.0627 -22.9871 64.3865
    endloop
  endfacet
  facet normal 0.321459 -0.946924 0
    outer loop
      vertex 46.4279 -23.2026 67.5862
      vertex 47.0627 -22.9871 64.3865
      vertex 47.0627 -22.9871 68.0634
    endloop
  endfacet
  facet normal 0.321459 -0.946924 0
    outer loop
      vertex 47.0627 -22.9871 64.3865
      vertex 46.4279 -23.2026 67.5862
      vertex 46.4279 -23.2026 63.9093
    endloop
  endfacet
  facet normal 0.44229 -0.896872 0
    outer loop
      vertex 45.9755 -23.4257 67.2765
      vertex 46.4279 -23.2026 63.9093
      vertex 46.4279 -23.2026 67.5862
    endloop
  endfacet
  facet normal 0.442378 -0.896829 1.46183e-05
    outer loop
      vertex 45.8267 -23.4991 67.1798
      vertex 46.4279 -23.2026 63.9093
      vertex 45.9755 -23.4257 67.2765
    endloop
  endfacet
  facet normal 0.442293 -0.896871 -4.78094e-06
    outer loop
      vertex 45.8267 -23.4991 67.1798
      vertex 45.9755 -23.4257 63.5995
      vertex 46.4279 -23.2026 63.9093
    endloop
  endfacet
  facet normal 0.442385 -0.896825 0
    outer loop
      vertex 45.9755 -23.4257 63.5995
      vertex 45.8267 -23.4991 67.1798
      vertex 45.8267 -23.4991 63.5028
    endloop
  endfacet
  facet normal 0.55556 -0.831476 0
    outer loop
      vertex 45.2692 -23.8716 66.8637
      vertex 45.8267 -23.4991 63.5028
      vertex 45.8267 -23.4991 67.1798
    endloop
  endfacet
  facet normal 0.55556 -0.831476 0
    outer loop
      vertex 45.8267 -23.4991 63.5028
      vertex 45.2692 -23.8716 66.8637
      vertex 45.2692 -23.8716 63.1868
    endloop
  endfacet
  facet normal 0.659349 -0.751837 0
    outer loop
      vertex 44.7652 -24.3136 66.6275
      vertex 45.2692 -23.8716 63.1868
      vertex 45.2692 -23.8716 66.8637
    endloop
  endfacet
  facet normal 0.659349 -0.751837 0
    outer loop
      vertex 45.2692 -23.8716 63.1868
      vertex 44.7652 -24.3136 66.6275
      vertex 44.7652 -24.3136 62.9506
    endloop
  endfacet
  facet normal 0.751884 -0.659296 0
    outer loop
      vertex 44.5352 -24.5759 66.5483
      vertex 44.7652 -24.3136 62.9506
      vertex 44.7652 -24.3136 66.6275
    endloop
  endfacet
  facet normal 0.751788 -0.659405 -1.40424e-05
    outer loop
      vertex 44.3232 -24.8176 66.4753
      vertex 44.7652 -24.3136 62.9506
      vertex 44.5352 -24.5759 66.5483
    endloop
  endfacet
  facet normal 0.751885 -0.659294 1.39146e-05
    outer loop
      vertex 44.7652 -24.3136 62.9506
      vertex 44.3232 -24.8176 66.4753
      vertex 44.5281 -24.584 62.8689
    endloop
  endfacet
  facet normal 0.751779 -0.659415 0
    outer loop
      vertex 44.5281 -24.584 62.8689
      vertex 44.3232 -24.8176 66.4753
      vertex 44.3232 -24.8176 62.7983
    endloop
  endfacet
  facet normal 0.83205 -0.5547 0
    outer loop
      vertex 44.321 -24.8209 66.4749
      vertex 44.3232 -24.8176 62.7983
      vertex 44.3232 -24.8176 66.4753
    endloop
  endfacet
  facet normal 0.831475 -0.555562 -1.11799e-06
    outer loop
      vertex 44.1426 -25.0879 66.456
      vertex 44.3232 -24.8176 62.7983
      vertex 44.321 -24.8209 66.4749
    endloop
  endfacet
  facet normal 0.832045 -0.554708 9.01833e-05
    outer loop
      vertex 44.3232 -24.8176 62.7983
      vertex 44.1426 -25.0879 66.456
      vertex 44.321 -24.8209 62.7979
    endloop
  endfacet
  facet normal 0.831505 -0.555518 4.71188e-06
    outer loop
      vertex 44.321 -24.8209 62.7979
      vertex 44.1426 -25.0879 66.456
      vertex 44.1485 -25.0791 62.7796
    endloop
  endfacet
  facet normal 0.831515 -0.555502 4.76536e-06
    outer loop
      vertex 43.9508 -25.375 66.4356
      vertex 44.1485 -25.0791 62.7796
      vertex 44.1426 -25.0879 66.456
    endloop
  endfacet
  facet normal 0.831488 -0.555543 0
    outer loop
      vertex 44.1485 -25.0791 62.7796
      vertex 43.9508 -25.375 66.4356
      vertex 43.9508 -25.375 62.7587
    endloop
  endfacet
  facet normal 0.89686 -0.442314 0
    outer loop
      vertex 43.6543 -25.9762 62.8069
      vertex 43.9508 -25.375 66.4356
      vertex 43.6543 -25.9762 66.4839
    endloop
  endfacet
  facet normal 0.89686 -0.442314 0
    outer loop
      vertex 43.9508 -25.375 66.4356
      vertex 43.6543 -25.9762 62.8069
      vertex 43.9508 -25.375 62.7587
    endloop
  endfacet
  facet normal 0.946924 -0.321459 0
    outer loop
      vertex 43.4388 -26.611 62.942
      vertex 43.6543 -25.9762 66.4839
      vertex 43.4388 -26.611 66.619
    endloop
  endfacet
  facet normal 0.946924 -0.321459 0
    outer loop
      vertex 43.6543 -25.9762 66.4839
      vertex 43.4388 -26.611 62.942
      vertex 43.6543 -25.9762 62.8069
    endloop
  endfacet
  facet normal 0.98011 -0.198455 0.000665843
    outer loop
      vertex 43.308 -27.2685 63.1861
      vertex 43.4388 -26.611 66.619
      vertex 43.4373 -26.6184 66.6214
    endloop
  endfacet
  facet normal 0.980068 -0.198662 0
    outer loop
      vertex 43.4388 -26.611 66.619
      vertex 43.4373 -26.6184 62.9445
      vertex 43.4388 -26.611 62.942
    endloop
  endfacet
  facet normal 0.980789 -0.195072 0
    outer loop
      vertex 43.308 -27.2685 63.1861
      vertex 43.4373 -26.6184 66.6214
      vertex 43.308 -27.2685 66.8631
    endloop
  endfacet
  facet normal 0.980788 -0.195074 -7.52029e-06
    outer loop
      vertex 43.4388 -26.611 66.619
      vertex 43.308 -27.2685 63.1861
      vertex 43.4373 -26.6184 62.9445
    endloop
  endfacet
  facet normal 0.997864 -0.065331 0
    outer loop
      vertex 43.2642 -27.9375 63.5099
      vertex 43.308 -27.2685 66.8631
      vertex 43.2642 -27.9375 67.1869
    endloop
  endfacet
  facet normal 0.997864 -0.065331 0
    outer loop
      vertex 43.308 -27.2685 66.8631
      vertex 43.2642 -27.9375 63.5099
      vertex 43.308 -27.2685 63.1861
    endloop
  endfacet
  facet normal 0.997859 0.0653981 -1.17605e-05
    outer loop
      vertex 43.308 -28.6064 63.9076
      vertex 43.2642 -27.9375 67.1869
      vertex 43.3059 -28.5737 67.5651
    endloop
  endfacet
  facet normal 0.997861 0.0653781 0
    outer loop
      vertex 43.2642 -27.9375 67.1869
      vertex 43.3068 -28.5877 63.8964
      vertex 43.2642 -27.9375 63.5099
    endloop
  endfacet
  facet normal 0.997944 0.0640882 -0
    outer loop
      vertex 43.308 -28.6064 63.9076
      vertex 43.3059 -28.5737 67.5651
      vertex 43.308 -28.6064 67.5845
    endloop
  endfacet
  facet normal 0.997938 0.0641811 0.00023754
    outer loop
      vertex 43.2642 -27.9375 67.1869
      vertex 43.308 -28.6064 63.9076
      vertex 43.3068 -28.5877 63.8964
    endloop
  endfacet
  facet normal 0.980804 0.194997 2.46374e-05
    outer loop
      vertex 43.4388 -29.2639 64.3801
      vertex 43.308 -28.6064 67.5845
      vertex 43.3839 -28.9882 67.8544
    endloop
  endfacet
  facet normal 0.980807 0.19498 0
    outer loop
      vertex 43.308 -28.6064 67.5845
      vertex 43.3839 -28.9882 64.1774
      vertex 43.308 -28.6064 63.9076
    endloop
  endfacet
  facet normal 0.980745 0.195295 -0
    outer loop
      vertex 43.4388 -29.2639 64.3801
      vertex 43.3839 -28.9882 67.8544
      vertex 43.4388 -29.2639 68.0571
    endloop
  endfacet
  facet normal 0.980749 0.195271 -3.39447e-05
    outer loop
      vertex 43.308 -28.6064 67.5845
      vertex 43.4388 -29.2639 64.3801
      vertex 43.3839 -28.9882 64.1774
    endloop
  endfacet
  facet normal 0.946869 0.32162 0
    outer loop
      vertex 43.4388 -29.2639 68.0571
      vertex 43.4817 -29.3902 64.4875
      vertex 43.4388 -29.2639 64.3801
    endloop
  endfacet
  facet normal 0.946924 0.321459 -0
    outer loop
      vertex 43.6543 -29.8987 64.92
      vertex 43.4388 -29.2639 68.0571
      vertex 43.6543 -29.8987 68.5969
    endloop
  endfacet
  facet normal 0.946935 0.321425 7.73343e-06
    outer loop
      vertex 43.4388 -29.2639 68.0571
      vertex 43.6543 -29.8987 64.92
      vertex 43.4817 -29.3902 64.4875
    endloop
  endfacet
  facet normal 0.89689 0.442255 -0
    outer loop
      vertex 43.9508 -30.5 65.5071
      vertex 43.6543 -29.8987 68.5969
      vertex 43.9508 -30.5 69.1841
    endloop
  endfacet
  facet normal 0.89689 0.442255 0
    outer loop
      vertex 43.6543 -29.8987 68.5969
      vertex 43.9508 -30.5 65.5071
      vertex 43.6543 -29.8987 64.92
    endloop
  endfacet
  facet normal 0.831499 0.555526 -0
    outer loop
      vertex 44.3232 -31.0574 66.1315
      vertex 43.9508 -30.5 69.1841
      vertex 44.3232 -31.0574 69.8085
    endloop
  endfacet
  facet normal 0.831499 0.555526 0
    outer loop
      vertex 43.9508 -30.5 69.1841
      vertex 44.3232 -31.0574 66.1315
      vertex 43.9508 -30.5 65.5071
    endloop
  endfacet
  facet normal 0.751837 0.659349 -0
    outer loop
      vertex 44.7652 -31.5614 66.7824
      vertex 44.3232 -31.0574 69.8085
      vertex 44.7652 -31.5614 70.4594
    endloop
  endfacet
  facet normal 0.751837 0.659349 0
    outer loop
      vertex 44.3232 -31.0574 69.8085
      vertex 44.7652 -31.5614 66.7824
      vertex 44.3232 -31.0574 66.1315
    endloop
  endfacet
  facet normal 0.659275 0.751902 -0
    outer loop
      vertex 45.2693 -32.0034 67.4488
      vertex 44.7652 -31.5614 70.4594
      vertex 45.2693 -32.0034 71.1258
    endloop
  endfacet
  facet normal 0.659275 0.751902 0
    outer loop
      vertex 44.7652 -31.5614 70.4594
      vertex 45.2693 -32.0034 67.4488
      vertex 44.7652 -31.5614 66.7824
    endloop
  endfacet
  facet normal 0.555629 0.83143 -0
    outer loop
      vertex 45.8267 -32.3759 68.1192
      vertex 45.2693 -32.0034 71.1258
      vertex 45.8267 -32.3759 71.7962
    endloop
  endfacet
  facet normal 0.555629 0.83143 0
    outer loop
      vertex 45.2693 -32.0034 71.1258
      vertex 45.8267 -32.3759 68.1192
      vertex 45.2693 -32.0034 67.4488
    endloop
  endfacet
  facet normal 0.442314 0.89686 -0
    outer loop
      vertex 46.4279 -32.6724 68.7821
      vertex 45.8267 -32.3759 71.7962
      vertex 46.4279 -32.6724 72.4591
    endloop
  endfacet
  facet normal 0.442314 0.89686 0
    outer loop
      vertex 45.8267 -32.3759 71.7962
      vertex 46.4279 -32.6724 68.7821
      vertex 45.8267 -32.3759 68.1192
    endloop
  endfacet
  facet normal 0.321459 0.946924 -0
    outer loop
      vertex 47.0627 -32.8879 69.4263
      vertex 46.4279 -32.6724 72.4591
      vertex 47.0627 -32.8879 73.1032
    endloop
  endfacet
  facet normal 0.321459 0.946924 0
    outer loop
      vertex 46.4279 -32.6724 72.4591
      vertex 47.0627 -32.8879 69.4263
      vertex 46.4279 -32.6724 68.7821
    endloop
  endfacet
  facet normal 0.194969 0.98081 -0
    outer loop
      vertex 47.7202 -33.0186 70.0406
      vertex 47.0627 -32.8879 73.1032
      vertex 47.7202 -33.0186 73.7175
    endloop
  endfacet
  facet normal 0.194969 0.98081 0
    outer loop
      vertex 47.0627 -32.8879 73.1032
      vertex 47.7202 -33.0186 70.0406
      vertex 47.0627 -32.8879 69.4263
    endloop
  endfacet
  facet normal 0.0654795 0.997854 -0
    outer loop
      vertex 48.3892 -33.0625 70.6146
      vertex 47.7202 -33.0186 73.7175
      vertex 48.3892 -33.0625 74.2915
    endloop
  endfacet
  facet normal 0.0654795 0.997854 0
    outer loop
      vertex 47.7202 -33.0186 73.7175
      vertex 48.3892 -33.0625 70.6146
      vertex 47.7202 -33.0186 70.0406
    endloop
  endfacet
  facet normal -0.0651732 0.997874 0
    outer loop
      vertex 48.4581 -33.058 70.6685
      vertex 48.3892 -33.0625 74.2915
      vertex 48.4581 -33.058 74.3455
    endloop
  endfacet
  facet normal -0.0651732 0.997874 0
    outer loop
      vertex 48.3892 -33.0625 74.2915
      vertex 48.4581 -33.058 70.6685
      vertex 48.3892 -33.0625 70.6146
    endloop
  endfacet
  facet normal 0.49999 0.866031 -0
    outer loop
      vertex 51.4936 -34.8105 74.1616
      vertex 48.4581 -33.058 74.3455
      vertex 51.4936 -34.8105 77.8386
    endloop
  endfacet
  facet normal 0.49999 0.866031 0
    outer loop
      vertex 48.4581 -33.058 74.3455
      vertex 51.4936 -34.8105 74.1616
      vertex 48.4581 -33.058 70.6685
    endloop
  endfacet
  facet normal 0.834525 0.550969 -0
    outer loop
      vertex 53.1763 -37.3592 77
      vertex 51.4936 -34.8105 77.8386
      vertex 53.1763 -37.3592 80.677
    endloop
  endfacet
  facet normal 0.834525 0.550969 0
    outer loop
      vertex 51.4936 -34.8105 77.8386
      vertex 53.1763 -37.3592 77
      vertex 51.4936 -34.8105 74.1616
    endloop
  endfacet
  facet normal -0.834523 0.550973 0
    outer loop
      vertex -54.1884 -35.8889 77
      vertex -52.4186 -33.2083 77.7406
      vertex -52.4186 -33.2083 74.0637
    endloop
  endfacet
  facet normal -0.834523 0.550973 0
    outer loop
      vertex -52.4186 -33.2083 77.7406
      vertex -54.1884 -35.8889 77
      vertex -54.1884 -35.8889 80.677
    endloop
  endfacet
  facet normal -0.499973 0.866041 0
    outer loop
      vertex -50.402 -32.0441 75.4141
      vertex -52.4186 -33.2083 74.0637
      vertex -52.4186 -33.2083 77.7406
    endloop
  endfacet
  facet normal -0.499973 0.866041 0
    outer loop
      vertex -52.4186 -33.2083 74.0637
      vertex -50.402 -32.0441 75.4141
      vertex -50.402 -32.0441 71.7371
    endloop
  endfacet
  facet normal 0.0653868 0.99786 0
    outer loop
      vertex -50.1212 -32.0625 75.1875
      vertex -50.402 -32.0441 71.7371
      vertex -50.402 -32.0441 75.4141
    endloop
  endfacet
  facet normal 0.0653868 0.99786 0
    outer loop
      vertex -50.402 -32.0441 71.7371
      vertex -50.1212 -32.0625 75.1875
      vertex -50.1212 -32.0625 71.5105
    endloop
  endfacet
  facet normal -0.0653174 0.997865 0
    outer loop
      vertex -49.7133 -32.0358 74.8295
      vertex -50.1212 -32.0625 71.5105
      vertex -50.1212 -32.0625 75.1875
    endloop
  endfacet
  facet normal -0.0653174 0.997865 0
    outer loop
      vertex -50.1212 -32.0625 71.5105
      vertex -49.7133 -32.0358 74.8295
      vertex -49.7133 -32.0358 71.1525
    endloop
  endfacet
  facet normal -0.195222 0.980759 0
    outer loop
      vertex -49.3124 -31.956 74.4488
      vertex -49.7133 -32.0358 71.1525
      vertex -49.7133 -32.0358 74.8295
    endloop
  endfacet
  facet normal -0.195222 0.980759 0
    outer loop
      vertex -49.7133 -32.0358 71.1525
      vertex -49.3124 -31.956 74.4488
      vertex -49.3124 -31.956 70.7718
    endloop
  endfacet
  facet normal -0.321433 0.946932 0
    outer loop
      vertex -48.9253 -31.8246 74.0518
      vertex -49.3124 -31.956 70.7718
      vertex -49.3124 -31.956 74.4488
    endloop
  endfacet
  facet normal -0.321433 0.946932 0
    outer loop
      vertex -49.3124 -31.956 70.7718
      vertex -48.9253 -31.8246 74.0518
      vertex -48.9253 -31.8246 70.3749
    endloop
  endfacet
  facet normal -0.442314 0.89686 0
    outer loop
      vertex -48.5587 -31.6438 73.6455
      vertex -48.9253 -31.8246 70.3749
      vertex -48.9253 -31.8246 74.0518
    endloop
  endfacet
  facet normal -0.442314 0.89686 0
    outer loop
      vertex -48.9253 -31.8246 70.3749
      vertex -48.5587 -31.6438 73.6455
      vertex -48.5587 -31.6438 69.9686
    endloop
  endfacet
  facet normal -0.555547 0.831485 0
    outer loop
      vertex -48.2188 -31.4167 73.2367
      vertex -48.5587 -31.6438 69.9686
      vertex -48.5587 -31.6438 73.6455
    endloop
  endfacet
  facet normal -0.555547 0.831485 0
    outer loop
      vertex -48.5587 -31.6438 69.9686
      vertex -48.2188 -31.4167 73.2367
      vertex -48.2188 -31.4167 69.5598
    endloop
  endfacet
  facet normal -0.659353 0.751834 0
    outer loop
      vertex -47.9115 -31.1472 72.8325
      vertex -48.2188 -31.4167 69.5598
      vertex -48.2188 -31.4167 73.2367
    endloop
  endfacet
  facet normal -0.659353 0.751834 0
    outer loop
      vertex -48.2188 -31.4167 69.5598
      vertex -47.9115 -31.1472 72.8325
      vertex -47.9115 -31.1472 69.1555
    endloop
  endfacet
  facet normal -0.751834 0.659353 0
    outer loop
      vertex -47.9115 -31.1472 69.1555
      vertex -47.642 -30.8399 72.4397
      vertex -47.642 -30.8399 68.7628
    endloop
  endfacet
  facet normal -0.751834 0.659353 0
    outer loop
      vertex -47.642 -30.8399 72.4397
      vertex -47.9115 -31.1472 69.1555
      vertex -47.9115 -31.1472 72.8325
    endloop
  endfacet
  facet normal -0.831485 0.555547 0
    outer loop
      vertex -47.642 -30.8399 68.7628
      vertex -47.4149 -30.5 72.0652
      vertex -47.4149 -30.5 68.3882
    endloop
  endfacet
  facet normal -0.831485 0.555547 0
    outer loop
      vertex -47.4149 -30.5 72.0652
      vertex -47.642 -30.8399 68.7628
      vertex -47.642 -30.8399 72.4397
    endloop
  endfacet
  facet normal -0.89686 0.442314 0
    outer loop
      vertex -47.4149 -30.5 68.3882
      vertex -47.2341 -30.1334 71.7152
      vertex -47.2341 -30.1334 68.0382
    endloop
  endfacet
  facet normal -0.89686 0.442314 0
    outer loop
      vertex -47.2341 -30.1334 71.7152
      vertex -47.4149 -30.5 68.3882
      vertex -47.4149 -30.5 72.0652
    endloop
  endfacet
  facet normal -0.946932 0.321433 0
    outer loop
      vertex -47.2341 -30.1334 68.0382
      vertex -47.1027 -29.7463 71.3958
      vertex -47.1027 -29.7463 67.7188
    endloop
  endfacet
  facet normal -0.946932 0.321433 0
    outer loop
      vertex -47.1027 -29.7463 71.3958
      vertex -47.2341 -30.1334 68.0382
      vertex -47.2341 -30.1334 71.7152
    endloop
  endfacet
  facet normal -0.980759 0.195222 0
    outer loop
      vertex -47.1027 -29.7463 67.7188
      vertex -47.0229 -29.3454 71.1124
      vertex -47.0229 -29.3454 67.4354
    endloop
  endfacet
  facet normal -0.980759 0.195222 0
    outer loop
      vertex -47.0229 -29.3454 71.1124
      vertex -47.1027 -29.7463 67.7188
      vertex -47.1027 -29.7463 71.3958
    endloop
  endfacet
  facet normal -0.997865 0.0653174 0
    outer loop
      vertex -47.0229 -29.3454 67.4354
      vertex -46.9962 -28.9375 70.8699
      vertex -46.9962 -28.9375 67.193
    endloop
  endfacet
  facet normal -0.997865 0.0653174 0
    outer loop
      vertex -46.9962 -28.9375 70.8699
      vertex -47.0229 -29.3454 67.4354
      vertex -47.0229 -29.3454 71.1124
    endloop
  endfacet
  facet normal -0.997865 -0.0653148 0
    outer loop
      vertex -47.0049 -28.8046 67.1287
      vertex -47.0229 -28.5296 70.6821
      vertex -47.0229 -28.5296 67.0051
    endloop
  endfacet
  facet normal -0.997864 -0.0653226 6.11025e-07
    outer loop
      vertex -46.9962 -28.9375 67.193
      vertex -47.0229 -28.5296 70.6821
      vertex -47.0049 -28.8046 67.1287
    endloop
  endfacet
  facet normal -0.997865 -0.0653149 -2.96431e-07
    outer loop
      vertex -47.0229 -28.5296 70.6821
      vertex -46.9962 -28.9375 67.193
      vertex -47.0049 -28.8046 70.8056
    endloop
  endfacet
  facet normal -0.997864 -0.0653229 0
    outer loop
      vertex -47.0049 -28.8046 70.8056
      vertex -46.9962 -28.9375 67.193
      vertex -46.9962 -28.9375 70.8699
    endloop
  endfacet
  facet normal -0.980759 -0.195222 0
    outer loop
      vertex -47.0229 -28.5296 67.0051
      vertex -47.1027 -28.1287 70.5481
      vertex -47.1027 -28.1287 66.8712
    endloop
  endfacet
  facet normal -0.980759 -0.195222 0
    outer loop
      vertex -47.1027 -28.1287 70.5481
      vertex -47.0229 -28.5296 67.0051
      vertex -47.0229 -28.5296 70.6821
    endloop
  endfacet
  facet normal -0.946932 -0.321433 0
    outer loop
      vertex -47.1027 -28.1287 66.8712
      vertex -47.2341 -27.7416 70.4657
      vertex -47.2341 -27.7416 66.7888
    endloop
  endfacet
  facet normal -0.946932 -0.321433 0
    outer loop
      vertex -47.2341 -27.7416 70.4657
      vertex -47.1027 -28.1287 66.8712
      vertex -47.1027 -28.1287 70.5481
    endloop
  endfacet
  facet normal -0.89686 -0.442314 0
    outer loop
      vertex -47.2341 -27.7416 66.7888
      vertex -47.4149 -27.375 70.4363
      vertex -47.4149 -27.375 66.7594
    endloop
  endfacet
  facet normal -0.89686 -0.442314 0
    outer loop
      vertex -47.4149 -27.375 70.4363
      vertex -47.2341 -27.7416 66.7888
      vertex -47.2341 -27.7416 70.4657
    endloop
  endfacet
  facet normal -0.831485 -0.555547 -0
    outer loop
      vertex -47.4149 -27.375 70.4363
      vertex -47.642 -27.0351 66.7834
      vertex -47.4149 -27.375 66.7594
    endloop
  endfacet
  facet normal -0.831485 -0.555547 0
    outer loop
      vertex -47.642 -27.0351 66.7834
      vertex -47.4149 -27.375 70.4363
      vertex -47.642 -27.0351 70.4604
    endloop
  endfacet
  facet normal -0.751971 -0.659196 2.37481e-05
    outer loop
      vertex -47.642 -27.0351 70.4604
      vertex -47.9115 -26.7278 66.8641
      vertex -47.8504 -26.7975 66.8431
    endloop
  endfacet
  facet normal -0.751975 -0.659192 0
    outer loop
      vertex -47.9115 -26.7278 66.8641
      vertex -47.8504 -26.7975 70.52
      vertex -47.9115 -26.7278 70.5411
    endloop
  endfacet
  facet normal -0.751843 -0.659342 6.78262e-06
    outer loop
      vertex -47.642 -27.0351 70.4604
      vertex -47.8504 -26.7975 66.8431
      vertex -47.6886 -26.982 66.7968
    endloop
  endfacet
  facet normal -0.751784 -0.65941 -7.3537e-06
    outer loop
      vertex -47.9115 -26.7278 66.8641
      vertex -47.6805 -26.9912 70.4714
      vertex -47.8504 -26.7975 70.52
    endloop
  endfacet
  facet normal -0.751611 -0.659606 -0
    outer loop
      vertex -47.642 -27.0351 70.4604
      vertex -47.6886 -26.982 66.7968
      vertex -47.642 -27.0351 66.7834
    endloop
  endfacet
  facet normal -0.751834 -0.659353 6.47025e-16
    outer loop
      vertex -47.9115 -26.7278 66.8641
      vertex -47.642 -27.0351 70.4604
      vertex -47.6805 -26.9912 70.4714
    endloop
  endfacet
  facet normal -0.659301 -0.751879 0
    outer loop
      vertex -48.2188 -26.4583 67.0082
      vertex -48.0385 -26.6164 70.6006
      vertex -48.2188 -26.4583 70.6851
    endloop
  endfacet
  facet normal -0.659423 -0.751772 1.08187e-05
    outer loop
      vertex -48.0385 -26.6164 70.6006
      vertex -48.2188 -26.4583 67.0082
      vertex -47.9115 -26.7278 70.5411
    endloop
  endfacet
  facet normal -0.659265 -0.751911 -1.35684e-05
    outer loop
      vertex -48.0289 -26.6248 66.9192
      vertex -47.9115 -26.7278 70.5411
      vertex -48.2188 -26.4583 67.0082
    endloop
  endfacet
  facet normal -0.659501 -0.751703 -0
    outer loop
      vertex -47.9115 -26.7278 70.5411
      vertex -48.0289 -26.6248 66.9192
      vertex -47.9115 -26.7278 66.8641
    endloop
  endfacet
  facet normal -0.555547 -0.831485 0
    outer loop
      vertex -48.5587 -26.2312 67.2009
      vertex -48.2188 -26.4583 70.6851
      vertex -48.5587 -26.2312 70.8778
    endloop
  endfacet
  facet normal -0.555547 -0.831485 -0
    outer loop
      vertex -48.2188 -26.4583 70.6851
      vertex -48.5587 -26.2312 67.2009
      vertex -48.2188 -26.4583 67.0082
    endloop
  endfacet
  facet normal -0.442314 -0.89686 0
    outer loop
      vertex -48.9253 -26.0504 67.439
      vertex -48.5587 -26.2312 70.8778
      vertex -48.9253 -26.0504 71.116
    endloop
  endfacet
  facet normal -0.442314 -0.89686 -0
    outer loop
      vertex -48.5587 -26.2312 70.8778
      vertex -48.9253 -26.0504 67.439
      vertex -48.5587 -26.2312 67.2009
    endloop
  endfacet
  facet normal -0.321433 -0.946932 0
    outer loop
      vertex -49.3124 -25.919 67.7185
      vertex -48.9253 -26.0504 71.116
      vertex -49.3124 -25.919 71.3955
    endloop
  endfacet
  facet normal -0.321433 -0.946932 -0
    outer loop
      vertex -48.9253 -26.0504 71.116
      vertex -49.3124 -25.919 67.7185
      vertex -48.9253 -26.0504 67.439
    endloop
  endfacet
  facet normal -0.195222 -0.980759 0
    outer loop
      vertex -49.7133 -25.8392 68.0346
      vertex -49.3124 -25.919 71.3955
      vertex -49.7133 -25.8392 71.7115
    endloop
  endfacet
  facet normal -0.195222 -0.980759 -0
    outer loop
      vertex -49.3124 -25.919 71.3955
      vertex -49.7133 -25.8392 68.0346
      vertex -49.3124 -25.919 67.7185
    endloop
  endfacet
  facet normal -0.0653174 -0.997865 0
    outer loop
      vertex -50.1212 -25.8125 68.3818
      vertex -49.7133 -25.8392 71.7115
      vertex -50.1212 -25.8125 72.0587
    endloop
  endfacet
  facet normal -0.0653174 -0.997865 -0
    outer loop
      vertex -49.7133 -25.8392 71.7115
      vertex -50.1212 -25.8125 68.3818
      vertex -49.7133 -25.8392 68.0346
    endloop
  endfacet
  facet normal 0.0653174 -0.997865 0
    outer loop
      vertex -50.5291 -25.8392 68.7542
      vertex -50.1212 -25.8125 72.0587
      vertex -50.5291 -25.8392 72.4311
    endloop
  endfacet
  facet normal 0.0653174 -0.997865 0
    outer loop
      vertex -50.1212 -25.8125 72.0587
      vertex -50.5291 -25.8392 68.7542
      vertex -50.1212 -25.8125 68.3818
    endloop
  endfacet
  facet normal 0.195552 -0.980693 0
    outer loop
      vertex -50.93 -25.919 69.1465
      vertex -50.8297 -25.899 72.7245
      vertex -50.93 -25.919 72.8234
    endloop
  endfacet
  facet normal 0.195124 -0.980779 1.24797e-05
    outer loop
      vertex -50.93 -25.919 69.1465
      vertex -50.5291 -25.8392 72.4311
      vertex -50.8297 -25.899 72.7245
    endloop
  endfacet
  facet normal 0.195517 -0.9807 -3.7354e-05
    outer loop
      vertex -50.8297 -25.899 69.0475
      vertex -50.5291 -25.8392 72.4311
      vertex -50.93 -25.919 69.1465
    endloop
  endfacet
  facet normal 0.195112 -0.980781 0
    outer loop
      vertex -50.5291 -25.8392 72.4311
      vertex -50.8297 -25.899 69.0475
      vertex -50.5291 -25.8392 68.7542
    endloop
  endfacet
  facet normal 0.321433 -0.946932 0
    outer loop
      vertex -51.3171 -26.0504 69.5522
      vertex -50.93 -25.919 72.8234
      vertex -51.3171 -26.0504 73.2291
    endloop
  endfacet
  facet normal 0.321433 -0.946932 0
    outer loop
      vertex -50.93 -25.919 72.8234
      vertex -51.3171 -26.0504 69.5522
      vertex -50.93 -25.919 69.1465
    endloop
  endfacet
  facet normal 0.442314 -0.89686 0
    outer loop
      vertex -51.6837 -26.2312 69.961
      vertex -51.3171 -26.0504 73.2291
      vertex -51.6837 -26.2312 73.638
    endloop
  endfacet
  facet normal 0.442314 -0.89686 0
    outer loop
      vertex -51.3171 -26.0504 73.2291
      vertex -51.6837 -26.2312 69.961
      vertex -51.3171 -26.0504 69.5522
    endloop
  endfacet
  facet normal 0.555547 -0.831485 0
    outer loop
      vertex -52.0236 -26.4583 70.366
      vertex -51.6837 -26.2312 73.638
      vertex -52.0236 -26.4583 74.043
    endloop
  endfacet
  facet normal 0.555547 -0.831485 0
    outer loop
      vertex -51.6837 -26.2312 73.638
      vertex -52.0236 -26.4583 70.366
      vertex -51.6837 -26.2312 69.961
    endloop
  endfacet
  facet normal 0.659301 -0.75188 0
    outer loop
      vertex -52.3309 -26.7278 70.7625
      vertex -52.1571 -26.5754 74.2143
      vertex -52.3309 -26.7278 74.4394
    endloop
  endfacet
  facet normal 0.659414 -0.75178 -1.00833e-05
    outer loop
      vertex -52.3309 -26.7278 70.7625
      vertex -52.0236 -26.4583 74.043
      vertex -52.1571 -26.5754 74.2143
    endloop
  endfacet
  facet normal 0.659306 -0.751875 7.73801e-06
    outer loop
      vertex -52.1571 -26.5754 70.5373
      vertex -52.0236 -26.4583 74.043
      vertex -52.3309 -26.7278 70.7625
    endloop
  endfacet
  facet normal 0.659421 -0.751774 0
    outer loop
      vertex -52.0236 -26.4583 74.043
      vertex -52.1571 -26.5754 70.5373
      vertex -52.0236 -26.4583 70.366
    endloop
  endfacet
  facet normal 0.751834 -0.659353 0
    outer loop
      vertex -52.6004 -27.0351 71.1451
      vertex -52.3309 -26.7278 74.4394
      vertex -52.6004 -27.0351 74.8221
    endloop
  endfacet
  facet normal 0.751834 -0.659353 0
    outer loop
      vertex -52.3309 -26.7278 74.4394
      vertex -52.6004 -27.0351 71.1451
      vertex -52.3309 -26.7278 70.7625
    endloop
  endfacet
  facet normal 0.831485 -0.555547 0
    outer loop
      vertex -52.8275 -27.375 71.5057
      vertex -52.6004 -27.0351 74.8221
      vertex -52.8275 -27.375 75.1826
    endloop
  endfacet
  facet normal 0.831485 -0.555547 0
    outer loop
      vertex -52.6004 -27.0351 74.8221
      vertex -52.8275 -27.375 71.5057
      vertex -52.6004 -27.0351 71.1451
    endloop
  endfacet
  facet normal 0.89683 -0.442375 0
    outer loop
      vertex -52.952 -27.6274 71.7345
      vertex -52.8275 -27.375 75.1826
      vertex -52.952 -27.6274 75.4114
    endloop
  endfacet
  facet normal 0.89683 -0.442375 0
    outer loop
      vertex -52.8275 -27.375 75.1826
      vertex -52.952 -27.6274 71.7345
      vertex -52.8275 -27.375 71.5057
    endloop
  endfacet
  facet normal 0.499973 -0.866041 0
    outer loop
      vertex -54.9686 -28.7916 74.0622
      vertex -52.952 -27.6274 75.4114
      vertex -54.9686 -28.7916 77.7392
    endloop
  endfacet
  facet normal 0.499973 -0.866041 0
    outer loop
      vertex -52.952 -27.6274 75.4114
      vertex -54.9686 -28.7916 74.0622
      vertex -52.952 -27.6274 71.7345
    endloop
  endfacet
  facet normal 0.0599018 -0.998204 0
    outer loop
      vertex -58.1703 -28.9838 77
      vertex -56.7122 -28.8963 79.3265
      vertex -58.1703 -28.9838 80.677
    endloop
  endfacet
  facet normal 0.0599263 -0.998203 -1.53657e-05
    outer loop
      vertex -58.1703 -28.9838 77
      vertex -54.9686 -28.7916 77.7392
      vertex -56.7122 -28.8963 79.3265
    endloop
  endfacet
  facet normal 0.0599186 -0.998203 1.81238e-05
    outer loop
      vertex -56.7122 -28.8963 75.6496
      vertex -54.9686 -28.7916 77.7392
      vertex -58.1703 -28.9838 77
    endloop
  endfacet
  facet normal 0.0599402 -0.998202 0
    outer loop
      vertex -54.9686 -28.7916 77.7392
      vertex -56.7122 -28.8963 75.6496
      vertex -54.9686 -28.7916 74.0622
    endloop
  endfacet
  facet normal -0.894426 -0.447216 0
    outer loop
      vertex 4.8084 -64.8168 77
      vertex 3.39999 -62 77.7816
      vertex 3.39999 -62 74.1046
    endloop
  endfacet
  facet normal -0.894426 -0.447216 0
    outer loop
      vertex 3.39999 -62 77.7816
      vertex 4.8084 -64.8168 77
      vertex 4.8084 -64.8168 80.677
    endloop
  endfacet
  facet normal -1 0 0
    outer loop
      vertex 3.39999 -62 74.1046
      vertex 3.39999 -59.1954 74.9813
      vertex 3.39999 -59.1954 71.3044
    endloop
  endfacet
  facet normal -1 -0 0
    outer loop
      vertex 3.39999 -59.1954 74.9813
      vertex 3.39999 -62 74.1046
      vertex 3.39999 -62 77.7816
    endloop
  endfacet
  facet normal -0.83143 0.55563 0
    outer loop
      vertex 3.39999 -59.1954 71.3044
      vertex 3.57234 -58.9375 74.7339
      vertex 3.57234 -58.9375 71.057
    endloop
  endfacet
  facet normal -0.83143 0.55563 0
    outer loop
      vertex 3.57234 -58.9375 74.7339
      vertex 3.39999 -59.1954 71.3044
      vertex 3.39999 -59.1954 74.9813
    endloop
  endfacet
  facet normal -0.89686 0.442314 0
    outer loop
      vertex 3.57234 -58.9375 71.057
      vertex 3.81099 -58.4536 74.2648
      vertex 3.81099 -58.4536 70.5878
    endloop
  endfacet
  facet normal -0.89686 0.442314 0
    outer loop
      vertex 3.81099 -58.4536 74.2648
      vertex 3.57234 -58.9375 71.057
      vertex 3.57234 -58.9375 74.7339
    endloop
  endfacet
  facet normal -0.946936 0.321421 0
    outer loop
      vertex 3.81099 -58.4536 70.5878
      vertex 3.98444 -57.9426 73.7649
      vertex 3.98444 -57.9426 70.0879
    endloop
  endfacet
  facet normal -0.946936 0.321421 0
    outer loop
      vertex 3.98444 -57.9426 73.7649
      vertex 3.81099 -58.4536 70.5878
      vertex 3.81099 -58.4536 74.2648
    endloop
  endfacet
  facet normal -0.980783 0.1951 0
    outer loop
      vertex 3.98444 -57.9426 70.0879
      vertex 4.08971 -57.4134 73.2426
      vertex 4.08971 -57.4134 69.5657
    endloop
  endfacet
  facet normal -0.980783 0.1951 0
    outer loop
      vertex 4.08971 -57.4134 73.2426
      vertex 3.98444 -57.9426 70.0879
      vertex 3.98444 -57.9426 73.7649
    endloop
  endfacet
  facet normal -0.997859 0.0654057 0
    outer loop
      vertex 4.08971 -57.4134 69.5657
      vertex 4.125 -56.875 72.7071
      vertex 4.125 -56.875 69.0302
    endloop
  endfacet
  facet normal -0.997859 0.0654057 0
    outer loop
      vertex 4.125 -56.875 72.7071
      vertex 4.08971 -57.4134 69.5657
      vertex 4.08971 -57.4134 73.2426
    endloop
  endfacet
  facet normal -0.997859 -0.0654057 0
    outer loop
      vertex 4.125 -56.875 69.0302
      vertex 4.08971 -56.3366 72.1675
      vertex 4.08971 -56.3366 68.4905
    endloop
  endfacet
  facet normal -0.997859 -0.0654057 0
    outer loop
      vertex 4.08971 -56.3366 72.1675
      vertex 4.125 -56.875 69.0302
      vertex 4.125 -56.875 72.7071
    endloop
  endfacet
  facet normal -0.980783 -0.1951 0
    outer loop
      vertex 4.08971 -56.3366 68.4905
      vertex 3.98444 -55.8074 71.6329
      vertex 3.98444 -55.8074 67.9559
    endloop
  endfacet
  facet normal -0.980783 -0.1951 0
    outer loop
      vertex 3.98444 -55.8074 71.6329
      vertex 4.08971 -56.3366 68.4905
      vertex 4.08971 -56.3366 72.1675
    endloop
  endfacet
  facet normal -0.946936 -0.321421 0
    outer loop
      vertex 3.98444 -55.8074 67.9559
      vertex 3.81099 -55.2964 71.1125
      vertex 3.81099 -55.2964 67.4356
    endloop
  endfacet
  facet normal -0.946936 -0.321421 0
    outer loop
      vertex 3.81099 -55.2964 71.1125
      vertex 3.98444 -55.8074 67.9559
      vertex 3.98444 -55.8074 71.6329
    endloop
  endfacet
  facet normal -0.89686 -0.442314 0
    outer loop
      vertex 3.81099 -55.2964 67.4356
      vertex 3.57234 -54.8125 70.6153
      vertex 3.57234 -54.8125 66.9383
    endloop
  endfacet
  facet normal -0.89686 -0.442314 0
    outer loop
      vertex 3.57234 -54.8125 70.6153
      vertex 3.81099 -55.2964 67.4356
      vertex 3.81099 -55.2964 71.1125
    endloop
  endfacet
  facet normal -0.831505 -0.555517 0
    outer loop
      vertex 3.57234 -54.8125 66.9383
      vertex 3.27257 -54.3638 70.1497
      vertex 3.27257 -54.3638 66.4727
    endloop
  endfacet
  facet normal -0.831505 -0.555517 0
    outer loop
      vertex 3.27257 -54.3638 70.1497
      vertex 3.57234 -54.8125 66.9383
      vertex 3.57234 -54.8125 70.6153
    endloop
  endfacet
  facet normal -0.751786 -0.659407 0
    outer loop
      vertex 3.27257 -54.3638 66.4727
      vertex 2.91681 -53.9582 69.7237
      vertex 2.91681 -53.9582 66.0467
    endloop
  endfacet
  facet normal -0.751786 -0.659407 0
    outer loop
      vertex 2.91681 -53.9582 69.7237
      vertex 3.27257 -54.3638 66.4727
      vertex 3.27257 -54.3638 70.1497
    endloop
  endfacet
  facet normal -0.659385 -0.751806 0
    outer loop
      vertex 2.51114 -53.6024 69.3446
      vertex 2.91681 -53.9582 66.0467
      vertex 2.91681 -53.9582 69.7237
    endloop
  endfacet
  facet normal -0.659385 -0.751806 0
    outer loop
      vertex 2.91681 -53.9582 66.0467
      vertex 2.51114 -53.6024 69.3446
      vertex 2.51114 -53.6024 65.6676
    endloop
  endfacet
  facet normal -0.555653 -0.831414 -8.82843e-06
    outer loop
      vertex 2.51114 -53.6024 65.6676
      vertex 2.37552 -53.5118 69.2461
      vertex 2.09512 -53.3244 69.0425
    endloop
  endfacet
  facet normal -0.555492 -0.831522 0
    outer loop
      vertex 2.37552 -53.5118 69.2461
      vertex 2.51114 -53.6024 65.6676
      vertex 2.51114 -53.6024 69.3446
    endloop
  endfacet
  facet normal -0.555638 -0.831424 -6.09948e-06
    outer loop
      vertex 2.0625 -53.3026 69.0201
      vertex 2.51114 -53.6024 65.6676
      vertex 2.09512 -53.3244 69.0425
    endloop
  endfacet
  facet normal -0.55535 -0.831617 4.96366e-05
    outer loop
      vertex 2.0625 -53.3026 69.0201
      vertex 2.36378 -53.504 65.5606
      vertex 2.51114 -53.6024 65.6676
    endloop
  endfacet
  facet normal -0.555756 -0.831346 -1.48404e-06
    outer loop
      vertex 2.0625 -53.3026 69.0201
      vertex 2.09512 -53.3244 65.3656
      vertex 2.36378 -53.504 65.5606
    endloop
  endfacet
  facet normal -0.555641 -0.831422 0
    outer loop
      vertex 2.09512 -53.3244 65.3656
      vertex 2.0625 -53.3026 69.0201
      vertex 2.0625 -53.3026 65.3431
    endloop
  endfacet
  facet normal -0.442323 -0.896856 -1.85746e-05
    outer loop
      vertex 2.0625 -53.3026 65.3431
      vertex 1.81032 -53.1783 68.8908
      vertex 1.57857 -53.064 68.7719
    endloop
  endfacet
  facet normal -0.442113 -0.896959 0
    outer loop
      vertex 1.81032 -53.1783 68.8908
      vertex 2.0625 -53.3026 65.3431
      vertex 2.0625 -53.3026 69.0201
    endloop
  endfacet
  facet normal -0.442152 -0.89694 1.15168e-05
    outer loop
      vertex 1.57857 -53.064 68.7719
      vertex 1.82211 -53.1841 65.2199
      vertex 2.0625 -53.3026 65.3431
    endloop
  endfacet
  facet normal -0.442287 -0.896874 0
    outer loop
      vertex 1.82211 -53.1841 65.2199
      vertex 1.57857 -53.064 68.7719
      vertex 1.57857 -53.064 65.095
    endloop
  endfacet
  facet normal -0.321538 -0.946897 0
    outer loop
      vertex 1.06763 -52.8905 68.5885
      vertex 1.57857 -53.064 65.095
      vertex 1.57857 -53.064 68.7719
    endloop
  endfacet
  facet normal -0.321538 -0.946897 0
    outer loop
      vertex 1.57857 -53.064 65.095
      vertex 1.06763 -52.8905 68.5885
      vertex 1.06763 -52.8905 64.9115
    endloop
  endfacet
  facet normal -0.194967 -0.98081 0
    outer loop
      vertex 0.538406 -52.7853 68.4728
      vertex 1.06763 -52.8905 64.9115
      vertex 1.06763 -52.8905 68.5885
    endloop
  endfacet
  facet normal -0.194967 -0.98081 0
    outer loop
      vertex 1.06763 -52.8905 64.9115
      vertex 0.538406 -52.7853 68.4728
      vertex 0.538406 -52.7853 64.7959
    endloop
  endfacet
  facet normal -0.0654234 -0.997858 0
    outer loop
      vertex 0 -52.75 68.427
      vertex 0.538406 -52.7853 64.7959
      vertex 0.538406 -52.7853 68.4728
    endloop
  endfacet
  facet normal -0.0654234 -0.997858 0
    outer loop
      vertex 0.538406 -52.7853 64.7959
      vertex 0 -52.75 68.427
      vertex 0 -52.75 64.75
    endloop
  endfacet
  facet normal 0.0654234 -0.997858 0
    outer loop
      vertex -0.538406 -52.7853 64.7959
      vertex 0 -52.75 68.427
      vertex -0.538406 -52.7853 68.4728
    endloop
  endfacet
  facet normal 0.0654234 -0.997858 0
    outer loop
      vertex 0 -52.75 68.427
      vertex -0.538406 -52.7853 64.7959
      vertex 0 -52.75 64.75
    endloop
  endfacet
  facet normal 0.194967 -0.98081 0
    outer loop
      vertex -1.06763 -52.8905 64.9115
      vertex -0.538406 -52.7853 68.4728
      vertex -1.06763 -52.8905 68.5885
    endloop
  endfacet
  facet normal 0.194967 -0.98081 0
    outer loop
      vertex -0.538406 -52.7853 68.4728
      vertex -1.06763 -52.8905 64.9115
      vertex -0.538406 -52.7853 64.7959
    endloop
  endfacet
  facet normal 0.321538 -0.946897 0
    outer loop
      vertex -1.57857 -53.064 65.095
      vertex -1.06763 -52.8905 68.5885
      vertex -1.57857 -53.064 68.7719
    endloop
  endfacet
  facet normal 0.321538 -0.946897 0
    outer loop
      vertex -1.06763 -52.8905 68.5885
      vertex -1.57857 -53.064 65.095
      vertex -1.06763 -52.8905 64.9115
    endloop
  endfacet
  facet normal 0.442113 -0.896959 0
    outer loop
      vertex -2.0625 -53.3026 65.3431
      vertex -1.81032 -53.1783 68.8908
      vertex -2.0625 -53.3026 69.0201
    endloop
  endfacet
  facet normal 0.442323 -0.896856 -1.85746e-05
    outer loop
      vertex -1.81032 -53.1783 68.8908
      vertex -2.0625 -53.3026 65.3431
      vertex -1.57857 -53.064 68.7719
    endloop
  endfacet
  facet normal 0.442152 -0.89694 1.15168e-05
    outer loop
      vertex -1.82211 -53.1841 65.2199
      vertex -1.57857 -53.064 68.7719
      vertex -2.0625 -53.3026 65.3431
    endloop
  endfacet
  facet normal 0.442287 -0.896874 0
    outer loop
      vertex -1.57857 -53.064 68.7719
      vertex -1.82211 -53.1841 65.2199
      vertex -1.57857 -53.064 65.095
    endloop
  endfacet
  facet normal 0.555492 -0.831522 0
    outer loop
      vertex -2.51114 -53.6024 65.6676
      vertex -2.37552 -53.5118 69.2461
      vertex -2.51114 -53.6024 69.3446
    endloop
  endfacet
  facet normal 0.555653 -0.831414 -8.82843e-06
    outer loop
      vertex -2.37552 -53.5118 69.2461
      vertex -2.51114 -53.6024 65.6676
      vertex -2.09512 -53.3244 69.0425
    endloop
  endfacet
  facet normal 0.555638 -0.831424 -6.09948e-06
    outer loop
      vertex -2.51114 -53.6024 65.6676
      vertex -2.0625 -53.3026 69.0201
      vertex -2.09512 -53.3244 69.0425
    endloop
  endfacet
  facet normal 0.55535 -0.831617 4.96366e-05
    outer loop
      vertex -2.36378 -53.504 65.5606
      vertex -2.0625 -53.3026 69.0201
      vertex -2.51114 -53.6024 65.6676
    endloop
  endfacet
  facet normal 0.555756 -0.831346 -1.48404e-06
    outer loop
      vertex -2.09512 -53.3244 65.3656
      vertex -2.0625 -53.3026 69.0201
      vertex -2.36378 -53.504 65.5606
    endloop
  endfacet
  facet normal 0.555641 -0.831422 0
    outer loop
      vertex -2.0625 -53.3026 69.0201
      vertex -2.09512 -53.3244 65.3656
      vertex -2.0625 -53.3026 65.3431
    endloop
  endfacet
  facet normal 0.659385 -0.751806 0
    outer loop
      vertex -2.91681 -53.9582 66.0467
      vertex -2.51114 -53.6024 69.3446
      vertex -2.91681 -53.9582 69.7237
    endloop
  endfacet
  facet normal 0.659385 -0.751806 0
    outer loop
      vertex -2.51114 -53.6024 69.3446
      vertex -2.91681 -53.9582 66.0467
      vertex -2.51114 -53.6024 65.6676
    endloop
  endfacet
  facet normal 0.751786 -0.659407 0
    outer loop
      vertex -3.27257 -54.3638 66.4727
      vertex -2.91681 -53.9582 69.7237
      vertex -3.27257 -54.3638 70.1497
    endloop
  endfacet
  facet normal 0.751786 -0.659407 0
    outer loop
      vertex -2.91681 -53.9582 69.7237
      vertex -3.27257 -54.3638 66.4727
      vertex -2.91681 -53.9582 66.0467
    endloop
  endfacet
  facet normal 0.831505 -0.555517 0
    outer loop
      vertex -3.57234 -54.8125 66.9383
      vertex -3.27257 -54.3638 70.1497
      vertex -3.57234 -54.8125 70.6153
    endloop
  endfacet
  facet normal 0.831505 -0.555517 0
    outer loop
      vertex -3.27257 -54.3638 70.1497
      vertex -3.57234 -54.8125 66.9383
      vertex -3.27257 -54.3638 66.4727
    endloop
  endfacet
  facet normal 0.89686 -0.442314 0
    outer loop
      vertex -3.81099 -55.2964 67.4356
      vertex -3.57234 -54.8125 70.6153
      vertex -3.81099 -55.2964 71.1125
    endloop
  endfacet
  facet normal 0.89686 -0.442314 0
    outer loop
      vertex -3.57234 -54.8125 70.6153
      vertex -3.81099 -55.2964 67.4356
      vertex -3.57234 -54.8125 66.9383
    endloop
  endfacet
  facet normal 0.946936 -0.321421 0
    outer loop
      vertex -3.98444 -55.8074 67.9559
      vertex -3.81099 -55.2964 71.1125
      vertex -3.98444 -55.8074 71.6329
    endloop
  endfacet
  facet normal 0.946936 -0.321421 0
    outer loop
      vertex -3.81099 -55.2964 71.1125
      vertex -3.98444 -55.8074 67.9559
      vertex -3.81099 -55.2964 67.4356
    endloop
  endfacet
  facet normal 0.980783 -0.1951 0
    outer loop
      vertex -4.08971 -56.3366 68.4905
      vertex -3.98444 -55.8074 71.6329
      vertex -4.08971 -56.3366 72.1675
    endloop
  endfacet
  facet normal 0.980783 -0.1951 0
    outer loop
      vertex -3.98444 -55.8074 71.6329
      vertex -4.08971 -56.3366 68.4905
      vertex -3.98444 -55.8074 67.9559
    endloop
  endfacet
  facet normal 0.997859 -0.0654057 0
    outer loop
      vertex -4.125 -56.875 69.0302
      vertex -4.08971 -56.3366 72.1675
      vertex -4.125 -56.875 72.7071
    endloop
  endfacet
  facet normal 0.997859 -0.0654057 0
    outer loop
      vertex -4.08971 -56.3366 72.1675
      vertex -4.125 -56.875 69.0302
      vertex -4.08971 -56.3366 68.4905
    endloop
  endfacet
  facet normal 0.997859 0.0654057 -0
    outer loop
      vertex -4.08971 -57.4134 69.5657
      vertex -4.125 -56.875 72.7071
      vertex -4.08971 -57.4134 73.2426
    endloop
  endfacet
  facet normal 0.997859 0.0654057 0
    outer loop
      vertex -4.125 -56.875 72.7071
      vertex -4.08971 -57.4134 69.5657
      vertex -4.125 -56.875 69.0302
    endloop
  endfacet
  facet normal 0.980783 0.1951 -0
    outer loop
      vertex -3.98444 -57.9426 70.0879
      vertex -4.08971 -57.4134 73.2426
      vertex -3.98444 -57.9426 73.7649
    endloop
  endfacet
  facet normal 0.980783 0.1951 0
    outer loop
      vertex -4.08971 -57.4134 73.2426
      vertex -3.98444 -57.9426 70.0879
      vertex -4.08971 -57.4134 69.5657
    endloop
  endfacet
  facet normal 0.946936 0.321421 -0
    outer loop
      vertex -3.81099 -58.4536 70.5878
      vertex -3.98444 -57.9426 73.7649
      vertex -3.81099 -58.4536 74.2648
    endloop
  endfacet
  facet normal 0.946936 0.321421 0
    outer loop
      vertex -3.98444 -57.9426 73.7649
      vertex -3.81099 -58.4536 70.5878
      vertex -3.98444 -57.9426 70.0879
    endloop
  endfacet
  facet normal 0.89686 0.442314 -0
    outer loop
      vertex -3.57234 -58.9375 71.057
      vertex -3.81099 -58.4536 74.2648
      vertex -3.57234 -58.9375 74.7339
    endloop
  endfacet
  facet normal 0.89686 0.442314 0
    outer loop
      vertex -3.81099 -58.4536 74.2648
      vertex -3.57234 -58.9375 71.057
      vertex -3.81099 -58.4536 70.5878
    endloop
  endfacet
  facet normal 0.83143 0.55563 -0
    outer loop
      vertex -3.39999 -59.1954 71.3044
      vertex -3.57234 -58.9375 74.7339
      vertex -3.39999 -59.1954 74.9813
    endloop
  endfacet
  facet normal 0.83143 0.55563 0
    outer loop
      vertex -3.57234 -58.9375 74.7339
      vertex -3.39999 -59.1954 71.3044
      vertex -3.57234 -58.9375 71.057
    endloop
  endfacet
  facet normal 1 0 0
    outer loop
      vertex -3.39999 -62 74.1046
      vertex -3.39999 -59.1954 74.9813
      vertex -3.39999 -62 77.7816
    endloop
  endfacet
  facet normal 1 0 0
    outer loop
      vertex -3.39999 -59.1954 74.9813
      vertex -3.39999 -62 74.1046
      vertex -3.39999 -59.1954 71.3044
    endloop
  endfacet
  facet normal 0.894426 -0.447216 0
    outer loop
      vertex -4.8084 -64.8168 77
      vertex -3.39999 -62 77.7816
      vertex -4.8084 -64.8168 80.677
    endloop
  endfacet
  facet normal 0.894426 -0.447216 0
    outer loop
      vertex -3.39999 -62 77.7816
      vertex -4.8084 -64.8168 77
      vertex -3.39999 -62 74.1046
    endloop
  endfacet
endsolid OpenSCAD_Model
