solid OpenSCAD_Model
  facet normal 0.0225293 -0.706927 0.706927
    outer loop
      vertex -0.0403595 -18.4422 3
      vertex 0.116531 -17.4372 4
      vertex -0.0403595 -17.4422 4
    endloop
  endfacet
  facet normal 0.0225293 -0.706927 0.706927
    outer loop
      vertex 0.116531 -17.4372 4
      vertex -0.0403595 -18.4422 3
      vertex 0.116531 -18.4372 3
    endloop
  endfacet
  facet normal 0.466561 -0.532323 0.706366
    outer loop
      vertex 1.52661 -17.8266 3
      vertex 0.819504 -17.1194 4
      vertex 1.42826 -17.9128 3
    endloop
  endfacet
  facet normal -0.046539 -0.706341 0.706341
    outer loop
      vertex -0.0403595 -17.4422 4
      vertex -0.170885 -18.4336 3
      vertex -0.0403595 -18.4422 3
    endloop
  endfacet
  facet normal 0.730498 -0.682915 0
    outer loop
      vertex 1.58369 -17.7695 3
      vertex 2.69496 -16.5808 1
      vertex 2.69496 -16.5808 3
    endloop
  endfacet
  facet normal 0.730498 -0.682915 0
    outer loop
      vertex 2.69496 -16.5808 1
      vertex 1.58369 -17.7695 3
      vertex 1.58369 -17.7695 1
    endloop
  endfacet
  facet normal -0.065745 -0.997836 0
    outer loop
      vertex -0.170885 -18.4336 1
      vertex -0.0403595 -18.4422 3
      vertex -0.170885 -18.4336 3
    endloop
  endfacet
  facet normal -0.065745 -0.997836 -0
    outer loop
      vertex -0.0403595 -18.4422 3
      vertex -0.170885 -18.4336 1
      vertex -0.0403595 -18.4422 1
    endloop
  endfacet
  facet normal 0.500089 -0.499914 0.707104
    outer loop
      vertex 0.876587 -17.0624 4
      vertex 1.52661 -17.8266 3
      vertex 1.58369 -17.7695 3
    endloop
  endfacet
  facet normal 0.49962 -0.500347 0.70713
    outer loop
      vertex 1.52661 -17.8266 3
      vertex 0.876587 -17.0624 4
      vertex 0.819504 -17.1194 4
    endloop
  endfacet
  facet normal -0.228071 -0.973645 0
    outer loop
      vertex -0.608214 -18.3568 1
      vertex -0.455382 -18.3926 3
      vertex -0.608214 -18.3568 3
    endloop
  endfacet
  facet normal -0.228071 -0.973645 -0
    outer loop
      vertex -0.455382 -18.3926 3
      vertex -0.608214 -18.3568 1
      vertex -0.455382 -18.3926 1
    endloop
  endfacet
  facet normal 0.373081 -0.600899 0.706917
    outer loop
      vertex 0.564713 -17.3017 4
      vertex 1.19807 -18.0849 3
      vertex 0.698074 -17.2189 4
    endloop
  endfacet
  facet normal 0.373083 -0.600897 0.706917
    outer loop
      vertex 1.19807 -18.0849 3
      vertex 0.564713 -17.3017 4
      vertex 1.06471 -18.1677 3
    endloop
  endfacet
  facet normal -0.393001 -0.588743 -0.706351
    outer loop
      vertex -1.13461 -18.1273 1
      vertex -1.24337 -18.0547 1
      vertex -0.634613 -17.2613 0
    endloop
  endfacet
  facet normal -0.466604 -0.532319 0.706341
    outer loop
      vertex -0.762115 -17.1698 4
      vertex -1.46922 -17.8769 3
      vertex -1.37088 -17.9631 3
    endloop
  endfacet
  facet normal -0.483941 -0.515808 0.706925
    outer loop
      vertex -0.876587 -17.0624 4
      vertex -1.46922 -17.8769 3
      vertex -0.762115 -17.1698 4
    endloop
  endfacet
  facet normal -0.483946 -0.515804 0.706925
    outer loop
      vertex -1.46922 -17.8769 3
      vertex -0.876587 -17.0624 4
      vertex -1.58369 -17.7695 3
    endloop
  endfacet
  facet normal 0.289242 -0.957256 0
    outer loop
      vertex 0.530242 -18.3777 1
      vertex 0.680495 -18.3323 3
      vertex 0.530242 -18.3777 3
    endloop
  endfacet
  facet normal 0.289242 -0.957256 0
    outer loop
      vertex 0.680495 -18.3323 3
      vertex 0.530242 -18.3777 1
      vertex 0.680495 -18.3323 1
    endloop
  endfacet
  facet normal 0.411603 -0.911363 0
    outer loop
      vertex 0.804359 -18.2902 1
      vertex 0.947395 -18.2256 3
      vertex 0.804359 -18.2902 3
    endloop
  endfacet
  facet normal 0.411603 -0.911363 0
    outer loop
      vertex 0.947395 -18.2256 3
      vertex 0.804359 -18.2902 1
      vertex 0.947395 -18.2256 1
    endloop
  endfacet
  facet normal 0.0657447 -0.997836 0
    outer loop
      vertex 0.116531 -18.4372 1
      vertex 0.247057 -18.4286 3
      vertex 0.116531 -18.4372 3
    endloop
  endfacet
  facet normal 0.0657447 -0.997836 0
    outer loop
      vertex 0.247057 -18.4286 3
      vertex 0.116531 -18.4372 1
      vertex 0.247057 -18.4286 1
    endloop
  endfacet
  facet normal 0.138001 -0.694295 0.706336
    outer loop
      vertex 0.530242 -18.3777 3
      vertex 0.271423 -17.4118 4
      vertex 0.401949 -18.4032 3
    endloop
  endfacet
  facet normal -0.583435 -0.81216 0
    outer loop
      vertex -1.37088 -17.9631 1
      vertex -1.24337 -18.0547 3
      vertex -1.37088 -17.9631 3
    endloop
  endfacet
  facet normal -0.583435 -0.81216 -0
    outer loop
      vertex -1.24337 -18.0547 3
      vertex -1.37088 -17.9631 1
      vertex -1.24337 -18.0547 1
    endloop
  endfacet
  facet normal 0.500089 -0.499914 -0.707104
    outer loop
      vertex 1.52661 -17.8266 1
      vertex 0.876587 -17.0624 0
      vertex 1.58369 -17.7695 1
    endloop
  endfacet
  facet normal 0.49962 -0.500347 -0.70713
    outer loop
      vertex 0.876587 -17.0624 0
      vertex 1.52661 -17.8266 1
      vertex 0.819504 -17.1194 0
    endloop
  endfacet
  facet normal 0.0465388 -0.706341 0.706341
    outer loop
      vertex 0.116531 -17.4372 4
      vertex 0.116531 -18.4372 3
      vertex 0.247057 -18.4286 3
    endloop
  endfacet
  facet normal 0.516688 -0.483032 -0.706904
    outer loop
      vertex 0.876587 -17.0624 0
      vertex 2.69496 -16.5808 1
      vertex 1.58369 -17.7695 1
    endloop
  endfacet
  facet normal 0.516689 -0.483029 -0.706906
    outer loop
      vertex 2.69496 -16.5808 1
      vertex 0.876587 -17.0624 0
      vertex 1.98785 -15.8737 0
    endloop
  endfacet
  facet normal 0.227792 -0.670194 -0.706364
    outer loop
      vertex 0.680495 -18.3323 1
      vertex 0.421677 -17.3663 0
      vertex 0.804359 -18.2902 1
    endloop
  endfacet
  facet normal 0.0225293 -0.706927 -0.706927
    outer loop
      vertex -0.0403595 -17.4422 0
      vertex 0.116531 -18.4372 1
      vertex -0.0403595 -18.4422 1
    endloop
  endfacet
  facet normal 0.0225293 -0.706927 -0.706927
    outer loop
      vertex 0.116531 -18.4372 1
      vertex -0.0403595 -17.4422 0
      vertex 0.116531 -17.4372 0
    endloop
  endfacet
  facet normal 0.138001 -0.694295 -0.706336
    outer loop
      vertex 0.401949 -18.4032 1
      vertex 0.271423 -17.4118 0
      vertex 0.530242 -18.3777 1
    endloop
  endfacet
  facet normal -0.393001 -0.588743 0.706351
    outer loop
      vertex -0.634613 -17.2613 4
      vertex -1.24337 -18.0547 3
      vertex -1.13461 -18.1273 3
    endloop
  endfacet
  facet normal 0.442575 -0.896731 0
    outer loop
      vertex 0.947395 -18.2256 1
      vertex 1.06471 -18.1677 3
      vertex 0.947395 -18.2256 3
    endloop
  endfacet
  facet normal 0.442575 -0.896731 0
    outer loop
      vertex 1.06471 -18.1677 3
      vertex 0.947395 -18.2256 1
      vertex 1.06471 -18.1677 1
    endloop
  endfacet
  facet normal -0.516688 -0.483032 -0.706904
    outer loop
      vertex -2.69496 -16.5808 1
      vertex -0.876587 -17.0624 0
      vertex -1.58369 -17.7695 1
    endloop
  endfacet
  facet normal -0.516689 -0.483029 -0.706906
    outer loop
      vertex -0.876587 -17.0624 0
      vertex -2.69496 -16.5808 1
      vertex -1.98785 -15.8737 0
    endloop
  endfacet
  facet normal 0.659127 -0.752032 0
    outer loop
      vertex 1.42826 -17.9128 1
      vertex 1.52661 -17.8266 3
      vertex 1.42826 -17.9128 3
    endloop
  endfacet
  facet normal 0.659127 -0.752032 0
    outer loop
      vertex 1.52661 -17.8266 3
      vertex 1.42826 -17.9128 1
      vertex 1.52661 -17.8266 1
    endloop
  endfacet
  facet normal -0.4726 -0.881277 0
    outer loop
      vertex -1.13461 -18.1273 1
      vertex -0.996246 -18.2015 3
      vertex -1.13461 -18.1273 3
    endloop
  endfacet
  facet normal -0.4726 -0.881277 -0
    outer loop
      vertex -0.996246 -18.2015 3
      vertex -1.13461 -18.1273 1
      vertex -0.996246 -18.2015 1
    endloop
  endfacet
  facet normal -0.138001 -0.694295 -0.706336
    outer loop
      vertex -0.327089 -18.4181 1
      vertex -0.455382 -18.3926 1
      vertex -0.196564 -17.4267 0
    endloop
  endfacet
  facet normal 0.707231 -0.706983 0
    outer loop
      vertex 1.52661 -17.8266 3
      vertex 1.58369 -17.7695 1
      vertex 1.58369 -17.7695 3
    endloop
  endfacet
  facet normal 0.707231 -0.706983 0
    outer loop
      vertex 1.58369 -17.7695 1
      vertex 1.52661 -17.8266 3
      vertex 1.52661 -17.8266 1
    endloop
  endfacet
  facet normal 0.516689 -0.483029 0.706906
    outer loop
      vertex 0.876587 -17.0624 4
      vertex 2.69496 -16.5808 3
      vertex 1.98785 -15.8737 4
    endloop
  endfacet
  facet normal 0.516688 -0.483032 0.706904
    outer loop
      vertex 2.69496 -16.5808 3
      vertex 0.876587 -17.0624 4
      vertex 1.58369 -17.7695 3
    endloop
  endfacet
  facet normal 0.392975 -0.588759 0.706352
    outer loop
      vertex 1.30684 -18.0123 3
      vertex 0.698074 -17.2189 4
      vertex 1.19807 -18.0849 3
    endloop
  endfacet
  facet normal -0.684227 -0.729269 0
    outer loop
      vertex -1.58369 -17.7695 1
      vertex -1.46922 -17.8769 3
      vertex -1.58369 -17.7695 3
    endloop
  endfacet
  facet normal -0.684227 -0.729269 -0
    outer loop
      vertex -1.46922 -17.8769 3
      vertex -1.58369 -17.7695 1
      vertex -1.46922 -17.8769 1
    endloop
  endfacet
  facet normal -0.352973 -0.935633 0
    outer loop
      vertex -0.878929 -18.2593 1
      vertex -0.732079 -18.3147 3
      vertex -0.878929 -18.2593 3
    endloop
  endfacet
  facet normal -0.352973 -0.935633 -0
    outer loop
      vertex -0.732079 -18.3147 3
      vertex -0.878929 -18.2593 1
      vertex -0.732079 -18.3147 1
    endloop
  endfacet
  facet normal 0.114458 -0.697977 0.706914
    outer loop
      vertex 0.116531 -17.4372 4
      vertex 0.401949 -18.4032 3
      vertex 0.271423 -17.4118 4
    endloop
  endfacet
  facet normal 0.114458 -0.697977 0.706914
    outer loop
      vertex 0.401949 -18.4032 3
      vertex 0.116531 -17.4372 4
      vertex 0.247057 -18.4286 3
    endloop
  endfacet
  facet normal -0.138001 -0.694295 0.706336
    outer loop
      vertex -0.196564 -17.4267 4
      vertex -0.455382 -18.3926 3
      vertex -0.327089 -18.4181 3
    endloop
  endfacet
  facet normal -0.312837 -0.634967 -0.706364
    outer loop
      vertex -0.878929 -18.2593 1
      vertex -0.996246 -18.2015 1
      vertex -0.496246 -17.3354 0
    endloop
  endfacet
  facet normal -0.516689 -0.483029 0.706906
    outer loop
      vertex -2.69496 -16.5808 3
      vertex -0.876587 -17.0624 4
      vertex -1.98785 -15.8737 4
    endloop
  endfacet
  facet normal -0.516688 -0.483032 0.706904
    outer loop
      vertex -0.876587 -17.0624 4
      vertex -2.69496 -16.5808 3
      vertex -1.58369 -17.7695 3
    endloop
  endfacet
  facet normal 0.555159 -0.831744 0
    outer loop
      vertex 1.19807 -18.0849 1
      vertex 1.30684 -18.0123 3
      vertex 1.19807 -18.0849 3
    endloop
  endfacet
  facet normal 0.555159 -0.831744 0
    outer loop
      vertex 1.30684 -18.0123 3
      vertex 1.19807 -18.0849 1
      vertex 1.30684 -18.0123 1
    endloop
  endfacet
  facet normal -0.333897 -0.623486 0.70695
    outer loop
      vertex -0.634613 -17.2613 4
      vertex -0.996246 -18.2015 3
      vertex -0.496246 -17.3354 4
    endloop
  endfacet
  facet normal -0.334265 -0.623318 0.706924
    outer loop
      vertex -0.996246 -18.2015 3
      vertex -0.634613 -17.2613 4
      vertex -1.13461 -18.1273 3
    endloop
  endfacet
  facet normal -0.730498 -0.682915 0
    outer loop
      vertex -1.58369 -17.7695 1
      vertex -2.69496 -16.5808 3
      vertex -2.69496 -16.5808 1
    endloop
  endfacet
  facet normal -0.730498 -0.682915 0
    outer loop
      vertex -2.69496 -16.5808 3
      vertex -1.58369 -17.7695 1
      vertex -1.58369 -17.7695 3
    endloop
  endfacet
  facet normal -0.227801 -0.670227 0.706331
    outer loop
      vertex -0.349396 -17.3909 4
      vertex -0.732079 -18.3147 3
      vertex -0.608214 -18.3568 3
    endloop
  endfacet
  facet normal -0.161313 -0.688652 -0.70692
    outer loop
      vertex -0.455382 -18.3926 1
      vertex -0.349396 -17.3909 0
      vertex -0.196564 -17.4267 0
    endloop
  endfacet
  facet normal -0.161313 -0.688652 -0.70692
    outer loop
      vertex -0.349396 -17.3909 0
      vertex -0.455382 -18.3926 1
      vertex -0.608214 -18.3568 1
    endloop
  endfacet
  facet normal -0.483941 -0.515808 -0.706925
    outer loop
      vertex -1.46922 -17.8769 1
      vertex -0.876587 -17.0624 0
      vertex -0.762115 -17.1698 0
    endloop
  endfacet
  facet normal -0.483946 -0.515804 -0.706925
    outer loop
      vertex -0.876587 -17.0624 0
      vertex -1.46922 -17.8769 1
      vertex -1.58369 -17.7695 1
    endloop
  endfacet
  facet normal -0.659165 -0.751998 0
    outer loop
      vertex -1.46922 -17.8769 1
      vertex -1.37088 -17.9631 3
      vertex -1.46922 -17.8769 3
    endloop
  endfacet
  facet normal -0.659165 -0.751998 -0
    outer loop
      vertex -1.37088 -17.9631 3
      vertex -1.46922 -17.8769 1
      vertex -1.37088 -17.9631 1
    endloop
  endfacet
  facet normal 0.448274 -0.547074 0.706938
    outer loop
      vertex 0.698074 -17.2189 4
      vertex 1.42826 -17.9128 3
      vertex 0.819504 -17.1194 4
    endloop
  endfacet
  facet normal 0.448295 -0.547054 0.706939
    outer loop
      vertex 1.42826 -17.9128 3
      vertex 0.698074 -17.2189 4
      vertex 1.30684 -18.0123 3
    endloop
  endfacet
  facet normal -0.0987443 -0.995113 0
    outer loop
      vertex -0.327089 -18.4181 1
      vertex -0.170885 -18.4336 3
      vertex -0.327089 -18.4181 3
    endloop
  endfacet
  facet normal -0.0987443 -0.995113 -0
    outer loop
      vertex -0.170885 -18.4336 3
      vertex -0.327089 -18.4181 1
      vertex -0.170885 -18.4336 1
    endloop
  endfacet
  facet normal 0.291117 -0.644585 0.706938
    outer loop
      vertex 0.421677 -17.3663 4
      vertex 0.947395 -18.2256 3
      vertex 0.564713 -17.3017 4
    endloop
  endfacet
  facet normal 0.291117 -0.644585 0.706938
    outer loop
      vertex 0.947395 -18.2256 3
      vertex 0.421677 -17.3663 4
      vertex 0.804359 -18.2902 3
    endloop
  endfacet
  facet normal 0.633834 -0.773469 0
    outer loop
      vertex 1.30684 -18.0123 1
      vertex 1.42826 -17.9128 3
      vertex 1.30684 -18.0123 3
    endloop
  endfacet
  facet normal 0.633834 -0.773469 0
    outer loop
      vertex 1.42826 -17.9128 3
      vertex 1.30684 -18.0123 1
      vertex 1.42826 -17.9128 1
    endloop
  endfacet
  facet normal 0.291117 -0.644585 -0.706938
    outer loop
      vertex 0.421677 -17.3663 0
      vertex 0.947395 -18.2256 1
      vertex 0.804359 -18.2902 1
    endloop
  endfacet
  facet normal 0.291117 -0.644585 -0.706938
    outer loop
      vertex 0.947395 -18.2256 1
      vertex 0.421677 -17.3663 0
      vertex 0.564713 -17.3017 0
    endloop
  endfacet
  facet normal -0.312837 -0.634967 0.706364
    outer loop
      vertex -0.496246 -17.3354 4
      vertex -0.996246 -18.2015 3
      vertex -0.878929 -18.2593 3
    endloop
  endfacet
  facet normal 0.227792 -0.670194 0.706364
    outer loop
      vertex 0.804359 -18.2902 3
      vertex 0.421677 -17.3663 4
      vertex 0.680495 -18.3323 3
    endloop
  endfacet
  facet normal 0.321808 -0.946805 0
    outer loop
      vertex 0.680495 -18.3323 1
      vertex 0.804359 -18.2902 3
      vertex 0.680495 -18.3323 3
    endloop
  endfacet
  facet normal 0.321808 -0.946805 0
    outer loop
      vertex 0.804359 -18.2902 3
      vertex 0.680495 -18.3323 1
      vertex 0.804359 -18.2902 1
    endloop
  endfacet
  facet normal -0.412369 -0.574622 0.706938
    outer loop
      vertex -0.762115 -17.1698 4
      vertex -1.24337 -18.0547 3
      vertex -0.634613 -17.2613 4
    endloop
  endfacet
  facet normal -0.412662 -0.574438 0.706916
    outer loop
      vertex -1.24337 -18.0547 3
      vertex -0.762115 -17.1698 4
      vertex -1.37088 -17.9631 3
    endloop
  endfacet
  facet normal 0.204982 -0.67691 0.706948
    outer loop
      vertex 0.271423 -17.4118 4
      vertex 0.680495 -18.3323 3
      vertex 0.421677 -17.3663 4
    endloop
  endfacet
  facet normal 0.204578 -0.67706 0.706921
    outer loop
      vertex 0.680495 -18.3323 3
      vertex 0.271423 -17.4118 4
      vertex 0.530242 -18.3777 3
    endloop
  endfacet
  facet normal -0.0698419 -0.703847 0.70691
    outer loop
      vertex -0.196564 -17.4267 4
      vertex -0.170885 -18.4336 3
      vertex -0.0403595 -17.4422 4
    endloop
  endfacet
  facet normal -0.0698422 -0.703847 0.70691
    outer loop
      vertex -0.170885 -18.4336 3
      vertex -0.196564 -17.4267 4
      vertex -0.327089 -18.4181 3
    endloop
  endfacet
  facet normal 0.448295 -0.547054 -0.706939
    outer loop
      vertex 0.698074 -17.2189 0
      vertex 1.42826 -17.9128 1
      vertex 1.30684 -18.0123 1
    endloop
  endfacet
  facet normal 0.448274 -0.547074 -0.706938
    outer loop
      vertex 1.42826 -17.9128 1
      vertex 0.698074 -17.2189 0
      vertex 0.819504 -17.1194 0
    endloop
  endfacet
  facet normal -0.555194 -0.831721 0
    outer loop
      vertex -1.24337 -18.0547 1
      vertex -1.13461 -18.1273 3
      vertex -1.24337 -18.0547 3
    endloop
  endfacet
  facet normal -0.555194 -0.831721 -0
    outer loop
      vertex -1.13461 -18.1273 3
      vertex -1.24337 -18.0547 1
      vertex -1.13461 -18.1273 1
    endloop
  endfacet
  facet normal -0.161313 -0.688652 0.70692
    outer loop
      vertex -0.349396 -17.3909 4
      vertex -0.455382 -18.3926 3
      vertex -0.196564 -17.4267 4
    endloop
  endfacet
  facet normal -0.161313 -0.688652 0.70692
    outer loop
      vertex -0.455382 -18.3926 3
      vertex -0.349396 -17.3909 4
      vertex -0.608214 -18.3568 3
    endloop
  endfacet
  facet normal 0.313284 -0.634765 -0.706347
    outer loop
      vertex 0.947395 -18.2256 1
      vertex 0.564713 -17.3017 0
      vertex 1.06471 -18.1677 1
    endloop
  endfacet
  facet normal -0.19495 -0.980813 0
    outer loop
      vertex -0.455382 -18.3926 1
      vertex -0.327089 -18.4181 3
      vertex -0.455382 -18.3926 3
    endloop
  endfacet
  facet normal -0.19495 -0.980813 -0
    outer loop
      vertex -0.327089 -18.4181 3
      vertex -0.455382 -18.3926 1
      vertex -0.327089 -18.4181 1
    endloop
  endfacet
  facet normal 0.313284 -0.634765 0.706347
    outer loop
      vertex 1.06471 -18.1677 3
      vertex 0.564713 -17.3017 4
      vertex 0.947395 -18.2256 3
    endloop
  endfacet
  facet normal 0.0318532 -0.999493 0
    outer loop
      vertex -0.0403595 -18.4422 1
      vertex 0.116531 -18.4372 3
      vertex -0.0403595 -18.4422 3
    endloop
  endfacet
  facet normal 0.0318532 -0.999493 0
    outer loop
      vertex 0.116531 -18.4372 3
      vertex -0.0403595 -18.4422 1
      vertex 0.116531 -18.4372 1
    endloop
  endfacet
  facet normal -0.321806 -0.946806 0
    outer loop
      vertex -0.732079 -18.3147 1
      vertex -0.608214 -18.3568 3
      vertex -0.732079 -18.3147 3
    endloop
  endfacet
  facet normal -0.321806 -0.946806 -0
    outer loop
      vertex -0.608214 -18.3568 3
      vertex -0.732079 -18.3147 1
      vertex -0.608214 -18.3568 1
    endloop
  endfacet
  facet normal 0.527477 -0.849569 0
    outer loop
      vertex 1.06471 -18.1677 1
      vertex 1.19807 -18.0849 3
      vertex 1.06471 -18.1677 3
    endloop
  endfacet
  facet normal 0.527477 -0.849569 0
    outer loop
      vertex 1.19807 -18.0849 3
      vertex 1.06471 -18.1677 1
      vertex 1.19807 -18.0849 1
    endloop
  endfacet
  facet normal -0.227801 -0.670227 -0.706331
    outer loop
      vertex -0.608214 -18.3568 1
      vertex -0.732079 -18.3147 1
      vertex -0.349396 -17.3909 0
    endloop
  endfacet
  facet normal -0.466604 -0.532319 -0.706341
    outer loop
      vertex -1.37088 -17.9631 1
      vertex -1.46922 -17.8769 1
      vertex -0.762115 -17.1698 0
    endloop
  endfacet
  facet normal 0.19495 -0.980813 0
    outer loop
      vertex 0.401949 -18.4032 1
      vertex 0.530242 -18.3777 3
      vertex 0.401949 -18.4032 3
    endloop
  endfacet
  facet normal 0.19495 -0.980813 0
    outer loop
      vertex 0.530242 -18.3777 3
      vertex 0.401949 -18.4032 1
      vertex 0.530242 -18.3777 1
    endloop
  endfacet
  facet normal 0.161824 -0.98682 0
    outer loop
      vertex 0.247057 -18.4286 1
      vertex 0.401949 -18.4032 3
      vertex 0.247057 -18.4286 3
    endloop
  endfacet
  facet normal 0.161824 -0.98682 0
    outer loop
      vertex 0.401949 -18.4032 3
      vertex 0.247057 -18.4286 1
      vertex 0.401949 -18.4032 1
    endloop
  endfacet
  facet normal 0.392975 -0.588759 -0.706352
    outer loop
      vertex 1.19807 -18.0849 1
      vertex 0.698074 -17.2189 0
      vertex 1.30684 -18.0123 1
    endloop
  endfacet
  facet normal 0 0 1
    outer loop
      vertex 45.8672 16.9827 4
      vertex 45.8671 16.6694 4
      vertex 45.8774 16.826 4
    endloop
  endfacet
  facet normal 0 0 1
    outer loop
      vertex 45.8366 17.1366 4
      vertex 45.8671 16.6694 4
      vertex 45.8672 16.9827 4
    endloop
  endfacet
  facet normal 0 0 1
    outer loop
      vertex 45.8366 17.1366 4
      vertex 45.8364 16.5154 4
      vertex 45.8671 16.6694 4
    endloop
  endfacet
  facet normal 0 0 1
    outer loop
      vertex 45.7862 17.2853 4
      vertex 45.8364 16.5154 4
      vertex 45.8366 17.1366 4
    endloop
  endfacet
  facet normal 0 0 1
    outer loop
      vertex 45.7862 17.2853 4
      vertex 45.7859 16.3668 4
      vertex 45.8364 16.5154 4
    endloop
  endfacet
  facet normal 0 0 1
    outer loop
      vertex 45.7168 17.4261 4
      vertex 45.7859 16.3668 4
      vertex 45.7862 17.2853 4
    endloop
  endfacet
  facet normal 0 0 1
    outer loop
      vertex 45.7168 17.4261 4
      vertex 45.7164 16.2261 4
      vertex 45.7859 16.3668 4
    endloop
  endfacet
  facet normal 0 0 1
    outer loop
      vertex 45.6297 17.5566 4
      vertex 45.7164 16.2261 4
      vertex 45.7168 17.4261 4
    endloop
  endfacet
  facet normal 0 0 1
    outer loop
      vertex 45.6297 17.5566 4
      vertex 45.6292 16.0956 4
      vertex 45.7164 16.2261 4
    endloop
  endfacet
  facet normal 0 0 1
    outer loop
      vertex 45.5262 17.6747 4
      vertex 45.6292 16.0956 4
      vertex 45.6297 17.5566 4
    endloop
  endfacet
  facet normal 0 0 1
    outer loop
      vertex 45.4082 17.7782 4
      vertex 45.6292 16.0956 4
      vertex 45.5262 17.6747 4
    endloop
  endfacet
  facet normal 0 0 1
    outer loop
      vertex 45.2778 17.8654 4
      vertex 45.6292 16.0956 4
      vertex 45.4082 17.7782 4
    endloop
  endfacet
  facet normal 0 0 1
    outer loop
      vertex 45.137 17.9349 4
      vertex 45.6292 16.0956 4
      vertex 45.2778 17.8654 4
    endloop
  endfacet
  facet normal 0 0 1
    outer loop
      vertex 44.9884 17.9854 4
      vertex 45.6292 16.0956 4
      vertex 45.137 17.9349 4
    endloop
  endfacet
  facet normal -0 0 1
    outer loop
      vertex 44.3345 17.9764 4
      vertex 45.6292 16.0956 4
      vertex 44.9884 17.9854 4
    endloop
  endfacet
  facet normal 0 0 1
    outer loop
      vertex 44.3345 17.9764 4
      vertex 44.9884 17.9854 4
      vertex 44.8344 18.0161 4
    endloop
  endfacet
  facet normal -0 0 1
    outer loop
      vertex 43.2988 17.6675 4
      vertex 45.6292 16.0956 4
      vertex 44.3345 17.9764 4
    endloop
  endfacet
  facet normal 0 0 1
    outer loop
      vertex 44.3345 17.9764 4
      vertex 44.8344 18.0161 4
      vertex 44.6778 18.0264 4
    endloop
  endfacet
  facet normal 0 0 1
    outer loop
      vertex 44.3345 17.9764 4
      vertex 44.6778 18.0264 4
      vertex 44.5212 18.0162 4
    endloop
  endfacet
  facet normal 0 0 1
    outer loop
      vertex 45.6292 16.0956 4
      vertex 43.2988 17.6675 4
      vertex 44.8508 15.0818 4
    endloop
  endfacet
  facet normal -0 0 1
    outer loop
      vertex 43.2749 17.6602 4
      vertex 44.8508 15.0818 4
      vertex 43.2988 17.6675 4
    endloop
  endfacet
  facet normal 0 0 1
    outer loop
      vertex 44.8508 15.0818 4
      vertex 43.2749 17.6602 4
      vertex 44.8213 15.0425 4
    endloop
  endfacet
  facet normal 0 0 1
    outer loop
      vertex 44.8213 15.0425 4
      vertex 43.2749 17.6602 4
      vertex 43.8902 13.7708 4
    endloop
  endfacet
  facet normal -0 0 1
    outer loop
      vertex 40.804 16.8671 4
      vertex 43.8902 13.7708 4
      vertex 43.2749 17.6602 4
    endloop
  endfacet
  facet normal 0 0 1
    outer loop
      vertex 43.8902 13.7708 4
      vertex 40.804 16.8671 4
      vertex 43.86 13.7284 4
    endloop
  endfacet
  facet normal 0 0 1
    outer loop
      vertex 43.86 13.7284 4
      vertex 40.804 16.8671 4
      vertex 43.4888 13.1955 4
    endloop
  endfacet
  facet normal -0 0 1
    outer loop
      vertex 40.7869 16.8615 4
      vertex 43.4888 13.1955 4
      vertex 40.804 16.8671 4
    endloop
  endfacet
  facet normal 0 0 1
    outer loop
      vertex 43.4888 13.1955 4
      vertex 40.7869 16.8615 4
      vertex 42.9768 12.4603 4
    endloop
  endfacet
  facet normal 0 0 1
    outer loop
      vertex 42.9768 12.4603 4
      vertex 40.7869 16.8615 4
      vertex 42.9457 12.4145 4
    endloop
  endfacet
  facet normal 0 0 1
    outer loop
      vertex 42.9457 12.4145 4
      vertex 40.7869 16.8615 4
      vertex 42.839 12.253 4
    endloop
  endfacet
  facet normal 0 0 1
    outer loop
      vertex 42.839 12.253 4
      vertex 40.7869 16.8615 4
      vertex 42.836 12.2484 4
    endloop
  endfacet
  facet normal -0 0 1
    outer loop
      vertex 38.2397 16.0018 4
      vertex 42.836 12.2484 4
      vertex 40.7869 16.8615 4
    endloop
  endfacet
  facet normal 0 0 1
    outer loop
      vertex 42.836 12.2484 4
      vertex 38.2397 16.0018 4
      vertex 42.2293 11.3302 4
    endloop
  endfacet
  facet normal 0 0 1
    outer loop
      vertex 42.2293 11.3302 4
      vertex 38.2397 16.0018 4
      vertex 42.2249 11.3235 4
    endloop
  endfacet
  facet normal 0 0 1
    outer loop
      vertex 42.2249 11.3235 4
      vertex 38.2397 16.0018 4
      vertex 42.1092 11.1484 4
    endloop
  endfacet
  facet normal 0 0 1
    outer loop
      vertex 42.1092 11.1484 4
      vertex 38.2397 16.0018 4
      vertex 42.079 11.1013 4
    endloop
  endfacet
  facet normal -0 0 1
    outer loop
      vertex 38.2284 15.9979 4
      vertex 42.079 11.1013 4
      vertex 38.2397 16.0018 4
    endloop
  endfacet
  facet normal 0 0 1
    outer loop
      vertex 42.079 11.1013 4
      vertex 38.2284 15.9979 4
      vertex 41.6725 10.451 4
    endloop
  endfacet
  facet normal 0 0 1
    outer loop
      vertex 41.6725 10.451 4
      vertex 38.2284 15.9979 4
      vertex 41.6657 10.4401 4
    endloop
  endfacet
  facet normal 0 0 1
    outer loop
      vertex 41.6657 10.4401 4
      vertex 38.2284 15.9979 4
      vertex 41.2887 9.83687 4
    endloop
  endfacet
  facet normal -0 0 1
    outer loop
      vertex 35.6234 15.0898 4
      vertex 41.2887 9.83687 4
      vertex 38.2284 15.9979 4
    endloop
  endfacet
  facet normal 0 0 1
    outer loop
      vertex 41.2887 9.83687 4
      vertex 35.6234 15.0898 4
      vertex 41.259 9.78798 4
    endloop
  endfacet
  facet normal 0 0 1
    outer loop
      vertex 41.259 9.78798 4
      vertex 35.6234 15.0898 4
      vertex 41.1652 9.62883 4
    endloop
  endfacet
  facet normal 0 0 1
    outer loop
      vertex 41.1652 9.62883 4
      vertex 35.6234 15.0898 4
      vertex 41.1574 9.61555 4
    endloop
  endfacet
  facet normal 0 0 1
    outer loop
      vertex 41.1574 9.61555 4
      vertex 35.6234 15.0898 4
      vertex 40.726 8.88348 4
    endloop
  endfacet
  facet normal 0 0 1
    outer loop
      vertex 40.726 8.88348 4
      vertex 35.6234 15.0898 4
      vertex 40.7165 8.86746 4
    endloop
  endfacet
  facet normal -0 0 1
    outer loop
      vertex 35.6011 15.0818 4
      vertex 40.7165 8.86746 4
      vertex 35.6234 15.0898 4
    endloop
  endfacet
  facet normal -0 0 1
    outer loop
      vertex 35.4903 15.0425 4
      vertex 40.7165 8.86746 4
      vertex 35.6011 15.0818 4
    endloop
  endfacet
  facet normal 0 0 1
    outer loop
      vertex 40.7165 8.86746 4
      vertex 35.4903 15.0425 4
      vertex 40.5147 8.52501 4
    endloop
  endfacet
  facet normal 0 0 1
    outer loop
      vertex 40.5147 8.52501 4
      vertex 35.4903 15.0425 4
      vertex 40.4853 8.47343 4
    endloop
  endfacet
  facet normal 0 0 1
    outer loop
      vertex 40.4853 8.47343 4
      vertex 35.4903 15.0425 4
      vertex 40.3513 8.23141 4
    endloop
  endfacet
  facet normal 0 0 1
    outer loop
      vertex 40.3513 8.23141 4
      vertex 35.4903 15.0425 4
      vertex 40.3413 8.21327 4
    endloop
  endfacet
  facet normal 0 0 1
    outer loop
      vertex 40.3413 8.21327 4
      vertex 35.4903 15.0425 4
      vertex 40.0519 7.69057 4
    endloop
  endfacet
  facet normal -0 0 1
    outer loop
      vertex 32.9692 14.1479 4
      vertex 40.0519 7.69057 4
      vertex 35.4903 15.0425 4
    endloop
  endfacet
  facet normal 0 0 1
    outer loop
      vertex 40.0519 7.69057 4
      vertex 32.9692 14.1479 4
      vertex 40.0411 7.67102 4
    endloop
  endfacet
  facet normal 0 0 1
    outer loop
      vertex 40.0411 7.67102 4
      vertex 32.9692 14.1479 4
      vertex 39.8234 7.27774 4
    endloop
  endfacet
  facet normal 0 0 1
    outer loop
      vertex 39.8234 7.27774 4
      vertex 32.9692 14.1479 4
      vertex 39.789 7.21568 4
    endloop
  endfacet
  facet normal 0 0 1
    outer loop
      vertex 39.789 7.21568 4
      vertex 32.9692 14.1479 4
      vertex 39.7886 7.21492 4
    endloop
  endfacet
  facet normal 0 0 1
    outer loop
      vertex 39.7886 7.21492 4
      vertex 32.9692 14.1479 4
      vertex 39.7799 7.1987 4
    endloop
  endfacet
  facet normal 0 0 1
    outer loop
      vertex 39.7799 7.1987 4
      vertex 32.9692 14.1479 4
      vertex 39.7592 7.16005 4
    endloop
  endfacet
  facet normal 0 0 1
    outer loop
      vertex 39.7592 7.16005 4
      vertex 32.9692 14.1479 4
      vertex 39.1084 5.9032 4
    endloop
  endfacet
  facet normal -0 0 1
    outer loop
      vertex 31.9114 13.7708 4
      vertex 39.1084 5.9032 4
      vertex 32.9692 14.1479 4
    endloop
  endfacet
  facet normal 0 0 1
    outer loop
      vertex 39.1084 5.9032 4
      vertex 31.9114 13.7708 4
      vertex 39.0798 5.84607 4
    endloop
  endfacet
  facet normal -0 0 1
    outer loop
      vertex 31.7926 13.7284 4
      vertex 39.0798 5.84607 4
      vertex 31.9114 13.7708 4
    endloop
  endfacet
  facet normal 0 0 1
    outer loop
      vertex 39.0798 5.84607 4
      vertex 31.7926 13.7284 4
      vertex 38.4749 4.59148 4
    endloop
  endfacet
  facet normal -0 0 1
    outer loop
      vertex 30.2977 13.1955 4
      vertex 38.4749 4.59148 4
      vertex 31.7926 13.7284 4
    endloop
  endfacet
  facet normal 0 0 1
    outer loop
      vertex 38.4749 4.59148 4
      vertex 30.2977 13.1955 4
      vertex 38.4481 4.53375 4
    endloop
  endfacet
  facet normal 0 -0 1
    outer loop
      vertex 31.5514 0.320297 4
      vertex 38.4481 4.53375 4
      vertex 30.2977 13.1955 4
    endloop
  endfacet
  facet normal 0 0 1
    outer loop
      vertex 38.4481 4.53375 4
      vertex 31.5514 0.320297 4
      vertex 37.8885 3.28026 4
    endloop
  endfacet
  facet normal 0 -0 1
    outer loop
      vertex 31.8806 0.248215 4
      vertex 37.8885 3.28026 4
      vertex 31.5514 0.320297 4
    endloop
  endfacet
  facet normal 0 0 1
    outer loop
      vertex 37.8885 3.28026 4
      vertex 31.8806 0.248215 4
      vertex 37.8626 3.21976 4
    endloop
  endfacet
  facet normal 0 -0 1
    outer loop
      vertex 32.8801 -0.0737762 4
      vertex 37.3489 1.96901 4
      vertex 32.6001 0.031723 4
    endloop
  endfacet
  facet normal 0 0 1
    outer loop
      vertex 37.3489 1.96901 4
      vertex 32.8801 -0.0737762 4
      vertex 37.3238 1.90514 4
    endloop
  endfacet
  facet normal 0 -0 1
    outer loop
      vertex 33.6819 -0.439865 4
      vertex 37.3238 1.90514 4
      vertex 32.8801 -0.0737762 4
    endloop
  endfacet
  facet normal 0 -0 1
    outer loop
      vertex 33.9122 -0.561951 4
      vertex 36.8561 0.657928 4
      vertex 33.6819 -0.439865 4
    endloop
  endfacet
  facet normal 0 0 1
    outer loop
      vertex 36.8325 0.591705 4
      vertex 33.9122 -0.561951 4
      vertex 36.7776 0.430054 4
    endloop
  endfacet
  facet normal 0 0 1
    outer loop
      vertex 36.7776 0.430054 4
      vertex 33.9122 -0.561951 4
      vertex 36.7707 0.409729 4
    endloop
  endfacet
  facet normal 0 0 1
    outer loop
      vertex 36.7159 0.248215 4
      vertex 33.9122 -0.561951 4
      vertex 36.6425 0.031723 4
    endloop
  endfacet
  facet normal 0 0 1
    outer loop
      vertex 36.6425 0.031723 4
      vertex 33.9122 -0.561951 4
      vertex 36.6067 -0.0737762 4
    endloop
  endfacet
  facet normal 0 -0 1
    outer loop
      vertex 34.7289 -1.05917 4
      vertex 36.6067 -0.0737762 4
      vertex 33.9122 -0.561951 4
    endloop
  endfacet
  facet normal 0 0 1
    outer loop
      vertex 36.6067 -0.0737762 4
      vertex 34.7289 -1.05917 4
      vertex 36.4893 -0.419724 4
    endloop
  endfacet
  facet normal 0 0 1
    outer loop
      vertex 36.4893 -0.419724 4
      vertex 34.7289 -1.05917 4
      vertex 36.4814 -0.439865 4
    endloop
  endfacet
  facet normal 0 -0 1
    outer loop
      vertex 36.4282 -0.561951 4
      vertex 36.4814 -0.439865 4
      vertex 34.7289 -1.05917 4
    endloop
  endfacet
  facet normal 0 0 1
    outer loop
      vertex 36.4814 -0.439865 4
      vertex 36.4282 -0.561951 4
      vertex 36.4506 -0.519028 4
    endloop
  endfacet
  facet normal 0 0 1
    outer loop
      vertex 36.2877 -0.786606 4
      vertex 34.7289 -1.05917 4
      vertex 36.1815 -0.902191 4
    endloop
  endfacet
  facet normal 0 0 1
    outer loop
      vertex 36.1815 -0.902191 4
      vertex 34.7289 -1.05917 4
      vertex 36.0611 -1.00291 4
    endloop
  endfacet
  facet normal 0 0 1
    outer loop
      vertex 35.9286 -1.08707 4
      vertex 34.7289 -1.05917 4
      vertex 35.7862 -1.1532 4
    endloop
  endfacet
  facet normal 0 0 1
    outer loop
      vertex 35.7862 -1.1532 4
      vertex 34.7289 -1.05917 4
      vertex 35.6365 -1.20018 4
    endloop
  endfacet
  facet normal 0 0 1
    outer loop
      vertex 35.6365 -1.20018 4
      vertex 34.7289 -1.05917 4
      vertex 35.4819 -1.22722 4
    endloop
  endfacet
  facet normal 0 0 1
    outer loop
      vertex 35.4819 -1.22722 4
      vertex 34.7289 -1.05917 4
      vertex 35.325 -1.23384 4
    endloop
  endfacet
  facet normal 0 0 1
    outer loop
      vertex 35.325 -1.23384 4
      vertex 34.7289 -1.05917 4
      vertex 35.1687 -1.21994 4
    endloop
  endfacet
  facet normal 0 0 1
    outer loop
      vertex 35.0155 -1.18575 4
      vertex 34.7289 -1.05917 4
      vertex 34.8681 -1.13185 4
    endloop
  endfacet
  facet normal 0 0 1
    outer loop
      vertex 35.1687 -1.21994 4
      vertex 34.7289 -1.05917 4
      vertex 35.0155 -1.18575 4
    endloop
  endfacet
  facet normal 0 0 1
    outer loop
      vertex 36.0611 -1.00291 4
      vertex 34.7289 -1.05917 4
      vertex 35.9286 -1.08707 4
    endloop
  endfacet
  facet normal 0 0 1
    outer loop
      vertex 36.4282 -0.561951 4
      vertex 36.2877 -0.786606 4
      vertex 36.3779 -0.658157 4
    endloop
  endfacet
  facet normal 0 -0 1
    outer loop
      vertex 36.2877 -0.786606 4
      vertex 36.4282 -0.561951 4
      vertex 34.7289 -1.05917 4
    endloop
  endfacet
  facet normal 0 0 1
    outer loop
      vertex 36.7404 0.320297 4
      vertex 33.9122 -0.561951 4
      vertex 36.7159 0.248215 4
    endloop
  endfacet
  facet normal 0 0 1
    outer loop
      vertex 36.7707 0.409729 4
      vertex 33.9122 -0.561951 4
      vertex 36.7404 0.320297 4
    endloop
  endfacet
  facet normal 0 0 1
    outer loop
      vertex 36.8561 0.657928 4
      vertex 33.9122 -0.561951 4
      vertex 36.8325 0.591705 4
    endloop
  endfacet
  facet normal 0 0 1
    outer loop
      vertex 37.3238 1.90514 4
      vertex 33.6819 -0.439865 4
      vertex 36.8561 0.657928 4
    endloop
  endfacet
  facet normal 0 -0 1
    outer loop
      vertex 32.6001 0.031723 4
      vertex 37.8626 3.21976 4
      vertex 31.8806 0.248215 4
    endloop
  endfacet
  facet normal 0 0 1
    outer loop
      vertex 37.8626 3.21976 4
      vertex 32.6001 0.031723 4
      vertex 37.3489 1.96901 4
    endloop
  endfacet
  facet normal 0 0 1
    outer loop
      vertex 31.5514 0.320297 4
      vertex 30.2977 13.1955 4
      vertex 30.9119 0.409729 4
    endloop
  endfacet
  facet normal -0 0 1
    outer loop
      vertex 28.2196 12.4603 4
      vertex 30.9119 0.409729 4
      vertex 30.2977 13.1955 4
    endloop
  endfacet
  facet normal 0 0 1
    outer loop
      vertex 30.9119 0.409729 4
      vertex 28.2196 12.4603 4
      vertex 30.5445 0.430054 4
    endloop
  endfacet
  facet normal -0 0 1
    outer loop
      vertex 28.0901 12.4145 4
      vertex 30.5445 0.430054 4
      vertex 28.2196 12.4603 4
    endloop
  endfacet
  facet normal 0 0 1
    outer loop
      vertex 30.5445 0.430054 4
      vertex 28.0901 12.4145 4
      vertex 29.9706 0.413712 4
    endloop
  endfacet
  facet normal -0 0 1
    outer loop
      vertex 27.6334 12.253 4
      vertex 29.9706 0.413712 4
      vertex 28.0901 12.4145 4
    endloop
  endfacet
  facet normal -0 0 1
    outer loop
      vertex 27.6204 12.2484 4
      vertex 29.9706 0.413712 4
      vertex 27.6334 12.253 4
    endloop
  endfacet
  facet normal 0 0 1
    outer loop
      vertex 29.9706 0.413712 4
      vertex 27.6204 12.2484 4
      vertex 29.5879 0.369049 4
    endloop
  endfacet
  facet normal -0 0 1
    outer loop
      vertex 24.9704 11.3302 4
      vertex 29.5879 0.369049 4
      vertex 27.6204 12.2484 4
    endloop
  endfacet
  facet normal 0 0 1
    outer loop
      vertex 29.5879 0.369049 4
      vertex 24.9704 11.3302 4
      vertex 29.0557 0.259033 4
    endloop
  endfacet
  facet normal 0 0 1
    outer loop
      vertex 29.0557 0.259033 4
      vertex 24.9704 11.3302 4
      vertex 28.6873 0.14859 4
    endloop
  endfacet
  facet normal -0 0 1
    outer loop
      vertex 24.9509 11.3235 4
      vertex 28.6873 0.14859 4
      vertex 24.9704 11.3302 4
    endloop
  endfacet
  facet normal -0 0 1
    outer loop
      vertex 24.4274 11.1484 4
      vertex 28.6873 0.14859 4
      vertex 24.9509 11.3235 4
    endloop
  endfacet
  facet normal 0 0 1
    outer loop
      vertex 28.6873 0.14859 4
      vertex 24.4274 11.1484 4
      vertex 28.1706 -0.0570831 4
    endloop
  endfacet
  facet normal -0 0 1
    outer loop
      vertex 24.2868 11.1013 4
      vertex 28.1706 -0.0570831 4
      vertex 24.4274 11.1484 4
    endloop
  endfacet
  facet normal 0 0 1
    outer loop
      vertex 28.1706 -0.0570831 4
      vertex 24.2868 11.1013 4
      vertex 27.8432 -0.220123 4
    endloop
  endfacet
  facet normal -0 0 1
    outer loop
      vertex 22.3434 10.451 4
      vertex 27.8432 -0.220123 4
      vertex 24.2868 11.1013 4
    endloop
  endfacet
  facet normal 0 0 1
    outer loop
      vertex 27.8432 -0.220123 4
      vertex 22.3434 10.451 4
      vertex 27.3235 -0.535355 4
    endloop
  endfacet
  facet normal -0 0 1
    outer loop
      vertex 22.3097 10.4401 4
      vertex 27.3235 -0.535355 4
      vertex 22.3434 10.451 4
    endloop
  endfacet
  facet normal 0 0 1
    outer loop
      vertex 27.3235 -0.535355 4
      vertex 22.3097 10.4401 4
      vertex 27.0514 -0.730179 4
    endloop
  endfacet
  facet normal -0 0 1
    outer loop
      vertex 20.4108 9.83687 4
      vertex 27.0514 -0.730179 4
      vertex 22.3097 10.4401 4
    endloop
  endfacet
  facet normal 0 0 1
    outer loop
      vertex 27.0514 -0.730179 4
      vertex 20.4108 9.83687 4
      vertex 26.5246 -1.17171 4
    endloop
  endfacet
  facet normal -0 0 1
    outer loop
      vertex 20.2569 9.78798 4
      vertex 26.5246 -1.17171 4
      vertex 20.4108 9.83687 4
    endloop
  endfacet
  facet normal -0 0 1
    outer loop
      vertex 19.7559 9.62883 4
      vertex 26.5246 -1.17171 4
      vertex 20.2569 9.78798 4
    endloop
  endfacet
  facet normal 0 0 1
    outer loop
      vertex 26.5246 -1.17171 4
      vertex 19.7559 9.62883 4
      vertex 26.3098 -1.37793 4
    endloop
  endfacet
  facet normal -0 0 1
    outer loop
      vertex 19.7126 9.61555 4
      vertex 26.3098 -1.37793 4
      vertex 19.7559 9.62883 4
    endloop
  endfacet
  facet normal 0 0 1
    outer loop
      vertex 26.3098 -1.37793 4
      vertex 19.7126 9.61555 4
      vertex 25.7807 -1.95982 4
    endloop
  endfacet
  facet normal -0 0 1
    outer loop
      vertex 17.2319 8.88348 4
      vertex 25.7807 -1.95982 4
      vertex 19.7126 9.61555 4
    endloop
  endfacet
  facet normal 0 0 1
    outer loop
      vertex 25.7807 -1.95982 4
      vertex 17.2319 8.88348 4
      vertex 25.617 -2.16277 4
    endloop
  endfacet
  facet normal 0 0 1
    outer loop
      vertex 25.617 -2.16277 4
      vertex 17.2319 8.88348 4
      vertex 25.0972 -2.89186 4
    endloop
  endfacet
  facet normal 0 -0 1
    outer loop
      vertex 18.2428 -5.75386 4
      vertex 25.0972 -2.89186 4
      vertex 17.2319 8.88348 4
    endloop
  endfacet
  facet normal 0 -0 1
    outer loop
      vertex 18.5969 -5.80635 4
      vertex 25.0972 -2.89186 4
      vertex 18.2428 -5.75386 4
    endloop
  endfacet
  facet normal 0 -0 1
    outer loop
      vertex 19.4249 -5.99896 4
      vertex 24.9752 -3.08322 4
      vertex 18.5969 -5.80635 4
    endloop
  endfacet
  facet normal 0 0 1
    outer loop
      vertex 24.9752 -3.08322 4
      vertex 19.4249 -5.99896 4
      vertex 24.4772 -3.96072 4
    endloop
  endfacet
  facet normal 0 0 1
    outer loop
      vertex 24.4772 -3.96072 4
      vertex 19.4249 -5.99896 4
      vertex 24.3873 -4.1373 4
    endloop
  endfacet
  facet normal 0 -0 1
    outer loop
      vertex 20.5977 -6.44435 4
      vertex 23.9226 -5.16118 4
      vertex 19.751 -6.1021 4
    endloop
  endfacet
  facet normal 0 0 1
    outer loop
      vertex 23.9226 -5.16118 4
      vertex 20.5977 -6.44435 4
      vertex 23.8571 -5.32202 4
    endloop
  endfacet
  facet normal 0 -0 1
    outer loop
      vertex 20.8733 -6.57881 4
      vertex 23.8571 -5.32202 4
      vertex 20.5977 -6.44435 4
    endloop
  endfacet
  facet normal 0 0 1
    outer loop
      vertex 23.8571 -5.32202 4
      vertex 20.8733 -6.57881 4
      vertex 23.7211 -5.69829 4
    endloop
  endfacet
  facet normal 0 0 1
    outer loop
      vertex 23.682 -5.80635 4
      vertex 20.8733 -6.57881 4
      vertex 23.6123 -5.99896 4
    endloop
  endfacet
  facet normal 0 -0 1
    outer loop
      vertex 21.7246 -7.07034 4
      vertex 23.575 -6.1021 4
      vertex 20.8733 -6.57881 4
    endloop
  endfacet
  facet normal 0 0 1
    outer loop
      vertex 23.4531 -6.43924 4
      vertex 21.7246 -7.07034 4
      vertex 23.4507 -6.44435 4
    endloop
  endfacet
  facet normal 0 0 1
    outer loop
      vertex 23.4507 -6.44435 4
      vertex 21.7246 -7.07034 4
      vertex 23.3882 -6.57881 4
    endloop
  endfacet
  facet normal 0 0 1
    outer loop
      vertex 23.3882 -6.57881 4
      vertex 23.1731 -6.87971 4
      vertex 23.2766 -6.7617 4
    endloop
  endfacet
  facet normal 0 0 1
    outer loop
      vertex 23.1731 -6.87971 4
      vertex 21.7246 -7.07034 4
      vertex 23.0551 -6.9832 4
    endloop
  endfacet
  facet normal 0 0 1
    outer loop
      vertex 22.9246 -7.0704 4
      vertex 21.7246 -7.07034 4
      vertex 22.7838 -7.13982 4
    endloop
  endfacet
  facet normal 0 0 1
    outer loop
      vertex 22.7838 -7.13982 4
      vertex 21.7246 -7.07034 4
      vertex 22.6351 -7.19028 4
    endloop
  endfacet
  facet normal 0 0 1
    outer loop
      vertex 22.6351 -7.19028 4
      vertex 21.7246 -7.07034 4
      vertex 22.4812 -7.22089 4
    endloop
  endfacet
  facet normal 0 0 1
    outer loop
      vertex 22.4812 -7.22089 4
      vertex 21.7246 -7.07034 4
      vertex 22.3246 -7.23114 4
    endloop
  endfacet
  facet normal 0 0 1
    outer loop
      vertex 22.3246 -7.23114 4
      vertex 21.7246 -7.07034 4
      vertex 22.1679 -7.22087 4
    endloop
  endfacet
  facet normal 0 0 1
    outer loop
      vertex 22.014 -7.19023 4
      vertex 21.7246 -7.07034 4
      vertex 21.8654 -7.13977 4
    endloop
  endfacet
  facet normal 0 0 1
    outer loop
      vertex 22.1679 -7.22087 4
      vertex 21.7246 -7.07034 4
      vertex 22.014 -7.19023 4
    endloop
  endfacet
  facet normal 0 0 1
    outer loop
      vertex 23.0551 -6.9832 4
      vertex 21.7246 -7.07034 4
      vertex 22.9246 -7.0704 4
    endloop
  endfacet
  facet normal 0 0 1
    outer loop
      vertex 23.3882 -6.57881 4
      vertex 23.2766 -6.7617 4
      vertex 23.3638 -6.6312 4
    endloop
  endfacet
  facet normal 0 0 1
    outer loop
      vertex 23.575 -6.1021 4
      vertex 21.7246 -7.07034 4
      vertex 23.4531 -6.43924 4
    endloop
  endfacet
  facet normal 0 0 1
    outer loop
      vertex 23.6123 -5.99896 4
      vertex 20.8733 -6.57881 4
      vertex 23.575 -6.1021 4
    endloop
  endfacet
  facet normal 0 -0 1
    outer loop
      vertex 23.1731 -6.87971 4
      vertex 23.3882 -6.57881 4
      vertex 21.7246 -7.07034 4
    endloop
  endfacet
  facet normal 0 0 1
    outer loop
      vertex 23.7211 -5.69829 4
      vertex 20.8733 -6.57881 4
      vertex 23.701 -5.75386 4
    endloop
  endfacet
  facet normal 0 0 1
    outer loop
      vertex 23.701 -5.75386 4
      vertex 20.8733 -6.57881 4
      vertex 23.682 -5.80635 4
    endloop
  endfacet
  facet normal 0 0 1
    outer loop
      vertex 24.3873 -4.1373 4
      vertex 19.751 -6.1021 4
      vertex 23.9226 -5.16118 4
    endloop
  endfacet
  facet normal 0 -0 1
    outer loop
      vertex 19.751 -6.1021 4
      vertex 24.3873 -4.1373 4
      vertex 19.4249 -5.99896 4
    endloop
  endfacet
  facet normal 0 0 1
    outer loop
      vertex 25.0972 -2.89186 4
      vertex 18.5969 -5.80635 4
      vertex 24.9752 -3.08322 4
    endloop
  endfacet
  facet normal -0 0 1
    outer loop
      vertex 17.1748 8.86746 4
      vertex 18.2428 -5.75386 4
      vertex 17.2319 8.88348 4
    endloop
  endfacet
  facet normal -0 0 1
    outer loop
      vertex 15.8877 8.52501 4
      vertex 18.2428 -5.75386 4
      vertex 17.1748 8.86746 4
    endloop
  endfacet
  facet normal 0 0 1
    outer loop
      vertex 18.2428 -5.75386 4
      vertex 15.8877 8.52501 4
      vertex 17.3975 -5.69829 4
    endloop
  endfacet
  facet normal -0 0 1
    outer loop
      vertex 15.6939 8.47343 4
      vertex 17.3975 -5.69829 4
      vertex 15.8877 8.52501 4
    endloop
  endfacet
  facet normal 0 0 1
    outer loop
      vertex 17.3975 -5.69829 4
      vertex 15.6939 8.47343 4
      vertex 17.0475 -5.70316 4
    endloop
  endfacet
  facet normal -0 0 1
    outer loop
      vertex 14.7843 8.23141 4
      vertex 17.0475 -5.70316 4
      vertex 15.6939 8.47343 4
    endloop
  endfacet
  facet normal -0 0 1
    outer loop
      vertex 14.7111 8.21327 4
      vertex 17.0475 -5.70316 4
      vertex 14.7843 8.23141 4
    endloop
  endfacet
  facet normal 0 0 1
    outer loop
      vertex 17.0475 -5.70316 4
      vertex 14.7111 8.21327 4
      vertex 16.1462 -5.78772 4
    endloop
  endfacet
  facet normal -0 0 1
    outer loop
      vertex 12.4322 7.69057 4
      vertex 16.1462 -5.78772 4
      vertex 14.7111 8.21327 4
    endloop
  endfacet
  facet normal 0 0 1
    outer loop
      vertex 16.1462 -5.78772 4
      vertex 12.4322 7.69057 4
      vertex 15.8305 -5.84076 4
    endloop
  endfacet
  facet normal -0 0 1
    outer loop
      vertex 12.3374 7.67102 4
      vertex 15.8305 -5.84076 4
      vertex 12.4322 7.69057 4
    endloop
  endfacet
  facet normal 0 0 1
    outer loop
      vertex 15.8305 -5.84076 4
      vertex 12.3374 7.67102 4
      vertex 14.8417 -6.08197 4
    endloop
  endfacet
  facet normal 0 0 1
    outer loop
      vertex 14.8417 -6.08197 4
      vertex 12.3374 7.67102 4
      vertex 14.576 -6.16489 4
    endloop
  endfacet
  facet normal -0 0 1
    outer loop
      vertex 10.1909 7.27774 4
      vertex 14.576 -6.16489 4
      vertex 12.3374 7.67102 4
    endloop
  endfacet
  facet normal 0 0 1
    outer loop
      vertex 14.576 -6.16489 4
      vertex 10.1909 7.27774 4
      vertex 13.484 -6.58322 4
    endloop
  endfacet
  facet normal -0 0 1
    outer loop
      vertex 10.0681 7.25883 4
      vertex 13.484 -6.58322 4
      vertex 10.1909 7.27774 4
    endloop
  endfacet
  facet normal -0 0 1
    outer loop
      vertex 9.72336 7.21568 4
      vertex 13.484 -6.58322 4
      vertex 10.0681 7.25883 4
    endloop
  endfacet
  facet normal 0 0 1
    outer loop
      vertex 13.484 -6.58322 4
      vertex 9.72336 7.21568 4
      vertex 13.2709 -6.6781 4
    endloop
  endfacet
  facet normal -0 0 1
    outer loop
      vertex 9.71045 7.21492 4
      vertex 13.2709 -6.6781 4
      vertex 9.72336 7.21568 4
    endloop
  endfacet
  facet normal -0 0 1
    outer loop
      vertex 9.43607 7.1987 4
      vertex 13.2709 -6.6781 4
      vertex 9.71045 7.21492 4
    endloop
  endfacet
  facet normal 0 0 1
    outer loop
      vertex 13.2709 -6.6781 4
      vertex 9.43607 7.1987 4
      vertex 12.0702 -7.2908 4
    endloop
  endfacet
  facet normal 0 0 1
    outer loop
      vertex 9.4193 7.19991 4
      vertex 12.0702 -7.2908 4
      vertex 9.43607 7.1987 4
    endloop
  endfacet
  facet normal 0 0 1
    outer loop
      vertex 9.149 7.21935 4
      vertex 12.0702 -7.2908 4
      vertex 9.4193 7.19991 4
    endloop
  endfacet
  facet normal 0 0 1
    outer loop
      vertex 12.0702 -7.2908 4
      vertex 9.149 7.21935 4
      vertex 11.9043 -7.38475 4
    endloop
  endfacet
  facet normal 0 0 1
    outer loop
      vertex 9.1047 7.22845 4
      vertex 11.9043 -7.38475 4
      vertex 9.149 7.21935 4
    endloop
  endfacet
  facet normal 0 0 1
    outer loop
      vertex 8.86714 7.2773 4
      vertex 11.9043 -7.38475 4
      vertex 9.1047 7.22845 4
    endloop
  endfacet
  facet normal 0 0 1
    outer loop
      vertex 11.9043 -7.38475 4
      vertex 8.86714 7.2773 4
      vertex 10.5946 -8.20332 4
    endloop
  endfacet
  facet normal 0 0 1
    outer loop
      vertex 8.8185 7.29416 4
      vertex 10.5946 -8.20332 4
      vertex 8.86714 7.2773 4
    endloop
  endfacet
  facet normal 0 0 1
    outer loop
      vertex 8.59517 7.37157 4
      vertex 10.5946 -8.20332 4
      vertex 8.8185 7.29416 4
    endloop
  endfacet
  facet normal 0 0 1
    outer loop
      vertex 10.5946 -8.20332 4
      vertex 8.59517 7.37157 4
      vertex 10.4667 -8.28964 4
    endloop
  endfacet
  facet normal 0 0 1
    outer loop
      vertex 8.54679 7.39581 4
      vertex 10.4667 -8.28964 4
      vertex 8.59517 7.37157 4
    endloop
  endfacet
  facet normal 0 0 1
    outer loop
      vertex 1.8748 8.06587 4
      vertex 10.4667 -8.28964 4
      vertex 8.54679 7.39581 4
    endloop
  endfacet
  facet normal 0 0 1
    outer loop
      vertex 10.4667 -8.28964 4
      vertex 1.8748 8.06587 4
      vertex 9.05049 -9.31966 4
    endloop
  endfacet
  facet normal 0 0 1
    outer loop
      vertex 1.8748 8.06587 4
      vertex 8.54679 7.39581 4
      vertex 8.33792 7.50049 4
    endloop
  endfacet
  facet normal 0 0 1
    outer loop
      vertex 2.14877 8.15384 4
      vertex 8.33792 7.50049 4
      vertex 8.29169 7.5318 4
    endloop
  endfacet
  facet normal 0 0 1
    outer loop
      vertex 2.14877 8.15384 4
      vertex 8.29169 7.5318 4
      vertex 8.09976 7.6618 4
    endloop
  endfacet
  facet normal 0 0 1
    outer loop
      vertex 2.40892 8.27684 4
      vertex 8.09976 7.6618 4
      vertex 8.05708 7.69972 4
    endloop
  endfacet
  facet normal 0 0 1
    outer loop
      vertex 2.40892 8.27684 4
      vertex 8.05708 7.69972 4
      vertex 7.88452 7.85304 4
    endloop
  endfacet
  facet normal 0 0 1
    outer loop
      vertex 2.65079 8.43274 4
      vertex 7.88452 7.85304 4
      vertex 7.84675 7.89667 4
    endloop
  endfacet
  facet normal 0 0 1
    outer loop
      vertex 2.65079 8.43274 4
      vertex 7.84675 7.89667 4
      vertex 7.75729 8 4
    endloop
  endfacet
  facet normal 0 0 1
    outer loop
      vertex 2.65079 8.43274 4
      vertex 7.75729 8 4
      vertex 7.74484 8.01437 4
    endloop
  endfacet
  facet normal 0 0 1
    outer loop
      vertex 2.65079 8.43274 4
      vertex 7.74484 8.01437 4
      vertex 7.70026 8.06587 4
    endloop
  endfacet
  facet normal 0 0 1
    outer loop
      vertex 2.65079 8.43274 4
      vertex 7.70026 8.06587 4
      vertex 7.69623 8.07053 4
    endloop
  endfacet
  facet normal 0 0 1
    outer loop
      vertex 2.87035 8.61897 4
      vertex 7.69623 8.07053 4
      vertex 7.64133 8.15384 4
    endloop
  endfacet
  facet normal 0 0 1
    outer loop
      vertex 2.87035 8.61897 4
      vertex 7.64133 8.15384 4
      vertex 7.56027 8.27684 4
    endloop
  endfacet
  facet normal 0 0 1
    outer loop
      vertex 2.87692 8.62622 4
      vertex 7.56027 8.27684 4
      vertex 7.53786 8.31085 4
    endloop
  endfacet
  facet normal 0 0 1
    outer loop
      vertex 3.06358 8.83211 4
      vertex 7.53786 8.31085 4
      vertex 7.48077 8.43274 4
    endloop
  endfacet
  facet normal 0 0 1
    outer loop
      vertex 8.33792 7.50049 4
      vertex 2.14877 8.15384 4
      vertex 1.8893 8.07053 4
    endloop
  endfacet
  facet normal 0 0 1
    outer loop
      vertex 3.06358 8.83211 4
      vertex 7.48077 8.43274 4
      vertex 7.39355 8.61897 4
    endloop
  endfacet
  facet normal 0 0 1
    outer loop
      vertex 3.22733 9.06863 4
      vertex 7.39355 8.61897 4
      vertex 7.39015 8.62622 4
    endloop
  endfacet
  facet normal 0 0 1
    outer loop
      vertex 8.33792 7.50049 4
      vertex 1.8893 8.07053 4
      vertex 1.8748 8.06587 4
    endloop
  endfacet
  facet normal 0 0 1
    outer loop
      vertex 3.22733 9.06863 4
      vertex 7.39015 8.62622 4
      vertex 7.31294 8.83211 4
    endloop
  endfacet
  facet normal -0 0 1
    outer loop
      vertex 3.22733 9.06863 4
      vertex 7.31294 8.83211 4
      vertex 7.22425 9.06863 4
    endloop
  endfacet
  facet normal -0 0 1
    outer loop
      vertex 3.3589 9.32468 4
      vertex 7.22425 9.06863 4
      vertex 7.12823 9.32468 4
    endloop
  endfacet
  facet normal 0 0 1
    outer loop
      vertex 3.3589 9.32468 4
      vertex 7.12823 9.32468 4
      vertex 7.02657 9.59578 4
    endloop
  endfacet
  facet normal 0 0 1
    outer loop
      vertex 3.45593 9.59578 4
      vertex 7.02657 9.59578 4
      vertex 6.27773 11.5927 4
    endloop
  endfacet
  facet normal 0 0 1
    outer loop
      vertex 4.00031 11.5011 4
      vertex 6.27773 11.5927 4
      vertex 6.21312 11.7358 4
    endloop
  endfacet
  facet normal 0 0 1
    outer loop
      vertex 4.00031 11.5011 4
      vertex 6.21312 11.7358 4
      vertex 6.13039 11.8692 4
    endloop
  endfacet
  facet normal 0 0 1
    outer loop
      vertex 4.00031 11.5011 4
      vertex 6.13039 11.8692 4
      vertex 6.03096 11.9906 4
    endloop
  endfacet
  facet normal 0 0 1
    outer loop
      vertex 4.00031 11.5011 4
      vertex 6.03096 11.9906 4
      vertex 5.91652 12.0981 4
    endloop
  endfacet
  facet normal 0 0 1
    outer loop
      vertex 4.00031 11.5011 4
      vertex 5.91652 12.0981 4
      vertex 5.78903 12.1897 4
    endloop
  endfacet
  facet normal 0 0 1
    outer loop
      vertex 7.39355 8.61897 4
      vertex 3.22733 9.06863 4
      vertex 3.06358 8.83211 4
    endloop
  endfacet
  facet normal 0 0 1
    outer loop
      vertex 7.53786 8.31085 4
      vertex 3.06358 8.83211 4
      vertex 2.87692 8.62622 4
    endloop
  endfacet
  facet normal 0 0 1
    outer loop
      vertex 4.00031 11.5011 4
      vertex 5.78903 12.1897 4
      vertex 5.6507 12.2638 4
    endloop
  endfacet
  facet normal 0 0 1
    outer loop
      vertex 4.00031 11.5011 4
      vertex 5.6507 12.2638 4
      vertex 5.50386 12.3193 4
    endloop
  endfacet
  facet normal 0 0 1
    outer loop
      vertex 4.00031 11.5011 4
      vertex 5.50386 12.3193 4
      vertex 5.35103 12.3551 4
    endloop
  endfacet
  facet normal 0 0 1
    outer loop
      vertex 4.00031 11.5011 4
      vertex 5.35103 12.3551 4
      vertex 5.19484 12.3707 4
    endloop
  endfacet
  facet normal 0 0 1
    outer loop
      vertex 4.00031 11.5011 4
      vertex 5.19484 12.3707 4
      vertex 5.03795 12.3658 4
    endloop
  endfacet
  facet normal 0 0 1
    outer loop
      vertex 4.00031 11.5011 4
      vertex 5.03795 12.3658 4
      vertex 4.88304 12.3404 4
    endloop
  endfacet
  facet normal 0 0 1
    outer loop
      vertex 4.00031 11.5011 4
      vertex 4.88304 12.3404 4
      vertex 4.73279 12.295 4
    endloop
  endfacet
  facet normal 0 0 1
    outer loop
      vertex 4.00031 11.5011 4
      vertex 4.73279 12.295 4
      vertex 4.58974 12.2304 4
    endloop
  endfacet
  facet normal 0 0 1
    outer loop
      vertex 4.00031 11.5011 4
      vertex 4.58974 12.2304 4
      vertex 4.45633 12.1476 4
    endloop
  endfacet
  facet normal 0 0 1
    outer loop
      vertex 4.00031 11.5011 4
      vertex 4.45633 12.1476 4
      vertex 4.33487 12.0482 4
    endloop
  endfacet
  facet normal 0 0 1
    outer loop
      vertex 4.00031 11.5011 4
      vertex 4.33487 12.0482 4
      vertex 4.22743 11.9338 4
    endloop
  endfacet
  facet normal 0 0 1
    outer loop
      vertex 4.00031 11.5011 4
      vertex 4.22743 11.9338 4
      vertex 4.13585 11.8063 4
    endloop
  endfacet
  facet normal 0 0 1
    outer loop
      vertex 4.00031 11.5011 4
      vertex 4.13585 11.8063 4
      vertex 4.06169 11.668 4
    endloop
  endfacet
  facet normal 0 0 1
    outer loop
      vertex 6.27773 11.5927 4
      vertex 4.00031 11.5011 4
      vertex 3.45593 9.59578 4
    endloop
  endfacet
  facet normal 0 0 1
    outer loop
      vertex 7.02657 9.59578 4
      vertex 3.45593 9.59578 4
      vertex 3.3589 9.32468 4
    endloop
  endfacet
  facet normal 0 0 1
    outer loop
      vertex 7.22425 9.06863 4
      vertex 3.3589 9.32468 4
      vertex 3.22733 9.06863 4
    endloop
  endfacet
  facet normal 0 0 1
    outer loop
      vertex 7.56027 8.27684 4
      vertex 2.87692 8.62622 4
      vertex 2.87035 8.61897 4
    endloop
  endfacet
  facet normal 0 0 1
    outer loop
      vertex 7.69623 8.07053 4
      vertex 2.87035 8.61897 4
      vertex 2.65079 8.43274 4
    endloop
  endfacet
  facet normal 0 0 1
    outer loop
      vertex 7.88452 7.85304 4
      vertex 2.65079 8.43274 4
      vertex 2.46169 8.31085 4
    endloop
  endfacet
  facet normal 0 0 1
    outer loop
      vertex 7.88452 7.85304 4
      vertex 2.46169 8.31085 4
      vertex 2.40892 8.27684 4
    endloop
  endfacet
  facet normal 0 0 1
    outer loop
      vertex 8.09976 7.6618 4
      vertex 2.40892 8.27684 4
      vertex 2.14877 8.15384 4
    endloop
  endfacet
  facet normal -0 0 1
    outer loop
      vertex 1.59167 8.01437 4
      vertex 9.05049 -9.31966 4
      vertex 1.8748 8.06587 4
    endloop
  endfacet
  facet normal 0 0 1
    outer loop
      vertex 9.05049 -9.31966 4
      vertex 1.59167 8.01437 4
      vertex 8.95219 -9.39548 4
    endloop
  endfacet
  facet normal -0 0 1
    outer loop
      vertex 1.34044 8 4
      vertex 8.95219 -9.39548 4
      vertex 1.59167 8.01437 4
    endloop
  endfacet
  facet normal 0 0 1
    outer loop
      vertex 8.95219 -9.39548 4
      vertex 1.34044 8 4
      vertex 7.42928 -10.6403 4
    endloop
  endfacet
  facet normal 0 0 1
    outer loop
      vertex 7.42928 -10.6403 4
      vertex 1.34044 8 4
      vertex 7.35394 -10.7047 4
    endloop
  endfacet
  facet normal 0 0 1
    outer loop
      vertex -7.35394 -10.7047 4
      vertex 7.35394 -10.7047 4
      vertex 1.34044 8 4
    endloop
  endfacet
  facet normal 0 0 1
    outer loop
      vertex 7.35394 -10.7047 4
      vertex -7.35394 -10.7047 4
      vertex 5.7224 -12.1664 4
    endloop
  endfacet
  facet normal 0 -0 1
    outer loop
      vertex -5.7224 -12.1664 4
      vertex 5.7224 -12.1664 4
      vertex -7.35394 -10.7047 4
    endloop
  endfacet
  facet normal 0 -0 1
    outer loop
      vertex -5.66444 -12.2202 4
      vertex 5.66444 -12.2202 4
      vertex -5.7224 -12.1664 4
    endloop
  endfacet
  facet normal 0 0 1
    outer loop
      vertex 3.92378 -13.8974 4
      vertex -3.92378 -13.8974 4
      vertex 3.87772 -13.9431 4
    endloop
  endfacet
  facet normal 0 0 1
    outer loop
      vertex 5.66444 -12.2202 4
      vertex -5.66444 -12.2202 4
      vertex 3.92378 -13.8974 4
    endloop
  endfacet
  facet normal 0 -0 1
    outer loop
      vertex -3.87772 -13.9431 4
      vertex 3.87772 -13.9431 4
      vertex -3.92378 -13.8974 4
    endloop
  endfacet
  facet normal 0 0 1
    outer loop
      vertex 2.02283 -15.8371 4
      vertex -2.02283 -15.8371 4
      vertex 1.98785 -15.8737 4
    endloop
  endfacet
  facet normal 0 -0 1
    outer loop
      vertex -1.98785 -15.8737 4
      vertex 1.98785 -15.8737 4
      vertex -2.02283 -15.8371 4
    endloop
  endfacet
  facet normal 0 0 1
    outer loop
      vertex 1.98785 -15.8737 4
      vertex -1.98785 -15.8737 4
      vertex 0.876587 -17.0624 4
    endloop
  endfacet
  facet normal 0 -0 1
    outer loop
      vertex -0.876587 -17.0624 4
      vertex 0.876587 -17.0624 4
      vertex -1.98785 -15.8737 4
    endloop
  endfacet
  facet normal 0 0 1
    outer loop
      vertex 0.876587 -17.0624 4
      vertex -0.876587 -17.0624 4
      vertex 0.819504 -17.1194 4
    endloop
  endfacet
  facet normal 0 0 1
    outer loop
      vertex 0.698074 -17.2189 4
      vertex -0.876587 -17.0624 4
      vertex 0.564713 -17.3017 4
    endloop
  endfacet
  facet normal 0 0 1
    outer loop
      vertex 0.564713 -17.3017 4
      vertex -0.876587 -17.0624 4
      vertex 0.421677 -17.3663 4
    endloop
  endfacet
  facet normal 0 0 1
    outer loop
      vertex 0.421677 -17.3663 4
      vertex -0.876587 -17.0624 4
      vertex 0.271423 -17.4118 4
    endloop
  endfacet
  facet normal 0 0 1
    outer loop
      vertex 0.271423 -17.4118 4
      vertex -0.876587 -17.0624 4
      vertex 0.116531 -17.4372 4
    endloop
  endfacet
  facet normal 0 0 1
    outer loop
      vertex -0.0403595 -17.4422 4
      vertex -0.876587 -17.0624 4
      vertex -0.196564 -17.4267 4
    endloop
  endfacet
  facet normal 0 0 1
    outer loop
      vertex -0.196564 -17.4267 4
      vertex -0.876587 -17.0624 4
      vertex -0.349396 -17.3909 4
    endloop
  endfacet
  facet normal 0 0 1
    outer loop
      vertex -0.349396 -17.3909 4
      vertex -0.876587 -17.0624 4
      vertex -0.496246 -17.3354 4
    endloop
  endfacet
  facet normal 0 0 1
    outer loop
      vertex -0.496246 -17.3354 4
      vertex -0.876587 -17.0624 4
      vertex -0.634613 -17.2613 4
    endloop
  endfacet
  facet normal 0 0 1
    outer loop
      vertex -7.35394 -10.7047 4
      vertex 1.34044 8 4
      vertex -1.34052 8 4
    endloop
  endfacet
  facet normal 0 0 1
    outer loop
      vertex -8.95219 -9.39548 4
      vertex -1.34052 8 4
      vertex -1.62773 8.01881 4
    endloop
  endfacet
  facet normal 0 0 1
    outer loop
      vertex -9.05049 -9.31966 4
      vertex -1.62773 8.01881 4
      vertex -1.90984 8.07494 4
    endloop
  endfacet
  facet normal 0 0 1
    outer loop
      vertex -0.634613 -17.2613 4
      vertex -0.876587 -17.0624 4
      vertex -0.762115 -17.1698 4
    endloop
  endfacet
  facet normal 0 0 1
    outer loop
      vertex 0.116531 -17.4372 4
      vertex -0.876587 -17.0624 4
      vertex -0.0403595 -17.4422 4
    endloop
  endfacet
  facet normal 0 0 1
    outer loop
      vertex -8.2861 7.5318 4
      vertex -1.90984 8.07494 4
      vertex -2.0406 8.11932 4
    endloop
  endfacet
  facet normal 0 0 1
    outer loop
      vertex -8.2861 7.5318 4
      vertex -2.0406 8.11932 4
      vertex -2.18251 8.1675 4
    endloop
  endfacet
  facet normal 0 0 1
    outer loop
      vertex -8.05238 7.69972 4
      vertex -2.18251 8.1675 4
      vertex -2.44055 8.29474 4
    endloop
  endfacet
  facet normal 0 0 1
    outer loop
      vertex -7.88907 7.85304 4
      vertex -2.44055 8.29474 4
      vertex -2.54413 8.36395 4
    endloop
  endfacet
  facet normal 0 0 1
    outer loop
      vertex -7.84261 7.89667 4
      vertex -2.54413 8.36395 4
      vertex -2.67975 8.45457 4
    endloop
  endfacet
  facet normal 0 0 1
    outer loop
      vertex -7.66031 8.11932 4
      vertex -2.67975 8.45457 4
      vertex -2.87543 8.62621 4
    endloop
  endfacet
  facet normal 0 0 1
    outer loop
      vertex -7.66031 8.11932 4
      vertex -2.87543 8.62621 4
      vertex -2.89615 8.64438 4
    endloop
  endfacet
  facet normal 0 0 1
    outer loop
      vertex -7.50862 8.36395 4
      vertex -2.89615 8.64438 4
      vertex -3.08595 8.86078 4
    endloop
  endfacet
  facet normal 0 0 1
    outer loop
      vertex -7.39017 8.62621 4
      vertex -3.08595 8.86078 4
      vertex -3.24577 9.09996 4
    endloop
  endfacet
  facet normal -0 0 1
    outer loop
      vertex -7.11569 9.35814 4
      vertex -3.24577 9.09996 4
      vertex -3.37309 9.35814 4
    endloop
  endfacet
  facet normal -0 0 1
    outer loop
      vertex -7.02665 9.59558 4
      vertex -3.37309 9.35814 4
      vertex -3.45589 9.59558 4
    endloop
  endfacet
  facet normal 0 0 1
    outer loop
      vertex 0.819504 -17.1194 4
      vertex -0.876587 -17.0624 4
      vertex 0.698074 -17.2189 4
    endloop
  endfacet
  facet normal 0 -0 1
    outer loop
      vertex -2.02283 -15.8371 4
      vertex 2.02283 -15.8371 4
      vertex -3.87772 -13.9431 4
    endloop
  endfacet
  facet normal 0 0 1
    outer loop
      vertex -6.27773 11.5927 4
      vertex -3.45589 9.59558 4
      vertex -4.00031 11.5011 4
    endloop
  endfacet
  facet normal -0 0 1
    outer loop
      vertex -6.27773 11.5927 4
      vertex -4.00031 11.5011 4
      vertex -4.05321 11.6488 4
    endloop
  endfacet
  facet normal 0 0 1
    outer loop
      vertex -6.27773 11.5927 4
      vertex -4.05321 11.6488 4
      vertex -4.12494 11.7885 4
    endloop
  endfacet
  facet normal 0 0 1
    outer loop
      vertex -6.27773 11.5927 4
      vertex -4.12494 11.7885 4
      vertex -4.21429 11.9175 4
    endloop
  endfacet
  facet normal 0 0 1
    outer loop
      vertex -6.27773 11.5927 4
      vertex -4.21429 11.9175 4
      vertex -4.31972 12.0338 4
    endloop
  endfacet
  facet normal 0 0 1
    outer loop
      vertex -6.27773 11.5927 4
      vertex -4.31972 12.0338 4
      vertex -4.43942 12.1353 4
    endloop
  endfacet
  facet normal 0 0 1
    outer loop
      vertex -6.27773 11.5927 4
      vertex -4.43942 12.1353 4
      vertex -4.57137 12.2204 4
    endloop
  endfacet
  facet normal 0 0 1
    outer loop
      vertex -6.27773 11.5927 4
      vertex -4.57137 12.2204 4
      vertex -4.71327 12.2875 4
    endloop
  endfacet
  facet normal 0 0 1
    outer loop
      vertex -6.27773 11.5927 4
      vertex -4.71327 12.2875 4
      vertex -4.86272 12.3355 4
    endloop
  endfacet
  facet normal 0 0 1
    outer loop
      vertex -6.27773 11.5927 4
      vertex -4.86272 12.3355 4
      vertex -5.01715 12.3635 4
    endloop
  endfacet
  facet normal 0 0 1
    outer loop
      vertex -6.27773 11.5927 4
      vertex -5.01715 12.3635 4
      vertex -5.17393 12.3712 4
    endloop
  endfacet
  facet normal 0 0 1
    outer loop
      vertex -6.27773 11.5927 4
      vertex -5.17393 12.3712 4
      vertex -5.33037 12.3584 4
    endloop
  endfacet
  facet normal 0 0 1
    outer loop
      vertex -6.27773 11.5927 4
      vertex -5.33037 12.3584 4
      vertex -5.4838 12.3252 4
    endloop
  endfacet
  facet normal 0 0 1
    outer loop
      vertex -6.27773 11.5927 4
      vertex -5.4838 12.3252 4
      vertex -5.63158 12.2723 4
    endloop
  endfacet
  facet normal 0 0 1
    outer loop
      vertex -3.08595 8.86078 4
      vertex -7.39017 8.62621 4
      vertex -7.46769 8.45457 4
    endloop
  endfacet
  facet normal 0 0 1
    outer loop
      vertex -3.08595 8.86078 4
      vertex -7.46769 8.45457 4
      vertex -7.50862 8.36395 4
    endloop
  endfacet
  facet normal 0 0 1
    outer loop
      vertex -6.27773 11.5927 4
      vertex -5.63158 12.2723 4
      vertex -5.77119 12.2006 4
    endloop
  endfacet
  facet normal 0 0 1
    outer loop
      vertex -6.27773 11.5927 4
      vertex -5.77119 12.2006 4
      vertex -5.90025 12.1112 4
    endloop
  endfacet
  facet normal 0 0 1
    outer loop
      vertex -6.27773 11.5927 4
      vertex -5.90025 12.1112 4
      vertex -6.01654 12.0058 4
    endloop
  endfacet
  facet normal 0 0 1
    outer loop
      vertex -6.27773 11.5927 4
      vertex -6.01654 12.0058 4
      vertex -6.11807 11.8861 4
    endloop
  endfacet
  facet normal 0 0 1
    outer loop
      vertex -6.27773 11.5927 4
      vertex -6.11807 11.8861 4
      vertex -6.20312 11.7542 4
    endloop
  endfacet
  facet normal 0 0 1
    outer loop
      vertex -3.45589 9.59558 4
      vertex -6.27773 11.5927 4
      vertex -7.02665 9.59558 4
    endloop
  endfacet
  facet normal 0 0 1
    outer loop
      vertex -3.37309 9.35814 4
      vertex -7.02665 9.59558 4
      vertex -7.11569 9.35814 4
    endloop
  endfacet
  facet normal 0 0 1
    outer loop
      vertex -3.24577 9.09996 4
      vertex -7.11569 9.35814 4
      vertex -7.39017 8.62621 4
    endloop
  endfacet
  facet normal 0 0 1
    outer loop
      vertex -2.89615 8.64438 4
      vertex -7.50862 8.36395 4
      vertex -7.55154 8.29474 4
    endloop
  endfacet
  facet normal 0 0 1
    outer loop
      vertex 3.87772 -13.9431 4
      vertex -3.87772 -13.9431 4
      vertex 2.02283 -15.8371 4
    endloop
  endfacet
  facet normal 0 0 1
    outer loop
      vertex -2.89615 8.64438 4
      vertex -7.55154 8.29474 4
      vertex -7.63044 8.1675 4
    endloop
  endfacet
  facet normal 0 0 1
    outer loop
      vertex -2.89615 8.64438 4
      vertex -7.63044 8.1675 4
      vertex -7.66031 8.11932 4
    endloop
  endfacet
  facet normal 0 0 1
    outer loop
      vertex -2.67975 8.45457 4
      vertex -7.66031 8.11932 4
      vertex -7.69665 8.07494 4
    endloop
  endfacet
  facet normal 0 -0 1
    outer loop
      vertex -3.92378 -13.8974 4
      vertex 3.92378 -13.8974 4
      vertex -5.66444 -12.2202 4
    endloop
  endfacet
  facet normal 0 0 1
    outer loop
      vertex -2.67975 8.45457 4
      vertex -7.69665 8.07494 4
      vertex -7.7426 8.01881 4
    endloop
  endfacet
  facet normal 0 0 1
    outer loop
      vertex -2.67975 8.45457 4
      vertex -7.7426 8.01881 4
      vertex -7.758 8 4
    endloop
  endfacet
  facet normal 0 0 1
    outer loop
      vertex -2.67975 8.45457 4
      vertex -7.758 8 4
      vertex -7.84261 7.89667 4
    endloop
  endfacet
  facet normal 0 0 1
    outer loop
      vertex -2.54413 8.36395 4
      vertex -7.84261 7.89667 4
      vertex -7.88907 7.85304 4
    endloop
  endfacet
  facet normal 0 0 1
    outer loop
      vertex 5.7224 -12.1664 4
      vertex -5.7224 -12.1664 4
      vertex 5.66444 -12.2202 4
    endloop
  endfacet
  facet normal 0 0 1
    outer loop
      vertex -1.34052 8 4
      vertex -7.42928 -10.6403 4
      vertex -7.35394 -10.7047 4
    endloop
  endfacet
  facet normal 0 0 1
    outer loop
      vertex -2.44055 8.29474 4
      vertex -7.88907 7.85304 4
      vertex -8.05238 7.69972 4
    endloop
  endfacet
  facet normal 0 0 1
    outer loop
      vertex -2.18251 8.1675 4
      vertex -8.05238 7.69972 4
      vertex -8.10516 7.6618 4
    endloop
  endfacet
  facet normal 0 0 1
    outer loop
      vertex -2.18251 8.1675 4
      vertex -8.10516 7.6618 4
      vertex -8.2861 7.5318 4
    endloop
  endfacet
  facet normal 0 0 1
    outer loop
      vertex -1.90984 8.07494 4
      vertex -8.2861 7.5318 4
      vertex -8.34451 7.50049 4
    endloop
  endfacet
  facet normal 0 0 1
    outer loop
      vertex -1.90984 8.07494 4
      vertex -8.34451 7.50049 4
      vertex -8.53978 7.39581 4
    endloop
  endfacet
  facet normal 0 0 1
    outer loop
      vertex -1.90984 8.07494 4
      vertex -8.53978 7.39581 4
      vertex -10.4667 -8.28964 4
    endloop
  endfacet
  facet normal 0 0 1
    outer loop
      vertex -10.4667 -8.28964 4
      vertex -8.53978 7.39581 4
      vertex -8.60397 7.37157 4
    endloop
  endfacet
  facet normal 0 0 1
    outer loop
      vertex -10.4667 -8.28964 4
      vertex -8.60397 7.37157 4
      vertex -8.80891 7.29416 4
    endloop
  endfacet
  facet normal 0 0 1
    outer loop
      vertex -11.9043 -7.38475 4
      vertex -8.80891 7.29416 4
      vertex -8.88083 7.2773 4
    endloop
  endfacet
  facet normal 0 0 1
    outer loop
      vertex -1.34052 8 4
      vertex -8.95219 -9.39548 4
      vertex -7.42928 -10.6403 4
    endloop
  endfacet
  facet normal 0 0 1
    outer loop
      vertex -1.62773 8.01881 4
      vertex -9.05049 -9.31966 4
      vertex -8.95219 -9.39548 4
    endloop
  endfacet
  facet normal 0 0 1
    outer loop
      vertex -11.9043 -7.38475 4
      vertex -8.88083 7.2773 4
      vertex -9.08914 7.22845 4
    endloop
  endfacet
  facet normal 0 0 1
    outer loop
      vertex -12.0702 -7.2908 4
      vertex -9.08914 7.22845 4
      vertex -9.18051 7.21935 4
    endloop
  endfacet
  facet normal 0 0 1
    outer loop
      vertex -12.0702 -7.2908 4
      vertex -9.18051 7.21935 4
      vertex -9.3755 7.19991 4
    endloop
  endfacet
  facet normal 0 0 1
    outer loop
      vertex -13.2709 -6.6781 4
      vertex -9.3755 7.19991 4
      vertex -9.70648 7.21492 4
    endloop
  endfacet
  facet normal 0 0 1
    outer loop
      vertex -13.2709 -6.6781 4
      vertex -9.70648 7.21492 4
      vertex -9.7233 7.21568 4
    endloop
  endfacet
  facet normal 0 0 1
    outer loop
      vertex -13.484 -6.58322 4
      vertex -9.7233 7.21568 4
      vertex -10.0681 7.25883 4
    endloop
  endfacet
  facet normal 0 0 1
    outer loop
      vertex -13.484 -6.58322 4
      vertex -10.0681 7.25883 4
      vertex -10.1909 7.27774 4
    endloop
  endfacet
  facet normal 0 0 1
    outer loop
      vertex -1.90984 8.07494 4
      vertex -10.4667 -8.28964 4
      vertex -9.05049 -9.31966 4
    endloop
  endfacet
  facet normal 0 0 1
    outer loop
      vertex -8.80891 7.29416 4
      vertex -10.5946 -8.20332 4
      vertex -10.4667 -8.28964 4
    endloop
  endfacet
  facet normal 0 0 1
    outer loop
      vertex -8.80891 7.29416 4
      vertex -11.9043 -7.38475 4
      vertex -10.5946 -8.20332 4
    endloop
  endfacet
  facet normal 0 0 1
    outer loop
      vertex -9.08914 7.22845 4
      vertex -12.0702 -7.2908 4
      vertex -11.9043 -7.38475 4
    endloop
  endfacet
  facet normal 0 0 1
    outer loop
      vertex -14.576 -6.16489 4
      vertex -10.1909 7.27774 4
      vertex -12.3374 7.67102 4
    endloop
  endfacet
  facet normal 0 0 1
    outer loop
      vertex -15.8305 -5.84076 4
      vertex -12.3374 7.67102 4
      vertex -12.4322 7.69057 4
    endloop
  endfacet
  facet normal 0 0 1
    outer loop
      vertex -9.3755 7.19991 4
      vertex -13.2709 -6.6781 4
      vertex -12.0702 -7.2908 4
    endloop
  endfacet
  facet normal 0 0 1
    outer loop
      vertex -9.7233 7.21568 4
      vertex -13.484 -6.58322 4
      vertex -13.2709 -6.6781 4
    endloop
  endfacet
  facet normal 0 0 1
    outer loop
      vertex -10.1909 7.27774 4
      vertex -14.576 -6.16489 4
      vertex -13.484 -6.58322 4
    endloop
  endfacet
  facet normal 0 0 1
    outer loop
      vertex -16.1462 -5.78772 4
      vertex -12.4322 7.69057 4
      vertex -14.7111 8.21327 4
    endloop
  endfacet
  facet normal 0 0 1
    outer loop
      vertex -17.0475 -5.70316 4
      vertex -14.7111 8.21327 4
      vertex -14.7843 8.23141 4
    endloop
  endfacet
  facet normal 0 0 1
    outer loop
      vertex -12.3374 7.67102 4
      vertex -14.8417 -6.08197 4
      vertex -14.576 -6.16489 4
    endloop
  endfacet
  facet normal 0 0 1
    outer loop
      vertex -17.0475 -5.70316 4
      vertex -14.7843 8.23141 4
      vertex -15.6939 8.47343 4
    endloop
  endfacet
  facet normal 0 0 1
    outer loop
      vertex -12.3374 7.67102 4
      vertex -15.8305 -5.84076 4
      vertex -14.8417 -6.08197 4
    endloop
  endfacet
  facet normal 0 0 1
    outer loop
      vertex -17.3975 -5.69829 4
      vertex -15.6939 8.47343 4
      vertex -15.8877 8.52501 4
    endloop
  endfacet
  facet normal 0 0 1
    outer loop
      vertex -12.4322 7.69057 4
      vertex -16.1462 -5.78772 4
      vertex -15.8305 -5.84076 4
    endloop
  endfacet
  facet normal 0 0 1
    outer loop
      vertex -14.7111 8.21327 4
      vertex -17.0475 -5.70316 4
      vertex -16.1462 -5.78772 4
    endloop
  endfacet
  facet normal 0 0 1
    outer loop
      vertex -18.2428 -5.75386 4
      vertex -15.8877 8.52501 4
      vertex -17.1748 8.86746 4
    endloop
  endfacet
  facet normal 0 0 1
    outer loop
      vertex -18.2428 -5.75386 4
      vertex -17.1748 8.86746 4
      vertex -17.2319 8.88348 4
    endloop
  endfacet
  facet normal 0 0 1
    outer loop
      vertex -15.6939 8.47343 4
      vertex -17.3975 -5.69829 4
      vertex -17.0475 -5.70316 4
    endloop
  endfacet
  facet normal 0 0 1
    outer loop
      vertex -15.8877 8.52501 4
      vertex -18.2428 -5.75386 4
      vertex -17.3975 -5.69829 4
    endloop
  endfacet
  facet normal -0 0 1
    outer loop
      vertex -25.0972 -2.89186 4
      vertex -18.2428 -5.75386 4
      vertex -17.2319 8.88348 4
    endloop
  endfacet
  facet normal 0 0 1
    outer loop
      vertex -18.2428 -5.75386 4
      vertex -25.0972 -2.89186 4
      vertex -18.5969 -5.80635 4
    endloop
  endfacet
  facet normal 0 0 1
    outer loop
      vertex -25.7807 -1.95982 4
      vertex -17.2319 8.88348 4
      vertex -19.7126 9.61555 4
    endloop
  endfacet
  facet normal -0 -0 1
    outer loop
      vertex -24.9752 -3.08322 4
      vertex -18.5969 -5.80635 4
      vertex -25.0972 -2.89186 4
    endloop
  endfacet
  facet normal 0 0 1
    outer loop
      vertex -26.3098 -1.37793 4
      vertex -19.7126 9.61555 4
      vertex -19.7559 9.62883 4
    endloop
  endfacet
  facet normal 0 0 1
    outer loop
      vertex -26.5246 -1.17171 4
      vertex -19.7559 9.62883 4
      vertex -20.2569 9.78798 4
    endloop
  endfacet
  facet normal 0 0 1
    outer loop
      vertex -26.5246 -1.17171 4
      vertex -20.2569 9.78798 4
      vertex -20.4108 9.83687 4
    endloop
  endfacet
  facet normal 0 0 1
    outer loop
      vertex -18.5969 -5.80635 4
      vertex -24.9752 -3.08322 4
      vertex -19.4249 -5.99896 4
    endloop
  endfacet
  facet normal 0 0 1
    outer loop
      vertex -19.4249 -5.99896 4
      vertex -24.4772 -3.96072 4
      vertex -19.751 -6.1021 4
    endloop
  endfacet
  facet normal -0 -0 1
    outer loop
      vertex -24.3873 -4.1373 4
      vertex -19.751 -6.1021 4
      vertex -24.4772 -3.96072 4
    endloop
  endfacet
  facet normal -0 -0 1
    outer loop
      vertex -23.9226 -5.16118 4
      vertex -20.5977 -6.44435 4
      vertex -24.3873 -4.1373 4
    endloop
  endfacet
  facet normal -0 -0 1
    outer loop
      vertex -23.8571 -5.32202 4
      vertex -20.5977 -6.44435 4
      vertex -23.9226 -5.16118 4
    endloop
  endfacet
  facet normal -0 -0 1
    outer loop
      vertex -23.7211 -5.69829 4
      vertex -20.8733 -6.57881 4
      vertex -23.8571 -5.32202 4
    endloop
  endfacet
  facet normal 0 0 1
    outer loop
      vertex -27.0514 -0.730179 4
      vertex -20.4108 9.83687 4
      vertex -22.3097 10.4401 4
    endloop
  endfacet
  facet normal 0 0 1
    outer loop
      vertex -27.3235 -0.535355 4
      vertex -22.3097 10.4401 4
      vertex -22.3434 10.451 4
    endloop
  endfacet
  facet normal -0 -0 1
    outer loop
      vertex -23.701 -5.75386 4
      vertex -20.8733 -6.57881 4
      vertex -23.7211 -5.69829 4
    endloop
  endfacet
  facet normal -0 -0 1
    outer loop
      vertex -23.682 -5.80635 4
      vertex -20.8733 -6.57881 4
      vertex -23.701 -5.75386 4
    endloop
  endfacet
  facet normal -0 -0 1
    outer loop
      vertex -23.6123 -5.99896 4
      vertex -20.8733 -6.57881 4
      vertex -23.682 -5.80635 4
    endloop
  endfacet
  facet normal -0 -0 1
    outer loop
      vertex -23.575 -6.1021 4
      vertex -21.7246 -7.07034 4
      vertex -23.6123 -5.99896 4
    endloop
  endfacet
  facet normal -0 -0 1
    outer loop
      vertex -23.4531 -6.43924 4
      vertex -21.7246 -7.07034 4
      vertex -23.575 -6.1021 4
    endloop
  endfacet
  facet normal -0 -0 1
    outer loop
      vertex -23.4509 -6.44435 4
      vertex -21.7246 -7.07034 4
      vertex -23.4531 -6.43924 4
    endloop
  endfacet
  facet normal 0 0 1
    outer loop
      vertex -21.9165 -7.15962 4
      vertex -23.4509 -6.44435 4
      vertex -22.0673 -7.20323 4
    endloop
  endfacet
  facet normal 0 0 1
    outer loop
      vertex -22.0673 -7.20323 4
      vertex -23.4509 -6.44435 4
      vertex -22.2225 -7.22679 4
    endloop
  endfacet
  facet normal 0 0 1
    outer loop
      vertex -22.3794 -7.22989 4
      vertex -23.4509 -6.44435 4
      vertex -22.5354 -7.21248 4
    endloop
  endfacet
  facet normal 0 0 1
    outer loop
      vertex -23.211 -6.84003 4
      vertex -23.4509 -6.44435 4
      vertex -23.309 -6.71741 4
    endloop
  endfacet
  facet normal 0 0 1
    outer loop
      vertex -23.309 -6.71741 4
      vertex -23.392 -6.57881 4
      vertex -23.3902 -6.58305 4
    endloop
  endfacet
  facet normal 0 0 1
    outer loop
      vertex -23.309 -6.71741 4
      vertex -23.4509 -6.44435 4
      vertex -23.392 -6.57881 4
    endloop
  endfacet
  facet normal 0 0 1
    outer loop
      vertex -23.0979 -6.94881 4
      vertex -23.4509 -6.44435 4
      vertex -23.211 -6.84003 4
    endloop
  endfacet
  facet normal 0 0 1
    outer loop
      vertex -22.9715 -7.04189 4
      vertex -23.4509 -6.44435 4
      vertex -23.0979 -6.94881 4
    endloop
  endfacet
  facet normal 0 0 1
    outer loop
      vertex -22.834 -7.11766 4
      vertex -23.4509 -6.44435 4
      vertex -22.9715 -7.04189 4
    endloop
  endfacet
  facet normal 0 0 1
    outer loop
      vertex -22.6878 -7.17487 4
      vertex -23.4509 -6.44435 4
      vertex -22.834 -7.11766 4
    endloop
  endfacet
  facet normal 0 0 1
    outer loop
      vertex -22.5354 -7.21248 4
      vertex -23.4509 -6.44435 4
      vertex -22.6878 -7.17487 4
    endloop
  endfacet
  facet normal 0 0 1
    outer loop
      vertex -22.2225 -7.22679 4
      vertex -23.4509 -6.44435 4
      vertex -22.3794 -7.22989 4
    endloop
  endfacet
  facet normal 0 0 1
    outer loop
      vertex -21.7246 -7.07034 4
      vertex -23.4509 -6.44435 4
      vertex -21.9165 -7.15962 4
    endloop
  endfacet
  facet normal 0 0 1
    outer loop
      vertex -27.8432 -0.220123 4
      vertex -22.3434 10.451 4
      vertex -24.2868 11.1013 4
    endloop
  endfacet
  facet normal 0 0 1
    outer loop
      vertex -20.8733 -6.57881 4
      vertex -23.6123 -5.99896 4
      vertex -21.7246 -7.07034 4
    endloop
  endfacet
  facet normal 0 0 1
    outer loop
      vertex -28.1706 -0.0570831 4
      vertex -24.2868 11.1013 4
      vertex -24.4274 11.1484 4
    endloop
  endfacet
  facet normal 0 0 1
    outer loop
      vertex -20.5977 -6.44435 4
      vertex -23.8571 -5.32202 4
      vertex -20.8733 -6.57881 4
    endloop
  endfacet
  facet normal 0 0 1
    outer loop
      vertex -28.6873 0.14859 4
      vertex -24.4274 11.1484 4
      vertex -24.9509 11.3235 4
    endloop
  endfacet
  facet normal 0 0 1
    outer loop
      vertex -28.6873 0.14859 4
      vertex -24.9509 11.3235 4
      vertex -24.9704 11.3302 4
    endloop
  endfacet
  facet normal 0 0 1
    outer loop
      vertex -19.751 -6.1021 4
      vertex -24.3873 -4.1373 4
      vertex -20.5977 -6.44435 4
    endloop
  endfacet
  facet normal -0 -0 1
    outer loop
      vertex -24.4772 -3.96072 4
      vertex -19.4249 -5.99896 4
      vertex -24.9752 -3.08322 4
    endloop
  endfacet
  facet normal 0 0 1
    outer loop
      vertex -17.2319 8.88348 4
      vertex -25.617 -2.16277 4
      vertex -25.0972 -2.89186 4
    endloop
  endfacet
  facet normal 0 0 1
    outer loop
      vertex -17.2319 8.88348 4
      vertex -25.7807 -1.95982 4
      vertex -25.617 -2.16277 4
    endloop
  endfacet
  facet normal 0 0 1
    outer loop
      vertex -19.7126 9.61555 4
      vertex -26.3098 -1.37793 4
      vertex -25.7807 -1.95982 4
    endloop
  endfacet
  facet normal 0 0 1
    outer loop
      vertex -19.7559 9.62883 4
      vertex -26.5246 -1.17171 4
      vertex -26.3098 -1.37793 4
    endloop
  endfacet
  facet normal 0 0 1
    outer loop
      vertex -20.4108 9.83687 4
      vertex -27.0514 -0.730179 4
      vertex -26.5246 -1.17171 4
    endloop
  endfacet
  facet normal 0 0 1
    outer loop
      vertex -22.3097 10.4401 4
      vertex -27.3235 -0.535355 4
      vertex -27.0514 -0.730179 4
    endloop
  endfacet
  facet normal 0 0 1
    outer loop
      vertex -29.5879 0.369049 4
      vertex -24.9704 11.3302 4
      vertex -27.6204 12.2484 4
    endloop
  endfacet
  facet normal 0 0 1
    outer loop
      vertex -29.9706 0.413712 4
      vertex -27.6204 12.2484 4
      vertex -27.6313 12.2522 4
    endloop
  endfacet
  facet normal 0 0 1
    outer loop
      vertex -22.3434 10.451 4
      vertex -27.8432 -0.220123 4
      vertex -27.3235 -0.535355 4
    endloop
  endfacet
  facet normal 0 0 1
    outer loop
      vertex -29.9706 0.413712 4
      vertex -27.6313 12.2522 4
      vertex -28.0901 12.4145 4
    endloop
  endfacet
  facet normal 0 0 1
    outer loop
      vertex -24.2868 11.1013 4
      vertex -28.1706 -0.0570831 4
      vertex -27.8432 -0.220123 4
    endloop
  endfacet
  facet normal 0 0 1
    outer loop
      vertex -30.5445 0.430054 4
      vertex -28.0901 12.4145 4
      vertex -28.2195 12.4603 4
    endloop
  endfacet
  facet normal 0 0 1
    outer loop
      vertex -24.4274 11.1484 4
      vertex -28.6873 0.14859 4
      vertex -28.1706 -0.0570831 4
    endloop
  endfacet
  facet normal 0 0 1
    outer loop
      vertex -24.9704 11.3302 4
      vertex -29.0557 0.259033 4
      vertex -28.6873 0.14859 4
    endloop
  endfacet
  facet normal 0 0 1
    outer loop
      vertex -24.9704 11.3302 4
      vertex -29.5879 0.369049 4
      vertex -29.0557 0.259033 4
    endloop
  endfacet
  facet normal 0 0 1
    outer loop
      vertex -27.6204 12.2484 4
      vertex -29.9706 0.413712 4
      vertex -29.5879 0.369049 4
    endloop
  endfacet
  facet normal 0 0 1
    outer loop
      vertex -30.9119 0.409729 4
      vertex -28.2195 12.4603 4
      vertex -30.3042 13.1978 4
    endloop
  endfacet
  facet normal 0 0 1
    outer loop
      vertex -28.0901 12.4145 4
      vertex -30.5445 0.430054 4
      vertex -29.9706 0.413712 4
    endloop
  endfacet
  facet normal 0 0 1
    outer loop
      vertex -28.2195 12.4603 4
      vertex -30.9119 0.409729 4
      vertex -30.5445 0.430054 4
    endloop
  endfacet
  facet normal 0 0 1
    outer loop
      vertex -30.3042 13.1978 4
      vertex -31.5514 0.320297 4
      vertex -30.9119 0.409729 4
    endloop
  endfacet
  facet normal 0 0 1
    outer loop
      vertex -38.4749 4.59148 4
      vertex -30.3042 13.1978 4
      vertex -31.7926 13.7284 4
    endloop
  endfacet
  facet normal 0 0 1
    outer loop
      vertex -30.3042 13.1978 4
      vertex -38.4481 4.53375 4
      vertex -31.5514 0.320297 4
    endloop
  endfacet
  facet normal 0 0 1
    outer loop
      vertex -39.0798 5.84607 4
      vertex -31.7926 13.7284 4
      vertex -31.9114 13.7708 4
    endloop
  endfacet
  facet normal -0 -0 1
    outer loop
      vertex -37.8885 3.28026 4
      vertex -31.5514 0.320297 4
      vertex -38.4481 4.53375 4
    endloop
  endfacet
  facet normal 0 0 1
    outer loop
      vertex -31.5514 0.320297 4
      vertex -37.8885 3.28026 4
      vertex -31.8806 0.248215 4
    endloop
  endfacet
  facet normal 0 0 1
    outer loop
      vertex -39.1084 5.9032 4
      vertex -31.9114 13.7708 4
      vertex -32.9708 14.1485 4
    endloop
  endfacet
  facet normal -0 -0 1
    outer loop
      vertex -37.8626 3.21976 4
      vertex -31.8806 0.248215 4
      vertex -37.8885 3.28026 4
    endloop
  endfacet
  facet normal -0 -0 1
    outer loop
      vertex -37.3489 1.96901 4
      vertex -32.6001 0.031723 4
      vertex -37.8626 3.21976 4
    endloop
  endfacet
  facet normal 0 0 1
    outer loop
      vertex -32.6001 0.031723 4
      vertex -37.3489 1.96901 4
      vertex -32.8801 -0.0737762 4
    endloop
  endfacet
  facet normal 0 0 1
    outer loop
      vertex -32.8801 -0.0737762 4
      vertex -37.3238 1.90514 4
      vertex -33.6819 -0.439865 4
    endloop
  endfacet
  facet normal 0 0 1
    outer loop
      vertex -33.6819 -0.439865 4
      vertex -36.8561 0.657928 4
      vertex -33.9122 -0.561951 4
    endloop
  endfacet
  facet normal -0 -0 1
    outer loop
      vertex -36.8325 0.591705 4
      vertex -33.9122 -0.561951 4
      vertex -36.8561 0.657928 4
    endloop
  endfacet
  facet normal -0 -0 1
    outer loop
      vertex -36.7776 0.430054 4
      vertex -33.9122 -0.561951 4
      vertex -36.8325 0.591705 4
    endloop
  endfacet
  facet normal -0 -0 1
    outer loop
      vertex -36.7404 0.320297 4
      vertex -33.9122 -0.561951 4
      vertex -36.7707 0.409729 4
    endloop
  endfacet
  facet normal 0 0 1
    outer loop
      vertex -40.0519 7.69057 4
      vertex -32.9708 14.1485 4
      vertex -35.4903 15.0425 4
    endloop
  endfacet
  facet normal -0 -0 1
    outer loop
      vertex -36.7707 0.409729 4
      vertex -33.9122 -0.561951 4
      vertex -36.7776 0.430054 4
    endloop
  endfacet
  facet normal 0 0 1
    outer loop
      vertex -40.7165 8.86746 4
      vertex -35.4903 15.0425 4
      vertex -35.6011 15.0818 4
    endloop
  endfacet
  facet normal 0 0 1
    outer loop
      vertex -40.7165 8.86746 4
      vertex -35.6011 15.0818 4
      vertex -35.6234 15.0898 4
    endloop
  endfacet
  facet normal -0 -0 1
    outer loop
      vertex -36.6425 0.031723 4
      vertex -33.9122 -0.561951 4
      vertex -36.7159 0.248215 4
    endloop
  endfacet
  facet normal 0 0 1
    outer loop
      vertex -33.9122 -0.561951 4
      vertex -36.6425 0.031723 4
      vertex -34.7289 -1.05917 4
    endloop
  endfacet
  facet normal -0 -0 1
    outer loop
      vertex -36.6067 -0.0737762 4
      vertex -34.7289 -1.05917 4
      vertex -36.6425 0.031723 4
    endloop
  endfacet
  facet normal -0 -0 1
    outer loop
      vertex -36.4809 -0.439865 4
      vertex -34.7289 -1.05917 4
      vertex -36.4893 -0.419724 4
    endloop
  endfacet
  facet normal 0 0 1
    outer loop
      vertex -34.7289 -1.05917 4
      vertex -36.4809 -0.439865 4
      vertex -34.8223 -1.11049 4
    endloop
  endfacet
  facet normal 0 0 1
    outer loop
      vertex -34.9674 -1.17053 4
      vertex -36.4809 -0.439865 4
      vertex -35.119 -1.21114 4
    endloop
  endfacet
  facet normal 0 0 1
    outer loop
      vertex -35.5872 -1.21107 4
      vertex -36.4809 -0.439865 4
      vertex -35.7388 -1.17043 4
    endloop
  endfacet
  facet normal 0 0 1
    outer loop
      vertex -36.2552 -0.825241 4
      vertex -36.4809 -0.439865 4
      vertex -36.3508 -0.700699 4
    endloop
  endfacet
  facet normal 0 0 1
    outer loop
      vertex -36.3508 -0.700699 4
      vertex -36.4304 -0.561951 4
      vertex -36.4292 -0.564758 4
    endloop
  endfacet
  facet normal 0 0 1
    outer loop
      vertex -36.3508 -0.700699 4
      vertex -36.4809 -0.439865 4
      vertex -36.4304 -0.561951 4
    endloop
  endfacet
  facet normal 0 0 1
    outer loop
      vertex -36.1443 -0.936264 4
      vertex -36.4809 -0.439865 4
      vertex -36.2552 -0.825241 4
    endloop
  endfacet
  facet normal 0 0 1
    outer loop
      vertex -36.0197 -1.03183 4
      vertex -36.4809 -0.439865 4
      vertex -36.1443 -0.936264 4
    endloop
  endfacet
  facet normal 0 0 1
    outer loop
      vertex -35.8838 -1.11034 4
      vertex -36.4809 -0.439865 4
      vertex -36.0197 -1.03183 4
    endloop
  endfacet
  facet normal 0 0 1
    outer loop
      vertex -35.7388 -1.17043 4
      vertex -36.4809 -0.439865 4
      vertex -35.8838 -1.11034 4
    endloop
  endfacet
  facet normal 0 0 1
    outer loop
      vertex -35.4316 -1.23158 4
      vertex -36.4809 -0.439865 4
      vertex -35.5872 -1.21107 4
    endloop
  endfacet
  facet normal 0 0 1
    outer loop
      vertex -35.2746 -1.23161 4
      vertex -36.4809 -0.439865 4
      vertex -35.4316 -1.23158 4
    endloop
  endfacet
  facet normal 0 0 1
    outer loop
      vertex -35.119 -1.21114 4
      vertex -36.4809 -0.439865 4
      vertex -35.2746 -1.23161 4
    endloop
  endfacet
  facet normal 0 0 1
    outer loop
      vertex -34.8223 -1.11049 4
      vertex -36.4809 -0.439865 4
      vertex -34.9674 -1.17053 4
    endloop
  endfacet
  facet normal -0 -0 1
    outer loop
      vertex -36.4893 -0.419724 4
      vertex -34.7289 -1.05917 4
      vertex -36.6067 -0.0737762 4
    endloop
  endfacet
  facet normal -0 -0 1
    outer loop
      vertex -36.7159 0.248215 4
      vertex -33.9122 -0.561951 4
      vertex -36.7404 0.320297 4
    endloop
  endfacet
  facet normal -0 -0 1
    outer loop
      vertex -36.8561 0.657928 4
      vertex -33.6819 -0.439865 4
      vertex -37.3238 1.90514 4
    endloop
  endfacet
  facet normal -0 -0 1
    outer loop
      vertex -37.3238 1.90514 4
      vertex -32.8801 -0.0737762 4
      vertex -37.3489 1.96901 4
    endloop
  endfacet
  facet normal 0 0 1
    outer loop
      vertex -41.2887 9.83687 4
      vertex -35.6234 15.0898 4
      vertex -38.2284 15.9979 4
    endloop
  endfacet
  facet normal 0 0 1
    outer loop
      vertex -42.079 11.1013 4
      vertex -38.2284 15.9979 4
      vertex -38.2397 16.0018 4
    endloop
  endfacet
  facet normal 0 0 1
    outer loop
      vertex -31.8806 0.248215 4
      vertex -37.8626 3.21976 4
      vertex -32.6001 0.031723 4
    endloop
  endfacet
  facet normal 0 0 1
    outer loop
      vertex -30.3042 13.1978 4
      vertex -38.4749 4.59148 4
      vertex -38.4481 4.53375 4
    endloop
  endfacet
  facet normal 0 0 1
    outer loop
      vertex -31.7926 13.7284 4
      vertex -39.0798 5.84607 4
      vertex -38.4749 4.59148 4
    endloop
  endfacet
  facet normal 0 0 1
    outer loop
      vertex -31.9114 13.7708 4
      vertex -39.1084 5.9032 4
      vertex -39.0798 5.84607 4
    endloop
  endfacet
  facet normal 0 0 1
    outer loop
      vertex -32.9708 14.1485 4
      vertex -39.7592 7.16005 4
      vertex -39.1084 5.9032 4
    endloop
  endfacet
  facet normal 0 0 1
    outer loop
      vertex -32.9708 14.1485 4
      vertex -39.7799 7.1987 4
      vertex -39.7592 7.16005 4
    endloop
  endfacet
  facet normal 0 0 1
    outer loop
      vertex -32.9708 14.1485 4
      vertex -39.7806 7.19991 4
      vertex -39.7799 7.1987 4
    endloop
  endfacet
  facet normal 0 0 1
    outer loop
      vertex -32.9708 14.1485 4
      vertex -39.7886 7.21492 4
      vertex -39.7806 7.19991 4
    endloop
  endfacet
  facet normal 0 0 1
    outer loop
      vertex -32.9708 14.1485 4
      vertex -39.789 7.21568 4
      vertex -39.7886 7.21492 4
    endloop
  endfacet
  facet normal 0 0 1
    outer loop
      vertex -32.9708 14.1485 4
      vertex -39.8234 7.27774 4
      vertex -39.789 7.21568 4
    endloop
  endfacet
  facet normal 0 0 1
    outer loop
      vertex -32.9708 14.1485 4
      vertex -40.0411 7.67102 4
      vertex -39.8234 7.27774 4
    endloop
  endfacet
  facet normal 0 0 1
    outer loop
      vertex -32.9708 14.1485 4
      vertex -40.0519 7.69057 4
      vertex -40.0411 7.67102 4
    endloop
  endfacet
  facet normal 0 0 1
    outer loop
      vertex -35.4903 15.0425 4
      vertex -40.3413 8.21327 4
      vertex -40.0519 7.69057 4
    endloop
  endfacet
  facet normal 0 0 1
    outer loop
      vertex -35.4903 15.0425 4
      vertex -40.3513 8.23141 4
      vertex -40.3413 8.21327 4
    endloop
  endfacet
  facet normal 0 0 1
    outer loop
      vertex -35.4903 15.0425 4
      vertex -40.4853 8.47343 4
      vertex -40.3513 8.23141 4
    endloop
  endfacet
  facet normal 0 0 1
    outer loop
      vertex -35.4903 15.0425 4
      vertex -40.5147 8.52501 4
      vertex -40.4853 8.47343 4
    endloop
  endfacet
  facet normal 0 0 1
    outer loop
      vertex -35.4903 15.0425 4
      vertex -40.7165 8.86746 4
      vertex -40.5147 8.52501 4
    endloop
  endfacet
  facet normal 0 0 1
    outer loop
      vertex -35.6234 15.0898 4
      vertex -40.726 8.88348 4
      vertex -40.7165 8.86746 4
    endloop
  endfacet
  facet normal 0 0 1
    outer loop
      vertex -42.836 12.2484 4
      vertex -38.2397 16.0018 4
      vertex -40.7869 16.8615 4
    endloop
  endfacet
  facet normal 0 0 1
    outer loop
      vertex -43.4904 13.1978 4
      vertex -40.7869 16.8615 4
      vertex -40.804 16.8671 4
    endloop
  endfacet
  facet normal 0 0 1
    outer loop
      vertex -35.6234 15.0898 4
      vertex -41.1574 9.61555 4
      vertex -40.726 8.88348 4
    endloop
  endfacet
  facet normal 0 0 1
    outer loop
      vertex -35.6234 15.0898 4
      vertex -41.1652 9.62883 4
      vertex -41.1574 9.61555 4
    endloop
  endfacet
  facet normal 0 0 1
    outer loop
      vertex -35.6234 15.0898 4
      vertex -41.259 9.78798 4
      vertex -41.1652 9.62883 4
    endloop
  endfacet
  facet normal 0 0 1
    outer loop
      vertex -35.6234 15.0898 4
      vertex -41.2887 9.83687 4
      vertex -41.259 9.78798 4
    endloop
  endfacet
  facet normal 0 0 1
    outer loop
      vertex -38.2284 15.9979 4
      vertex -41.6657 10.4401 4
      vertex -41.2887 9.83687 4
    endloop
  endfacet
  facet normal 0 0 1
    outer loop
      vertex -38.2284 15.9979 4
      vertex -41.6725 10.451 4
      vertex -41.6657 10.4401 4
    endloop
  endfacet
  facet normal 0 0 1
    outer loop
      vertex -38.2284 15.9979 4
      vertex -42.079 11.1013 4
      vertex -41.6725 10.451 4
    endloop
  endfacet
  facet normal 0 0 1
    outer loop
      vertex -38.2397 16.0018 4
      vertex -42.1092 11.1484 4
      vertex -42.079 11.1013 4
    endloop
  endfacet
  facet normal 0 0 1
    outer loop
      vertex -38.2397 16.0018 4
      vertex -42.2249 11.3235 4
      vertex -42.1092 11.1484 4
    endloop
  endfacet
  facet normal 0 0 1
    outer loop
      vertex -38.2397 16.0018 4
      vertex -42.2293 11.3302 4
      vertex -42.2249 11.3235 4
    endloop
  endfacet
  facet normal 0 0 1
    outer loop
      vertex -38.2397 16.0018 4
      vertex -42.836 12.2484 4
      vertex -42.2293 11.3302 4
    endloop
  endfacet
  facet normal 0 0 1
    outer loop
      vertex -40.7869 16.8615 4
      vertex -42.8385 12.2522 4
      vertex -42.836 12.2484 4
    endloop
  endfacet
  facet normal 0 0 1
    outer loop
      vertex -40.7869 16.8615 4
      vertex -42.9457 12.4145 4
      vertex -42.8385 12.2522 4
    endloop
  endfacet
  facet normal 0 0 1
    outer loop
      vertex -40.7869 16.8615 4
      vertex -42.9768 12.4603 4
      vertex -42.9457 12.4145 4
    endloop
  endfacet
  facet normal 0 0 1
    outer loop
      vertex -43.8902 13.7708 4
      vertex -40.804 16.8671 4
      vertex -43.2749 17.6602 4
    endloop
  endfacet
  facet normal 0 0 1
    outer loop
      vertex -44.8508 15.0818 4
      vertex -43.2749 17.6602 4
      vertex -43.2988 17.6675 4
    endloop
  endfacet
  facet normal 0 0 1
    outer loop
      vertex -40.7869 16.8615 4
      vertex -43.4904 13.1978 4
      vertex -42.9768 12.4603 4
    endloop
  endfacet
  facet normal 0 0 1
    outer loop
      vertex -40.804 16.8671 4
      vertex -43.86 13.7284 4
      vertex -43.4904 13.1978 4
    endloop
  endfacet
  facet normal 0 0 1
    outer loop
      vertex -40.804 16.8671 4
      vertex -43.8902 13.7708 4
      vertex -43.86 13.7284 4
    endloop
  endfacet
  facet normal 0 0 1
    outer loop
      vertex -45.6292 16.0956 4
      vertex -43.2988 17.6675 4
      vertex -44.3345 17.9764 4
    endloop
  endfacet
  facet normal 0 0 1
    outer loop
      vertex -45.6292 16.0956 4
      vertex -44.3345 17.9764 4
      vertex -44.4875 18.0113 4
    endloop
  endfacet
  facet normal 0 0 1
    outer loop
      vertex -45.6292 16.0956 4
      vertex -44.4875 18.0113 4
      vertex -44.6438 18.0259 4
    endloop
  endfacet
  facet normal 0 0 1
    outer loop
      vertex -45.6292 16.0956 4
      vertex -44.6438 18.0259 4
      vertex -44.8007 18.0201 4
    endloop
  endfacet
  facet normal 0 0 1
    outer loop
      vertex -43.2749 17.6602 4
      vertex -44.8213 15.0425 4
      vertex -43.8902 13.7708 4
    endloop
  endfacet
  facet normal 0 0 1
    outer loop
      vertex -43.2749 17.6602 4
      vertex -44.8508 15.0818 4
      vertex -44.8213 15.0425 4
    endloop
  endfacet
  facet normal 0 0 1
    outer loop
      vertex -45.6292 16.0956 4
      vertex -44.8007 18.0201 4
      vertex -44.9554 17.9938 4
    endloop
  endfacet
  facet normal 0 0 1
    outer loop
      vertex -45.6292 16.0956 4
      vertex -44.9554 17.9938 4
      vertex -45.1054 17.9475 4
    endloop
  endfacet
  facet normal 0 0 1
    outer loop
      vertex -45.6292 16.0956 4
      vertex -45.1054 17.9475 4
      vertex -45.2481 17.882 4
    endloop
  endfacet
  facet normal 0 0 1
    outer loop
      vertex -45.6292 16.0956 4
      vertex -45.2481 17.882 4
      vertex -45.381 17.7985 4
    endloop
  endfacet
  facet normal 0 0 1
    outer loop
      vertex -45.6292 16.0956 4
      vertex -45.381 17.7985 4
      vertex -45.5019 17.6984 4
    endloop
  endfacet
  facet normal 0 0 1
    outer loop
      vertex -45.6292 16.0956 4
      vertex -45.5019 17.6984 4
      vertex -45.6086 17.5833 4
    endloop
  endfacet
  facet normal 0 0 1
    outer loop
      vertex -43.2988 17.6675 4
      vertex -45.6292 16.0956 4
      vertex -44.8508 15.0818 4
    endloop
  endfacet
  facet normal -0 0 1
    outer loop
      vertex -45.6994 17.4553 4
      vertex -45.6292 16.0956 4
      vertex -45.6086 17.5833 4
    endloop
  endfacet
  facet normal 0 0 1
    outer loop
      vertex -45.6994 17.4553 4
      vertex -45.733 16.2557 4
      vertex -45.6292 16.0956 4
    endloop
  endfacet
  facet normal -0 0 1
    outer loop
      vertex -45.7728 17.3165 4
      vertex -45.733 16.2557 4
      vertex -45.6994 17.4553 4
    endloop
  endfacet
  facet normal 0 0 1
    outer loop
      vertex -45.7728 17.3165 4
      vertex -45.7985 16.3984 4
      vertex -45.733 16.2557 4
    endloop
  endfacet
  facet normal -0 0 1
    outer loop
      vertex -45.8274 17.1693 4
      vertex -45.7985 16.3984 4
      vertex -45.7728 17.3165 4
    endloop
  endfacet
  facet normal 0 0 1
    outer loop
      vertex -45.8274 17.1693 4
      vertex -45.8448 16.5484 4
      vertex -45.7985 16.3984 4
    endloop
  endfacet
  facet normal -0 0 1
    outer loop
      vertex -45.8623 17.0163 4
      vertex -45.8448 16.5484 4
      vertex -45.8274 17.1693 4
    endloop
  endfacet
  facet normal 0 0 1
    outer loop
      vertex -45.8623 17.0163 4
      vertex -45.8711 16.7032 4
      vertex -45.8448 16.5484 4
    endloop
  endfacet
  facet normal 0 -0 1
    outer loop
      vertex -45.8711 16.7032 4
      vertex -45.8623 17.0163 4
      vertex -45.8769 16.86 4
    endloop
  endfacet
  facet normal -0.441954 -0.897038 0
    outer loop
      vertex -0.996246 -18.2015 1
      vertex -0.878929 -18.2593 3
      vertex -0.996246 -18.2015 3
    endloop
  endfacet
  facet normal -0.441954 -0.897038 -0
    outer loop
      vertex -0.878929 -18.2593 3
      vertex -0.996246 -18.2015 1
      vertex -0.878929 -18.2593 1
    endloop
  endfacet
  facet normal -0.250055 -0.661631 0.706907
    outer loop
      vertex -0.496246 -17.3354 4
      vertex -0.732079 -18.3147 3
      vertex -0.349396 -17.3909 4
    endloop
  endfacet
  facet normal -0.249651 -0.661755 0.706933
    outer loop
      vertex -0.732079 -18.3147 3
      vertex -0.496246 -17.3354 4
      vertex -0.878929 -18.2593 3
    endloop
  endfacet
  facet normal 0.373083 -0.600897 -0.706917
    outer loop
      vertex 0.564713 -17.3017 0
      vertex 1.19807 -18.0849 1
      vertex 1.06471 -18.1677 1
    endloop
  endfacet
  facet normal 0.373081 -0.600899 -0.706917
    outer loop
      vertex 1.19807 -18.0849 1
      vertex 0.564713 -17.3017 0
      vertex 0.698074 -17.2189 0
    endloop
  endfacet
  facet normal 0.114458 -0.697977 -0.706914
    outer loop
      vertex 0.116531 -17.4372 0
      vertex 0.401949 -18.4032 1
      vertex 0.247057 -18.4286 1
    endloop
  endfacet
  facet normal 0.114458 -0.697977 -0.706914
    outer loop
      vertex 0.401949 -18.4032 1
      vertex 0.116531 -17.4372 0
      vertex 0.271423 -17.4118 0
    endloop
  endfacet
  facet normal 0.0465388 -0.706341 -0.706341
    outer loop
      vertex 0.247057 -18.4286 1
      vertex 0.116531 -18.4372 1
      vertex 0.116531 -17.4372 0
    endloop
  endfacet
  facet normal 0.204578 -0.67706 -0.706921
    outer loop
      vertex 0.271423 -17.4118 0
      vertex 0.680495 -18.3323 1
      vertex 0.530242 -18.3777 1
    endloop
  endfacet
  facet normal 0.204982 -0.67691 -0.706948
    outer loop
      vertex 0.680495 -18.3323 1
      vertex 0.271423 -17.4118 0
      vertex 0.421677 -17.3663 0
    endloop
  endfacet
  facet normal -0.250055 -0.661631 -0.706907
    outer loop
      vertex -0.732079 -18.3147 1
      vertex -0.496246 -17.3354 0
      vertex -0.349396 -17.3909 0
    endloop
  endfacet
  facet normal -0.249651 -0.661755 -0.706933
    outer loop
      vertex -0.496246 -17.3354 0
      vertex -0.732079 -18.3147 1
      vertex -0.878929 -18.2593 1
    endloop
  endfacet
  facet normal 0 0 -1
    outer loop
      vertex 45.8671 16.6694 0
      vertex 45.8672 16.9827 0
      vertex 45.8774 16.826 0
    endloop
  endfacet
  facet normal 0 0 -1
    outer loop
      vertex 45.8671 16.6694 0
      vertex 45.8366 17.1366 0
      vertex 45.8672 16.9827 0
    endloop
  endfacet
  facet normal 0 0 -1
    outer loop
      vertex 45.8364 16.5154 0
      vertex 45.8366 17.1366 0
      vertex 45.8671 16.6694 0
    endloop
  endfacet
  facet normal 0 0 -1
    outer loop
      vertex 45.8364 16.5154 0
      vertex 45.7862 17.2853 0
      vertex 45.8366 17.1366 0
    endloop
  endfacet
  facet normal 0 0 -1
    outer loop
      vertex 45.7859 16.3668 0
      vertex 45.7862 17.2853 0
      vertex 45.8364 16.5154 0
    endloop
  endfacet
  facet normal 0 0 -1
    outer loop
      vertex 45.7859 16.3668 0
      vertex 45.7168 17.4261 0
      vertex 45.7862 17.2853 0
    endloop
  endfacet
  facet normal 0 0 -1
    outer loop
      vertex 45.7164 16.2261 0
      vertex 45.7168 17.4261 0
      vertex 45.7859 16.3668 0
    endloop
  endfacet
  facet normal 0 0 -1
    outer loop
      vertex 45.7164 16.2261 0
      vertex 45.6297 17.5566 0
      vertex 45.7168 17.4261 0
    endloop
  endfacet
  facet normal 0 0 -1
    outer loop
      vertex 45.6292 16.0956 0
      vertex 45.6297 17.5566 0
      vertex 45.7164 16.2261 0
    endloop
  endfacet
  facet normal 0 0 -1
    outer loop
      vertex 45.6292 16.0956 0
      vertex 45.5262 17.6747 0
      vertex 45.6297 17.5566 0
    endloop
  endfacet
  facet normal 0 0 -1
    outer loop
      vertex 45.6292 16.0956 0
      vertex 45.4082 17.7782 0
      vertex 45.5262 17.6747 0
    endloop
  endfacet
  facet normal 0 0 -1
    outer loop
      vertex 45.6292 16.0956 0
      vertex 45.2778 17.8654 0
      vertex 45.4082 17.7782 0
    endloop
  endfacet
  facet normal 0 0 -1
    outer loop
      vertex 45.6292 16.0956 0
      vertex 45.137 17.9349 0
      vertex 45.2778 17.8654 0
    endloop
  endfacet
  facet normal 0 0 -1
    outer loop
      vertex 45.6292 16.0956 0
      vertex 44.9884 17.9854 0
      vertex 45.137 17.9349 0
    endloop
  endfacet
  facet normal 0 0 -1
    outer loop
      vertex 43.2988 17.6675 0
      vertex 45.6292 16.0956 0
      vertex 44.8508 15.0818 0
    endloop
  endfacet
  facet normal 0 0 -1
    outer loop
      vertex 45.6292 16.0956 0
      vertex 44.3345 17.9764 0
      vertex 44.9884 17.9854 0
    endloop
  endfacet
  facet normal 0 0 -1
    outer loop
      vertex 43.2749 17.6602 0
      vertex 44.8508 15.0818 0
      vertex 44.8213 15.0425 0
    endloop
  endfacet
  facet normal -0 0 -1
    outer loop
      vertex 44.9884 17.9854 0
      vertex 44.3345 17.9764 0
      vertex 44.8344 18.0161 0
    endloop
  endfacet
  facet normal -0 0 -1
    outer loop
      vertex 44.8344 18.0161 0
      vertex 44.3345 17.9764 0
      vertex 44.6778 18.0264 0
    endloop
  endfacet
  facet normal 0 0 -1
    outer loop
      vertex 44.6778 18.0264 0
      vertex 44.3345 17.9764 0
      vertex 44.5212 18.0162 0
    endloop
  endfacet
  facet normal 0 0 -1
    outer loop
      vertex 43.2749 17.6602 0
      vertex 44.8213 15.0425 0
      vertex 43.8902 13.7708 0
    endloop
  endfacet
  facet normal 0 0 -1
    outer loop
      vertex 40.804 16.8671 0
      vertex 43.8902 13.7708 0
      vertex 43.86 13.7284 0
    endloop
  endfacet
  facet normal 0 0 -1
    outer loop
      vertex 40.804 16.8671 0
      vertex 43.86 13.7284 0
      vertex 43.4888 13.1955 0
    endloop
  endfacet
  facet normal 0 0 -1
    outer loop
      vertex 45.6292 16.0956 0
      vertex 43.2988 17.6675 0
      vertex 44.3345 17.9764 0
    endloop
  endfacet
  facet normal 0 0 -1
    outer loop
      vertex 44.8508 15.0818 0
      vertex 43.2749 17.6602 0
      vertex 43.2988 17.6675 0
    endloop
  endfacet
  facet normal 0 0 -1
    outer loop
      vertex 40.7869 16.8615 0
      vertex 43.4888 13.1955 0
      vertex 42.9768 12.4603 0
    endloop
  endfacet
  facet normal 0 0 -1
    outer loop
      vertex 40.7869 16.8615 0
      vertex 42.9768 12.4603 0
      vertex 42.9457 12.4145 0
    endloop
  endfacet
  facet normal 0 0 -1
    outer loop
      vertex 40.7869 16.8615 0
      vertex 42.9457 12.4145 0
      vertex 42.839 12.253 0
    endloop
  endfacet
  facet normal 0 0 -1
    outer loop
      vertex 40.7869 16.8615 0
      vertex 42.839 12.253 0
      vertex 42.836 12.2484 0
    endloop
  endfacet
  facet normal 0 0 -1
    outer loop
      vertex 38.2397 16.0018 0
      vertex 42.836 12.2484 0
      vertex 42.2293 11.3302 0
    endloop
  endfacet
  facet normal 0 0 -1
    outer loop
      vertex 38.2397 16.0018 0
      vertex 42.2293 11.3302 0
      vertex 42.2249 11.3235 0
    endloop
  endfacet
  facet normal 0 0 -1
    outer loop
      vertex 38.2397 16.0018 0
      vertex 42.2249 11.3235 0
      vertex 42.1092 11.1484 0
    endloop
  endfacet
  facet normal 0 0 -1
    outer loop
      vertex 38.2397 16.0018 0
      vertex 42.1092 11.1484 0
      vertex 42.079 11.1013 0
    endloop
  endfacet
  facet normal 0 0 -1
    outer loop
      vertex 38.2284 15.9979 0
      vertex 42.079 11.1013 0
      vertex 41.6725 10.451 0
    endloop
  endfacet
  facet normal 0 0 -1
    outer loop
      vertex 38.2284 15.9979 0
      vertex 41.6725 10.451 0
      vertex 41.6657 10.4401 0
    endloop
  endfacet
  facet normal 0 0 -1
    outer loop
      vertex 38.2284 15.9979 0
      vertex 41.6657 10.4401 0
      vertex 41.2887 9.83687 0
    endloop
  endfacet
  facet normal 0 0 -1
    outer loop
      vertex 35.6234 15.0898 0
      vertex 41.2887 9.83687 0
      vertex 41.259 9.78798 0
    endloop
  endfacet
  facet normal 0 0 -1
    outer loop
      vertex 35.6234 15.0898 0
      vertex 41.259 9.78798 0
      vertex 41.1652 9.62883 0
    endloop
  endfacet
  facet normal 0 0 -1
    outer loop
      vertex 35.6234 15.0898 0
      vertex 41.1652 9.62883 0
      vertex 41.1574 9.61555 0
    endloop
  endfacet
  facet normal 0 0 -1
    outer loop
      vertex 43.8902 13.7708 0
      vertex 40.804 16.8671 0
      vertex 43.2749 17.6602 0
    endloop
  endfacet
  facet normal 0 0 -1
    outer loop
      vertex 43.4888 13.1955 0
      vertex 40.7869 16.8615 0
      vertex 40.804 16.8671 0
    endloop
  endfacet
  facet normal 0 0 -1
    outer loop
      vertex 35.6234 15.0898 0
      vertex 41.1574 9.61555 0
      vertex 40.726 8.88348 0
    endloop
  endfacet
  facet normal 0 0 -1
    outer loop
      vertex 35.6234 15.0898 0
      vertex 40.726 8.88348 0
      vertex 40.7165 8.86746 0
    endloop
  endfacet
  facet normal 0 0 -1
    outer loop
      vertex 35.4903 15.0425 0
      vertex 40.7165 8.86746 0
      vertex 40.5147 8.52501 0
    endloop
  endfacet
  facet normal 0 0 -1
    outer loop
      vertex 35.4903 15.0425 0
      vertex 40.5147 8.52501 0
      vertex 40.4853 8.47343 0
    endloop
  endfacet
  facet normal 0 0 -1
    outer loop
      vertex 35.4903 15.0425 0
      vertex 40.4853 8.47343 0
      vertex 40.3513 8.23141 0
    endloop
  endfacet
  facet normal 0 0 -1
    outer loop
      vertex 35.4903 15.0425 0
      vertex 40.3513 8.23141 0
      vertex 40.3413 8.21327 0
    endloop
  endfacet
  facet normal 0 0 -1
    outer loop
      vertex 35.4903 15.0425 0
      vertex 40.3413 8.21327 0
      vertex 40.0519 7.69057 0
    endloop
  endfacet
  facet normal 0 0 -1
    outer loop
      vertex 32.9692 14.1479 0
      vertex 40.0519 7.69057 0
      vertex 40.0411 7.67102 0
    endloop
  endfacet
  facet normal 0 0 -1
    outer loop
      vertex 32.9692 14.1479 0
      vertex 40.0411 7.67102 0
      vertex 39.8234 7.27774 0
    endloop
  endfacet
  facet normal 0 0 -1
    outer loop
      vertex 32.9692 14.1479 0
      vertex 39.8234 7.27774 0
      vertex 39.789 7.21568 0
    endloop
  endfacet
  facet normal 0 0 -1
    outer loop
      vertex 32.9692 14.1479 0
      vertex 39.789 7.21568 0
      vertex 39.7886 7.21492 0
    endloop
  endfacet
  facet normal 0 0 -1
    outer loop
      vertex 32.9692 14.1479 0
      vertex 39.7886 7.21492 0
      vertex 39.7799 7.1987 0
    endloop
  endfacet
  facet normal 0 0 -1
    outer loop
      vertex 32.9692 14.1479 0
      vertex 39.7799 7.1987 0
      vertex 39.7592 7.16005 0
    endloop
  endfacet
  facet normal 0 0 -1
    outer loop
      vertex 32.9692 14.1479 0
      vertex 39.7592 7.16005 0
      vertex 39.1084 5.9032 0
    endloop
  endfacet
  facet normal 0 0 -1
    outer loop
      vertex 31.9114 13.7708 0
      vertex 39.1084 5.9032 0
      vertex 39.0798 5.84607 0
    endloop
  endfacet
  facet normal 0 0 -1
    outer loop
      vertex 31.7926 13.7284 0
      vertex 39.0798 5.84607 0
      vertex 38.4749 4.59148 0
    endloop
  endfacet
  facet normal 0 0 -1
    outer loop
      vertex 30.2977 13.1955 0
      vertex 38.4749 4.59148 0
      vertex 38.4481 4.53375 0
    endloop
  endfacet
  facet normal 0 0 -1
    outer loop
      vertex 42.836 12.2484 0
      vertex 38.2397 16.0018 0
      vertex 40.7869 16.8615 0
    endloop
  endfacet
  facet normal 0 0 -1
    outer loop
      vertex 42.079 11.1013 0
      vertex 38.2284 15.9979 0
      vertex 38.2397 16.0018 0
    endloop
  endfacet
  facet normal 0 0 -1
    outer loop
      vertex 31.5514 0.320297 0
      vertex 38.4481 4.53375 0
      vertex 37.8885 3.28026 0
    endloop
  endfacet
  facet normal 0 0 -1
    outer loop
      vertex 31.8806 0.248215 0
      vertex 37.8885 3.28026 0
      vertex 37.8626 3.21976 0
    endloop
  endfacet
  facet normal 0 0 -1
    outer loop
      vertex 32.6001 0.031723 0
      vertex 37.8626 3.21976 0
      vertex 37.3489 1.96901 0
    endloop
  endfacet
  facet normal 0 0 -1
    outer loop
      vertex 32.8801 -0.0737762 0
      vertex 37.3489 1.96901 0
      vertex 37.3238 1.90514 0
    endloop
  endfacet
  facet normal 0 0 -1
    outer loop
      vertex 33.6819 -0.439865 0
      vertex 37.3238 1.90514 0
      vertex 36.8561 0.657928 0
    endloop
  endfacet
  facet normal 0 0 -1
    outer loop
      vertex 33.9122 -0.561951 0
      vertex 36.8561 0.657928 0
      vertex 36.8325 0.591705 0
    endloop
  endfacet
  facet normal 0 0 -1
    outer loop
      vertex 33.9122 -0.561951 0
      vertex 36.8325 0.591705 0
      vertex 36.7776 0.430054 0
    endloop
  endfacet
  facet normal 0 0 -1
    outer loop
      vertex 33.9122 -0.561951 0
      vertex 36.7776 0.430054 0
      vertex 36.7707 0.409729 0
    endloop
  endfacet
  facet normal 0 0 -1
    outer loop
      vertex 33.9122 -0.561951 0
      vertex 36.7707 0.409729 0
      vertex 36.7404 0.320297 0
    endloop
  endfacet
  facet normal 0 0 -1
    outer loop
      vertex 33.9122 -0.561951 0
      vertex 36.7404 0.320297 0
      vertex 36.7159 0.248215 0
    endloop
  endfacet
  facet normal 0 0 -1
    outer loop
      vertex 33.9122 -0.561951 0
      vertex 36.7159 0.248215 0
      vertex 36.6425 0.031723 0
    endloop
  endfacet
  facet normal 0 0 -1
    outer loop
      vertex 33.9122 -0.561951 0
      vertex 36.6425 0.031723 0
      vertex 36.6067 -0.0737762 0
    endloop
  endfacet
  facet normal 0 0 -1
    outer loop
      vertex 34.7289 -1.05917 0
      vertex 36.6067 -0.0737762 0
      vertex 36.4893 -0.419724 0
    endloop
  endfacet
  facet normal 0 0 -1
    outer loop
      vertex 34.7289 -1.05917 0
      vertex 36.4893 -0.419724 0
      vertex 36.4814 -0.439865 0
    endloop
  endfacet
  facet normal 0 0 -1
    outer loop
      vertex 36.4282 -0.561951 0
      vertex 36.4814 -0.439865 0
      vertex 36.4506 -0.519028 0
    endloop
  endfacet
  facet normal 0 0 -1
    outer loop
      vertex 36.4814 -0.439865 0
      vertex 36.4282 -0.561951 0
      vertex 34.7289 -1.05917 0
    endloop
  endfacet
  facet normal 0 0 -1
    outer loop
      vertex 36.2877 -0.786606 0
      vertex 36.4282 -0.561951 0
      vertex 36.3779 -0.658157 0
    endloop
  endfacet
  facet normal 0 0 -1
    outer loop
      vertex 36.4282 -0.561951 0
      vertex 36.2877 -0.786606 0
      vertex 34.7289 -1.05917 0
    endloop
  endfacet
  facet normal 0 0 -1
    outer loop
      vertex 34.7289 -1.05917 0
      vertex 36.2877 -0.786606 0
      vertex 36.1815 -0.902191 0
    endloop
  endfacet
  facet normal 0 0 -1
    outer loop
      vertex 34.7289 -1.05917 0
      vertex 36.1815 -0.902191 0
      vertex 36.0611 -1.00291 0
    endloop
  endfacet
  facet normal 0 0 -1
    outer loop
      vertex 34.7289 -1.05917 0
      vertex 36.0611 -1.00291 0
      vertex 35.9286 -1.08707 0
    endloop
  endfacet
  facet normal 0 0 -1
    outer loop
      vertex 34.7289 -1.05917 0
      vertex 35.9286 -1.08707 0
      vertex 35.7862 -1.1532 0
    endloop
  endfacet
  facet normal 0 0 -1
    outer loop
      vertex 34.7289 -1.05917 0
      vertex 35.7862 -1.1532 0
      vertex 35.6365 -1.20018 0
    endloop
  endfacet
  facet normal 0 0 -1
    outer loop
      vertex 41.2887 9.83687 0
      vertex 35.6234 15.0898 0
      vertex 38.2284 15.9979 0
    endloop
  endfacet
  facet normal 0 0 -1
    outer loop
      vertex 40.7165 8.86746 0
      vertex 35.6011 15.0818 0
      vertex 35.6234 15.0898 0
    endloop
  endfacet
  facet normal 0 0 -1
    outer loop
      vertex 40.7165 8.86746 0
      vertex 35.4903 15.0425 0
      vertex 35.6011 15.0818 0
    endloop
  endfacet
  facet normal 0 0 -1
    outer loop
      vertex 34.7289 -1.05917 0
      vertex 35.6365 -1.20018 0
      vertex 35.4819 -1.22722 0
    endloop
  endfacet
  facet normal 0 0 -1
    outer loop
      vertex 34.7289 -1.05917 0
      vertex 35.4819 -1.22722 0
      vertex 35.325 -1.23384 0
    endloop
  endfacet
  facet normal 0 0 -1
    outer loop
      vertex 34.7289 -1.05917 0
      vertex 35.325 -1.23384 0
      vertex 35.1687 -1.21994 0
    endloop
  endfacet
  facet normal 0 0 -1
    outer loop
      vertex 34.7289 -1.05917 0
      vertex 35.1687 -1.21994 0
      vertex 35.0155 -1.18575 0
    endloop
  endfacet
  facet normal 0 0 -1
    outer loop
      vertex 34.7289 -1.05917 0
      vertex 35.0155 -1.18575 0
      vertex 34.8681 -1.13185 0
    endloop
  endfacet
  facet normal 0 0 -1
    outer loop
      vertex 36.6067 -0.0737762 0
      vertex 34.7289 -1.05917 0
      vertex 33.9122 -0.561951 0
    endloop
  endfacet
  facet normal 0 0 -1
    outer loop
      vertex 36.8561 0.657928 0
      vertex 33.9122 -0.561951 0
      vertex 33.6819 -0.439865 0
    endloop
  endfacet
  facet normal 0 0 -1
    outer loop
      vertex 37.3238 1.90514 0
      vertex 33.6819 -0.439865 0
      vertex 32.8801 -0.0737762 0
    endloop
  endfacet
  facet normal 0 0 -1
    outer loop
      vertex 40.0519 7.69057 0
      vertex 32.9692 14.1479 0
      vertex 35.4903 15.0425 0
    endloop
  endfacet
  facet normal 0 0 -1
    outer loop
      vertex 37.3489 1.96901 0
      vertex 32.8801 -0.0737762 0
      vertex 32.6001 0.031723 0
    endloop
  endfacet
  facet normal 0 0 -1
    outer loop
      vertex 37.8626 3.21976 0
      vertex 32.6001 0.031723 0
      vertex 31.8806 0.248215 0
    endloop
  endfacet
  facet normal 0 0 -1
    outer loop
      vertex 39.1084 5.9032 0
      vertex 31.9114 13.7708 0
      vertex 32.9692 14.1479 0
    endloop
  endfacet
  facet normal 0 0 -1
    outer loop
      vertex 37.8885 3.28026 0
      vertex 31.8806 0.248215 0
      vertex 31.5514 0.320297 0
    endloop
  endfacet
  facet normal 0 0 -1
    outer loop
      vertex 39.0798 5.84607 0
      vertex 31.7926 13.7284 0
      vertex 31.9114 13.7708 0
    endloop
  endfacet
  facet normal -0 0 -1
    outer loop
      vertex 38.4481 4.53375 0
      vertex 31.5514 0.320297 0
      vertex 30.2977 13.1955 0
    endloop
  endfacet
  facet normal 0 0 -1
    outer loop
      vertex 30.2977 13.1955 0
      vertex 31.5514 0.320297 0
      vertex 30.9119 0.409729 0
    endloop
  endfacet
  facet normal 0 0 -1
    outer loop
      vertex 28.2196 12.4603 0
      vertex 30.9119 0.409729 0
      vertex 30.5445 0.430054 0
    endloop
  endfacet
  facet normal 0 0 -1
    outer loop
      vertex 38.4749 4.59148 0
      vertex 30.2977 13.1955 0
      vertex 31.7926 13.7284 0
    endloop
  endfacet
  facet normal 0 0 -1
    outer loop
      vertex 28.0901 12.4145 0
      vertex 30.5445 0.430054 0
      vertex 29.9706 0.413712 0
    endloop
  endfacet
  facet normal 0 0 -1
    outer loop
      vertex 27.6204 12.2484 0
      vertex 29.9706 0.413712 0
      vertex 29.5879 0.369049 0
    endloop
  endfacet
  facet normal 0 0 -1
    outer loop
      vertex 24.9704 11.3302 0
      vertex 29.5879 0.369049 0
      vertex 29.0557 0.259033 0
    endloop
  endfacet
  facet normal 0 0 -1
    outer loop
      vertex 24.9704 11.3302 0
      vertex 29.0557 0.259033 0
      vertex 28.6873 0.14859 0
    endloop
  endfacet
  facet normal 0 0 -1
    outer loop
      vertex 30.9119 0.409729 0
      vertex 28.2196 12.4603 0
      vertex 30.2977 13.1955 0
    endloop
  endfacet
  facet normal 0 0 -1
    outer loop
      vertex 24.4274 11.1484 0
      vertex 28.6873 0.14859 0
      vertex 28.1706 -0.0570831 0
    endloop
  endfacet
  facet normal 0 0 -1
    outer loop
      vertex 30.5445 0.430054 0
      vertex 28.0901 12.4145 0
      vertex 28.2196 12.4603 0
    endloop
  endfacet
  facet normal 0 0 -1
    outer loop
      vertex 24.2868 11.1013 0
      vertex 28.1706 -0.0570831 0
      vertex 27.8432 -0.220123 0
    endloop
  endfacet
  facet normal 0 0 -1
    outer loop
      vertex 29.9706 0.413712 0
      vertex 27.6334 12.253 0
      vertex 28.0901 12.4145 0
    endloop
  endfacet
  facet normal 0 0 -1
    outer loop
      vertex 29.9706 0.413712 0
      vertex 27.6204 12.2484 0
      vertex 27.6334 12.253 0
    endloop
  endfacet
  facet normal 0 0 -1
    outer loop
      vertex 22.3434 10.451 0
      vertex 27.8432 -0.220123 0
      vertex 27.3235 -0.535355 0
    endloop
  endfacet
  facet normal 0 0 -1
    outer loop
      vertex 22.3097 10.4401 0
      vertex 27.3235 -0.535355 0
      vertex 27.0514 -0.730179 0
    endloop
  endfacet
  facet normal 0 0 -1
    outer loop
      vertex 20.4108 9.83687 0
      vertex 27.0514 -0.730179 0
      vertex 26.5246 -1.17171 0
    endloop
  endfacet
  facet normal 0 0 -1
    outer loop
      vertex 19.7559 9.62883 0
      vertex 26.5246 -1.17171 0
      vertex 26.3098 -1.37793 0
    endloop
  endfacet
  facet normal 0 0 -1
    outer loop
      vertex 19.7126 9.61555 0
      vertex 26.3098 -1.37793 0
      vertex 25.7807 -1.95982 0
    endloop
  endfacet
  facet normal 0 0 -1
    outer loop
      vertex 17.2319 8.88348 0
      vertex 25.7807 -1.95982 0
      vertex 25.617 -2.16277 0
    endloop
  endfacet
  facet normal 0 0 -1
    outer loop
      vertex 17.2319 8.88348 0
      vertex 25.617 -2.16277 0
      vertex 25.0972 -2.89186 0
    endloop
  endfacet
  facet normal 0 0 -1
    outer loop
      vertex 18.5969 -5.80635 0
      vertex 25.0972 -2.89186 0
      vertex 24.9752 -3.08322 0
    endloop
  endfacet
  facet normal 0 0 -1
    outer loop
      vertex 29.5879 0.369049 0
      vertex 24.9704 11.3302 0
      vertex 27.6204 12.2484 0
    endloop
  endfacet
  facet normal 0 0 -1
    outer loop
      vertex 28.6873 0.14859 0
      vertex 24.9509 11.3235 0
      vertex 24.9704 11.3302 0
    endloop
  endfacet
  facet normal 0 0 -1
    outer loop
      vertex 19.4249 -5.99896 0
      vertex 24.9752 -3.08322 0
      vertex 24.4772 -3.96072 0
    endloop
  endfacet
  facet normal 0 0 -1
    outer loop
      vertex 28.6873 0.14859 0
      vertex 24.4274 11.1484 0
      vertex 24.9509 11.3235 0
    endloop
  endfacet
  facet normal 0 0 -1
    outer loop
      vertex 19.4249 -5.99896 0
      vertex 24.4772 -3.96072 0
      vertex 24.3873 -4.1373 0
    endloop
  endfacet
  facet normal 0 0 -1
    outer loop
      vertex 28.1706 -0.0570831 0
      vertex 24.2868 11.1013 0
      vertex 24.4274 11.1484 0
    endloop
  endfacet
  facet normal 0 0 -1
    outer loop
      vertex 19.751 -6.1021 0
      vertex 24.3873 -4.1373 0
      vertex 23.9226 -5.16118 0
    endloop
  endfacet
  facet normal 0 0 -1
    outer loop
      vertex 20.5977 -6.44435 0
      vertex 23.9226 -5.16118 0
      vertex 23.8571 -5.32202 0
    endloop
  endfacet
  facet normal 0 0 -1
    outer loop
      vertex 20.8733 -6.57881 0
      vertex 23.8571 -5.32202 0
      vertex 23.7211 -5.69829 0
    endloop
  endfacet
  facet normal 0 0 -1
    outer loop
      vertex 20.8733 -6.57881 0
      vertex 23.7211 -5.69829 0
      vertex 23.701 -5.75386 0
    endloop
  endfacet
  facet normal 0 0 -1
    outer loop
      vertex 20.8733 -6.57881 0
      vertex 23.701 -5.75386 0
      vertex 23.682 -5.80635 0
    endloop
  endfacet
  facet normal 0 0 -1
    outer loop
      vertex 20.8733 -6.57881 0
      vertex 23.682 -5.80635 0
      vertex 23.6123 -5.99896 0
    endloop
  endfacet
  facet normal 0 0 -1
    outer loop
      vertex 20.8733 -6.57881 0
      vertex 23.6123 -5.99896 0
      vertex 23.575 -6.1021 0
    endloop
  endfacet
  facet normal 0 0 -1
    outer loop
      vertex 21.7246 -7.07034 0
      vertex 23.575 -6.1021 0
      vertex 23.4531 -6.43924 0
    endloop
  endfacet
  facet normal 0 0 -1
    outer loop
      vertex 21.7246 -7.07034 0
      vertex 23.4531 -6.43924 0
      vertex 23.4507 -6.44435 0
    endloop
  endfacet
  facet normal 0 0 -1
    outer loop
      vertex 21.7246 -7.07034 0
      vertex 23.4507 -6.44435 0
      vertex 23.3882 -6.57881 0
    endloop
  endfacet
  facet normal 0 0 -1
    outer loop
      vertex 23.2766 -6.7617 0
      vertex 23.3882 -6.57881 0
      vertex 23.3638 -6.6312 0
    endloop
  endfacet
  facet normal 0 0 -1
    outer loop
      vertex 23.1731 -6.87971 0
      vertex 23.3882 -6.57881 0
      vertex 23.2766 -6.7617 0
    endloop
  endfacet
  facet normal 0 0 -1
    outer loop
      vertex 23.3882 -6.57881 0
      vertex 23.1731 -6.87971 0
      vertex 21.7246 -7.07034 0
    endloop
  endfacet
  facet normal 0 0 -1
    outer loop
      vertex 21.7246 -7.07034 0
      vertex 23.1731 -6.87971 0
      vertex 23.0551 -6.9832 0
    endloop
  endfacet
  facet normal 0 0 -1
    outer loop
      vertex 21.7246 -7.07034 0
      vertex 23.0551 -6.9832 0
      vertex 22.9246 -7.0704 0
    endloop
  endfacet
  facet normal 0 0 -1
    outer loop
      vertex 21.7246 -7.07034 0
      vertex 22.9246 -7.0704 0
      vertex 22.7838 -7.13982 0
    endloop
  endfacet
  facet normal 0 0 -1
    outer loop
      vertex 21.7246 -7.07034 0
      vertex 22.7838 -7.13982 0
      vertex 22.6351 -7.19028 0
    endloop
  endfacet
  facet normal 0 0 -1
    outer loop
      vertex 21.7246 -7.07034 0
      vertex 22.6351 -7.19028 0
      vertex 22.4812 -7.22089 0
    endloop
  endfacet
  facet normal 0 0 -1
    outer loop
      vertex 27.8432 -0.220123 0
      vertex 22.3434 10.451 0
      vertex 24.2868 11.1013 0
    endloop
  endfacet
  facet normal 0 0 -1
    outer loop
      vertex 21.7246 -7.07034 0
      vertex 22.4812 -7.22089 0
      vertex 22.3246 -7.23114 0
    endloop
  endfacet
  facet normal 0 0 -1
    outer loop
      vertex 23.8571 -5.32202 0
      vertex 20.8733 -6.57881 0
      vertex 20.5977 -6.44435 0
    endloop
  endfacet
  facet normal 0 0 -1
    outer loop
      vertex 21.7246 -7.07034 0
      vertex 22.3246 -7.23114 0
      vertex 22.1679 -7.22087 0
    endloop
  endfacet
  facet normal 0 0 -1
    outer loop
      vertex 21.7246 -7.07034 0
      vertex 22.1679 -7.22087 0
      vertex 22.014 -7.19023 0
    endloop
  endfacet
  facet normal 0 0 -1
    outer loop
      vertex 21.7246 -7.07034 0
      vertex 22.014 -7.19023 0
      vertex 21.8654 -7.13977 0
    endloop
  endfacet
  facet normal 0 0 -1
    outer loop
      vertex 23.575 -6.1021 0
      vertex 21.7246 -7.07034 0
      vertex 20.8733 -6.57881 0
    endloop
  endfacet
  facet normal 0 0 -1
    outer loop
      vertex 27.3235 -0.535355 0
      vertex 22.3097 10.4401 0
      vertex 22.3434 10.451 0
    endloop
  endfacet
  facet normal 0 0 -1
    outer loop
      vertex 23.9226 -5.16118 0
      vertex 20.5977 -6.44435 0
      vertex 19.751 -6.1021 0
    endloop
  endfacet
  facet normal 0 0 -1
    outer loop
      vertex 27.0514 -0.730179 0
      vertex 20.4108 9.83687 0
      vertex 22.3097 10.4401 0
    endloop
  endfacet
  facet normal 0 0 -1
    outer loop
      vertex 24.3873 -4.1373 0
      vertex 19.751 -6.1021 0
      vertex 19.4249 -5.99896 0
    endloop
  endfacet
  facet normal 0 0 -1
    outer loop
      vertex 26.5246 -1.17171 0
      vertex 20.2569 9.78798 0
      vertex 20.4108 9.83687 0
    endloop
  endfacet
  facet normal 0 0 -1
    outer loop
      vertex 26.5246 -1.17171 0
      vertex 19.7559 9.62883 0
      vertex 20.2569 9.78798 0
    endloop
  endfacet
  facet normal 0 0 -1
    outer loop
      vertex 26.3098 -1.37793 0
      vertex 19.7126 9.61555 0
      vertex 19.7559 9.62883 0
    endloop
  endfacet
  facet normal 0 0 -1
    outer loop
      vertex 24.9752 -3.08322 0
      vertex 19.4249 -5.99896 0
      vertex 18.5969 -5.80635 0
    endloop
  endfacet
  facet normal 0 0 -1
    outer loop
      vertex 25.0972 -2.89186 0
      vertex 18.5969 -5.80635 0
      vertex 18.2428 -5.75386 0
    endloop
  endfacet
  facet normal -0 0 -1
    outer loop
      vertex 25.0972 -2.89186 0
      vertex 18.2428 -5.75386 0
      vertex 17.2319 8.88348 0
    endloop
  endfacet
  facet normal 0 0 -1
    outer loop
      vertex 15.8877 8.52501 0
      vertex 18.2428 -5.75386 0
      vertex 17.3975 -5.69829 0
    endloop
  endfacet
  facet normal 0 0 -1
    outer loop
      vertex 25.7807 -1.95982 0
      vertex 17.2319 8.88348 0
      vertex 19.7126 9.61555 0
    endloop
  endfacet
  facet normal 0 0 -1
    outer loop
      vertex 18.2428 -5.75386 0
      vertex 17.1748 8.86746 0
      vertex 17.2319 8.88348 0
    endloop
  endfacet
  facet normal 0 0 -1
    outer loop
      vertex 15.6939 8.47343 0
      vertex 17.3975 -5.69829 0
      vertex 17.0475 -5.70316 0
    endloop
  endfacet
  facet normal 0 0 -1
    outer loop
      vertex 14.7111 8.21327 0
      vertex 17.0475 -5.70316 0
      vertex 16.1462 -5.78772 0
    endloop
  endfacet
  facet normal 0 0 -1
    outer loop
      vertex 18.2428 -5.75386 0
      vertex 15.8877 8.52501 0
      vertex 17.1748 8.86746 0
    endloop
  endfacet
  facet normal 0 0 -1
    outer loop
      vertex 12.4322 7.69057 0
      vertex 16.1462 -5.78772 0
      vertex 15.8305 -5.84076 0
    endloop
  endfacet
  facet normal 0 0 -1
    outer loop
      vertex 17.3975 -5.69829 0
      vertex 15.6939 8.47343 0
      vertex 15.8877 8.52501 0
    endloop
  endfacet
  facet normal 0 0 -1
    outer loop
      vertex 12.3374 7.67102 0
      vertex 15.8305 -5.84076 0
      vertex 14.8417 -6.08197 0
    endloop
  endfacet
  facet normal 0 0 -1
    outer loop
      vertex 17.0475 -5.70316 0
      vertex 14.7843 8.23141 0
      vertex 15.6939 8.47343 0
    endloop
  endfacet
  facet normal 0 0 -1
    outer loop
      vertex 17.0475 -5.70316 0
      vertex 14.7111 8.21327 0
      vertex 14.7843 8.23141 0
    endloop
  endfacet
  facet normal 0 0 -1
    outer loop
      vertex 12.3374 7.67102 0
      vertex 14.8417 -6.08197 0
      vertex 14.576 -6.16489 0
    endloop
  endfacet
  facet normal 0 0 -1
    outer loop
      vertex 10.1909 7.27774 0
      vertex 14.576 -6.16489 0
      vertex 13.484 -6.58322 0
    endloop
  endfacet
  facet normal 0 0 -1
    outer loop
      vertex 9.72336 7.21568 0
      vertex 13.484 -6.58322 0
      vertex 13.2709 -6.6781 0
    endloop
  endfacet
  facet normal 0 0 -1
    outer loop
      vertex 16.1462 -5.78772 0
      vertex 12.4322 7.69057 0
      vertex 14.7111 8.21327 0
    endloop
  endfacet
  facet normal 0 0 -1
    outer loop
      vertex 15.8305 -5.84076 0
      vertex 12.3374 7.67102 0
      vertex 12.4322 7.69057 0
    endloop
  endfacet
  facet normal 0 0 -1
    outer loop
      vertex 9.43607 7.1987 0
      vertex 13.2709 -6.6781 0
      vertex 12.0702 -7.2908 0
    endloop
  endfacet
  facet normal 0 0 -1
    outer loop
      vertex 9.149 7.21935 0
      vertex 12.0702 -7.2908 0
      vertex 11.9043 -7.38475 0
    endloop
  endfacet
  facet normal 0 0 -1
    outer loop
      vertex 8.86714 7.2773 0
      vertex 11.9043 -7.38475 0
      vertex 10.5946 -8.20332 0
    endloop
  endfacet
  facet normal 0 0 -1
    outer loop
      vertex 8.59517 7.37157 0
      vertex 10.5946 -8.20332 0
      vertex 10.4667 -8.28964 0
    endloop
  endfacet
  facet normal 0 0 -1
    outer loop
      vertex 14.576 -6.16489 0
      vertex 10.1909 7.27774 0
      vertex 12.3374 7.67102 0
    endloop
  endfacet
  facet normal 0 0 -1
    outer loop
      vertex 13.484 -6.58322 0
      vertex 10.0681 7.25883 0
      vertex 10.1909 7.27774 0
    endloop
  endfacet
  facet normal 0 0 -1
    outer loop
      vertex 13.484 -6.58322 0
      vertex 9.72336 7.21568 0
      vertex 10.0681 7.25883 0
    endloop
  endfacet
  facet normal 0 0 -1
    outer loop
      vertex 13.2709 -6.6781 0
      vertex 9.71045 7.21492 0
      vertex 9.72336 7.21568 0
    endloop
  endfacet
  facet normal 0 0 -1
    outer loop
      vertex 13.2709 -6.6781 0
      vertex 9.43607 7.1987 0
      vertex 9.71045 7.21492 0
    endloop
  endfacet
  facet normal 0 0 -1
    outer loop
      vertex 12.0702 -7.2908 0
      vertex 9.4193 7.19991 0
      vertex 9.43607 7.1987 0
    endloop
  endfacet
  facet normal 0 0 -1
    outer loop
      vertex 12.0702 -7.2908 0
      vertex 9.149 7.21935 0
      vertex 9.4193 7.19991 0
    endloop
  endfacet
  facet normal 0 0 -1
    outer loop
      vertex 11.9043 -7.38475 0
      vertex 9.1047 7.22845 0
      vertex 9.149 7.21935 0
    endloop
  endfacet
  facet normal 0 0 -1
    outer loop
      vertex 1.8748 8.06587 0
      vertex 10.4667 -8.28964 0
      vertex 9.05049 -9.31966 0
    endloop
  endfacet
  facet normal 0 0 -1
    outer loop
      vertex 1.59167 8.01437 0
      vertex 9.05049 -9.31966 0
      vertex 8.95219 -9.39548 0
    endloop
  endfacet
  facet normal 0 0 -1
    outer loop
      vertex 11.9043 -7.38475 0
      vertex 8.86714 7.2773 0
      vertex 9.1047 7.22845 0
    endloop
  endfacet
  facet normal 0 0 -1
    outer loop
      vertex 10.5946 -8.20332 0
      vertex 8.8185 7.29416 0
      vertex 8.86714 7.2773 0
    endloop
  endfacet
  facet normal 0 0 -1
    outer loop
      vertex 10.5946 -8.20332 0
      vertex 8.59517 7.37157 0
      vertex 8.8185 7.29416 0
    endloop
  endfacet
  facet normal 0 0 -1
    outer loop
      vertex 10.4667 -8.28964 0
      vertex 8.54679 7.39581 0
      vertex 8.59517 7.37157 0
    endloop
  endfacet
  facet normal 0 0 -1
    outer loop
      vertex 10.4667 -8.28964 0
      vertex 1.8748 8.06587 0
      vertex 8.54679 7.39581 0
    endloop
  endfacet
  facet normal 0 0 -1
    outer loop
      vertex 8.54679 7.39581 0
      vertex 1.8748 8.06587 0
      vertex 8.33792 7.50049 0
    endloop
  endfacet
  facet normal 0 -0 -1
    outer loop
      vertex 1.8893 8.07053 0
      vertex 8.33792 7.50049 0
      vertex 1.8748 8.06587 0
    endloop
  endfacet
  facet normal 0 -0 -1
    outer loop
      vertex 2.14877 8.15384 0
      vertex 8.33792 7.50049 0
      vertex 1.8893 8.07053 0
    endloop
  endfacet
  facet normal 0 0 -1
    outer loop
      vertex 8.33792 7.50049 0
      vertex 2.14877 8.15384 0
      vertex 8.29169 7.5318 0
    endloop
  endfacet
  facet normal 0 0 -1
    outer loop
      vertex 8.29169 7.5318 0
      vertex 2.14877 8.15384 0
      vertex 8.09976 7.6618 0
    endloop
  endfacet
  facet normal 0 -0 -1
    outer loop
      vertex 2.40892 8.27684 0
      vertex 8.09976 7.6618 0
      vertex 2.14877 8.15384 0
    endloop
  endfacet
  facet normal 0 0 -1
    outer loop
      vertex 8.05708 7.69972 0
      vertex 2.40892 8.27684 0
      vertex 7.88452 7.85304 0
    endloop
  endfacet
  facet normal 0 -0 -1
    outer loop
      vertex 2.46169 8.31085 0
      vertex 7.88452 7.85304 0
      vertex 2.40892 8.27684 0
    endloop
  endfacet
  facet normal 0 -0 -1
    outer loop
      vertex 2.65079 8.43274 0
      vertex 7.88452 7.85304 0
      vertex 2.46169 8.31085 0
    endloop
  endfacet
  facet normal 0 0 -1
    outer loop
      vertex 7.88452 7.85304 0
      vertex 2.65079 8.43274 0
      vertex 7.84675 7.89667 0
    endloop
  endfacet
  facet normal 0 0 -1
    outer loop
      vertex 7.75729 8 0
      vertex 2.65079 8.43274 0
      vertex 7.74484 8.01437 0
    endloop
  endfacet
  facet normal 0 0 -1
    outer loop
      vertex 7.74484 8.01437 0
      vertex 2.65079 8.43274 0
      vertex 7.70026 8.06587 0
    endloop
  endfacet
  facet normal 0 0 -1
    outer loop
      vertex 7.70026 8.06587 0
      vertex 2.65079 8.43274 0
      vertex 7.69623 8.07053 0
    endloop
  endfacet
  facet normal 0 0 -1
    outer loop
      vertex 1.34044 8 0
      vertex 8.95219 -9.39548 0
      vertex 7.42928 -10.6403 0
    endloop
  endfacet
  facet normal 0 -0 -1
    outer loop
      vertex 2.87035 8.61897 0
      vertex 7.69623 8.07053 0
      vertex 2.65079 8.43274 0
    endloop
  endfacet
  facet normal 0 0 -1
    outer loop
      vertex 7.69623 8.07053 0
      vertex 2.87035 8.61897 0
      vertex 7.64133 8.15384 0
    endloop
  endfacet
  facet normal 0 0 -1
    outer loop
      vertex 1.34044 8 0
      vertex 7.42928 -10.6403 0
      vertex 7.35394 -10.7047 0
    endloop
  endfacet
  facet normal 0 0 -1
    outer loop
      vertex 7.64133 8.15384 0
      vertex 2.87035 8.61897 0
      vertex 7.56027 8.27684 0
    endloop
  endfacet
  facet normal 0 -0 -1
    outer loop
      vertex 2.87692 8.62622 0
      vertex 7.56027 8.27684 0
      vertex 2.87035 8.61897 0
    endloop
  endfacet
  facet normal 0 0 -1
    outer loop
      vertex 7.56027 8.27684 0
      vertex 2.87692 8.62622 0
      vertex 7.53786 8.31085 0
    endloop
  endfacet
  facet normal 0 0 -1
    outer loop
      vertex 7.53786 8.31085 0
      vertex 3.06358 8.83211 0
      vertex 7.48077 8.43274 0
    endloop
  endfacet
  facet normal 0 0 -1
    outer loop
      vertex 7.48077 8.43274 0
      vertex 3.06358 8.83211 0
      vertex 7.39355 8.61897 0
    endloop
  endfacet
  facet normal 0 0 -1
    outer loop
      vertex 7.22425 9.06863 0
      vertex 3.3589 9.32468 0
      vertex 7.12823 9.32468 0
    endloop
  endfacet
  facet normal 0 0 -1
    outer loop
      vertex 7.12823 9.32468 0
      vertex 3.3589 9.32468 0
      vertex 7.02657 9.59578 0
    endloop
  endfacet
  facet normal 0 -0 -1
    outer loop
      vertex 3.45593 9.59578 0
      vertex 7.02657 9.59578 0
      vertex 3.3589 9.32468 0
    endloop
  endfacet
  facet normal 0 -0 -1
    outer loop
      vertex 4.00031 11.5011 0
      vertex 6.27773 11.5927 0
      vertex 3.45593 9.59578 0
    endloop
  endfacet
  facet normal -0 0 -1
    outer loop
      vertex 6.27773 11.5927 0
      vertex 4.00031 11.5011 0
      vertex 6.21312 11.7358 0
    endloop
  endfacet
  facet normal 0 0 -1
    outer loop
      vertex -7.35394 -10.7047 0
      vertex 7.35394 -10.7047 0
      vertex 5.7224 -12.1664 0
    endloop
  endfacet
  facet normal 0 0 -1
    outer loop
      vertex -5.7224 -12.1664 0
      vertex 5.7224 -12.1664 0
      vertex 5.66444 -12.2202 0
    endloop
  endfacet
  facet normal -0 0 -1
    outer loop
      vertex 6.21312 11.7358 0
      vertex 4.00031 11.5011 0
      vertex 6.13039 11.8692 0
    endloop
  endfacet
  facet normal -0 0 -1
    outer loop
      vertex 6.13039 11.8692 0
      vertex 4.00031 11.5011 0
      vertex 6.03096 11.9906 0
    endloop
  endfacet
  facet normal -0 0 -1
    outer loop
      vertex 6.03096 11.9906 0
      vertex 4.00031 11.5011 0
      vertex 5.91652 12.0981 0
    endloop
  endfacet
  facet normal -0 0 -1
    outer loop
      vertex 5.78903 12.1897 0
      vertex 4.00031 11.5011 0
      vertex 5.6507 12.2638 0
    endloop
  endfacet
  facet normal -0 0 -1
    outer loop
      vertex 5.6507 12.2638 0
      vertex 4.00031 11.5011 0
      vertex 5.50386 12.3193 0
    endloop
  endfacet
  facet normal -0 0 -1
    outer loop
      vertex 5.50386 12.3193 0
      vertex 4.00031 11.5011 0
      vertex 5.35103 12.3551 0
    endloop
  endfacet
  facet normal -0 0 -1
    outer loop
      vertex 5.35103 12.3551 0
      vertex 4.00031 11.5011 0
      vertex 5.19484 12.3707 0
    endloop
  endfacet
  facet normal 0 0 -1
    outer loop
      vertex 5.19484 12.3707 0
      vertex 4.00031 11.5011 0
      vertex 5.03795 12.3658 0
    endloop
  endfacet
  facet normal 0 0 -1
    outer loop
      vertex 4.88304 12.3404 0
      vertex 4.00031 11.5011 0
      vertex 4.73279 12.295 0
    endloop
  endfacet
  facet normal 0 0 -1
    outer loop
      vertex 4.73279 12.295 0
      vertex 4.00031 11.5011 0
      vertex 4.58974 12.2304 0
    endloop
  endfacet
  facet normal 0 0 -1
    outer loop
      vertex 4.58974 12.2304 0
      vertex 4.00031 11.5011 0
      vertex 4.45633 12.1476 0
    endloop
  endfacet
  facet normal 0 0 -1
    outer loop
      vertex 4.45633 12.1476 0
      vertex 4.00031 11.5011 0
      vertex 4.33487 12.0482 0
    endloop
  endfacet
  facet normal 0 0 -1
    outer loop
      vertex 4.33487 12.0482 0
      vertex 4.00031 11.5011 0
      vertex 4.22743 11.9338 0
    endloop
  endfacet
  facet normal 0 0 -1
    outer loop
      vertex 4.22743 11.9338 0
      vertex 4.00031 11.5011 0
      vertex 4.13585 11.8063 0
    endloop
  endfacet
  facet normal 0 0 -1
    outer loop
      vertex -5.66444 -12.2202 0
      vertex 5.66444 -12.2202 0
      vertex 3.92378 -13.8974 0
    endloop
  endfacet
  facet normal 0 0 -1
    outer loop
      vertex -3.92378 -13.8974 0
      vertex 3.92378 -13.8974 0
      vertex 3.87772 -13.9431 0
    endloop
  endfacet
  facet normal 0 0 -1
    outer loop
      vertex 4.13585 11.8063 0
      vertex 4.00031 11.5011 0
      vertex 4.06169 11.668 0
    endloop
  endfacet
  facet normal 0 0 -1
    outer loop
      vertex 5.03795 12.3658 0
      vertex 4.00031 11.5011 0
      vertex 4.88304 12.3404 0
    endloop
  endfacet
  facet normal -0 0 -1
    outer loop
      vertex 5.91652 12.0981 0
      vertex 4.00031 11.5011 0
      vertex 5.78903 12.1897 0
    endloop
  endfacet
  facet normal 0 0 -1
    outer loop
      vertex 7.02657 9.59578 0
      vertex 3.45593 9.59578 0
      vertex 6.27773 11.5927 0
    endloop
  endfacet
  facet normal 0 -0 -1
    outer loop
      vertex 3.3589 9.32468 0
      vertex 7.22425 9.06863 0
      vertex 3.22733 9.06863 0
    endloop
  endfacet
  facet normal 0 0 -1
    outer loop
      vertex 7.31294 8.83211 0
      vertex 3.22733 9.06863 0
      vertex 7.22425 9.06863 0
    endloop
  endfacet
  facet normal 0 0 -1
    outer loop
      vertex 7.39015 8.62622 0
      vertex 3.22733 9.06863 0
      vertex 7.31294 8.83211 0
    endloop
  endfacet
  facet normal 0 0 -1
    outer loop
      vertex 7.39355 8.61897 0
      vertex 3.22733 9.06863 0
      vertex 7.39015 8.62622 0
    endloop
  endfacet
  facet normal 0 -0 -1
    outer loop
      vertex 3.22733 9.06863 0
      vertex 7.39355 8.61897 0
      vertex 3.06358 8.83211 0
    endloop
  endfacet
  facet normal 0 -0 -1
    outer loop
      vertex 3.06358 8.83211 0
      vertex 7.53786 8.31085 0
      vertex 2.87692 8.62622 0
    endloop
  endfacet
  facet normal 0 0 -1
    outer loop
      vertex -3.87772 -13.9431 0
      vertex 3.87772 -13.9431 0
      vertex 2.02283 -15.8371 0
    endloop
  endfacet
  facet normal 0 0 -1
    outer loop
      vertex -2.02283 -15.8371 0
      vertex 2.02283 -15.8371 0
      vertex 1.98785 -15.8737 0
    endloop
  endfacet
  facet normal 0 0 -1
    outer loop
      vertex 7.84675 7.89667 0
      vertex 2.65079 8.43274 0
      vertex 7.75729 8 0
    endloop
  endfacet
  facet normal 0 0 -1
    outer loop
      vertex 8.09976 7.6618 0
      vertex 2.40892 8.27684 0
      vertex 8.05708 7.69972 0
    endloop
  endfacet
  facet normal 0 0 -1
    outer loop
      vertex 9.05049 -9.31966 0
      vertex 1.59167 8.01437 0
      vertex 1.8748 8.06587 0
    endloop
  endfacet
  facet normal 0 0 -1
    outer loop
      vertex 5.66444 -12.2202 0
      vertex -5.66444 -12.2202 0
      vertex -5.7224 -12.1664 0
    endloop
  endfacet
  facet normal 0 0 -1
    outer loop
      vertex -1.98785 -15.8737 0
      vertex 1.98785 -15.8737 0
      vertex 0.876587 -17.0624 0
    endloop
  endfacet
  facet normal 0 0 -1
    outer loop
      vertex -0.876587 -17.0624 0
      vertex 0.876587 -17.0624 0
      vertex 0.819504 -17.1194 0
    endloop
  endfacet
  facet normal 0 0 -1
    outer loop
      vertex -0.876587 -17.0624 0
      vertex 0.819504 -17.1194 0
      vertex 0.698074 -17.2189 0
    endloop
  endfacet
  facet normal 0 0 -1
    outer loop
      vertex -0.876587 -17.0624 0
      vertex 0.698074 -17.2189 0
      vertex 0.564713 -17.3017 0
    endloop
  endfacet
  facet normal 0 0 -1
    outer loop
      vertex -0.876587 -17.0624 0
      vertex 0.564713 -17.3017 0
      vertex 0.421677 -17.3663 0
    endloop
  endfacet
  facet normal 0 0 -1
    outer loop
      vertex -0.876587 -17.0624 0
      vertex 0.421677 -17.3663 0
      vertex 0.271423 -17.4118 0
    endloop
  endfacet
  facet normal 0 0 -1
    outer loop
      vertex -0.876587 -17.0624 0
      vertex 0.271423 -17.4118 0
      vertex 0.116531 -17.4372 0
    endloop
  endfacet
  facet normal 0 0 -1
    outer loop
      vertex -0.876587 -17.0624 0
      vertex 0.116531 -17.4372 0
      vertex -0.0403595 -17.4422 0
    endloop
  endfacet
  facet normal 0 0 -1
    outer loop
      vertex -0.876587 -17.0624 0
      vertex -0.0403595 -17.4422 0
      vertex -0.196564 -17.4267 0
    endloop
  endfacet
  facet normal 0 0 -1
    outer loop
      vertex -0.876587 -17.0624 0
      vertex -0.196564 -17.4267 0
      vertex -0.349396 -17.3909 0
    endloop
  endfacet
  facet normal 0 0 -1
    outer loop
      vertex -0.876587 -17.0624 0
      vertex -0.349396 -17.3909 0
      vertex -0.496246 -17.3354 0
    endloop
  endfacet
  facet normal 0 0 -1
    outer loop
      vertex -0.876587 -17.0624 0
      vertex -0.496246 -17.3354 0
      vertex -0.634613 -17.2613 0
    endloop
  endfacet
  facet normal 0 0 -1
    outer loop
      vertex -0.876587 -17.0624 0
      vertex -0.634613 -17.2613 0
      vertex -0.762115 -17.1698 0
    endloop
  endfacet
  facet normal 0 0 -1
    outer loop
      vertex 0.876587 -17.0624 0
      vertex -0.876587 -17.0624 0
      vertex -1.98785 -15.8737 0
    endloop
  endfacet
  facet normal 0 0 -1
    outer loop
      vertex 1.98785 -15.8737 0
      vertex -1.98785 -15.8737 0
      vertex -2.02283 -15.8371 0
    endloop
  endfacet
  facet normal 0 0 -1
    outer loop
      vertex 2.02283 -15.8371 0
      vertex -2.02283 -15.8371 0
      vertex -3.87772 -13.9431 0
    endloop
  endfacet
  facet normal 0 0 -1
    outer loop
      vertex 3.87772 -13.9431 0
      vertex -3.87772 -13.9431 0
      vertex -3.92378 -13.8974 0
    endloop
  endfacet
  facet normal 0 0 -1
    outer loop
      vertex 3.92378 -13.8974 0
      vertex -3.92378 -13.8974 0
      vertex -5.66444 -12.2202 0
    endloop
  endfacet
  facet normal 0 0 -1
    outer loop
      vertex 5.7224 -12.1664 0
      vertex -5.7224 -12.1664 0
      vertex -7.35394 -10.7047 0
    endloop
  endfacet
  facet normal 0 0 -1
    outer loop
      vertex 8.95219 -9.39548 0
      vertex 1.34044 8 0
      vertex 1.59167 8.01437 0
    endloop
  endfacet
  facet normal 0 0 -1
    outer loop
      vertex 7.35394 -10.7047 0
      vertex -7.35394 -10.7047 0
      vertex 1.34044 8 0
    endloop
  endfacet
  facet normal -0 0 -1
    outer loop
      vertex 1.34044 8 0
      vertex -7.35394 -10.7047 0
      vertex -1.34052 8 0
    endloop
  endfacet
  facet normal 0 0 -1
    outer loop
      vertex -7.42928 -10.6403 0
      vertex -1.34052 8 0
      vertex -7.35394 -10.7047 0
    endloop
  endfacet
  facet normal 0 0 -1
    outer loop
      vertex -8.95219 -9.39548 0
      vertex -1.34052 8 0
      vertex -7.42928 -10.6403 0
    endloop
  endfacet
  facet normal -0 0 -1
    outer loop
      vertex -1.34052 8 0
      vertex -8.95219 -9.39548 0
      vertex -1.62773 8.01881 0
    endloop
  endfacet
  facet normal 0 0 -1
    outer loop
      vertex -9.05049 -9.31966 0
      vertex -1.62773 8.01881 0
      vertex -8.95219 -9.39548 0
    endloop
  endfacet
  facet normal -0 0 -1
    outer loop
      vertex -1.62773 8.01881 0
      vertex -9.05049 -9.31966 0
      vertex -1.90984 8.07494 0
    endloop
  endfacet
  facet normal 0 0 -1
    outer loop
      vertex -10.4667 -8.28964 0
      vertex -1.90984 8.07494 0
      vertex -9.05049 -9.31966 0
    endloop
  endfacet
  facet normal 0 -0 -1
    outer loop
      vertex -8.53978 7.39581 0
      vertex -1.90984 8.07494 0
      vertex -10.4667 -8.28964 0
    endloop
  endfacet
  facet normal 0 -0 -1
    outer loop
      vertex -8.34451 7.50049 0
      vertex -1.90984 8.07494 0
      vertex -8.53978 7.39581 0
    endloop
  endfacet
  facet normal -0 0 -1
    outer loop
      vertex -1.90984 8.07494 0
      vertex -8.2861 7.5318 0
      vertex -2.0406 8.11932 0
    endloop
  endfacet
  facet normal -0 0 -1
    outer loop
      vertex -2.0406 8.11932 0
      vertex -8.2861 7.5318 0
      vertex -2.18251 8.1675 0
    endloop
  endfacet
  facet normal 0 -0 -1
    outer loop
      vertex -8.10516 7.6618 0
      vertex -2.18251 8.1675 0
      vertex -8.2861 7.5318 0
    endloop
  endfacet
  facet normal 0 -0 -1
    outer loop
      vertex -7.88907 7.85304 0
      vertex -2.44055 8.29474 0
      vertex -8.05238 7.69972 0
    endloop
  endfacet
  facet normal -0 0 -1
    outer loop
      vertex -2.44055 8.29474 0
      vertex -7.88907 7.85304 0
      vertex -2.54413 8.36395 0
    endloop
  endfacet
  facet normal 0 -0 -1
    outer loop
      vertex -7.39017 8.62621 0
      vertex -3.08595 8.86078 0
      vertex -7.46769 8.45457 0
    endloop
  endfacet
  facet normal -0 0 -1
    outer loop
      vertex -3.08595 8.86078 0
      vertex -7.39017 8.62621 0
      vertex -3.24577 9.09996 0
    endloop
  endfacet
  facet normal 0 -0 -1
    outer loop
      vertex -7.11569 9.35814 0
      vertex -3.24577 9.09996 0
      vertex -7.39017 8.62621 0
    endloop
  endfacet
  facet normal 0 0 -1
    outer loop
      vertex -3.45589 9.59558 0
      vertex -6.27773 11.5927 0
      vertex -4.00031 11.5011 0
    endloop
  endfacet
  facet normal 0 0 -1
    outer loop
      vertex -4.00031 11.5011 0
      vertex -6.27773 11.5927 0
      vertex -4.05321 11.6488 0
    endloop
  endfacet
  facet normal -0 0 -1
    outer loop
      vertex -4.05321 11.6488 0
      vertex -6.27773 11.5927 0
      vertex -4.12494 11.7885 0
    endloop
  endfacet
  facet normal -0 0 -1
    outer loop
      vertex -4.12494 11.7885 0
      vertex -6.27773 11.5927 0
      vertex -4.21429 11.9175 0
    endloop
  endfacet
  facet normal -0 0 -1
    outer loop
      vertex -4.21429 11.9175 0
      vertex -6.27773 11.5927 0
      vertex -4.31972 12.0338 0
    endloop
  endfacet
  facet normal -0 0 -1
    outer loop
      vertex -4.57137 12.2204 0
      vertex -6.27773 11.5927 0
      vertex -4.71327 12.2875 0
    endloop
  endfacet
  facet normal -0 0 -1
    outer loop
      vertex -4.71327 12.2875 0
      vertex -6.27773 11.5927 0
      vertex -4.86272 12.3355 0
    endloop
  endfacet
  facet normal -0 0 -1
    outer loop
      vertex -4.86272 12.3355 0
      vertex -6.27773 11.5927 0
      vertex -5.01715 12.3635 0
    endloop
  endfacet
  facet normal 0 0 -1
    outer loop
      vertex -3.37309 9.35814 0
      vertex -7.02665 9.59558 0
      vertex -3.45589 9.59558 0
    endloop
  endfacet
  facet normal 0 -0 -1
    outer loop
      vertex -7.46769 8.45457 0
      vertex -3.08595 8.86078 0
      vertex -7.50862 8.36395 0
    endloop
  endfacet
  facet normal -0 0 -1
    outer loop
      vertex -5.01715 12.3635 0
      vertex -6.27773 11.5927 0
      vertex -5.17393 12.3712 0
    endloop
  endfacet
  facet normal 0 0 -1
    outer loop
      vertex -5.33037 12.3584 0
      vertex -6.27773 11.5927 0
      vertex -5.4838 12.3252 0
    endloop
  endfacet
  facet normal 0 0 -1
    outer loop
      vertex -5.63158 12.2723 0
      vertex -6.27773 11.5927 0
      vertex -5.77119 12.2006 0
    endloop
  endfacet
  facet normal 0 0 -1
    outer loop
      vertex -5.77119 12.2006 0
      vertex -6.27773 11.5927 0
      vertex -5.90025 12.1112 0
    endloop
  endfacet
  facet normal 0 0 -1
    outer loop
      vertex -5.90025 12.1112 0
      vertex -6.27773 11.5927 0
      vertex -6.01654 12.0058 0
    endloop
  endfacet
  facet normal 0 0 -1
    outer loop
      vertex -6.01654 12.0058 0
      vertex -6.27773 11.5927 0
      vertex -6.11807 11.8861 0
    endloop
  endfacet
  facet normal 0 0 -1
    outer loop
      vertex -6.11807 11.8861 0
      vertex -6.27773 11.5927 0
      vertex -6.20312 11.7542 0
    endloop
  endfacet
  facet normal 0 0 -1
    outer loop
      vertex -5.4838 12.3252 0
      vertex -6.27773 11.5927 0
      vertex -5.63158 12.2723 0
    endloop
  endfacet
  facet normal 0 -0 -1
    outer loop
      vertex -7.84261 7.89667 0
      vertex -2.54413 8.36395 0
      vertex -7.88907 7.85304 0
    endloop
  endfacet
  facet normal 0 0 -1
    outer loop
      vertex -5.17393 12.3712 0
      vertex -6.27773 11.5927 0
      vertex -5.33037 12.3584 0
    endloop
  endfacet
  facet normal 0 -0 -1
    outer loop
      vertex -7.758 8 0
      vertex -2.67975 8.45457 0
      vertex -7.84261 7.89667 0
    endloop
  endfacet
  facet normal -0 0 -1
    outer loop
      vertex -4.43942 12.1353 0
      vertex -6.27773 11.5927 0
      vertex -4.57137 12.2204 0
    endloop
  endfacet
  facet normal -0 0 -1
    outer loop
      vertex -4.31972 12.0338 0
      vertex -6.27773 11.5927 0
      vertex -4.43942 12.1353 0
    endloop
  endfacet
  facet normal 0 -0 -1
    outer loop
      vertex -6.27773 11.5927 0
      vertex -3.45589 9.59558 0
      vertex -7.02665 9.59558 0
    endloop
  endfacet
  facet normal 0 -0 -1
    outer loop
      vertex -7.02665 9.59558 0
      vertex -3.37309 9.35814 0
      vertex -7.11569 9.35814 0
    endloop
  endfacet
  facet normal 0 0 -1
    outer loop
      vertex -3.24577 9.09996 0
      vertex -7.11569 9.35814 0
      vertex -3.37309 9.35814 0
    endloop
  endfacet
  facet normal -0 0 -1
    outer loop
      vertex -2.89615 8.64438 0
      vertex -7.50862 8.36395 0
      vertex -3.08595 8.86078 0
    endloop
  endfacet
  facet normal 0 -0 -1
    outer loop
      vertex -7.50862 8.36395 0
      vertex -2.89615 8.64438 0
      vertex -7.55154 8.29474 0
    endloop
  endfacet
  facet normal 0 -0 -1
    outer loop
      vertex -7.55154 8.29474 0
      vertex -2.89615 8.64438 0
      vertex -7.63044 8.1675 0
    endloop
  endfacet
  facet normal 0 -0 -1
    outer loop
      vertex -7.63044 8.1675 0
      vertex -2.89615 8.64438 0
      vertex -7.66031 8.11932 0
    endloop
  endfacet
  facet normal -0 0 -1
    outer loop
      vertex -2.87543 8.62621 0
      vertex -7.66031 8.11932 0
      vertex -2.89615 8.64438 0
    endloop
  endfacet
  facet normal -0 0 -1
    outer loop
      vertex -2.67975 8.45457 0
      vertex -7.66031 8.11932 0
      vertex -2.87543 8.62621 0
    endloop
  endfacet
  facet normal 0 -0 -1
    outer loop
      vertex -7.66031 8.11932 0
      vertex -2.67975 8.45457 0
      vertex -7.69665 8.07494 0
    endloop
  endfacet
  facet normal 0 -0 -1
    outer loop
      vertex -7.69665 8.07494 0
      vertex -2.67975 8.45457 0
      vertex -7.7426 8.01881 0
    endloop
  endfacet
  facet normal 0 -0 -1
    outer loop
      vertex -7.7426 8.01881 0
      vertex -2.67975 8.45457 0
      vertex -7.758 8 0
    endloop
  endfacet
  facet normal -0 0 -1
    outer loop
      vertex -2.54413 8.36395 0
      vertex -7.84261 7.89667 0
      vertex -2.67975 8.45457 0
    endloop
  endfacet
  facet normal -0 0 -1
    outer loop
      vertex -2.18251 8.1675 0
      vertex -8.05238 7.69972 0
      vertex -2.44055 8.29474 0
    endloop
  endfacet
  facet normal 0 -0 -1
    outer loop
      vertex -8.05238 7.69972 0
      vertex -2.18251 8.1675 0
      vertex -8.10516 7.6618 0
    endloop
  endfacet
  facet normal 0 -0 -1
    outer loop
      vertex -8.2861 7.5318 0
      vertex -1.90984 8.07494 0
      vertex -8.34451 7.50049 0
    endloop
  endfacet
  facet normal 0 0 -1
    outer loop
      vertex -8.53978 7.39581 0
      vertex -10.4667 -8.28964 0
      vertex -8.60397 7.37157 0
    endloop
  endfacet
  facet normal 0 0 -1
    outer loop
      vertex -8.60397 7.37157 0
      vertex -10.4667 -8.28964 0
      vertex -8.80891 7.29416 0
    endloop
  endfacet
  facet normal 0 0 -1
    outer loop
      vertex -10.5946 -8.20332 0
      vertex -8.80891 7.29416 0
      vertex -10.4667 -8.28964 0
    endloop
  endfacet
  facet normal 0 0 -1
    outer loop
      vertex -11.9043 -7.38475 0
      vertex -8.80891 7.29416 0
      vertex -10.5946 -8.20332 0
    endloop
  endfacet
  facet normal 0 0 -1
    outer loop
      vertex -8.80891 7.29416 0
      vertex -11.9043 -7.38475 0
      vertex -8.88083 7.2773 0
    endloop
  endfacet
  facet normal 0 0 -1
    outer loop
      vertex -8.88083 7.2773 0
      vertex -11.9043 -7.38475 0
      vertex -9.08914 7.22845 0
    endloop
  endfacet
  facet normal 0 0 -1
    outer loop
      vertex -12.0702 -7.2908 0
      vertex -9.08914 7.22845 0
      vertex -11.9043 -7.38475 0
    endloop
  endfacet
  facet normal 0 0 -1
    outer loop
      vertex -9.08914 7.22845 0
      vertex -12.0702 -7.2908 0
      vertex -9.18051 7.21935 0
    endloop
  endfacet
  facet normal 0 0 -1
    outer loop
      vertex -9.18051 7.21935 0
      vertex -12.0702 -7.2908 0
      vertex -9.3755 7.19991 0
    endloop
  endfacet
  facet normal 0 0 -1
    outer loop
      vertex -13.2709 -6.6781 0
      vertex -9.3755 7.19991 0
      vertex -12.0702 -7.2908 0
    endloop
  endfacet
  facet normal -0 0 -1
    outer loop
      vertex -9.3755 7.19991 0
      vertex -13.2709 -6.6781 0
      vertex -9.70648 7.21492 0
    endloop
  endfacet
  facet normal -0 0 -1
    outer loop
      vertex -9.70648 7.21492 0
      vertex -13.2709 -6.6781 0
      vertex -9.7233 7.21568 0
    endloop
  endfacet
  facet normal 0 0 -1
    outer loop
      vertex -13.484 -6.58322 0
      vertex -9.7233 7.21568 0
      vertex -13.2709 -6.6781 0
    endloop
  endfacet
  facet normal -0 0 -1
    outer loop
      vertex -9.7233 7.21568 0
      vertex -13.484 -6.58322 0
      vertex -10.0681 7.25883 0
    endloop
  endfacet
  facet normal -0 0 -1
    outer loop
      vertex -10.0681 7.25883 0
      vertex -13.484 -6.58322 0
      vertex -10.1909 7.27774 0
    endloop
  endfacet
  facet normal 0 0 -1
    outer loop
      vertex -14.576 -6.16489 0
      vertex -10.1909 7.27774 0
      vertex -13.484 -6.58322 0
    endloop
  endfacet
  facet normal -0 0 -1
    outer loop
      vertex -10.1909 7.27774 0
      vertex -14.576 -6.16489 0
      vertex -12.3374 7.67102 0
    endloop
  endfacet
  facet normal 0 0 -1
    outer loop
      vertex -14.8417 -6.08197 0
      vertex -12.3374 7.67102 0
      vertex -14.576 -6.16489 0
    endloop
  endfacet
  facet normal 0 0 -1
    outer loop
      vertex -15.8305 -5.84076 0
      vertex -12.3374 7.67102 0
      vertex -14.8417 -6.08197 0
    endloop
  endfacet
  facet normal -0 0 -1
    outer loop
      vertex -12.3374 7.67102 0
      vertex -15.8305 -5.84076 0
      vertex -12.4322 7.69057 0
    endloop
  endfacet
  facet normal 0 0 -1
    outer loop
      vertex -16.1462 -5.78772 0
      vertex -12.4322 7.69057 0
      vertex -15.8305 -5.84076 0
    endloop
  endfacet
  facet normal -0 0 -1
    outer loop
      vertex -12.4322 7.69057 0
      vertex -16.1462 -5.78772 0
      vertex -14.7111 8.21327 0
    endloop
  endfacet
  facet normal 0 0 -1
    outer loop
      vertex -17.0475 -5.70316 0
      vertex -14.7111 8.21327 0
      vertex -16.1462 -5.78772 0
    endloop
  endfacet
  facet normal -0 0 -1
    outer loop
      vertex -14.7111 8.21327 0
      vertex -17.0475 -5.70316 0
      vertex -14.7843 8.23141 0
    endloop
  endfacet
  facet normal -0 0 -1
    outer loop
      vertex -14.7843 8.23141 0
      vertex -17.0475 -5.70316 0
      vertex -15.6939 8.47343 0
    endloop
  endfacet
  facet normal 0 0 -1
    outer loop
      vertex -17.3975 -5.69829 0
      vertex -15.6939 8.47343 0
      vertex -17.0475 -5.70316 0
    endloop
  endfacet
  facet normal -0 0 -1
    outer loop
      vertex -15.6939 8.47343 0
      vertex -17.3975 -5.69829 0
      vertex -15.8877 8.52501 0
    endloop
  endfacet
  facet normal 0 0 -1
    outer loop
      vertex -18.2428 -5.75386 0
      vertex -15.8877 8.52501 0
      vertex -17.3975 -5.69829 0
    endloop
  endfacet
  facet normal -0 0 -1
    outer loop
      vertex -15.8877 8.52501 0
      vertex -18.2428 -5.75386 0
      vertex -17.1748 8.86746 0
    endloop
  endfacet
  facet normal -0 0 -1
    outer loop
      vertex -17.1748 8.86746 0
      vertex -18.2428 -5.75386 0
      vertex -17.2319 8.88348 0
    endloop
  endfacet
  facet normal 0 0 -1
    outer loop
      vertex -25.0972 -2.89186 0
      vertex -18.2428 -5.75386 0
      vertex -18.5969 -5.80635 0
    endloop
  endfacet
  facet normal 0 0 -1
    outer loop
      vertex -24.9752 -3.08322 0
      vertex -18.5969 -5.80635 0
      vertex -19.4249 -5.99896 0
    endloop
  endfacet
  facet normal 0 0 -1
    outer loop
      vertex -18.2428 -5.75386 0
      vertex -25.0972 -2.89186 0
      vertex -17.2319 8.88348 0
    endloop
  endfacet
  facet normal 0 0 -1
    outer loop
      vertex -24.4772 -3.96072 0
      vertex -19.4249 -5.99896 0
      vertex -19.751 -6.1021 0
    endloop
  endfacet
  facet normal 0 0 -1
    outer loop
      vertex -25.617 -2.16277 0
      vertex -17.2319 8.88348 0
      vertex -25.0972 -2.89186 0
    endloop
  endfacet
  facet normal 0 0 -1
    outer loop
      vertex -25.7807 -1.95982 0
      vertex -17.2319 8.88348 0
      vertex -25.617 -2.16277 0
    endloop
  endfacet
  facet normal -0 0 -1
    outer loop
      vertex -17.2319 8.88348 0
      vertex -25.7807 -1.95982 0
      vertex -19.7126 9.61555 0
    endloop
  endfacet
  facet normal 0 0 -1
    outer loop
      vertex -24.3873 -4.1373 0
      vertex -19.751 -6.1021 0
      vertex -20.5977 -6.44435 0
    endloop
  endfacet
  facet normal 0 0 -1
    outer loop
      vertex -23.8571 -5.32202 0
      vertex -20.5977 -6.44435 0
      vertex -20.8733 -6.57881 0
    endloop
  endfacet
  facet normal 0 0 -1
    outer loop
      vertex -23.6123 -5.99896 0
      vertex -20.8733 -6.57881 0
      vertex -21.7246 -7.07034 0
    endloop
  endfacet
  facet normal 0 0 -1
    outer loop
      vertex -23.4509 -6.44435 0
      vertex -21.7246 -7.07034 0
      vertex -21.9165 -7.15962 0
    endloop
  endfacet
  facet normal 0 0 -1
    outer loop
      vertex -23.4509 -6.44435 0
      vertex -21.9165 -7.15962 0
      vertex -22.0673 -7.20323 0
    endloop
  endfacet
  facet normal 0 0 -1
    outer loop
      vertex -23.4509 -6.44435 0
      vertex -22.0673 -7.20323 0
      vertex -22.2225 -7.22679 0
    endloop
  endfacet
  facet normal 0 0 -1
    outer loop
      vertex -19.751 -6.1021 0
      vertex -24.3873 -4.1373 0
      vertex -24.4772 -3.96072 0
    endloop
  endfacet
  facet normal 0 0 -1
    outer loop
      vertex -19.4249 -5.99896 0
      vertex -24.4772 -3.96072 0
      vertex -24.9752 -3.08322 0
    endloop
  endfacet
  facet normal 0 0 -1
    outer loop
      vertex -23.4509 -6.44435 0
      vertex -22.2225 -7.22679 0
      vertex -22.3794 -7.22989 0
    endloop
  endfacet
  facet normal 0 0 -1
    outer loop
      vertex -23.4509 -6.44435 0
      vertex -22.3794 -7.22989 0
      vertex -22.5354 -7.21248 0
    endloop
  endfacet
  facet normal 0 0 -1
    outer loop
      vertex -23.4509 -6.44435 0
      vertex -22.5354 -7.21248 0
      vertex -22.6878 -7.17487 0
    endloop
  endfacet
  facet normal 0 0 -1
    outer loop
      vertex -23.4509 -6.44435 0
      vertex -22.6878 -7.17487 0
      vertex -22.834 -7.11766 0
    endloop
  endfacet
  facet normal 0 0 -1
    outer loop
      vertex -23.4509 -6.44435 0
      vertex -22.834 -7.11766 0
      vertex -22.9715 -7.04189 0
    endloop
  endfacet
  facet normal 0 0 -1
    outer loop
      vertex -23.4509 -6.44435 0
      vertex -22.9715 -7.04189 0
      vertex -23.0979 -6.94881 0
    endloop
  endfacet
  facet normal 0 0 -1
    outer loop
      vertex -23.4509 -6.44435 0
      vertex -23.0979 -6.94881 0
      vertex -23.211 -6.84003 0
    endloop
  endfacet
  facet normal 0 0 -1
    outer loop
      vertex -23.4509 -6.44435 0
      vertex -23.211 -6.84003 0
      vertex -23.309 -6.71741 0
    endloop
  endfacet
  facet normal 0 0 -1
    outer loop
      vertex -23.392 -6.57881 0
      vertex -23.309 -6.71741 0
      vertex -23.3902 -6.58305 0
    endloop
  endfacet
  facet normal 0 0 -1
    outer loop
      vertex -23.4509 -6.44435 0
      vertex -23.309 -6.71741 0
      vertex -23.392 -6.57881 0
    endloop
  endfacet
  facet normal 0 0 -1
    outer loop
      vertex -21.7246 -7.07034 0
      vertex -23.4509 -6.44435 0
      vertex -23.4531 -6.43924 0
    endloop
  endfacet
  facet normal 0 0 -1
    outer loop
      vertex -21.7246 -7.07034 0
      vertex -23.4531 -6.43924 0
      vertex -23.575 -6.1021 0
    endloop
  endfacet
  facet normal 0 0 -1
    outer loop
      vertex -21.7246 -7.07034 0
      vertex -23.575 -6.1021 0
      vertex -23.6123 -5.99896 0
    endloop
  endfacet
  facet normal 0 0 -1
    outer loop
      vertex -20.8733 -6.57881 0
      vertex -23.6123 -5.99896 0
      vertex -23.682 -5.80635 0
    endloop
  endfacet
  facet normal 0 0 -1
    outer loop
      vertex -20.8733 -6.57881 0
      vertex -23.682 -5.80635 0
      vertex -23.701 -5.75386 0
    endloop
  endfacet
  facet normal 0 0 -1
    outer loop
      vertex -20.8733 -6.57881 0
      vertex -23.701 -5.75386 0
      vertex -23.7211 -5.69829 0
    endloop
  endfacet
  facet normal 0 0 -1
    outer loop
      vertex -20.8733 -6.57881 0
      vertex -23.7211 -5.69829 0
      vertex -23.8571 -5.32202 0
    endloop
  endfacet
  facet normal 0 0 -1
    outer loop
      vertex -20.5977 -6.44435 0
      vertex -23.8571 -5.32202 0
      vertex -23.9226 -5.16118 0
    endloop
  endfacet
  facet normal 0 0 -1
    outer loop
      vertex -20.5977 -6.44435 0
      vertex -23.9226 -5.16118 0
      vertex -24.3873 -4.1373 0
    endloop
  endfacet
  facet normal 0 0 -1
    outer loop
      vertex -18.5969 -5.80635 0
      vertex -24.9752 -3.08322 0
      vertex -25.0972 -2.89186 0
    endloop
  endfacet
  facet normal 0 0 -1
    outer loop
      vertex -26.3098 -1.37793 0
      vertex -19.7126 9.61555 0
      vertex -25.7807 -1.95982 0
    endloop
  endfacet
  facet normal -0 0 -1
    outer loop
      vertex -19.7126 9.61555 0
      vertex -26.3098 -1.37793 0
      vertex -19.7559 9.62883 0
    endloop
  endfacet
  facet normal 0 0 -1
    outer loop
      vertex -26.5246 -1.17171 0
      vertex -19.7559 9.62883 0
      vertex -26.3098 -1.37793 0
    endloop
  endfacet
  facet normal -0 0 -1
    outer loop
      vertex -19.7559 9.62883 0
      vertex -26.5246 -1.17171 0
      vertex -20.2569 9.78798 0
    endloop
  endfacet
  facet normal -0 0 -1
    outer loop
      vertex -20.2569 9.78798 0
      vertex -26.5246 -1.17171 0
      vertex -20.4108 9.83687 0
    endloop
  endfacet
  facet normal 0 0 -1
    outer loop
      vertex -27.0514 -0.730179 0
      vertex -20.4108 9.83687 0
      vertex -26.5246 -1.17171 0
    endloop
  endfacet
  facet normal -0 0 -1
    outer loop
      vertex -20.4108 9.83687 0
      vertex -27.0514 -0.730179 0
      vertex -22.3097 10.4401 0
    endloop
  endfacet
  facet normal 0 0 -1
    outer loop
      vertex -27.3235 -0.535355 0
      vertex -22.3097 10.4401 0
      vertex -27.0514 -0.730179 0
    endloop
  endfacet
  facet normal -0 0 -1
    outer loop
      vertex -22.3097 10.4401 0
      vertex -27.3235 -0.535355 0
      vertex -22.3434 10.451 0
    endloop
  endfacet
  facet normal 0 0 -1
    outer loop
      vertex -27.8432 -0.220123 0
      vertex -22.3434 10.451 0
      vertex -27.3235 -0.535355 0
    endloop
  endfacet
  facet normal -0 0 -1
    outer loop
      vertex -22.3434 10.451 0
      vertex -27.8432 -0.220123 0
      vertex -24.2868 11.1013 0
    endloop
  endfacet
  facet normal 0 0 -1
    outer loop
      vertex -28.1706 -0.0570831 0
      vertex -24.2868 11.1013 0
      vertex -27.8432 -0.220123 0
    endloop
  endfacet
  facet normal -0 0 -1
    outer loop
      vertex -24.2868 11.1013 0
      vertex -28.1706 -0.0570831 0
      vertex -24.4274 11.1484 0
    endloop
  endfacet
  facet normal 0 0 -1
    outer loop
      vertex -28.6873 0.14859 0
      vertex -24.4274 11.1484 0
      vertex -28.1706 -0.0570831 0
    endloop
  endfacet
  facet normal -0 0 -1
    outer loop
      vertex -24.4274 11.1484 0
      vertex -28.6873 0.14859 0
      vertex -24.9509 11.3235 0
    endloop
  endfacet
  facet normal -0 0 -1
    outer loop
      vertex -24.9509 11.3235 0
      vertex -28.6873 0.14859 0
      vertex -24.9704 11.3302 0
    endloop
  endfacet
  facet normal 0 0 -1
    outer loop
      vertex -29.0557 0.259033 0
      vertex -24.9704 11.3302 0
      vertex -28.6873 0.14859 0
    endloop
  endfacet
  facet normal 0 0 -1
    outer loop
      vertex -29.5879 0.369049 0
      vertex -24.9704 11.3302 0
      vertex -29.0557 0.259033 0
    endloop
  endfacet
  facet normal -0 0 -1
    outer loop
      vertex -24.9704 11.3302 0
      vertex -29.5879 0.369049 0
      vertex -27.6204 12.2484 0
    endloop
  endfacet
  facet normal 0 0 -1
    outer loop
      vertex -29.9706 0.413712 0
      vertex -27.6204 12.2484 0
      vertex -29.5879 0.369049 0
    endloop
  endfacet
  facet normal -0 0 -1
    outer loop
      vertex -27.6204 12.2484 0
      vertex -29.9706 0.413712 0
      vertex -27.6313 12.2522 0
    endloop
  endfacet
  facet normal -0 0 -1
    outer loop
      vertex -27.6313 12.2522 0
      vertex -29.9706 0.413712 0
      vertex -28.0901 12.4145 0
    endloop
  endfacet
  facet normal 0 0 -1
    outer loop
      vertex -30.5445 0.430054 0
      vertex -28.0901 12.4145 0
      vertex -29.9706 0.413712 0
    endloop
  endfacet
  facet normal -0 0 -1
    outer loop
      vertex -28.0901 12.4145 0
      vertex -30.5445 0.430054 0
      vertex -28.2195 12.4603 0
    endloop
  endfacet
  facet normal 0 0 -1
    outer loop
      vertex -30.9119 0.409729 0
      vertex -28.2195 12.4603 0
      vertex -30.5445 0.430054 0
    endloop
  endfacet
  facet normal -0 0 -1
    outer loop
      vertex -28.2195 12.4603 0
      vertex -30.9119 0.409729 0
      vertex -30.3042 13.1978 0
    endloop
  endfacet
  facet normal 0 0 -1
    outer loop
      vertex -31.5514 0.320297 0
      vertex -30.3042 13.1978 0
      vertex -30.9119 0.409729 0
    endloop
  endfacet
  facet normal 0 0 -1
    outer loop
      vertex -38.4481 4.53375 0
      vertex -30.3042 13.1978 0
      vertex -31.5514 0.320297 0
    endloop
  endfacet
  facet normal 0 0 -1
    outer loop
      vertex -37.8885 3.28026 0
      vertex -31.5514 0.320297 0
      vertex -31.8806 0.248215 0
    endloop
  endfacet
  facet normal 0 0 -1
    outer loop
      vertex -38.4749 4.59148 0
      vertex -30.3042 13.1978 0
      vertex -38.4481 4.53375 0
    endloop
  endfacet
  facet normal 0 0 -1
    outer loop
      vertex -37.8626 3.21976 0
      vertex -31.8806 0.248215 0
      vertex -32.6001 0.031723 0
    endloop
  endfacet
  facet normal 0 0 -1
    outer loop
      vertex -37.3489 1.96901 0
      vertex -32.6001 0.031723 0
      vertex -32.8801 -0.0737762 0
    endloop
  endfacet
  facet normal -0 0 -1
    outer loop
      vertex -30.3042 13.1978 0
      vertex -38.4749 4.59148 0
      vertex -31.7926 13.7284 0
    endloop
  endfacet
  facet normal 0 0 -1
    outer loop
      vertex -37.3238 1.90514 0
      vertex -32.8801 -0.0737762 0
      vertex -33.6819 -0.439865 0
    endloop
  endfacet
  facet normal 0 0 -1
    outer loop
      vertex -36.8561 0.657928 0
      vertex -33.6819 -0.439865 0
      vertex -33.9122 -0.561951 0
    endloop
  endfacet
  facet normal 0 0 -1
    outer loop
      vertex -36.6425 0.031723 0
      vertex -33.9122 -0.561951 0
      vertex -34.7289 -1.05917 0
    endloop
  endfacet
  facet normal 0 0 -1
    outer loop
      vertex -36.4809 -0.439865 0
      vertex -34.7289 -1.05917 0
      vertex -34.8223 -1.11049 0
    endloop
  endfacet
  facet normal 0 0 -1
    outer loop
      vertex -36.4809 -0.439865 0
      vertex -34.8223 -1.11049 0
      vertex -34.9674 -1.17053 0
    endloop
  endfacet
  facet normal 0 0 -1
    outer loop
      vertex -36.4809 -0.439865 0
      vertex -34.9674 -1.17053 0
      vertex -35.119 -1.21114 0
    endloop
  endfacet
  facet normal 0 0 -1
    outer loop
      vertex -36.4809 -0.439865 0
      vertex -35.119 -1.21114 0
      vertex -35.2746 -1.23161 0
    endloop
  endfacet
  facet normal 0 0 -1
    outer loop
      vertex -36.4809 -0.439865 0
      vertex -35.2746 -1.23161 0
      vertex -35.4316 -1.23158 0
    endloop
  endfacet
  facet normal 0 0 -1
    outer loop
      vertex -32.8801 -0.0737762 0
      vertex -37.3238 1.90514 0
      vertex -37.3489 1.96901 0
    endloop
  endfacet
  facet normal 0 0 -1
    outer loop
      vertex -36.4809 -0.439865 0
      vertex -35.4316 -1.23158 0
      vertex -35.5872 -1.21107 0
    endloop
  endfacet
  facet normal 0 0 -1
    outer loop
      vertex -32.6001 0.031723 0
      vertex -37.3489 1.96901 0
      vertex -37.8626 3.21976 0
    endloop
  endfacet
  facet normal 0 0 -1
    outer loop
      vertex -31.8806 0.248215 0
      vertex -37.8626 3.21976 0
      vertex -37.8885 3.28026 0
    endloop
  endfacet
  facet normal 0 0 -1
    outer loop
      vertex -36.4809 -0.439865 0
      vertex -35.5872 -1.21107 0
      vertex -35.7388 -1.17043 0
    endloop
  endfacet
  facet normal 0 0 -1
    outer loop
      vertex -36.4809 -0.439865 0
      vertex -35.7388 -1.17043 0
      vertex -35.8838 -1.11034 0
    endloop
  endfacet
  facet normal 0 0 -1
    outer loop
      vertex -36.4809 -0.439865 0
      vertex -35.8838 -1.11034 0
      vertex -36.0197 -1.03183 0
    endloop
  endfacet
  facet normal 0 0 -1
    outer loop
      vertex -36.4809 -0.439865 0
      vertex -36.0197 -1.03183 0
      vertex -36.1443 -0.936264 0
    endloop
  endfacet
  facet normal 0 0 -1
    outer loop
      vertex -36.4809 -0.439865 0
      vertex -36.1443 -0.936264 0
      vertex -36.2552 -0.825241 0
    endloop
  endfacet
  facet normal 0 0 -1
    outer loop
      vertex -36.4809 -0.439865 0
      vertex -36.2552 -0.825241 0
      vertex -36.3508 -0.700699 0
    endloop
  endfacet
  facet normal 0 0 -1
    outer loop
      vertex -36.4304 -0.561951 0
      vertex -36.3508 -0.700699 0
      vertex -36.4292 -0.564758 0
    endloop
  endfacet
  facet normal 0 0 -1
    outer loop
      vertex -36.4809 -0.439865 0
      vertex -36.3508 -0.700699 0
      vertex -36.4304 -0.561951 0
    endloop
  endfacet
  facet normal 0 0 -1
    outer loop
      vertex -34.7289 -1.05917 0
      vertex -36.4809 -0.439865 0
      vertex -36.4893 -0.419724 0
    endloop
  endfacet
  facet normal 0 0 -1
    outer loop
      vertex -34.7289 -1.05917 0
      vertex -36.4893 -0.419724 0
      vertex -36.6067 -0.0737762 0
    endloop
  endfacet
  facet normal 0 0 -1
    outer loop
      vertex -34.7289 -1.05917 0
      vertex -36.6067 -0.0737762 0
      vertex -36.6425 0.031723 0
    endloop
  endfacet
  facet normal 0 0 -1
    outer loop
      vertex -33.9122 -0.561951 0
      vertex -36.6425 0.031723 0
      vertex -36.7159 0.248215 0
    endloop
  endfacet
  facet normal 0 0 -1
    outer loop
      vertex -33.9122 -0.561951 0
      vertex -36.7159 0.248215 0
      vertex -36.7404 0.320297 0
    endloop
  endfacet
  facet normal 0 0 -1
    outer loop
      vertex -33.9122 -0.561951 0
      vertex -36.7404 0.320297 0
      vertex -36.7707 0.409729 0
    endloop
  endfacet
  facet normal 0 0 -1
    outer loop
      vertex -33.9122 -0.561951 0
      vertex -36.7707 0.409729 0
      vertex -36.7776 0.430054 0
    endloop
  endfacet
  facet normal 0 0 -1
    outer loop
      vertex -33.9122 -0.561951 0
      vertex -36.7776 0.430054 0
      vertex -36.8325 0.591705 0
    endloop
  endfacet
  facet normal 0 0 -1
    outer loop
      vertex -33.9122 -0.561951 0
      vertex -36.8325 0.591705 0
      vertex -36.8561 0.657928 0
    endloop
  endfacet
  facet normal 0 0 -1
    outer loop
      vertex -33.6819 -0.439865 0
      vertex -36.8561 0.657928 0
      vertex -37.3238 1.90514 0
    endloop
  endfacet
  facet normal 0 0 -1
    outer loop
      vertex -31.5514 0.320297 0
      vertex -37.8885 3.28026 0
      vertex -38.4481 4.53375 0
    endloop
  endfacet
  facet normal 0 0 -1
    outer loop
      vertex -39.0798 5.84607 0
      vertex -31.7926 13.7284 0
      vertex -38.4749 4.59148 0
    endloop
  endfacet
  facet normal -0 0 -1
    outer loop
      vertex -31.7926 13.7284 0
      vertex -39.0798 5.84607 0
      vertex -31.9114 13.7708 0
    endloop
  endfacet
  facet normal 0 0 -1
    outer loop
      vertex -39.1084 5.9032 0
      vertex -31.9114 13.7708 0
      vertex -39.0798 5.84607 0
    endloop
  endfacet
  facet normal -0 0 -1
    outer loop
      vertex -31.9114 13.7708 0
      vertex -39.1084 5.9032 0
      vertex -32.9708 14.1485 0
    endloop
  endfacet
  facet normal 0 0 -1
    outer loop
      vertex -39.7592 7.16005 0
      vertex -32.9708 14.1485 0
      vertex -39.1084 5.9032 0
    endloop
  endfacet
  facet normal 0 0 -1
    outer loop
      vertex -39.7799 7.1987 0
      vertex -32.9708 14.1485 0
      vertex -39.7592 7.16005 0
    endloop
  endfacet
  facet normal 0 0 -1
    outer loop
      vertex -39.7806 7.19991 0
      vertex -32.9708 14.1485 0
      vertex -39.7799 7.1987 0
    endloop
  endfacet
  facet normal 0 0 -1
    outer loop
      vertex -39.7886 7.21492 0
      vertex -32.9708 14.1485 0
      vertex -39.7806 7.19991 0
    endloop
  endfacet
  facet normal 0 0 -1
    outer loop
      vertex -39.789 7.21568 0
      vertex -32.9708 14.1485 0
      vertex -39.7886 7.21492 0
    endloop
  endfacet
  facet normal 0 0 -1
    outer loop
      vertex -39.8234 7.27774 0
      vertex -32.9708 14.1485 0
      vertex -39.789 7.21568 0
    endloop
  endfacet
  facet normal 0 0 -1
    outer loop
      vertex -40.0411 7.67102 0
      vertex -32.9708 14.1485 0
      vertex -39.8234 7.27774 0
    endloop
  endfacet
  facet normal 0 0 -1
    outer loop
      vertex -40.0519 7.69057 0
      vertex -32.9708 14.1485 0
      vertex -40.0411 7.67102 0
    endloop
  endfacet
  facet normal -0 0 -1
    outer loop
      vertex -32.9708 14.1485 0
      vertex -40.0519 7.69057 0
      vertex -35.4903 15.0425 0
    endloop
  endfacet
  facet normal 0 0 -1
    outer loop
      vertex -40.3413 8.21327 0
      vertex -35.4903 15.0425 0
      vertex -40.0519 7.69057 0
    endloop
  endfacet
  facet normal 0 0 -1
    outer loop
      vertex -40.3513 8.23141 0
      vertex -35.4903 15.0425 0
      vertex -40.3413 8.21327 0
    endloop
  endfacet
  facet normal 0 0 -1
    outer loop
      vertex -40.4853 8.47343 0
      vertex -35.4903 15.0425 0
      vertex -40.3513 8.23141 0
    endloop
  endfacet
  facet normal 0 0 -1
    outer loop
      vertex -40.5147 8.52501 0
      vertex -35.4903 15.0425 0
      vertex -40.4853 8.47343 0
    endloop
  endfacet
  facet normal 0 0 -1
    outer loop
      vertex -40.7165 8.86746 0
      vertex -35.4903 15.0425 0
      vertex -40.5147 8.52501 0
    endloop
  endfacet
  facet normal -0 0 -1
    outer loop
      vertex -35.4903 15.0425 0
      vertex -40.7165 8.86746 0
      vertex -35.6011 15.0818 0
    endloop
  endfacet
  facet normal -0 0 -1
    outer loop
      vertex -35.6011 15.0818 0
      vertex -40.7165 8.86746 0
      vertex -35.6234 15.0898 0
    endloop
  endfacet
  facet normal 0 0 -1
    outer loop
      vertex -40.726 8.88348 0
      vertex -35.6234 15.0898 0
      vertex -40.7165 8.86746 0
    endloop
  endfacet
  facet normal 0 0 -1
    outer loop
      vertex -41.1574 9.61555 0
      vertex -35.6234 15.0898 0
      vertex -40.726 8.88348 0
    endloop
  endfacet
  facet normal 0 0 -1
    outer loop
      vertex -41.1652 9.62883 0
      vertex -35.6234 15.0898 0
      vertex -41.1574 9.61555 0
    endloop
  endfacet
  facet normal 0 0 -1
    outer loop
      vertex -41.259 9.78798 0
      vertex -35.6234 15.0898 0
      vertex -41.1652 9.62883 0
    endloop
  endfacet
  facet normal 0 0 -1
    outer loop
      vertex -41.2887 9.83687 0
      vertex -35.6234 15.0898 0
      vertex -41.259 9.78798 0
    endloop
  endfacet
  facet normal -0 0 -1
    outer loop
      vertex -35.6234 15.0898 0
      vertex -41.2887 9.83687 0
      vertex -38.2284 15.9979 0
    endloop
  endfacet
  facet normal 0 0 -1
    outer loop
      vertex -41.6657 10.4401 0
      vertex -38.2284 15.9979 0
      vertex -41.2887 9.83687 0
    endloop
  endfacet
  facet normal 0 0 -1
    outer loop
      vertex -41.6725 10.451 0
      vertex -38.2284 15.9979 0
      vertex -41.6657 10.4401 0
    endloop
  endfacet
  facet normal 0 0 -1
    outer loop
      vertex -42.079 11.1013 0
      vertex -38.2284 15.9979 0
      vertex -41.6725 10.451 0
    endloop
  endfacet
  facet normal -0 0 -1
    outer loop
      vertex -38.2284 15.9979 0
      vertex -42.079 11.1013 0
      vertex -38.2397 16.0018 0
    endloop
  endfacet
  facet normal 0 0 -1
    outer loop
      vertex -42.1092 11.1484 0
      vertex -38.2397 16.0018 0
      vertex -42.079 11.1013 0
    endloop
  endfacet
  facet normal 0 0 -1
    outer loop
      vertex -42.2249 11.3235 0
      vertex -38.2397 16.0018 0
      vertex -42.1092 11.1484 0
    endloop
  endfacet
  facet normal 0 0 -1
    outer loop
      vertex -42.2293 11.3302 0
      vertex -38.2397 16.0018 0
      vertex -42.2249 11.3235 0
    endloop
  endfacet
  facet normal 0 0 -1
    outer loop
      vertex -42.836 12.2484 0
      vertex -38.2397 16.0018 0
      vertex -42.2293 11.3302 0
    endloop
  endfacet
  facet normal -0 0 -1
    outer loop
      vertex -38.2397 16.0018 0
      vertex -42.836 12.2484 0
      vertex -40.7869 16.8615 0
    endloop
  endfacet
  facet normal 0 0 -1
    outer loop
      vertex -42.8385 12.2522 0
      vertex -40.7869 16.8615 0
      vertex -42.836 12.2484 0
    endloop
  endfacet
  facet normal 0 0 -1
    outer loop
      vertex -42.9457 12.4145 0
      vertex -40.7869 16.8615 0
      vertex -42.8385 12.2522 0
    endloop
  endfacet
  facet normal 0 0 -1
    outer loop
      vertex -42.9768 12.4603 0
      vertex -40.7869 16.8615 0
      vertex -42.9457 12.4145 0
    endloop
  endfacet
  facet normal 0 0 -1
    outer loop
      vertex -43.4904 13.1978 0
      vertex -40.7869 16.8615 0
      vertex -42.9768 12.4603 0
    endloop
  endfacet
  facet normal -0 0 -1
    outer loop
      vertex -40.7869 16.8615 0
      vertex -43.4904 13.1978 0
      vertex -40.804 16.8671 0
    endloop
  endfacet
  facet normal 0 0 -1
    outer loop
      vertex -43.86 13.7284 0
      vertex -40.804 16.8671 0
      vertex -43.4904 13.1978 0
    endloop
  endfacet
  facet normal 0 0 -1
    outer loop
      vertex -43.8902 13.7708 0
      vertex -40.804 16.8671 0
      vertex -43.86 13.7284 0
    endloop
  endfacet
  facet normal -0 0 -1
    outer loop
      vertex -40.804 16.8671 0
      vertex -43.8902 13.7708 0
      vertex -43.2749 17.6602 0
    endloop
  endfacet
  facet normal 0 0 -1
    outer loop
      vertex -44.8213 15.0425 0
      vertex -43.2749 17.6602 0
      vertex -43.8902 13.7708 0
    endloop
  endfacet
  facet normal 0 0 -1
    outer loop
      vertex -44.8508 15.0818 0
      vertex -43.2749 17.6602 0
      vertex -44.8213 15.0425 0
    endloop
  endfacet
  facet normal -0 0 -1
    outer loop
      vertex -43.2749 17.6602 0
      vertex -44.8508 15.0818 0
      vertex -43.2988 17.6675 0
    endloop
  endfacet
  facet normal 0 0 -1
    outer loop
      vertex -45.6292 16.0956 0
      vertex -43.2988 17.6675 0
      vertex -44.8508 15.0818 0
    endloop
  endfacet
  facet normal -0 0 -1
    outer loop
      vertex -43.2988 17.6675 0
      vertex -45.6292 16.0956 0
      vertex -44.3345 17.9764 0
    endloop
  endfacet
  facet normal -0 0 -1
    outer loop
      vertex -44.3345 17.9764 0
      vertex -45.6292 16.0956 0
      vertex -44.4875 18.0113 0
    endloop
  endfacet
  facet normal -0 0 -1
    outer loop
      vertex -44.4875 18.0113 0
      vertex -45.6292 16.0956 0
      vertex -44.6438 18.0259 0
    endloop
  endfacet
  facet normal 0 0 -1
    outer loop
      vertex -44.6438 18.0259 0
      vertex -45.6292 16.0956 0
      vertex -44.8007 18.0201 0
    endloop
  endfacet
  facet normal 0 0 -1
    outer loop
      vertex -44.8007 18.0201 0
      vertex -45.6292 16.0956 0
      vertex -44.9554 17.9938 0
    endloop
  endfacet
  facet normal 0 0 -1
    outer loop
      vertex -44.9554 17.9938 0
      vertex -45.6292 16.0956 0
      vertex -45.1054 17.9475 0
    endloop
  endfacet
  facet normal 0 0 -1
    outer loop
      vertex -45.1054 17.9475 0
      vertex -45.6292 16.0956 0
      vertex -45.2481 17.882 0
    endloop
  endfacet
  facet normal 0 0 -1
    outer loop
      vertex -45.2481 17.882 0
      vertex -45.6292 16.0956 0
      vertex -45.381 17.7985 0
    endloop
  endfacet
  facet normal 0 0 -1
    outer loop
      vertex -45.381 17.7985 0
      vertex -45.6292 16.0956 0
      vertex -45.5019 17.6984 0
    endloop
  endfacet
  facet normal 0 0 -1
    outer loop
      vertex -45.5019 17.6984 0
      vertex -45.6292 16.0956 0
      vertex -45.6086 17.5833 0
    endloop
  endfacet
  facet normal 0 0 -1
    outer loop
      vertex -45.6292 16.0956 0
      vertex -45.6994 17.4553 0
      vertex -45.6086 17.5833 0
    endloop
  endfacet
  facet normal 0 0 -1
    outer loop
      vertex -45.733 16.2557 0
      vertex -45.6994 17.4553 0
      vertex -45.6292 16.0956 0
    endloop
  endfacet
  facet normal 0 0 -1
    outer loop
      vertex -45.733 16.2557 0
      vertex -45.7728 17.3165 0
      vertex -45.6994 17.4553 0
    endloop
  endfacet
  facet normal 0 0 -1
    outer loop
      vertex -45.7985 16.3984 0
      vertex -45.7728 17.3165 0
      vertex -45.733 16.2557 0
    endloop
  endfacet
  facet normal 0 0 -1
    outer loop
      vertex -45.7985 16.3984 0
      vertex -45.8274 17.1693 0
      vertex -45.7728 17.3165 0
    endloop
  endfacet
  facet normal 0 0 -1
    outer loop
      vertex -45.8448 16.5484 0
      vertex -45.8274 17.1693 0
      vertex -45.7985 16.3984 0
    endloop
  endfacet
  facet normal 0 0 -1
    outer loop
      vertex -45.8448 16.5484 0
      vertex -45.8623 17.0163 0
      vertex -45.8274 17.1693 0
    endloop
  endfacet
  facet normal 0 0 -1
    outer loop
      vertex -45.8711 16.7032 0
      vertex -45.8623 17.0163 0
      vertex -45.8448 16.5484 0
    endloop
  endfacet
  facet normal 0 0 -1
    outer loop
      vertex -45.8623 17.0163 0
      vertex -45.8711 16.7032 0
      vertex -45.8769 16.86 0
    endloop
  endfacet
  facet normal 0.466561 -0.532323 -0.706366
    outer loop
      vertex 1.42826 -17.9128 1
      vertex 0.819504 -17.1194 0
      vertex 1.52661 -17.8266 1
    endloop
  endfacet
  facet normal -0.412369 -0.574622 -0.706938
    outer loop
      vertex -1.24337 -18.0547 1
      vertex -0.762115 -17.1698 0
      vertex -0.634613 -17.2613 0
    endloop
  endfacet
  facet normal -0.412662 -0.574438 -0.706916
    outer loop
      vertex -0.762115 -17.1698 0
      vertex -1.24337 -18.0547 1
      vertex -1.37088 -17.9631 1
    endloop
  endfacet
  facet normal -0.046539 -0.706341 -0.706341
    outer loop
      vertex -0.0403595 -18.4422 1
      vertex -0.170885 -18.4336 1
      vertex -0.0403595 -17.4422 0
    endloop
  endfacet
  facet normal -0.0698419 -0.703847 -0.70691
    outer loop
      vertex -0.170885 -18.4336 1
      vertex -0.196564 -17.4267 0
      vertex -0.0403595 -17.4422 0
    endloop
  endfacet
  facet normal -0.0698422 -0.703847 -0.70691
    outer loop
      vertex -0.196564 -17.4267 0
      vertex -0.170885 -18.4336 1
      vertex -0.327089 -18.4181 1
    endloop
  endfacet
  facet normal -0.333897 -0.623486 -0.70695
    outer loop
      vertex -0.996246 -18.2015 1
      vertex -0.634613 -17.2613 0
      vertex -0.496246 -17.3354 0
    endloop
  endfacet
  facet normal -0.334265 -0.623318 -0.706924
    outer loop
      vertex -0.634613 -17.2613 0
      vertex -0.996246 -18.2015 1
      vertex -1.13461 -18.1273 1
    endloop
  endfacet
  facet normal 0.722079 -0.691811 0
    outer loop
      vertex 2.69496 -16.5808 3
      vertex 2.72993 -16.5443 1
      vertex 2.72993 -16.5443 3
    endloop
  endfacet
  facet normal 0.722079 -0.691811 0
    outer loop
      vertex 2.72993 -16.5443 1
      vertex 2.69496 -16.5808 3
      vertex 2.69496 -16.5808 1
    endloop
  endfacet
  facet normal -0.722079 -0.691811 0
    outer loop
      vertex -2.69496 -16.5808 1
      vertex -2.72993 -16.5443 3
      vertex -2.72993 -16.5443 1
    endloop
  endfacet
  facet normal -0.722079 -0.691811 0
    outer loop
      vertex -2.72993 -16.5443 3
      vertex -2.69496 -16.5808 1
      vertex -2.69496 -16.5808 3
    endloop
  endfacet
  facet normal 0.511235 -0.488607 0.707037
    outer loop
      vertex 1.98785 -15.8737 4
      vertex 2.72993 -16.5443 3
      vertex 2.02283 -15.8371 4
    endloop
  endfacet
  facet normal 0.510646 -0.489241 0.707025
    outer loop
      vertex 2.72993 -16.5443 3
      vertex 1.98785 -15.8737 4
      vertex 2.69496 -16.5808 3
    endloop
  endfacet
  facet normal -0.510646 -0.489241 -0.707025
    outer loop
      vertex -2.72993 -16.5443 1
      vertex -1.98785 -15.8737 0
      vertex -2.69496 -16.5808 1
    endloop
  endfacet
  facet normal -0.511235 -0.488607 -0.707037
    outer loop
      vertex -1.98785 -15.8737 0
      vertex -2.72993 -16.5443 1
      vertex -2.02283 -15.8371 0
    endloop
  endfacet
  facet normal -0.511235 -0.488607 0.707037
    outer loop
      vertex -2.72993 -16.5443 3
      vertex -1.98785 -15.8737 4
      vertex -2.02283 -15.8371 4
    endloop
  endfacet
  facet normal -0.510646 -0.489241 0.707025
    outer loop
      vertex -1.98785 -15.8737 4
      vertex -2.72993 -16.5443 3
      vertex -2.69496 -16.5808 3
    endloop
  endfacet
  facet normal 0.510646 -0.489241 -0.707025
    outer loop
      vertex 1.98785 -15.8737 0
      vertex 2.72993 -16.5443 1
      vertex 2.69496 -16.5808 1
    endloop
  endfacet
  facet normal 0.511235 -0.488607 -0.707037
    outer loop
      vertex 2.72993 -16.5443 1
      vertex 1.98785 -15.8737 0
      vertex 2.02283 -15.8371 0
    endloop
  endfacet
  facet normal 0.505205 -0.494773 0.707084
    outer loop
      vertex 2.02283 -15.8371 4
      vertex 4.58482 -14.6502 3
      vertex 3.87772 -13.9431 4
    endloop
  endfacet
  facet normal 0.5052 -0.494742 0.707109
    outer loop
      vertex 4.58482 -14.6502 3
      vertex 2.02283 -15.8371 4
      vertex 2.72993 -16.5443 3
    endloop
  endfacet
  facet normal 0.714463 -0.699673 0
    outer loop
      vertex 2.72993 -16.5443 3
      vertex 4.58482 -14.6502 1
      vertex 4.58482 -14.6502 3
    endloop
  endfacet
  facet normal 0.714463 -0.699673 0
    outer loop
      vertex 4.58482 -14.6502 1
      vertex 2.72993 -16.5443 3
      vertex 2.72993 -16.5443 1
    endloop
  endfacet
  facet normal 0.5052 -0.494742 -0.707109
    outer loop
      vertex 2.02283 -15.8371 0
      vertex 4.58482 -14.6502 1
      vertex 2.72993 -16.5443 1
    endloop
  endfacet
  facet normal 0.505205 -0.494773 -0.707084
    outer loop
      vertex 4.58482 -14.6502 1
      vertex 2.02283 -15.8371 0
      vertex 3.87772 -13.9431 0
    endloop
  endfacet
  facet normal -0.505205 -0.494773 0.707084
    outer loop
      vertex -4.58482 -14.6502 3
      vertex -2.02283 -15.8371 4
      vertex -3.87772 -13.9431 4
    endloop
  endfacet
  facet normal -0.5052 -0.494742 0.707109
    outer loop
      vertex -2.02283 -15.8371 4
      vertex -4.58482 -14.6502 3
      vertex -2.72993 -16.5443 3
    endloop
  endfacet
  facet normal -0.714463 -0.699673 0
    outer loop
      vertex -2.72993 -16.5443 1
      vertex -4.58482 -14.6502 3
      vertex -4.58482 -14.6502 1
    endloop
  endfacet
  facet normal -0.714463 -0.699673 0
    outer loop
      vertex -4.58482 -14.6502 3
      vertex -2.72993 -16.5443 1
      vertex -2.72993 -16.5443 3
    endloop
  endfacet
  facet normal -0.5052 -0.494742 -0.707109
    outer loop
      vertex -4.58482 -14.6502 1
      vertex -2.02283 -15.8371 0
      vertex -2.72993 -16.5443 1
    endloop
  endfacet
  facet normal -0.505205 -0.494773 -0.707084
    outer loop
      vertex -2.02283 -15.8371 0
      vertex -4.58482 -14.6502 1
      vertex -3.87772 -13.9431 0
    endloop
  endfacet
  facet normal 0.535077 0.463212 0.706489
    outer loop
      vertex 8.5382 8.62313 3
      vertex 7.75729 8 4
      vertex 8.55064 8.60876 3
    endloop
  endfacet
  facet normal 0.534897 0.463429 0.706483
    outer loop
      vertex 7.75729 8 4
      vertex 8.5382 8.62313 3
      vertex 7.74484 8.01437 4
    endloop
  endfacet
  facet normal -0.0404123 0.706527 0.706532
    outer loop
      vertex 1.46987 9.00741 3
      vertex 1.34044 8 4
      vertex 1.59167 8.01437 4
    endloop
  endfacet
  facet normal -0.0404495 0.706528 0.706528
    outer loop
      vertex 1.34044 8 4
      vertex 1.46987 9.00741 3
      vertex 1.34044 9 3
    endloop
  endfacet
  facet normal 0.756054 0.65451 0
    outer loop
      vertex 8.55064 8.60876 3
      vertex 8.5382 8.62313 1
      vertex 8.5382 8.62313 3
    endloop
  endfacet
  facet normal 0.756054 0.65451 0
    outer loop
      vertex 8.5382 8.62313 1
      vertex 8.55064 8.60876 3
      vertex 8.55064 8.60876 1
    endloop
  endfacet
  facet normal -0.0571574 0.998365 0
    outer loop
      vertex 1.46987 9.00741 1
      vertex 1.34044 9 3
      vertex 1.46987 9.00741 3
    endloop
  endfacet
  facet normal -0.0571574 0.998365 0
    outer loop
      vertex 1.34044 9 3
      vertex 1.46987 9.00741 1
      vertex 1.34044 9 1
    endloop
  endfacet
  facet normal 0.535077 0.463212 -0.706489
    outer loop
      vertex 7.75729 8 0
      vertex 8.5382 8.62313 1
      vertex 8.55064 8.60876 1
    endloop
  endfacet
  facet normal 0.534897 0.463429 -0.706483
    outer loop
      vertex 8.5382 8.62313 1
      vertex 7.75729 8 0
      vertex 7.74484 8.01437 0
    endloop
  endfacet
  facet normal -0.0404123 0.706527 -0.706532
    outer loop
      vertex 1.34044 8 0
      vertex 1.46987 9.00741 1
      vertex 1.59167 8.01437 0
    endloop
  endfacet
  facet normal -0.0404495 0.706528 -0.706528
    outer loop
      vertex 1.46987 9.00741 1
      vertex 1.34044 8 0
      vertex 1.34044 9 1
    endloop
  endfacet
  facet normal 0 1 -0
    outer loop
      vertex 1.34044 9 1
      vertex -1.34052 9 3
      vertex 1.34044 9 3
    endloop
  endfacet
  facet normal 0 1 0
    outer loop
      vertex -1.34052 9 3
      vertex 1.34044 9 1
      vertex -1.34052 9 1
    endloop
  endfacet
  facet normal 0 0.707107 -0.707107
    outer loop
      vertex 1.34044 8 0
      vertex -1.34052 9 1
      vertex 1.34044 9 1
    endloop
  endfacet
  facet normal 0 0.707107 -0.707107
    outer loop
      vertex -1.34052 9 1
      vertex 1.34044 8 0
      vertex -1.34052 8 0
    endloop
  endfacet
  facet normal 0 0.707107 0.707107
    outer loop
      vertex 1.34044 9 3
      vertex -1.34052 8 4
      vertex 1.34044 8 4
    endloop
  endfacet
  facet normal 0 0.707107 0.707107
    outer loop
      vertex -1.34052 8 4
      vertex 1.34044 9 3
      vertex -1.34052 9 3
    endloop
  endfacet
  facet normal 0.535093 0.463207 -0.706481
    outer loop
      vertex 8.2145 8.17885 0.463533
      vertex 8.55064 8.60876 1
      vertex 8.59639 8.55591 1
    endloop
  endfacet
  facet normal 0.535055 0.463235 -0.706491
    outer loop
      vertex 7.75729 8 0
      vertex 8.2145 8.17885 0.463533
      vertex 7.84675 7.89667 0
    endloop
  endfacet
  facet normal 0.535043 0.463254 -0.706487
    outer loop
      vertex 8.2145 8.17885 0.463533
      vertex 7.75729 8 0
      vertex 8.55064 8.60876 1
    endloop
  endfacet
  facet normal 0.756067 0.654495 0
    outer loop
      vertex 8.59639 8.55591 3
      vertex 8.55064 8.60876 1
      vertex 8.55064 8.60876 3
    endloop
  endfacet
  facet normal 0.756067 0.654495 0
    outer loop
      vertex 8.55064 8.60876 1
      vertex 8.59639 8.55591 3
      vertex 8.59639 8.55591 1
    endloop
  endfacet
  facet normal -0.773786 0.633447 0
    outer loop
      vertex -8.57447 8.58053 1
      vertex -8.55136 8.60876 3
      vertex -8.55136 8.60876 1
    endloop
  endfacet
  facet normal -0.773786 0.633447 0
    outer loop
      vertex -8.55136 8.60876 3
      vertex -8.57447 8.58053 1
      vertex -8.57447 8.58053 3
    endloop
  endfacet
  facet normal 0.535094 0.463208 0.706479
    outer loop
      vertex 8.55064 8.60876 3
      vertex 8.2145 8.17885 3.53647
      vertex 8.59639 8.55591 3
    endloop
  endfacet
  facet normal 0.535033 0.463266 0.706487
    outer loop
      vertex 7.75729 8 4
      vertex 8.2145 8.17885 3.53647
      vertex 8.55064 8.60876 3
    endloop
  endfacet
  facet normal 0.535053 0.463233 0.706494
    outer loop
      vertex 8.2145 8.17885 3.53647
      vertex 7.75729 8 4
      vertex 7.84675 7.89667 4
    endloop
  endfacet
  facet normal -0.547284 0.448025 0.706933
    outer loop
      vertex -8.57447 8.58053 3
      vertex -7.758 8 4
      vertex -8.55136 8.60876 3
    endloop
  endfacet
  facet normal -0.547233 0.448092 0.70693
    outer loop
      vertex -7.758 8 4
      vertex -8.57447 8.58053 3
      vertex -7.84261 7.89667 4
    endloop
  endfacet
  facet normal -0.547233 0.448092 -0.70693
    outer loop
      vertex -8.57447 8.58053 1
      vertex -7.758 8 0
      vertex -7.84261 7.89667 0
    endloop
  endfacet
  facet normal -0.547284 0.448025 -0.706933
    outer loop
      vertex -7.758 8 0
      vertex -8.57447 8.58053 1
      vertex -8.55136 8.60876 1
    endloop
  endfacet
  facet normal -0.459779 -0.537885 0.706599
    outer loop
      vertex -8.03804 -11.4336 3
      vertex -7.35394 -10.7047 4
      vertex -7.42928 -10.6403 4
    endloop
  endfacet
  facet normal -0.460108 -0.53759 0.70661
    outer loop
      vertex -7.35394 -10.7047 4
      vertex -8.03804 -11.4336 3
      vertex -8.00883 -11.4586 3
    endloop
  endfacet
  facet normal 0.460108 -0.53759 -0.70661
    outer loop
      vertex 7.35394 -10.7047 0
      vertex 8.03804 -11.4336 1
      vertex 8.00883 -11.4586 1
    endloop
  endfacet
  facet normal 0.459779 -0.537885 -0.706599
    outer loop
      vertex 8.03804 -11.4336 1
      vertex 7.35394 -10.7047 0
      vertex 7.42928 -10.6403 0
    endloop
  endfacet
  facet normal 0.650234 -0.759734 0
    outer loop
      vertex 8.00883 -11.4586 1
      vertex 8.03804 -11.4336 3
      vertex 8.00883 -11.4586 3
    endloop
  endfacet
  facet normal 0.650234 -0.759734 0
    outer loop
      vertex 8.03804 -11.4336 3
      vertex 8.00883 -11.4586 1
      vertex 8.03804 -11.4336 1
    endloop
  endfacet
  facet normal 0.459779 -0.537885 0.706599
    outer loop
      vertex 7.35394 -10.7047 4
      vertex 8.03804 -11.4336 3
      vertex 7.42928 -10.6403 4
    endloop
  endfacet
  facet normal 0.460108 -0.53759 0.70661
    outer loop
      vertex 8.03804 -11.4336 3
      vertex 7.35394 -10.7047 4
      vertex 8.00883 -11.4586 3
    endloop
  endfacet
  facet normal -0.650234 -0.759734 0
    outer loop
      vertex -8.03804 -11.4336 1
      vertex -8.00883 -11.4586 3
      vertex -8.03804 -11.4336 3
    endloop
  endfacet
  facet normal -0.650234 -0.759734 -0
    outer loop
      vertex -8.00883 -11.4586 3
      vertex -8.03804 -11.4336 1
      vertex -8.00883 -11.4586 1
    endloop
  endfacet
  facet normal -0.460108 -0.53759 -0.70661
    outer loop
      vertex -8.03804 -11.4336 1
      vertex -7.35394 -10.7047 0
      vertex -8.00883 -11.4586 1
    endloop
  endfacet
  facet normal -0.459779 -0.537885 -0.706599
    outer loop
      vertex -7.35394 -10.7047 0
      vertex -8.03804 -11.4336 1
      vertex -7.42928 -10.6403 0
    endloop
  endfacet
  facet normal -0.472193 -0.527059 0.706571
    outer loop
      vertex -7.35394 -10.7047 4
      vertex -6.4295 -12.8735 3
      vertex -5.7224 -12.1664 4
    endloop
  endfacet
  facet normal -0.472184 -0.527058 0.706578
    outer loop
      vertex -6.4295 -12.8735 3
      vertex -7.35394 -10.7047 4
      vertex -8.00883 -11.4586 3
    endloop
  endfacet
  facet normal 0.472184 -0.527058 0.706578
    outer loop
      vertex 7.35394 -10.7047 4
      vertex 6.4295 -12.8735 3
      vertex 8.00883 -11.4586 3
    endloop
  endfacet
  facet normal 0.472193 -0.527059 0.706571
    outer loop
      vertex 6.4295 -12.8735 3
      vertex 7.35394 -10.7047 4
      vertex 5.7224 -12.1664 4
    endloop
  endfacet
  facet normal 0.66727 -0.744816 0
    outer loop
      vertex 6.4295 -12.8735 1
      vertex 8.00883 -11.4586 3
      vertex 6.4295 -12.8735 3
    endloop
  endfacet
  facet normal 0.66727 -0.744816 0
    outer loop
      vertex 8.00883 -11.4586 3
      vertex 6.4295 -12.8735 1
      vertex 8.00883 -11.4586 1
    endloop
  endfacet
  facet normal -0.66727 -0.744816 0
    outer loop
      vertex -8.00883 -11.4586 1
      vertex -6.4295 -12.8735 3
      vertex -8.00883 -11.4586 3
    endloop
  endfacet
  facet normal -0.66727 -0.744816 -0
    outer loop
      vertex -6.4295 -12.8735 3
      vertex -8.00883 -11.4586 1
      vertex -6.4295 -12.8735 1
    endloop
  endfacet
  facet normal 0.472184 -0.527058 -0.706578
    outer loop
      vertex 6.4295 -12.8735 1
      vertex 7.35394 -10.7047 0
      vertex 8.00883 -11.4586 1
    endloop
  endfacet
  facet normal 0.472193 -0.527059 -0.706571
    outer loop
      vertex 7.35394 -10.7047 0
      vertex 6.4295 -12.8735 1
      vertex 5.7224 -12.1664 0
    endloop
  endfacet
  facet normal -0.472193 -0.527059 -0.706571
    outer loop
      vertex -6.4295 -12.8735 1
      vertex -7.35394 -10.7047 0
      vertex -5.7224 -12.1664 0
    endloop
  endfacet
  facet normal -0.472184 -0.527058 -0.706578
    outer loop
      vertex -7.35394 -10.7047 0
      vertex -6.4295 -12.8735 1
      vertex -8.00883 -11.4586 1
    endloop
  endfacet
  facet normal 0.534609 0.463785 -0.706468
    outer loop
      vertex 7.70026 8.06587 0
      vertex 8.33559 8.55467 0.801666
      vertex 8.46371 8.65169 0.962311
    endloop
  endfacet
  facet normal 0.535304 0.462934 -0.7065
    outer loop
      vertex 8.33559 8.55467 0.801666
      vertex 7.70026 8.06587 0
      vertex 7.69623 8.07053 0
    endloop
  endfacet
  facet normal 0.5325 0.466362 0.706364
    outer loop
      vertex 8.33559 8.55467 3.19833
      vertex 7.70026 8.06587 4
      vertex 8.46371 8.65169 3.03769
    endloop
  endfacet
  facet normal 0.535305 0.462935 0.706498
    outer loop
      vertex 7.70026 8.06587 4
      vertex 8.33559 8.55467 3.19833
      vertex 7.69623 8.07053 4
    endloop
  endfacet
  facet normal -0.216483 0.673605 -0.706676
    outer loop
      vertex 1.8748 8.06587 0
      vertex 1.65019 8.96288 0.923838
      vertex 1.8893 8.07053 0
    endloop
  endfacet
  facet normal -0.216483 0.673606 0.706676
    outer loop
      vertex 1.8893 8.07053 4
      vertex 1.65019 8.96288 3.07616
      vertex 1.8748 8.06587 4
    endloop
  endfacet
  facet normal -0.126619 0.696111 -0.70668
    outer loop
      vertex 1.59167 8.01437 0
      vertex 1.65019 8.96288 0.923838
      vertex 1.8748 8.06587 0
    endloop
  endfacet
  facet normal -0.126579 0.696113 -0.706685
    outer loop
      vertex 1.46987 9.00741 1
      vertex 1.65019 8.96288 0.923838
      vertex 1.59167 8.01437 0
    endloop
  endfacet
  facet normal -0.126575 0.696119 -0.70668
    outer loop
      vertex 1.65019 8.96288 0.923838
      vertex 1.46987 9.00741 1
      vertex 1.63167 9.03683 1
    endloop
  endfacet
  facet normal -0.178896 0.983868 0
    outer loop
      vertex 1.63167 9.03683 1
      vertex 1.46987 9.00741 3
      vertex 1.63167 9.03683 3
    endloop
  endfacet
  facet normal -0.178896 0.983868 0
    outer loop
      vertex 1.46987 9.00741 3
      vertex 1.63167 9.03683 1
      vertex 1.46987 9.00741 1
    endloop
  endfacet
  facet normal -0.126619 0.696112 0.70668
    outer loop
      vertex 1.65019 8.96288 3.07616
      vertex 1.59167 8.01437 4
      vertex 1.8748 8.06587 4
    endloop
  endfacet
  facet normal -0.126573 0.69611 0.70669
    outer loop
      vertex 1.46987 9.00741 3
      vertex 1.65019 8.96288 3.07616
      vertex 1.63167 9.03683 3
    endloop
  endfacet
  facet normal -0.126571 0.696114 0.706686
    outer loop
      vertex 1.65019 8.96288 3.07616
      vertex 1.46987 9.00741 3
      vertex 1.59167 8.01437 4
    endloop
  endfacet
  facet normal 0.535061 0.463226 -0.706492
    outer loop
      vertex 8.5382 8.62313 1
      vertex 8.46371 8.65169 0.962311
      vertex 8.49377 8.67445 1
    endloop
  endfacet
  facet normal 0.535061 0.463228 -0.706491
    outer loop
      vertex 7.74484 8.01437 0
      vertex 8.46371 8.65169 0.962311
      vertex 8.5382 8.62313 1
    endloop
  endfacet
  facet normal 0.535092 0.463193 -0.706491
    outer loop
      vertex 8.46371 8.65169 0.962311
      vertex 7.74484 8.01437 0
      vertex 7.70026 8.06587 0
    endloop
  endfacet
  facet normal 0.535068 0.463232 0.706483
    outer loop
      vertex 8.46371 8.65169 3.03769
      vertex 8.5382 8.62313 3
      vertex 8.49377 8.67445 3
    endloop
  endfacet
  facet normal 0.535068 0.46322 0.706491
    outer loop
      vertex 8.46371 8.65169 3.03769
      vertex 7.74484 8.01437 4
      vertex 8.5382 8.62313 3
    endloop
  endfacet
  facet normal 0.535092 0.463192 0.706491
    outer loop
      vertex 7.74484 8.01437 4
      vertex 8.46371 8.65169 3.03769
      vertex 7.70026 8.06587 4
    endloop
  endfacet
  facet normal 0.756034 0.654532 0
    outer loop
      vertex 8.5382 8.62313 3
      vertex 8.49377 8.67445 1
      vertex 8.49377 8.67445 3
    endloop
  endfacet
  facet normal 0.756034 0.654532 0
    outer loop
      vertex 8.49377 8.67445 1
      vertex 8.5382 8.62313 3
      vertex 8.5382 8.62313 1
    endloop
  endfacet
  facet normal -0.415984 -0.571951 -0.706986
    outer loop
      vertex -9.65925 -10.113 1
      vertex -10.4667 -8.28964 0
      vertex -9.05049 -9.31966 0
    endloop
  endfacet
  facet normal -0.415963 -0.571949 -0.707
    outer loop
      vertex -10.4667 -8.28964 0
      vertex -9.65925 -10.113 1
      vertex -11.0755 -9.083 1
    endloop
  endfacet
  facet normal -0.588172 -0.808736 0
    outer loop
      vertex -11.0755 -9.083 1
      vertex -9.65925 -10.113 3
      vertex -11.0755 -9.083 3
    endloop
  endfacet
  facet normal -0.588172 -0.808736 -0
    outer loop
      vertex -9.65925 -10.113 3
      vertex -11.0755 -9.083 1
      vertex -9.65925 -10.113 1
    endloop
  endfacet
  facet normal -0.415984 -0.571951 0.706986
    outer loop
      vertex -10.4667 -8.28964 4
      vertex -9.65925 -10.113 3
      vertex -9.05049 -9.31966 4
    endloop
  endfacet
  facet normal -0.415963 -0.571949 0.707
    outer loop
      vertex -9.65925 -10.113 3
      vertex -10.4667 -8.28964 4
      vertex -11.0755 -9.083 3
    endloop
  endfacet
  facet normal 0.415963 -0.571949 -0.707
    outer loop
      vertex 9.65925 -10.113 1
      vertex 10.4667 -8.28964 0
      vertex 11.0755 -9.083 1
    endloop
  endfacet
  facet normal 0.415984 -0.571951 -0.706986
    outer loop
      vertex 10.4667 -8.28964 0
      vertex 9.65925 -10.113 1
      vertex 9.05049 -9.31966 0
    endloop
  endfacet
  facet normal 0.588172 -0.808736 0
    outer loop
      vertex 9.65925 -10.113 1
      vertex 11.0755 -9.083 3
      vertex 9.65925 -10.113 3
    endloop
  endfacet
  facet normal 0.588172 -0.808736 0
    outer loop
      vertex 11.0755 -9.083 3
      vertex 9.65925 -10.113 1
      vertex 11.0755 -9.083 1
    endloop
  endfacet
  facet normal 0.415963 -0.571949 0.707
    outer loop
      vertex 10.4667 -8.28964 4
      vertex 9.65925 -10.113 3
      vertex 11.0755 -9.083 3
    endloop
  endfacet
  facet normal 0.415984 -0.571951 0.706986
    outer loop
      vertex 9.65925 -10.113 3
      vertex 10.4667 -8.28964 4
      vertex 9.05049 -9.31966 4
    endloop
  endfacet
  facet normal -0.431868 -0.559913 -0.707098
    outer loop
      vertex -9.56096 -10.1888 1
      vertex -9.05049 -9.31966 0
      vertex -8.95219 -9.39548 0
    endloop
  endfacet
  facet normal -0.431822 -0.559944 -0.707102
    outer loop
      vertex -9.05049 -9.31966 0
      vertex -9.56096 -10.1888 1
      vertex -9.65925 -10.113 1
    endloop
  endfacet
  facet normal -0.610684 -0.791875 0
    outer loop
      vertex -9.65925 -10.113 1
      vertex -9.56096 -10.1888 3
      vertex -9.65925 -10.113 3
    endloop
  endfacet
  facet normal -0.610684 -0.791875 -0
    outer loop
      vertex -9.56096 -10.1888 3
      vertex -9.65925 -10.113 1
      vertex -9.56096 -10.1888 1
    endloop
  endfacet
  facet normal 0.610684 -0.791875 0
    outer loop
      vertex 9.56096 -10.1888 1
      vertex 9.65925 -10.113 3
      vertex 9.56096 -10.1888 3
    endloop
  endfacet
  facet normal 0.610684 -0.791875 0
    outer loop
      vertex 9.65925 -10.113 3
      vertex 9.56096 -10.1888 1
      vertex 9.65925 -10.113 1
    endloop
  endfacet
  facet normal -0.431868 -0.559913 0.707098
    outer loop
      vertex -9.05049 -9.31966 4
      vertex -9.56096 -10.1888 3
      vertex -8.95219 -9.39548 4
    endloop
  endfacet
  facet normal -0.431822 -0.559944 0.707102
    outer loop
      vertex -9.56096 -10.1888 3
      vertex -9.05049 -9.31966 4
      vertex -9.65925 -10.113 3
    endloop
  endfacet
  facet normal 0.431822 -0.559944 0.707102
    outer loop
      vertex 9.05049 -9.31966 4
      vertex 9.56096 -10.1888 3
      vertex 9.65925 -10.113 3
    endloop
  endfacet
  facet normal 0.431868 -0.559913 0.707098
    outer loop
      vertex 9.56096 -10.1888 3
      vertex 9.05049 -9.31966 4
      vertex 8.95219 -9.39548 4
    endloop
  endfacet
  facet normal 0.431822 -0.559944 -0.707102
    outer loop
      vertex 9.56096 -10.1888 1
      vertex 9.05049 -9.31966 0
      vertex 9.65925 -10.113 1
    endloop
  endfacet
  facet normal 0.431868 -0.559913 -0.707098
    outer loop
      vertex 9.05049 -9.31966 0
      vertex 9.56096 -10.1888 1
      vertex 8.95219 -9.39548 0
    endloop
  endfacet
  facet normal 0.39658 -0.586248 0.706426
    outer loop
      vertex 10.5946 -8.20332 4
      vertex 11.0755 -9.083 3
      vertex 11.1095 -9.06 3
    endloop
  endfacet
  facet normal 0.395928 -0.586645 0.706462
    outer loop
      vertex 11.0755 -9.083 3
      vertex 10.5946 -8.20332 4
      vertex 10.4667 -8.28964 4
    endloop
  endfacet
  facet normal -0.395928 -0.586645 0.706462
    outer loop
      vertex -10.5946 -8.20332 4
      vertex -11.0755 -9.083 3
      vertex -10.4667 -8.28964 4
    endloop
  endfacet
  facet normal -0.39658 -0.586248 0.706426
    outer loop
      vertex -11.0755 -9.083 3
      vertex -10.5946 -8.20332 4
      vertex -11.1095 -9.06 3
    endloop
  endfacet
  facet normal 0.560309 -0.828283 0
    outer loop
      vertex 11.0755 -9.083 1
      vertex 11.1095 -9.06 3
      vertex 11.0755 -9.083 3
    endloop
  endfacet
  facet normal 0.560309 -0.828283 0
    outer loop
      vertex 11.1095 -9.06 3
      vertex 11.0755 -9.083 1
      vertex 11.1095 -9.06 1
    endloop
  endfacet
  facet normal 0.39658 -0.586248 -0.706426
    outer loop
      vertex 11.0755 -9.083 1
      vertex 10.5946 -8.20332 0
      vertex 11.1095 -9.06 1
    endloop
  endfacet
  facet normal 0.395928 -0.586645 -0.706462
    outer loop
      vertex 10.5946 -8.20332 0
      vertex 11.0755 -9.083 1
      vertex 10.4667 -8.28964 0
    endloop
  endfacet
  facet normal -0.560309 -0.828283 0
    outer loop
      vertex -11.1095 -9.06 1
      vertex -11.0755 -9.083 3
      vertex -11.1095 -9.06 3
    endloop
  endfacet
  facet normal -0.560309 -0.828283 -0
    outer loop
      vertex -11.0755 -9.083 3
      vertex -11.1095 -9.06 1
      vertex -11.0755 -9.083 1
    endloop
  endfacet
  facet normal -0.395928 -0.586645 -0.706462
    outer loop
      vertex -11.0755 -9.083 1
      vertex -10.5946 -8.20332 0
      vertex -10.4667 -8.28964 0
    endloop
  endfacet
  facet normal -0.39658 -0.586248 -0.706426
    outer loop
      vertex -10.5946 -8.20332 0
      vertex -11.0755 -9.083 1
      vertex -11.1095 -9.06 1
    endloop
  endfacet
  facet normal 0.492774 -0.870157 0
    outer loop
      vertex 12.4043 -8.25078 1
      vertex 12.5702 -8.15683 3
      vertex 12.4043 -8.25078 3
    endloop
  endfacet
  facet normal 0.492774 -0.870157 0
    outer loop
      vertex 12.5702 -8.15683 3
      vertex 12.4043 -8.25078 1
      vertex 12.5702 -8.15683 1
    endloop
  endfacet
  facet normal 0.348449 -0.615303 0.707096
    outer loop
      vertex 12.0702 -7.2908 4
      vertex 12.4043 -8.25078 3
      vertex 12.5702 -8.15683 3
    endloop
  endfacet
  facet normal 0.348449 -0.615303 0.707096
    outer loop
      vertex 12.4043 -8.25078 3
      vertex 12.0702 -7.2908 4
      vertex 11.9043 -7.38475 4
    endloop
  endfacet
  facet normal -0.492774 -0.870157 0
    outer loop
      vertex -12.5702 -8.15683 1
      vertex -12.4043 -8.25078 3
      vertex -12.5702 -8.15683 3
    endloop
  endfacet
  facet normal -0.492774 -0.870157 -0
    outer loop
      vertex -12.4043 -8.25078 3
      vertex -12.5702 -8.15683 1
      vertex -12.4043 -8.25078 1
    endloop
  endfacet
  facet normal 0.348449 -0.615303 -0.707096
    outer loop
      vertex 12.4043 -8.25078 1
      vertex 12.0702 -7.2908 0
      vertex 12.5702 -8.15683 1
    endloop
  endfacet
  facet normal 0.348449 -0.615303 -0.707096
    outer loop
      vertex 12.0702 -7.2908 0
      vertex 12.4043 -8.25078 1
      vertex 11.9043 -7.38475 0
    endloop
  endfacet
  facet normal -0.348449 -0.615303 0.707096
    outer loop
      vertex -12.0702 -7.2908 4
      vertex -12.4043 -8.25078 3
      vertex -11.9043 -7.38475 4
    endloop
  endfacet
  facet normal -0.348449 -0.615303 0.707096
    outer loop
      vertex -12.4043 -8.25078 3
      vertex -12.0702 -7.2908 4
      vertex -12.5702 -8.15683 3
    endloop
  endfacet
  facet normal -0.348449 -0.615303 -0.707096
    outer loop
      vertex -12.4043 -8.25078 1
      vertex -12.0702 -7.2908 0
      vertex -11.9043 -7.38475 0
    endloop
  endfacet
  facet normal -0.348449 -0.615303 -0.707096
    outer loop
      vertex -12.0702 -7.2908 0
      vertex -12.4043 -8.25078 1
      vertex -12.5702 -8.15683 1
    endloop
  endfacet
  facet normal 0.374876 -0.599824 -0.70688
    outer loop
      vertex 10.5946 -8.20332 0
      vertex 12.4043 -8.25078 1
      vertex 11.1095 -9.06 1
    endloop
  endfacet
  facet normal 0.374882 -0.599806 -0.706891
    outer loop
      vertex 12.4043 -8.25078 1
      vertex 10.5946 -8.20332 0
      vertex 11.9043 -7.38475 0
    endloop
  endfacet
  facet normal -0.374876 -0.599824 -0.70688
    outer loop
      vertex -12.4043 -8.25078 1
      vertex -10.5946 -8.20332 0
      vertex -11.1095 -9.06 1
    endloop
  endfacet
  facet normal -0.374882 -0.599806 -0.706891
    outer loop
      vertex -10.5946 -8.20332 0
      vertex -12.4043 -8.25078 1
      vertex -11.9043 -7.38475 0
    endloop
  endfacet
  facet normal -0.529985 -0.848007 0
    outer loop
      vertex -12.4043 -8.25078 1
      vertex -11.1095 -9.06 3
      vertex -12.4043 -8.25078 3
    endloop
  endfacet
  facet normal -0.529985 -0.848007 -0
    outer loop
      vertex -11.1095 -9.06 3
      vertex -12.4043 -8.25078 1
      vertex -11.1095 -9.06 1
    endloop
  endfacet
  facet normal 0.374882 -0.599806 0.706891
    outer loop
      vertex 10.5946 -8.20332 4
      vertex 12.4043 -8.25078 3
      vertex 11.9043 -7.38475 4
    endloop
  endfacet
  facet normal 0.374876 -0.599824 0.70688
    outer loop
      vertex 12.4043 -8.25078 3
      vertex 10.5946 -8.20332 4
      vertex 11.1095 -9.06 3
    endloop
  endfacet
  facet normal 0.529985 -0.848007 0
    outer loop
      vertex 11.1095 -9.06 1
      vertex 12.4043 -8.25078 3
      vertex 11.1095 -9.06 3
    endloop
  endfacet
  facet normal 0.529985 -0.848007 0
    outer loop
      vertex 12.4043 -8.25078 3
      vertex 11.1095 -9.06 1
      vertex 12.4043 -8.25078 1
    endloop
  endfacet
  facet normal -0.374882 -0.599806 0.706891
    outer loop
      vertex -12.4043 -8.25078 3
      vertex -10.5946 -8.20332 4
      vertex -11.9043 -7.38475 4
    endloop
  endfacet
  facet normal -0.374876 -0.599824 0.70688
    outer loop
      vertex -10.5946 -8.20332 4
      vertex -12.4043 -8.25078 3
      vertex -11.1095 -9.06 3
    endloop
  endfacet
  facet normal 0.231787 0.66869 -0.70649
    outer loop
      vertex 8.86714 7.2773 0
      vertex 8.8185 7.29416 0
      vertex 8.97682 7.67638 0.413712
    endloop
  endfacet
  facet normal -0.16143 0.688614 -0.706931
    outer loop
      vertex -8.88083 7.2773 0
      vertex -9.10081 8.25233 1
      vertex -8.80891 7.29416 0
    endloop
  endfacet
  facet normal -0.161551 0.688586 -0.70693
    outer loop
      vertex -9.10081 8.25233 1
      vertex -8.88083 7.2773 0
      vertex -9.13964 8.24322 1
    endloop
  endfacet
  facet normal 0.231786 0.668689 0.706492
    outer loop
      vertex 8.97682 7.67638 3.58629
      vertex 8.8185 7.29416 4
      vertex 8.86714 7.2773 4
    endloop
  endfacet
  facet normal -0.22841 0.973565 0
    outer loop
      vertex -9.10081 8.25233 1
      vertex -9.13964 8.24322 3
      vertex -9.10081 8.25233 3
    endloop
  endfacet
  facet normal -0.22841 0.973565 0
    outer loop
      vertex -9.13964 8.24322 3
      vertex -9.10081 8.25233 1
      vertex -9.13964 8.24322 1
    endloop
  endfacet
  facet normal -0.16143 0.688614 0.706931
    outer loop
      vertex -9.10081 8.25233 3
      vertex -8.88083 7.2773 4
      vertex -8.80891 7.29416 4
    endloop
  endfacet
  facet normal -0.161551 0.688586 0.70693
    outer loop
      vertex -8.88083 7.2773 4
      vertex -9.10081 8.25233 3
      vertex -9.13964 8.24322 3
    endloop
  endfacet
  facet normal 0.142534 0.693221 -0.706491
    outer loop
      vertex 8.97682 7.67638 0.413712
      vertex 9.28595 8.21033 1
      vertex 9.19879 7.57961 0.363542
    endloop
  endfacet
  facet normal 0.142547 0.693213 -0.706496
    outer loop
      vertex 8.86714 7.2773 0
      vertex 9.19879 7.57961 0.363542
      vertex 9.1047 7.22845 0
    endloop
  endfacet
  facet normal 0.142515 0.693228 -0.706487
    outer loop
      vertex 9.28595 8.21033 1
      vertex 8.97682 7.67638 0.413712
      vertex 9.13224 8.24193 1
    endloop
  endfacet
  facet normal 0.142534 0.693221 -0.706491
    outer loop
      vertex 9.19879 7.57961 0.363542
      vertex 8.86714 7.2773 0
      vertex 8.97682 7.67638 0.413712
    endloop
  endfacet
  facet normal 0.201371 0.979515 -0
    outer loop
      vertex 9.28595 8.21033 1
      vertex 9.13224 8.24193 3
      vertex 9.28595 8.21033 3
    endloop
  endfacet
  facet normal 0.201371 0.979515 0
    outer loop
      vertex 9.13224 8.24193 3
      vertex 9.28595 8.21033 1
      vertex 9.13224 8.24193 1
    endloop
  endfacet
  facet normal -0.228205 0.973613 0
    outer loop
      vertex -9.13964 8.24322 1
      vertex -9.25351 8.21653 3
      vertex -9.13964 8.24322 3
    endloop
  endfacet
  facet normal -0.228205 0.973613 0
    outer loop
      vertex -9.25351 8.21653 3
      vertex -9.13964 8.24322 1
      vertex -9.25351 8.21653 1
    endloop
  endfacet
  facet normal -0.161481 0.688599 -0.706934
    outer loop
      vertex -9.25351 8.21653 1
      vertex -8.88083 7.2773 0
      vertex -9.08914 7.22845 0
    endloop
  endfacet
  facet normal -0.161406 0.688623 -0.706928
    outer loop
      vertex -8.88083 7.2773 0
      vertex -9.25351 8.21653 1
      vertex -9.13964 8.24322 1
    endloop
  endfacet
  facet normal -0.161406 0.688623 0.706928
    outer loop
      vertex -9.25351 8.21653 3
      vertex -8.88083 7.2773 4
      vertex -9.13964 8.24322 3
    endloop
  endfacet
  facet normal -0.161481 0.688599 0.706934
    outer loop
      vertex -8.88083 7.2773 4
      vertex -9.25351 8.21653 3
      vertex -9.08914 7.22845 4
    endloop
  endfacet
  facet normal 0.142515 0.693229 0.706486
    outer loop
      vertex 8.97682 7.67638 3.58629
      vertex 9.28595 8.21033 3
      vertex 9.13224 8.24193 3
    endloop
  endfacet
  facet normal 0.142535 0.693222 0.706489
    outer loop
      vertex 9.28595 8.21033 3
      vertex 8.97682 7.67638 3.58629
      vertex 9.19879 7.57961 3.63646
    endloop
  endfacet
  facet normal 0.142533 0.693219 0.706492
    outer loop
      vertex 8.86714 7.2773 4
      vertex 9.19879 7.57961 3.63646
      vertex 8.97682 7.67638 3.58629
    endloop
  endfacet
  facet normal 0.142547 0.693211 0.706498
    outer loop
      vertex 9.19879 7.57961 3.63646
      vertex 8.86714 7.2773 4
      vertex 9.1047 7.22845 4
    endloop
  endfacet
  facet normal -0.152196 0.98835 0
    outer loop
      vertex 10.0604 8.26919 1
      vertex 9.9376 8.25028 3
      vertex 10.0604 8.26919 3
    endloop
  endfacet
  facet normal -0.152196 0.98835 0
    outer loop
      vertex 9.9376 8.25028 3
      vertex 10.0604 8.26919 1
      vertex 9.9376 8.25028 1
    endloop
  endfacet
  facet normal 0.618908 -0.342065 -0.707068
    outer loop
      vertex 39.789 7.21568 0
      vertex 40.6894 6.77774 1
      vertex 40.6551 6.71568 1
    endloop
  endfacet
  facet normal 0.618505 -0.342839 -0.707045
    outer loop
      vertex 40.6894 6.77774 1
      vertex 39.789 7.21568 0
      vertex 39.8234 7.27774 0
    endloop
  endfacet
  facet normal 0.618505 -0.342839 0.707045
    outer loop
      vertex 39.789 7.21568 4
      vertex 40.6894 6.77774 3
      vertex 39.8234 7.27774 4
    endloop
  endfacet
  facet normal 0.618908 -0.342065 0.707068
    outer loop
      vertex 40.6894 6.77774 3
      vertex 39.789 7.21568 4
      vertex 40.6551 6.71568 3
    endloop
  endfacet
  facet normal 0.87522 -0.483726 0
    outer loop
      vertex 40.6551 6.71568 3
      vertex 40.6894 6.77774 1
      vertex 40.6894 6.77774 3
    endloop
  endfacet
  facet normal 0.87522 -0.483726 0
    outer loop
      vertex 40.6894 6.77774 1
      vertex 40.6551 6.71568 3
      vertex 40.6551 6.71568 1
    endloop
  endfacet
  facet normal -0.107632 0.698953 -0.707022
    outer loop
      vertex 9.9376 8.25028 1
      vertex 10.1909 7.27774 0
      vertex 10.0681 7.25883 0
    endloop
  endfacet
  facet normal -0.107632 0.698953 -0.707022
    outer loop
      vertex 10.1909 7.27774 0
      vertex 9.9376 8.25028 1
      vertex 10.0604 8.26919 1
    endloop
  endfacet
  facet normal -0.107632 0.698953 0.707022
    outer loop
      vertex 9.9376 8.25028 3
      vertex 10.1909 7.27774 4
      vertex 10.0604 8.26919 3
    endloop
  endfacet
  facet normal -0.107632 0.698953 0.707022
    outer loop
      vertex 10.1909 7.27774 4
      vertex 9.9376 8.25028 3
      vertex 10.0681 7.25883 4
    endloop
  endfacet
  facet normal -0.0878157 0.701639 0.7071
    outer loop
      vertex 9.71045 7.32448 3.89044
      vertex 10.0681 7.25883 4
      vertex 9.9376 8.25028 3
    endloop
  endfacet
  facet normal -0.0878206 0.701629 0.70711
    outer loop
      vertex 10.0681 7.25883 4
      vertex 9.71045 7.32448 3.89044
      vertex 9.72336 7.21568 4
    endloop
  endfacet
  facet normal -0.0878158 0.701639 0.7071
    outer loop
      vertex 9.71045 7.32448 3.89044
      vertex 9.9376 8.25028 3
      vertex 9.60554 8.20872 3
    endloop
  endfacet
  facet normal -0.0878206 0.701629 -0.70711
    outer loop
      vertex 9.71045 7.32448 0.10956
      vertex 10.0681 7.25883 0
      vertex 9.72336 7.21568 0
    endloop
  endfacet
  facet normal -0.0878157 0.701639 -0.7071
    outer loop
      vertex 10.0681 7.25883 0
      vertex 9.71045 7.32448 0.10956
      vertex 9.9376 8.25028 1
    endloop
  endfacet
  facet normal -0.0878158 0.701639 -0.7071
    outer loop
      vertex 9.9376 8.25028 1
      vertex 9.71045 7.32448 0.10956
      vertex 9.60554 8.20872 1
    endloop
  endfacet
  facet normal -0.124189 0.992259 0
    outer loop
      vertex 9.9376 8.25028 1
      vertex 9.60554 8.20872 3
      vertex 9.9376 8.25028 3
    endloop
  endfacet
  facet normal -0.124189 0.992259 0
    outer loop
      vertex 9.60554 8.20872 3
      vertex 9.9376 8.25028 1
      vertex 9.60554 8.20872 1
    endloop
  endfacet
  facet normal -0.0415907 0.706495 -0.706495
    outer loop
      vertex 9.72336 7.21568 0
      vertex 9.71045 7.21492 0
      vertex 9.71045 7.32448 0.10956
    endloop
  endfacet
  facet normal 0.62595 -0.329448 0.706859
    outer loop
      vertex 39.7886 7.21492 4
      vertex 40.6551 6.71568 3
      vertex 39.789 7.21568 4
    endloop
  endfacet
  facet normal 0.591237 -0.388972 0.706498
    outer loop
      vertex 40.6551 6.71568 3
      vertex 39.7886 7.21492 4
      vertex 40.6546 6.71492 3
    endloop
  endfacet
  facet normal 0.591237 -0.388972 -0.706498
    outer loop
      vertex 39.7886 7.21492 0
      vertex 40.6551 6.71568 1
      vertex 40.6546 6.71492 1
    endloop
  endfacet
  facet normal 0.62595 -0.329448 -0.706859
    outer loop
      vertex 40.6551 6.71568 1
      vertex 39.7886 7.21492 0
      vertex 39.789 7.21568 0
    endloop
  endfacet
  facet normal 0.835417 -0.549617 0
    outer loop
      vertex 40.6546 6.71492 3
      vertex 40.6551 6.71568 1
      vertex 40.6551 6.71568 3
    endloop
  endfacet
  facet normal 0.835417 -0.549617 0
    outer loop
      vertex 40.6551 6.71568 1
      vertex 40.6546 6.71492 3
      vertex 40.6546 6.71492 1
    endloop
  endfacet
  facet normal -0.0415907 0.706495 0.706495
    outer loop
      vertex 9.71045 7.32448 3.89044
      vertex 9.71045 7.21492 4
      vertex 9.72336 7.21568 4
    endloop
  endfacet
  facet normal -0.253001 -0.66043 -0.706981
    outer loop
      vertex -13.8667 -7.5071 1
      vertex -14.576 -6.16489 0
      vertex -13.484 -6.58322 0
    endloop
  endfacet
  facet normal -0.253004 -0.66043 -0.70698
    outer loop
      vertex -14.576 -6.16489 0
      vertex -13.8667 -7.5071 1
      vertex -14.911 -7.10704 1
    endloop
  endfacet
  facet normal -0.357737 -0.933822 0
    outer loop
      vertex -14.911 -7.10704 1
      vertex -13.8667 -7.5071 3
      vertex -14.911 -7.10704 3
    endloop
  endfacet
  facet normal -0.357737 -0.933822 -0
    outer loop
      vertex -13.8667 -7.5071 3
      vertex -14.911 -7.10704 1
      vertex -13.8667 -7.5071 1
    endloop
  endfacet
  facet normal 0.253004 -0.66043 -0.70698
    outer loop
      vertex 13.8667 -7.5071 1
      vertex 14.576 -6.16489 0
      vertex 14.911 -7.10704 1
    endloop
  endfacet
  facet normal 0.253001 -0.66043 -0.706981
    outer loop
      vertex 14.576 -6.16489 0
      vertex 13.8667 -7.5071 1
      vertex 13.484 -6.58322 0
    endloop
  endfacet
  facet normal -0.253001 -0.66043 0.706981
    outer loop
      vertex -14.576 -6.16489 4
      vertex -13.8667 -7.5071 3
      vertex -13.484 -6.58322 4
    endloop
  endfacet
  facet normal -0.253004 -0.66043 0.70698
    outer loop
      vertex -13.8667 -7.5071 3
      vertex -14.576 -6.16489 4
      vertex -14.911 -7.10704 3
    endloop
  endfacet
  facet normal 0.357737 -0.933822 0
    outer loop
      vertex 13.8667 -7.5071 1
      vertex 14.911 -7.10704 3
      vertex 13.8667 -7.5071 3
    endloop
  endfacet
  facet normal 0.357737 -0.933822 0
    outer loop
      vertex 14.911 -7.10704 3
      vertex 13.8667 -7.5071 1
      vertex 14.911 -7.10704 1
    endloop
  endfacet
  facet normal 0.253004 -0.66043 0.70698
    outer loop
      vertex 14.576 -6.16489 4
      vertex 13.8667 -7.5071 3
      vertex 14.911 -7.10704 3
    endloop
  endfacet
  facet normal 0.253001 -0.66043 0.706981
    outer loop
      vertex 13.8667 -7.5071 3
      vertex 14.576 -6.16489 4
      vertex 13.484 -6.58322 4
    endloop
  endfacet
  facet normal -0.287681 -0.646068 -0.706991
    outer loop
      vertex -13.8667 -7.5071 1
      vertex -13.2709 -6.6781 0
      vertex -13.6845 -7.58823 1
    endloop
  endfacet
  facet normal -0.287659 -0.646081 -0.706988
    outer loop
      vertex -13.2709 -6.6781 0
      vertex -13.8667 -7.5071 1
      vertex -13.484 -6.58322 0
    endloop
  endfacet
  facet normal 0.287659 -0.646081 0.706988
    outer loop
      vertex 13.2709 -6.6781 4
      vertex 13.8667 -7.5071 3
      vertex 13.484 -6.58322 4
    endloop
  endfacet
  facet normal 0.287681 -0.646068 0.706991
    outer loop
      vertex 13.8667 -7.5071 3
      vertex 13.2709 -6.6781 4
      vertex 13.6845 -7.58823 3
    endloop
  endfacet
  facet normal 0.287681 -0.646068 -0.706991
    outer loop
      vertex 13.2709 -6.6781 0
      vertex 13.8667 -7.5071 1
      vertex 13.6845 -7.58823 1
    endloop
  endfacet
  facet normal 0.287659 -0.646081 -0.706988
    outer loop
      vertex 13.8667 -7.5071 1
      vertex 13.2709 -6.6781 0
      vertex 13.484 -6.58322 0
    endloop
  endfacet
  facet normal -0.406776 -0.913528 0
    outer loop
      vertex -13.8667 -7.5071 1
      vertex -13.6845 -7.58823 3
      vertex -13.8667 -7.5071 3
    endloop
  endfacet
  facet normal -0.406776 -0.913528 -0
    outer loop
      vertex -13.6845 -7.58823 3
      vertex -13.8667 -7.5071 1
      vertex -13.6845 -7.58823 1
    endloop
  endfacet
  facet normal 0.406776 -0.913528 0
    outer loop
      vertex 13.6845 -7.58823 1
      vertex 13.8667 -7.5071 3
      vertex 13.6845 -7.58823 3
    endloop
  endfacet
  facet normal 0.406776 -0.913528 0
    outer loop
      vertex 13.8667 -7.5071 3
      vertex 13.6845 -7.58823 1
      vertex 13.8667 -7.5071 1
    endloop
  endfacet
  facet normal -0.287659 -0.646081 0.706988
    outer loop
      vertex -13.8667 -7.5071 3
      vertex -13.2709 -6.6781 4
      vertex -13.484 -6.58322 4
    endloop
  endfacet
  facet normal -0.287681 -0.646068 0.706991
    outer loop
      vertex -13.2709 -6.6781 4
      vertex -13.8667 -7.5071 3
      vertex -13.6845 -7.58823 3
    endloop
  endfacet
  facet normal -0.199883 0.97982 0
    outer loop
      vertex 12.1734 8.65649 1
      vertex 12.1659 8.65496 3
      vertex 12.1734 8.65649 3
    endloop
  endfacet
  facet normal -0.199883 0.97982 0
    outer loop
      vertex 12.1659 8.65496 3
      vertex 12.1734 8.65649 1
      vertex 12.1659 8.65496 1
    endloop
  endfacet
  facet normal 0.875316 -0.483551 0
    outer loop
      vertex 40.9071 7.17102 3
      vertex 40.9179 7.19057 1
      vertex 40.9179 7.19057 3
    endloop
  endfacet
  facet normal 0.875316 -0.483551 0
    outer loop
      vertex 40.9179 7.19057 1
      vertex 40.9071 7.17102 3
      vertex 40.9071 7.17102 1
    endloop
  endfacet
  facet normal 0.619004 -0.341956 0.707036
    outer loop
      vertex 40.0411 7.67102 4
      vertex 40.9179 7.19057 3
      vertex 40.0519 7.69057 4
    endloop
  endfacet
  facet normal 0.619004 -0.341956 0.707036
    outer loop
      vertex 40.9179 7.19057 3
      vertex 40.0411 7.67102 4
      vertex 40.9071 7.17102 3
    endloop
  endfacet
  facet normal 0.619004 -0.341956 -0.707036
    outer loop
      vertex 40.0411 7.67102 0
      vertex 40.9179 7.19057 1
      vertex 40.9071 7.17102 1
    endloop
  endfacet
  facet normal 0.619004 -0.341956 -0.707036
    outer loop
      vertex 40.9179 7.19057 1
      vertex 40.0411 7.67102 0
      vertex 40.0519 7.69057 0
    endloop
  endfacet
  facet normal -0.142939 0.693128 -0.706499
    outer loop
      vertex 12.3374 7.67102 0
      vertex 12.1734 8.65649 1
      vertex 12.4322 7.69057 0
    endloop
  endfacet
  facet normal -0.141454 0.693404 -0.706528
    outer loop
      vertex 12.1734 8.65649 1
      vertex 12.3374 7.67102 0
      vertex 12.1659 8.65496 1
    endloop
  endfacet
  facet normal -0.142939 0.693128 0.706499
    outer loop
      vertex 12.1734 8.65649 3
      vertex 12.3374 7.67102 4
      vertex 12.4322 7.69057 4
    endloop
  endfacet
  facet normal -0.141454 0.693404 0.706528
    outer loop
      vertex 12.3374 7.67102 4
      vertex 12.1734 8.65649 3
      vertex 12.1659 8.65496 3
    endloop
  endfacet
  facet normal -0.18022 0.983626 0
    outer loop
      vertex 12.1659 8.65496 1
      vertex 10.0604 8.26919 3
      vertex 12.1659 8.65496 3
    endloop
  endfacet
  facet normal -0.18022 0.983626 0
    outer loop
      vertex 10.0604 8.26919 3
      vertex 12.1659 8.65496 1
      vertex 10.0604 8.26919 1
    endloop
  endfacet
  facet normal 0.618706 -0.342484 0.707041
    outer loop
      vertex 39.8234 7.27774 4
      vertex 40.9071 7.17102 3
      vertex 40.0411 7.67102 4
    endloop
  endfacet
  facet normal 0.618706 -0.342484 0.707041
    outer loop
      vertex 40.9071 7.17102 3
      vertex 39.8234 7.27774 4
      vertex 40.6894 6.77774 3
    endloop
  endfacet
  facet normal 0.618706 -0.342484 -0.707041
    outer loop
      vertex 39.8234 7.27774 0
      vertex 40.9071 7.17102 1
      vertex 40.6894 6.77774 1
    endloop
  endfacet
  facet normal 0.618706 -0.342484 -0.707041
    outer loop
      vertex 40.9071 7.17102 1
      vertex 39.8234 7.27774 0
      vertex 40.0411 7.67102 0
    endloop
  endfacet
  facet normal -0.127515 0.695969 -0.706659
    outer loop
      vertex 10.0604 8.26919 1
      vertex 12.3374 7.67102 0
      vertex 10.1909 7.27774 0
    endloop
  endfacet
  facet normal -0.127515 0.695968 -0.70666
    outer loop
      vertex 12.3374 7.67102 0
      vertex 10.0604 8.26919 1
      vertex 12.1659 8.65496 1
    endloop
  endfacet
  facet normal 0.874901 -0.484301 0
    outer loop
      vertex 40.6894 6.77774 3
      vertex 40.9071 7.17102 1
      vertex 40.9071 7.17102 3
    endloop
  endfacet
  facet normal 0.874901 -0.484301 0
    outer loop
      vertex 40.9071 7.17102 1
      vertex 40.6894 6.77774 3
      vertex 40.6894 6.77774 1
    endloop
  endfacet
  facet normal -0.127515 0.695968 0.70666
    outer loop
      vertex 10.0604 8.26919 3
      vertex 12.3374 7.67102 4
      vertex 12.1659 8.65496 3
    endloop
  endfacet
  facet normal -0.127515 0.695969 0.706659
    outer loop
      vertex 12.3374 7.67102 4
      vertex 10.0604 8.26919 3
      vertex 10.1909 7.27774 4
    endloop
  endfacet
  facet normal 0.11721 -0.697555 0.70688
    outer loop
      vertex 16.1462 -5.78772 4
      vertex 16.0371 -6.81942 3
      vertex 16.2767 -6.77916 3
    endloop
  endfacet
  facet normal 0.117195 -0.697555 0.706882
    outer loop
      vertex 16.0371 -6.81942 3
      vertex 16.1462 -5.78772 4
      vertex 15.8305 -5.84076 4
    endloop
  endfacet
  facet normal -0.117195 -0.697555 -0.706882
    outer loop
      vertex -16.0371 -6.81942 1
      vertex -16.1462 -5.78772 0
      vertex -15.8305 -5.84076 0
    endloop
  endfacet
  facet normal -0.11721 -0.697555 -0.70688
    outer loop
      vertex -16.1462 -5.78772 0
      vertex -16.0371 -6.81942 1
      vertex -16.2767 -6.77916 1
    endloop
  endfacet
  facet normal 0.11721 -0.697555 -0.70688
    outer loop
      vertex 16.0371 -6.81942 1
      vertex 16.1462 -5.78772 0
      vertex 16.2767 -6.77916 1
    endloop
  endfacet
  facet normal 0.117195 -0.697555 -0.706882
    outer loop
      vertex 16.1462 -5.78772 0
      vertex 16.0371 -6.81942 1
      vertex 15.8305 -5.84076 0
    endloop
  endfacet
  facet normal -0.165707 -0.986175 0
    outer loop
      vertex -16.2767 -6.77916 1
      vertex -16.0371 -6.81942 3
      vertex -16.2767 -6.77916 3
    endloop
  endfacet
  facet normal -0.165707 -0.986175 -0
    outer loop
      vertex -16.0371 -6.81942 3
      vertex -16.2767 -6.77916 1
      vertex -16.0371 -6.81942 1
    endloop
  endfacet
  facet normal 0.165707 -0.986175 0
    outer loop
      vertex 16.0371 -6.81942 1
      vertex 16.2767 -6.77916 3
      vertex 16.0371 -6.81942 3
    endloop
  endfacet
  facet normal 0.165707 -0.986175 0
    outer loop
      vertex 16.2767 -6.77916 3
      vertex 16.0371 -6.81942 1
      vertex 16.2767 -6.77916 1
    endloop
  endfacet
  facet normal -0.117195 -0.697555 0.706882
    outer loop
      vertex -16.1462 -5.78772 4
      vertex -16.0371 -6.81942 3
      vertex -15.8305 -5.84076 4
    endloop
  endfacet
  facet normal -0.11721 -0.697555 0.70688
    outer loop
      vertex -16.0371 -6.81942 3
      vertex -16.1462 -5.78772 4
      vertex -16.2767 -6.77916 3
    endloop
  endfacet
  facet normal -0.236996 -0.971511 0
    outer loop
      vertex -16.0371 -6.81942 1
      vertex -15.1005 -7.0479 3
      vertex -16.0371 -6.81942 3
    endloop
  endfacet
  facet normal -0.236996 -0.971511 -0
    outer loop
      vertex -15.1005 -7.0479 3
      vertex -16.0371 -6.81942 1
      vertex -15.1005 -7.0479 1
    endloop
  endfacet
  facet normal 0.236996 -0.971511 0
    outer loop
      vertex 15.1005 -7.0479 1
      vertex 16.0371 -6.81942 3
      vertex 15.1005 -7.0479 3
    endloop
  endfacet
  facet normal 0.236996 -0.971511 0
    outer loop
      vertex 16.0371 -6.81942 3
      vertex 15.1005 -7.0479 1
      vertex 16.0371 -6.81942 1
    endloop
  endfacet
  facet normal -0.1676 -0.68705 -0.707017
    outer loop
      vertex -15.1005 -7.0479 1
      vertex -15.8305 -5.84076 0
      vertex -14.8417 -6.08197 0
    endloop
  endfacet
  facet normal -0.167603 -0.68705 -0.707016
    outer loop
      vertex -15.8305 -5.84076 0
      vertex -15.1005 -7.0479 1
      vertex -16.0371 -6.81942 1
    endloop
  endfacet
  facet normal 0.167603 -0.68705 -0.707016
    outer loop
      vertex 15.1005 -7.0479 1
      vertex 15.8305 -5.84076 0
      vertex 16.0371 -6.81942 1
    endloop
  endfacet
  facet normal 0.1676 -0.68705 -0.707017
    outer loop
      vertex 15.8305 -5.84076 0
      vertex 15.1005 -7.0479 1
      vertex 14.8417 -6.08197 0
    endloop
  endfacet
  facet normal -0.1676 -0.68705 0.707017
    outer loop
      vertex -15.8305 -5.84076 4
      vertex -15.1005 -7.0479 3
      vertex -14.8417 -6.08197 4
    endloop
  endfacet
  facet normal -0.167603 -0.68705 0.707016
    outer loop
      vertex -15.1005 -7.0479 3
      vertex -15.8305 -5.84076 4
      vertex -16.0371 -6.81942 3
    endloop
  endfacet
  facet normal 0.167603 -0.68705 0.707016
    outer loop
      vertex 15.8305 -5.84076 4
      vertex 15.1005 -7.0479 3
      vertex 16.0371 -6.81942 3
    endloop
  endfacet
  facet normal 0.1676 -0.68705 0.707017
    outer loop
      vertex 15.1005 -7.0479 3
      vertex 15.8305 -5.84076 4
      vertex 14.8417 -6.08197 4
    endloop
  endfacet
  facet normal 0.618675 -0.342538 0.707042
    outer loop
      vertex 40.0519 7.69057 4
      vertex 41.2073 7.71327 3
      vertex 40.3413 8.21327 4
    endloop
  endfacet
  facet normal 0.618675 -0.342538 0.707042
    outer loop
      vertex 41.2073 7.71327 3
      vertex 40.0519 7.69057 4
      vertex 40.9179 7.19057 3
    endloop
  endfacet
  facet normal -0.158133 0.689438 0.706873
    outer loop
      vertex 14.4523 9.1792 3
      vertex 12.4322 7.69057 4
      vertex 14.7111 8.21327 4
    endloop
  endfacet
  facet normal -0.158137 0.68944 0.70687
    outer loop
      vertex 12.4322 7.69057 4
      vertex 14.4523 9.1792 3
      vertex 12.1734 8.65649 3
    endloop
  endfacet
  facet normal 0.874859 -0.484378 0
    outer loop
      vertex 40.9179 7.19057 3
      vertex 41.2073 7.71327 1
      vertex 41.2073 7.71327 3
    endloop
  endfacet
  facet normal 0.874859 -0.484378 0
    outer loop
      vertex 41.2073 7.71327 1
      vertex 40.9179 7.19057 3
      vertex 40.9179 7.19057 1
    endloop
  endfacet
  facet normal -0.223564 0.974689 0
    outer loop
      vertex 14.4523 9.1792 1
      vertex 12.1734 8.65649 3
      vertex 14.4523 9.1792 3
    endloop
  endfacet
  facet normal -0.223564 0.974689 0
    outer loop
      vertex 12.1734 8.65649 3
      vertex 14.4523 9.1792 1
      vertex 12.1734 8.65649 1
    endloop
  endfacet
  facet normal -0.158133 0.689438 -0.706873
    outer loop
      vertex 12.4322 7.69057 0
      vertex 14.4523 9.1792 1
      vertex 14.7111 8.21327 0
    endloop
  endfacet
  facet normal -0.158137 0.68944 -0.70687
    outer loop
      vertex 14.4523 9.1792 1
      vertex 12.4322 7.69057 0
      vertex 12.1734 8.65649 1
    endloop
  endfacet
  facet normal 0.618675 -0.342538 -0.707042
    outer loop
      vertex 40.0519 7.69057 0
      vertex 41.2073 7.71327 1
      vertex 40.9179 7.19057 1
    endloop
  endfacet
  facet normal 0.618675 -0.342538 -0.707042
    outer loop
      vertex 41.2073 7.71327 1
      vertex 40.0519 7.69057 0
      vertex 40.3413 8.21327 0
    endloop
  endfacet
  facet normal -0.066074 -0.704263 0.706858
    outer loop
      vertex -17.0937 -6.70251 3
      vertex -16.1462 -5.78772 4
      vertex -17.0475 -5.70316 4
    endloop
  endfacet
  facet normal -0.0660732 -0.704263 0.706857
    outer loop
      vertex -16.1462 -5.78772 4
      vertex -17.0937 -6.70251 3
      vertex -16.2767 -6.77916 3
    endloop
  endfacet
  facet normal 0.0934087 -0.995628 0
    outer loop
      vertex 16.2767 -6.77916 1
      vertex 17.0937 -6.70251 3
      vertex 16.2767 -6.77916 3
    endloop
  endfacet
  facet normal 0.0934087 -0.995628 0
    outer loop
      vertex 17.0937 -6.70251 3
      vertex 16.2767 -6.77916 1
      vertex 17.0937 -6.70251 1
    endloop
  endfacet
  facet normal -0.0660732 -0.704263 -0.706857
    outer loop
      vertex -17.0937 -6.70251 1
      vertex -16.1462 -5.78772 0
      vertex -16.2767 -6.77916 1
    endloop
  endfacet
  facet normal -0.066074 -0.704263 -0.706858
    outer loop
      vertex -16.1462 -5.78772 0
      vertex -17.0937 -6.70251 1
      vertex -17.0475 -5.70316 0
    endloop
  endfacet
  facet normal 0.0660732 -0.704263 -0.706857
    outer loop
      vertex 16.1462 -5.78772 0
      vertex 17.0937 -6.70251 1
      vertex 16.2767 -6.77916 1
    endloop
  endfacet
  facet normal 0.066074 -0.704263 -0.706858
    outer loop
      vertex 17.0937 -6.70251 1
      vertex 16.1462 -5.78772 0
      vertex 17.0475 -5.70316 0
    endloop
  endfacet
  facet normal 0.066074 -0.704263 0.706858
    outer loop
      vertex 16.1462 -5.78772 4
      vertex 17.0937 -6.70251 3
      vertex 17.0475 -5.70316 4
    endloop
  endfacet
  facet normal 0.0660732 -0.704263 0.706857
    outer loop
      vertex 17.0937 -6.70251 3
      vertex 16.1462 -5.78772 4
      vertex 16.2767 -6.77916 3
    endloop
  endfacet
  facet normal -0.0934087 -0.995628 0
    outer loop
      vertex -17.0937 -6.70251 1
      vertex -16.2767 -6.77916 3
      vertex -17.0937 -6.70251 3
    endloop
  endfacet
  facet normal -0.0934087 -0.995628 -0
    outer loop
      vertex -16.2767 -6.77916 3
      vertex -17.0937 -6.70251 1
      vertex -16.2767 -6.77916 1
    endloop
  endfacet
  facet normal -0.00983147 -0.707074 0.707071
    outer loop
      vertex -17.0937 -6.70251 3
      vertex -17.3975 -5.69829 4
      vertex -17.3972 -6.69829 3
    endloop
  endfacet
  facet normal -0.00983844 -0.707075 0.70707
    outer loop
      vertex -17.3975 -5.69829 4
      vertex -17.0937 -6.70251 3
      vertex -17.0475 -5.70316 4
    endloop
  endfacet
  facet normal -0.0139031 -0.999903 0
    outer loop
      vertex -17.3972 -6.69829 1
      vertex -17.0937 -6.70251 3
      vertex -17.3972 -6.69829 3
    endloop
  endfacet
  facet normal -0.0139031 -0.999903 -0
    outer loop
      vertex -17.0937 -6.70251 3
      vertex -17.3972 -6.69829 1
      vertex -17.0937 -6.70251 1
    endloop
  endfacet
  facet normal 0.00983844 -0.707075 0.70707
    outer loop
      vertex 17.0937 -6.70251 3
      vertex 17.3975 -5.69829 4
      vertex 17.0475 -5.70316 4
    endloop
  endfacet
  facet normal 0.00983147 -0.707074 0.707071
    outer loop
      vertex 17.3975 -5.69829 4
      vertex 17.0937 -6.70251 3
      vertex 17.3972 -6.69829 3
    endloop
  endfacet
  facet normal 0.0139031 -0.999903 0
    outer loop
      vertex 17.0937 -6.70251 1
      vertex 17.3972 -6.69829 3
      vertex 17.0937 -6.70251 3
    endloop
  endfacet
  facet normal 0.0139031 -0.999903 0
    outer loop
      vertex 17.3972 -6.69829 3
      vertex 17.0937 -6.70251 1
      vertex 17.3972 -6.69829 1
    endloop
  endfacet
  facet normal 0.00983844 -0.707075 -0.70707
    outer loop
      vertex 17.3975 -5.69829 0
      vertex 17.0937 -6.70251 1
      vertex 17.0475 -5.70316 0
    endloop
  endfacet
  facet normal 0.00983147 -0.707074 -0.707071
    outer loop
      vertex 17.0937 -6.70251 1
      vertex 17.3975 -5.69829 0
      vertex 17.3972 -6.69829 1
    endloop
  endfacet
  facet normal -0.00983147 -0.707074 -0.707071
    outer loop
      vertex -17.3975 -5.69829 0
      vertex -17.0937 -6.70251 1
      vertex -17.3972 -6.69829 1
    endloop
  endfacet
  facet normal -0.00983844 -0.707075 -0.70707
    outer loop
      vertex -17.0937 -6.70251 1
      vertex -17.3975 -5.69829 0
      vertex -17.0475 -5.70316 0
    endloop
  endfacet
  facet normal 0.619314 -0.341408 0.70703
    outer loop
      vertex 40.3413 8.21327 4
      vertex 41.2173 7.73141 3
      vertex 40.3513 8.23141 4
    endloop
  endfacet
  facet normal 0.619314 -0.341408 0.70703
    outer loop
      vertex 41.2173 7.73141 3
      vertex 40.3413 8.21327 4
      vertex 41.2073 7.71327 3
    endloop
  endfacet
  facet normal -0.170101 0.686407 -0.707044
    outer loop
      vertex 14.7111 8.21327 0
      vertex 14.5255 9.19734 1
      vertex 14.7843 8.23141 0
    endloop
  endfacet
  facet normal -0.170101 0.686407 -0.707044
    outer loop
      vertex 14.5255 9.19734 1
      vertex 14.7111 8.21327 0
      vertex 14.4523 9.1792 1
    endloop
  endfacet
  facet normal -0.170101 0.686407 0.707044
    outer loop
      vertex 14.5255 9.19734 3
      vertex 14.7111 8.21327 4
      vertex 14.7843 8.23141 4
    endloop
  endfacet
  facet normal -0.170101 0.686407 0.707044
    outer loop
      vertex 14.7111 8.21327 4
      vertex 14.5255 9.19734 3
      vertex 14.4523 9.1792 3
    endloop
  endfacet
  facet normal 0.875747 -0.482771 0
    outer loop
      vertex 41.2073 7.71327 3
      vertex 41.2173 7.73141 1
      vertex 41.2173 7.73141 3
    endloop
  endfacet
  facet normal 0.875747 -0.482771 0
    outer loop
      vertex 41.2173 7.73141 1
      vertex 41.2073 7.71327 3
      vertex 41.2073 7.71327 1
    endloop
  endfacet
  facet normal 0.619314 -0.341408 -0.70703
    outer loop
      vertex 40.3413 8.21327 0
      vertex 41.2173 7.73141 1
      vertex 41.2073 7.71327 1
    endloop
  endfacet
  facet normal 0.619314 -0.341408 -0.70703
    outer loop
      vertex 41.2173 7.73141 1
      vertex 40.3413 8.21327 0
      vertex 40.3513 8.23141 0
    endloop
  endfacet
  facet normal -0.240538 0.97064 0
    outer loop
      vertex 14.5255 9.19734 1
      vertex 14.4523 9.1792 3
      vertex 14.5255 9.19734 3
    endloop
  endfacet
  facet normal -0.240538 0.97064 0
    outer loop
      vertex 14.4523 9.1792 3
      vertex 14.5255 9.19734 1
      vertex 14.4523 9.1792 1
    endloop
  endfacet
  facet normal -0.181816 0.683333 0.707106
    outer loop
      vertex 15.4351 9.43936 3
      vertex 14.7843 8.23141 4
      vertex 15.6939 8.47343 4
    endloop
  endfacet
  facet normal -0.181816 0.683333 0.707106
    outer loop
      vertex 14.7843 8.23141 4
      vertex 15.4351 9.43936 3
      vertex 14.5255 9.19734 3
    endloop
  endfacet
  facet normal 0.874855 -0.484384 0
    outer loop
      vertex 41.2173 7.73141 3
      vertex 41.3513 7.97343 1
      vertex 41.3513 7.97343 3
    endloop
  endfacet
  facet normal 0.874855 -0.484384 0
    outer loop
      vertex 41.3513 7.97343 1
      vertex 41.2173 7.73141 3
      vertex 41.2173 7.73141 1
    endloop
  endfacet
  facet normal -0.181816 0.683333 -0.707106
    outer loop
      vertex 14.7843 8.23141 0
      vertex 15.4351 9.43936 1
      vertex 15.6939 8.47343 0
    endloop
  endfacet
  facet normal -0.181816 0.683333 -0.707106
    outer loop
      vertex 15.4351 9.43936 1
      vertex 14.7843 8.23141 0
      vertex 14.5255 9.19734 1
    endloop
  endfacet
  facet normal -0.257127 0.966378 0
    outer loop
      vertex 15.4351 9.43936 1
      vertex 14.5255 9.19734 3
      vertex 15.4351 9.43936 3
    endloop
  endfacet
  facet normal -0.257127 0.966378 0
    outer loop
      vertex 14.5255 9.19734 3
      vertex 15.4351 9.43936 1
      vertex 14.5255 9.19734 1
    endloop
  endfacet
  facet normal 0.618673 -0.342543 -0.707042
    outer loop
      vertex 40.3513 8.23141 0
      vertex 41.3513 7.97343 1
      vertex 41.2173 7.73141 1
    endloop
  endfacet
  facet normal 0.618673 -0.342543 -0.707042
    outer loop
      vertex 41.3513 7.97343 1
      vertex 40.3513 8.23141 0
      vertex 40.4853 8.47343 0
    endloop
  endfacet
  facet normal 0.618673 -0.342543 0.707042
    outer loop
      vertex 40.3513 8.23141 4
      vertex 41.3513 7.97343 3
      vertex 40.4853 8.47343 4
    endloop
  endfacet
  facet normal 0.618673 -0.342543 0.707042
    outer loop
      vertex 41.3513 7.97343 3
      vertex 40.3513 8.23141 4
      vertex 41.2173 7.73141 3
    endloop
  endfacet
  facet normal -0.940454 -0.33992 0
    outer loop
      vertex -24.645 -6.08097 1
      vertex -24.781 -5.7047 3
      vertex -24.781 -5.7047 1
    endloop
  endfacet
  facet normal -0.940454 -0.33992 0
    outer loop
      vertex -24.781 -5.7047 3
      vertex -24.645 -6.08097 1
      vertex -24.645 -6.08097 3
    endloop
  endfacet
  facet normal 0.940454 -0.33992 0
    outer loop
      vertex 24.645 -6.08097 3
      vertex 24.781 -5.7047 1
      vertex 24.781 -5.7047 3
    endloop
  endfacet
  facet normal 0.940454 -0.33992 0
    outer loop
      vertex 24.781 -5.7047 1
      vertex 24.645 -6.08097 3
      vertex 24.645 -6.08097 1
    endloop
  endfacet
  facet normal 0.665345 -0.240484 0.706741
    outer loop
      vertex 23.7211 -5.69829 4
      vertex 24.781 -5.7047 3
      vertex 23.8571 -5.32202 4
    endloop
  endfacet
  facet normal 0.665345 -0.240484 0.706741
    outer loop
      vertex 24.781 -5.7047 3
      vertex 23.7211 -5.69829 4
      vertex 24.645 -6.08097 3
    endloop
  endfacet
  facet normal -0.665345 -0.240484 0.706741
    outer loop
      vertex -24.781 -5.7047 3
      vertex -23.7211 -5.69829 4
      vertex -23.8571 -5.32202 4
    endloop
  endfacet
  facet normal -0.665345 -0.240484 0.706741
    outer loop
      vertex -23.7211 -5.69829 4
      vertex -24.781 -5.7047 3
      vertex -24.645 -6.08097 3
    endloop
  endfacet
  facet normal 0.665345 -0.240484 -0.706741
    outer loop
      vertex 23.7211 -5.69829 0
      vertex 24.781 -5.7047 1
      vertex 24.645 -6.08097 1
    endloop
  endfacet
  facet normal 0.665345 -0.240484 -0.706741
    outer loop
      vertex 24.781 -5.7047 1
      vertex 23.7211 -5.69829 0
      vertex 23.8571 -5.32202 0
    endloop
  endfacet
  facet normal -0.665345 -0.240484 -0.706741
    outer loop
      vertex -24.781 -5.7047 1
      vertex -23.7211 -5.69829 0
      vertex -24.645 -6.08097 1
    endloop
  endfacet
  facet normal -0.665345 -0.240484 -0.706741
    outer loop
      vertex -23.7211 -5.69829 0
      vertex -24.781 -5.7047 1
      vertex -23.8571 -5.32202 0
    endloop
  endfacet
  facet normal -0.0656205 -0.997845 0
    outer loop
      vertex 17.3972 -6.69829 1
      vertex 18.1122 -6.74531 3
      vertex 17.3972 -6.69829 3
    endloop
  endfacet
  facet normal -0.0656205 -0.997845 -0
    outer loop
      vertex 18.1122 -6.74531 3
      vertex 17.3972 -6.69829 1
      vertex 18.1122 -6.74531 1
    endloop
  endfacet
  facet normal 0.665286 -0.240638 0.706745
    outer loop
      vertex 23.701 -5.75386 4
      vertex 24.645 -6.08097 3
      vertex 23.7211 -5.69829 4
    endloop
  endfacet
  facet normal 0.665286 -0.240638 0.706745
    outer loop
      vertex 24.645 -6.08097 3
      vertex 23.701 -5.75386 4
      vertex 24.6249 -6.13654 3
    endloop
  endfacet
  facet normal -0.0464342 -0.706331 0.706357
    outer loop
      vertex 17.3975 -5.69829 4
      vertex 18.1122 -6.74531 3
      vertex 18.2428 -5.75386 4
    endloop
  endfacet
  facet normal -0.0464503 -0.706337 0.706351
    outer loop
      vertex 18.1122 -6.74531 3
      vertex 17.3975 -5.69829 4
      vertex 17.3972 -6.69829 3
    endloop
  endfacet
  facet normal 0.940375 -0.340139 0
    outer loop
      vertex 24.6249 -6.13654 3
      vertex 24.645 -6.08097 1
      vertex 24.645 -6.08097 3
    endloop
  endfacet
  facet normal 0.940375 -0.340139 0
    outer loop
      vertex 24.645 -6.08097 1
      vertex 24.6249 -6.13654 3
      vertex 24.6249 -6.13654 1
    endloop
  endfacet
  facet normal 0.665286 -0.240638 -0.706745
    outer loop
      vertex 23.701 -5.75386 0
      vertex 24.645 -6.08097 1
      vertex 24.6249 -6.13654 1
    endloop
  endfacet
  facet normal 0.665286 -0.240638 -0.706745
    outer loop
      vertex 24.645 -6.08097 1
      vertex 23.701 -5.75386 0
      vertex 23.7211 -5.69829 0
    endloop
  endfacet
  facet normal -0.0464342 -0.706331 -0.706357
    outer loop
      vertex 18.1122 -6.74531 1
      vertex 17.3975 -5.69829 0
      vertex 18.2428 -5.75386 0
    endloop
  endfacet
  facet normal -0.0464503 -0.706337 -0.706351
    outer loop
      vertex 17.3975 -5.69829 0
      vertex 18.1122 -6.74531 1
      vertex 17.3972 -6.69829 1
    endloop
  endfacet
  facet normal 0.862487 -0.506079 0
    outer loop
      vertex 41.5826 8.36746 3
      vertex 41.592 8.38348 1
      vertex 41.592 8.38348 3
    endloop
  endfacet
  facet normal 0.862487 -0.506079 0
    outer loop
      vertex 41.592 8.38348 1
      vertex 41.5826 8.36746 3
      vertex 41.5826 8.36746 1
    endloop
  endfacet
  facet normal 0.609885 -0.35786 0.70709
    outer loop
      vertex 40.726 8.88348 4
      vertex 41.5826 8.36746 3
      vertex 41.592 8.38348 3
    endloop
  endfacet
  facet normal 0.608208 -0.360673 0.707105
    outer loop
      vertex 41.5826 8.36746 3
      vertex 40.726 8.88348 4
      vertex 40.7165 8.86746 4
    endloop
  endfacet
  facet normal -0.191015 0.680834 -0.707092
    outer loop
      vertex 16.9159 9.83339 1
      vertex 17.2319 8.88348 0
      vertex 17.1748 8.86746 0
    endloop
  endfacet
  facet normal -0.190707 0.680928 -0.707084
    outer loop
      vertex 17.2319 8.88348 0
      vertex 16.9159 9.83339 1
      vertex 16.9731 9.84941 1
    endloop
  endfacet
  facet normal -0.190707 0.680928 0.707084
    outer loop
      vertex 16.9159 9.83339 3
      vertex 17.2319 8.88348 4
      vertex 16.9731 9.84941 3
    endloop
  endfacet
  facet normal -0.191015 0.680834 0.707092
    outer loop
      vertex 17.2319 8.88348 4
      vertex 16.9159 9.83339 3
      vertex 17.1748 8.86746 4
    endloop
  endfacet
  facet normal -0.269692 0.962947 0
    outer loop
      vertex 16.9731 9.84941 1
      vertex 16.9159 9.83339 3
      vertex 16.9731 9.84941 3
    endloop
  endfacet
  facet normal -0.269692 0.962947 0
    outer loop
      vertex 16.9159 9.83339 3
      vertex 16.9731 9.84941 1
      vertex 16.9159 9.83339 1
    endloop
  endfacet
  facet normal 0.609885 -0.35786 -0.70709
    outer loop
      vertex 41.5826 8.36746 1
      vertex 40.726 8.88348 0
      vertex 41.592 8.38348 1
    endloop
  endfacet
  facet normal 0.608208 -0.360673 -0.707105
    outer loop
      vertex 40.726 8.88348 0
      vertex 41.5826 8.36746 1
      vertex 40.7165 8.86746 0
    endloop
  endfacet
  facet normal 0.861539 -0.507691 0
    outer loop
      vertex 41.3808 8.02501 3
      vertex 41.5826 8.36746 1
      vertex 41.5826 8.36746 3
    endloop
  endfacet
  facet normal 0.861539 -0.507691 0
    outer loop
      vertex 41.5826 8.36746 1
      vertex 41.3808 8.02501 3
      vertex 41.3808 8.02501 1
    endloop
  endfacet
  facet normal -0.257144 0.966373 0
    outer loop
      vertex 16.9159 9.83339 1
      vertex 15.6289 9.49093 3
      vertex 16.9159 9.83339 3
    endloop
  endfacet
  facet normal -0.257144 0.966373 0
    outer loop
      vertex 15.6289 9.49093 3
      vertex 16.9159 9.83339 1
      vertex 15.6289 9.49093 1
    endloop
  endfacet
  facet normal -0.181808 0.683326 0.707115
    outer loop
      vertex 16.9159 9.83339 3
      vertex 15.8877 8.52501 4
      vertex 17.1748 8.86746 4
    endloop
  endfacet
  facet normal -0.181829 0.683333 0.707103
    outer loop
      vertex 15.8877 8.52501 4
      vertex 16.9159 9.83339 3
      vertex 15.6289 9.49093 3
    endloop
  endfacet
  facet normal 0.609193 -0.358987 -0.707115
    outer loop
      vertex 41.3808 8.02501 1
      vertex 40.7165 8.86746 0
      vertex 41.5826 8.36746 1
    endloop
  endfacet
  facet normal 0.609193 -0.358987 -0.707115
    outer loop
      vertex 40.7165 8.86746 0
      vertex 41.3808 8.02501 1
      vertex 40.5147 8.52501 0
    endloop
  endfacet
  facet normal 0.609193 -0.358987 0.707115
    outer loop
      vertex 40.7165 8.86746 4
      vertex 41.3808 8.02501 3
      vertex 41.5826 8.36746 3
    endloop
  endfacet
  facet normal 0.609193 -0.358987 0.707115
    outer loop
      vertex 41.3808 8.02501 3
      vertex 40.7165 8.86746 4
      vertex 40.5147 8.52501 4
    endloop
  endfacet
  facet normal -0.181808 0.683326 -0.707115
    outer loop
      vertex 15.8877 8.52501 0
      vertex 16.9159 9.83339 1
      vertex 17.1748 8.86746 0
    endloop
  endfacet
  facet normal -0.181829 0.683333 -0.707103
    outer loop
      vertex 16.9159 9.83339 1
      vertex 15.8877 8.52501 0
      vertex 15.6289 9.49093 1
    endloop
  endfacet
  facet normal -0.200171 0.6783 -0.706994
    outer loop
      vertex 16.9731 9.84941 1
      vertex 19.7126 9.61555 0
      vertex 17.2319 8.88348 0
    endloop
  endfacet
  facet normal -0.200178 0.67828 -0.707011
    outer loop
      vertex 19.7126 9.61555 0
      vertex 16.9731 9.84941 1
      vertex 19.4537 10.5815 1
    endloop
  endfacet
  facet normal -0.283056 0.959103 0
    outer loop
      vertex 19.4537 10.5815 1
      vertex 16.9731 9.84941 3
      vertex 19.4537 10.5815 3
    endloop
  endfacet
  facet normal -0.283056 0.959103 0
    outer loop
      vertex 16.9731 9.84941 3
      vertex 19.4537 10.5815 1
      vertex 16.9731 9.84941 1
    endloop
  endfacet
  facet normal 0.609218 -0.359005 0.707085
    outer loop
      vertex 41.1574 9.61555 4
      vertex 41.592 8.38348 3
      vertex 42.0234 9.11555 3
    endloop
  endfacet
  facet normal 0.609218 -0.359005 0.707085
    outer loop
      vertex 41.592 8.38348 3
      vertex 41.1574 9.61555 4
      vertex 40.726 8.88348 4
    endloop
  endfacet
  facet normal 0.861538 -0.507694 0
    outer loop
      vertex 41.592 8.38348 3
      vertex 42.0234 9.11555 1
      vertex 42.0234 9.11555 3
    endloop
  endfacet
  facet normal 0.861538 -0.507694 0
    outer loop
      vertex 42.0234 9.11555 1
      vertex 41.592 8.38348 3
      vertex 41.592 8.38348 1
    endloop
  endfacet
  facet normal 0.609218 -0.359005 -0.707085
    outer loop
      vertex 41.592 8.38348 1
      vertex 41.1574 9.61555 0
      vertex 42.0234 9.11555 1
    endloop
  endfacet
  facet normal 0.609218 -0.359005 -0.707085
    outer loop
      vertex 41.1574 9.61555 0
      vertex 41.592 8.38348 1
      vertex 40.726 8.88348 0
    endloop
  endfacet
  facet normal -0.200178 0.67828 0.707011
    outer loop
      vertex 16.9731 9.84941 3
      vertex 19.7126 9.61555 4
      vertex 19.4537 10.5815 3
    endloop
  endfacet
  facet normal -0.200171 0.6783 0.706994
    outer loop
      vertex 19.7126 9.61555 4
      vertex 16.9731 9.84941 3
      vertex 17.2319 8.88348 4
    endloop
  endfacet
  facet normal -0.814211 -0.580569 0
    outer loop
      vertex -25.9219 -3.45662 1
      vertex -26.4104 -2.77153 3
      vertex -26.4104 -2.77153 1
    endloop
  endfacet
  facet normal -0.814211 -0.580569 0
    outer loop
      vertex -26.4104 -2.77153 3
      vertex -25.9219 -3.45662 1
      vertex -25.9219 -3.45662 3
    endloop
  endfacet
  facet normal 0.575929 -0.410605 0.706902
    outer loop
      vertex 25.0972 -2.89186 4
      vertex 26.4104 -2.77153 3
      vertex 25.617 -2.16277 4
    endloop
  endfacet
  facet normal 0.575918 -0.410655 0.706881
    outer loop
      vertex 26.4104 -2.77153 3
      vertex 25.0972 -2.89186 4
      vertex 25.9219 -3.45662 3
    endloop
  endfacet
  facet normal 0.575918 -0.410655 -0.706881
    outer loop
      vertex 25.0972 -2.89186 0
      vertex 26.4104 -2.77153 1
      vertex 25.9219 -3.45662 1
    endloop
  endfacet
  facet normal 0.575929 -0.410605 -0.706902
    outer loop
      vertex 26.4104 -2.77153 1
      vertex 25.0972 -2.89186 0
      vertex 25.617 -2.16277 0
    endloop
  endfacet
  facet normal -0.575918 -0.410655 -0.706881
    outer loop
      vertex -26.4104 -2.77153 1
      vertex -25.0972 -2.89186 0
      vertex -25.9219 -3.45662 1
    endloop
  endfacet
  facet normal -0.575929 -0.410605 -0.706902
    outer loop
      vertex -25.0972 -2.89186 0
      vertex -26.4104 -2.77153 1
      vertex -25.617 -2.16277 0
    endloop
  endfacet
  facet normal -0.575929 -0.410605 0.706902
    outer loop
      vertex -26.4104 -2.77153 3
      vertex -25.0972 -2.89186 4
      vertex -25.617 -2.16277 4
    endloop
  endfacet
  facet normal -0.575918 -0.410655 0.706881
    outer loop
      vertex -25.0972 -2.89186 4
      vertex -26.4104 -2.77153 3
      vertex -25.9219 -3.45662 3
    endloop
  endfacet
  facet normal 0.814211 -0.580569 0
    outer loop
      vertex 25.9219 -3.45662 3
      vertex 26.4104 -2.77153 1
      vertex 26.4104 -2.77153 3
    endloop
  endfacet
  facet normal 0.814211 -0.580569 0
    outer loop
      vertex 26.4104 -2.77153 1
      vertex 25.9219 -3.45662 3
      vertex 25.9219 -3.45662 1
    endloop
  endfacet
  facet normal -0.596535 -0.380316 0.706757
    outer loop
      vertex -25.0972 -2.89186 4
      vertex -25.8412 -3.58322 3
      vertex -24.9752 -3.08322 4
    endloop
  endfacet
  facet normal -0.596566 -0.380276 0.706753
    outer loop
      vertex -25.8412 -3.58322 3
      vertex -25.0972 -2.89186 4
      vertex -25.9219 -3.45662 3
    endloop
  endfacet
  facet normal -0.596535 -0.380316 -0.706757
    outer loop
      vertex -25.8412 -3.58322 1
      vertex -25.0972 -2.89186 0
      vertex -24.9752 -3.08322 0
    endloop
  endfacet
  facet normal -0.596566 -0.380276 -0.706753
    outer loop
      vertex -25.0972 -2.89186 0
      vertex -25.8412 -3.58322 1
      vertex -25.9219 -3.45662 1
    endloop
  endfacet
  facet normal -0.84325 -0.537522 0
    outer loop
      vertex -25.8412 -3.58322 1
      vertex -25.9219 -3.45662 3
      vertex -25.9219 -3.45662 1
    endloop
  endfacet
  facet normal -0.84325 -0.537522 0
    outer loop
      vertex -25.9219 -3.45662 3
      vertex -25.8412 -3.58322 1
      vertex -25.8412 -3.58322 3
    endloop
  endfacet
  facet normal 0.84325 -0.537522 0
    outer loop
      vertex 25.8412 -3.58322 3
      vertex 25.9219 -3.45662 1
      vertex 25.9219 -3.45662 3
    endloop
  endfacet
  facet normal 0.84325 -0.537522 0
    outer loop
      vertex 25.9219 -3.45662 1
      vertex 25.8412 -3.58322 3
      vertex 25.8412 -3.58322 1
    endloop
  endfacet
  facet normal 0.596566 -0.380276 -0.706753
    outer loop
      vertex 25.8412 -3.58322 1
      vertex 25.0972 -2.89186 0
      vertex 25.9219 -3.45662 1
    endloop
  endfacet
  facet normal 0.596535 -0.380316 -0.706757
    outer loop
      vertex 25.0972 -2.89186 0
      vertex 25.8412 -3.58322 1
      vertex 24.9752 -3.08322 0
    endloop
  endfacet
  facet normal 0.596566 -0.380276 0.706753
    outer loop
      vertex 25.0972 -2.89186 4
      vertex 25.8412 -3.58322 3
      vertex 25.9219 -3.45662 3
    endloop
  endfacet
  facet normal 0.596535 -0.380316 0.706757
    outer loop
      vertex 25.8412 -3.58322 3
      vertex 25.0972 -2.89186 4
      vertex 24.9752 -3.08322 4
    endloop
  endfacet
  facet normal -0.411759 -0.575081 -0.70692
    outer loop
      vertex -27.6602 -1.52353 1
      vertex -27.3235 -0.535355 0
      vertex -27.0514 -0.730179 0
    endloop
  endfacet
  facet normal -0.41173 -0.575096 -0.706925
    outer loop
      vertex -27.3235 -0.535355 0
      vertex -27.6602 -1.52353 1
      vertex -27.8711 -1.37254 1
    endloop
  endfacet
  facet normal -0.582124 -0.8131 0
    outer loop
      vertex -27.8711 -1.37254 1
      vertex -27.6602 -1.52353 3
      vertex -27.8711 -1.37254 3
    endloop
  endfacet
  facet normal -0.582124 -0.8131 -0
    outer loop
      vertex -27.6602 -1.52353 3
      vertex -27.8711 -1.37254 1
      vertex -27.6602 -1.52353 1
    endloop
  endfacet
  facet normal 0.582124 -0.8131 0
    outer loop
      vertex 27.6602 -1.52353 1
      vertex 27.8711 -1.37254 3
      vertex 27.6602 -1.52353 3
    endloop
  endfacet
  facet normal 0.582124 -0.8131 0
    outer loop
      vertex 27.8711 -1.37254 3
      vertex 27.6602 -1.52353 1
      vertex 27.8711 -1.37254 1
    endloop
  endfacet
  facet normal 0.41173 -0.575096 0.706925
    outer loop
      vertex 27.3235 -0.535355 4
      vertex 27.6602 -1.52353 3
      vertex 27.8711 -1.37254 3
    endloop
  endfacet
  facet normal 0.411759 -0.575081 0.70692
    outer loop
      vertex 27.6602 -1.52353 3
      vertex 27.3235 -0.535355 4
      vertex 27.0514 -0.730179 4
    endloop
  endfacet
  facet normal 0.41173 -0.575096 -0.706925
    outer loop
      vertex 27.6602 -1.52353 1
      vertex 27.3235 -0.535355 0
      vertex 27.8711 -1.37254 1
    endloop
  endfacet
  facet normal 0.411759 -0.575081 -0.70692
    outer loop
      vertex 27.3235 -0.535355 0
      vertex 27.6602 -1.52353 1
      vertex 27.0514 -0.730179 0
    endloop
  endfacet
  facet normal -0.411759 -0.575081 0.70692
    outer loop
      vertex -27.3235 -0.535355 4
      vertex -27.6602 -1.52353 3
      vertex -27.0514 -0.730179 4
    endloop
  endfacet
  facet normal -0.41173 -0.575096 0.706925
    outer loop
      vertex -27.6602 -1.52353 3
      vertex -27.3235 -0.535355 4
      vertex -27.8711 -1.37254 3
    endloop
  endfacet
  facet normal 0.642267 -0.766481 0
    outer loop
      vertex 27.2003 -1.9089 1
      vertex 27.6602 -1.52353 3
      vertex 27.2003 -1.9089 3
    endloop
  endfacet
  facet normal 0.642267 -0.766481 0
    outer loop
      vertex 27.6602 -1.52353 3
      vertex 27.2003 -1.9089 1
      vertex 27.6602 -1.52353 1
    endloop
  endfacet
  facet normal 0.454356 -0.542228 -0.706789
    outer loop
      vertex 27.2003 -1.9089 1
      vertex 27.0514 -0.730179 0
      vertex 27.6602 -1.52353 1
    endloop
  endfacet
  facet normal 0.454435 -0.542196 -0.706763
    outer loop
      vertex 27.0514 -0.730179 0
      vertex 27.2003 -1.9089 1
      vertex 26.5246 -1.17171 0
    endloop
  endfacet
  facet normal 0.454356 -0.542228 0.706789
    outer loop
      vertex 27.0514 -0.730179 4
      vertex 27.2003 -1.9089 3
      vertex 27.6602 -1.52353 3
    endloop
  endfacet
  facet normal 0.454435 -0.542196 0.706763
    outer loop
      vertex 27.2003 -1.9089 3
      vertex 27.0514 -0.730179 4
      vertex 26.5246 -1.17171 4
    endloop
  endfacet
  facet normal -0.454435 -0.542196 0.706763
    outer loop
      vertex -27.0514 -0.730179 4
      vertex -27.2003 -1.9089 3
      vertex -26.5246 -1.17171 4
    endloop
  endfacet
  facet normal -0.454356 -0.542228 0.706789
    outer loop
      vertex -27.2003 -1.9089 3
      vertex -27.0514 -0.730179 4
      vertex -27.6602 -1.52353 3
    endloop
  endfacet
  facet normal -0.454435 -0.542196 -0.706763
    outer loop
      vertex -27.2003 -1.9089 1
      vertex -27.0514 -0.730179 0
      vertex -26.5246 -1.17171 0
    endloop
  endfacet
  facet normal -0.454356 -0.542228 -0.706789
    outer loop
      vertex -27.0514 -0.730179 0
      vertex -27.2003 -1.9089 1
      vertex -27.6602 -1.52353 1
    endloop
  endfacet
  facet normal -0.642267 -0.766481 0
    outer loop
      vertex -27.6602 -1.52353 1
      vertex -27.2003 -1.9089 3
      vertex -27.6602 -1.52353 3
    endloop
  endfacet
  facet normal -0.642267 -0.766481 -0
    outer loop
      vertex -27.2003 -1.9089 3
      vertex -27.6602 -1.52353 1
      vertex -27.2003 -1.9089 1
    endloop
  endfacet
  facet normal -0.214189 0.674262 -0.706749
    outer loop
      vertex 19.4971 10.5948 1
      vertex 20.2569 9.78798 0
      vertex 19.7559 9.62883 0
    endloop
  endfacet
  facet normal -0.214133 0.674296 -0.706733
    outer loop
      vertex 20.2569 9.78798 0
      vertex 19.4971 10.5948 1
      vertex 19.9981 10.7539 1
    endloop
  endfacet
  facet normal -0.30267 0.953096 0
    outer loop
      vertex 19.9981 10.7539 1
      vertex 19.4971 10.5948 3
      vertex 19.9981 10.7539 3
    endloop
  endfacet
  facet normal -0.30267 0.953096 0
    outer loop
      vertex 19.4971 10.5948 3
      vertex 19.9981 10.7539 1
      vertex 19.4971 10.5948 1
    endloop
  endfacet
  facet normal -0.214133 0.674296 0.706733
    outer loop
      vertex 19.4971 10.5948 3
      vertex 20.2569 9.78798 4
      vertex 19.9981 10.7539 3
    endloop
  endfacet
  facet normal -0.214189 0.674262 0.706749
    outer loop
      vertex 20.2569 9.78798 4
      vertex 19.4971 10.5948 3
      vertex 19.7559 9.62883 4
    endloop
  endfacet
  facet normal 0.609193 -0.359047 -0.707085
    outer loop
      vertex 42.0312 9.12883 1
      vertex 41.259 9.78798 0
      vertex 42.125 9.28798 1
    endloop
  endfacet
  facet normal 0.609193 -0.359047 -0.707085
    outer loop
      vertex 41.259 9.78798 0
      vertex 42.0312 9.12883 1
      vertex 41.1652 9.62883 0
    endloop
  endfacet
  facet normal 0.861503 -0.507753 0
    outer loop
      vertex 42.0312 9.12883 3
      vertex 42.125 9.28798 1
      vertex 42.125 9.28798 3
    endloop
  endfacet
  facet normal 0.861503 -0.507753 0
    outer loop
      vertex 42.125 9.28798 1
      vertex 42.0312 9.12883 3
      vertex 42.0312 9.12883 1
    endloop
  endfacet
  facet normal 0.609193 -0.359047 0.707085
    outer loop
      vertex 41.259 9.78798 4
      vertex 42.0312 9.12883 3
      vertex 42.125 9.28798 3
    endloop
  endfacet
  facet normal 0.609193 -0.359047 0.707085
    outer loop
      vertex 42.0312 9.12883 3
      vertex 41.259 9.78798 4
      vertex 41.1652 9.62883 4
    endloop
  endfacet
  facet normal -0.293002 0.956112 0
    outer loop
      vertex 19.4971 10.5948 1
      vertex 19.4537 10.5815 3
      vertex 19.4971 10.5948 3
    endloop
  endfacet
  facet normal -0.293002 0.956112 0
    outer loop
      vertex 19.4537 10.5815 3
      vertex 19.4971 10.5948 1
      vertex 19.4537 10.5815 1
    endloop
  endfacet
  facet normal 0.862268 -0.506453 0
    outer loop
      vertex 42.0234 9.11555 3
      vertex 42.0312 9.12883 1
      vertex 42.0312 9.12883 3
    endloop
  endfacet
  facet normal 0.862268 -0.506453 0
    outer loop
      vertex 42.0312 9.12883 1
      vertex 42.0234 9.11555 3
      vertex 42.0234 9.11555 1
    endloop
  endfacet
  facet normal -0.207397 0.676227 -0.706897
    outer loop
      vertex 19.4537 10.5815 1
      vertex 19.7559 9.62883 0
      vertex 19.7126 9.61555 0
    endloop
  endfacet
  facet normal -0.207245 0.676275 -0.706896
    outer loop
      vertex 19.7559 9.62883 0
      vertex 19.4537 10.5815 1
      vertex 19.4971 10.5948 1
    endloop
  endfacet
  facet normal 0.609731 -0.358125 -0.707089
    outer loop
      vertex 42.0234 9.11555 1
      vertex 41.1652 9.62883 0
      vertex 42.0312 9.12883 1
    endloop
  endfacet
  facet normal 0.609731 -0.358125 -0.707089
    outer loop
      vertex 41.1652 9.62883 0
      vertex 42.0234 9.11555 1
      vertex 41.1574 9.61555 0
    endloop
  endfacet
  facet normal 0.609731 -0.358125 0.707089
    outer loop
      vertex 41.1652 9.62883 4
      vertex 42.0234 9.11555 3
      vertex 42.0312 9.12883 3
    endloop
  endfacet
  facet normal 0.609731 -0.358125 0.707089
    outer loop
      vertex 42.0234 9.11555 3
      vertex 41.1652 9.62883 4
      vertex 41.1574 9.61555 4
    endloop
  endfacet
  facet normal -0.207245 0.676275 0.706896
    outer loop
      vertex 19.4537 10.5815 3
      vertex 19.7559 9.62883 4
      vertex 19.4971 10.5948 3
    endloop
  endfacet
  facet normal -0.207397 0.676227 0.706897
    outer loop
      vertex 19.7559 9.62883 4
      vertex 19.4537 10.5815 3
      vertex 19.7126 9.61555 4
    endloop
  endfacet
  facet normal -0.692687 -0.721238 0
    outer loop
      vertex -27.2003 -1.9089 1
      vertex -27.0169 -2.08504 3
      vertex -27.2003 -1.9089 3
    endloop
  endfacet
  facet normal -0.692687 -0.721238 -0
    outer loop
      vertex -27.0169 -2.08504 3
      vertex -27.2003 -1.9089 1
      vertex -27.0169 -2.08504 1
    endloop
  endfacet
  facet normal 0.692687 -0.721238 0
    outer loop
      vertex 27.0169 -2.08504 1
      vertex 27.2003 -1.9089 3
      vertex 27.0169 -2.08504 3
    endloop
  endfacet
  facet normal 0.692687 -0.721238 0
    outer loop
      vertex 27.2003 -1.9089 3
      vertex 27.0169 -2.08504 1
      vertex 27.2003 -1.9089 1
    endloop
  endfacet
  facet normal 0.489868 -0.510059 0.707014
    outer loop
      vertex 26.5246 -1.17171 4
      vertex 27.0169 -2.08504 3
      vertex 27.2003 -1.9089 3
    endloop
  endfacet
  facet normal 0.48976 -0.510137 0.707033
    outer loop
      vertex 27.0169 -2.08504 3
      vertex 26.5246 -1.17171 4
      vertex 26.3098 -1.37793 4
    endloop
  endfacet
  facet normal -0.48976 -0.510137 -0.707033
    outer loop
      vertex -27.0169 -2.08504 1
      vertex -26.5246 -1.17171 0
      vertex -26.3098 -1.37793 0
    endloop
  endfacet
  facet normal -0.489868 -0.510059 -0.707014
    outer loop
      vertex -26.5246 -1.17171 0
      vertex -27.0169 -2.08504 1
      vertex -27.2003 -1.9089 1
    endloop
  endfacet
  facet normal 0.489868 -0.510059 -0.707014
    outer loop
      vertex 27.0169 -2.08504 1
      vertex 26.5246 -1.17171 0
      vertex 27.2003 -1.9089 1
    endloop
  endfacet
  facet normal 0.48976 -0.510137 -0.707033
    outer loop
      vertex 26.5246 -1.17171 0
      vertex 27.0169 -2.08504 1
      vertex 26.3098 -1.37793 0
    endloop
  endfacet
  facet normal -0.48976 -0.510137 0.707033
    outer loop
      vertex -26.5246 -1.17171 4
      vertex -27.0169 -2.08504 3
      vertex -26.3098 -1.37793 4
    endloop
  endfacet
  facet normal -0.489868 -0.510059 0.707014
    outer loop
      vertex -27.0169 -2.08504 3
      vertex -26.5246 -1.17171 4
      vertex -27.2003 -1.9089 3
    endloop
  endfacet
  facet normal -0.23759 0.666461 0.706669
    outer loop
      vertex 32.5865 15.0718 3
      vertex 31.9114 13.7708 4
      vertex 32.9692 14.1479 4
    endloop
  endfacet
  facet normal -0.23759 0.666461 0.706669
    outer loop
      vertex 31.9114 13.7708 4
      vertex 32.5865 15.0718 3
      vertex 31.5287 14.6947 3
    endloop
  endfacet
  facet normal -0.334415 0.942426 0
    outer loop
      vertex 35.1076 15.9664 1
      vertex 32.5865 15.0718 3
      vertex 35.1076 15.9664 3
    endloop
  endfacet
  facet normal -0.334415 0.942426 0
    outer loop
      vertex 32.5865 15.0718 3
      vertex 35.1076 15.9664 1
      vertex 32.5865 15.0718 1
    endloop
  endfacet
  facet normal -0.335795 0.941935 0
    outer loop
      vertex 32.5865 15.0718 1
      vertex 31.5287 14.6947 3
      vertex 32.5865 15.0718 3
    endloop
  endfacet
  facet normal -0.335795 0.941935 0
    outer loop
      vertex 31.5287 14.6947 3
      vertex 32.5865 15.0718 1
      vertex 31.5287 14.6947 1
    endloop
  endfacet
  facet normal 0.570603 -0.417778 0.707018
    outer loop
      vertex 43.8902 13.7708 4
      vertex 45.6147 14.4338 3
      vertex 44.8213 15.0425 4
    endloop
  endfacet
  facet normal 0.570602 -0.417744 0.707038
    outer loop
      vertex 45.6147 14.4338 3
      vertex 43.8902 13.7708 4
      vertex 44.6836 13.162 3
    endloop
  endfacet
  facet normal -0.236622 0.666833 -0.706642
    outer loop
      vertex 32.9692 14.1479 0
      vertex 35.1076 15.9664 1
      vertex 35.4903 15.0425 0
    endloop
  endfacet
  facet normal -0.236622 0.666833 -0.706642
    outer loop
      vertex 35.1076 15.9664 1
      vertex 32.9692 14.1479 0
      vertex 32.5865 15.0718 1
    endloop
  endfacet
  facet normal 0.570602 -0.417744 -0.707038
    outer loop
      vertex 43.8902 13.7708 0
      vertex 45.6147 14.4338 1
      vertex 44.6836 13.162 1
    endloop
  endfacet
  facet normal 0.570603 -0.417778 -0.707018
    outer loop
      vertex 45.6147 14.4338 1
      vertex 43.8902 13.7708 0
      vertex 44.8213 15.0425 0
    endloop
  endfacet
  facet normal -0.23759 0.666461 -0.706669
    outer loop
      vertex 31.9114 13.7708 0
      vertex 32.5865 15.0718 1
      vertex 32.9692 14.1479 0
    endloop
  endfacet
  facet normal -0.23759 0.666461 -0.706669
    outer loop
      vertex 32.5865 15.0718 1
      vertex 31.9114 13.7708 0
      vertex 31.5287 14.6947 1
    endloop
  endfacet
  facet normal -0.236622 0.666833 0.706642
    outer loop
      vertex 35.1076 15.9664 3
      vertex 32.9692 14.1479 4
      vertex 35.4903 15.0425 4
    endloop
  endfacet
  facet normal -0.236622 0.666833 0.706642
    outer loop
      vertex 32.9692 14.1479 4
      vertex 35.1076 15.9664 3
      vertex 32.5865 15.0718 3
    endloop
  endfacet
  facet normal 0.806875 -0.590723 0
    outer loop
      vertex 44.6836 13.162 3
      vertex 45.6147 14.4338 1
      vertex 45.6147 14.4338 3
    endloop
  endfacet
  facet normal 0.806875 -0.590723 0
    outer loop
      vertex 45.6147 14.4338 1
      vertex 44.6836 13.162 3
      vertex 44.6836 13.162 1
    endloop
  endfacet
  facet normal 0.628212 -0.325297 0.706775
    outer loop
      vertex 40.6252 6.66005 3
      vertex 39.7931 5.50785 3.2093
      vertex 39.9783 5.41076 3
    endloop
  endfacet
  facet normal 0.628248 -0.325331 0.706728
    outer loop
      vertex 39.7592 7.16005 4
      vertex 39.7931 5.50785 3.2093
      vertex 40.6252 6.66005 3
    endloop
  endfacet
  facet normal 0.628274 -0.325322 0.706709
    outer loop
      vertex 39.7931 5.50785 3.2093
      vertex 39.7592 7.16005 4
      vertex 39.1084 5.9032 4
    endloop
  endfacet
  facet normal 0.88801 -0.459824 0
    outer loop
      vertex 39.9783 5.41076 3
      vertex 40.6252 6.66005 1
      vertex 40.6252 6.66005 3
    endloop
  endfacet
  facet normal 0.88801 -0.459824 0
    outer loop
      vertex 40.6252 6.66005 1
      vertex 39.9783 5.41076 3
      vertex 39.9783 5.41076 1
    endloop
  endfacet
  facet normal -0.88801 -0.459824 0
    outer loop
      vertex -39.9783 5.41076 1
      vertex -40.6252 6.66005 3
      vertex -40.6252 6.66005 1
    endloop
  endfacet
  facet normal -0.88801 -0.459824 0
    outer loop
      vertex -40.6252 6.66005 3
      vertex -39.9783 5.41076 1
      vertex -39.9783 5.41076 3
    endloop
  endfacet
  facet normal -0.628274 -0.325322 -0.706709
    outer loop
      vertex -39.7931 5.50785 0.790701
      vertex -39.7592 7.16005 0
      vertex -39.1084 5.9032 0
    endloop
  endfacet
  facet normal -0.628211 -0.325296 -0.706777
    outer loop
      vertex -40.6252 6.66005 1
      vertex -39.7931 5.50785 0.790701
      vertex -39.9783 5.41076 1
    endloop
  endfacet
  facet normal -0.628247 -0.325332 -0.706728
    outer loop
      vertex -39.7931 5.50785 0.790701
      vertex -40.6252 6.66005 1
      vertex -39.7592 7.16005 0
    endloop
  endfacet
  facet normal -0.628274 -0.325322 0.706709
    outer loop
      vertex -39.7592 7.16005 4
      vertex -39.7931 5.50785 3.2093
      vertex -39.1084 5.9032 4
    endloop
  endfacet
  facet normal -0.628248 -0.325331 0.706728
    outer loop
      vertex -40.6252 6.66005 3
      vertex -39.7931 5.50785 3.2093
      vertex -39.7592 7.16005 4
    endloop
  endfacet
  facet normal -0.628212 -0.325297 0.706775
    outer loop
      vertex -39.7931 5.50785 3.2093
      vertex -40.6252 6.66005 3
      vertex -39.9783 5.41076 3
    endloop
  endfacet
  facet normal 0.628211 -0.325296 -0.706777
    outer loop
      vertex 39.7931 5.50785 0.790701
      vertex 40.6252 6.66005 1
      vertex 39.9783 5.41076 1
    endloop
  endfacet
  facet normal 0.628247 -0.325332 -0.706728
    outer loop
      vertex 39.7931 5.50785 0.790701
      vertex 39.7592 7.16005 0
      vertex 40.6252 6.66005 1
    endloop
  endfacet
  facet normal 0.628274 -0.325322 -0.706709
    outer loop
      vertex 39.7592 7.16005 0
      vertex 39.7931 5.50785 0.790701
      vertex 39.1084 5.9032 0
    endloop
  endfacet
  facet normal 0.632884 -0.31683 -0.706454
    outer loop
      vertex 39.7931 5.50785 0.790701
      vertex 39.0798 5.84607 0
      vertex 39.1084 5.9032 0
    endloop
  endfacet
  facet normal -0.632884 -0.31683 -0.706454
    outer loop
      vertex -39.0798 5.84607 0
      vertex -39.7931 5.50785 0.790701
      vertex -39.1084 5.9032 0
    endloop
  endfacet
  facet normal -0.632883 -0.316829 0.706455
    outer loop
      vertex -39.1084 5.9032 4
      vertex -39.7931 5.50785 3.2093
      vertex -39.0798 5.84607 4
    endloop
  endfacet
  facet normal 0.632883 -0.316829 0.706455
    outer loop
      vertex 39.1084 5.9032 4
      vertex 39.0798 5.84607 4
      vertex 39.7931 5.50785 3.2093
    endloop
  endfacet
  facet normal 0.622811 -0.335174 -0.706941
    outer loop
      vertex 39.7592 7.16005 0
      vertex 40.646 6.6987 1
      vertex 40.6252 6.66005 1
    endloop
  endfacet
  facet normal 0.623474 -0.333918 -0.70695
    outer loop
      vertex 40.646 6.6987 1
      vertex 39.7592 7.16005 0
      vertex 39.7799 7.1987 0
    endloop
  endfacet
  facet normal 0.880581 -0.473896 0
    outer loop
      vertex 40.6252 6.66005 3
      vertex 40.646 6.6987 1
      vertex 40.646 6.6987 3
    endloop
  endfacet
  facet normal 0.880581 -0.473896 0
    outer loop
      vertex 40.646 6.6987 1
      vertex 40.6252 6.66005 3
      vertex 40.6252 6.66005 1
    endloop
  endfacet
  facet normal -0.622811 -0.335174 -0.706941
    outer loop
      vertex -40.646 6.6987 1
      vertex -39.7592 7.16005 0
      vertex -40.6252 6.66005 1
    endloop
  endfacet
  facet normal -0.623474 -0.333918 -0.70695
    outer loop
      vertex -39.7592 7.16005 0
      vertex -40.646 6.6987 1
      vertex -39.7799 7.1987 0
    endloop
  endfacet
  facet normal -0.623474 -0.333918 0.70695
    outer loop
      vertex -40.646 6.6987 3
      vertex -39.7592 7.16005 4
      vertex -39.7799 7.1987 4
    endloop
  endfacet
  facet normal -0.622811 -0.335174 0.706941
    outer loop
      vertex -39.7592 7.16005 4
      vertex -40.646 6.6987 3
      vertex -40.6252 6.66005 3
    endloop
  endfacet
  facet normal -0.880581 -0.473896 0
    outer loop
      vertex -40.6252 6.66005 1
      vertex -40.646 6.6987 3
      vertex -40.646 6.6987 1
    endloop
  endfacet
  facet normal -0.880581 -0.473896 0
    outer loop
      vertex -40.646 6.6987 3
      vertex -40.6252 6.66005 1
      vertex -40.6252 6.66005 3
    endloop
  endfacet
  facet normal 0.623474 -0.333918 0.70695
    outer loop
      vertex 39.7592 7.16005 4
      vertex 40.646 6.6987 3
      vertex 39.7799 7.1987 4
    endloop
  endfacet
  facet normal 0.622811 -0.335174 0.706941
    outer loop
      vertex 40.646 6.6987 3
      vertex 39.7592 7.16005 4
      vertex 40.6252 6.66005 3
    endloop
  endfacet
  facet normal 0.694263 0.137987 -0.70637
    outer loop
      vertex 46.8281 17.2671 1
      vertex 45.8366 17.1366 0
      vertex 46.8026 17.3954 1
    endloop
  endfacet
  facet normal 0.227761 0.670204 0.706365
    outer loop
      vertex 45.3711 18.9093 3
      vertex 45.137 17.9349 4
      vertex 45.5197 18.8588 3
    endloop
  endfacet
  facet normal 0.227761 0.670204 0.706365
    outer loop
      vertex 45.137 17.9349 4
      vertex 45.3711 18.9093 3
      vertex 44.9884 17.9854 4
    endloop
  endfacet
  facet normal -0.0465481 0.70634 0.70634
    outer loop
      vertex 44.5212 19.0162 3
      vertex 44.3907 19.0076 3
      vertex 44.5212 18.0162 4
    endloop
  endfacet
  facet normal 0.634815 -0.313121 -0.706374
    outer loop
      vertex 45.7164 16.2261 0
      vertex 46.6519 15.8668 1
      vertex 46.5825 15.7261 1
    endloop
  endfacet
  facet normal 0.634653 -0.313492 -0.706356
    outer loop
      vertex 46.6519 15.8668 1
      vertex 45.7164 16.2261 0
      vertex 45.7859 16.3668 0
    endloop
  endfacet
  facet normal 0.560792 -0.430676 0.707128
    outer loop
      vertex 45.6292 16.0956 4
      vertex 45.6441 14.4731 3
      vertex 46.4226 15.4868 3
    endloop
  endfacet
  facet normal 0.560879 -0.430645 0.707079
    outer loop
      vertex 45.6441 14.4731 3
      vertex 45.6292 16.0956 4
      vertex 44.8508 15.0818 4
    endloop
  endfacet
  facet normal -0.312874 0.949795 0
    outer loop
      vertex 40.5451 17.833 1
      vertex 40.5281 17.8274 3
      vertex 40.5451 17.833 3
    endloop
  endfacet
  facet normal -0.312874 0.949795 0
    outer loop
      vertex 40.5281 17.8274 3
      vertex 40.5451 17.833 1
      vertex 40.5281 17.8274 1
    endloop
  endfacet
  facet normal 0.831462 0.555582 0
    outer loop
      vertex 46.4957 18.0566 3
      vertex 46.423 18.1654 1
      vertex 46.423 18.1654 3
    endloop
  endfacet
  facet normal 0.831462 0.555582 0
    outer loop
      vertex 46.423 18.1654 1
      vertex 46.4957 18.0566 3
      vertex 46.4957 18.0566 1
    endloop
  endfacet
  facet normal -0.238922 0.665996 0.706658
    outer loop
      vertex 35.2408 16.0136 3
      vertex 35.6011 15.0818 4
      vertex 35.6234 15.0898 4
    endloop
  endfacet
  facet normal -0.23535 0.667321 0.706607
    outer loop
      vertex 35.6011 15.0818 4
      vertex 35.2408 16.0136 3
      vertex 35.2184 16.0057 3
    endloop
  endfacet
  facet normal -0.230911 0.669049 0.706437
    outer loop
      vertex 37.857 16.9256 3
      vertex 38.2284 15.9979 4
      vertex 38.2397 16.0018 4
    endloop
  endfacet
  facet normal -0.225645 0.670998 0.70629
    outer loop
      vertex 38.2284 15.9979 4
      vertex 37.857 16.9256 3
      vertex 37.8457 16.9218 3
    endloop
  endfacet
  facet normal 0.137992 0.694291 0.706342
    outer loop
      vertex 44.965 19.0075 3
      vertex 44.8344 18.0161 4
      vertex 45.0933 18.982 3
    endloop
  endfacet
  facet normal 0.670255 -0.227625 -0.706361
    outer loop
      vertex 45.7859 16.3668 0
      vertex 46.7603 16.1328 1
      vertex 46.7098 15.9841 1
    endloop
  endfacet
  facet normal 0.670214 -0.227765 -0.706354
    outer loop
      vertex 46.7603 16.1328 1
      vertex 45.7859 16.3668 0
      vertex 45.8364 16.5154 0
    endloop
  endfacet
  facet normal 0.588569 0.393281 0.706341
    outer loop
      vertex 46.423 18.1654 3
      vertex 45.6297 17.5566 4
      vertex 46.4957 18.0566 3
    endloop
  endfacet
  facet normal 0.706305 -0.0469066 -0.706352
    outer loop
      vertex 45.8671 16.6694 0
      vertex 46.8689 16.6955 1
      vertex 46.8585 16.5389 1
    endloop
  endfacet
  facet normal 0.706314 -0.0464562 -0.706373
    outer loop
      vertex 46.8689 16.6955 1
      vertex 45.8671 16.6694 0
      vertex 45.8774 16.826 0
    endloop
  endfacet
  facet normal -0.137994 0.694298 -0.706335
    outer loop
      vertex 44.5212 18.0162 0
      vertex 44.2624 18.9821 1
      vertex 44.3907 19.0076 1
    endloop
  endfacet
  facet normal -0.202129 0.677712 -0.707001
    outer loop
      vertex 43.0399 18.6335 1
      vertex 44.3345 17.9764 0
      vertex 43.2988 17.6675 0
    endloop
  endfacet
  facet normal -0.202063 0.677776 -0.706958
    outer loop
      vertex 44.3345 17.9764 0
      vertex 43.0399 18.6335 1
      vertex 44.0757 18.9423 1
    endloop
  endfacet
  facet normal -0.220235 0.672503 -0.706567
    outer loop
      vertex 40.5281 17.8274 1
      vertex 40.804 16.8671 0
      vertex 40.7869 16.8615 0
    endloop
  endfacet
  facet normal -0.221411 0.672141 -0.706544
    outer loop
      vertex 40.804 16.8671 0
      vertex 40.5281 17.8274 1
      vertex 40.5451 17.833 1
    endloop
  endfacet
  facet normal 0.138038 0.694251 0.706371
    outer loop
      vertex 45.0933 18.982 3
      vertex 44.9884 17.9854 4
      vertex 45.2472 18.9514 3
    endloop
  endfacet
  facet normal 0.138389 0.694198 0.706355
    outer loop
      vertex 44.9884 17.9854 4
      vertex 45.0933 18.982 3
      vertex 44.8344 18.0161 4
    endloop
  endfacet
  facet normal 0.831462 -0.555582 0
    outer loop
      vertex 46.4226 15.4868 3
      vertex 46.5098 15.6173 1
      vertex 46.5098 15.6173 3
    endloop
  endfacet
  facet normal 0.831462 -0.555582 0
    outer loop
      vertex 46.5098 15.6173 1
      vertex 46.4226 15.4868 3
      vertex 46.4226 15.4868 1
    endloop
  endfacet
  facet normal 0.706314 -0.0464562 0.706373
    outer loop
      vertex 45.8671 16.6694 4
      vertex 46.8689 16.6955 3
      vertex 45.8774 16.826 4
    endloop
  endfacet
  facet normal 0.706305 -0.0469066 0.706352
    outer loop
      vertex 46.8689 16.6955 3
      vertex 45.8671 16.6694 4
      vertex 46.8585 16.5389 3
    endloop
  endfacet
  facet normal 0.39352 0.588385 0.70636
    outer loop
      vertex 45.7778 18.7315 3
      vertex 45.2778 17.8654 4
      vertex 45.8865 18.6588 3
    endloop
  endfacet
  facet normal 0.588544 -0.393264 0.70637
    outer loop
      vertex 46.5825 15.7261 3
      vertex 45.7164 16.2261 4
      vertex 46.5098 15.6173 3
    endloop
  endfacet
  facet normal 0.588544 0.393265 0.70637
    outer loop
      vertex 46.4957 18.0566 3
      vertex 45.7168 17.4261 4
      vertex 46.5829 17.9261 3
    endloop
  endfacet
  facet normal 0.588767 0.392962 0.706353
    outer loop
      vertex 45.7168 17.4261 4
      vertex 46.4957 18.0566 3
      vertex 45.6297 17.5566 4
    endloop
  endfacet
  facet normal 0.980815 0.19494 0
    outer loop
      vertex 46.8281 17.2671 3
      vertex 46.8026 17.3954 1
      vertex 46.8026 17.3954 3
    endloop
  endfacet
  facet normal 0.980815 0.19494 0
    outer loop
      vertex 46.8026 17.3954 1
      vertex 46.8281 17.2671 3
      vertex 46.8281 17.2671 1
    endloop
  endfacet
  facet normal 0.138038 0.694251 -0.706371
    outer loop
      vertex 44.9884 17.9854 0
      vertex 45.0933 18.982 1
      vertex 45.2472 18.9514 1
    endloop
  endfacet
  facet normal 0.138389 0.694198 -0.706355
    outer loop
      vertex 45.0933 18.982 1
      vertex 44.9884 17.9854 0
      vertex 44.8344 18.0161 0
    endloop
  endfacet
  facet normal 0.588544 0.393265 -0.70637
    outer loop
      vertex 45.7168 17.4261 0
      vertex 46.4957 18.0566 1
      vertex 46.5829 17.9261 1
    endloop
  endfacet
  facet normal 0.588767 0.392962 -0.706353
    outer loop
      vertex 46.4957 18.0566 1
      vertex 45.7168 17.4261 0
      vertex 45.6297 17.5566 0
    endloop
  endfacet
  facet normal 0.588544 -0.393265 -0.70637
    outer loop
      vertex 45.6292 16.0956 0
      vertex 46.5098 15.6173 1
      vertex 46.4226 15.4868 1
    endloop
  endfacet
  facet normal 0.588544 -0.393265 -0.70637
    outer loop
      vertex 46.5098 15.6173 1
      vertex 45.6292 16.0956 0
      vertex 45.7164 16.2261 0
    endloop
  endfacet
  facet normal 0.831462 -0.555582 0
    outer loop
      vertex 46.5098 15.6173 3
      vertex 46.5825 15.7261 1
      vertex 46.5825 15.7261 3
    endloop
  endfacet
  facet normal 0.831462 -0.555582 0
    outer loop
      vertex 46.5825 15.7261 1
      vertex 46.5098 15.6173 3
      vertex 46.5098 15.6173 1
    endloop
  endfacet
  facet normal 0.0468767 0.706306 -0.706353
    outer loop
      vertex 44.8344 18.0161 0
      vertex 44.8083 19.0179 1
      vertex 44.965 19.0075 1
    endloop
  endfacet
  facet normal 0.0464562 0.706314 -0.706373
    outer loop
      vertex 44.8083 19.0179 1
      vertex 44.8344 18.0161 0
      vertex 44.6778 18.0264 0
    endloop
  endfacet
  facet normal 0.321766 0.946819 -0
    outer loop
      vertex 45.5197 18.8588 1
      vertex 45.3711 18.9093 3
      vertex 45.5197 18.8588 3
    endloop
  endfacet
  facet normal 0.321766 0.946819 0
    outer loop
      vertex 45.3711 18.9093 3
      vertex 45.5197 18.8588 1
      vertex 45.3711 18.9093 1
    endloop
  endfacet
  facet normal -0.046008 0.706358 0.706358
    outer loop
      vertex 44.6778 19.0264 3
      vertex 44.5212 18.0162 4
      vertex 44.6778 18.0264 4
    endloop
  endfacet
  facet normal -0.046008 0.706358 0.706358
    outer loop
      vertex 44.5212 18.0162 4
      vertex 44.6778 19.0264 3
      vertex 44.5212 19.0162 3
    endloop
  endfacet
  facet normal 0.634748 -0.313315 -0.706349
    outer loop
      vertex 46.6519 15.8668 1
      vertex 45.7859 16.3668 0
      vertex 46.7098 15.9841 1
    endloop
  endfacet
  facet normal 0.588544 -0.393265 0.70637
    outer loop
      vertex 45.6292 16.0956 4
      vertex 46.5098 15.6173 3
      vertex 45.7164 16.2261 4
    endloop
  endfacet
  facet normal 0.588544 -0.393265 0.70637
    outer loop
      vertex 46.5098 15.6173 3
      vertex 45.6292 16.0956 4
      vertex 46.4226 15.4868 3
    endloop
  endfacet
  facet normal 0.946754 -0.321958 0
    outer loop
      vertex 46.7603 16.1328 3
      vertex 46.8024 16.2566 1
      vertex 46.8024 16.2566 3
    endloop
  endfacet
  facet normal 0.946754 -0.321958 0
    outer loop
      vertex 46.8024 16.2566 1
      vertex 46.7603 16.1328 3
      vertex 46.7603 16.1328 1
    endloop
  endfacet
  facet normal -0.329215 0.944255 0
    outer loop
      vertex 37.8457 16.9218 1
      vertex 35.2408 16.0136 3
      vertex 37.8457 16.9218 3
    endloop
  endfacet
  facet normal -0.329215 0.944255 0
    outer loop
      vertex 35.2408 16.0136 3
      vertex 37.8457 16.9218 1
      vertex 35.2408 16.0136 1
    endloop
  endfacet
  facet normal -0.206623 0.676478 -0.706884
    outer loop
      vertex 43.0161 18.6261 1
      vertex 43.2988 17.6675 0
      vertex 43.2749 17.6602 0
    endloop
  endfacet
  facet normal -0.210015 0.675455 -0.706862
    outer loop
      vertex 43.2988 17.6675 0
      vertex 43.0161 18.6261 1
      vertex 43.0399 18.6335 1
    endloop
  endfacet
  facet normal 0.046008 0.706358 -0.706358
    outer loop
      vertex 44.8083 19.0179 1
      vertex 44.6778 18.0264 0
      vertex 44.6778 19.0264 1
    endloop
  endfacet
  facet normal 0.555582 0.831462 -0
    outer loop
      vertex 46.017 18.5716 1
      vertex 45.8865 18.6588 3
      vertex 46.017 18.5716 3
    endloop
  endfacet
  facet normal 0.555582 0.831462 0
    outer loop
      vertex 45.8865 18.6588 3
      vertex 46.017 18.5716 1
      vertex 45.8865 18.6588 1
    endloop
  endfacet
  facet normal 0.393265 0.588544 0.70637
    outer loop
      vertex 45.8865 18.6588 3
      vertex 45.4082 17.7782 4
      vertex 46.017 18.5716 3
    endloop
  endfacet
  facet normal 0.393479 0.588414 0.706359
    outer loop
      vertex 45.4082 17.7782 4
      vertex 45.8865 18.6588 3
      vertex 45.2778 17.8654 4
    endloop
  endfacet
  facet normal 0.897085 0.441857 0
    outer loop
      vertex 46.7101 17.6679 3
      vertex 46.6407 17.8088 1
      vertex 46.6407 17.8088 3
    endloop
  endfacet
  facet normal 0.897085 0.441857 0
    outer loop
      vertex 46.6407 17.8088 1
      vertex 46.7101 17.6679 3
      vertex 46.7101 17.6679 1
    endloop
  endfacet
  facet normal -0.202063 0.677776 0.706958
    outer loop
      vertex 43.0399 18.6335 3
      vertex 44.3345 17.9764 4
      vertex 44.0757 18.9423 3
    endloop
  endfacet
  facet normal -0.202129 0.677712 0.707001
    outer loop
      vertex 44.3345 17.9764 4
      vertex 43.0399 18.6335 3
      vertex 43.2988 17.6675 4
    endloop
  endfacet
  facet normal 0.313315 0.634748 0.706349
    outer loop
      vertex 45.5197 18.8588 3
      vertex 45.137 17.9349 4
      vertex 45.637 18.8009 3
    endloop
  endfacet
  facet normal 0.793104 -0.609087 0
    outer loop
      vertex 45.6441 14.4731 3
      vertex 46.4226 15.4868 1
      vertex 46.4226 15.4868 3
    endloop
  endfacet
  facet normal 0.793104 -0.609087 0
    outer loop
      vertex 46.4226 15.4868 1
      vertex 45.6441 14.4731 3
      vertex 45.6441 14.4731 1
    endloop
  endfacet
  facet normal 0.555935 0.831226 -0
    outer loop
      vertex 45.8865 18.6588 1
      vertex 45.7778 18.7315 3
      vertex 45.8865 18.6588 3
    endloop
  endfacet
  facet normal 0.555935 0.831226 0
    outer loop
      vertex 45.7778 18.7315 3
      vertex 45.8865 18.6588 1
      vertex 45.7778 18.7315 1
    endloop
  endfacet
  facet normal 0.137992 0.694291 -0.706342
    outer loop
      vertex 45.0933 18.982 1
      vertex 44.8344 18.0161 0
      vertex 44.965 19.0075 1
    endloop
  endfacet
  facet normal 0.694271 -0.137953 -0.706368
    outer loop
      vertex 45.8364 16.5154 0
      vertex 46.833 16.4106 1
      vertex 46.8024 16.2566 1
    endloop
  endfacet
  facet normal 0.694205 -0.13839 -0.706348
    outer loop
      vertex 46.833 16.4106 1
      vertex 45.8364 16.5154 0
      vertex 45.8671 16.6694 0
    endloop
  endfacet
  facet normal -0.0649964 0.997886 0
    outer loop
      vertex 44.6778 19.0264 1
      vertex 44.5212 19.0162 3
      vertex 44.6778 19.0264 3
    endloop
  endfacet
  facet normal -0.0649964 0.997886 0
    outer loop
      vertex 44.5212 19.0162 3
      vertex 44.6778 19.0264 1
      vertex 44.5212 19.0162 1
    endloop
  endfacet
  facet normal 0.321725 0.946833 -0
    outer loop
      vertex 45.3711 18.9093 1
      vertex 45.2472 18.9514 3
      vertex 45.3711 18.9093 3
    endloop
  endfacet
  facet normal 0.321725 0.946833 0
    outer loop
      vertex 45.2472 18.9514 3
      vertex 45.3711 18.9093 1
      vertex 45.2472 18.9514 1
    endloop
  endfacet
  facet normal 0.634948 0.312873 0.706365
    outer loop
      vertex 46.5829 17.9261 3
      vertex 45.7168 17.4261 4
      vertex 46.6407 17.8088 3
    endloop
  endfacet
  facet normal 0.312945 0.634909 -0.706368
    outer loop
      vertex 45.2778 17.8654 0
      vertex 45.637 18.8009 1
      vertex 45.7778 18.7315 1
    endloop
  endfacet
  facet normal 0.313316 0.634747 -0.706349
    outer loop
      vertex 45.637 18.8009 1
      vertex 45.2778 17.8654 0
      vertex 45.137 17.9349 0
    endloop
  endfacet
  facet normal 0.670214 -0.227765 0.706354
    outer loop
      vertex 45.7859 16.3668 4
      vertex 46.7603 16.1328 3
      vertex 45.8364 16.5154 4
    endloop
  endfacet
  facet normal 0.670255 -0.227625 0.706361
    outer loop
      vertex 46.7603 16.1328 3
      vertex 45.7859 16.3668 4
      vertex 46.7098 15.9841 3
    endloop
  endfacet
  facet normal 0.997802 -0.0662653 0
    outer loop
      vertex 46.8585 16.5389 3
      vertex 46.8689 16.6955 1
      vertex 46.8689 16.6955 3
    endloop
  endfacet
  facet normal 0.997802 -0.0662653 0
    outer loop
      vertex 46.8689 16.6955 1
      vertex 46.8585 16.5389 3
      vertex 46.8585 16.5389 1
    endloop
  endfacet
  facet normal 0.694205 -0.13839 0.706348
    outer loop
      vertex 45.8364 16.5154 4
      vertex 46.833 16.4106 3
      vertex 45.8671 16.6694 4
    endloop
  endfacet
  facet normal 0.694271 -0.137953 0.706368
    outer loop
      vertex 46.833 16.4106 3
      vertex 45.8364 16.5154 4
      vertex 46.8024 16.2566 3
    endloop
  endfacet
  facet normal 0.670164 -0.227899 -0.706359
    outer loop
      vertex 46.7603 16.1328 1
      vertex 45.8364 16.5154 0
      vertex 46.8024 16.2566 1
    endloop
  endfacet
  facet normal 0.227761 0.670204 -0.706365
    outer loop
      vertex 45.137 17.9349 0
      vertex 45.3711 18.9093 1
      vertex 45.5197 18.8588 1
    endloop
  endfacet
  facet normal 0.227761 0.670204 -0.706365
    outer loop
      vertex 45.3711 18.9093 1
      vertex 45.137 17.9349 0
      vertex 44.9884 17.9854 0
    endloop
  endfacet
  facet normal 0.694361 0.137609 0.706347
    outer loop
      vertex 46.8281 17.2671 3
      vertex 45.8672 16.9827 4
      vertex 46.8586 17.1132 3
    endloop
  endfacet
  facet normal 0.694255 0.138039 0.706368
    outer loop
      vertex 45.8672 16.9827 4
      vertex 46.8281 17.2671 3
      vertex 45.8366 17.1366 4
    endloop
  endfacet
  facet normal 0.0662232 0.997805 -0
    outer loop
      vertex 44.965 19.0075 1
      vertex 44.8083 19.0179 3
      vertex 44.965 19.0075 3
    endloop
  endfacet
  facet normal 0.0662232 0.997805 0
    outer loop
      vertex 44.8083 19.0179 3
      vertex 44.965 19.0075 1
      vertex 44.8083 19.0179 1
    endloop
  endfacet
  facet normal 0.466731 0.53217 0.706369
    outer loop
      vertex 46.017 18.5716 3
      vertex 45.4082 17.7782 4
      vertex 46.1154 18.4853 3
    endloop
  endfacet
  facet normal 0.670164 0.227899 -0.706359
    outer loop
      vertex 46.7522 17.5441 1
      vertex 45.7862 17.2853 0
      vertex 46.7101 17.6679 1
    endloop
  endfacet
  facet normal 0.227732 0.670214 0.706364
    outer loop
      vertex 45.2472 18.9514 3
      vertex 44.9884 17.9854 4
      vertex 45.3711 18.9093 3
    endloop
  endfacet
  facet normal 0.227732 0.670214 -0.706364
    outer loop
      vertex 45.3711 18.9093 1
      vertex 44.9884 17.9854 0
      vertex 45.2472 18.9514 1
    endloop
  endfacet
  facet normal 0.694263 0.137987 0.70637
    outer loop
      vertex 46.8026 17.3954 3
      vertex 45.8366 17.1366 4
      vertex 46.8281 17.2671 3
    endloop
  endfacet
  facet normal 0.634948 0.312873 -0.706365
    outer loop
      vertex 46.6407 17.8088 1
      vertex 45.7168 17.4261 0
      vertex 46.5829 17.9261 1
    endloop
  endfacet
  facet normal 0.947079 0.321001 0
    outer loop
      vertex 46.8026 17.3954 3
      vertex 46.7522 17.5441 1
      vertex 46.7522 17.5441 3
    endloop
  endfacet
  facet normal 0.947079 0.321001 0
    outer loop
      vertex 46.7522 17.5441 1
      vertex 46.8026 17.3954 3
      vertex 46.8026 17.3954 1
    endloop
  endfacet
  facet normal 0.896709 -0.442621 0
    outer loop
      vertex 46.6519 15.8668 3
      vertex 46.7098 15.9841 1
      vertex 46.7098 15.9841 3
    endloop
  endfacet
  facet normal 0.896709 -0.442621 0
    outer loop
      vertex 46.7098 15.9841 1
      vertex 46.6519 15.8668 3
      vertex 46.6519 15.8668 1
    endloop
  endfacet
  facet normal 0.63501 0.312773 -0.706353
    outer loop
      vertex 45.7862 17.2853 0
      vertex 46.6407 17.8088 1
      vertex 46.7101 17.6679 1
    endloop
  endfacet
  facet normal 0.634914 0.312948 -0.706362
    outer loop
      vertex 46.6407 17.8088 1
      vertex 45.7862 17.2853 0
      vertex 45.7168 17.4261 0
    endloop
  endfacet
  facet normal 0.195013 0.980801 -0
    outer loop
      vertex 45.2472 18.9514 1
      vertex 45.0933 18.982 3
      vertex 45.2472 18.9514 3
    endloop
  endfacet
  facet normal 0.195013 0.980801 0
    outer loop
      vertex 45.0933 18.982 3
      vertex 45.2472 18.9514 1
      vertex 45.0933 18.982 1
    endloop
  endfacet
  facet normal 0.466988 0.531961 0.706357
    outer loop
      vertex 46.1154 18.4853 3
      vertex 45.5262 17.6747 4
      vertex 46.2333 18.3818 3
    endloop
  endfacet
  facet normal 0.466756 0.532147 0.70637
    outer loop
      vertex 45.5262 17.6747 4
      vertex 46.1154 18.4853 3
      vertex 45.4082 17.7782 4
    endloop
  endfacet
  facet normal 0.659722 0.75151 -0
    outer loop
      vertex 46.2333 18.3818 1
      vertex 46.1154 18.4853 3
      vertex 46.2333 18.3818 3
    endloop
  endfacet
  facet normal 0.659722 0.75151 0
    outer loop
      vertex 46.1154 18.4853 3
      vertex 46.2333 18.3818 1
      vertex 46.1154 18.4853 1
    endloop
  endfacet
  facet normal 0.65937 0.751819 -0
    outer loop
      vertex 46.1154 18.4853 1
      vertex 46.017 18.5716 3
      vertex 46.1154 18.4853 3
    endloop
  endfacet
  facet normal 0.65937 0.751819 0
    outer loop
      vertex 46.017 18.5716 3
      vertex 46.1154 18.4853 1
      vertex 46.017 18.5716 1
    endloop
  endfacet
  facet normal 0.634748 -0.313315 0.706349
    outer loop
      vertex 46.7098 15.9841 3
      vertex 45.7859 16.3668 4
      vertex 46.6519 15.8668 3
    endloop
  endfacet
  facet normal 0.39352 0.588385 -0.70636
    outer loop
      vertex 45.8865 18.6588 1
      vertex 45.2778 17.8654 0
      vertex 45.7778 18.7315 1
    endloop
  endfacet
  facet normal 0.980825 -0.194891 0
    outer loop
      vertex 46.8024 16.2566 3
      vertex 46.833 16.4106 1
      vertex 46.833 16.4106 3
    endloop
  endfacet
  facet normal 0.980825 -0.194891 0
    outer loop
      vertex 46.833 16.4106 1
      vertex 46.8024 16.2566 3
      vertex 46.8024 16.2566 1
    endloop
  endfacet
  facet normal 0.670164 -0.227899 0.706359
    outer loop
      vertex 46.8024 16.2566 3
      vertex 45.8364 16.5154 4
      vertex 46.7603 16.1328 3
    endloop
  endfacet
  facet normal -0.210015 0.675455 0.706862
    outer loop
      vertex 43.0161 18.6261 3
      vertex 43.2988 17.6675 4
      vertex 43.0399 18.6335 3
    endloop
  endfacet
  facet normal -0.206623 0.676478 0.706884
    outer loop
      vertex 43.2988 17.6675 4
      vertex 43.0161 18.6261 3
      vertex 43.2749 17.6602 4
    endloop
  endfacet
  facet normal -0.321958 0.946754 0
    outer loop
      vertex 37.9808 16.9677 1
      vertex 37.857 16.9256 3
      vertex 37.9808 16.9677 3
    endloop
  endfacet
  facet normal -0.321958 0.946754 0
    outer loop
      vertex 37.857 16.9256 3
      vertex 37.9808 16.9677 1
      vertex 37.857 16.9256 1
    endloop
  endfacet
  facet normal -0.238922 0.665996 -0.706658
    outer loop
      vertex 35.6011 15.0818 0
      vertex 35.2408 16.0136 1
      vertex 35.6234 15.0898 0
    endloop
  endfacet
  facet normal -0.23535 0.667321 -0.706607
    outer loop
      vertex 35.2408 16.0136 1
      vertex 35.6011 15.0818 0
      vertex 35.2184 16.0057 1
    endloop
  endfacet
  facet normal -0.285701 0.958319 0
    outer loop
      vertex 44.0757 18.9423 1
      vertex 43.0399 18.6335 3
      vertex 44.0757 18.9423 3
    endloop
  endfacet
  facet normal -0.285701 0.958319 0
    outer loop
      vertex 43.0399 18.6335 3
      vertex 44.0757 18.9423 1
      vertex 43.0399 18.6335 1
    endloop
  endfacet
  facet normal -0.147527 0.692041 0.706622
    outer loop
      vertex 44.2624 18.9821 3
      vertex 44.3345 17.9764 4
      vertex 44.5212 18.0162 4
    endloop
  endfacet
  facet normal -0.147527 0.692041 0.706622
    outer loop
      vertex 44.3345 17.9764 4
      vertex 44.2624 18.9821 3
      vertex 44.0757 18.9423 3
    endloop
  endfacet
  facet normal -0.296904 0.954907 0
    outer loop
      vertex 43.0399 18.6335 1
      vertex 43.0161 18.6261 3
      vertex 43.0399 18.6335 3
    endloop
  endfacet
  facet normal -0.296904 0.954907 0
    outer loop
      vertex 43.0161 18.6261 3
      vertex 43.0399 18.6335 1
      vertex 43.0161 18.6261 1
    endloop
  endfacet
  facet normal 0.946754 0.321958 0
    outer loop
      vertex 46.7522 17.5441 3
      vertex 46.7101 17.6679 1
      vertex 46.7101 17.6679 3
    endloop
  endfacet
  facet normal 0.946754 0.321958 0
    outer loop
      vertex 46.7101 17.6679 1
      vertex 46.7522 17.5441 3
      vertex 46.7522 17.5441 1
    endloop
  endfacet
  facet normal -0.0657577 0.997836 0
    outer loop
      vertex 44.5212 19.0162 1
      vertex 44.3907 19.0076 3
      vertex 44.5212 19.0162 3
    endloop
  endfacet
  facet normal -0.0657577 0.997836 0
    outer loop
      vertex 44.3907 19.0076 3
      vertex 44.5212 19.0162 1
      vertex 44.3907 19.0076 1
    endloop
  endfacet
  facet normal 0.532188 0.466746 0.706346
    outer loop
      vertex 46.2333 18.3818 3
      vertex 45.5262 17.6747 4
      vertex 46.3196 18.2834 3
    endloop
  endfacet
  facet normal 0.046008 0.706358 0.706358
    outer loop
      vertex 44.6778 19.0264 3
      vertex 44.6778 18.0264 4
      vertex 44.8083 19.0179 3
    endloop
  endfacet
  facet normal 0.0649964 0.997886 -0
    outer loop
      vertex 44.8083 19.0179 1
      vertex 44.6778 19.0264 3
      vertex 44.8083 19.0179 3
    endloop
  endfacet
  facet normal 0.0649964 0.997886 0
    outer loop
      vertex 44.6778 19.0264 3
      vertex 44.8083 19.0179 1
      vertex 44.6778 19.0264 1
    endloop
  endfacet
  facet normal 0.694361 0.137609 -0.706347
    outer loop
      vertex 45.8672 16.9827 0
      vertex 46.8281 17.2671 1
      vertex 46.8586 17.1132 1
    endloop
  endfacet
  facet normal 0.694255 0.138039 -0.706368
    outer loop
      vertex 46.8281 17.2671 1
      vertex 45.8672 16.9827 0
      vertex 45.8366 17.1366 0
    endloop
  endfacet
  facet normal 0.70634 0.0465481 -0.70634
    outer loop
      vertex 46.8672 16.9827 1
      vertex 45.8672 16.9827 0
      vertex 46.8586 17.1132 1
    endloop
  endfacet
  facet normal 0.980922 0.1944 0
    outer loop
      vertex 46.8586 17.1132 3
      vertex 46.8281 17.2671 1
      vertex 46.8281 17.2671 3
    endloop
  endfacet
  facet normal 0.980922 0.1944 0
    outer loop
      vertex 46.8281 17.2671 1
      vertex 46.8586 17.1132 3
      vertex 46.8586 17.1132 1
    endloop
  endfacet
  facet normal 0.751819 0.65937 0
    outer loop
      vertex 46.3196 18.2834 3
      vertex 46.2333 18.3818 1
      vertex 46.2333 18.3818 3
    endloop
  endfacet
  facet normal 0.751819 0.65937 0
    outer loop
      vertex 46.2333 18.3818 1
      vertex 46.3196 18.2834 3
      vertex 46.3196 18.2834 1
    endloop
  endfacet
  facet normal 0.896836 -0.442363 0
    outer loop
      vertex 46.5825 15.7261 3
      vertex 46.6519 15.8668 1
      vertex 46.6519 15.8668 3
    endloop
  endfacet
  facet normal 0.896836 -0.442363 0
    outer loop
      vertex 46.6519 15.8668 1
      vertex 46.5825 15.7261 3
      vertex 46.5825 15.7261 1
    endloop
  endfacet
  facet normal 0.946885 -0.321572 0
    outer loop
      vertex 46.7098 15.9841 3
      vertex 46.7603 16.1328 1
      vertex 46.7603 16.1328 3
    endloop
  endfacet
  facet normal 0.946885 -0.321572 0
    outer loop
      vertex 46.7603 16.1328 1
      vertex 46.7098 15.9841 3
      vertex 46.7098 15.9841 1
    endloop
  endfacet
  facet normal 0.588544 -0.393264 -0.70637
    outer loop
      vertex 46.5098 15.6173 1
      vertex 45.7164 16.2261 0
      vertex 46.5825 15.7261 1
    endloop
  endfacet
  facet normal 0.560792 -0.430676 -0.707128
    outer loop
      vertex 45.6441 14.4731 1
      vertex 45.6292 16.0956 0
      vertex 46.4226 15.4868 1
    endloop
  endfacet
  facet normal 0.560879 -0.430645 -0.707079
    outer loop
      vertex 45.6292 16.0956 0
      vertex 45.6441 14.4731 1
      vertex 44.8508 15.0818 0
    endloop
  endfacet
  facet normal 0.393265 0.588544 -0.70637
    outer loop
      vertex 45.4082 17.7782 0
      vertex 45.8865 18.6588 1
      vertex 46.017 18.5716 1
    endloop
  endfacet
  facet normal 0.393479 0.588414 -0.706359
    outer loop
      vertex 45.8865 18.6588 1
      vertex 45.4082 17.7782 0
      vertex 45.2778 17.8654 0
    endloop
  endfacet
  facet normal 0.19494 0.980815 -0
    outer loop
      vertex 45.0933 18.982 1
      vertex 44.965 19.0075 3
      vertex 45.0933 18.982 3
    endloop
  endfacet
  facet normal 0.19494 0.980815 0
    outer loop
      vertex 44.965 19.0075 3
      vertex 45.0933 18.982 1
      vertex 44.965 19.0075 1
    endloop
  endfacet
  facet normal 0.706359 0.0459787 0.706359
    outer loop
      vertex 45.8774 16.826 4
      vertex 46.8672 16.9827 3
      vertex 45.8672 16.9827 4
    endloop
  endfacet
  facet normal 0.706359 0.0459787 0.706359
    outer loop
      vertex 46.8672 16.9827 3
      vertex 45.8774 16.826 4
      vertex 46.8774 16.826 3
    endloop
  endfacet
  facet normal 0.442621 0.896709 -0
    outer loop
      vertex 45.637 18.8009 1
      vertex 45.5197 18.8588 3
      vertex 45.637 18.8009 3
    endloop
  endfacet
  facet normal 0.442621 0.896709 0
    outer loop
      vertex 45.5197 18.8588 3
      vertex 45.637 18.8009 1
      vertex 45.5197 18.8588 1
    endloop
  endfacet
  facet normal 0.752103 0.659046 0
    outer loop
      vertex 46.423 18.1654 3
      vertex 46.3196 18.2834 1
      vertex 46.3196 18.2834 3
    endloop
  endfacet
  facet normal 0.752103 0.659046 0
    outer loop
      vertex 46.3196 18.2834 1
      vertex 46.423 18.1654 3
      vertex 46.423 18.1654 1
    endloop
  endfacet
  facet normal 0.532384 0.466512 -0.706353
    outer loop
      vertex 45.6297 17.5566 0
      vertex 46.3196 18.2834 1
      vertex 46.423 18.1654 1
    endloop
  endfacet
  facet normal 0.532354 0.466543 -0.706355
    outer loop
      vertex 46.3196 18.2834 1
      vertex 45.6297 17.5566 0
      vertex 45.5262 17.6747 0
    endloop
  endfacet
  facet normal 0.694298 -0.137994 -0.706335
    outer loop
      vertex 46.833 16.4106 1
      vertex 45.8671 16.6694 0
      vertex 46.8585 16.5389 1
    endloop
  endfacet
  facet normal -0.19494 0.980815 0
    outer loop
      vertex 44.3907 19.0076 1
      vertex 44.2624 18.9821 3
      vertex 44.3907 19.0076 3
    endloop
  endfacet
  facet normal -0.19494 0.980815 0
    outer loop
      vertex 44.2624 18.9821 3
      vertex 44.3907 19.0076 1
      vertex 44.2624 18.9821 1
    endloop
  endfacet
  facet normal -0.147527 0.692041 -0.706622
    outer loop
      vertex 44.3345 17.9764 0
      vertex 44.2624 18.9821 1
      vertex 44.5212 18.0162 0
    endloop
  endfacet
  facet normal -0.147527 0.692041 -0.706622
    outer loop
      vertex 44.2624 18.9821 1
      vertex 44.3345 17.9764 0
      vertex 44.0757 18.9423 1
    endloop
  endfacet
  facet normal -0.216234 0.673675 -0.706686
    outer loop
      vertex 40.5451 17.833 1
      vertex 43.2749 17.6602 0
      vertex 40.804 16.8671 0
    endloop
  endfacet
  facet normal -0.216229 0.673688 -0.706675
    outer loop
      vertex 43.2749 17.6602 0
      vertex 40.5451 17.833 1
      vertex 43.0161 18.6261 1
    endloop
  endfacet
  facet normal -0.226352 0.670656 -0.706389
    outer loop
      vertex 37.9808 16.9677 1
      vertex 40.7869 16.8615 0
      vertex 38.2397 16.0018 0
    endloop
  endfacet
  facet normal -0.226347 0.670669 -0.706378
    outer loop
      vertex 40.7869 16.8615 0
      vertex 37.9808 16.9677 1
      vertex 40.5281 17.8274 1
    endloop
  endfacet
  facet normal -0.319774 0.947494 0
    outer loop
      vertex 40.5281 17.8274 1
      vertex 37.9808 16.9677 3
      vertex 40.5281 17.8274 3
    endloop
  endfacet
  facet normal -0.319774 0.947494 0
    outer loop
      vertex 37.9808 16.9677 3
      vertex 40.5281 17.8274 1
      vertex 37.9808 16.9677 1
    endloop
  endfacet
  facet normal -0.3326 0.943068 0
    outer loop
      vertex 35.2408 16.0136 1
      vertex 35.2184 16.0057 3
      vertex 35.2408 16.0136 3
    endloop
  endfacet
  facet normal -0.3326 0.943068 0
    outer loop
      vertex 35.2184 16.0057 3
      vertex 35.2408 16.0136 1
      vertex 35.2184 16.0057 1
    endloop
  endfacet
  facet normal -0.230911 0.669049 -0.706437
    outer loop
      vertex 38.2284 15.9979 0
      vertex 37.857 16.9256 1
      vertex 38.2397 16.0018 0
    endloop
  endfacet
  facet normal -0.225645 0.670998 -0.70629
    outer loop
      vertex 37.857 16.9256 1
      vertex 38.2284 15.9979 0
      vertex 37.8457 16.9218 1
    endloop
  endfacet
  facet normal 0.63501 0.312773 0.706353
    outer loop
      vertex 46.6407 17.8088 3
      vertex 45.7862 17.2853 4
      vertex 46.7101 17.6679 3
    endloop
  endfacet
  facet normal 0.634914 0.312948 0.706362
    outer loop
      vertex 45.7862 17.2853 4
      vertex 46.6407 17.8088 3
      vertex 45.7168 17.4261 4
    endloop
  endfacet
  facet normal 0.694298 -0.137994 0.706335
    outer loop
      vertex 46.8585 16.5389 3
      vertex 45.8671 16.6694 4
      vertex 46.833 16.4106 3
    endloop
  endfacet
  facet normal 0.532384 0.466512 0.706353
    outer loop
      vertex 46.3196 18.2834 3
      vertex 45.6297 17.5566 4
      vertex 46.423 18.1654 3
    endloop
  endfacet
  facet normal 0.532354 0.466543 0.706355
    outer loop
      vertex 45.6297 17.5566 4
      vertex 46.3196 18.2834 3
      vertex 45.5262 17.6747 4
    endloop
  endfacet
  facet normal 0.634653 -0.313492 0.706356
    outer loop
      vertex 45.7164 16.2261 4
      vertex 46.6519 15.8668 3
      vertex 45.7859 16.3668 4
    endloop
  endfacet
  facet normal 0.634815 -0.313121 0.706374
    outer loop
      vertex 46.6519 15.8668 3
      vertex 45.7164 16.2261 4
      vertex 46.5825 15.7261 3
    endloop
  endfacet
  facet normal -0.046008 0.706358 -0.706358
    outer loop
      vertex 44.6778 18.0264 0
      vertex 44.5212 19.0162 1
      vertex 44.6778 19.0264 1
    endloop
  endfacet
  facet normal -0.046008 0.706358 -0.706358
    outer loop
      vertex 44.5212 19.0162 1
      vertex 44.6778 18.0264 0
      vertex 44.5212 18.0162 0
    endloop
  endfacet
  facet normal -0.0465481 0.70634 -0.70634
    outer loop
      vertex 44.5212 18.0162 0
      vertex 44.3907 19.0076 1
      vertex 44.5212 19.0162 1
    endloop
  endfacet
  facet normal 0.0468767 0.706306 0.706353
    outer loop
      vertex 44.8083 19.0179 3
      vertex 44.8344 18.0161 4
      vertex 44.965 19.0075 3
    endloop
  endfacet
  facet normal 0.0464562 0.706314 0.706373
    outer loop
      vertex 44.8344 18.0161 4
      vertex 44.8083 19.0179 3
      vertex 44.6778 18.0264 4
    endloop
  endfacet
  facet normal 0.706358 -0.046008 -0.706358
    outer loop
      vertex 46.8689 16.6955 1
      vertex 45.8774 16.826 0
      vertex 46.8774 16.826 1
    endloop
  endfacet
  facet normal 0.997886 -0.0649964 0
    outer loop
      vertex 46.8689 16.6955 3
      vertex 46.8774 16.826 1
      vertex 46.8774 16.826 3
    endloop
  endfacet
  facet normal 0.997886 -0.0649964 0
    outer loop
      vertex 46.8774 16.826 1
      vertex 46.8689 16.6955 3
      vertex 46.8689 16.6955 1
    endloop
  endfacet
  facet normal 0.706359 0.0459787 -0.706359
    outer loop
      vertex 46.8774 16.826 1
      vertex 45.8672 16.9827 0
      vertex 46.8672 16.9827 1
    endloop
  endfacet
  facet normal 0.706359 0.0459787 -0.706359
    outer loop
      vertex 45.8672 16.9827 0
      vertex 46.8774 16.826 1
      vertex 45.8774 16.826 0
    endloop
  endfacet
  facet normal 0.980815 -0.19494 0
    outer loop
      vertex 46.833 16.4106 3
      vertex 46.8585 16.5389 1
      vertex 46.8585 16.5389 3
    endloop
  endfacet
  facet normal 0.980815 -0.19494 0
    outer loop
      vertex 46.8585 16.5389 1
      vertex 46.833 16.4106 3
      vertex 46.833 16.4106 1
    endloop
  endfacet
  facet normal 0.997888 0.0649551 0
    outer loop
      vertex 46.8774 16.826 3
      vertex 46.8672 16.9827 1
      vertex 46.8672 16.9827 3
    endloop
  endfacet
  facet normal 0.997888 0.0649551 0
    outer loop
      vertex 46.8672 16.9827 1
      vertex 46.8774 16.826 3
      vertex 46.8774 16.826 1
    endloop
  endfacet
  facet normal 0.997836 0.0657577 0
    outer loop
      vertex 46.8672 16.9827 3
      vertex 46.8586 17.1132 1
      vertex 46.8586 17.1132 3
    endloop
  endfacet
  facet normal 0.997836 0.0657577 0
    outer loop
      vertex 46.8586 17.1132 1
      vertex 46.8672 16.9827 3
      vertex 46.8672 16.9827 1
    endloop
  endfacet
  facet normal 0.670372 0.227214 -0.706382
    outer loop
      vertex 45.8366 17.1366 0
      vertex 46.7522 17.5441 1
      vertex 46.8026 17.3954 1
    endloop
  endfacet
  facet normal 0.670372 0.227214 -0.706382
    outer loop
      vertex 46.7522 17.5441 1
      vertex 45.8366 17.1366 0
      vertex 45.7862 17.2853 0
    endloop
  endfacet
  facet normal 0.588569 0.393281 -0.706341
    outer loop
      vertex 46.4957 18.0566 1
      vertex 45.6297 17.5566 0
      vertex 46.423 18.1654 1
    endloop
  endfacet
  facet normal 0.312945 0.634909 0.706368
    outer loop
      vertex 45.637 18.8009 3
      vertex 45.2778 17.8654 4
      vertex 45.7778 18.7315 3
    endloop
  endfacet
  facet normal 0.313316 0.634747 0.706349
    outer loop
      vertex 45.2778 17.8654 4
      vertex 45.637 18.8009 3
      vertex 45.137 17.9349 4
    endloop
  endfacet
  facet normal 0.466988 0.531961 -0.706357
    outer loop
      vertex 45.5262 17.6747 0
      vertex 46.1154 18.4853 1
      vertex 46.2333 18.3818 1
    endloop
  endfacet
  facet normal 0.466756 0.532147 -0.70637
    outer loop
      vertex 46.1154 18.4853 1
      vertex 45.5262 17.6747 0
      vertex 45.4082 17.7782 0
    endloop
  endfacet
  facet normal 0.466731 0.53217 -0.706369
    outer loop
      vertex 46.1154 18.4853 1
      vertex 45.4082 17.7782 0
      vertex 46.017 18.5716 1
    endloop
  endfacet
  facet normal 0.313315 0.634748 -0.706349
    outer loop
      vertex 45.637 18.8009 1
      vertex 45.137 17.9349 0
      vertex 45.5197 18.8588 1
    endloop
  endfacet
  facet normal -0.208491 0.978024 0
    outer loop
      vertex 44.2624 18.9821 1
      vertex 44.0757 18.9423 3
      vertex 44.2624 18.9821 3
    endloop
  endfacet
  facet normal -0.208491 0.978024 0
    outer loop
      vertex 44.0757 18.9423 3
      vertex 44.2624 18.9821 1
      vertex 44.0757 18.9423 1
    endloop
  endfacet
  facet normal -0.305608 0.952158 0
    outer loop
      vertex 43.0161 18.6261 1
      vertex 40.5451 17.833 3
      vertex 43.0161 18.6261 3
    endloop
  endfacet
  facet normal -0.305608 0.952158 0
    outer loop
      vertex 40.5451 17.833 3
      vertex 43.0161 18.6261 1
      vertex 40.5451 17.833 1
    endloop
  endfacet
  facet normal -0.216229 0.673688 0.706675
    outer loop
      vertex 40.5451 17.833 3
      vertex 43.2749 17.6602 4
      vertex 43.0161 18.6261 3
    endloop
  endfacet
  facet normal -0.216234 0.673675 0.706686
    outer loop
      vertex 43.2749 17.6602 4
      vertex 40.5451 17.833 3
      vertex 40.804 16.8671 4
    endloop
  endfacet
  facet normal -0.318743 0.947841 0
    outer loop
      vertex 37.857 16.9256 1
      vertex 37.8457 16.9218 3
      vertex 37.857 16.9256 3
    endloop
  endfacet
  facet normal -0.318743 0.947841 0
    outer loop
      vertex 37.8457 16.9218 3
      vertex 37.857 16.9256 1
      vertex 37.8457 16.9218 1
    endloop
  endfacet
  facet normal -0.232947 0.668239 -0.706535
    outer loop
      vertex 35.6234 15.0898 0
      vertex 37.8457 16.9218 1
      vertex 38.2284 15.9979 0
    endloop
  endfacet
  facet normal -0.232993 0.66827 -0.706491
    outer loop
      vertex 37.8457 16.9218 1
      vertex 35.6234 15.0898 0
      vertex 35.2408 16.0136 1
    endloop
  endfacet
  facet normal 0.70634 0.0465481 0.70634
    outer loop
      vertex 46.8586 17.1132 3
      vertex 45.8672 16.9827 4
      vertex 46.8672 16.9827 3
    endloop
  endfacet
  facet normal 0.670164 0.227899 0.706359
    outer loop
      vertex 46.7101 17.6679 3
      vertex 45.7862 17.2853 4
      vertex 46.7522 17.5441 3
    endloop
  endfacet
  facet normal 0.670372 0.227214 0.706382
    outer loop
      vertex 46.7522 17.5441 3
      vertex 45.8366 17.1366 4
      vertex 46.8026 17.3954 3
    endloop
  endfacet
  facet normal 0.670372 0.227214 0.706382
    outer loop
      vertex 45.8366 17.1366 4
      vertex 46.7522 17.5441 3
      vertex 45.7862 17.2853 4
    endloop
  endfacet
  facet normal 0.897012 0.442006 0
    outer loop
      vertex 46.6407 17.8088 3
      vertex 46.5829 17.9261 1
      vertex 46.5829 17.9261 3
    endloop
  endfacet
  facet normal 0.897012 0.442006 0
    outer loop
      vertex 46.5829 17.9261 1
      vertex 46.6407 17.8088 3
      vertex 46.6407 17.8088 1
    endloop
  endfacet
  facet normal 0.831462 0.555582 0
    outer loop
      vertex 46.5829 17.9261 3
      vertex 46.4957 18.0566 1
      vertex 46.4957 18.0566 3
    endloop
  endfacet
  facet normal 0.831462 0.555582 0
    outer loop
      vertex 46.4957 18.0566 1
      vertex 46.5829 17.9261 3
      vertex 46.5829 17.9261 1
    endloop
  endfacet
  facet normal 0.532188 0.466746 -0.706346
    outer loop
      vertex 46.3196 18.2834 1
      vertex 45.5262 17.6747 0
      vertex 46.2333 18.3818 1
    endloop
  endfacet
  facet normal 0.44211 0.896961 -0
    outer loop
      vertex 45.7778 18.7315 1
      vertex 45.637 18.8009 3
      vertex 45.7778 18.7315 3
    endloop
  endfacet
  facet normal 0.44211 0.896961 0
    outer loop
      vertex 45.637 18.8009 3
      vertex 45.7778 18.7315 1
      vertex 45.637 18.8009 1
    endloop
  endfacet
  facet normal -0.137994 0.694298 0.706335
    outer loop
      vertex 44.3907 19.0076 3
      vertex 44.2624 18.9821 3
      vertex 44.5212 18.0162 4
    endloop
  endfacet
  facet normal -0.221411 0.672141 0.706544
    outer loop
      vertex 40.5281 17.8274 3
      vertex 40.804 16.8671 4
      vertex 40.5451 17.833 3
    endloop
  endfacet
  facet normal -0.220235 0.672503 0.706567
    outer loop
      vertex 40.804 16.8671 4
      vertex 40.5281 17.8274 3
      vertex 40.7869 16.8615 4
    endloop
  endfacet
  facet normal -0.227906 0.670185 0.706336
    outer loop
      vertex 37.9808 16.9677 3
      vertex 37.857 16.9256 3
      vertex 38.2397 16.0018 4
    endloop
  endfacet
  facet normal -0.226347 0.670669 0.706378
    outer loop
      vertex 37.9808 16.9677 3
      vertex 40.7869 16.8615 4
      vertex 40.5281 17.8274 3
    endloop
  endfacet
  facet normal -0.226352 0.670656 0.706389
    outer loop
      vertex 40.7869 16.8615 4
      vertex 37.9808 16.9677 3
      vertex 38.2397 16.0018 4
    endloop
  endfacet
  facet normal -0.227906 0.670185 -0.706336
    outer loop
      vertex 38.2397 16.0018 0
      vertex 37.857 16.9256 1
      vertex 37.9808 16.9677 1
    endloop
  endfacet
  facet normal -0.232947 0.668239 0.706535
    outer loop
      vertex 37.8457 16.9218 3
      vertex 35.6234 15.0898 4
      vertex 38.2284 15.9979 4
    endloop
  endfacet
  facet normal -0.232993 0.66827 0.706491
    outer loop
      vertex 35.6234 15.0898 4
      vertex 37.8457 16.9218 3
      vertex 35.2408 16.0136 3
    endloop
  endfacet
  facet normal 0.706358 -0.046008 0.706358
    outer loop
      vertex 46.8774 16.826 3
      vertex 45.8774 16.826 4
      vertex 46.8689 16.6955 3
    endloop
  endfacet
  facet normal -0.336136 0.941814 0
    outer loop
      vertex 31.5287 14.6947 1
      vertex 31.4099 14.6523 3
      vertex 31.5287 14.6947 3
    endloop
  endfacet
  facet normal -0.336136 0.941814 0
    outer loop
      vertex 31.4099 14.6523 3
      vertex 31.5287 14.6947 1
      vertex 31.4099 14.6523 1
    endloop
  endfacet
  facet normal -0.237829 0.666369 0.706675
    outer loop
      vertex 31.5287 14.6947 3
      vertex 31.7926 13.7284 4
      vertex 31.9114 13.7708 4
    endloop
  endfacet
  facet normal -0.237829 0.666369 0.706675
    outer loop
      vertex 31.7926 13.7284 4
      vertex 31.5287 14.6947 3
      vertex 31.4099 14.6523 3
    endloop
  endfacet
  facet normal 0.813604 -0.58142 0
    outer loop
      vertex 44.6533 13.1196 3
      vertex 44.6836 13.162 1
      vertex 44.6836 13.162 3
    endloop
  endfacet
  facet normal 0.813604 -0.58142 0
    outer loop
      vertex 44.6836 13.162 1
      vertex 44.6533 13.1196 3
      vertex 44.6533 13.1196 1
    endloop
  endfacet
  facet normal 0.575477 -0.411249 -0.706895
    outer loop
      vertex 43.86 13.7284 0
      vertex 44.6836 13.162 1
      vertex 44.6533 13.1196 1
    endloop
  endfacet
  facet normal 0.576112 -0.410344 -0.706904
    outer loop
      vertex 44.6836 13.162 1
      vertex 43.86 13.7284 0
      vertex 43.8902 13.7708 0
    endloop
  endfacet
  facet normal 0.576112 -0.410344 0.706904
    outer loop
      vertex 43.86 13.7284 4
      vertex 44.6836 13.162 3
      vertex 43.8902 13.7708 4
    endloop
  endfacet
  facet normal 0.575477 -0.411249 0.706895
    outer loop
      vertex 44.6836 13.162 3
      vertex 43.86 13.7284 4
      vertex 44.6533 13.1196 3
    endloop
  endfacet
  facet normal -0.237829 0.666369 -0.706675
    outer loop
      vertex 31.7926 13.7284 0
      vertex 31.5287 14.6947 1
      vertex 31.9114 13.7708 0
    endloop
  endfacet
  facet normal -0.237829 0.666369 -0.706675
    outer loop
      vertex 31.5287 14.6947 1
      vertex 31.7926 13.7284 0
      vertex 31.4099 14.6523 1
    endloop
  endfacet
  facet normal 0.820626 -0.571466 0
    outer loop
      vertex 44.2822 12.5867 3
      vertex 44.6533 13.1196 1
      vertex 44.6533 13.1196 3
    endloop
  endfacet
  facet normal 0.820626 -0.571466 0
    outer loop
      vertex 44.6533 13.1196 1
      vertex 44.2822 12.5867 3
      vertex 44.2822 12.5867 1
    endloop
  endfacet
  facet normal -0.335837 0.94192 0
    outer loop
      vertex 31.4099 14.6523 1
      vertex 29.915 14.1193 3
      vertex 31.4099 14.6523 3
    endloop
  endfacet
  facet normal -0.335837 0.94192 0
    outer loop
      vertex 29.915 14.1193 3
      vertex 31.4099 14.6523 1
      vertex 29.915 14.1193 1
    endloop
  endfacet
  facet normal 0.580533 -0.40438 0.706723
    outer loop
      vertex 43.4888 13.1955 4
      vertex 44.6533 13.1196 3
      vertex 43.86 13.7284 4
    endloop
  endfacet
  facet normal 0.580562 -0.404291 0.70675
    outer loop
      vertex 44.6533 13.1196 3
      vertex 43.4888 13.1955 4
      vertex 44.2822 12.5867 3
    endloop
  endfacet
  facet normal 0.580562 -0.404291 -0.70675
    outer loop
      vertex 43.4888 13.1955 0
      vertex 44.6533 13.1196 1
      vertex 44.2822 12.5867 1
    endloop
  endfacet
  facet normal 0.580533 -0.40438 -0.706723
    outer loop
      vertex 44.6533 13.1196 1
      vertex 43.4888 13.1955 0
      vertex 43.86 13.7284 0
    endloop
  endfacet
  facet normal -0.23758 0.666465 -0.706669
    outer loop
      vertex 30.2977 13.1955 0
      vertex 31.4099 14.6523 1
      vertex 31.7926 13.7284 0
    endloop
  endfacet
  facet normal -0.237631 0.666481 -0.706636
    outer loop
      vertex 31.4099 14.6523 1
      vertex 30.2977 13.1955 0
      vertex 29.915 14.1193 1
    endloop
  endfacet
  facet normal -0.23758 0.666465 0.706669
    outer loop
      vertex 31.4099 14.6523 3
      vertex 30.2977 13.1955 4
      vertex 31.7926 13.7284 4
    endloop
  endfacet
  facet normal -0.237631 0.666481 0.706636
    outer loop
      vertex 30.2977 13.1955 4
      vertex 31.4099 14.6523 3
      vertex 29.915 14.1193 3
    endloop
  endfacet
  facet normal 0.854657 -0.519193 0
    outer loop
      vertex 42.125 9.28798 3
      vertex 42.1547 9.33687 1
      vertex 42.1547 9.33687 3
    endloop
  endfacet
  facet normal 0.854657 -0.519193 0
    outer loop
      vertex 42.1547 9.33687 1
      vertex 42.125 9.28798 3
      vertex 42.125 9.28798 1
    endloop
  endfacet
  facet normal 0.604416 -0.367174 -0.707011
    outer loop
      vertex 42.125 9.28798 1
      vertex 41.2887 9.83687 0
      vertex 42.1547 9.33687 1
    endloop
  endfacet
  facet normal 0.604416 -0.367174 -0.707011
    outer loop
      vertex 41.2887 9.83687 0
      vertex 42.125 9.28798 1
      vertex 41.259 9.78798 0
    endloop
  endfacet
  facet normal 0.604416 -0.367174 0.707011
    outer loop
      vertex 41.2887 9.83687 4
      vertex 42.125 9.28798 3
      vertex 42.1547 9.33687 3
    endloop
  endfacet
  facet normal 0.604416 -0.367174 0.707011
    outer loop
      vertex 42.125 9.28798 3
      vertex 41.2887 9.83687 4
      vertex 41.259 9.78798 4
    endloop
  endfacet
  facet normal -0.30282 0.953048 0
    outer loop
      vertex 20.152 10.8028 1
      vertex 19.9981 10.7539 3
      vertex 20.152 10.8028 3
    endloop
  endfacet
  facet normal -0.30282 0.953048 0
    outer loop
      vertex 19.9981 10.7539 3
      vertex 20.152 10.8028 1
      vertex 19.9981 10.7539 1
    endloop
  endfacet
  facet normal -0.214239 0.674261 0.706734
    outer loop
      vertex 19.9981 10.7539 3
      vertex 20.4108 9.83687 4
      vertex 20.152 10.8028 3
    endloop
  endfacet
  facet normal -0.2142 0.674276 0.706732
    outer loop
      vertex 20.4108 9.83687 4
      vertex 19.9981 10.7539 3
      vertex 20.2569 9.78798 4
    endloop
  endfacet
  facet normal -0.2142 0.674276 -0.706732
    outer loop
      vertex 19.9981 10.7539 1
      vertex 20.4108 9.83687 0
      vertex 20.2569 9.78798 0
    endloop
  endfacet
  facet normal -0.214239 0.674261 -0.706734
    outer loop
      vertex 20.4108 9.83687 0
      vertex 19.9981 10.7539 1
      vertex 20.152 10.8028 1
    endloop
  endfacet
  facet normal -0.181867 0.683323 0.707103
    outer loop
      vertex 15.6289 9.49093 3
      vertex 15.6939 8.47343 4
      vertex 15.8877 8.52501 4
    endloop
  endfacet
  facet normal -0.181833 0.683329 0.707106
    outer loop
      vertex 15.6939 8.47343 4
      vertex 15.6289 9.49093 3
      vertex 15.4351 9.43936 3
    endloop
  endfacet
  facet normal 0.868057 -0.496465 0
    outer loop
      vertex 41.3513 7.97343 3
      vertex 41.3808 8.02501 1
      vertex 41.3808 8.02501 3
    endloop
  endfacet
  facet normal 0.868057 -0.496465 0
    outer loop
      vertex 41.3808 8.02501 1
      vertex 41.3513 7.97343 3
      vertex 41.3513 7.97343 1
    endloop
  endfacet
  facet normal 0.613791 -0.351044 0.707127
    outer loop
      vertex 40.5147 8.52501 4
      vertex 41.3513 7.97343 3
      vertex 41.3808 8.02501 3
    endloop
  endfacet
  facet normal 0.614333 -0.350163 0.707094
    outer loop
      vertex 41.3513 7.97343 3
      vertex 40.5147 8.52501 4
      vertex 40.4853 8.47343 4
    endloop
  endfacet
  facet normal -0.257151 0.966371 0
    outer loop
      vertex 15.6289 9.49093 1
      vertex 15.4351 9.43936 3
      vertex 15.6289 9.49093 3
    endloop
  endfacet
  facet normal -0.257151 0.966371 0
    outer loop
      vertex 15.4351 9.43936 3
      vertex 15.6289 9.49093 1
      vertex 15.4351 9.43936 1
    endloop
  endfacet
  facet normal -0.181867 0.683323 -0.707103
    outer loop
      vertex 15.6939 8.47343 0
      vertex 15.6289 9.49093 1
      vertex 15.8877 8.52501 0
    endloop
  endfacet
  facet normal -0.181833 0.683329 -0.707106
    outer loop
      vertex 15.6289 9.49093 1
      vertex 15.6939 8.47343 0
      vertex 15.4351 9.43936 1
    endloop
  endfacet
  facet normal 0.613791 -0.351044 -0.707127
    outer loop
      vertex 41.3513 7.97343 1
      vertex 40.5147 8.52501 0
      vertex 41.3808 8.02501 1
    endloop
  endfacet
  facet normal 0.614333 -0.350163 -0.707094
    outer loop
      vertex 40.5147 8.52501 0
      vertex 41.3513 7.97343 1
      vertex 40.4853 8.47343 0
    endloop
  endfacet
  facet normal 0.028465 -0.999595 0
    outer loop
      vertex 30.0463 -0.584133 1
      vertex 30.5445 -0.569946 3
      vertex 30.0463 -0.584133 3
    endloop
  endfacet
  facet normal 0.028465 -0.999595 0
    outer loop
      vertex 30.5445 -0.569946 3
      vertex 30.0463 -0.584133 1
      vertex 30.5445 -0.569946 1
    endloop
  endfacet
  facet normal -0.028465 -0.999595 0
    outer loop
      vertex -30.5445 -0.569946 1
      vertex -30.0463 -0.584133 3
      vertex -30.5445 -0.569946 3
    endloop
  endfacet
  facet normal -0.028465 -0.999595 -0
    outer loop
      vertex -30.0463 -0.584133 3
      vertex -30.5445 -0.569946 1
      vertex -30.0463 -0.584133 1
    endloop
  endfacet
  facet normal 0.020131 -0.706963 -0.706964
    outer loop
      vertex 30.5445 0.430054 0
      vertex 30.0463 -0.584133 1
      vertex 29.9706 0.413712 0
    endloop
  endfacet
  facet normal 0.0201319 -0.706963 -0.706963
    outer loop
      vertex 30.0463 -0.584133 1
      vertex 30.5445 0.430054 0
      vertex 30.5445 -0.569946 1
    endloop
  endfacet
  facet normal -0.0201319 -0.706963 -0.706963
    outer loop
      vertex -30.5445 0.430054 0
      vertex -30.0463 -0.584133 1
      vertex -30.5445 -0.569946 1
    endloop
  endfacet
  facet normal -0.020131 -0.706963 -0.706964
    outer loop
      vertex -30.0463 -0.584133 1
      vertex -30.5445 0.430054 0
      vertex -29.9706 0.413712 0
    endloop
  endfacet
  facet normal -0.0201319 -0.706963 0.706963
    outer loop
      vertex -30.0463 -0.584133 3
      vertex -30.5445 0.430054 4
      vertex -30.5445 -0.569946 3
    endloop
  endfacet
  facet normal -0.020131 -0.706963 0.706964
    outer loop
      vertex -30.5445 0.430054 4
      vertex -30.0463 -0.584133 3
      vertex -29.9706 0.413712 4
    endloop
  endfacet
  facet normal 0.020131 -0.706963 0.706964
    outer loop
      vertex 30.0463 -0.584133 3
      vertex 30.5445 0.430054 4
      vertex 29.9706 0.413712 4
    endloop
  endfacet
  facet normal 0.0201319 -0.706963 0.706963
    outer loop
      vertex 30.5445 0.430054 4
      vertex 30.0463 -0.584133 3
      vertex 30.5445 -0.569946 3
    endloop
  endfacet
  facet normal -0.081971 -0.702377 0.707069
    outer loop
      vertex -30.0463 -0.584133 3
      vertex -29.5879 0.369049 4
      vertex -29.9706 0.413712 4
    endloop
  endfacet
  facet normal -0.0819807 -0.702375 0.707071
    outer loop
      vertex -29.5879 0.369049 4
      vertex -30.0463 -0.584133 3
      vertex -29.7296 -0.621098 3
    endloop
  endfacet
  facet normal -0.0819807 -0.702375 -0.707071
    outer loop
      vertex -30.0463 -0.584133 1
      vertex -29.5879 0.369049 0
      vertex -29.7296 -0.621098 1
    endloop
  endfacet
  facet normal -0.081971 -0.702377 -0.707069
    outer loop
      vertex -29.5879 0.369049 0
      vertex -30.0463 -0.584133 1
      vertex -29.9706 0.413712 0
    endloop
  endfacet
  facet normal 0.0819807 -0.702375 -0.707071
    outer loop
      vertex 29.5879 0.369049 0
      vertex 30.0463 -0.584133 1
      vertex 29.7296 -0.621098 1
    endloop
  endfacet
  facet normal 0.081971 -0.702377 -0.707069
    outer loop
      vertex 30.0463 -0.584133 1
      vertex 29.5879 0.369049 0
      vertex 29.9706 0.413712 0
    endloop
  endfacet
  facet normal -0.115932 -0.993257 0
    outer loop
      vertex -30.0463 -0.584133 1
      vertex -29.7296 -0.621098 3
      vertex -30.0463 -0.584133 3
    endloop
  endfacet
  facet normal -0.115932 -0.993257 -0
    outer loop
      vertex -29.7296 -0.621098 3
      vertex -30.0463 -0.584133 1
      vertex -29.7296 -0.621098 1
    endloop
  endfacet
  facet normal 0.081971 -0.702377 0.707069
    outer loop
      vertex 29.5879 0.369049 4
      vertex 30.0463 -0.584133 3
      vertex 29.9706 0.413712 4
    endloop
  endfacet
  facet normal 0.0819807 -0.702375 0.707071
    outer loop
      vertex 30.0463 -0.584133 3
      vertex 29.5879 0.369049 4
      vertex 29.7296 -0.621098 3
    endloop
  endfacet
  facet normal 0.115932 -0.993257 0
    outer loop
      vertex 29.7296 -0.621098 1
      vertex 30.0463 -0.584133 3
      vertex 29.7296 -0.621098 3
    endloop
  endfacet
  facet normal 0.115932 -0.993257 0
    outer loop
      vertex 30.0463 -0.584133 3
      vertex 29.7296 -0.621098 1
      vertex 30.0463 -0.584133 1
    endloop
  endfacet
  facet normal -0.327111 0.944986 0
    outer loop
      vertex 27.2507 13.1768 1
      vertex 27.2377 13.1723 3
      vertex 27.2507 13.1768 3
    endloop
  endfacet
  facet normal -0.327111 0.944986 0
    outer loop
      vertex 27.2377 13.1723 3
      vertex 27.2507 13.1768 1
      vertex 27.2377 13.1723 1
    endloop
  endfacet
  facet normal 0.837611 -0.546268 0
    outer loop
      vertex 43.702 11.7484 3
      vertex 43.705 11.753 1
      vertex 43.705 11.753 3
    endloop
  endfacet
  facet normal 0.837611 -0.546268 0
    outer loop
      vertex 43.705 11.753 1
      vertex 43.702 11.7484 3
      vertex 43.702 11.7484 1
    endloop
  endfacet
  facet normal 0.592723 -0.386559 -0.706578
    outer loop
      vertex 43.702 11.7484 1
      vertex 42.839 12.253 0
      vertex 43.705 11.753 1
    endloop
  endfacet
  facet normal 0.592723 -0.386559 -0.706578
    outer loop
      vertex 42.839 12.253 0
      vertex 43.702 11.7484 1
      vertex 42.836 12.2484 0
    endloop
  endfacet
  facet normal 0.592723 -0.386559 0.706578
    outer loop
      vertex 42.839 12.253 4
      vertex 43.702 11.7484 3
      vertex 43.705 11.753 3
    endloop
  endfacet
  facet normal 0.592723 -0.386559 0.706578
    outer loop
      vertex 43.702 11.7484 3
      vertex 42.839 12.253 4
      vertex 42.836 12.2484 4
    endloop
  endfacet
  facet normal -0.236047 0.66709 -0.706593
    outer loop
      vertex 27.6204 12.2484 0
      vertex 27.2507 13.1768 1
      vertex 27.6334 12.253 0
    endloop
  endfacet
  facet normal -0.231504 0.668788 -0.70649
    outer loop
      vertex 27.2507 13.1768 1
      vertex 27.6204 12.2484 0
      vertex 27.2377 13.1723 1
    endloop
  endfacet
  facet normal -0.236047 0.66709 0.706593
    outer loop
      vertex 27.2507 13.1768 3
      vertex 27.6204 12.2484 4
      vertex 27.6334 12.253 4
    endloop
  endfacet
  facet normal -0.231504 0.668788 0.70649
    outer loop
      vertex 27.6204 12.2484 4
      vertex 27.2507 13.1768 3
      vertex 27.2377 13.1723 3
    endloop
  endfacet
  facet normal 0.590525 -0.390125 0.706458
    outer loop
      vertex 42.836 12.2484 4
      vertex 43.0954 10.8302 3
      vertex 43.702 11.7484 3
    endloop
  endfacet
  facet normal 0.590473 -0.390154 0.706485
    outer loop
      vertex 43.0954 10.8302 3
      vertex 42.836 12.2484 4
      vertex 42.2293 11.3302 4
    endloop
  endfacet
  facet normal -0.327408 0.944883 0
    outer loop
      vertex 27.2377 13.1723 1
      vertex 24.6288 12.2683 3
      vertex 27.2377 13.1723 3
    endloop
  endfacet
  facet normal -0.327408 0.944883 0
    outer loop
      vertex 24.6288 12.2683 3
      vertex 27.2377 13.1723 1
      vertex 24.6288 12.2683 1
    endloop
  endfacet
  facet normal -0.231709 0.668711 0.706497
    outer loop
      vertex 24.8988 11.5031 3.81284
      vertex 27.6204 12.2484 4
      vertex 27.2377 13.1723 3
    endloop
  endfacet
  facet normal -0.231718 0.668757 0.706449
    outer loop
      vertex 27.6204 12.2484 4
      vertex 24.8988 11.5031 3.81284
      vertex 24.9704 11.3302 4
    endloop
  endfacet
  facet normal -0.231714 0.668715 0.70649
    outer loop
      vertex 24.8988 11.5031 3.81284
      vertex 27.2377 13.1723 3
      vertex 24.6288 12.2683 3
    endloop
  endfacet
  facet normal 0.834364 -0.551214 0
    outer loop
      vertex 43.0954 10.8302 3
      vertex 43.702 11.7484 1
      vertex 43.702 11.7484 3
    endloop
  endfacet
  facet normal 0.834364 -0.551214 0
    outer loop
      vertex 43.702 11.7484 1
      vertex 43.0954 10.8302 3
      vertex 43.0954 10.8302 1
    endloop
  endfacet
  facet normal 0.590525 -0.390125 -0.706458
    outer loop
      vertex 43.0954 10.8302 1
      vertex 42.836 12.2484 0
      vertex 43.702 11.7484 1
    endloop
  endfacet
  facet normal 0.590473 -0.390154 -0.706485
    outer loop
      vertex 42.836 12.2484 0
      vertex 43.0954 10.8302 1
      vertex 42.2293 11.3302 0
    endloop
  endfacet
  facet normal -0.231719 0.668759 -0.706448
    outer loop
      vertex 24.8988 11.5031 0.187161
      vertex 27.6204 12.2484 0
      vertex 24.9704 11.3302 0
    endloop
  endfacet
  facet normal -0.231709 0.66871 -0.706497
    outer loop
      vertex 27.6204 12.2484 0
      vertex 24.8988 11.5031 0.187161
      vertex 27.2377 13.1723 1
    endloop
  endfacet
  facet normal -0.231714 0.668715 -0.706491
    outer loop
      vertex 27.2377 13.1723 1
      vertex 24.8988 11.5031 0.187161
      vertex 24.6288 12.2683 1
    endloop
  endfacet
  facet normal 0.202405 -0.979302 0
    outer loop
      vertex 29.3145 -0.706892 1
      vertex 29.7296 -0.621098 3
      vertex 29.3145 -0.706892 3
    endloop
  endfacet
  facet normal 0.202405 -0.979302 0
    outer loop
      vertex 29.7296 -0.621098 3
      vertex 29.3145 -0.706892 1
      vertex 29.7296 -0.621098 1
    endloop
  endfacet
  facet normal 0.143241 -0.693048 0.706517
    outer loop
      vertex 29.5879 0.369049 4
      vertex 29.3145 -0.706892 3
      vertex 29.7296 -0.621098 3
    endloop
  endfacet
  facet normal 0.143267 -0.693049 0.706511
    outer loop
      vertex 29.3145 -0.706892 3
      vertex 29.5879 0.369049 4
      vertex 29.0557 0.259033 4
    endloop
  endfacet
  facet normal 0.143241 -0.693048 -0.706517
    outer loop
      vertex 29.3145 -0.706892 1
      vertex 29.5879 0.369049 0
      vertex 29.7296 -0.621098 1
    endloop
  endfacet
  facet normal 0.143267 -0.693049 -0.706511
    outer loop
      vertex 29.5879 0.369049 0
      vertex 29.3145 -0.706892 1
      vertex 29.0557 0.259033 0
    endloop
  endfacet
  facet normal -0.143267 -0.693049 0.706511
    outer loop
      vertex -29.5879 0.369049 4
      vertex -29.3145 -0.706892 3
      vertex -29.0557 0.259033 4
    endloop
  endfacet
  facet normal -0.143241 -0.693048 0.706517
    outer loop
      vertex -29.3145 -0.706892 3
      vertex -29.5879 0.369049 4
      vertex -29.7296 -0.621098 3
    endloop
  endfacet
  facet normal -0.202405 -0.979302 0
    outer loop
      vertex -29.7296 -0.621098 1
      vertex -29.3145 -0.706892 3
      vertex -29.7296 -0.621098 3
    endloop
  endfacet
  facet normal -0.202405 -0.979302 -0
    outer loop
      vertex -29.3145 -0.706892 3
      vertex -29.7296 -0.621098 1
      vertex -29.3145 -0.706892 1
    endloop
  endfacet
  facet normal -0.143267 -0.693049 -0.706511
    outer loop
      vertex -29.3145 -0.706892 1
      vertex -29.5879 0.369049 0
      vertex -29.0557 0.259033 0
    endloop
  endfacet
  facet normal -0.143241 -0.693048 -0.706517
    outer loop
      vertex -29.5879 0.369049 0
      vertex -29.3145 -0.706892 1
      vertex -29.7296 -0.621098 1
    endloop
  endfacet
  facet normal -0.224575 0.671169 0.706469
    outer loop
      vertex 22.0845 11.417 3
      vertex 24.2868 11.1013 4
      vertex 24.028 12.0673 3
    endloop
  endfacet
  facet normal -0.224582 0.671155 0.70648
    outer loop
      vertex 24.2868 11.1013 4
      vertex 22.0845 11.417 3
      vertex 22.3434 10.451 4
    endloop
  endfacet
  facet normal -0.224582 0.671155 -0.70648
    outer loop
      vertex 22.0845 11.417 1
      vertex 24.2868 11.1013 0
      vertex 22.3434 10.451 0
    endloop
  endfacet
  facet normal -0.224575 0.671169 -0.706469
    outer loop
      vertex 24.2868 11.1013 0
      vertex 22.0845 11.417 1
      vertex 24.028 12.0673 1
    endloop
  endfacet
  facet normal 0.599818 -0.37488 0.706883
    outer loop
      vertex 42.079 11.1013 4
      vertex 42.5386 9.95105 3
      vertex 42.945 10.6013 3
    endloop
  endfacet
  facet normal 0.599773 -0.374916 0.706902
    outer loop
      vertex 42.5386 9.95105 3
      vertex 42.079 11.1013 4
      vertex 41.6725 10.451 4
    endloop
  endfacet
  facet normal -0.317311 0.948322 0
    outer loop
      vertex 24.028 12.0673 1
      vertex 22.0845 11.417 3
      vertex 24.028 12.0673 3
    endloop
  endfacet
  facet normal -0.317311 0.948322 0
    outer loop
      vertex 22.0845 11.417 3
      vertex 24.028 12.0673 1
      vertex 22.0845 11.417 1
    endloop
  endfacet
  facet normal 0.599818 -0.37488 -0.706883
    outer loop
      vertex 42.5386 9.95105 1
      vertex 42.079 11.1013 0
      vertex 42.945 10.6013 1
    endloop
  endfacet
  facet normal 0.599773 -0.374916 -0.706902
    outer loop
      vertex 42.079 11.1013 0
      vertex 42.5386 9.95105 1
      vertex 41.6725 10.451 0
    endloop
  endfacet
  facet normal 0.848002 -0.529993 0
    outer loop
      vertex 42.5386 9.95105 3
      vertex 42.945 10.6013 1
      vertex 42.945 10.6013 3
    endloop
  endfacet
  facet normal 0.848002 -0.529993 0
    outer loop
      vertex 42.945 10.6013 1
      vertex 42.5386 9.95105 3
      vertex 42.5386 9.95105 1
    endloop
  endfacet
  facet normal 0.846914 -0.53173 0
    outer loop
      vertex 42.5317 9.94006 3
      vertex 42.5386 9.95105 1
      vertex 42.5386 9.95105 3
    endloop
  endfacet
  facet normal 0.846914 -0.53173 0
    outer loop
      vertex 42.5386 9.95105 1
      vertex 42.5317 9.94006 3
      vertex 42.5317 9.94006 1
    endloop
  endfacet
  facet normal 0.599053 -0.376112 -0.706877
    outer loop
      vertex 42.5317 9.94006 1
      vertex 41.6725 10.451 0
      vertex 42.5386 9.95105 1
    endloop
  endfacet
  facet normal 0.60011 -0.37438 -0.7069
    outer loop
      vertex 41.6725 10.451 0
      vertex 42.5317 9.94006 1
      vertex 41.6657 10.4401 0
    endloop
  endfacet
  facet normal -0.220157 0.672479 0.706614
    outer loop
      vertex 22.0509 11.406 3
      vertex 22.3434 10.451 4
      vertex 22.0845 11.417 3
    endloop
  endfacet
  facet normal -0.217754 0.673238 0.706635
    outer loop
      vertex 22.3434 10.451 4
      vertex 22.0509 11.406 3
      vertex 22.3097 10.4401 4
    endloop
  endfacet
  facet normal -0.311132 0.950367 0
    outer loop
      vertex 22.0845 11.417 1
      vertex 22.0509 11.406 3
      vertex 22.0845 11.417 3
    endloop
  endfacet
  facet normal -0.311132 0.950367 0
    outer loop
      vertex 22.0509 11.406 3
      vertex 22.0845 11.417 1
      vertex 22.0509 11.406 1
    endloop
  endfacet
  facet normal 0.599053 -0.376112 0.706877
    outer loop
      vertex 41.6725 10.451 4
      vertex 42.5317 9.94006 3
      vertex 42.5386 9.95105 3
    endloop
  endfacet
  facet normal 0.60011 -0.37438 0.7069
    outer loop
      vertex 42.5317 9.94006 3
      vertex 41.6725 10.451 4
      vertex 41.6657 10.4401 4
    endloop
  endfacet
  facet normal -0.217754 0.673238 -0.706635
    outer loop
      vertex 22.0509 11.406 1
      vertex 22.3434 10.451 0
      vertex 22.3097 10.4401 0
    endloop
  endfacet
  facet normal -0.220157 0.672479 -0.706614
    outer loop
      vertex 22.3434 10.451 0
      vertex 22.0509 11.406 1
      vertex 22.0845 11.417 1
    endloop
  endfacet
  facet normal -0.315505 -0.633565 0.706437
    outer loop
      vertex -28.1706 -0.0570831 4
      vertex -28.3432 -1.08615 3
      vertex -27.8432 -0.220123 4
    endloop
  endfacet
  facet normal -0.315482 -0.633572 0.70644
    outer loop
      vertex -28.3432 -1.08615 3
      vertex -28.1706 -0.0570831 4
      vertex -28.559 -0.978694 3
    endloop
  endfacet
  facet normal 0.315482 -0.633572 0.70644
    outer loop
      vertex 28.1706 -0.0570831 4
      vertex 28.3432 -1.08615 3
      vertex 28.559 -0.978694 3
    endloop
  endfacet
  facet normal 0.315505 -0.633565 0.706437
    outer loop
      vertex 28.3432 -1.08615 3
      vertex 28.1706 -0.0570831 4
      vertex 27.8432 -0.220123 4
    endloop
  endfacet
  facet normal 0.44574 -0.895163 0
    outer loop
      vertex 28.3432 -1.08615 1
      vertex 28.559 -0.978694 3
      vertex 28.3432 -1.08615 3
    endloop
  endfacet
  facet normal 0.44574 -0.895163 0
    outer loop
      vertex 28.559 -0.978694 3
      vertex 28.3432 -1.08615 1
      vertex 28.559 -0.978694 1
    endloop
  endfacet
  facet normal -0.44574 -0.895163 0
    outer loop
      vertex -28.559 -0.978694 1
      vertex -28.3432 -1.08615 3
      vertex -28.559 -0.978694 3
    endloop
  endfacet
  facet normal -0.44574 -0.895163 -0
    outer loop
      vertex -28.3432 -1.08615 3
      vertex -28.559 -0.978694 1
      vertex -28.3432 -1.08615 1
    endloop
  endfacet
  facet normal 0.315482 -0.633572 -0.70644
    outer loop
      vertex 28.3432 -1.08615 1
      vertex 28.1706 -0.0570831 0
      vertex 28.559 -0.978694 1
    endloop
  endfacet
  facet normal 0.315505 -0.633565 -0.706437
    outer loop
      vertex 28.1706 -0.0570831 0
      vertex 28.3432 -1.08615 1
      vertex 27.8432 -0.220123 0
    endloop
  endfacet
  facet normal -0.315505 -0.633565 -0.706437
    outer loop
      vertex -28.3432 -1.08615 1
      vertex -28.1706 -0.0570831 0
      vertex -27.8432 -0.220123 0
    endloop
  endfacet
  facet normal -0.315482 -0.633572 -0.70644
    outer loop
      vertex -28.1706 -0.0570831 0
      vertex -28.3432 -1.08615 1
      vertex -28.559 -0.978694 1
    endloop
  endfacet
  facet normal -0.366756 -0.604643 0.707034
    outer loop
      vertex -27.8432 -0.220123 4
      vertex -27.8711 -1.37254 3
      vertex -27.3235 -0.535355 4
    endloop
  endfacet
  facet normal -0.366789 -0.604634 0.707024
    outer loop
      vertex -27.8711 -1.37254 3
      vertex -27.8432 -0.220123 4
      vertex -28.3432 -1.08615 3
    endloop
  endfacet
  facet normal -0.518658 -0.854982 0
    outer loop
      vertex -28.3432 -1.08615 1
      vertex -27.8711 -1.37254 3
      vertex -28.3432 -1.08615 3
    endloop
  endfacet
  facet normal -0.518658 -0.854982 -0
    outer loop
      vertex -27.8711 -1.37254 3
      vertex -28.3432 -1.08615 1
      vertex -27.8711 -1.37254 1
    endloop
  endfacet
  facet normal -0.366756 -0.604643 -0.707034
    outer loop
      vertex -27.8711 -1.37254 1
      vertex -27.8432 -0.220123 0
      vertex -27.3235 -0.535355 0
    endloop
  endfacet
  facet normal -0.366789 -0.604634 -0.707024
    outer loop
      vertex -27.8432 -0.220123 0
      vertex -27.8711 -1.37254 1
      vertex -28.3432 -1.08615 1
    endloop
  endfacet
  facet normal 0.518658 -0.854982 0
    outer loop
      vertex 27.8711 -1.37254 1
      vertex 28.3432 -1.08615 3
      vertex 27.8711 -1.37254 3
    endloop
  endfacet
  facet normal 0.518658 -0.854982 0
    outer loop
      vertex 28.3432 -1.08615 3
      vertex 27.8711 -1.37254 1
      vertex 28.3432 -1.08615 1
    endloop
  endfacet
  facet normal 0.366789 -0.604634 -0.707024
    outer loop
      vertex 27.8711 -1.37254 1
      vertex 27.8432 -0.220123 0
      vertex 28.3432 -1.08615 1
    endloop
  endfacet
  facet normal 0.366756 -0.604643 -0.707034
    outer loop
      vertex 27.8432 -0.220123 0
      vertex 27.8711 -1.37254 1
      vertex 27.3235 -0.535355 0
    endloop
  endfacet
  facet normal 0.366789 -0.604634 0.707024
    outer loop
      vertex 27.8432 -0.220123 4
      vertex 27.8711 -1.37254 3
      vertex 28.3432 -1.08615 3
    endloop
  endfacet
  facet normal 0.366756 -0.604643 0.707034
    outer loop
      vertex 27.8711 -1.37254 3
      vertex 27.8432 -0.220123 4
      vertex 27.3235 -0.535355 4
    endloop
  endfacet
  facet normal -0.261521 -0.657003 0.707074
    outer loop
      vertex -29.02 -0.795189 3
      vertex -28.1706 -0.0570831 4
      vertex -28.6873 0.14859 4
    endloop
  endfacet
  facet normal -0.261525 -0.657001 0.707075
    outer loop
      vertex -28.1706 -0.0570831 4
      vertex -29.02 -0.795189 3
      vertex -28.559 -0.978694 3
    endloop
  endfacet
  facet normal -0.261525 -0.657001 -0.707075
    outer loop
      vertex -29.02 -0.795189 1
      vertex -28.1706 -0.0570831 0
      vertex -28.559 -0.978694 1
    endloop
  endfacet
  facet normal -0.261521 -0.657003 -0.707074
    outer loop
      vertex -28.1706 -0.0570831 0
      vertex -29.02 -0.795189 1
      vertex -28.6873 0.14859 0
    endloop
  endfacet
  facet normal 0.261521 -0.657003 0.707074
    outer loop
      vertex 28.1706 -0.0570831 4
      vertex 29.02 -0.795189 3
      vertex 28.6873 0.14859 4
    endloop
  endfacet
  facet normal 0.261525 -0.657001 0.707075
    outer loop
      vertex 29.02 -0.795189 3
      vertex 28.1706 -0.0570831 4
      vertex 28.559 -0.978694 3
    endloop
  endfacet
  facet normal 0.369835 -0.929097 0
    outer loop
      vertex 28.559 -0.978694 1
      vertex 29.02 -0.795189 3
      vertex 28.559 -0.978694 3
    endloop
  endfacet
  facet normal 0.369835 -0.929097 0
    outer loop
      vertex 29.02 -0.795189 3
      vertex 28.559 -0.978694 1
      vertex 29.02 -0.795189 1
    endloop
  endfacet
  facet normal -0.369835 -0.929097 0
    outer loop
      vertex -29.02 -0.795189 1
      vertex -28.559 -0.978694 3
      vertex -29.02 -0.795189 3
    endloop
  endfacet
  facet normal -0.369835 -0.929097 -0
    outer loop
      vertex -28.559 -0.978694 3
      vertex -29.02 -0.795189 1
      vertex -28.559 -0.978694 1
    endloop
  endfacet
  facet normal 0.261525 -0.657001 -0.707075
    outer loop
      vertex 28.1706 -0.0570831 0
      vertex 29.02 -0.795189 1
      vertex 28.559 -0.978694 1
    endloop
  endfacet
  facet normal 0.261521 -0.657003 -0.707074
    outer loop
      vertex 29.02 -0.795189 1
      vertex 28.1706 -0.0570831 0
      vertex 28.6873 0.14859 0
    endloop
  endfacet
  facet normal 0.847994 -0.530005 0
    outer loop
      vertex 42.1547 9.33687 3
      vertex 42.5317 9.94006 1
      vertex 42.5317 9.94006 3
    endloop
  endfacet
  facet normal 0.847994 -0.530005 0
    outer loop
      vertex 42.5317 9.94006 1
      vertex 42.1547 9.33687 3
      vertex 42.1547 9.33687 1
    endloop
  endfacet
  facet normal 0.599806 -0.374885 0.70689
    outer loop
      vertex 41.6657 10.4401 4
      vertex 42.1547 9.33687 3
      vertex 42.5317 9.94006 3
    endloop
  endfacet
  facet normal 0.599824 -0.374871 0.706883
    outer loop
      vertex 42.1547 9.33687 3
      vertex 41.6657 10.4401 4
      vertex 41.2887 9.83687 4
    endloop
  endfacet
  facet normal 0.599806 -0.374885 -0.70689
    outer loop
      vertex 42.1547 9.33687 1
      vertex 41.6657 10.4401 0
      vertex 42.5317 9.94006 1
    endloop
  endfacet
  facet normal 0.599824 -0.374871 -0.706883
    outer loop
      vertex 41.6657 10.4401 0
      vertex 42.1547 9.33687 1
      vertex 41.2887 9.83687 0
    endloop
  endfacet
  facet normal -0.214199 0.674273 -0.706735
    outer loop
      vertex 20.152 10.8028 1
      vertex 22.3097 10.4401 0
      vertex 20.4108 9.83687 0
    endloop
  endfacet
  facet normal -0.214192 0.674286 -0.706725
    outer loop
      vertex 22.3097 10.4401 0
      vertex 20.152 10.8028 1
      vertex 22.0509 11.406 1
    endloop
  endfacet
  facet normal -0.214192 0.674286 0.706725
    outer loop
      vertex 20.152 10.8028 3
      vertex 22.3097 10.4401 4
      vertex 22.0509 11.406 3
    endloop
  endfacet
  facet normal -0.214199 0.674273 0.706735
    outer loop
      vertex 22.3097 10.4401 4
      vertex 20.152 10.8028 3
      vertex 20.4108 9.83687 4
    endloop
  endfacet
  facet normal -0.30275 0.95307 0
    outer loop
      vertex 22.0509 11.406 1
      vertex 20.152 10.8028 3
      vertex 22.0509 11.406 3
    endloop
  endfacet
  facet normal -0.30275 0.95307 0
    outer loop
      vertex 20.152 10.8028 3
      vertex 22.0509 11.406 1
      vertex 20.152 10.8028 1
    endloop
  endfacet
  facet normal -0.739868 -0.672752 0
    outer loop
      vertex -26.5491 -2.59951 1
      vertex -27.0169 -2.08504 3
      vertex -27.0169 -2.08504 1
    endloop
  endfacet
  facet normal -0.739868 -0.672752 0
    outer loop
      vertex -27.0169 -2.08504 3
      vertex -26.5491 -2.59951 1
      vertex -26.5491 -2.59951 3
    endloop
  endfacet
  facet normal -0.523464 -0.475975 0.706706
    outer loop
      vertex -26.3098 -1.37793 4
      vertex -26.5491 -2.59951 3
      vertex -25.7807 -1.95982 4
    endloop
  endfacet
  facet normal -0.523462 -0.475976 0.706707
    outer loop
      vertex -26.5491 -2.59951 3
      vertex -26.3098 -1.37793 4
      vertex -27.0169 -2.08504 3
    endloop
  endfacet
  facet normal 0.523462 -0.475976 0.706707
    outer loop
      vertex 26.3098 -1.37793 4
      vertex 26.5491 -2.59951 3
      vertex 27.0169 -2.08504 3
    endloop
  endfacet
  facet normal 0.523464 -0.475975 0.706706
    outer loop
      vertex 26.5491 -2.59951 3
      vertex 26.3098 -1.37793 4
      vertex 25.7807 -1.95982 4
    endloop
  endfacet
  facet normal -0.523464 -0.475975 -0.706706
    outer loop
      vertex -26.5491 -2.59951 1
      vertex -26.3098 -1.37793 0
      vertex -25.7807 -1.95982 0
    endloop
  endfacet
  facet normal -0.523462 -0.475976 -0.706707
    outer loop
      vertex -26.3098 -1.37793 0
      vertex -26.5491 -2.59951 1
      vertex -27.0169 -2.08504 1
    endloop
  endfacet
  facet normal 0.523462 -0.475976 -0.706707
    outer loop
      vertex 26.5491 -2.59951 1
      vertex 26.3098 -1.37793 0
      vertex 27.0169 -2.08504 1
    endloop
  endfacet
  facet normal 0.523464 -0.475975 -0.706706
    outer loop
      vertex 26.3098 -1.37793 0
      vertex 26.5491 -2.59951 1
      vertex 25.7807 -1.95982 0
    endloop
  endfacet
  facet normal 0.739868 -0.672752 0
    outer loop
      vertex 26.5491 -2.59951 3
      vertex 27.0169 -2.08504 1
      vertex 27.0169 -2.08504 3
    endloop
  endfacet
  facet normal 0.739868 -0.672752 0
    outer loop
      vertex 27.0169 -2.08504 1
      vertex 26.5491 -2.59951 3
      vertex 26.5491 -2.59951 1
    endloop
  endfacet
  facet normal -0.550452 -0.443996 0.707015
    outer loop
      vertex -25.7807 -1.95982 4
      vertex -26.4104 -2.77153 3
      vertex -25.617 -2.16277 4
    endloop
  endfacet
  facet normal -0.550545 -0.443905 0.707
    outer loop
      vertex -26.4104 -2.77153 3
      vertex -25.7807 -1.95982 4
      vertex -26.5491 -2.59951 3
    endloop
  endfacet
  facet normal 0.77847 -0.627682 0
    outer loop
      vertex 26.4104 -2.77153 3
      vertex 26.5491 -2.59951 1
      vertex 26.5491 -2.59951 3
    endloop
  endfacet
  facet normal 0.77847 -0.627682 0
    outer loop
      vertex 26.5491 -2.59951 1
      vertex 26.4104 -2.77153 3
      vertex 26.4104 -2.77153 1
    endloop
  endfacet
  facet normal 0.550545 -0.443905 -0.707
    outer loop
      vertex 26.4104 -2.77153 1
      vertex 25.7807 -1.95982 0
      vertex 26.5491 -2.59951 1
    endloop
  endfacet
  facet normal 0.550452 -0.443996 -0.707015
    outer loop
      vertex 25.7807 -1.95982 0
      vertex 26.4104 -2.77153 1
      vertex 25.617 -2.16277 0
    endloop
  endfacet
  facet normal 0.550545 -0.443905 0.707
    outer loop
      vertex 25.7807 -1.95982 4
      vertex 26.4104 -2.77153 3
      vertex 26.5491 -2.59951 3
    endloop
  endfacet
  facet normal 0.550452 -0.443996 0.707015
    outer loop
      vertex 26.4104 -2.77153 3
      vertex 25.7807 -1.95982 4
      vertex 25.617 -2.16277 4
    endloop
  endfacet
  facet normal -0.77847 -0.627682 0
    outer loop
      vertex -26.4104 -2.77153 1
      vertex -26.5491 -2.59951 3
      vertex -26.5491 -2.59951 1
    endloop
  endfacet
  facet normal -0.77847 -0.627682 0
    outer loop
      vertex -26.5491 -2.59951 3
      vertex -26.4104 -2.77153 1
      vertex -26.4104 -2.77153 3
    endloop
  endfacet
  facet normal -0.550452 -0.443996 -0.707015
    outer loop
      vertex -26.4104 -2.77153 1
      vertex -25.7807 -1.95982 0
      vertex -25.617 -2.16277 0
    endloop
  endfacet
  facet normal -0.550545 -0.443905 -0.707
    outer loop
      vertex -25.7807 -1.95982 0
      vertex -26.4104 -2.77153 1
      vertex -26.5491 -2.59951 1
    endloop
  endfacet
  facet normal 0.940295 -0.340362 0
    outer loop
      vertex 24.6059 -6.18903 3
      vertex 24.6249 -6.13654 1
      vertex 24.6249 -6.13654 3
    endloop
  endfacet
  facet normal 0.940295 -0.340362 0
    outer loop
      vertex 24.6249 -6.13654 1
      vertex 24.6059 -6.18903 3
      vertex 24.6059 -6.18903 1
    endloop
  endfacet
  facet normal -0.146552 -0.989203 0
    outer loop
      vertex 18.1122 -6.74531 1
      vertex 18.4152 -6.7902 3
      vertex 18.1122 -6.74531 3
    endloop
  endfacet
  facet normal -0.146552 -0.989203 -0
    outer loop
      vertex 18.4152 -6.7902 3
      vertex 18.1122 -6.74531 1
      vertex 18.4152 -6.7902 1
    endloop
  endfacet
  facet normal -0.103692 -0.699513 -0.707057
    outer loop
      vertex 18.4152 -6.7902 1
      vertex 18.2428 -5.75386 0
      vertex 18.5969 -5.80635 0
    endloop
  endfacet
  facet normal -0.103634 -0.699512 -0.707066
    outer loop
      vertex 18.2428 -5.75386 0
      vertex 18.4152 -6.7902 1
      vertex 18.1122 -6.74531 1
    endloop
  endfacet
  facet normal 0.665225 -0.240794 -0.706749
    outer loop
      vertex 23.682 -5.80635 0
      vertex 24.6249 -6.13654 1
      vertex 24.6059 -6.18903 1
    endloop
  endfacet
  facet normal 0.665225 -0.240794 -0.706749
    outer loop
      vertex 24.6249 -6.13654 1
      vertex 23.682 -5.80635 0
      vertex 23.701 -5.75386 0
    endloop
  endfacet
  facet normal 0.665225 -0.240794 0.706749
    outer loop
      vertex 23.682 -5.80635 4
      vertex 24.6249 -6.13654 3
      vertex 23.701 -5.75386 4
    endloop
  endfacet
  facet normal 0.665225 -0.240794 0.706749
    outer loop
      vertex 24.6249 -6.13654 3
      vertex 23.682 -5.80635 4
      vertex 24.6059 -6.18903 3
    endloop
  endfacet
  facet normal -0.103692 -0.699513 0.707057
    outer loop
      vertex 18.2428 -5.75386 4
      vertex 18.4152 -6.7902 3
      vertex 18.5969 -5.80635 4
    endloop
  endfacet
  facet normal -0.103634 -0.699512 0.707066
    outer loop
      vertex 18.4152 -6.7902 3
      vertex 18.2428 -5.75386 4
      vertex 18.1122 -6.74531 3
    endloop
  endfacet
  facet normal 0.665248 -0.240734 0.706747
    outer loop
      vertex 23.6123 -5.99896 4
      vertex 24.6059 -6.18903 3
      vertex 23.682 -5.80635 4
    endloop
  endfacet
  facet normal 0.665252 -0.240723 0.706748
    outer loop
      vertex 24.6059 -6.18903 3
      vertex 23.6123 -5.99896 4
      vertex 24.5362 -6.38165 3
    endloop
  endfacet
  facet normal 0.940331 -0.340261 0
    outer loop
      vertex 24.5362 -6.38165 3
      vertex 24.6059 -6.18903 1
      vertex 24.6059 -6.18903 3
    endloop
  endfacet
  facet normal 0.940331 -0.340261 0
    outer loop
      vertex 24.6059 -6.18903 1
      vertex 24.5362 -6.38165 3
      vertex 24.5362 -6.38165 1
    endloop
  endfacet
  facet normal -0.160256 -0.688914 0.706906
    outer loop
      vertex 18.4152 -6.7902 3
      vertex 19.4249 -5.99896 4
      vertex 18.5969 -5.80635 4
    endloop
  endfacet
  facet normal -0.160267 -0.688905 0.706911
    outer loop
      vertex 19.4249 -5.99896 4
      vertex 18.4152 -6.7902 3
      vertex 19.1661 -6.96489 3
    endloop
  endfacet
  facet normal -0.22659 -0.97399 0
    outer loop
      vertex 18.4152 -6.7902 1
      vertex 19.1661 -6.96489 3
      vertex 18.4152 -6.7902 3
    endloop
  endfacet
  facet normal -0.22659 -0.97399 -0
    outer loop
      vertex 19.1661 -6.96489 3
      vertex 18.4152 -6.7902 1
      vertex 19.1661 -6.96489 1
    endloop
  endfacet
  facet normal -0.160267 -0.688905 -0.706911
    outer loop
      vertex 18.4152 -6.7902 1
      vertex 19.4249 -5.99896 0
      vertex 19.1661 -6.96489 1
    endloop
  endfacet
  facet normal -0.160256 -0.688914 -0.706906
    outer loop
      vertex 19.4249 -5.99896 0
      vertex 18.4152 -6.7902 1
      vertex 18.5969 -5.80635 0
    endloop
  endfacet
  facet normal 0.665252 -0.240723 -0.706748
    outer loop
      vertex 23.6123 -5.99896 0
      vertex 24.6059 -6.18903 1
      vertex 24.5362 -6.38165 1
    endloop
  endfacet
  facet normal 0.665248 -0.240734 -0.706747
    outer loop
      vertex 24.6059 -6.18903 1
      vertex 23.6123 -5.99896 0
      vertex 23.682 -5.80635 0
    endloop
  endfacet
  facet normal -0.614988 -0.349019 0.707089
    outer loop
      vertex -25.8412 -3.58322 3
      vertex -24.4772 -3.96072 4
      vertex -24.9752 -3.08322 4
    endloop
  endfacet
  facet normal -0.614992 -0.348951 0.70712
    outer loop
      vertex -24.4772 -3.96072 4
      vertex -25.8412 -3.58322 3
      vertex -25.3433 -4.46072 3
    endloop
  endfacet
  facet normal -0.869746 -0.4935 0
    outer loop
      vertex -25.3433 -4.46072 1
      vertex -25.8412 -3.58322 3
      vertex -25.8412 -3.58322 1
    endloop
  endfacet
  facet normal -0.869746 -0.4935 0
    outer loop
      vertex -25.8412 -3.58322 3
      vertex -25.3433 -4.46072 1
      vertex -25.3433 -4.46072 3
    endloop
  endfacet
  facet normal -0.614992 -0.348951 -0.70712
    outer loop
      vertex -25.8412 -3.58322 1
      vertex -24.4772 -3.96072 0
      vertex -25.3433 -4.46072 1
    endloop
  endfacet
  facet normal -0.614988 -0.349019 -0.707089
    outer loop
      vertex -24.4772 -3.96072 0
      vertex -25.8412 -3.58322 1
      vertex -24.9752 -3.08322 0
    endloop
  endfacet
  facet normal 0.614988 -0.349019 0.707089
    outer loop
      vertex 24.4772 -3.96072 4
      vertex 25.8412 -3.58322 3
      vertex 24.9752 -3.08322 4
    endloop
  endfacet
  facet normal 0.614992 -0.348951 0.70712
    outer loop
      vertex 25.8412 -3.58322 3
      vertex 24.4772 -3.96072 4
      vertex 25.3433 -4.46072 3
    endloop
  endfacet
  facet normal 0.869746 -0.4935 0
    outer loop
      vertex 25.3433 -4.46072 3
      vertex 25.8412 -3.58322 1
      vertex 25.8412 -3.58322 3
    endloop
  endfacet
  facet normal 0.869746 -0.4935 0
    outer loop
      vertex 25.8412 -3.58322 1
      vertex 25.3433 -4.46072 3
      vertex 25.3433 -4.46072 1
    endloop
  endfacet
  facet normal 0.614992 -0.348951 -0.70712
    outer loop
      vertex 24.4772 -3.96072 0
      vertex 25.8412 -3.58322 1
      vertex 25.3433 -4.46072 1
    endloop
  endfacet
  facet normal 0.614988 -0.349019 -0.707089
    outer loop
      vertex 25.8412 -3.58322 1
      vertex 24.4772 -3.96072 0
      vertex 24.9752 -3.08322 0
    endloop
  endfacet
  facet normal 0.630484 -0.321201 -0.706626
    outer loop
      vertex 24.3873 -4.1373 0
      vertex 25.3433 -4.46072 1
      vertex 25.2956 -4.55435 1
    endloop
  endfacet
  facet normal 0.630557 -0.321028 -0.706639
    outer loop
      vertex 25.3433 -4.46072 1
      vertex 24.3873 -4.1373 0
      vertex 24.4772 -3.96072 0
    endloop
  endfacet
  facet normal -0.891033 -0.453939 0
    outer loop
      vertex -25.2956 -4.55435 1
      vertex -25.3433 -4.46072 3
      vertex -25.3433 -4.46072 1
    endloop
  endfacet
  facet normal -0.891033 -0.453939 0
    outer loop
      vertex -25.3433 -4.46072 3
      vertex -25.2956 -4.55435 1
      vertex -25.2956 -4.55435 3
    endloop
  endfacet
  facet normal -0.630557 -0.321028 0.706639
    outer loop
      vertex -25.3433 -4.46072 3
      vertex -24.3873 -4.1373 4
      vertex -24.4772 -3.96072 4
    endloop
  endfacet
  facet normal -0.630484 -0.321201 0.706626
    outer loop
      vertex -24.3873 -4.1373 4
      vertex -25.3433 -4.46072 3
      vertex -25.2956 -4.55435 3
    endloop
  endfacet
  facet normal 0.630557 -0.321028 0.706639
    outer loop
      vertex 24.3873 -4.1373 4
      vertex 25.3433 -4.46072 3
      vertex 24.4772 -3.96072 4
    endloop
  endfacet
  facet normal 0.630484 -0.321201 0.706626
    outer loop
      vertex 25.3433 -4.46072 3
      vertex 24.3873 -4.1373 4
      vertex 25.2956 -4.55435 3
    endloop
  endfacet
  facet normal 0.891033 -0.453939 0
    outer loop
      vertex 25.2956 -4.55435 3
      vertex 25.3433 -4.46072 1
      vertex 25.3433 -4.46072 3
    endloop
  endfacet
  facet normal 0.891033 -0.453939 0
    outer loop
      vertex 25.3433 -4.46072 1
      vertex 25.2956 -4.55435 3
      vertex 25.2956 -4.55435 1
    endloop
  endfacet
  facet normal -0.630484 -0.321201 -0.706626
    outer loop
      vertex -25.3433 -4.46072 1
      vertex -24.3873 -4.1373 0
      vertex -25.2956 -4.55435 1
    endloop
  endfacet
  facet normal -0.630557 -0.321028 -0.706639
    outer loop
      vertex -24.3873 -4.1373 0
      vertex -25.3433 -4.46072 1
      vertex -24.4772 -3.96072 0
    endloop
  endfacet
  facet normal 0.665292 -0.240622 -0.706744
    outer loop
      vertex 23.575 -6.1021 0
      vertex 24.5362 -6.38165 1
      vertex 24.4989 -6.48478 1
    endloop
  endfacet
  facet normal 0.665299 -0.240601 -0.706745
    outer loop
      vertex 24.5362 -6.38165 1
      vertex 23.575 -6.1021 0
      vertex 23.6123 -5.99896 0
    endloop
  endfacet
  facet normal -0.301584 -0.95344 0
    outer loop
      vertex 19.1661 -6.96489 1
      vertex 19.4009 -7.03916 3
      vertex 19.1661 -6.96489 3
    endloop
  endfacet
  facet normal -0.301584 -0.95344 -0
    outer loop
      vertex 19.4009 -7.03916 3
      vertex 19.1661 -6.96489 1
      vertex 19.4009 -7.03916 1
    endloop
  endfacet
  facet normal -0.21334 -0.674522 0.706758
    outer loop
      vertex 19.4249 -5.99896 4
      vertex 19.4009 -7.03916 3
      vertex 19.751 -6.1021 4
    endloop
  endfacet
  facet normal -0.213358 -0.674519 0.706755
    outer loop
      vertex 19.4009 -7.03916 3
      vertex 19.4249 -5.99896 4
      vertex 19.1661 -6.96489 3
    endloop
  endfacet
  facet normal -0.21334 -0.674522 -0.706758
    outer loop
      vertex 19.4009 -7.03916 1
      vertex 19.4249 -5.99896 0
      vertex 19.751 -6.1021 0
    endloop
  endfacet
  facet normal -0.213358 -0.674519 -0.706755
    outer loop
      vertex 19.4249 -5.99896 0
      vertex 19.4009 -7.03916 1
      vertex 19.1661 -6.96489 1
    endloop
  endfacet
  facet normal 0.665299 -0.240601 0.706745
    outer loop
      vertex 23.575 -6.1021 4
      vertex 24.5362 -6.38165 3
      vertex 23.6123 -5.99896 4
    endloop
  endfacet
  facet normal 0.665292 -0.240622 0.706744
    outer loop
      vertex 24.5362 -6.38165 3
      vertex 23.575 -6.1021 4
      vertex 24.4989 -6.48478 3
    endloop
  endfacet
  facet normal 0.940383 -0.340117 0
    outer loop
      vertex 24.4989 -6.48478 3
      vertex 24.5362 -6.38165 1
      vertex 24.5362 -6.38165 3
    endloop
  endfacet
  facet normal 0.940383 -0.340117 0
    outer loop
      vertex 24.5362 -6.38165 1
      vertex 24.4989 -6.48478 3
      vertex 24.4989 -6.48478 1
    endloop
  endfacet
  facet normal -0.264998 -0.655584 0.707097
    outer loop
      vertex 19.4009 -7.03916 3
      vertex 20.5977 -6.44435 4
      vertex 19.751 -6.1021 4
    endloop
  endfacet
  facet normal -0.264996 -0.655585 0.707096
    outer loop
      vertex 20.5977 -6.44435 4
      vertex 19.4009 -7.03916 3
      vertex 20.215 -7.36823 3
    endloop
  endfacet
  facet normal 0.90514 -0.425114 0
    outer loop
      vertex 24.3746 -6.82703 3
      vertex 24.377 -6.82192 1
      vertex 24.377 -6.82192 3
    endloop
  endfacet
  facet normal 0.90514 -0.425114 0
    outer loop
      vertex 24.377 -6.82192 1
      vertex 24.3746 -6.82703 3
      vertex 24.3746 -6.82703 1
    endloop
  endfacet
  facet normal -0.264996 -0.655585 -0.707096
    outer loop
      vertex 19.4009 -7.03916 1
      vertex 20.5977 -6.44435 0
      vertex 20.215 -7.36823 1
    endloop
  endfacet
  facet normal -0.264998 -0.655584 -0.707097
    outer loop
      vertex 20.5977 -6.44435 0
      vertex 19.4009 -7.03916 1
      vertex 19.751 -6.1021 0
    endloop
  endfacet
  facet normal -0.374756 -0.927124 0
    outer loop
      vertex 19.4009 -7.03916 1
      vertex 20.215 -7.36823 3
      vertex 19.4009 -7.03916 3
    endloop
  endfacet
  facet normal -0.374756 -0.927124 -0
    outer loop
      vertex 20.215 -7.36823 3
      vertex 19.4009 -7.03916 1
      vertex 20.215 -7.36823 1
    endloop
  endfacet
  facet normal 0.940416 -0.340027 0
    outer loop
      vertex 24.377 -6.82192 3
      vertex 24.4989 -6.48478 1
      vertex 24.4989 -6.48478 3
    endloop
  endfacet
  facet normal 0.940416 -0.340027 0
    outer loop
      vertex 24.4989 -6.48478 1
      vertex 24.377 -6.82192 3
      vertex 24.377 -6.82192 1
    endloop
  endfacet
  facet normal 0.640369 -0.300761 -0.706732
    outer loop
      vertex 24.3746 -6.82703 1
      vertex 23.4531 -6.43924 0
      vertex 24.377 -6.82192 1
    endloop
  endfacet
  facet normal 0.640369 -0.300761 -0.706732
    outer loop
      vertex 23.4531 -6.43924 0
      vertex 24.3746 -6.82703 1
      vertex 23.4507 -6.44435 0
    endloop
  endfacet
  facet normal 0.665316 -0.240559 -0.706743
    outer loop
      vertex 23.4531 -6.43924 0
      vertex 24.4989 -6.48478 1
      vertex 24.377 -6.82192 1
    endloop
  endfacet
  facet normal 0.665316 -0.240559 -0.706743
    outer loop
      vertex 24.4989 -6.48478 1
      vertex 23.4531 -6.43924 0
      vertex 23.575 -6.1021 0
    endloop
  endfacet
  facet normal 0.640369 -0.300761 0.706732
    outer loop
      vertex 23.4531 -6.43924 4
      vertex 24.3746 -6.82703 3
      vertex 24.377 -6.82192 3
    endloop
  endfacet
  facet normal 0.640369 -0.300761 0.706732
    outer loop
      vertex 24.3746 -6.82703 3
      vertex 23.4531 -6.43924 4
      vertex 23.4507 -6.44435 4
    endloop
  endfacet
  facet normal 0.665316 -0.240559 0.706743
    outer loop
      vertex 23.4531 -6.43924 4
      vertex 24.4989 -6.48478 3
      vertex 23.575 -6.1021 4
    endloop
  endfacet
  facet normal 0.665316 -0.240559 0.706743
    outer loop
      vertex 24.4989 -6.48478 3
      vertex 23.4531 -6.43924 4
      vertex 24.377 -6.82192 3
    endloop
  endfacet
  facet normal -0.644066 -0.292317 0.706916
    outer loop
      vertex -24.3873 -4.1373 4
      vertex -24.8465 -5.54386 3
      vertex -23.9226 -5.16118 4
    endloop
  endfacet
  facet normal -0.644066 -0.292316 0.706916
    outer loop
      vertex -24.8465 -5.54386 3
      vertex -24.3873 -4.1373 4
      vertex -25.2956 -4.55435 3
    endloop
  endfacet
  facet normal -0.910601 -0.413286 0
    outer loop
      vertex -24.8465 -5.54386 1
      vertex -25.2956 -4.55435 3
      vertex -25.2956 -4.55435 1
    endloop
  endfacet
  facet normal -0.910601 -0.413286 0
    outer loop
      vertex -25.2956 -4.55435 3
      vertex -24.8465 -5.54386 1
      vertex -24.8465 -5.54386 3
    endloop
  endfacet
  facet normal 0.644066 -0.292316 0.706916
    outer loop
      vertex 24.3873 -4.1373 4
      vertex 24.8465 -5.54386 3
      vertex 25.2956 -4.55435 3
    endloop
  endfacet
  facet normal 0.644066 -0.292317 0.706916
    outer loop
      vertex 24.8465 -5.54386 3
      vertex 24.3873 -4.1373 4
      vertex 23.9226 -5.16118 4
    endloop
  endfacet
  facet normal -0.644066 -0.292317 -0.706916
    outer loop
      vertex -24.8465 -5.54386 1
      vertex -24.3873 -4.1373 0
      vertex -23.9226 -5.16118 0
    endloop
  endfacet
  facet normal -0.644066 -0.292316 -0.706916
    outer loop
      vertex -24.3873 -4.1373 0
      vertex -24.8465 -5.54386 1
      vertex -25.2956 -4.55435 1
    endloop
  endfacet
  facet normal 0.910601 -0.413286 0
    outer loop
      vertex 24.8465 -5.54386 3
      vertex 25.2956 -4.55435 1
      vertex 25.2956 -4.55435 3
    endloop
  endfacet
  facet normal 0.910601 -0.413286 0
    outer loop
      vertex 25.2956 -4.55435 1
      vertex 24.8465 -5.54386 3
      vertex 24.8465 -5.54386 1
    endloop
  endfacet
  facet normal 0.644066 -0.292316 -0.706916
    outer loop
      vertex 24.8465 -5.54386 1
      vertex 24.3873 -4.1373 0
      vertex 25.2956 -4.55435 1
    endloop
  endfacet
  facet normal 0.644066 -0.292317 -0.706916
    outer loop
      vertex 24.3873 -4.1373 0
      vertex 24.8465 -5.54386 1
      vertex 23.9226 -5.16118 0
    endloop
  endfacet
  facet normal 0.926147 -0.377162 0
    outer loop
      vertex 24.781 -5.7047 3
      vertex 24.8465 -5.54386 1
      vertex 24.8465 -5.54386 3
    endloop
  endfacet
  facet normal 0.926147 -0.377162 0
    outer loop
      vertex 24.8465 -5.54386 1
      vertex 24.781 -5.7047 3
      vertex 24.781 -5.7047 1
    endloop
  endfacet
  facet normal 0.654885 -0.266693 0.707107
    outer loop
      vertex 23.8571 -5.32202 4
      vertex 24.8465 -5.54386 3
      vertex 23.9226 -5.16118 4
    endloop
  endfacet
  facet normal 0.654885 -0.266693 0.707107
    outer loop
      vertex 24.8465 -5.54386 3
      vertex 23.8571 -5.32202 4
      vertex 24.781 -5.7047 3
    endloop
  endfacet
  facet normal -0.654885 -0.266693 0.707107
    outer loop
      vertex -24.8465 -5.54386 3
      vertex -23.8571 -5.32202 4
      vertex -23.9226 -5.16118 4
    endloop
  endfacet
  facet normal -0.654885 -0.266693 0.707107
    outer loop
      vertex -23.8571 -5.32202 4
      vertex -24.8465 -5.54386 3
      vertex -24.781 -5.7047 3
    endloop
  endfacet
  facet normal -0.926147 -0.377162 0
    outer loop
      vertex -24.781 -5.7047 1
      vertex -24.8465 -5.54386 3
      vertex -24.8465 -5.54386 1
    endloop
  endfacet
  facet normal -0.926147 -0.377162 0
    outer loop
      vertex -24.8465 -5.54386 3
      vertex -24.781 -5.7047 1
      vertex -24.781 -5.7047 3
    endloop
  endfacet
  facet normal -0.654885 -0.266693 -0.707107
    outer loop
      vertex -24.8465 -5.54386 1
      vertex -23.8571 -5.32202 0
      vertex -24.781 -5.7047 1
    endloop
  endfacet
  facet normal -0.654885 -0.266693 -0.707107
    outer loop
      vertex -23.8571 -5.32202 0
      vertex -24.8465 -5.54386 1
      vertex -23.9226 -5.16118 0
    endloop
  endfacet
  facet normal 0.654885 -0.266693 -0.707107
    outer loop
      vertex 23.8571 -5.32202 0
      vertex 24.8465 -5.54386 1
      vertex 24.781 -5.7047 1
    endloop
  endfacet
  facet normal 0.654885 -0.266693 -0.707107
    outer loop
      vertex 24.8465 -5.54386 1
      vertex 23.8571 -5.32202 0
      vertex 23.9226 -5.16118 0
    endloop
  endfacet
  facet normal 0.641504 -0.298185 0.706795
    outer loop
      vertex 23.4507 -6.44435 4
      vertex 24.3121 -6.96149 3
      vertex 24.3746 -6.82703 3
    endloop
  endfacet
  facet normal 0.641504 -0.298185 0.706795
    outer loop
      vertex 24.3121 -6.96149 3
      vertex 23.4507 -6.44435 4
      vertex 23.3882 -6.57881 4
    endloop
  endfacet
  facet normal -0.310346 -0.63611 -0.706435
    outer loop
      vertex 20.3803 -7.44884 1
      vertex 20.5977 -6.44435 0
      vertex 20.8733 -6.57881 0
    endloop
  endfacet
  facet normal -0.310225 -0.636151 -0.70645
    outer loop
      vertex 20.5977 -6.44435 0
      vertex 20.3803 -7.44884 1
      vertex 20.215 -7.36823 1
    endloop
  endfacet
  facet normal -0.438318 -0.89882 0
    outer loop
      vertex 20.215 -7.36823 1
      vertex 20.3803 -7.44884 3
      vertex 20.215 -7.36823 3
    endloop
  endfacet
  facet normal -0.438318 -0.89882 -0
    outer loop
      vertex 20.3803 -7.44884 3
      vertex 20.215 -7.36823 1
      vertex 20.3803 -7.44884 1
    endloop
  endfacet
  facet normal -0.310346 -0.63611 0.706435
    outer loop
      vertex 20.5977 -6.44435 4
      vertex 20.3803 -7.44884 3
      vertex 20.8733 -6.57881 4
    endloop
  endfacet
  facet normal -0.310225 -0.636151 0.70645
    outer loop
      vertex 20.3803 -7.44884 3
      vertex 20.5977 -6.44435 4
      vertex 20.215 -7.36823 3
    endloop
  endfacet
  facet normal 0.906823 -0.421512 0
    outer loop
      vertex 24.3121 -6.96149 3
      vertex 24.3746 -6.82703 1
      vertex 24.3746 -6.82703 3
    endloop
  endfacet
  facet normal 0.906823 -0.421512 0
    outer loop
      vertex 24.3746 -6.82703 1
      vertex 24.3121 -6.96149 3
      vertex 24.3121 -6.96149 1
    endloop
  endfacet
  facet normal 0.641504 -0.298185 -0.706795
    outer loop
      vertex 24.3121 -6.96149 1
      vertex 23.4507 -6.44435 0
      vertex 24.3746 -6.82703 1
    endloop
  endfacet
  facet normal 0.641504 -0.298185 -0.706795
    outer loop
      vertex 23.4507 -6.44435 0
      vertex 24.3121 -6.96149 1
      vertex 23.3882 -6.57881 0
    endloop
  endfacet
  facet normal 0.195087 -0.980786 0
    outer loop
      vertex 22.7657 -8.18172 1
      vertex 22.894 -8.1562 3
      vertex 22.7657 -8.18172 3
    endloop
  endfacet
  facet normal 0.195087 -0.980786 0
    outer loop
      vertex 22.894 -8.1562 3
      vertex 22.7657 -8.18172 1
      vertex 22.894 -8.1562 1
    endloop
  endfacet
  facet normal -0.0462936 -0.706349 0.706348
    outer loop
      vertex 22.1679 -7.22087 4
      vertex 22.194 -8.22258 3
      vertex 22.3246 -7.23114 4
    endloop
  endfacet
  facet normal -0.0462781 -0.706349 0.706349
    outer loop
      vertex 22.194 -8.22258 3
      vertex 22.1679 -7.22087 4
      vertex 22.0374 -8.21232 3
    endloop
  endfacet
  facet normal -0.227495 -0.670311 0.706349
    outer loop
      vertex 22.014 -7.19023 4
      vertex 21.6313 -8.11411 3
      vertex 21.7552 -8.15616 3
    endloop
  endfacet
  facet normal -0.227603 -0.67027 -0.706353
    outer loop
      vertex 21.6313 -8.11411 1
      vertex 21.8654 -7.13977 0
      vertex 22.014 -7.19023 0
    endloop
  endfacet
  facet normal -0.227603 -0.67027 -0.706353
    outer loop
      vertex 21.8654 -7.13977 0
      vertex 21.6313 -8.11411 1
      vertex 21.4827 -8.06365 1
    endloop
  endfacet
  facet normal -0.313097 -0.634854 0.706351
    outer loop
      vertex 21.8654 -7.13977 4
      vertex 21.3654 -8.0058 3
      vertex 21.4827 -8.06365 3
    endloop
  endfacet
  facet normal 0.751653 -0.659559 0
    outer loop
      vertex 23.9837 -7.46881 3
      vertex 24.07 -7.37046 1
      vertex 24.07 -7.37046 3
    endloop
  endfacet
  facet normal 0.751653 -0.659559 0
    outer loop
      vertex 24.07 -7.37046 1
      vertex 23.9837 -7.46881 3
      vertex 23.9837 -7.46881 1
    endloop
  endfacet
  facet normal 0.313097 -0.634854 0.706351
    outer loop
      vertex 23.4246 -7.93643 3
      vertex 22.9246 -7.0704 4
      vertex 23.3073 -7.99428 3
    endloop
  endfacet
  facet normal 0.312989 -0.634906 -0.706351
    outer loop
      vertex 22.7838 -7.13982 0
      vertex 23.3073 -7.99428 1
      vertex 23.1665 -8.06369 1
    endloop
  endfacet
  facet normal 0.313024 -0.634886 -0.706353
    outer loop
      vertex 23.3073 -7.99428 1
      vertex 22.7838 -7.13982 0
      vertex 22.9246 -7.0704 0
    endloop
  endfacet
  facet normal -0.500056 -0.865993 0
    outer loop
      vertex 20.3803 -7.44884 1
      vertex 21.2246 -7.93637 3
      vertex 20.3803 -7.44884 3
    endloop
  endfacet
  facet normal -0.500056 -0.865993 -0
    outer loop
      vertex 21.2246 -7.93637 3
      vertex 20.3803 -7.44884 1
      vertex 21.2246 -7.93637 1
    endloop
  endfacet
  facet normal 0.138094 -0.69426 -0.706352
    outer loop
      vertex 22.7657 -8.18172 1
      vertex 22.6351 -7.19028 0
      vertex 22.894 -8.1562 1
    endloop
  endfacet
  facet normal 0.532183 -0.466748 0.706348
    outer loop
      vertex 23.1731 -6.87971 4
      vertex 23.9837 -7.46881 3
      vertex 23.2766 -6.7617 4
    endloop
  endfacet
  facet normal 0.532183 -0.466748 0.706348
    outer loop
      vertex 23.9837 -7.46881 3
      vertex 23.1731 -6.87971 4
      vertex 23.8802 -7.58682 3
    endloop
  endfacet
  facet normal 0.138094 -0.69426 0.706352
    outer loop
      vertex 22.894 -8.1562 3
      vertex 22.6351 -7.19028 4
      vertex 22.7657 -8.18172 3
    endloop
  endfacet
  facet normal -0.138215 -0.694235 -0.706353
    outer loop
      vertex 21.9091 -8.1868 1
      vertex 22.014 -7.19023 0
      vertex 22.1679 -7.22087 0
    endloop
  endfacet
  facet normal -0.138215 -0.694235 -0.706353
    outer loop
      vertex 22.014 -7.19023 0
      vertex 21.9091 -8.1868 1
      vertex 21.7552 -8.15616 1
    endloop
  endfacet
  facet normal -0.138095 -0.694263 -0.706349
    outer loop
      vertex 22.0374 -8.21232 1
      vertex 21.9091 -8.1868 1
      vertex 22.1679 -7.22087 0
    endloop
  endfacet
  facet normal -0.321537 -0.946897 0
    outer loop
      vertex 21.4827 -8.06365 1
      vertex 21.6313 -8.11411 3
      vertex 21.4827 -8.06365 3
    endloop
  endfacet
  facet normal -0.321537 -0.946897 -0
    outer loop
      vertex 21.6313 -8.11411 3
      vertex 21.4827 -8.06365 1
      vertex 21.6313 -8.11411 1
    endloop
  endfacet
  facet normal 0.532064 -0.466875 -0.706354
    outer loop
      vertex 23.9837 -7.46881 1
      vertex 23.2766 -6.7617 0
      vertex 24.07 -7.37046 1
    endloop
  endfacet
  facet normal -0.313062 -0.634872 0.706349
    outer loop
      vertex 21.7246 -7.07034 4
      vertex 21.3654 -8.0058 3
      vertex 21.8654 -7.13977 4
    endloop
  endfacet
  facet normal -0.313062 -0.634872 0.706349
    outer loop
      vertex 21.3654 -8.0058 3
      vertex 21.7246 -7.07034 4
      vertex 21.2246 -7.93637 3
    endloop
  endfacet
  facet normal 0.138 -0.694282 -0.706348
    outer loop
      vertex 22.4812 -7.22089 0
      vertex 22.7657 -8.18172 1
      vertex 22.6117 -8.21233 1
    endloop
  endfacet
  facet normal 0.138085 -0.694261 -0.706352
    outer loop
      vertex 22.7657 -8.18172 1
      vertex 22.4812 -7.22089 0
      vertex 22.6351 -7.19028 0
    endloop
  endfacet
  facet normal 0.393276 -0.588561 0.70635
    outer loop
      vertex 22.9246 -7.0704 4
      vertex 23.5551 -7.84923 3
      vertex 23.0551 -6.9832 4
    endloop
  endfacet
  facet normal 0.393276 -0.588561 0.70635
    outer loop
      vertex 23.5551 -7.84923 3
      vertex 22.9246 -7.0704 4
      vertex 23.4246 -7.93643 3
    endloop
  endfacet
  facet normal 0.641289 -0.298673 -0.706783
    outer loop
      vertex 24.2877 -7.01388 1
      vertex 23.3882 -6.57881 0
      vertex 24.3121 -6.96149 1
    endloop
  endfacet
  facet normal 0.641289 -0.298673 -0.706783
    outer loop
      vertex 23.3882 -6.57881 0
      vertex 24.2877 -7.01388 1
      vertex 23.3638 -6.6312 0
    endloop
  endfacet
  facet normal 0.0463321 -0.706347 0.706347
    outer loop
      vertex 22.4812 -7.22089 4
      vertex 22.4812 -8.22089 3
      vertex 22.6117 -8.21233 3
    endloop
  endfacet
  facet normal -0.138095 -0.694263 0.706349
    outer loop
      vertex 22.1679 -7.22087 4
      vertex 21.9091 -8.1868 3
      vertex 22.0374 -8.21232 3
    endloop
  endfacet
  facet normal 0.634971 -0.312831 0.706363
    outer loop
      vertex 24.2877 -7.01388 3
      vertex 23.3638 -6.6312 4
      vertex 24.2299 -7.1312 3
    endloop
  endfacet
  facet normal -0.195087 -0.980786 0
    outer loop
      vertex 21.9091 -8.1868 1
      vertex 22.0374 -8.21232 3
      vertex 21.9091 -8.1868 3
    endloop
  endfacet
  facet normal -0.195087 -0.980786 -0
    outer loop
      vertex 22.0374 -8.21232 3
      vertex 21.9091 -8.1868 1
      vertex 22.0374 -8.21232 1
    endloop
  endfacet
  facet normal 0.138085 -0.694261 0.706352
    outer loop
      vertex 22.4812 -7.22089 4
      vertex 22.7657 -8.18172 3
      vertex 22.6351 -7.19028 4
    endloop
  endfacet
  facet normal 0.138 -0.694282 0.706348
    outer loop
      vertex 22.7657 -8.18172 3
      vertex 22.4812 -7.22089 4
      vertex 22.6117 -8.21233 3
    endloop
  endfacet
  facet normal 0.0654532 -0.997856 0
    outer loop
      vertex 22.4812 -8.22089 1
      vertex 22.6117 -8.21233 3
      vertex 22.4812 -8.22089 3
    endloop
  endfacet
  facet normal 0.0654532 -0.997856 0
    outer loop
      vertex 22.6117 -8.21233 3
      vertex 22.4812 -8.22089 1
      vertex 22.6117 -8.21233 1
    endloop
  endfacet
  facet normal 0.194952 -0.980813 0
    outer loop
      vertex 22.6117 -8.21233 1
      vertex 22.7657 -8.18172 3
      vertex 22.6117 -8.21233 3
    endloop
  endfacet
  facet normal 0.194952 -0.980813 0
    outer loop
      vertex 22.7657 -8.18172 3
      vertex 22.6117 -8.21233 1
      vertex 22.7657 -8.18172 1
    endloop
  endfacet
  facet normal 0.393199 -0.588609 0.706353
    outer loop
      vertex 23.6639 -7.77655 3
      vertex 23.0551 -6.9832 4
      vertex 23.5551 -7.84923 3
    endloop
  endfacet
  facet normal 0.58855 -0.393269 -0.706362
    outer loop
      vertex 23.2766 -6.7617 0
      vertex 24.1572 -7.23996 1
      vertex 24.07 -7.37046 1
    endloop
  endfacet
  facet normal 0.58855 -0.393269 -0.706362
    outer loop
      vertex 24.1572 -7.23996 1
      vertex 23.2766 -6.7617 0
      vertex 23.3638 -6.6312 0
    endloop
  endfacet
  facet normal 0.321546 -0.946894 0
    outer loop
      vertex 22.894 -8.1562 1
      vertex 23.0178 -8.11416 3
      vertex 22.894 -8.1562 3
    endloop
  endfacet
  facet normal 0.321546 -0.946894 0
    outer loop
      vertex 23.0178 -8.11416 3
      vertex 22.894 -8.1562 1
      vertex 23.0178 -8.11416 1
    endloop
  endfacet
  facet normal -0.227495 -0.670311 -0.706349
    outer loop
      vertex 21.7552 -8.15616 1
      vertex 21.6313 -8.11411 1
      vertex 22.014 -7.19023 0
    endloop
  endfacet
  facet normal 0.313024 -0.634886 0.706353
    outer loop
      vertex 22.7838 -7.13982 4
      vertex 23.3073 -7.99428 3
      vertex 22.9246 -7.0704 4
    endloop
  endfacet
  facet normal 0.312989 -0.634906 0.706351
    outer loop
      vertex 23.3073 -7.99428 3
      vertex 22.7838 -7.13982 4
      vertex 23.1665 -8.06369 3
    endloop
  endfacet
  facet normal 0.897042 -0.441945 0
    outer loop
      vertex 24.2299 -7.1312 3
      vertex 24.2877 -7.01388 1
      vertex 24.2877 -7.01388 3
    endloop
  endfacet
  facet normal 0.897042 -0.441945 0
    outer loop
      vertex 24.2877 -7.01388 1
      vertex 24.2299 -7.1312 3
      vertex 24.2299 -7.1312 1
    endloop
  endfacet
  facet normal 0.313097 -0.634854 -0.706351
    outer loop
      vertex 23.3073 -7.99428 1
      vertex 22.9246 -7.0704 0
      vertex 23.4246 -7.93643 1
    endloop
  endfacet
  facet normal -0.35357 -0.612361 0.707108
    outer loop
      vertex 20.8733 -6.57881 4
      vertex 21.2246 -7.93637 3
      vertex 21.7246 -7.07034 4
    endloop
  endfacet
  facet normal -0.353599 -0.612359 0.707095
    outer loop
      vertex 21.2246 -7.93637 3
      vertex 20.8733 -6.57881 4
      vertex 20.3803 -7.44884 3
    endloop
  endfacet
  facet normal -0.35357 -0.612361 -0.707108
    outer loop
      vertex 21.2246 -7.93637 1
      vertex 20.8733 -6.57881 0
      vertex 21.7246 -7.07034 0
    endloop
  endfacet
  facet normal -0.353599 -0.612359 -0.707095
    outer loop
      vertex 20.8733 -6.57881 0
      vertex 21.2246 -7.93637 1
      vertex 20.3803 -7.44884 1
    endloop
  endfacet
  facet normal 0.634971 -0.312831 -0.706363
    outer loop
      vertex 24.2299 -7.1312 1
      vertex 23.3638 -6.6312 0
      vertex 24.2877 -7.01388 1
    endloop
  endfacet
  facet normal 0.466856 -0.532081 0.706354
    outer loop
      vertex 23.8802 -7.58682 3
      vertex 23.1731 -6.87971 4
      vertex 23.7819 -7.67307 3
    endloop
  endfacet
  facet normal 0.831462 -0.555582 0
    outer loop
      vertex 24.07 -7.37046 3
      vertex 24.1572 -7.23996 1
      vertex 24.1572 -7.23996 3
    endloop
  endfacet
  facet normal 0.831462 -0.555582 0
    outer loop
      vertex 24.1572 -7.23996 1
      vertex 24.07 -7.37046 3
      vertex 24.07 -7.37046 1
    endloop
  endfacet
  facet normal 0.532183 -0.466748 -0.706348
    outer loop
      vertex 23.1731 -6.87971 0
      vertex 23.9837 -7.46881 1
      vertex 23.8802 -7.58682 1
    endloop
  endfacet
  facet normal 0.532183 -0.466748 -0.706348
    outer loop
      vertex 23.9837 -7.46881 1
      vertex 23.1731 -6.87971 0
      vertex 23.2766 -6.7617 0
    endloop
  endfacet
  facet normal -0.442264 -0.896885 0
    outer loop
      vertex 21.2246 -7.93637 1
      vertex 21.3654 -8.0058 3
      vertex 21.2246 -7.93637 3
    endloop
  endfacet
  facet normal -0.442264 -0.896885 -0
    outer loop
      vertex 21.3654 -8.0058 3
      vertex 21.2246 -7.93637 1
      vertex 21.3654 -8.0058 1
    endloop
  endfacet
  facet normal 0.046233 -0.706351 0.706351
    outer loop
      vertex 22.3246 -8.23114 3
      vertex 22.4812 -7.22089 4
      vertex 22.3246 -7.23114 4
    endloop
  endfacet
  facet normal 0.046233 -0.706351 0.706351
    outer loop
      vertex 22.4812 -7.22089 4
      vertex 22.3246 -8.23114 3
      vertex 22.4812 -8.22089 3
    endloop
  endfacet
  facet normal -0.138215 -0.694235 0.706353
    outer loop
      vertex 22.014 -7.19023 4
      vertex 21.9091 -8.1868 3
      vertex 22.1679 -7.22087 4
    endloop
  endfacet
  facet normal -0.138215 -0.694235 0.706353
    outer loop
      vertex 21.9091 -8.1868 3
      vertex 22.014 -7.19023 4
      vertex 21.7552 -8.15616 3
    endloop
  endfacet
  facet normal 0.588481 -0.393367 0.706366
    outer loop
      vertex 24.2299 -7.1312 3
      vertex 23.3638 -6.6312 4
      vertex 24.1572 -7.23996 3
    endloop
  endfacet
  facet normal 0.58855 -0.393269 0.706362
    outer loop
      vertex 23.2766 -6.7617 4
      vertex 24.1572 -7.23996 3
      vertex 23.3638 -6.6312 4
    endloop
  endfacet
  facet normal 0.58855 -0.393269 0.706362
    outer loop
      vertex 24.1572 -7.23996 3
      vertex 23.2766 -6.7617 4
      vertex 24.07 -7.37046 3
    endloop
  endfacet
  facet normal 0.466738 -0.532178 0.706359
    outer loop
      vertex 23.0551 -6.9832 4
      vertex 23.7819 -7.67307 3
      vertex 23.1731 -6.87971 4
    endloop
  endfacet
  facet normal 0.466713 -0.532201 0.706357
    outer loop
      vertex 23.7819 -7.67307 3
      vertex 23.0551 -6.9832 4
      vertex 23.6639 -7.77655 3
    endloop
  endfacet
  facet normal 0.659533 -0.751676 0
    outer loop
      vertex 23.7819 -7.67307 1
      vertex 23.8802 -7.58682 3
      vertex 23.7819 -7.67307 3
    endloop
  endfacet
  facet normal 0.659533 -0.751676 0
    outer loop
      vertex 23.8802 -7.58682 3
      vertex 23.7819 -7.67307 1
      vertex 23.8802 -7.58682 1
    endloop
  endfacet
  facet normal 0.555582 -0.831462 0
    outer loop
      vertex 23.4246 -7.93643 1
      vertex 23.5551 -7.84923 3
      vertex 23.4246 -7.93643 3
    endloop
  endfacet
  facet normal 0.555582 -0.831462 0
    outer loop
      vertex 23.5551 -7.84923 3
      vertex 23.4246 -7.93643 1
      vertex 23.5551 -7.84923 1
    endloop
  endfacet
  facet normal 0.393199 -0.588609 -0.706353
    outer loop
      vertex 23.5551 -7.84923 1
      vertex 23.0551 -6.9832 0
      vertex 23.6639 -7.77655 1
    endloop
  endfacet
  facet normal 0.442314 -0.89686 0
    outer loop
      vertex 23.3073 -7.99428 1
      vertex 23.4246 -7.93643 3
      vertex 23.3073 -7.99428 3
    endloop
  endfacet
  facet normal 0.442314 -0.89686 0
    outer loop
      vertex 23.4246 -7.93643 3
      vertex 23.3073 -7.99428 1
      vertex 23.4246 -7.93643 1
    endloop
  endfacet
  facet normal 0.751815 -0.659375 0
    outer loop
      vertex 23.8802 -7.58682 3
      vertex 23.9837 -7.46881 1
      vertex 23.9837 -7.46881 3
    endloop
  endfacet
  facet normal 0.751815 -0.659375 0
    outer loop
      vertex 23.9837 -7.46881 1
      vertex 23.8802 -7.58682 3
      vertex 23.8802 -7.58682 1
    endloop
  endfacet
  facet normal 0.0653136 -0.997865 0
    outer loop
      vertex 22.3246 -8.23114 1
      vertex 22.4812 -8.22089 3
      vertex 22.3246 -8.23114 3
    endloop
  endfacet
  facet normal 0.0653136 -0.997865 0
    outer loop
      vertex 22.4812 -8.22089 3
      vertex 22.3246 -8.23114 1
      vertex 22.4812 -8.22089 1
    endloop
  endfacet
  facet normal 0.906506 -0.422194 0
    outer loop
      vertex 24.2877 -7.01388 3
      vertex 24.3121 -6.96149 1
      vertex 24.3121 -6.96149 3
    endloop
  endfacet
  facet normal 0.906506 -0.422194 0
    outer loop
      vertex 24.3121 -6.96149 1
      vertex 24.2877 -7.01388 3
      vertex 24.2877 -7.01388 1
    endloop
  endfacet
  facet normal -0.0654033 -0.997859 0
    outer loop
      vertex 22.194 -8.22258 1
      vertex 22.3246 -8.23114 3
      vertex 22.194 -8.22258 3
    endloop
  endfacet
  facet normal -0.0654033 -0.997859 -0
    outer loop
      vertex 22.3246 -8.23114 3
      vertex 22.194 -8.22258 1
      vertex 22.3246 -8.23114 1
    endloop
  endfacet
  facet normal -0.313062 -0.634872 -0.706349
    outer loop
      vertex 21.3654 -8.0058 1
      vertex 21.7246 -7.07034 0
      vertex 21.8654 -7.13977 0
    endloop
  endfacet
  facet normal -0.313062 -0.634872 -0.706349
    outer loop
      vertex 21.7246 -7.07034 0
      vertex 21.3654 -8.0058 1
      vertex 21.2246 -7.93637 1
    endloop
  endfacet
  facet normal -0.313097 -0.634854 -0.706351
    outer loop
      vertex 21.4827 -8.06365 1
      vertex 21.3654 -8.0058 1
      vertex 21.8654 -7.13977 0
    endloop
  endfacet
  facet normal 0.466713 -0.532201 -0.706357
    outer loop
      vertex 23.0551 -6.9832 0
      vertex 23.7819 -7.67307 1
      vertex 23.6639 -7.77655 1
    endloop
  endfacet
  facet normal 0.466738 -0.532178 -0.706359
    outer loop
      vertex 23.7819 -7.67307 1
      vertex 23.0551 -6.9832 0
      vertex 23.1731 -6.87971 0
    endloop
  endfacet
  facet normal 0.659334 -0.75185 0
    outer loop
      vertex 23.6639 -7.77655 1
      vertex 23.7819 -7.67307 3
      vertex 23.6639 -7.77655 3
    endloop
  endfacet
  facet normal 0.659334 -0.75185 0
    outer loop
      vertex 23.7819 -7.67307 3
      vertex 23.6639 -7.77655 1
      vertex 23.7819 -7.67307 1
    endloop
  endfacet
  facet normal 0.0463321 -0.706347 -0.706347
    outer loop
      vertex 22.6117 -8.21233 1
      vertex 22.4812 -8.22089 1
      vertex 22.4812 -7.22089 0
    endloop
  endfacet
  facet normal 0.22761 -0.670268 -0.706353
    outer loop
      vertex 22.894 -8.1562 1
      vertex 22.6351 -7.19028 0
      vertex 23.0178 -8.11416 1
    endloop
  endfacet
  facet normal 0.227509 -0.670309 -0.706346
    outer loop
      vertex 23.0178 -8.11416 1
      vertex 22.7838 -7.13982 0
      vertex 23.1665 -8.06369 1
    endloop
  endfacet
  facet normal 0.227467 -0.670321 -0.706348
    outer loop
      vertex 22.7838 -7.13982 0
      vertex 23.0178 -8.11416 1
      vertex 22.6351 -7.19028 0
    endloop
  endfacet
  facet normal -0.442314 -0.89686 0
    outer loop
      vertex 21.3654 -8.0058 1
      vertex 21.4827 -8.06365 3
      vertex 21.3654 -8.0058 3
    endloop
  endfacet
  facet normal -0.442314 -0.89686 -0
    outer loop
      vertex 21.4827 -8.06365 3
      vertex 21.3654 -8.0058 1
      vertex 21.4827 -8.06365 1
    endloop
  endfacet
  facet normal -0.227603 -0.67027 0.706353
    outer loop
      vertex 21.8654 -7.13977 4
      vertex 21.6313 -8.11411 3
      vertex 22.014 -7.19023 4
    endloop
  endfacet
  facet normal -0.227603 -0.67027 0.706353
    outer loop
      vertex 21.6313 -8.11411 3
      vertex 21.8654 -7.13977 4
      vertex 21.4827 -8.06365 3
    endloop
  endfacet
  facet normal -0.0653771 -0.997861 0
    outer loop
      vertex 22.0374 -8.21232 1
      vertex 22.194 -8.22258 3
      vertex 22.0374 -8.21232 3
    endloop
  endfacet
  facet normal -0.0653771 -0.997861 -0
    outer loop
      vertex 22.194 -8.22258 3
      vertex 22.0374 -8.21232 1
      vertex 22.194 -8.22258 1
    endloop
  endfacet
  facet normal -0.0462967 -0.706349 0.706349
    outer loop
      vertex 22.3246 -7.23114 4
      vertex 22.194 -8.22258 3
      vertex 22.3246 -8.23114 3
    endloop
  endfacet
  facet normal 0.588481 -0.393367 -0.706366
    outer loop
      vertex 24.1572 -7.23996 1
      vertex 23.3638 -6.6312 0
      vertex 24.2299 -7.1312 1
    endloop
  endfacet
  facet normal 0.831368 -0.555723 0
    outer loop
      vertex 24.1572 -7.23996 3
      vertex 24.2299 -7.1312 1
      vertex 24.2299 -7.1312 3
    endloop
  endfacet
  facet normal 0.831368 -0.555723 0
    outer loop
      vertex 24.2299 -7.1312 1
      vertex 24.1572 -7.23996 3
      vertex 24.1572 -7.23996 1
    endloop
  endfacet
  facet normal 0.532064 -0.466875 0.706354
    outer loop
      vertex 24.07 -7.37046 3
      vertex 23.2766 -6.7617 4
      vertex 23.9837 -7.46881 3
    endloop
  endfacet
  facet normal 0.641289 -0.298673 0.706783
    outer loop
      vertex 23.3882 -6.57881 4
      vertex 24.2877 -7.01388 3
      vertex 24.3121 -6.96149 3
    endloop
  endfacet
  facet normal 0.641289 -0.298673 0.706783
    outer loop
      vertex 24.2877 -7.01388 3
      vertex 23.3882 -6.57881 4
      vertex 23.3638 -6.6312 4
    endloop
  endfacet
  facet normal -0.195258 -0.980752 0
    outer loop
      vertex 21.7552 -8.15616 1
      vertex 21.9091 -8.1868 3
      vertex 21.7552 -8.15616 3
    endloop
  endfacet
  facet normal -0.195258 -0.980752 -0
    outer loop
      vertex 21.9091 -8.1868 3
      vertex 21.7552 -8.15616 1
      vertex 21.9091 -8.1868 1
    endloop
  endfacet
  facet normal 0.555476 -0.831533 0
    outer loop
      vertex 23.5551 -7.84923 1
      vertex 23.6639 -7.77655 3
      vertex 23.5551 -7.84923 3
    endloop
  endfacet
  facet normal 0.555476 -0.831533 0
    outer loop
      vertex 23.6639 -7.77655 3
      vertex 23.5551 -7.84923 1
      vertex 23.6639 -7.77655 1
    endloop
  endfacet
  facet normal 0.393276 -0.588561 -0.70635
    outer loop
      vertex 22.9246 -7.0704 0
      vertex 23.5551 -7.84923 1
      vertex 23.4246 -7.93643 1
    endloop
  endfacet
  facet normal 0.393276 -0.588561 -0.70635
    outer loop
      vertex 23.5551 -7.84923 1
      vertex 22.9246 -7.0704 0
      vertex 23.0551 -6.9832 0
    endloop
  endfacet
  facet normal 0.046233 -0.706351 -0.706351
    outer loop
      vertex 22.3246 -7.23114 0
      vertex 22.4812 -8.22089 1
      vertex 22.3246 -8.23114 1
    endloop
  endfacet
  facet normal 0.046233 -0.706351 -0.706351
    outer loop
      vertex 22.4812 -8.22089 1
      vertex 22.3246 -7.23114 0
      vertex 22.4812 -7.22089 0
    endloop
  endfacet
  facet normal 0.227509 -0.670309 0.706346
    outer loop
      vertex 22.7838 -7.13982 4
      vertex 23.0178 -8.11416 3
      vertex 23.1665 -8.06369 3
    endloop
  endfacet
  facet normal 0.227467 -0.670321 0.706348
    outer loop
      vertex 23.0178 -8.11416 3
      vertex 22.7838 -7.13982 4
      vertex 22.6351 -7.19028 4
    endloop
  endfacet
  facet normal 0.22761 -0.670268 0.706353
    outer loop
      vertex 23.0178 -8.11416 3
      vertex 22.6351 -7.19028 4
      vertex 22.894 -8.1562 3
    endloop
  endfacet
  facet normal 0.466856 -0.532081 -0.706354
    outer loop
      vertex 23.7819 -7.67307 1
      vertex 23.1731 -6.87971 0
      vertex 23.8802 -7.58682 1
    endloop
  endfacet
  facet normal -0.0462936 -0.706349 -0.706348
    outer loop
      vertex 22.194 -8.22258 1
      vertex 22.1679 -7.22087 0
      vertex 22.3246 -7.23114 0
    endloop
  endfacet
  facet normal -0.0462781 -0.706349 -0.706349
    outer loop
      vertex 22.1679 -7.22087 0
      vertex 22.194 -8.22258 1
      vertex 22.0374 -8.21232 1
    endloop
  endfacet
  facet normal 0.442161 -0.896936 0
    outer loop
      vertex 23.1665 -8.06369 1
      vertex 23.3073 -7.99428 3
      vertex 23.1665 -8.06369 3
    endloop
  endfacet
  facet normal 0.442161 -0.896936 0
    outer loop
      vertex 23.3073 -7.99428 3
      vertex 23.1665 -8.06369 1
      vertex 23.3073 -7.99428 1
    endloop
  endfacet
  facet normal 0.3214 -0.946943 0
    outer loop
      vertex 23.0178 -8.11416 1
      vertex 23.1665 -8.06369 3
      vertex 23.0178 -8.11416 3
    endloop
  endfacet
  facet normal 0.3214 -0.946943 0
    outer loop
      vertex 23.1665 -8.06369 3
      vertex 23.0178 -8.11416 1
      vertex 23.1665 -8.06369 1
    endloop
  endfacet
  facet normal -0.0462967 -0.706349 -0.706349
    outer loop
      vertex 22.3246 -8.23114 1
      vertex 22.194 -8.22258 1
      vertex 22.3246 -7.23114 0
    endloop
  endfacet
  facet normal -0.321382 -0.94695 0
    outer loop
      vertex 21.6313 -8.11411 1
      vertex 21.7552 -8.15616 3
      vertex 21.6313 -8.11411 3
    endloop
  endfacet
  facet normal -0.321382 -0.94695 -0
    outer loop
      vertex 21.7552 -8.15616 3
      vertex 21.6313 -8.11411 1
      vertex 21.7552 -8.15616 1
    endloop
  endfacet
  facet normal 0.835869 -0.548929 0
    outer loop
      vertex 43.091 10.8235 3
      vertex 43.0954 10.8302 1
      vertex 43.0954 10.8302 3
    endloop
  endfacet
  facet normal 0.835869 -0.548929 0
    outer loop
      vertex 43.0954 10.8302 1
      vertex 43.091 10.8235 3
      vertex 43.091 10.8235 1
    endloop
  endfacet
  facet normal 0.591519 -0.38846 0.706544
    outer loop
      vertex 42.2293 11.3302 4
      vertex 43.091 10.8235 3
      vertex 43.0954 10.8302 3
    endloop
  endfacet
  facet normal 0.591519 -0.38846 0.706544
    outer loop
      vertex 43.091 10.8235 3
      vertex 42.2293 11.3302 4
      vertex 42.2249 11.3235 4
    endloop
  endfacet
  facet normal -0.230002 0.66941 -0.706392
    outer loop
      vertex 24.9509 11.3235 0
      vertex 24.8988 11.5031 0.187161
      vertex 24.9704 11.3302 0
    endloop
  endfacet
  facet normal -0.230002 0.669408 0.706394
    outer loop
      vertex 24.9704 11.3302 4
      vertex 24.8988 11.5031 3.81284
      vertex 24.9509 11.3235 4
    endloop
  endfacet
  facet normal 0.591519 -0.38846 -0.706544
    outer loop
      vertex 43.091 10.8235 1
      vertex 42.2293 11.3302 0
      vertex 43.0954 10.8302 1
    endloop
  endfacet
  facet normal 0.591519 -0.38846 -0.706544
    outer loop
      vertex 42.2293 11.3302 0
      vertex 43.091 10.8235 1
      vertex 42.2249 11.3235 0
    endloop
  endfacet
  facet normal -0.31734 0.948312 0
    outer loop
      vertex 24.6288 12.2683 1
      vertex 24.1686 12.1143 3
      vertex 24.6288 12.2683 3
    endloop
  endfacet
  facet normal -0.31734 0.948312 0
    outer loop
      vertex 24.1686 12.1143 3
      vertex 24.6288 12.2683 1
      vertex 24.1686 12.1143 1
    endloop
  endfacet
  facet normal -0.224602 0.671181 0.706449
    outer loop
      vertex 24.1686 12.1143 3
      vertex 24.8988 11.5031 3.81284
      vertex 24.6288 12.2683 3
    endloop
  endfacet
  facet normal -0.224566 0.671207 0.706436
    outer loop
      vertex 24.4274 11.1484 4
      vertex 24.8988 11.5031 3.81284
      vertex 24.1686 12.1143 3
    endloop
  endfacet
  facet normal -0.224483 0.671143 0.706523
    outer loop
      vertex 24.8988 11.5031 3.81284
      vertex 24.4274 11.1484 4
      vertex 24.9509 11.3235 4
    endloop
  endfacet
  facet normal 0.834097 -0.551618 0
    outer loop
      vertex 42.9752 10.6484 3
      vertex 43.091 10.8235 1
      vertex 43.091 10.8235 3
    endloop
  endfacet
  facet normal 0.834097 -0.551618 0
    outer loop
      vertex 43.091 10.8235 1
      vertex 42.9752 10.6484 3
      vertex 42.9752 10.6484 1
    endloop
  endfacet
  facet normal -0.224484 0.671145 -0.706521
    outer loop
      vertex 24.4274 11.1484 0
      vertex 24.8988 11.5031 0.187161
      vertex 24.9509 11.3235 0
    endloop
  endfacet
  facet normal -0.224565 0.671207 -0.706436
    outer loop
      vertex 24.8988 11.5031 0.187161
      vertex 24.4274 11.1484 0
      vertex 24.1686 12.1143 1
    endloop
  endfacet
  facet normal -0.224602 0.67118 -0.70645
    outer loop
      vertex 24.8988 11.5031 0.187161
      vertex 24.1686 12.1143 1
      vertex 24.6288 12.2683 1
    endloop
  endfacet
  facet normal 0.59032 -0.3904 0.706477
    outer loop
      vertex 42.2249 11.3235 4
      vertex 42.9752 10.6484 3
      vertex 43.091 10.8235 3
    endloop
  endfacet
  facet normal 0.590493 -0.390177 0.706456
    outer loop
      vertex 42.9752 10.6484 3
      vertex 42.2249 11.3235 4
      vertex 42.1092 11.1484 4
    endloop
  endfacet
  facet normal 0.59032 -0.3904 -0.706477
    outer loop
      vertex 42.9752 10.6484 1
      vertex 42.2249 11.3235 0
      vertex 43.091 10.8235 1
    endloop
  endfacet
  facet normal 0.590493 -0.390177 -0.706456
    outer loop
      vertex 42.2249 11.3235 0
      vertex 42.9752 10.6484 1
      vertex 42.1092 11.1484 0
    endloop
  endfacet
  facet normal -0.28719 -0.957874 0
    outer loop
      vertex -29.3145 -0.706892 1
      vertex -29.02 -0.795189 3
      vertex -29.3145 -0.706892 3
    endloop
  endfacet
  facet normal -0.28719 -0.957874 -0
    outer loop
      vertex -29.02 -0.795189 3
      vertex -29.3145 -0.706892 1
      vertex -29.02 -0.795189 1
    endloop
  endfacet
  facet normal 0.203119 -0.677468 -0.706951
    outer loop
      vertex 29.02 -0.795189 1
      vertex 29.0557 0.259033 0
      vertex 29.3145 -0.706892 1
    endloop
  endfacet
  facet normal 0.2031 -0.677471 -0.706954
    outer loop
      vertex 29.0557 0.259033 0
      vertex 29.02 -0.795189 1
      vertex 28.6873 0.14859 0
    endloop
  endfacet
  facet normal 0.203119 -0.677468 0.706951
    outer loop
      vertex 29.0557 0.259033 4
      vertex 29.02 -0.795189 3
      vertex 29.3145 -0.706892 3
    endloop
  endfacet
  facet normal 0.2031 -0.677471 0.706954
    outer loop
      vertex 29.02 -0.795189 3
      vertex 29.0557 0.259033 4
      vertex 28.6873 0.14859 4
    endloop
  endfacet
  facet normal 0.28719 -0.957874 0
    outer loop
      vertex 29.02 -0.795189 1
      vertex 29.3145 -0.706892 3
      vertex 29.02 -0.795189 3
    endloop
  endfacet
  facet normal 0.28719 -0.957874 0
    outer loop
      vertex 29.3145 -0.706892 3
      vertex 29.02 -0.795189 1
      vertex 29.3145 -0.706892 1
    endloop
  endfacet
  facet normal -0.2031 -0.677471 -0.706954
    outer loop
      vertex -29.02 -0.795189 1
      vertex -29.0557 0.259033 0
      vertex -28.6873 0.14859 0
    endloop
  endfacet
  facet normal -0.203119 -0.677468 -0.706951
    outer loop
      vertex -29.0557 0.259033 0
      vertex -29.02 -0.795189 1
      vertex -29.3145 -0.706892 1
    endloop
  endfacet
  facet normal -0.2031 -0.677471 0.706954
    outer loop
      vertex -29.0557 0.259033 4
      vertex -29.02 -0.795189 3
      vertex -28.6873 0.14859 4
    endloop
  endfacet
  facet normal -0.203119 -0.677468 0.706951
    outer loop
      vertex -29.02 -0.795189 3
      vertex -29.0557 0.259033 4
      vertex -29.3145 -0.706892 3
    endloop
  endfacet
  facet normal 0.585477 -0.397562 0.706513
    outer loop
      vertex 42.9457 12.4145 4
      vertex 43.7702 11.8516 3
      vertex 42.9768 12.4603 4
    endloop
  endfacet
  facet normal 0.600372 -0.375233 0.706225
    outer loop
      vertex 43.7702 11.8516 3
      vertex 42.9457 12.4145 4
      vertex 43.7697 11.8508 3
    endloop
  endfacet
  facet normal 0.847998 -0.529999 0
    outer loop
      vertex 43.7697 11.8508 3
      vertex 43.7702 11.8516 1
      vertex 43.7702 11.8516 3
    endloop
  endfacet
  facet normal 0.847998 -0.529999 0
    outer loop
      vertex 43.7702 11.8516 1
      vertex 43.7697 11.8508 3
      vertex 43.7697 11.8508 1
    endloop
  endfacet
  facet normal -0.333429 0.942775 0
    outer loop
      vertex 27.8369 13.3842 1
      vertex 27.7074 13.3384 3
      vertex 27.8369 13.3842 3
    endloop
  endfacet
  facet normal -0.333429 0.942775 0
    outer loop
      vertex 27.7074 13.3384 3
      vertex 27.8369 13.3842 1
      vertex 27.7074 13.3384 1
    endloop
  endfacet
  facet normal -0.235931 0.667098 0.706623
    outer loop
      vertex 27.8369 13.3842 3
      vertex 28.0901 12.4145 4
      vertex 28.2196 12.4603 4
    endloop
  endfacet
  facet normal -0.235931 0.667098 0.706623
    outer loop
      vertex 28.0901 12.4145 4
      vertex 27.8369 13.3842 3
      vertex 27.7074 13.3384 3
    endloop
  endfacet
  facet normal -0.235931 0.667098 -0.706623
    outer loop
      vertex 28.0901 12.4145 0
      vertex 27.8369 13.3842 1
      vertex 28.2196 12.4603 0
    endloop
  endfacet
  facet normal -0.235931 0.667098 -0.706623
    outer loop
      vertex 27.8369 13.3842 1
      vertex 28.0901 12.4145 0
      vertex 27.7074 13.3384 1
    endloop
  endfacet
  facet normal 0.600372 -0.375233 -0.706225
    outer loop
      vertex 42.9457 12.4145 0
      vertex 43.7702 11.8516 1
      vertex 43.7697 11.8508 1
    endloop
  endfacet
  facet normal 0.585477 -0.397562 -0.706513
    outer loop
      vertex 43.7702 11.8516 1
      vertex 42.9457 12.4145 0
      vertex 42.9768 12.4603 0
    endloop
  endfacet
  facet normal 0.590254 -0.390485 -0.706486
    outer loop
      vertex 43.705 11.753 1
      vertex 42.9457 12.4145 0
      vertex 43.7697 11.8508 1
    endloop
  endfacet
  facet normal 0.590515 -0.390142 -0.706457
    outer loop
      vertex 42.9457 12.4145 0
      vertex 43.705 11.753 1
      vertex 42.839 12.253 0
    endloop
  endfacet
  facet normal 0.834013 -0.551745 0
    outer loop
      vertex 43.705 11.753 3
      vertex 43.7697 11.8508 1
      vertex 43.7697 11.8508 3
    endloop
  endfacet
  facet normal 0.834013 -0.551745 0
    outer loop
      vertex 43.7697 11.8508 1
      vertex 43.705 11.753 3
      vertex 43.705 11.753 1
    endloop
  endfacet
  facet normal -0.235905 0.667108 0.706622
    outer loop
      vertex 27.7074 13.3384 3
      vertex 27.6334 12.253 4
      vertex 28.0901 12.4145 4
    endloop
  endfacet
  facet normal -0.236045 0.66709 0.706593
    outer loop
      vertex 27.6334 12.253 4
      vertex 27.7074 13.3384 3
      vertex 27.2507 13.1768 3
    endloop
  endfacet
  facet normal 0.590254 -0.390485 0.706486
    outer loop
      vertex 42.9457 12.4145 4
      vertex 43.705 11.753 3
      vertex 43.7697 11.8508 3
    endloop
  endfacet
  facet normal 0.590515 -0.390142 0.706457
    outer loop
      vertex 43.705 11.753 3
      vertex 42.9457 12.4145 4
      vertex 42.839 12.253 4
    endloop
  endfacet
  facet normal -0.333576 0.942723 0
    outer loop
      vertex 27.7074 13.3384 1
      vertex 27.2507 13.1768 3
      vertex 27.7074 13.3384 3
    endloop
  endfacet
  facet normal -0.333576 0.942723 0
    outer loop
      vertex 27.2507 13.1768 3
      vertex 27.7074 13.3384 1
      vertex 27.2507 13.1768 1
    endloop
  endfacet
  facet normal -0.235905 0.667108 -0.706622
    outer loop
      vertex 27.6334 12.253 0
      vertex 27.7074 13.3384 1
      vertex 28.0901 12.4145 0
    endloop
  endfacet
  facet normal -0.236045 0.66709 -0.706593
    outer loop
      vertex 27.7074 13.3384 1
      vertex 27.6334 12.253 0
      vertex 27.2507 13.1768 1
    endloop
  endfacet
  facet normal 0.841817 -0.539764 0
    outer loop
      vertex 42.945 10.6013 3
      vertex 42.9752 10.6484 1
      vertex 42.9752 10.6484 3
    endloop
  endfacet
  facet normal 0.841817 -0.539764 0
    outer loop
      vertex 42.9752 10.6484 1
      vertex 42.945 10.6013 3
      vertex 42.945 10.6013 1
    endloop
  endfacet
  facet normal -0.22439 0.67126 0.706442
    outer loop
      vertex 24.028 12.0673 3
      vertex 24.4274 11.1484 4
      vertex 24.1686 12.1143 3
    endloop
  endfacet
  facet normal -0.224813 0.671097 0.706461
    outer loop
      vertex 24.4274 11.1484 4
      vertex 24.028 12.0673 3
      vertex 24.2868 11.1013 4
    endloop
  endfacet
  facet normal -0.317037 0.948413 0
    outer loop
      vertex 24.1686 12.1143 1
      vertex 24.028 12.0673 3
      vertex 24.1686 12.1143 3
    endloop
  endfacet
  facet normal -0.317037 0.948413 0
    outer loop
      vertex 24.028 12.0673 3
      vertex 24.1686 12.1143 1
      vertex 24.028 12.0673 1
    endloop
  endfacet
  facet normal -0.224813 0.671097 -0.706461
    outer loop
      vertex 24.028 12.0673 1
      vertex 24.4274 11.1484 0
      vertex 24.2868 11.1013 0
    endloop
  endfacet
  facet normal -0.22439 0.67126 -0.706442
    outer loop
      vertex 24.4274 11.1484 0
      vertex 24.028 12.0673 1
      vertex 24.1686 12.1143 1
    endloop
  endfacet
  facet normal 0.595583 -0.381881 0.706716
    outer loop
      vertex 42.1092 11.1484 4
      vertex 42.945 10.6013 3
      vertex 42.9752 10.6484 3
    endloop
  endfacet
  facet normal 0.595583 -0.381881 0.706716
    outer loop
      vertex 42.945 10.6013 3
      vertex 42.1092 11.1484 4
      vertex 42.079 11.1013 4
    endloop
  endfacet
  facet normal 0.595583 -0.381881 -0.706716
    outer loop
      vertex 42.945 10.6013 1
      vertex 42.1092 11.1484 0
      vertex 42.9752 10.6484 1
    endloop
  endfacet
  facet normal 0.595583 -0.381881 -0.706716
    outer loop
      vertex 42.1092 11.1484 0
      vertex 42.945 10.6013 1
      vertex 42.079 11.1013 0
    endloop
  endfacet
  facet normal -0.0417927 0.706491 -0.706487
    outer loop
      vertex 9.60554 8.20872 1
      vertex 9.43692 7.33373 0.13498
      vertex 9.44241 8.19907 1
    endloop
  endfacet
  facet normal -0.0417649 0.706489 -0.706491
    outer loop
      vertex 9.71045 7.32448 0.10956
      vertex 9.43692 7.33373 0.13498
      vertex 9.60554 8.20872 1
    endloop
  endfacet
  facet normal -0.0417642 0.70649 -0.70649
    outer loop
      vertex 9.43607 7.1987 0
      vertex 9.71045 7.32448 0.10956
      vertex 9.71045 7.21492 0
    endloop
  endfacet
  facet normal -0.0417648 0.70649 -0.706489
    outer loop
      vertex 9.71045 7.32448 0.10956
      vertex 9.43607 7.1987 0
      vertex 9.43692 7.33373 0.13498
    endloop
  endfacet
  facet normal -0.059052 0.998255 0
    outer loop
      vertex 9.60554 8.20872 1
      vertex 9.44241 8.19907 3
      vertex 9.60554 8.20872 3
    endloop
  endfacet
  facet normal -0.059052 0.998255 0
    outer loop
      vertex 9.44241 8.19907 3
      vertex 9.60554 8.20872 1
      vertex 9.44241 8.19907 1
    endloop
  endfacet
  facet normal 0.623288 -0.334316 0.706926
    outer loop
      vertex 39.7799 7.1987 4
      vertex 40.6546 6.71492 3
      vertex 39.7886 7.21492 4
    endloop
  endfacet
  facet normal 0.624909 -0.331333 0.7069
    outer loop
      vertex 40.6546 6.71492 3
      vertex 39.7799 7.1987 4
      vertex 40.646 6.6987 3
    endloop
  endfacet
  facet normal 0.883496 -0.468438 0
    outer loop
      vertex 40.646 6.6987 3
      vertex 40.6546 6.71492 1
      vertex 40.6546 6.71492 3
    endloop
  endfacet
  facet normal 0.883496 -0.468438 0
    outer loop
      vertex 40.6546 6.71492 1
      vertex 40.646 6.6987 3
      vertex 40.646 6.6987 1
    endloop
  endfacet
  facet normal 0.624909 -0.331333 -0.7069
    outer loop
      vertex 39.7799 7.1987 0
      vertex 40.6546 6.71492 1
      vertex 40.646 6.6987 1
    endloop
  endfacet
  facet normal 0.623288 -0.334316 -0.706926
    outer loop
      vertex 40.6546 6.71492 1
      vertex 39.7799 7.1987 0
      vertex 39.7886 7.21492 0
    endloop
  endfacet
  facet normal -0.0417642 0.70649 0.70649
    outer loop
      vertex 9.71045 7.32448 3.89044
      vertex 9.43607 7.1987 4
      vertex 9.71045 7.21492 4
    endloop
  endfacet
  facet normal -0.0417648 0.70649 0.706489
    outer loop
      vertex 9.71045 7.32448 3.89044
      vertex 9.43692 7.33373 3.86502
      vertex 9.43607 7.1987 4
    endloop
  endfacet
  facet normal -0.0417649 0.706489 0.706491
    outer loop
      vertex 9.60554 8.20872 3
      vertex 9.43692 7.33373 3.86502
      vertex 9.71045 7.32448 3.89044
    endloop
  endfacet
  facet normal -0.0417927 0.706491 0.706487
    outer loop
      vertex 9.43692 7.33373 3.86502
      vertex 9.60554 8.20872 3
      vertex 9.44241 8.19907 3
    endloop
  endfacet
  facet normal 0.637418 -0.307315 0.70658
    outer loop
      vertex 39.7931 5.50785 3.2093
      vertex 39.3988 4.20879 3
      vertex 39.9783 5.41076 3
    endloop
  endfacet
  facet normal 0.637459 -0.307351 0.706528
    outer loop
      vertex 38.4749 4.59148 4
      vertex 39.7931 5.50785 3.2093
      vertex 39.0798 5.84607 4
    endloop
  endfacet
  facet normal 0.63745 -0.30732 0.706549
    outer loop
      vertex 39.7931 5.50785 3.2093
      vertex 38.4749 4.59148 4
      vertex 39.3988 4.20879 3
    endloop
  endfacet
  facet normal -0.900775 -0.434286 0
    outer loop
      vertex -39.3988 4.20879 1
      vertex -39.9783 5.41076 3
      vertex -39.9783 5.41076 1
    endloop
  endfacet
  facet normal -0.900775 -0.434286 0
    outer loop
      vertex -39.9783 5.41076 3
      vertex -39.3988 4.20879 1
      vertex -39.3988 4.20879 3
    endloop
  endfacet
  facet normal -0.637459 -0.307351 0.706528
    outer loop
      vertex -39.7931 5.50785 3.2093
      vertex -38.4749 4.59148 4
      vertex -39.0798 5.84607 4
    endloop
  endfacet
  facet normal -0.63745 -0.30732 0.706549
    outer loop
      vertex -38.4749 4.59148 4
      vertex -39.7931 5.50785 3.2093
      vertex -39.3988 4.20879 3
    endloop
  endfacet
  facet normal -0.637418 -0.307315 0.70658
    outer loop
      vertex -39.3988 4.20879 3
      vertex -39.7931 5.50785 3.2093
      vertex -39.9783 5.41076 3
    endloop
  endfacet
  facet normal 0.900775 -0.434286 0
    outer loop
      vertex 39.3988 4.20879 3
      vertex 39.9783 5.41076 1
      vertex 39.9783 5.41076 3
    endloop
  endfacet
  facet normal 0.900775 -0.434286 0
    outer loop
      vertex 39.9783 5.41076 1
      vertex 39.3988 4.20879 3
      vertex 39.3988 4.20879 1
    endloop
  endfacet
  facet normal 0.637417 -0.307315 -0.706581
    outer loop
      vertex 39.3988 4.20879 1
      vertex 39.7931 5.50785 0.790701
      vertex 39.9783 5.41076 1
    endloop
  endfacet
  facet normal 0.637451 -0.30732 -0.706549
    outer loop
      vertex 38.4749 4.59148 0
      vertex 39.7931 5.50785 0.790701
      vertex 39.3988 4.20879 1
    endloop
  endfacet
  facet normal 0.637459 -0.307351 -0.706527
    outer loop
      vertex 39.7931 5.50785 0.790701
      vertex 38.4749 4.59148 0
      vertex 39.0798 5.84607 0
    endloop
  endfacet
  facet normal -0.637451 -0.30732 -0.706549
    outer loop
      vertex -39.7931 5.50785 0.790701
      vertex -38.4749 4.59148 0
      vertex -39.3988 4.20879 1
    endloop
  endfacet
  facet normal -0.637459 -0.307351 -0.706527
    outer loop
      vertex -38.4749 4.59148 0
      vertex -39.7931 5.50785 0.790701
      vertex -39.0798 5.84607 0
    endloop
  endfacet
  facet normal -0.637417 -0.307315 -0.706581
    outer loop
      vertex -39.7931 5.50785 0.790701
      vertex -39.3988 4.20879 1
      vertex -39.9783 5.41076 1
    endloop
  endfacet
  facet normal -0.333487 0.942755 0
    outer loop
      vertex 29.915 14.1193 1
      vertex 27.8369 13.3842 3
      vertex 29.915 14.1193 3
    endloop
  endfacet
  facet normal -0.333487 0.942755 0
    outer loop
      vertex 27.8369 13.3842 3
      vertex 29.915 14.1193 1
      vertex 27.8369 13.3842 1
    endloop
  endfacet
  facet normal -0.236011 0.667103 -0.706592
    outer loop
      vertex 28.2196 12.4603 0
      vertex 29.915 14.1193 1
      vertex 30.2977 13.1955 0
    endloop
  endfacet
  facet normal -0.235972 0.667083 -0.706624
    outer loop
      vertex 29.915 14.1193 1
      vertex 28.2196 12.4603 0
      vertex 27.8369 13.3842 1
    endloop
  endfacet
  facet normal 0.820577 -0.571535 0
    outer loop
      vertex 43.7702 11.8516 3
      vertex 44.2822 12.5867 1
      vertex 44.2822 12.5867 3
    endloop
  endfacet
  facet normal 0.820577 -0.571535 0
    outer loop
      vertex 44.2822 12.5867 1
      vertex 43.7702 11.8516 3
      vertex 43.7702 11.8516 1
    endloop
  endfacet
  facet normal -0.236011 0.667103 0.706592
    outer loop
      vertex 29.915 14.1193 3
      vertex 28.2196 12.4603 4
      vertex 30.2977 13.1955 4
    endloop
  endfacet
  facet normal -0.235972 0.667083 0.706624
    outer loop
      vertex 28.2196 12.4603 4
      vertex 29.915 14.1193 3
      vertex 27.8369 13.3842 3
    endloop
  endfacet
  facet normal 0.580554 -0.404303 0.706751
    outer loop
      vertex 42.9768 12.4603 4
      vertex 44.2822 12.5867 3
      vertex 43.4888 13.1955 4
    endloop
  endfacet
  facet normal 0.580544 -0.404351 0.706732
    outer loop
      vertex 44.2822 12.5867 3
      vertex 42.9768 12.4603 4
      vertex 43.7702 11.8516 3
    endloop
  endfacet
  facet normal 0.580544 -0.404351 -0.706732
    outer loop
      vertex 42.9768 12.4603 0
      vertex 44.2822 12.5867 1
      vertex 43.7702 11.8516 1
    endloop
  endfacet
  facet normal 0.580554 -0.404303 -0.706751
    outer loop
      vertex 44.2822 12.5867 1
      vertex 42.9768 12.4603 0
      vertex 43.4888 13.1955 0
    endloop
  endfacet
  facet normal 0.645799 -0.288306 0.706982
    outer loop
      vertex 38.4481 4.53375 4
      vertex 38.8124 2.89758 3
      vertex 39.372 4.15107 3
    endloop
  endfacet
  facet normal 0.645799 -0.288306 0.706982
    outer loop
      vertex 38.8124 2.89758 3
      vertex 38.4481 4.53375 4
      vertex 37.8885 3.28026 4
    endloop
  endfacet
  facet normal 0.645799 -0.288306 -0.706982
    outer loop
      vertex 38.8124 2.89758 1
      vertex 38.4481 4.53375 0
      vertex 39.372 4.15107 1
    endloop
  endfacet
  facet normal 0.645799 -0.288306 -0.706982
    outer loop
      vertex 38.4481 4.53375 0
      vertex 38.8124 2.89758 1
      vertex 37.8885 3.28026 0
    endloop
  endfacet
  facet normal -0.645799 -0.288306 0.706982
    outer loop
      vertex -38.4481 4.53375 4
      vertex -38.8124 2.89758 3
      vertex -37.8885 3.28026 4
    endloop
  endfacet
  facet normal -0.645799 -0.288306 0.706982
    outer loop
      vertex -38.8124 2.89758 3
      vertex -38.4481 4.53375 4
      vertex -39.372 4.15107 3
    endloop
  endfacet
  facet normal 0.913136 -0.407655 0
    outer loop
      vertex 38.8124 2.89758 3
      vertex 39.372 4.15107 1
      vertex 39.372 4.15107 3
    endloop
  endfacet
  facet normal 0.913136 -0.407655 0
    outer loop
      vertex 39.372 4.15107 1
      vertex 38.8124 2.89758 3
      vertex 38.8124 2.89758 1
    endloop
  endfacet
  facet normal -0.913136 -0.407655 0
    outer loop
      vertex -38.8124 2.89758 1
      vertex -39.372 4.15107 3
      vertex -39.372 4.15107 1
    endloop
  endfacet
  facet normal -0.913136 -0.407655 0
    outer loop
      vertex -39.372 4.15107 3
      vertex -38.8124 2.89758 1
      vertex -38.8124 2.89758 3
    endloop
  endfacet
  facet normal -0.645799 -0.288306 -0.706982
    outer loop
      vertex -38.8124 2.89758 1
      vertex -38.4481 4.53375 0
      vertex -37.8885 3.28026 0
    endloop
  endfacet
  facet normal -0.645799 -0.288306 -0.706982
    outer loop
      vertex -38.4481 4.53375 0
      vertex -38.8124 2.89758 1
      vertex -39.372 4.15107 1
    endloop
  endfacet
  facet normal 0.650078 -0.278252 0.707089
    outer loop
      vertex 37.8885 3.28026 4
      vertex 38.7865 2.83707 3
      vertex 38.8124 2.89758 3
    endloop
  endfacet
  facet normal 0.65006 -0.27829 0.70709
    outer loop
      vertex 38.7865 2.83707 3
      vertex 37.8885 3.28026 4
      vertex 37.8626 3.21976 4
    endloop
  endfacet
  facet normal 0.650078 -0.278252 -0.707089
    outer loop
      vertex 38.7865 2.83707 1
      vertex 37.8885 3.28026 0
      vertex 38.8124 2.89758 1
    endloop
  endfacet
  facet normal 0.65006 -0.27829 -0.70709
    outer loop
      vertex 37.8885 3.28026 0
      vertex 38.7865 2.83707 1
      vertex 37.8626 3.21976 0
    endloop
  endfacet
  facet normal 0.919326 -0.393498 0
    outer loop
      vertex 38.7865 2.83707 3
      vertex 38.8124 2.89758 1
      vertex 38.8124 2.89758 3
    endloop
  endfacet
  facet normal 0.919326 -0.393498 0
    outer loop
      vertex 38.8124 2.89758 1
      vertex 38.7865 2.83707 3
      vertex 38.7865 2.83707 1
    endloop
  endfacet
  facet normal -0.919326 -0.393498 0
    outer loop
      vertex -38.7865 2.83707 1
      vertex -38.8124 2.89758 3
      vertex -38.8124 2.89758 1
    endloop
  endfacet
  facet normal -0.919326 -0.393498 0
    outer loop
      vertex -38.8124 2.89758 3
      vertex -38.7865 2.83707 1
      vertex -38.7865 2.83707 3
    endloop
  endfacet
  facet normal -0.65006 -0.27829 -0.70709
    outer loop
      vertex -38.7865 2.83707 1
      vertex -37.8885 3.28026 0
      vertex -37.8626 3.21976 0
    endloop
  endfacet
  facet normal -0.650078 -0.278252 -0.707089
    outer loop
      vertex -37.8885 3.28026 0
      vertex -38.7865 2.83707 1
      vertex -38.8124 2.89758 1
    endloop
  endfacet
  facet normal -0.65006 -0.27829 0.70709
    outer loop
      vertex -37.8885 3.28026 4
      vertex -38.7865 2.83707 3
      vertex -37.8626 3.21976 4
    endloop
  endfacet
  facet normal -0.650078 -0.278252 0.707089
    outer loop
      vertex -38.7865 2.83707 3
      vertex -37.8885 3.28026 4
      vertex -38.8124 2.89758 3
    endloop
  endfacet
  facet normal 0.907 -0.42113 0
    outer loop
      vertex 39.372 4.15107 3
      vertex 39.3988 4.20879 1
      vertex 39.3988 4.20879 3
    endloop
  endfacet
  facet normal 0.907 -0.42113 0
    outer loop
      vertex 39.3988 4.20879 1
      vertex 39.372 4.15107 3
      vertex 39.372 4.15107 1
    endloop
  endfacet
  facet normal -0.907 -0.42113 0
    outer loop
      vertex -39.372 4.15107 1
      vertex -39.3988 4.20879 3
      vertex -39.3988 4.20879 1
    endloop
  endfacet
  facet normal -0.907 -0.42113 0
    outer loop
      vertex -39.3988 4.20879 3
      vertex -39.372 4.15107 1
      vertex -39.372 4.15107 3
    endloop
  endfacet
  facet normal 0.641622 -0.297912 0.706802
    outer loop
      vertex 38.4749 4.59148 4
      vertex 39.372 4.15107 3
      vertex 39.3988 4.20879 3
    endloop
  endfacet
  facet normal 0.641642 -0.29787 0.706802
    outer loop
      vertex 39.372 4.15107 3
      vertex 38.4749 4.59148 4
      vertex 38.4481 4.53375 4
    endloop
  endfacet
  facet normal -0.641642 -0.29787 -0.706802
    outer loop
      vertex -39.372 4.15107 1
      vertex -38.4749 4.59148 0
      vertex -38.4481 4.53375 0
    endloop
  endfacet
  facet normal -0.641622 -0.297912 -0.706802
    outer loop
      vertex -38.4749 4.59148 0
      vertex -39.372 4.15107 1
      vertex -39.3988 4.20879 1
    endloop
  endfacet
  facet normal -0.641642 -0.29787 0.706802
    outer loop
      vertex -38.4749 4.59148 4
      vertex -39.372 4.15107 3
      vertex -38.4481 4.53375 4
    endloop
  endfacet
  facet normal -0.641622 -0.297912 0.706802
    outer loop
      vertex -39.372 4.15107 3
      vertex -38.4749 4.59148 4
      vertex -39.3988 4.20879 3
    endloop
  endfacet
  facet normal 0.641622 -0.297912 -0.706802
    outer loop
      vertex 39.372 4.15107 1
      vertex 38.4749 4.59148 0
      vertex 39.3988 4.20879 1
    endloop
  endfacet
  facet normal 0.641642 -0.29787 -0.706802
    outer loop
      vertex 38.4749 4.59148 0
      vertex 39.372 4.15107 1
      vertex 38.4481 4.53375 0
    endloop
  endfacet
  facet normal -0.138516 -0.99036 0
    outer loop
      vertex 30.7972 -0.583925 1
      vertex 31.3883 -0.666599 3
      vertex 30.7972 -0.583925 3
    endloop
  endfacet
  facet normal -0.138516 -0.99036 -0
    outer loop
      vertex 31.3883 -0.666599 3
      vertex 30.7972 -0.583925 1
      vertex 31.3883 -0.666599 1
    endloop
  endfacet
  facet normal -0.0979348 -0.700301 0.707098
    outer loop
      vertex 30.9119 0.409729 4
      vertex 31.3883 -0.666599 3
      vertex 31.5514 0.320297 4
    endloop
  endfacet
  facet normal -0.0979477 -0.700303 0.707094
    outer loop
      vertex 31.3883 -0.666599 3
      vertex 30.9119 0.409729 4
      vertex 30.7972 -0.583925 3
    endloop
  endfacet
  facet normal 0.947117 -0.32089 0
    outer loop
      vertex 37.7063 0.0614786 3
      vertex 37.7366 0.15091 1
      vertex 37.7366 0.15091 3
    endloop
  endfacet
  facet normal 0.947117 -0.32089 0
    outer loop
      vertex 37.7366 0.15091 1
      vertex 37.7063 0.0614786 3
      vertex 37.7063 0.0614786 1
    endloop
  endfacet
  facet normal 0.670425 -0.227145 0.706353
    outer loop
      vertex 36.7707 0.409729 4
      vertex 37.7063 0.0614786 3
      vertex 37.7366 0.15091 3
    endloop
  endfacet
  facet normal 0.670426 -0.227144 0.706353
    outer loop
      vertex 37.7063 0.0614786 3
      vertex 36.7707 0.409729 4
      vertex 36.7404 0.320297 4
    endloop
  endfacet
  facet normal -0.0979348 -0.700301 -0.707098
    outer loop
      vertex 31.3883 -0.666599 1
      vertex 30.9119 0.409729 0
      vertex 31.5514 0.320297 0
    endloop
  endfacet
  facet normal -0.0979477 -0.700303 -0.707094
    outer loop
      vertex 30.9119 0.409729 0
      vertex 31.3883 -0.666599 1
      vertex 30.7972 -0.583925 1
    endloop
  endfacet
  facet normal 0.670425 -0.227145 -0.706353
    outer loop
      vertex 37.7063 0.0614786 1
      vertex 36.7707 0.409729 0
      vertex 37.7366 0.15091 1
    endloop
  endfacet
  facet normal 0.670426 -0.227144 -0.706353
    outer loop
      vertex 36.7707 0.409729 0
      vertex 37.7063 0.0614786 1
      vertex 36.7404 0.320297 0
    endloop
  endfacet
  facet normal 0.670226 -0.227802 -0.706331
    outer loop
      vertex 37.6818 -0.0106039 1
      vertex 36.7404 0.320297 0
      vertex 37.7063 0.0614786 1
    endloop
  endfacet
  facet normal 0.670226 -0.227803 -0.706331
    outer loop
      vertex 36.7404 0.320297 0
      vertex 37.6818 -0.0106039 1
      vertex 36.7159 0.248215 0
    endloop
  endfacet
  facet normal 0.670226 -0.227802 0.706331
    outer loop
      vertex 36.7404 0.320297 4
      vertex 37.6818 -0.0106039 3
      vertex 37.7063 0.0614786 3
    endloop
  endfacet
  facet normal 0.670226 -0.227803 0.706331
    outer loop
      vertex 37.6818 -0.0106039 3
      vertex 36.7404 0.320297 4
      vertex 36.7159 0.248215 4
    endloop
  endfacet
  facet normal 0.946805 -0.321808 0
    outer loop
      vertex 37.6818 -0.0106039 3
      vertex 37.7063 0.0614786 1
      vertex 37.7063 0.0614786 3
    endloop
  endfacet
  facet normal 0.946805 -0.321808 0
    outer loop
      vertex 37.7063 0.0614786 1
      vertex 37.6818 -0.0106039 3
      vertex 37.6818 -0.0106039 1
    endloop
  endfacet
  facet normal -0.151325 -0.691106 0.706734
    outer loop
      vertex 31.5514 0.320297 4
      vertex 31.6217 -0.71771 3
      vertex 31.8806 0.248215 4
    endloop
  endfacet
  facet normal -0.151341 -0.691105 0.706732
    outer loop
      vertex 31.6217 -0.71771 3
      vertex 31.5514 0.320297 4
      vertex 31.3883 -0.666599 3
    endloop
  endfacet
  facet normal -0.213916 -0.976852 0
    outer loop
      vertex 31.3883 -0.666599 1
      vertex 31.6217 -0.71771 3
      vertex 31.3883 -0.666599 3
    endloop
  endfacet
  facet normal -0.213916 -0.976852 -0
    outer loop
      vertex 31.6217 -0.71771 3
      vertex 31.3883 -0.666599 1
      vertex 31.6217 -0.71771 1
    endloop
  endfacet
  facet normal -0.151325 -0.691106 -0.706734
    outer loop
      vertex 31.6217 -0.71771 1
      vertex 31.5514 0.320297 0
      vertex 31.8806 0.248215 0
    endloop
  endfacet
  facet normal -0.151341 -0.691105 -0.706732
    outer loop
      vertex 31.5514 0.320297 0
      vertex 31.6217 -0.71771 1
      vertex 31.3883 -0.666599 1
    endloop
  endfacet
  facet normal -0.654084 -0.268641 0.707111
    outer loop
      vertex -37.8626 3.21976 4
      vertex -38.2728 1.58633 3
      vertex -37.3489 1.96901 4
    endloop
  endfacet
  facet normal -0.654082 -0.268642 0.707113
    outer loop
      vertex -38.2728 1.58633 3
      vertex -37.8626 3.21976 4
      vertex -38.7865 2.83707 3
    endloop
  endfacet
  facet normal 0.654082 -0.268642 0.707113
    outer loop
      vertex 37.8626 3.21976 4
      vertex 38.2728 1.58633 3
      vertex 38.7865 2.83707 3
    endloop
  endfacet
  facet normal 0.654084 -0.268641 0.707111
    outer loop
      vertex 38.2728 1.58633 3
      vertex 37.8626 3.21976 4
      vertex 37.3489 1.96901 4
    endloop
  endfacet
  facet normal 0.925019 -0.379921 0
    outer loop
      vertex 38.2728 1.58633 3
      vertex 38.7865 2.83707 1
      vertex 38.7865 2.83707 3
    endloop
  endfacet
  facet normal 0.925019 -0.379921 0
    outer loop
      vertex 38.7865 2.83707 1
      vertex 38.2728 1.58633 3
      vertex 38.2728 1.58633 1
    endloop
  endfacet
  facet normal -0.925019 -0.379921 0
    outer loop
      vertex -38.2728 1.58633 1
      vertex -38.7865 2.83707 3
      vertex -38.7865 2.83707 1
    endloop
  endfacet
  facet normal -0.925019 -0.379921 0
    outer loop
      vertex -38.7865 2.83707 3
      vertex -38.2728 1.58633 1
      vertex -38.2728 1.58633 3
    endloop
  endfacet
  facet normal -0.654084 -0.268641 -0.707111
    outer loop
      vertex -38.2728 1.58633 1
      vertex -37.8626 3.21976 0
      vertex -37.3489 1.96901 0
    endloop
  endfacet
  facet normal -0.654082 -0.268642 -0.707113
    outer loop
      vertex -37.8626 3.21976 0
      vertex -38.2728 1.58633 1
      vertex -38.7865 2.83707 1
    endloop
  endfacet
  facet normal 0.654082 -0.268642 -0.707113
    outer loop
      vertex 38.2728 1.58633 1
      vertex 37.8626 3.21976 0
      vertex 38.7865 2.83707 1
    endloop
  endfacet
  facet normal 0.654084 -0.268641 -0.707111
    outer loop
      vertex 37.8626 3.21976 0
      vertex 38.2728 1.58633 1
      vertex 37.3489 1.96901 0
    endloop
  endfacet
  facet normal -0.203786 -0.677272 -0.706947
    outer loop
      vertex 32.2804 -0.915896 1
      vertex 31.8806 0.248215 0
      vertex 32.6001 0.031723 0
    endloop
  endfacet
  facet normal -0.203774 -0.677272 -0.706951
    outer loop
      vertex 31.8806 0.248215 0
      vertex 32.2804 -0.915896 1
      vertex 31.6217 -0.71771 1
    endloop
  endfacet
  facet normal 0.947049 -0.32109 0
    outer loop
      vertex 37.6084 -0.227096 3
      vertex 37.6818 -0.0106039 1
      vertex 37.6818 -0.0106039 3
    endloop
  endfacet
  facet normal 0.947049 -0.32109 0
    outer loop
      vertex 37.6818 -0.0106039 1
      vertex 37.6084 -0.227096 3
      vertex 37.6084 -0.227096 1
    endloop
  endfacet
  facet normal 0.670382 -0.227288 0.706348
    outer loop
      vertex 36.7159 0.248215 4
      vertex 37.6084 -0.227096 3
      vertex 37.6818 -0.0106039 3
    endloop
  endfacet
  facet normal 0.670382 -0.227288 0.706348
    outer loop
      vertex 37.6084 -0.227096 3
      vertex 36.7159 0.248215 4
      vertex 36.6425 0.031723 4
    endloop
  endfacet
  facet normal -0.203786 -0.677272 0.706947
    outer loop
      vertex 31.8806 0.248215 4
      vertex 32.2804 -0.915896 3
      vertex 32.6001 0.031723 4
    endloop
  endfacet
  facet normal -0.203774 -0.677272 0.706951
    outer loop
      vertex 32.2804 -0.915896 3
      vertex 31.8806 0.248215 4
      vertex 31.6217 -0.71771 3
    endloop
  endfacet
  facet normal -0.288116 -0.957596 0
    outer loop
      vertex 31.6217 -0.71771 1
      vertex 32.2804 -0.915896 3
      vertex 31.6217 -0.71771 3
    endloop
  endfacet
  facet normal -0.288116 -0.957596 -0
    outer loop
      vertex 32.2804 -0.915896 3
      vertex 31.6217 -0.71771 1
      vertex 32.2804 -0.915896 1
    endloop
  endfacet
  facet normal 0.670382 -0.227288 -0.706348
    outer loop
      vertex 37.6084 -0.227096 1
      vertex 36.7159 0.248215 0
      vertex 37.6818 -0.0106039 1
    endloop
  endfacet
  facet normal 0.670382 -0.227288 -0.706348
    outer loop
      vertex 36.7159 0.248215 0
      vertex 37.6084 -0.227096 1
      vertex 36.6425 0.031723 0
    endloop
  endfacet
  facet normal -0.93073 -0.365706 0
    outer loop
      vertex -38.2477 1.52245 1
      vertex -38.2728 1.58633 3
      vertex -38.2728 1.58633 1
    endloop
  endfacet
  facet normal -0.93073 -0.365706 0
    outer loop
      vertex -38.2728 1.58633 3
      vertex -38.2477 1.52245 1
      vertex -38.2477 1.52245 3
    endloop
  endfacet
  facet normal -0.658174 -0.258612 -0.707055
    outer loop
      vertex -38.2728 1.58633 1
      vertex -37.3238 1.90514 0
      vertex -38.2477 1.52245 1
    endloop
  endfacet
  facet normal -0.658161 -0.258648 -0.707054
    outer loop
      vertex -37.3238 1.90514 0
      vertex -38.2728 1.58633 1
      vertex -37.3489 1.96901 0
    endloop
  endfacet
  facet normal -0.658161 -0.258648 0.707054
    outer loop
      vertex -38.2728 1.58633 3
      vertex -37.3238 1.90514 4
      vertex -37.3489 1.96901 4
    endloop
  endfacet
  facet normal -0.658174 -0.258612 0.707055
    outer loop
      vertex -37.3238 1.90514 4
      vertex -38.2728 1.58633 3
      vertex -38.2477 1.52245 3
    endloop
  endfacet
  facet normal 0.658161 -0.258648 0.707054
    outer loop
      vertex 37.3238 1.90514 4
      vertex 38.2728 1.58633 3
      vertex 37.3489 1.96901 4
    endloop
  endfacet
  facet normal 0.658174 -0.258612 0.707055
    outer loop
      vertex 38.2728 1.58633 3
      vertex 37.3238 1.90514 4
      vertex 38.2477 1.52245 3
    endloop
  endfacet
  facet normal 0.93073 -0.365706 0
    outer loop
      vertex 38.2477 1.52245 3
      vertex 38.2728 1.58633 1
      vertex 38.2728 1.58633 3
    endloop
  endfacet
  facet normal 0.93073 -0.365706 0
    outer loop
      vertex 38.2728 1.58633 1
      vertex 38.2477 1.52245 3
      vertex 38.2477 1.52245 1
    endloop
  endfacet
  facet normal 0.658174 -0.258612 -0.707055
    outer loop
      vertex 37.3238 1.90514 0
      vertex 38.2728 1.58633 1
      vertex 38.2477 1.52245 1
    endloop
  endfacet
  facet normal 0.658161 -0.258648 -0.707054
    outer loop
      vertex 38.2728 1.58633 1
      vertex 37.3238 1.90514 0
      vertex 37.3489 1.96901 0
    endloop
  endfacet
  facet normal -0.352575 -0.935784 0
    outer loop
      vertex 32.2804 -0.915896 1
      vertex 32.4974 -0.997655 3
      vertex 32.2804 -0.915896 3
    endloop
  endfacet
  facet normal -0.352575 -0.935784 -0
    outer loop
      vertex 32.4974 -0.997655 3
      vertex 32.2804 -0.915896 1
      vertex 32.4974 -0.997655 1
    endloop
  endfacet
  facet normal 0.670327 -0.227469 -0.706342
    outer loop
      vertex 37.5726 -0.332595 1
      vertex 36.6425 0.031723 0
      vertex 37.6084 -0.227096 1
    endloop
  endfacet
  facet normal 0.670327 -0.227468 -0.706342
    outer loop
      vertex 36.6425 0.031723 0
      vertex 37.5726 -0.332595 1
      vertex 36.6067 -0.0737762 0
    endloop
  endfacet
  facet normal 0.946963 -0.321342 0
    outer loop
      vertex 37.5726 -0.332595 3
      vertex 37.6084 -0.227096 1
      vertex 37.6084 -0.227096 3
    endloop
  endfacet
  facet normal 0.946963 -0.321342 0
    outer loop
      vertex 37.6084 -0.227096 1
      vertex 37.5726 -0.332595 3
      vertex 37.5726 -0.332595 1
    endloop
  endfacet
  facet normal 0.670327 -0.227469 0.706342
    outer loop
      vertex 36.6425 0.031723 4
      vertex 37.5726 -0.332595 3
      vertex 37.6084 -0.227096 3
    endloop
  endfacet
  facet normal 0.670327 -0.227468 0.706342
    outer loop
      vertex 37.5726 -0.332595 3
      vertex 36.6425 0.031723 4
      vertex 36.6067 -0.0737762 4
    endloop
  endfacet
  facet normal -0.24938 -0.661868 0.706923
    outer loop
      vertex 32.6001 0.031723 4
      vertex 32.4974 -0.997655 3
      vertex 32.8801 -0.0737762 4
    endloop
  endfacet
  facet normal -0.249372 -0.66187 0.706924
    outer loop
      vertex 32.4974 -0.997655 3
      vertex 32.6001 0.031723 4
      vertex 32.2804 -0.915896 3
    endloop
  endfacet
  facet normal -0.24938 -0.661868 -0.706923
    outer loop
      vertex 32.4974 -0.997655 1
      vertex 32.6001 0.031723 0
      vertex 32.8801 -0.0737762 0
    endloop
  endfacet
  facet normal -0.249372 -0.66187 -0.706924
    outer loop
      vertex 32.6001 0.031723 0
      vertex 32.4974 -0.997655 1
      vertex 32.2804 -0.915896 1
    endloop
  endfacet
  facet normal -0.293784 -0.643439 -0.706878
    outer loop
      vertex 33.2401 -1.33674 1
      vertex 32.8801 -0.0737762 0
      vertex 33.6819 -0.439865 0
    endloop
  endfacet
  facet normal -0.293767 -0.64344 -0.706885
    outer loop
      vertex 32.8801 -0.0737762 0
      vertex 33.2401 -1.33674 1
      vertex 32.4974 -0.997655 1
    endloop
  endfacet
  facet normal 0.670375 -0.227312 0.706348
    outer loop
      vertex 37.4552 -0.678542 3
      vertex 36.4893 -0.419724 4
      vertex 37.4132 -0.802406 3
    endloop
  endfacet
  facet normal -0.415319 -0.909676 0
    outer loop
      vertex 32.4974 -0.997655 1
      vertex 33.2401 -1.33674 3
      vertex 32.4974 -0.997655 3
    endloop
  endfacet
  facet normal -0.415319 -0.909676 -0
    outer loop
      vertex 33.2401 -1.33674 3
      vertex 32.4974 -0.997655 1
      vertex 33.2401 -1.33674 1
    endloop
  endfacet
  facet normal -0.293784 -0.643439 0.706878
    outer loop
      vertex 32.8801 -0.0737762 4
      vertex 33.2401 -1.33674 3
      vertex 33.6819 -0.439865 4
    endloop
  endfacet
  facet normal -0.293767 -0.64344 0.706885
    outer loop
      vertex 33.2401 -1.33674 3
      vertex 32.8801 -0.0737762 4
      vertex 32.4974 -0.997655 3
    endloop
  endfacet
  facet normal 0.947038 -0.321123 0
    outer loop
      vertex 37.4132 -0.802406 3
      vertex 37.4552 -0.678542 1
      vertex 37.4552 -0.678542 3
    endloop
  endfacet
  facet normal 0.947038 -0.321123 0
    outer loop
      vertex 37.4552 -0.678542 1
      vertex 37.4132 -0.802406 3
      vertex 37.4132 -0.802406 1
    endloop
  endfacet
  facet normal 0.670324 -0.22748 0.706342
    outer loop
      vertex 36.6067 -0.0737762 4
      vertex 37.4552 -0.678542 3
      vertex 37.5726 -0.332595 3
    endloop
  endfacet
  facet normal 0.670324 -0.22748 0.706342
    outer loop
      vertex 37.4552 -0.678542 3
      vertex 36.6067 -0.0737762 4
      vertex 36.4893 -0.419724 4
    endloop
  endfacet
  facet normal 0.658333 -0.258221 0.70705
    outer loop
      vertex 36.4814 -0.439865 4
      vertex 37.4132 -0.802406 3
      vertex 36.4893 -0.419724 4
    endloop
  endfacet
  facet normal 0.658337 -0.25821 0.70705
    outer loop
      vertex 37.4132 -0.802406 3
      vertex 36.4814 -0.439865 4
      vertex 37.4053 -0.822548 3
    endloop
  endfacet
  facet normal 0.946958 -0.321358 0
    outer loop
      vertex 37.4552 -0.678542 3
      vertex 37.5726 -0.332595 1
      vertex 37.5726 -0.332595 3
    endloop
  endfacet
  facet normal 0.946958 -0.321358 0
    outer loop
      vertex 37.5726 -0.332595 1
      vertex 37.4552 -0.678542 3
      vertex 37.4552 -0.678542 1
    endloop
  endfacet
  facet normal 0.670375 -0.227312 -0.706348
    outer loop
      vertex 37.4132 -0.802406 1
      vertex 36.4893 -0.419724 0
      vertex 37.4552 -0.678542 1
    endloop
  endfacet
  facet normal 0.670324 -0.22748 -0.706342
    outer loop
      vertex 37.4552 -0.678542 1
      vertex 36.6067 -0.0737762 0
      vertex 37.5726 -0.332595 1
    endloop
  endfacet
  facet normal 0.670324 -0.22748 -0.706342
    outer loop
      vertex 36.6067 -0.0737762 0
      vertex 37.4552 -0.678542 1
      vertex 36.4893 -0.419724 0
    endloop
  endfacet
  facet normal 0.930955 -0.365135 0
    outer loop
      vertex 37.4053 -0.822548 3
      vertex 37.4132 -0.802406 1
      vertex 37.4132 -0.802406 3
    endloop
  endfacet
  facet normal 0.930955 -0.365135 0
    outer loop
      vertex 37.4132 -0.802406 1
      vertex 37.4053 -0.822548 3
      vertex 37.4053 -0.822548 1
    endloop
  endfacet
  facet normal 0.658337 -0.25821 -0.70705
    outer loop
      vertex 36.4814 -0.439865 0
      vertex 37.4132 -0.802406 1
      vertex 37.4053 -0.822548 1
    endloop
  endfacet
  facet normal 0.658333 -0.258221 -0.70705
    outer loop
      vertex 37.4132 -0.802406 1
      vertex 36.4814 -0.439865 0
      vertex 36.4893 -0.419724 0
    endloop
  endfacet
  facet normal 0.634769 -0.313275 0.706348
    outer loop
      vertex 37.3745 -0.901711 3
      vertex 36.4506 -0.519028 4
      vertex 37.3166 -1.01903 3
    endloop
  endfacet
  facet normal 0.634769 -0.313275 -0.706348
    outer loop
      vertex 37.3166 -1.01903 1
      vertex 36.4506 -0.519028 0
      vertex 37.3745 -0.901711 1
    endloop
  endfacet
  facet normal 0.62716 -0.327316 -0.706778
    outer loop
      vertex 36.4282 -0.561951 0
      vertex 37.3166 -1.01903 1
      vertex 37.2942 -1.06195 1
    endloop
  endfacet
  facet normal 0.627169 -0.327298 -0.706778
    outer loop
      vertex 37.3166 -1.01903 1
      vertex 36.4282 -0.561951 0
      vertex 36.4506 -0.519028 0
    endloop
  endfacet
  facet normal 0.659057 -0.25642 -0.707031
    outer loop
      vertex 36.4506 -0.519028 0
      vertex 37.4053 -0.822548 1
      vertex 37.3745 -0.901711 1
    endloop
  endfacet
  facet normal 0.659057 -0.25642 -0.707031
    outer loop
      vertex 37.4053 -0.822548 1
      vertex 36.4506 -0.519028 0
      vertex 36.4814 -0.439865 0
    endloop
  endfacet
  facet normal 0.931947 -0.362593 0
    outer loop
      vertex 37.3745 -0.901711 3
      vertex 37.4053 -0.822548 1
      vertex 37.4053 -0.822548 3
    endloop
  endfacet
  facet normal 0.931947 -0.362593 0
    outer loop
      vertex 37.4053 -0.822548 1
      vertex 37.3745 -0.901711 3
      vertex 37.3745 -0.901711 1
    endloop
  endfacet
  facet normal 0.886526 -0.462679 0
    outer loop
      vertex 37.2942 -1.06195 3
      vertex 37.3166 -1.01903 1
      vertex 37.3166 -1.01903 3
    endloop
  endfacet
  facet normal 0.886526 -0.462679 0
    outer loop
      vertex 37.3166 -1.01903 1
      vertex 37.2942 -1.06195 3
      vertex 37.2942 -1.06195 1
    endloop
  endfacet
  facet normal 0.659057 -0.25642 0.707031
    outer loop
      vertex 36.4506 -0.519028 4
      vertex 37.4053 -0.822548 3
      vertex 36.4814 -0.439865 4
    endloop
  endfacet
  facet normal 0.659057 -0.25642 0.707031
    outer loop
      vertex 37.4053 -0.822548 3
      vertex 36.4506 -0.519028 4
      vertex 37.3745 -0.901711 3
    endloop
  endfacet
  facet normal -0.331298 -0.624953 -0.706877
    outer loop
      vertex 33.4122 -1.42798 1
      vertex 33.6819 -0.439865 0
      vertex 33.9122 -0.561951 0
    endloop
  endfacet
  facet normal -0.331319 -0.624945 -0.706874
    outer loop
      vertex 33.6819 -0.439865 0
      vertex 33.4122 -1.42798 1
      vertex 33.2401 -1.33674 1
    endloop
  endfacet
  facet normal -0.331298 -0.624953 0.706877
    outer loop
      vertex 33.6819 -0.439865 4
      vertex 33.4122 -1.42798 3
      vertex 33.9122 -0.561951 4
    endloop
  endfacet
  facet normal -0.331319 -0.624945 0.706874
    outer loop
      vertex 33.4122 -1.42798 3
      vertex 33.6819 -0.439865 4
      vertex 33.2401 -1.33674 3
    endloop
  endfacet
  facet normal -0.468402 -0.883516 0
    outer loop
      vertex 33.2401 -1.33674 1
      vertex 33.4122 -1.42798 3
      vertex 33.2401 -1.33674 3
    endloop
  endfacet
  facet normal -0.468402 -0.883516 -0
    outer loop
      vertex 33.4122 -1.42798 3
      vertex 33.2401 -1.33674 1
      vertex 33.4122 -1.42798 1
    endloop
  endfacet
  facet normal 0.627169 -0.327298 0.706778
    outer loop
      vertex 36.4282 -0.561951 4
      vertex 37.3166 -1.01903 3
      vertex 36.4506 -0.519028 4
    endloop
  endfacet
  facet normal 0.62716 -0.327316 0.706778
    outer loop
      vertex 37.3166 -1.01903 3
      vertex 36.4282 -0.561951 4
      vertex 37.2942 -1.06195 3
    endloop
  endfacet
  facet normal 0.896737 -0.442563 0
    outer loop
      vertex 37.3166 -1.01903 3
      vertex 37.3745 -0.901711 1
      vertex 37.3745 -0.901711 3
    endloop
  endfacet
  facet normal 0.896737 -0.442563 0
    outer loop
      vertex 37.3745 -0.901711 1
      vertex 37.3166 -1.01903 3
      vertex 37.3166 -1.01903 1
    endloop
  endfacet
  facet normal -0.327421 -0.627091 0.70679
    outer loop
      vertex 34.7289 -1.05917 4
      vertex 34.3681 -1.99788 3
      vertex 34.8681 -1.13185 4
    endloop
  endfacet
  facet normal -0.327421 -0.627091 0.70679
    outer loop
      vertex 34.3681 -1.99788 3
      vertex 34.7289 -1.05917 4
      vertex 34.2289 -1.9252 3
    endloop
  endfacet
  facet normal -0.36776 -0.604059 0.707012
    outer loop
      vertex 33.4122 -1.42798 3
      vertex 34.7289 -1.05917 4
      vertex 33.9122 -0.561951 4
    endloop
  endfacet
  facet normal -0.36776 -0.604058 0.707012
    outer loop
      vertex 34.7289 -1.05917 4
      vertex 33.4122 -1.42798 3
      vertex 34.2289 -1.9252 3
    endloop
  endfacet
  facet normal 0.22761 -0.670268 0.706353
    outer loop
      vertex 36.1689 -2.07708 3
      vertex 35.7862 -1.1532 4
      vertex 36.0451 -2.11912 3
    endloop
  endfacet
  facet normal 0.379259 -0.597169 -0.70679
    outer loop
      vertex 35.9286 -1.08707 0
      vertex 36.5611 -1.86894 1
      vertex 36.4286 -1.95309 1
    endloop
  endfacet
  facet normal 0.37929 -0.597147 -0.706792
    outer loop
      vertex 36.5611 -1.86894 1
      vertex 35.9286 -1.08707 0
      vertex 36.0611 -1.00291 0
    endloop
  endfacet
  facet normal 0.532041 -0.466902 0.706354
    outer loop
      vertex 37.0811 -1.39537 3
      vertex 36.2877 -0.786606 4
      vertex 36.9948 -1.49371 3
    endloop
  endfacet
  facet normal 0.393161 -0.588633 0.706354
    outer loop
      vertex 36.6699 -1.79627 3
      vertex 36.0611 -1.00291 4
      vertex 36.5611 -1.86894 3
    endloop
  endfacet
  facet normal 0.578928 -0.406534 -0.706805
    outer loop
      vertex 36.2877 -0.786606 0
      vertex 37.1713 -1.26692 1
      vertex 37.0811 -1.39537 1
    endloop
  endfacet
  facet normal 0.578926 -0.406536 -0.706804
    outer loop
      vertex 37.1713 -1.26692 1
      vertex 36.2877 -0.786606 0
      vertex 36.3779 -0.658157 0
    endloop
  endfacet
  facet normal -0.36776 -0.604058 -0.707012
    outer loop
      vertex 33.4122 -1.42798 1
      vertex 34.7289 -1.05917 0
      vertex 34.2289 -1.9252 1
    endloop
  endfacet
  facet normal -0.36776 -0.604059 -0.707012
    outer loop
      vertex 34.7289 -1.05917 0
      vertex 33.4122 -1.42798 1
      vertex 33.9122 -0.561951 0
    endloop
  endfacet
  facet normal -0.0462781 -0.706349 0.706349
    outer loop
      vertex 35.325 -1.23384 4
      vertex 35.1945 -2.22529 3
      vertex 35.325 -2.23384 3
    endloop
  endfacet
  facet normal 0.138043 -0.694275 -0.706347
    outer loop
      vertex 35.767 -2.19162 1
      vertex 35.6365 -1.20018 0
      vertex 35.8953 -2.16611 1
    endloop
  endfacet
  facet normal 0.466566 -0.532353 0.70634
    outer loop
      vertex 36.8886 -1.6093 3
      vertex 36.1815 -0.902191 4
      vertex 36.7902 -1.69554 3
    endloop
  endfacet
  facet normal -0.19516 -0.980771 0
    outer loop
      vertex 34.9099 -2.18587 1
      vertex 35.0381 -2.21138 3
      vertex 34.9099 -2.18587 3
    endloop
  endfacet
  facet normal -0.19516 -0.980771 -0
    outer loop
      vertex 35.0381 -2.21138 3
      vertex 34.9099 -2.18587 1
      vertex 35.0381 -2.21138 1
    endloop
  endfacet
  facet normal 0.886572 -0.462591 0
    outer loop
      vertex 37.244 -1.15816 3
      vertex 37.2942 -1.06195 1
      vertex 37.2942 -1.06195 3
    endloop
  endfacet
  facet normal 0.886572 -0.462591 0
    outer loop
      vertex 37.2942 -1.06195 1
      vertex 37.244 -1.15816 3
      vertex 37.244 -1.15816 1
    endloop
  endfacet
  facet normal -0.24295 -0.664395 -0.706792
    outer loop
      vertex 34.6328 -2.10962 1
      vertex 34.8681 -1.13185 0
      vertex 35.0155 -1.18575 0
    endloop
  endfacet
  facet normal -0.24291 -0.664407 -0.706794
    outer loop
      vertex 34.8681 -1.13185 0
      vertex 34.6328 -2.10962 1
      vertex 34.4854 -2.05573 1
    endloop
  endfacet
  facet normal 0.121881 -0.696847 -0.706788
    outer loop
      vertex 35.4819 -1.22722 0
      vertex 35.767 -2.19162 1
      vertex 35.6124 -2.21866 1
    endloop
  endfacet
  facet normal 0.121881 -0.696847 -0.706788
    outer loop
      vertex 35.767 -2.19162 1
      vertex 35.4819 -1.22722 0
      vertex 35.6365 -1.20018 0
    endloop
  endfacet
  facet normal -0.0626647 -0.70464 0.706793
    outer loop
      vertex 35.1687 -1.21994 4
      vertex 35.1945 -2.22529 3
      vertex 35.325 -1.23384 4
    endloop
  endfacet
  facet normal -0.0626697 -0.70464 0.706792
    outer loop
      vertex 35.1945 -2.22529 3
      vertex 35.1687 -1.21994 4
      vertex 35.0381 -2.21138 3
    endloop
  endfacet
  facet normal -0.462836 -0.886444 0
    outer loop
      vertex 34.2289 -1.9252 1
      vertex 34.3681 -1.99788 3
      vertex 34.2289 -1.9252 3
    endloop
  endfacet
  facet normal -0.462836 -0.886444 -0
    outer loop
      vertex 34.3681 -1.99788 3
      vertex 34.2289 -1.9252 1
      vertex 34.3681 -1.99788 1
    endloop
  endfacet
  facet normal 0.442375 -0.89683 0
    outer loop
      vertex 36.3113 -2.01095 1
      vertex 36.4286 -1.95309 3
      vertex 36.3113 -2.01095 3
    endloop
  endfacet
  facet normal 0.442375 -0.89683 0
    outer loop
      vertex 36.4286 -1.95309 3
      vertex 36.3113 -2.01095 1
      vertex 36.4286 -1.95309 1
    endloop
  endfacet
  facet normal 0.0463321 -0.706347 0.706347
    outer loop
      vertex 35.4819 -1.22722 4
      vertex 35.4819 -2.22722 3
      vertex 35.6124 -2.21866 3
    endloop
  endfacet
  facet normal -0.520022 -0.854153 0
    outer loop
      vertex 33.4122 -1.42798 1
      vertex 34.2289 -1.9252 3
      vertex 33.4122 -1.42798 3
    endloop
  endfacet
  facet normal -0.520022 -0.854153 -0
    outer loop
      vertex 34.2289 -1.9252 3
      vertex 33.4122 -1.42798 1
      vertex 34.2289 -1.9252 1
    endloop
  endfacet
  facet normal 0.62691 -0.327771 0.706789
    outer loop
      vertex 36.3779 -0.658157 4
      vertex 37.2942 -1.06195 3
      vertex 36.4282 -0.561951 4
    endloop
  endfacet
  facet normal 0.627165 -0.327239 0.706808
    outer loop
      vertex 37.2942 -1.06195 3
      vertex 36.3779 -0.658157 4
      vertex 37.244 -1.15816 3
    endloop
  endfacet
  facet normal 0.29796 -0.641606 0.706796
    outer loop
      vertex 35.7862 -1.1532 4
      vertex 36.3113 -2.01095 3
      vertex 35.9286 -1.08707 4
    endloop
  endfacet
  facet normal 0.29796 -0.641606 0.706796
    outer loop
      vertex 36.3113 -2.01095 3
      vertex 35.7862 -1.1532 4
      vertex 36.1689 -2.07708 3
    endloop
  endfacet
  facet normal -0.0885889 -0.996068 0
    outer loop
      vertex 35.0381 -2.21138 1
      vertex 35.1945 -2.22529 3
      vertex 35.0381 -2.21138 3
    endloop
  endfacet
  facet normal -0.0885889 -0.996068 -0
    outer loop
      vertex 35.1945 -2.22529 3
      vertex 35.0381 -2.21138 1
      vertex 35.1945 -2.22529 1
    endloop
  endfacet
  facet normal 0.0298213 -0.706792 -0.706792
    outer loop
      vertex 35.325 -1.23384 0
      vertex 35.4819 -2.22722 1
      vertex 35.325 -2.23384 1
    endloop
  endfacet
  facet normal 0.0298213 -0.706792 -0.706792
    outer loop
      vertex 35.4819 -2.22722 1
      vertex 35.325 -1.23384 0
      vertex 35.4819 -1.22722 0
    endloop
  endfacet
  facet normal -0.313097 -0.634854 0.706351
    outer loop
      vertex 34.8681 -1.13185 4
      vertex 34.3681 -1.99788 3
      vertex 34.4854 -2.05573 3
    endloop
  endfacet
  facet normal -0.138146 -0.694251 -0.70635
    outer loop
      vertex 35.0381 -2.21138 1
      vertex 34.9099 -2.18587 1
      vertex 35.1687 -1.21994 0
    endloop
  endfacet
  facet normal -0.24295 -0.664395 0.706792
    outer loop
      vertex 34.8681 -1.13185 4
      vertex 34.6328 -2.10962 3
      vertex 35.0155 -1.18575 4
    endloop
  endfacet
  facet normal -0.24291 -0.664407 0.706794
    outer loop
      vertex 34.6328 -2.10962 3
      vertex 34.8681 -1.13185 4
      vertex 34.4854 -2.05573 3
    endloop
  endfacet
  facet normal 0.211735 -0.674992 -0.706792
    outer loop
      vertex 35.6365 -1.20018 0
      vertex 36.0451 -2.11912 1
      vertex 35.8953 -2.16611 1
    endloop
  endfacet
  facet normal 0.211821 -0.674959 -0.706797
    outer loop
      vertex 36.0451 -2.11912 1
      vertex 35.6365 -1.20018 0
      vertex 35.7862 -1.1532 0
    endloop
  endfacet
  facet normal -0.154086 -0.690437 0.706791
    outer loop
      vertex 35.0155 -1.18575 4
      vertex 34.9099 -2.18587 3
      vertex 35.1687 -1.21994 4
    endloop
  endfacet
  facet normal -0.15413 -0.69043 0.706789
    outer loop
      vertex 34.9099 -2.18587 3
      vertex 35.0155 -1.18575 4
      vertex 34.7567 -2.15167 3
    endloop
  endfacet
  facet normal 0.138043 -0.694275 0.706347
    outer loop
      vertex 35.8953 -2.16611 3
      vertex 35.6365 -1.20018 4
      vertex 35.767 -2.19162 3
    endloop
  endfacet
  facet normal 0.453914 -0.542611 0.706778
    outer loop
      vertex 36.0611 -1.00291 4
      vertex 36.7902 -1.69554 3
      vertex 36.1815 -0.902191 4
    endloop
  endfacet
  facet normal 0.454153 -0.542387 0.706797
    outer loop
      vertex 36.7902 -1.69554 3
      vertex 36.0611 -1.00291 4
      vertex 36.6699 -1.79627 3
    endloop
  endfacet
  facet normal 0.520936 -0.478618 -0.706789
    outer loop
      vertex 36.1815 -0.902191 0
      vertex 36.9948 -1.49371 1
      vertex 36.8886 -1.6093 1
    endloop
  endfacet
  facet normal 0.520927 -0.47863 -0.706788
    outer loop
      vertex 36.9948 -1.49371 1
      vertex 36.1815 -0.902191 0
      vertex 36.2877 -0.786606 0
    endloop
  endfacet
  facet normal -0.327421 -0.627091 -0.70679
    outer loop
      vertex 34.3681 -1.99788 1
      vertex 34.7289 -1.05917 0
      vertex 34.8681 -1.13185 0
    endloop
  endfacet
  facet normal -0.327421 -0.627091 -0.70679
    outer loop
      vertex 34.7289 -1.05917 0
      vertex 34.3681 -1.99788 1
      vertex 34.2289 -1.9252 1
    endloop
  endfacet
  facet normal -0.313097 -0.634854 -0.706351
    outer loop
      vertex 34.4854 -2.05573 1
      vertex 34.3681 -1.99788 1
      vertex 34.8681 -1.13185 0
    endloop
  endfacet
  facet normal 0.831368 -0.555723 0
    outer loop
      vertex 37.1713 -1.26692 3
      vertex 37.244 -1.15816 1
      vertex 37.244 -1.15816 3
    endloop
  endfacet
  facet normal 0.831368 -0.555723 0
    outer loop
      vertex 37.244 -1.15816 1
      vertex 37.1713 -1.26692 3
      vertex 37.1713 -1.26692 1
    endloop
  endfacet
  facet normal -0.227496 -0.670314 -0.706346
    outer loop
      vertex 34.7567 -2.15167 1
      vertex 34.6328 -2.10962 1
      vertex 35.0155 -1.18575 0
    endloop
  endfacet
  facet normal -0.321382 -0.94695 0
    outer loop
      vertex 34.6328 -2.10962 1
      vertex 34.7567 -2.15167 3
      vertex 34.6328 -2.10962 3
    endloop
  endfacet
  facet normal -0.321382 -0.94695 -0
    outer loop
      vertex 34.7567 -2.15167 3
      vertex 34.6328 -2.10962 1
      vertex 34.7567 -2.15167 1
    endloop
  endfacet
  facet normal -0.0653771 -0.997861 0
    outer loop
      vertex 35.1945 -2.22529 1
      vertex 35.325 -2.23384 3
      vertex 35.1945 -2.22529 3
    endloop
  endfacet
  facet normal -0.0653771 -0.997861 -0
    outer loop
      vertex 35.325 -2.23384 3
      vertex 35.1945 -2.22529 1
      vertex 35.325 -2.23384 1
    endloop
  endfacet
  facet normal -0.227496 -0.670314 0.706346
    outer loop
      vertex 35.0155 -1.18575 4
      vertex 34.6328 -2.10962 3
      vertex 34.7567 -2.15167 3
    endloop
  endfacet
  facet normal 0.818378 -0.57468 0
    outer loop
      vertex 37.0811 -1.39537 3
      vertex 37.1713 -1.26692 1
      vertex 37.1713 -1.26692 3
    endloop
  endfacet
  facet normal 0.818378 -0.57468 0
    outer loop
      vertex 37.1713 -1.26692 1
      vertex 37.0811 -1.39537 3
      vertex 37.0811 -1.39537 1
    endloop
  endfacet
  facet normal 0.195013 -0.980801 0
    outer loop
      vertex 35.767 -2.19162 1
      vertex 35.8953 -2.16611 3
      vertex 35.767 -2.19162 3
    endloop
  endfacet
  facet normal 0.195013 -0.980801 0
    outer loop
      vertex 35.8953 -2.16611 3
      vertex 35.767 -2.19162 1
      vertex 35.8953 -2.16611 1
    endloop
  endfacet
  facet normal 0.555423 -0.831568 0
    outer loop
      vertex 36.5611 -1.86894 1
      vertex 36.6699 -1.79627 3
      vertex 36.5611 -1.86894 3
    endloop
  endfacet
  facet normal 0.555423 -0.831568 0
    outer loop
      vertex 36.6699 -1.79627 3
      vertex 36.5611 -1.86894 1
      vertex 36.6699 -1.79627 1
    endloop
  endfacet
  facet normal -0.0626647 -0.70464 -0.706793
    outer loop
      vertex 35.1945 -2.22529 1
      vertex 35.1687 -1.21994 0
      vertex 35.325 -1.23384 0
    endloop
  endfacet
  facet normal -0.0626697 -0.70464 -0.706792
    outer loop
      vertex 35.1687 -1.21994 0
      vertex 35.1945 -2.22529 1
      vertex 35.0381 -2.21138 1
    endloop
  endfacet
  facet normal -0.442314 -0.89686 0
    outer loop
      vertex 34.3681 -1.99788 1
      vertex 34.4854 -2.05573 3
      vertex 34.3681 -1.99788 3
    endloop
  endfacet
  facet normal -0.442314 -0.89686 -0
    outer loop
      vertex 34.4854 -2.05573 3
      vertex 34.3681 -1.99788 1
      vertex 34.4854 -2.05573 1
    endloop
  endfacet
  facet normal 0.578926 -0.406536 0.706804
    outer loop
      vertex 36.2877 -0.786606 4
      vertex 37.1713 -1.26692 3
      vertex 36.3779 -0.658157 4
    endloop
  endfacet
  facet normal 0.578928 -0.406534 0.706805
    outer loop
      vertex 37.1713 -1.26692 3
      vertex 36.2877 -0.786606 4
      vertex 37.0811 -1.39537 3
    endloop
  endfacet
  facet normal 0.0463321 -0.706347 -0.706347
    outer loop
      vertex 35.6124 -2.21866 1
      vertex 35.4819 -2.22722 1
      vertex 35.4819 -1.22722 0
    endloop
  endfacet
  facet normal 0.58848 -0.393366 -0.706367
    outer loop
      vertex 37.1713 -1.26692 1
      vertex 36.3779 -0.658157 0
      vertex 37.244 -1.15816 1
    endloop
  endfacet
  facet normal 0.736384 -0.676564 0
    outer loop
      vertex 36.8886 -1.6093 3
      vertex 36.9948 -1.49371 1
      vertex 36.9948 -1.49371 3
    endloop
  endfacet
  facet normal 0.736384 -0.676564 0
    outer loop
      vertex 36.9948 -1.49371 1
      vertex 36.8886 -1.6093 3
      vertex 36.8886 -1.6093 1
    endloop
  endfacet
  facet normal -0.154086 -0.690437 -0.706791
    outer loop
      vertex 34.9099 -2.18587 1
      vertex 35.0155 -1.18575 0
      vertex 35.1687 -1.21994 0
    endloop
  endfacet
  facet normal -0.15413 -0.69043 -0.706789
    outer loop
      vertex 35.0155 -1.18575 0
      vertex 34.9099 -2.18587 1
      vertex 34.7567 -2.15167 1
    endloop
  endfacet
  facet normal -0.343375 -0.939199 0
    outer loop
      vertex 34.4854 -2.05573 1
      vertex 34.6328 -2.10962 3
      vertex 34.4854 -2.05573 3
    endloop
  endfacet
  facet normal -0.343375 -0.939199 -0
    outer loop
      vertex 34.6328 -2.10962 3
      vertex 34.4854 -2.05573 1
      vertex 34.6328 -2.10962 1
    endloop
  endfacet
  facet normal 0.172288 -0.985047 0
    outer loop
      vertex 35.6124 -2.21866 1
      vertex 35.767 -2.19162 3
      vertex 35.6124 -2.21866 3
    endloop
  endfacet
  facet normal 0.172288 -0.985047 0
    outer loop
      vertex 35.767 -2.19162 3
      vertex 35.6124 -2.21866 1
      vertex 35.767 -2.19162 1
    endloop
  endfacet
  facet normal 0.321546 -0.946894 0
    outer loop
      vertex 36.0451 -2.11912 1
      vertex 36.1689 -2.07708 3
      vertex 36.0451 -2.11912 3
    endloop
  endfacet
  facet normal 0.321546 -0.946894 0
    outer loop
      vertex 36.1689 -2.07708 3
      vertex 36.0451 -2.11912 1
      vertex 36.1689 -2.07708 1
    endloop
  endfacet
  facet normal 0.042155 -0.999111 0
    outer loop
      vertex 35.325 -2.23384 1
      vertex 35.4819 -2.22722 3
      vertex 35.325 -2.23384 3
    endloop
  endfacet
  facet normal 0.042155 -0.999111 0
    outer loop
      vertex 35.4819 -2.22722 3
      vertex 35.325 -2.23384 1
      vertex 35.4819 -2.22722 1
    endloop
  endfacet
  facet normal 0.0298213 -0.706792 0.706792
    outer loop
      vertex 35.325 -2.23384 3
      vertex 35.4819 -1.22722 4
      vertex 35.325 -1.23384 4
    endloop
  endfacet
  facet normal 0.0298213 -0.706792 0.706792
    outer loop
      vertex 35.4819 -1.22722 4
      vertex 35.325 -2.23384 3
      vertex 35.4819 -2.22722 3
    endloop
  endfacet
  facet normal 0.641988 -0.766715 0
    outer loop
      vertex 36.6699 -1.79627 1
      vertex 36.7902 -1.69554 3
      vertex 36.6699 -1.79627 3
    endloop
  endfacet
  facet normal 0.641988 -0.766715 0
    outer loop
      vertex 36.7902 -1.69554 3
      vertex 36.6699 -1.79627 1
      vertex 36.7902 -1.69554 1
    endloop
  endfacet
  facet normal 0.454153 -0.542387 -0.706797
    outer loop
      vertex 36.0611 -1.00291 0
      vertex 36.7902 -1.69554 1
      vertex 36.6699 -1.79627 1
    endloop
  endfacet
  facet normal 0.453914 -0.542611 -0.706778
    outer loop
      vertex 36.7902 -1.69554 1
      vertex 36.0611 -1.00291 0
      vertex 36.1815 -0.902191 0
    endloop
  endfacet
  facet normal 0.313141 -0.634833 0.706349
    outer loop
      vertex 36.4286 -1.95309 3
      vertex 35.9286 -1.08707 4
      vertex 36.3113 -2.01095 3
    endloop
  endfacet
  facet normal 0.421194 -0.906971 0
    outer loop
      vertex 36.1689 -2.07708 1
      vertex 36.3113 -2.01095 3
      vertex 36.1689 -2.07708 3
    endloop
  endfacet
  facet normal 0.421194 -0.906971 0
    outer loop
      vertex 36.3113 -2.01095 3
      vertex 36.1689 -2.07708 1
      vertex 36.3113 -2.01095 1
    endloop
  endfacet
  facet normal 0.121881 -0.696847 0.706788
    outer loop
      vertex 35.4819 -1.22722 4
      vertex 35.767 -2.19162 3
      vertex 35.6365 -1.20018 4
    endloop
  endfacet
  facet normal 0.121881 -0.696847 0.706788
    outer loop
      vertex 35.767 -2.19162 3
      vertex 35.4819 -1.22722 4
      vertex 35.6124 -2.21866 3
    endloop
  endfacet
  facet normal 0.29796 -0.641606 -0.706796
    outer loop
      vertex 35.7862 -1.1532 0
      vertex 36.3113 -2.01095 1
      vertex 36.1689 -2.07708 1
    endloop
  endfacet
  facet normal 0.29796 -0.641606 -0.706796
    outer loop
      vertex 36.3113 -2.01095 1
      vertex 35.7862 -1.1532 0
      vertex 35.9286 -1.08707 0
    endloop
  endfacet
  facet normal 0.211821 -0.674959 0.706797
    outer loop
      vertex 35.6365 -1.20018 4
      vertex 36.0451 -2.11912 3
      vertex 35.7862 -1.1532 4
    endloop
  endfacet
  facet normal 0.211735 -0.674992 0.706792
    outer loop
      vertex 36.0451 -2.11912 3
      vertex 35.6365 -1.20018 4
      vertex 35.8953 -2.16611 3
    endloop
  endfacet
  facet normal 0.22761 -0.670268 -0.706353
    outer loop
      vertex 36.0451 -2.11912 1
      vertex 35.7862 -1.1532 0
      vertex 36.1689 -2.07708 1
    endloop
  endfacet
  facet normal 0.532041 -0.466902 -0.706354
    outer loop
      vertex 36.9948 -1.49371 1
      vertex 36.2877 -0.786606 0
      vertex 37.0811 -1.39537 1
    endloop
  endfacet
  facet normal 0.75162 -0.659597 0
    outer loop
      vertex 36.9948 -1.49371 3
      vertex 37.0811 -1.39537 1
      vertex 37.0811 -1.39537 3
    endloop
  endfacet
  facet normal 0.75162 -0.659597 0
    outer loop
      vertex 37.0811 -1.39537 1
      vertex 36.9948 -1.49371 3
      vertex 36.9948 -1.49371 1
    endloop
  endfacet
  facet normal -0.217875 -0.975977 0
    outer loop
      vertex 34.7567 -2.15167 1
      vertex 34.9099 -2.18587 3
      vertex 34.7567 -2.15167 3
    endloop
  endfacet
  facet normal -0.217875 -0.975977 -0
    outer loop
      vertex 34.9099 -2.18587 3
      vertex 34.7567 -2.15167 1
      vertex 34.9099 -2.18587 1
    endloop
  endfacet
  facet normal 0.0654532 -0.997856 0
    outer loop
      vertex 35.4819 -2.22722 1
      vertex 35.6124 -2.21866 3
      vertex 35.4819 -2.22722 3
    endloop
  endfacet
  facet normal 0.0654532 -0.997856 0
    outer loop
      vertex 35.6124 -2.21866 3
      vertex 35.4819 -2.22722 1
      vertex 35.6124 -2.21866 1
    endloop
  endfacet
  facet normal 0.37929 -0.597147 0.706792
    outer loop
      vertex 35.9286 -1.08707 4
      vertex 36.5611 -1.86894 3
      vertex 36.0611 -1.00291 4
    endloop
  endfacet
  facet normal 0.379259 -0.597169 0.70679
    outer loop
      vertex 36.5611 -1.86894 3
      vertex 35.9286 -1.08707 4
      vertex 36.4286 -1.95309 3
    endloop
  endfacet
  facet normal 0.393161 -0.588633 -0.706354
    outer loop
      vertex 36.5611 -1.86894 1
      vertex 36.0611 -1.00291 0
      vertex 36.6699 -1.79627 1
    endloop
  endfacet
  facet normal 0.313141 -0.634833 -0.706349
    outer loop
      vertex 36.3113 -2.01095 1
      vertex 35.9286 -1.08707 0
      vertex 36.4286 -1.95309 1
    endloop
  endfacet
  facet normal 0.299305 -0.954158 0
    outer loop
      vertex 35.8953 -2.16611 1
      vertex 36.0451 -2.11912 3
      vertex 35.8953 -2.16611 3
    endloop
  endfacet
  facet normal 0.299305 -0.954158 0
    outer loop
      vertex 36.0451 -2.11912 3
      vertex 35.8953 -2.16611 1
      vertex 36.0451 -2.11912 1
    endloop
  endfacet
  facet normal 0.520927 -0.47863 0.706788
    outer loop
      vertex 36.1815 -0.902191 4
      vertex 36.9948 -1.49371 3
      vertex 36.2877 -0.786606 4
    endloop
  endfacet
  facet normal 0.520936 -0.478618 0.706789
    outer loop
      vertex 36.9948 -1.49371 3
      vertex 36.1815 -0.902191 4
      vertex 36.8886 -1.6093 3
    endloop
  endfacet
  facet normal 0.58848 -0.393366 0.706367
    outer loop
      vertex 37.244 -1.15816 3
      vertex 36.3779 -0.658157 4
      vertex 37.1713 -1.26692 3
    endloop
  endfacet
  facet normal 0.466566 -0.532353 -0.70634
    outer loop
      vertex 36.7902 -1.69554 1
      vertex 36.1815 -0.902191 0
      vertex 36.8886 -1.6093 1
    endloop
  endfacet
  facet normal 0.65911 -0.752046 0
    outer loop
      vertex 36.7902 -1.69554 1
      vertex 36.8886 -1.6093 3
      vertex 36.7902 -1.69554 3
    endloop
  endfacet
  facet normal 0.65911 -0.752046 0
    outer loop
      vertex 36.8886 -1.6093 3
      vertex 36.7902 -1.69554 1
      vertex 36.8886 -1.6093 1
    endloop
  endfacet
  facet normal -0.138146 -0.694251 0.70635
    outer loop
      vertex 35.1687 -1.21994 4
      vertex 34.9099 -2.18587 3
      vertex 35.0381 -2.21138 3
    endloop
  endfacet
  facet normal -0.0462781 -0.706349 -0.706349
    outer loop
      vertex 35.325 -2.23384 1
      vertex 35.1945 -2.22529 1
      vertex 35.325 -1.23384 0
    endloop
  endfacet
  facet normal 0.536113 -0.844146 0
    outer loop
      vertex 36.4286 -1.95309 1
      vertex 36.5611 -1.86894 3
      vertex 36.4286 -1.95309 3
    endloop
  endfacet
  facet normal 0.536113 -0.844146 0
    outer loop
      vertex 36.5611 -1.86894 3
      vertex 36.4286 -1.95309 1
      vertex 36.5611 -1.86894 1
    endloop
  endfacet
  facet normal 0.627165 -0.327239 -0.706808
    outer loop
      vertex 36.3779 -0.658157 0
      vertex 37.2942 -1.06195 1
      vertex 37.244 -1.15816 1
    endloop
  endfacet
  facet normal 0.62691 -0.327771 -0.706789
    outer loop
      vertex 37.2942 -1.06195 1
      vertex 36.3779 -0.658157 0
      vertex 36.4282 -0.561951 0
    endloop
  endfacet
  facet normal -0.662269 -0.24835 -0.70691
    outer loop
      vertex -38.2477 1.52245 1
      vertex -36.8561 0.657928 0
      vertex -37.78 0.275246 1
    endloop
  endfacet
  facet normal -0.662269 -0.248348 -0.706911
    outer loop
      vertex -36.8561 0.657928 0
      vertex -38.2477 1.52245 1
      vertex -37.3238 1.90514 0
    endloop
  endfacet
  facet normal -0.93633 -0.351122 0
    outer loop
      vertex -37.78 0.275246 1
      vertex -38.2477 1.52245 3
      vertex -38.2477 1.52245 1
    endloop
  endfacet
  facet normal -0.93633 -0.351122 0
    outer loop
      vertex -38.2477 1.52245 3
      vertex -37.78 0.275246 1
      vertex -37.78 0.275246 3
    endloop
  endfacet
  facet normal 0.93633 -0.351122 0
    outer loop
      vertex 37.78 0.275246 3
      vertex 38.2477 1.52245 1
      vertex 38.2477 1.52245 3
    endloop
  endfacet
  facet normal 0.93633 -0.351122 0
    outer loop
      vertex 38.2477 1.52245 1
      vertex 37.78 0.275246 3
      vertex 37.78 0.275246 1
    endloop
  endfacet
  facet normal 0.662269 -0.24835 -0.70691
    outer loop
      vertex 36.8561 0.657928 0
      vertex 38.2477 1.52245 1
      vertex 37.78 0.275246 1
    endloop
  endfacet
  facet normal 0.662269 -0.248348 -0.706911
    outer loop
      vertex 38.2477 1.52245 1
      vertex 36.8561 0.657928 0
      vertex 37.3238 1.90514 0
    endloop
  endfacet
  facet normal -0.662269 -0.248348 0.706911
    outer loop
      vertex -38.2477 1.52245 3
      vertex -36.8561 0.657928 4
      vertex -37.3238 1.90514 4
    endloop
  endfacet
  facet normal -0.662269 -0.24835 0.70691
    outer loop
      vertex -36.8561 0.657928 4
      vertex -38.2477 1.52245 3
      vertex -37.78 0.275246 3
    endloop
  endfacet
  facet normal 0.662269 -0.248348 0.706911
    outer loop
      vertex 36.8561 0.657928 4
      vertex 38.2477 1.52245 3
      vertex 37.3238 1.90514 4
    endloop
  endfacet
  facet normal 0.662269 -0.24835 0.70691
    outer loop
      vertex 38.2477 1.52245 3
      vertex 36.8561 0.657928 4
      vertex 37.78 0.275246 3
    endloop
  endfacet
  facet normal 0.666491 -0.237518 0.706665
    outer loop
      vertex 36.8325 0.591705 4
      vertex 37.78 0.275246 3
      vertex 36.8561 0.657928 4
    endloop
  endfacet
  facet normal 0.666182 -0.238412 0.706655
    outer loop
      vertex 37.78 0.275246 3
      vertex 36.8325 0.591705 4
      vertex 37.7567 0.21014 3
    endloop
  endfacet
  facet normal 0.941523 -0.33695 0
    outer loop
      vertex 37.7567 0.21014 3
      vertex 37.78 0.275246 1
      vertex 37.78 0.275246 3
    endloop
  endfacet
  facet normal 0.941523 -0.33695 0
    outer loop
      vertex 37.78 0.275246 1
      vertex 37.7567 0.21014 3
      vertex 37.7567 0.21014 1
    endloop
  endfacet
  facet normal -0.666491 -0.237518 0.706665
    outer loop
      vertex -37.78 0.275246 3
      vertex -36.8325 0.591705 4
      vertex -36.8561 0.657928 4
    endloop
  endfacet
  facet normal -0.666182 -0.238412 0.706655
    outer loop
      vertex -36.8325 0.591705 4
      vertex -37.78 0.275246 3
      vertex -37.7567 0.21014 3
    endloop
  endfacet
  facet normal -0.941523 -0.33695 0
    outer loop
      vertex -37.7567 0.21014 1
      vertex -37.78 0.275246 3
      vertex -37.78 0.275246 1
    endloop
  endfacet
  facet normal -0.941523 -0.33695 0
    outer loop
      vertex -37.78 0.275246 3
      vertex -37.7567 0.21014 1
      vertex -37.7567 0.21014 3
    endloop
  endfacet
  facet normal 0.666182 -0.238412 -0.706655
    outer loop
      vertex 36.8325 0.591705 0
      vertex 37.78 0.275246 1
      vertex 37.7567 0.21014 1
    endloop
  endfacet
  facet normal 0.666491 -0.237518 -0.706665
    outer loop
      vertex 37.78 0.275246 1
      vertex 36.8325 0.591705 0
      vertex 36.8561 0.657928 0
    endloop
  endfacet
  facet normal -0.666182 -0.238412 -0.706655
    outer loop
      vertex -37.78 0.275246 1
      vertex -36.8325 0.591705 0
      vertex -37.7567 0.21014 1
    endloop
  endfacet
  facet normal -0.666491 -0.237518 -0.706665
    outer loop
      vertex -36.8325 0.591705 0
      vertex -37.78 0.275246 1
      vertex -36.8561 0.657928 0
    endloop
  endfacet
  facet normal -0.670275 -0.227639 0.706336
    outer loop
      vertex -36.8325 0.591705 4
      vertex -37.7435 0.171235 3
      vertex -36.7776 0.430054 4
    endloop
  endfacet
  facet normal -0.670354 -0.227443 0.706325
    outer loop
      vertex -37.7435 0.171235 3
      vertex -36.8325 0.591705 4
      vertex -37.7567 0.21014 3
    endloop
  endfacet
  facet normal 0.670354 -0.227443 -0.706325
    outer loop
      vertex 37.7435 0.171235 1
      vertex 36.8325 0.591705 0
      vertex 37.7567 0.21014 1
    endloop
  endfacet
  facet normal 0.670275 -0.227639 -0.706336
    outer loop
      vertex 36.8325 0.591705 0
      vertex 37.7435 0.171235 1
      vertex 36.7776 0.430054 0
    endloop
  endfacet
  facet normal -0.670275 -0.227639 -0.706336
    outer loop
      vertex -37.7435 0.171235 1
      vertex -36.8325 0.591705 0
      vertex -36.7776 0.430054 0
    endloop
  endfacet
  facet normal -0.670354 -0.227443 -0.706325
    outer loop
      vertex -36.8325 0.591705 0
      vertex -37.7435 0.171235 1
      vertex -37.7567 0.21014 1
    endloop
  endfacet
  facet normal -0.946978 -0.321298 0
    outer loop
      vertex -37.7435 0.171235 1
      vertex -37.7567 0.21014 3
      vertex -37.7567 0.21014 1
    endloop
  endfacet
  facet normal -0.946978 -0.321298 0
    outer loop
      vertex -37.7567 0.21014 3
      vertex -37.7435 0.171235 1
      vertex -37.7435 0.171235 3
    endloop
  endfacet
  facet normal 0.946978 -0.321298 0
    outer loop
      vertex 37.7435 0.171235 3
      vertex 37.7567 0.21014 1
      vertex 37.7567 0.21014 3
    endloop
  endfacet
  facet normal 0.946978 -0.321298 0
    outer loop
      vertex 37.7567 0.21014 1
      vertex 37.7435 0.171235 3
      vertex 37.7435 0.171235 1
    endloop
  endfacet
  facet normal 0.670354 -0.227443 0.706325
    outer loop
      vertex 36.8325 0.591705 4
      vertex 37.7435 0.171235 3
      vertex 37.7567 0.21014 3
    endloop
  endfacet
  facet normal 0.670275 -0.227639 0.706336
    outer loop
      vertex 37.7435 0.171235 3
      vertex 36.8325 0.591705 4
      vertex 36.7776 0.430054 4
    endloop
  endfacet
  facet normal -0.236533 0.666867 0.70664
    outer loop
      vertex 35.2184 16.0057 3
      vertex 35.4903 15.0425 4
      vertex 35.6011 15.0818 4
    endloop
  endfacet
  facet normal -0.236533 0.666867 0.70664
    outer loop
      vertex 35.4903 15.0425 4
      vertex 35.2184 16.0057 3
      vertex 35.1076 15.9664 3
    endloop
  endfacet
  facet normal -0.334288 0.942471 0
    outer loop
      vertex 35.2184 16.0057 1
      vertex 35.1076 15.9664 3
      vertex 35.2184 16.0057 3
    endloop
  endfacet
  facet normal -0.334288 0.942471 0
    outer loop
      vertex 35.1076 15.9664 3
      vertex 35.2184 16.0057 1
      vertex 35.1076 15.9664 1
    endloop
  endfacet
  facet normal 0.565551 -0.424523 0.707059
    outer loop
      vertex 44.8213 15.0425 4
      vertex 45.6441 14.4731 3
      vertex 44.8508 15.0818 4
    endloop
  endfacet
  facet normal 0.566225 -0.423588 0.707081
    outer loop
      vertex 45.6441 14.4731 3
      vertex 44.8213 15.0425 4
      vertex 45.6147 14.4338 3
    endloop
  endfacet
  facet normal 0.566225 -0.423588 -0.707081
    outer loop
      vertex 44.8213 15.0425 0
      vertex 45.6441 14.4731 1
      vertex 45.6147 14.4338 1
    endloop
  endfacet
  facet normal 0.565551 -0.424523 -0.707059
    outer loop
      vertex 45.6441 14.4731 1
      vertex 44.8213 15.0425 0
      vertex 44.8508 15.0818 0
    endloop
  endfacet
  facet normal 0.800733 -0.599022 0
    outer loop
      vertex 45.6147 14.4338 3
      vertex 45.6441 14.4731 1
      vertex 45.6441 14.4731 3
    endloop
  endfacet
  facet normal 0.800733 -0.599022 0
    outer loop
      vertex 45.6441 14.4731 1
      vertex 45.6147 14.4338 3
      vertex 45.6147 14.4338 1
    endloop
  endfacet
  facet normal -0.236533 0.666867 -0.70664
    outer loop
      vertex 35.4903 15.0425 0
      vertex 35.2184 16.0057 1
      vertex 35.6011 15.0818 0
    endloop
  endfacet
  facet normal -0.236533 0.666867 -0.70664
    outer loop
      vertex 35.2184 16.0057 1
      vertex 35.4903 15.0425 0
      vertex 35.1076 15.9664 1
    endloop
  endfacet
  facet normal 0.946922 -0.321464 0
    outer loop
      vertex 37.7366 0.15091 3
      vertex 37.7435 0.171235 1
      vertex 37.7435 0.171235 3
    endloop
  endfacet
  facet normal 0.946922 -0.321464 0
    outer loop
      vertex 37.7435 0.171235 1
      vertex 37.7366 0.15091 3
      vertex 37.7366 0.15091 1
    endloop
  endfacet
  facet normal 0.670301 -0.227556 -0.706339
    outer loop
      vertex 37.7366 0.15091 1
      vertex 36.7776 0.430054 0
      vertex 37.7435 0.171235 1
    endloop
  endfacet
  facet normal 0.670301 -0.227556 -0.706339
    outer loop
      vertex 36.7776 0.430054 0
      vertex 37.7366 0.15091 1
      vertex 36.7707 0.409729 0
    endloop
  endfacet
  facet normal -0.0552341 -0.998473 0
    outer loop
      vertex 30.5445 -0.569946 1
      vertex 30.7972 -0.583925 3
      vertex 30.5445 -0.569946 3
    endloop
  endfacet
  facet normal -0.0552341 -0.998473 -0
    outer loop
      vertex 30.7972 -0.583925 3
      vertex 30.5445 -0.569946 1
      vertex 30.7972 -0.583925 1
    endloop
  endfacet
  facet normal -0.0390862 -0.706566 -0.706566
    outer loop
      vertex 30.5445 0.430054 0
      vertex 30.7972 -0.583925 1
      vertex 30.5445 -0.569946 1
    endloop
  endfacet
  facet normal -0.0390881 -0.706567 -0.706566
    outer loop
      vertex 30.7972 -0.583925 1
      vertex 30.5445 0.430054 0
      vertex 30.9119 0.409729 0
    endloop
  endfacet
  facet normal 0.670301 -0.227556 0.706339
    outer loop
      vertex 36.7776 0.430054 4
      vertex 37.7366 0.15091 3
      vertex 37.7435 0.171235 3
    endloop
  endfacet
  facet normal 0.670301 -0.227556 0.706339
    outer loop
      vertex 37.7366 0.15091 3
      vertex 36.7776 0.430054 4
      vertex 36.7707 0.409729 4
    endloop
  endfacet
  facet normal -0.0390862 -0.706566 0.706566
    outer loop
      vertex 30.7972 -0.583925 3
      vertex 30.5445 0.430054 4
      vertex 30.5445 -0.569946 3
    endloop
  endfacet
  facet normal -0.0390881 -0.706567 0.706566
    outer loop
      vertex 30.5445 0.430054 4
      vertex 30.7972 -0.583925 3
      vertex 30.9119 0.409729 4
    endloop
  endfacet
  facet normal -0.210742 -0.67528 -0.706813
    outer loop
      vertex -14.911 -7.10704 1
      vertex -14.8417 -6.08197 0
      vertex -14.576 -6.16489 0
    endloop
  endfacet
  facet normal -0.210744 -0.675279 -0.706813
    outer loop
      vertex -14.8417 -6.08197 0
      vertex -14.911 -7.10704 1
      vertex -15.1005 -7.0479 1
    endloop
  endfacet
  facet normal 0.210744 -0.675279 0.706813
    outer loop
      vertex 14.8417 -6.08197 4
      vertex 14.911 -7.10704 3
      vertex 15.1005 -7.0479 3
    endloop
  endfacet
  facet normal 0.210742 -0.67528 0.706813
    outer loop
      vertex 14.911 -7.10704 3
      vertex 14.8417 -6.08197 4
      vertex 14.576 -6.16489 4
    endloop
  endfacet
  facet normal 0.297914 -0.954593 0
    outer loop
      vertex 14.911 -7.10704 1
      vertex 15.1005 -7.0479 3
      vertex 14.911 -7.10704 3
    endloop
  endfacet
  facet normal 0.297914 -0.954593 0
    outer loop
      vertex 15.1005 -7.0479 3
      vertex 14.911 -7.10704 1
      vertex 15.1005 -7.0479 1
    endloop
  endfacet
  facet normal -0.297914 -0.954593 0
    outer loop
      vertex -15.1005 -7.0479 1
      vertex -14.911 -7.10704 3
      vertex -15.1005 -7.0479 3
    endloop
  endfacet
  facet normal -0.297914 -0.954593 -0
    outer loop
      vertex -14.911 -7.10704 3
      vertex -15.1005 -7.0479 1
      vertex -14.911 -7.10704 1
    endloop
  endfacet
  facet normal 0.210744 -0.675279 -0.706813
    outer loop
      vertex 14.911 -7.10704 1
      vertex 14.8417 -6.08197 0
      vertex 15.1005 -7.0479 1
    endloop
  endfacet
  facet normal 0.210742 -0.67528 -0.706813
    outer loop
      vertex 14.8417 -6.08197 0
      vertex 14.911 -7.10704 1
      vertex 14.576 -6.16489 0
    endloop
  endfacet
  facet normal -0.210742 -0.67528 0.706813
    outer loop
      vertex -14.8417 -6.08197 4
      vertex -14.911 -7.10704 3
      vertex -14.576 -6.16489 4
    endloop
  endfacet
  facet normal -0.210744 -0.675279 0.706813
    outer loop
      vertex -14.911 -7.10704 3
      vertex -14.8417 -6.08197 4
      vertex -15.1005 -7.0479 3
    endloop
  endfacet
  facet normal 0.321608 -0.630263 -0.706638
    outer loop
      vertex 12.5702 -8.15683 1
      vertex 13.2709 -6.6781 0
      vertex 13.6845 -7.58823 1
    endloop
  endfacet
  facet normal 0.321614 -0.630264 -0.706634
    outer loop
      vertex 13.2709 -6.6781 0
      vertex 12.5702 -8.15683 1
      vertex 12.0702 -7.2908 0
    endloop
  endfacet
  facet normal 0.321608 -0.630263 0.706638
    outer loop
      vertex 13.2709 -6.6781 4
      vertex 12.5702 -8.15683 3
      vertex 13.6845 -7.58823 3
    endloop
  endfacet
  facet normal 0.321614 -0.630264 0.706634
    outer loop
      vertex 12.5702 -8.15683 3
      vertex 13.2709 -6.6781 4
      vertex 12.0702 -7.2908 4
    endloop
  endfacet
  facet normal -0.321614 -0.630264 0.706634
    outer loop
      vertex -13.2709 -6.6781 4
      vertex -12.5702 -8.15683 3
      vertex -12.0702 -7.2908 4
    endloop
  endfacet
  facet normal -0.321608 -0.630263 0.706638
    outer loop
      vertex -12.5702 -8.15683 3
      vertex -13.2709 -6.6781 4
      vertex -13.6845 -7.58823 3
    endloop
  endfacet
  facet normal 0.454521 -0.890736 0
    outer loop
      vertex 12.5702 -8.15683 1
      vertex 13.6845 -7.58823 3
      vertex 12.5702 -8.15683 3
    endloop
  endfacet
  facet normal 0.454521 -0.890736 0
    outer loop
      vertex 13.6845 -7.58823 3
      vertex 12.5702 -8.15683 1
      vertex 13.6845 -7.58823 1
    endloop
  endfacet
  facet normal -0.454521 -0.890736 0
    outer loop
      vertex -13.6845 -7.58823 1
      vertex -12.5702 -8.15683 3
      vertex -13.6845 -7.58823 3
    endloop
  endfacet
  facet normal -0.454521 -0.890736 -0
    outer loop
      vertex -12.5702 -8.15683 3
      vertex -13.6845 -7.58823 1
      vertex -12.5702 -8.15683 1
    endloop
  endfacet
  facet normal -0.321614 -0.630264 -0.706634
    outer loop
      vertex -12.5702 -8.15683 1
      vertex -13.2709 -6.6781 0
      vertex -12.0702 -7.2908 0
    endloop
  endfacet
  facet normal -0.321608 -0.630263 -0.706638
    outer loop
      vertex -13.2709 -6.6781 0
      vertex -12.5702 -8.15683 1
      vertex -13.6845 -7.58823 1
    endloop
  endfacet
  facet normal -0.895903 -0.444249 0
    outer loop
      vertex -40.646 6.6987 1
      vertex -40.6466 6.69991 3
      vertex -40.6466 6.69991 1
    endloop
  endfacet
  facet normal -0.895903 -0.444249 0
    outer loop
      vertex -40.6466 6.69991 3
      vertex -40.646 6.6987 1
      vertex -40.646 6.6987 3
    endloop
  endfacet
  facet normal -0.612071 -0.354091 0.707099
    outer loop
      vertex -40.6466 6.69991 3
      vertex -39.7799 7.1987 4
      vertex -39.7806 7.19991 4
    endloop
  endfacet
  facet normal -0.634112 -0.314436 0.706422
    outer loop
      vertex -39.7799 7.1987 4
      vertex -40.6466 6.69991 3
      vertex -40.646 6.6987 3
    endloop
  endfacet
  facet normal 0.0509324 0.705898 0.70648
    outer loop
      vertex 9.43692 7.33373 3.86502
      vertex 9.4193 7.19991 4
      vertex 9.43607 7.1987 4
    endloop
  endfacet
  facet normal 0.0509324 0.705898 -0.70648
    outer loop
      vertex 9.43607 7.1987 0
      vertex 9.4193 7.19991 0
      vertex 9.43692 7.33373 0.13498
    endloop
  endfacet
  facet normal -0.634112 -0.314436 -0.706422
    outer loop
      vertex -40.6466 6.69991 1
      vertex -39.7799 7.1987 0
      vertex -40.646 6.6987 1
    endloop
  endfacet
  facet normal -0.612071 -0.354091 -0.707099
    outer loop
      vertex -39.7799 7.1987 0
      vertex -40.6466 6.69991 1
      vertex -39.7806 7.19991 0
    endloop
  endfacet
  facet normal 0.142405 0.693246 -0.706491
    outer loop
      vertex 9.149 7.21935 0
      vertex 9.1047 7.22845 0
      vertex 9.19879 7.57961 0.363542
    endloop
  endfacet
  facet normal -0.070095 0.7038 0.706932
    outer loop
      vertex -9.25351 8.21653 3
      vertex -9.18051 7.21935 4
      vertex -9.08914 7.22845 4
    endloop
  endfacet
  facet normal -0.0702199 0.703789 0.70693
    outer loop
      vertex -9.18051 7.21935 4
      vertex -9.25351 8.21653 3
      vertex -9.31104 8.21079 3
    endloop
  endfacet
  facet normal -0.070095 0.7038 -0.706932
    outer loop
      vertex -9.18051 7.21935 0
      vertex -9.25351 8.21653 1
      vertex -9.08914 7.22845 0
    endloop
  endfacet
  facet normal -0.0702199 0.703789 -0.70693
    outer loop
      vertex -9.25351 8.21653 1
      vertex -9.18051 7.21935 0
      vertex -9.31104 8.21079 1
    endloop
  endfacet
  facet normal 0.142405 0.693245 0.706493
    outer loop
      vertex 9.19879 7.57961 3.63646
      vertex 9.1047 7.22845 4
      vertex 9.149 7.21935 4
    endloop
  endfacet
  facet normal -0.0992811 0.995059 0
    outer loop
      vertex -9.25351 8.21653 1
      vertex -9.31104 8.21079 3
      vertex -9.25351 8.21653 3
    endloop
  endfacet
  facet normal -0.0992811 0.995059 0
    outer loop
      vertex -9.31104 8.21079 3
      vertex -9.25351 8.21653 1
      vertex -9.31104 8.21079 1
    endloop
  endfacet
  facet normal 0.0507694 0.705914 -0.706475
    outer loop
      vertex 9.149 7.21935 0
      vertex 9.43692 7.33373 0.13498
      vertex 9.4193 7.19991 0
    endloop
  endfacet
  facet normal 0.0507768 0.705903 -0.706486
    outer loop
      vertex 9.43692 7.33373 0.13498
      vertex 9.19879 7.57961 0.363542
      vertex 9.44241 8.19907 1
    endloop
  endfacet
  facet normal 0.0508015 0.705897 -0.70649
    outer loop
      vertex 9.44241 8.19907 1
      vertex 9.19879 7.57961 0.363542
      vertex 9.28595 8.21033 1
    endloop
  endfacet
  facet normal 0.0507785 0.705904 -0.706485
    outer loop
      vertex 9.43692 7.33373 0.13498
      vertex 9.149 7.21935 0
      vertex 9.19879 7.57961 0.363542
    endloop
  endfacet
  facet normal -0.0992036 0.995067 0
    outer loop
      vertex -9.31104 8.21079 1
      vertex -9.40623 8.2013 3
      vertex -9.31104 8.21079 3
    endloop
  endfacet
  facet normal -0.0992036 0.995067 0
    outer loop
      vertex -9.40623 8.2013 3
      vertex -9.31104 8.21079 1
      vertex -9.40623 8.2013 1
    endloop
  endfacet
  facet normal 0.0717816 0.99742 -0
    outer loop
      vertex 9.44241 8.19907 1
      vertex 9.28595 8.21033 3
      vertex 9.44241 8.19907 3
    endloop
  endfacet
  facet normal 0.0717816 0.99742 0
    outer loop
      vertex 9.28595 8.21033 3
      vertex 9.44241 8.19907 1
      vertex 9.28595 8.21033 1
    endloop
  endfacet
  facet normal 0.0507827 0.705903 0.706486
    outer loop
      vertex 9.19879 7.57961 3.63646
      vertex 9.43692 7.33373 3.86502
      vertex 9.44241 8.19907 3
    endloop
  endfacet
  facet normal 0.0508016 0.705898 0.706489
    outer loop
      vertex 9.19879 7.57961 3.63646
      vertex 9.44241 8.19907 3
      vertex 9.28595 8.21033 3
    endloop
  endfacet
  facet normal 0.0507803 0.705902 0.706487
    outer loop
      vertex 9.149 7.21935 4
      vertex 9.43692 7.33373 3.86502
      vertex 9.19879 7.57961 3.63646
    endloop
  endfacet
  facet normal 0.0507694 0.705914 0.706475
    outer loop
      vertex 9.43692 7.33373 3.86502
      vertex 9.149 7.21935 4
      vertex 9.4193 7.19991 4
    endloop
  endfacet
  facet normal -0.0701665 0.703795 -0.706929
    outer loop
      vertex -9.40623 8.2013 1
      vertex -9.18051 7.21935 0
      vertex -9.3755 7.19991 0
    endloop
  endfacet
  facet normal -0.0701651 0.703795 -0.706929
    outer loop
      vertex -9.18051 7.21935 0
      vertex -9.40623 8.2013 1
      vertex -9.31104 8.21079 1
    endloop
  endfacet
  facet normal -0.0701651 0.703795 0.706929
    outer loop
      vertex -9.40623 8.2013 3
      vertex -9.18051 7.21935 4
      vertex -9.31104 8.21079 3
    endloop
  endfacet
  facet normal -0.0701665 0.703795 0.706929
    outer loop
      vertex -9.18051 7.21935 4
      vertex -9.40623 8.2013 3
      vertex -9.3755 7.19991 4
    endloop
  endfacet
  facet normal -0.249868 0.661677 0.706929
    outer loop
      vertex -8.95426 8.30768 3
      vertex -8.60397 7.37157 4
      vertex -8.53978 7.39581 4
    endloop
  endfacet
  facet normal -0.249776 0.661712 0.706929
    outer loop
      vertex -8.60397 7.37157 4
      vertex -8.95426 8.30768 3
      vertex -8.98666 8.29545 3
    endloop
  endfacet
  facet normal 0.317027 0.632746 -0.706489
    outer loop
      vertex 8.59517 7.37157 0
      vertex 8.54679 7.39581 0
      vertex 8.76426 7.77249 0.434949
    endloop
  endfacet
  facet normal -0.353148 0.935568 0
    outer loop
      vertex -8.95426 8.30768 1
      vertex -8.98666 8.29545 3
      vertex -8.95426 8.30768 3
    endloop
  endfacet
  facet normal -0.353148 0.935568 0
    outer loop
      vertex -8.98666 8.29545 3
      vertex -8.95426 8.30768 1
      vertex -8.98666 8.29545 1
    endloop
  endfacet
  facet normal -0.249868 0.661677 -0.706929
    outer loop
      vertex -8.60397 7.37157 0
      vertex -8.95426 8.30768 1
      vertex -8.53978 7.39581 0
    endloop
  endfacet
  facet normal -0.249776 0.661712 -0.706929
    outer loop
      vertex -8.95426 8.30768 1
      vertex -8.60397 7.37157 0
      vertex -8.98666 8.29545 1
    endloop
  endfacet
  facet normal 0.317027 0.632747 0.706488
    outer loop
      vertex 8.76426 7.77249 3.56505
      vertex 8.54679 7.39581 4
      vertex 8.59517 7.37157 4
    endloop
  endfacet
  facet normal -0.249921 0.661656 -0.706931
    outer loop
      vertex -9.10081 8.25233 1
      vertex -8.60397 7.37157 0
      vertex -8.80891 7.29416 0
    endloop
  endfacet
  facet normal -0.249937 0.661648 -0.706932
    outer loop
      vertex -8.60397 7.37157 0
      vertex -9.10081 8.25233 1
      vertex -8.98666 8.29545 1
    endloop
  endfacet
  facet normal 0.327539 0.944838 -0
    outer loop
      vertex 9.13224 8.24193 1
      vertex 8.98394 8.29334 3
      vertex 9.13224 8.24193 3
    endloop
  endfacet
  facet normal 0.327539 0.944838 0
    outer loop
      vertex 8.98394 8.29334 3
      vertex 9.13224 8.24193 1
      vertex 8.98394 8.29334 1
    endloop
  endfacet
  facet normal 0.231806 0.668679 0.706494
    outer loop
      vertex 8.76426 7.77249 3.56505
      vertex 9.13224 8.24193 3
      vertex 8.98394 8.29334 3
    endloop
  endfacet
  facet normal 0.231762 0.668703 0.706486
    outer loop
      vertex 9.13224 8.24193 3
      vertex 8.76426 7.77249 3.56505
      vertex 8.97682 7.67638 3.58629
    endloop
  endfacet
  facet normal 0.231759 0.668699 0.706491
    outer loop
      vertex 8.97682 7.67638 3.58629
      vertex 8.76426 7.77249 3.56505
      vertex 8.8185 7.29416 4
    endloop
  endfacet
  facet normal 0.231782 0.668697 0.706486
    outer loop
      vertex 8.8185 7.29416 4
      vertex 8.76426 7.77249 3.56505
      vertex 8.59517 7.37157 4
    endloop
  endfacet
  facet normal -0.249937 0.661648 0.706932
    outer loop
      vertex -9.10081 8.25233 3
      vertex -8.60397 7.37157 4
      vertex -8.98666 8.29545 3
    endloop
  endfacet
  facet normal -0.249921 0.661656 0.706931
    outer loop
      vertex -8.60397 7.37157 4
      vertex -9.10081 8.25233 3
      vertex -8.80891 7.29416 4
    endloop
  endfacet
  facet normal -0.353377 0.935481 0
    outer loop
      vertex -8.98666 8.29545 1
      vertex -9.10081 8.25233 3
      vertex -8.98666 8.29545 3
    endloop
  endfacet
  facet normal -0.353377 0.935481 0
    outer loop
      vertex -9.10081 8.25233 3
      vertex -8.98666 8.29545 1
      vertex -9.10081 8.25233 1
    endloop
  endfacet
  facet normal 0.23177 0.6687 -0.706487
    outer loop
      vertex 8.76426 7.77249 0.434949
      vertex 9.13224 8.24193 1
      vertex 8.97682 7.67638 0.413712
    endloop
  endfacet
  facet normal 0.231769 0.668697 -0.706489
    outer loop
      vertex 8.76426 7.77249 0.434949
      vertex 8.97682 7.67638 0.413712
      vertex 8.8185 7.29416 0
    endloop
  endfacet
  facet normal 0.231806 0.66868 -0.706494
    outer loop
      vertex 9.13224 8.24193 1
      vertex 8.76426 7.77249 0.434949
      vertex 8.98394 8.29334 1
    endloop
  endfacet
  facet normal 0.231781 0.668696 -0.706486
    outer loop
      vertex 8.76426 7.77249 0.434949
      vertex 8.8185 7.29416 0
      vertex 8.59517 7.37157 0
    endloop
  endfacet
  facet normal -0.334151 0.623371 -0.706931
    outer loop
      vertex -8.34451 7.50049 0
      vertex -8.81609 8.38175 1
      vertex -8.2861 7.5318 0
    endloop
  endfacet
  facet normal -0.33425 0.623318 -0.706931
    outer loop
      vertex -8.81609 8.38175 1
      vertex -8.34451 7.50049 0
      vertex -8.84451 8.36651 1
    endloop
  endfacet
  facet normal -0.334151 0.623371 0.706931
    outer loop
      vertex -8.81609 8.38175 3
      vertex -8.34451 7.50049 4
      vertex -8.2861 7.5318 4
    endloop
  endfacet
  facet normal -0.33425 0.623318 0.706931
    outer loop
      vertex -8.34451 7.50049 4
      vertex -8.81609 8.38175 3
      vertex -8.84451 8.36651 3
    endloop
  endfacet
  facet normal -0.472583 0.881286 0
    outer loop
      vertex -8.81609 8.38175 1
      vertex -8.84451 8.36651 3
      vertex -8.81609 8.38175 3
    endloop
  endfacet
  facet normal -0.472583 0.881286 0
    outer loop
      vertex -8.84451 8.36651 3
      vertex -8.81609 8.38175 1
      vertex -8.84451 8.36651 1
    endloop
  endfacet
  facet normal 0.396865 0.585981 -0.706488
    outer loop
      vertex 8.33792 7.50049 0
      vertex 8.29169 7.5318 0
      vertex 8.56462 7.88749 0.448336
    endloop
  endfacet
  facet normal 0.396867 0.585983 0.706484
    outer loop
      vertex 8.56462 7.88749 3.55166
      vertex 8.29169 7.5318 4
      vertex 8.33792 7.50049 4
    endloop
  endfacet
  facet normal -0.33417 0.623361 -0.706931
    outer loop
      vertex -8.95426 8.30768 1
      vertex -8.34451 7.50049 0
      vertex -8.53978 7.39581 0
    endloop
  endfacet
  facet normal -0.334151 0.623373 -0.706929
    outer loop
      vertex -8.34451 7.50049 0
      vertex -8.95426 8.30768 1
      vertex -8.84451 8.36651 1
    endloop
  endfacet
  facet normal 0.317089 0.632709 -0.706494
    outer loop
      vertex 8.56462 7.88749 0.448336
      vertex 8.98394 8.29334 1
      vertex 8.76426 7.77249 0.434949
    endloop
  endfacet
  facet normal 0.31708 0.632717 -0.706491
    outer loop
      vertex 8.98394 8.29334 1
      vertex 8.56462 7.88749 0.448336
      vertex 8.84358 8.36368 1
    endloop
  endfacet
  facet normal 0.317091 0.632712 -0.706491
    outer loop
      vertex 8.54679 7.39581 0
      vertex 8.56462 7.88749 0.448336
      vertex 8.76426 7.77249 0.434949
    endloop
  endfacet
  facet normal 0.317097 0.63271 -0.70649
    outer loop
      vertex 8.56462 7.88749 0.448336
      vertex 8.54679 7.39581 0
      vertex 8.33792 7.50049 0
    endloop
  endfacet
  facet normal -0.334151 0.623373 0.706929
    outer loop
      vertex -8.95426 8.30768 3
      vertex -8.34451 7.50049 4
      vertex -8.84451 8.36651 3
    endloop
  endfacet
  facet normal -0.33417 0.623361 0.706931
    outer loop
      vertex -8.34451 7.50049 4
      vertex -8.95426 8.30768 3
      vertex -8.53978 7.39581 4
    endloop
  endfacet
  facet normal -0.472442 0.881362 0
    outer loop
      vertex -8.84451 8.36651 1
      vertex -8.95426 8.30768 3
      vertex -8.84451 8.36651 3
    endloop
  endfacet
  facet normal -0.472442 0.881362 0
    outer loop
      vertex -8.95426 8.30768 3
      vertex -8.84451 8.36651 1
      vertex -8.95426 8.30768 1
    endloop
  endfacet
  facet normal 0.448029 0.894019 -0
    outer loop
      vertex 8.98394 8.29334 1
      vertex 8.84358 8.36368 3
      vertex 8.98394 8.29334 3
    endloop
  endfacet
  facet normal 0.448029 0.894019 0
    outer loop
      vertex 8.84358 8.36368 3
      vertex 8.98394 8.29334 1
      vertex 8.84358 8.36368 1
    endloop
  endfacet
  facet normal 0.317078 0.632714 0.706494
    outer loop
      vertex 8.56462 7.88749 3.55166
      vertex 8.98394 8.29334 3
      vertex 8.84358 8.36368 3
    endloop
  endfacet
  facet normal 0.317081 0.632713 0.706494
    outer loop
      vertex 8.98394 8.29334 3
      vertex 8.56462 7.88749 3.55166
      vertex 8.76426 7.77249 3.56505
    endloop
  endfacet
  facet normal 0.317083 0.632717 0.70649
    outer loop
      vertex 8.56462 7.88749 3.55166
      vertex 8.54679 7.39581 4
      vertex 8.76426 7.77249 3.56505
    endloop
  endfacet
  facet normal 0.317099 0.632713 0.706486
    outer loop
      vertex 8.54679 7.39581 4
      vertex 8.56462 7.88749 3.55166
      vertex 8.33792 7.50049 4
    endloop
  endfacet
  facet normal -0.412683 0.574404 -0.706932
    outer loop
      vertex -8.10516 7.6618 0
      vertex -8.68875 8.47324 1
      vertex -8.05238 7.69972 0
    endloop
  endfacet
  facet normal -0.41263 0.574442 -0.706932
    outer loop
      vertex -8.68875 8.47324 1
      vertex -8.10516 7.6618 0
      vertex -8.71392 8.45516 1
    endloop
  endfacet
  facet normal 0.470062 0.529068 -0.70649
    outer loop
      vertex 8.09976 7.6618 0
      vertex 8.05708 7.69972 0
      vertex 8.38161 8.02425 0.458956
    endloop
  endfacet
  facet normal -0.583403 0.812183 0
    outer loop
      vertex -8.68875 8.47324 1
      vertex -8.71392 8.45516 3
      vertex -8.68875 8.47324 3
    endloop
  endfacet
  facet normal -0.583403 0.812183 0
    outer loop
      vertex -8.71392 8.45516 3
      vertex -8.68875 8.47324 1
      vertex -8.71392 8.45516 1
    endloop
  endfacet
  facet normal -0.412683 0.574404 0.706932
    outer loop
      vertex -8.68875 8.47324 3
      vertex -8.10516 7.6618 4
      vertex -8.05238 7.69972 4
    endloop
  endfacet
  facet normal -0.41263 0.574442 0.706932
    outer loop
      vertex -8.10516 7.6618 4
      vertex -8.68875 8.47324 3
      vertex -8.71392 8.45516 3
    endloop
  endfacet
  facet normal 0.470064 0.52907 0.706487
    outer loop
      vertex 8.38161 8.02425 3.54104
      vertex 8.05708 7.69972 4
      vertex 8.09976 7.6618 4
    endloop
  endfacet
  facet normal -0.412689 0.5744 -0.706932
    outer loop
      vertex -8.81609 8.38175 1
      vertex -8.10516 7.6618 0
      vertex -8.2861 7.5318 0
    endloop
  endfacet
  facet normal -0.412703 0.574388 -0.706933
    outer loop
      vertex -8.10516 7.6618 0
      vertex -8.81609 8.38175 1
      vertex -8.71392 8.45516 1
    endloop
  endfacet
  facet normal -0.412703 0.574388 0.706933
    outer loop
      vertex -8.81609 8.38175 3
      vertex -8.10516 7.6618 4
      vertex -8.71392 8.45516 3
    endloop
  endfacet
  facet normal -0.412689 0.5744 0.706932
    outer loop
      vertex -8.10516 7.6618 4
      vertex -8.81609 8.38175 3
      vertex -8.2861 7.5318 4
    endloop
  endfacet
  facet normal -0.583507 0.812108 0
    outer loop
      vertex -8.71392 8.45516 1
      vertex -8.81609 8.38175 3
      vertex -8.71392 8.45516 3
    endloop
  endfacet
  facet normal -0.583507 0.812108 0
    outer loop
      vertex -8.81609 8.38175 3
      vertex -8.71392 8.45516 1
      vertex -8.81609 8.38175 1
    endloop
  endfacet
  facet normal 0.560799 0.827952 -0
    outer loop
      vertex 8.84358 8.36368 1
      vertex 8.71388 8.45153 3
      vertex 8.84358 8.36368 3
    endloop
  endfacet
  facet normal 0.560799 0.827952 0
    outer loop
      vertex 8.71388 8.45153 3
      vertex 8.84358 8.36368 1
      vertex 8.71388 8.45153 1
    endloop
  endfacet
  facet normal 0.396883 0.585965 -0.70649
    outer loop
      vertex 8.38161 8.02425 0.458956
      vertex 8.84358 8.36368 1
      vertex 8.56462 7.88749 0.448336
    endloop
  endfacet
  facet normal 0.396889 0.585959 -0.706492
    outer loop
      vertex 8.84358 8.36368 1
      vertex 8.38161 8.02425 0.458956
      vertex 8.71388 8.45153 1
    endloop
  endfacet
  facet normal 0.396885 0.585966 -0.706488
    outer loop
      vertex 8.29169 7.5318 0
      vertex 8.38161 8.02425 0.458956
      vertex 8.56462 7.88749 0.448336
    endloop
  endfacet
  facet normal 0.396891 0.585964 -0.706487
    outer loop
      vertex 8.38161 8.02425 0.458956
      vertex 8.29169 7.5318 0
      vertex 8.09976 7.6618 0
    endloop
  endfacet
  facet normal 0.396888 0.585957 0.706494
    outer loop
      vertex 8.38161 8.02425 3.54104
      vertex 8.84358 8.36368 3
      vertex 8.71388 8.45153 3
    endloop
  endfacet
  facet normal 0.396882 0.585963 0.706493
    outer loop
      vertex 8.84358 8.36368 3
      vertex 8.38161 8.02425 3.54104
      vertex 8.56462 7.88749 3.55166
    endloop
  endfacet
  facet normal 0.396887 0.585969 0.706485
    outer loop
      vertex 8.38161 8.02425 3.54104
      vertex 8.29169 7.5318 4
      vertex 8.56462 7.88749 3.55166
    endloop
  endfacet
  facet normal 0.396893 0.585966 0.706484
    outer loop
      vertex 8.29169 7.5318 4
      vertex 8.38161 8.02425 3.54104
      vertex 8.09976 7.6618 4
    endloop
  endfacet
  facet normal 0.590954 0.38941 -0.706494
    outer loop
      vertex 8.46371 8.65169 0.962311
      vertex 8.4263 8.77684 1
      vertex 8.49377 8.67445 1
    endloop
  endfacet
  facet normal 0.590958 0.38941 -0.70649
    outer loop
      vertex 8.33559 8.55467 0.801666
      vertex 8.4263 8.77684 1
      vertex 8.46371 8.65169 0.962311
    endloop
  endfacet
  facet normal 0.59094 0.389444 -0.706487
    outer loop
      vertex 7.56027 8.27684 0
      vertex 8.33559 8.55467 0.801666
      vertex 7.64133 8.15384 0
    endloop
  endfacet
  facet normal 0.590956 0.389412 -0.706491
    outer loop
      vertex 8.33559 8.55467 0.801666
      vertex 7.56027 8.27684 0
      vertex 8.4263 8.77684 1
    endloop
  endfacet
  facet normal -0.427431 0.904048 0
    outer loop
      vertex 1.9228 9.15181 1
      vertex 1.78109 9.08481 3
      vertex 1.9228 9.15181 3
    endloop
  endfacet
  facet normal -0.427431 0.904048 0
    outer loop
      vertex 1.78109 9.08481 3
      vertex 1.9228 9.15181 1
      vertex 1.78109 9.08481 1
    endloop
  endfacet
  facet normal -0.302425 0.639641 0.706681
    outer loop
      vertex 1.9228 9.15181 3
      vertex 2.14877 8.15384 4
      vertex 2.40892 8.27684 4
    endloop
  endfacet
  facet normal -0.302421 0.639642 0.706682
    outer loop
      vertex 2.14877 8.15384 4
      vertex 1.9228 9.15181 3
      vertex 1.78109 9.08481 3
    endloop
  endfacet
  facet normal 0.590962 0.389415 0.706484
    outer loop
      vertex 8.4263 8.77684 3
      vertex 8.46371 8.65169 3.03769
      vertex 8.49377 8.67445 3
    endloop
  endfacet
  facet normal 0.590942 0.389414 0.706502
    outer loop
      vertex 8.4263 8.77684 3
      vertex 8.33559 8.55467 3.19833
      vertex 8.46371 8.65169 3.03769
    endloop
  endfacet
  facet normal 0.590966 0.389396 0.706492
    outer loop
      vertex 7.56027 8.27684 4
      vertex 8.33559 8.55467 3.19833
      vertex 8.4263 8.77684 3
    endloop
  endfacet
  facet normal 0.590941 0.389445 0.706485
    outer loop
      vertex 8.33559 8.55467 3.19833
      vertex 7.56027 8.27684 4
      vertex 7.64133 8.15384 4
    endloop
  endfacet
  facet normal -0.302425 0.639641 -0.706681
    outer loop
      vertex 2.14877 8.15384 0
      vertex 1.9228 9.15181 1
      vertex 2.40892 8.27684 0
    endloop
  endfacet
  facet normal -0.302421 0.639642 -0.706682
    outer loop
      vertex 1.9228 9.15181 1
      vertex 2.14877 8.15384 0
      vertex 1.78109 9.08481 1
    endloop
  endfacet
  facet normal 0.835012 0.550232 0
    outer loop
      vertex 8.49377 8.67445 3
      vertex 8.4263 8.77684 1
      vertex 8.4263 8.77684 3
    endloop
  endfacet
  facet normal 0.835012 0.550232 0
    outer loop
      vertex 8.4263 8.77684 1
      vertex 8.49377 8.67445 3
      vertex 8.49377 8.67445 1
    endloop
  endfacet
  facet normal -0.216297 0.67366 -0.706681
    outer loop
      vertex 1.65019 8.96288 0.923838
      vertex 2.14877 8.15384 0
      vertex 1.8893 8.07053 0
    endloop
  endfacet
  facet normal -0.216316 0.673651 -0.706684
    outer loop
      vertex 2.14877 8.15384 0
      vertex 1.65019 8.96288 0.923838
      vertex 1.78109 9.08481 1
    endloop
  endfacet
  facet normal -0.216315 0.67365 -0.706685
    outer loop
      vertex 1.78109 9.08481 1
      vertex 1.65019 8.96288 0.923838
      vertex 1.63167 9.03683 1
    endloop
  endfacet
  facet normal -0.216324 0.673648 0.706684
    outer loop
      vertex 1.65019 8.96288 3.07616
      vertex 2.14877 8.15384 4
      vertex 1.78109 9.08481 3
    endloop
  endfacet
  facet normal -0.216297 0.67366 0.70668
    outer loop
      vertex 2.14877 8.15384 4
      vertex 1.65019 8.96288 3.07616
      vertex 1.8893 8.07053 4
    endloop
  endfacet
  facet normal -0.216312 0.673641 0.706694
    outer loop
      vertex 1.65019 8.96288 3.07616
      vertex 1.78109 9.08481 3
      vertex 1.63167 9.03683 3
    endloop
  endfacet
  facet normal 0.59095 0.389427 -0.706488
    outer loop
      vertex 7.69623 8.07053 0
      vertex 7.64133 8.15384 0
      vertex 8.33559 8.55467 0.801666
    endloop
  endfacet
  facet normal 0.590952 0.389428 0.706486
    outer loop
      vertex 8.33559 8.55467 3.19833
      vertex 7.64133 8.15384 4
      vertex 7.69623 8.07053 4
    endloop
  endfacet
  facet normal -0.305733 0.952117 0
    outer loop
      vertex 1.78109 9.08481 1
      vertex 1.63167 9.03683 3
      vertex 1.78109 9.08481 3
    endloop
  endfacet
  facet normal -0.305733 0.952117 0
    outer loop
      vertex 1.63167 9.03683 3
      vertex 1.78109 9.08481 1
      vertex 1.63167 9.03683 1
    endloop
  endfacet
  facet normal -0.484174 0.51558 -0.706932
    outer loop
      vertex -7.88907 7.85304 0
      vertex -8.57447 8.58053 1
      vertex -7.84261 7.89667 0
    endloop
  endfacet
  facet normal -0.484079 0.51567 -0.706932
    outer loop
      vertex -8.57447 8.58053 1
      vertex -7.88907 7.85304 0
      vertex -8.59618 8.56015 1
    endloop
  endfacet
  facet normal -0.484174 0.51558 0.706932
    outer loop
      vertex -8.57447 8.58053 3
      vertex -7.88907 7.85304 4
      vertex -7.84261 7.89667 4
    endloop
  endfacet
  facet normal -0.484079 0.51567 0.706932
    outer loop
      vertex -7.88907 7.85304 4
      vertex -8.57447 8.58053 3
      vertex -8.59618 8.56015 3
    endloop
  endfacet
  facet normal -0.684421 0.729087 0
    outer loop
      vertex -8.57447 8.58053 1
      vertex -8.59618 8.56015 3
      vertex -8.57447 8.58053 3
    endloop
  endfacet
  facet normal -0.684421 0.729087 0
    outer loop
      vertex -8.59618 8.56015 3
      vertex -8.57447 8.58053 1
      vertex -8.59618 8.56015 1
    endloop
  endfacet
  facet normal 0.535074 0.463208 0.706495
    outer loop
      vertex 8.2145 8.17885 3.53647
      vertex 7.84675 7.89667 4
      vertex 7.88452 7.85304 4
    endloop
  endfacet
  facet normal 0.535076 0.463209 -0.706492
    outer loop
      vertex 7.88452 7.85304 0
      vertex 7.84675 7.89667 0
      vertex 8.2145 8.17885 0.463533
    endloop
  endfacet
  facet normal -0.684468 0.729043 0
    outer loop
      vertex -8.59618 8.56015 1
      vertex -8.68875 8.47324 3
      vertex -8.59618 8.56015 3
    endloop
  endfacet
  facet normal -0.684468 0.729043 0
    outer loop
      vertex -8.68875 8.47324 3
      vertex -8.59618 8.56015 1
      vertex -8.68875 8.47324 1
    endloop
  endfacet
  facet normal 0.470051 0.529089 0.706482
    outer loop
      vertex 8.2145 8.17885 3.53647
      vertex 8.71388 8.45153 3
      vertex 8.59639 8.55591 3
    endloop
  endfacet
  facet normal 0.470101 0.529025 0.706496
    outer loop
      vertex 8.71388 8.45153 3
      vertex 8.2145 8.17885 3.53647
      vertex 8.38161 8.02425 3.54104
    endloop
  endfacet
  facet normal 0.470107 0.529031 0.706489
    outer loop
      vertex 8.2145 8.17885 3.53647
      vertex 8.05708 7.69972 4
      vertex 8.38161 8.02425 3.54104
    endloop
  endfacet
  facet normal 0.470066 0.529054 0.706499
    outer loop
      vertex 8.05708 7.69972 4
      vertex 8.2145 8.17885 3.53647
      vertex 7.88452 7.85304 4
    endloop
  endfacet
  facet normal 0.470087 0.529041 -0.706494
    outer loop
      vertex 8.2145 8.17885 0.463533
      vertex 8.71388 8.45153 1
      vertex 8.38161 8.02425 0.458956
    endloop
  endfacet
  facet normal 0.47005 0.529088 -0.706484
    outer loop
      vertex 8.71388 8.45153 1
      vertex 8.2145 8.17885 0.463533
      vertex 8.59639 8.55591 1
    endloop
  endfacet
  facet normal 0.470089 0.529043 -0.706491
    outer loop
      vertex 8.05708 7.69972 0
      vertex 8.2145 8.17885 0.463533
      vertex 8.38161 8.02425 0.458956
    endloop
  endfacet
  facet normal 0.470067 0.529056 -0.706496
    outer loop
      vertex 8.2145 8.17885 0.463533
      vertex 8.05708 7.69972 0
      vertex 7.88452 7.85304 0
    endloop
  endfacet
  facet normal -0.484111 0.515638 0.706933
    outer loop
      vertex -8.68875 8.47324 3
      vertex -7.88907 7.85304 4
      vertex -8.59618 8.56015 3
    endloop
  endfacet
  facet normal -0.484103 0.515647 0.706932
    outer loop
      vertex -7.88907 7.85304 4
      vertex -8.68875 8.47324 3
      vertex -8.05238 7.69972 4
    endloop
  endfacet
  facet normal -0.484103 0.515647 -0.706932
    outer loop
      vertex -8.68875 8.47324 1
      vertex -7.88907 7.85304 0
      vertex -8.05238 7.69972 0
    endloop
  endfacet
  facet normal -0.484111 0.515638 -0.706933
    outer loop
      vertex -7.88907 7.85304 0
      vertex -8.68875 8.47324 1
      vertex -8.59618 8.56015 1
    endloop
  endfacet
  facet normal 0.664166 0.747585 -0
    outer loop
      vertex 8.71388 8.45153 1
      vertex 8.59639 8.55591 3
      vertex 8.71388 8.45153 3
    endloop
  endfacet
  facet normal 0.664166 0.747585 0
    outer loop
      vertex 8.59639 8.55591 3
      vertex 8.71388 8.45153 1
      vertex 8.59639 8.55591 1
    endloop
  endfacet
  facet normal -0.457664 0.539573 -0.706685
    outer loop
      vertex 2.65079 8.43274 0
      vertex 2.45823 9.04491 0.592114
      vertex 2.87035 8.61897 0
    endloop
  endfacet
  facet normal -0.457677 0.539566 -0.706682
    outer loop
      vertex 2.05464 9.23679 1
      vertex 2.45823 9.04491 0.592114
      vertex 2.65079 8.43274 0
    endloop
  endfacet
  facet normal -0.45767 0.539576 -0.70668
    outer loop
      vertex 2.45823 9.04491 0.592114
      vertex 2.05464 9.23679 1
      vertex 2.17434 9.33832 1
    endloop
  endfacet
  facet normal -0.457663 0.539571 0.706688
    outer loop
      vertex 2.45823 9.04491 3.40789
      vertex 2.65079 8.43274 4
      vertex 2.87035 8.61897 4
    endloop
  endfacet
  facet normal -0.457672 0.539578 0.706676
    outer loop
      vertex 2.05464 9.23679 3
      vertex 2.45823 9.04491 3.40789
      vertex 2.17434 9.33832 3
    endloop
  endfacet
  facet normal -0.457688 0.539558 0.706682
    outer loop
      vertex 2.45823 9.04491 3.40789
      vertex 2.05464 9.23679 3
      vertex 2.65079 8.43274 4
    endloop
  endfacet
  facet normal -0.646853 0.762615 0
    outer loop
      vertex 2.17434 9.33832 1
      vertex 2.05464 9.23679 3
      vertex 2.17434 9.33832 3
    endloop
  endfacet
  facet normal -0.646853 0.762615 0
    outer loop
      vertex 2.05464 9.23679 3
      vertex 2.17434 9.33832 1
      vertex 2.05464 9.23679 1
    endloop
  endfacet
  facet normal 0.90559 0.424155 0
    outer loop
      vertex 8.40465 8.81542 3
      vertex 8.31742 9.00166 1
      vertex 8.31742 9.00166 3
    endloop
  endfacet
  facet normal 0.90559 0.424155 0
    outer loop
      vertex 8.31742 9.00166 1
      vertex 8.40465 8.81542 3
      vertex 8.40465 8.81542 1
    endloop
  endfacet
  facet normal 0.640678 0.300077 -0.706743
    outer loop
      vertex 7.48077 8.43274 0
      vertex 8.31742 9.00166 1
      vertex 8.40465 8.81542 1
    endloop
  endfacet
  facet normal 0.640686 0.300063 -0.706742
    outer loop
      vertex 8.31742 9.00166 1
      vertex 7.48077 8.43274 0
      vertex 7.39355 8.61897 0
    endloop
  endfacet
  facet normal 0.640678 0.300077 0.706743
    outer loop
      vertex 8.31742 9.00166 3
      vertex 7.48077 8.43274 4
      vertex 8.40465 8.81542 3
    endloop
  endfacet
  facet normal 0.640686 0.300063 0.706742
    outer loop
      vertex 7.48077 8.43274 4
      vertex 8.31742 9.00166 3
      vertex 7.39355 8.61897 4
    endloop
  endfacet
  facet normal -0.383327 0.594693 0.706683
    outer loop
      vertex 2.05464 9.23679 3
      vertex 2.46169 8.31085 4
      vertex 2.65079 8.43274 4
    endloop
  endfacet
  facet normal -0.383309 0.594702 0.706685
    outer loop
      vertex 2.46169 8.31085 4
      vertex 2.05464 9.23679 3
      vertex 1.96169 9.17688 3
    endloop
  endfacet
  facet normal 0.905645 0.424036 0
    outer loop
      vertex 8.41393 8.7956 3
      vertex 8.40465 8.81542 1
      vertex 8.40465 8.81542 3
    endloop
  endfacet
  facet normal 0.905645 0.424036 0
    outer loop
      vertex 8.40465 8.81542 1
      vertex 8.41393 8.7956 3
      vertex 8.41393 8.7956 1
    endloop
  endfacet
  facet normal 0.640679 0.300077 -0.706742
    outer loop
      vertex 7.48077 8.43274 0
      vertex 8.41393 8.7956 1
      vertex 7.53786 8.31085 0
    endloop
  endfacet
  facet normal 0.640715 0.299992 -0.706745
    outer loop
      vertex 8.41393 8.7956 1
      vertex 7.48077 8.43274 0
      vertex 8.40465 8.81542 1
    endloop
  endfacet
  facet normal -0.383327 0.594693 -0.706683
    outer loop
      vertex 2.46169 8.31085 0
      vertex 2.05464 9.23679 1
      vertex 2.65079 8.43274 0
    endloop
  endfacet
  facet normal -0.383309 0.594702 -0.706685
    outer loop
      vertex 2.05464 9.23679 1
      vertex 2.46169 8.31085 0
      vertex 1.96169 9.17688 1
    endloop
  endfacet
  facet normal 0.640715 0.299992 0.706745
    outer loop
      vertex 7.48077 8.43274 4
      vertex 8.41393 8.7956 3
      vertex 8.40465 8.81542 3
    endloop
  endfacet
  facet normal 0.640679 0.300077 0.706742
    outer loop
      vertex 8.41393 8.7956 3
      vertex 7.48077 8.43274 4
      vertex 7.53786 8.31085 4
    endloop
  endfacet
  facet normal -0.541758 0.840534 0
    outer loop
      vertex 2.05464 9.23679 1
      vertex 1.96169 9.17688 3
      vertex 2.05464 9.23679 3
    endloop
  endfacet
  facet normal -0.541758 0.840534 0
    outer loop
      vertex 1.96169 9.17688 3
      vertex 2.05464 9.23679 1
      vertex 1.96169 9.17688 1
    endloop
  endfacet
  facet normal -0.541817 0.840497 0
    outer loop
      vertex 1.96169 9.17688 1
      vertex 1.9228 9.15181 3
      vertex 1.96169 9.17688 3
    endloop
  endfacet
  facet normal -0.541817 0.840497 0
    outer loop
      vertex 1.9228 9.15181 3
      vertex 1.96169 9.17688 1
      vertex 1.9228 9.15181 1
    endloop
  endfacet
  facet normal -0.383291 0.594715 -0.706684
    outer loop
      vertex 1.9228 9.15181 1
      vertex 2.46169 8.31085 0
      vertex 2.40892 8.27684 0
    endloop
  endfacet
  facet normal -0.383352 0.594677 -0.706683
    outer loop
      vertex 2.46169 8.31085 0
      vertex 1.9228 9.15181 1
      vertex 1.96169 9.17688 1
    endloop
  endfacet
  facet normal 0.590844 0.389592 -0.706485
    outer loop
      vertex 7.56027 8.27684 0
      vertex 8.41393 8.7956 1
      vertex 8.4263 8.77684 1
    endloop
  endfacet
  facet normal 0.590965 0.389401 -0.706489
    outer loop
      vertex 8.41393 8.7956 1
      vertex 7.56027 8.27684 0
      vertex 7.53786 8.31085 0
    endloop
  endfacet
  facet normal -0.383352 0.594677 0.706683
    outer loop
      vertex 1.9228 9.15181 3
      vertex 2.46169 8.31085 4
      vertex 1.96169 9.17688 3
    endloop
  endfacet
  facet normal -0.383291 0.594715 0.706684
    outer loop
      vertex 2.46169 8.31085 4
      vertex 1.9228 9.15181 3
      vertex 2.40892 8.27684 4
    endloop
  endfacet
  facet normal 0.834847 0.550483 0
    outer loop
      vertex 8.4263 8.77684 3
      vertex 8.41393 8.7956 1
      vertex 8.41393 8.7956 3
    endloop
  endfacet
  facet normal 0.834847 0.550483 0
    outer loop
      vertex 8.41393 8.7956 1
      vertex 8.4263 8.77684 3
      vertex 8.4263 8.77684 1
    endloop
  endfacet
  facet normal 0.590844 0.389592 0.706485
    outer loop
      vertex 8.41393 8.7956 3
      vertex 7.56027 8.27684 4
      vertex 8.4263 8.77684 3
    endloop
  endfacet
  facet normal 0.590965 0.389401 0.706489
    outer loop
      vertex 7.56027 8.27684 4
      vertex 8.41393 8.7956 3
      vertex 7.53786 8.31085 4
    endloop
  endfacet
  facet normal 0.905639 0.424049 0
    outer loop
      vertex 8.31742 9.00166 3
      vertex 8.31403 9.0089 1
      vertex 8.31403 9.0089 3
    endloop
  endfacet
  facet normal 0.905639 0.424049 0
    outer loop
      vertex 8.31403 9.0089 1
      vertex 8.31742 9.00166 3
      vertex 8.31742 9.00166 1
    endloop
  endfacet
  facet normal 0.640713 0.300002 -0.706743
    outer loop
      vertex 7.39355 8.61897 0
      vertex 8.31403 9.0089 1
      vertex 8.31742 9.00166 1
    endloop
  endfacet
  facet normal 0.640539 0.300391 -0.706735
    outer loop
      vertex 8.31403 9.0089 1
      vertex 7.39355 8.61897 0
      vertex 7.39015 8.62622 0
    endloop
  endfacet
  facet normal -0.524282 0.475108 0.706683
    outer loop
      vertex 2.87692 8.62622 4
      vertex 2.45823 9.04491 3.40789
      vertex 2.87035 8.61897 4
    endloop
  endfacet
  facet normal -0.524283 0.475109 -0.706681
    outer loop
      vertex 2.87035 8.61897 0
      vertex 2.45823 9.04491 0.592114
      vertex 2.87692 8.62622 0
    endloop
  endfacet
  facet normal 0.640713 0.300002 0.706743
    outer loop
      vertex 8.31403 9.0089 3
      vertex 7.39355 8.61897 4
      vertex 8.31742 9.00166 3
    endloop
  endfacet
  facet normal 0.640539 0.300391 0.706735
    outer loop
      vertex 7.39355 8.61897 4
      vertex 8.31403 9.0089 3
      vertex 7.39015 8.62622 4
    endloop
  endfacet
  facet normal -0.822204 0.569193 0
    outer loop
      vertex 2.27965 9.45448 1
      vertex 2.36885 9.58333 3
      vertex 2.36885 9.58333 1
    endloop
  endfacet
  facet normal -0.822204 0.569193 0
    outer loop
      vertex 2.36885 9.58333 3
      vertex 2.27965 9.45448 1
      vertex 2.27965 9.45448 3
    endloop
  endfacet
  facet normal -0.581718 0.402741 0.706685
    outer loop
      vertex 2.36885 9.58333 3
      vertex 3.06358 8.83211 4
      vertex 3.22733 9.06863 4
    endloop
  endfacet
  facet normal -0.581735 0.402722 0.706682
    outer loop
      vertex 3.06358 8.83211 4
      vertex 2.36885 9.58333 3
      vertex 2.27965 9.45448 3
    endloop
  endfacet
  facet normal 0.66228 0.248341 -0.706903
    outer loop
      vertex 7.22425 9.06863 0
      vertex 8.23682 9.21479 1
      vertex 7.31294 8.83211 0
    endloop
  endfacet
  facet normal 0.662283 0.248332 -0.706904
    outer loop
      vertex 8.23682 9.21479 1
      vertex 7.22425 9.06863 0
      vertex 8.14813 9.45132 1
    endloop
  endfacet
  facet normal -0.581718 0.402741 -0.706685
    outer loop
      vertex 3.06358 8.83211 0
      vertex 2.36885 9.58333 1
      vertex 3.22733 9.06863 0
    endloop
  endfacet
  facet normal -0.581735 0.402722 -0.706682
    outer loop
      vertex 2.36885 9.58333 1
      vertex 3.06358 8.83211 0
      vertex 2.27965 9.45448 1
    endloop
  endfacet
  facet normal 0.662283 0.248332 0.706904
    outer loop
      vertex 7.22425 9.06863 4
      vertex 8.23682 9.21479 3
      vertex 8.14813 9.45132 3
    endloop
  endfacet
  facet normal 0.66228 0.248341 0.706903
    outer loop
      vertex 8.23682 9.21479 3
      vertex 7.22425 9.06863 4
      vertex 7.31294 8.83211 4
    endloop
  endfacet
  facet normal 0.936341 0.351093 0
    outer loop
      vertex 8.23682 9.21479 3
      vertex 8.14813 9.45132 1
      vertex 8.14813 9.45132 3
    endloop
  endfacet
  facet normal 0.936341 0.351093 0
    outer loop
      vertex 8.14813 9.45132 1
      vertex 8.23682 9.21479 3
      vertex 8.23682 9.21479 1
    endloop
  endfacet
  facet normal 0.662274 0.248357 0.706903
    outer loop
      vertex 7.31294 8.83211 4
      vertex 8.31403 9.0089 3
      vertex 8.23682 9.21479 3
    endloop
  endfacet
  facet normal 0.662274 0.248357 0.706903
    outer loop
      vertex 8.31403 9.0089 3
      vertex 7.31294 8.83211 4
      vertex 7.39015 8.62622 4
    endloop
  endfacet
  facet normal -0.524176 0.475218 0.706687
    outer loop
      vertex 3.06358 8.83211 4
      vertex 2.45823 9.04491 3.40789
      vertex 2.87692 8.62622 4
    endloop
  endfacet
  facet normal -0.524165 0.475238 0.706682
    outer loop
      vertex 2.27965 9.45448 3
      vertex 2.45823 9.04491 3.40789
      vertex 3.06358 8.83211 4
    endloop
  endfacet
  facet normal -0.524186 0.475224 0.706677
    outer loop
      vertex 2.45823 9.04491 3.40789
      vertex 2.27965 9.45448 3
      vertex 2.17434 9.33832 3
    endloop
  endfacet
  facet normal -0.74086 0.671659 0
    outer loop
      vertex 2.17434 9.33832 1
      vertex 2.27965 9.45448 3
      vertex 2.27965 9.45448 1
    endloop
  endfacet
  facet normal -0.74086 0.671659 0
    outer loop
      vertex 2.27965 9.45448 3
      vertex 2.17434 9.33832 1
      vertex 2.17434 9.33832 3
    endloop
  endfacet
  facet normal -0.524178 0.47522 -0.706685
    outer loop
      vertex 2.45823 9.04491 0.592114
      vertex 3.06358 8.83211 0
      vertex 2.87692 8.62622 0
    endloop
  endfacet
  facet normal -0.524173 0.475228 -0.706683
    outer loop
      vertex 2.45823 9.04491 0.592114
      vertex 2.27965 9.45448 1
      vertex 3.06358 8.83211 0
    endloop
  endfacet
  facet normal -0.524183 0.475221 -0.70668
    outer loop
      vertex 2.27965 9.45448 1
      vertex 2.45823 9.04491 0.592114
      vertex 2.17434 9.33832 1
    endloop
  endfacet
  facet normal 0.662274 0.248357 -0.706903
    outer loop
      vertex 7.31294 8.83211 0
      vertex 8.31403 9.0089 1
      vertex 7.39015 8.62622 0
    endloop
  endfacet
  facet normal 0.662274 0.248357 -0.706903
    outer loop
      vertex 8.31403 9.0089 1
      vertex 7.31294 8.83211 0
      vertex 8.23682 9.21479 1
    endloop
  endfacet
  facet normal 0.936327 0.351128 0
    outer loop
      vertex 8.31403 9.0089 3
      vertex 8.23682 9.21479 1
      vertex 8.23682 9.21479 3
    endloop
  endfacet
  facet normal 0.936327 0.351128 0
    outer loop
      vertex 8.23682 9.21479 1
      vertex 8.31403 9.0089 3
      vertex 8.31403 9.0089 1
    endloop
  endfacet
  facet normal 0.662273 0.248356 -0.706904
    outer loop
      vertex 7.12823 9.32468 0
      vertex 8.14813 9.45132 1
      vertex 7.22425 9.06863 0
    endloop
  endfacet
  facet normal 0.662271 0.248365 -0.706903
    outer loop
      vertex 8.14813 9.45132 1
      vertex 7.12823 9.32468 0
      vertex 8.05211 9.70736 1
    endloop
  endfacet
  facet normal -0.889417 0.457098 0
    outer loop
      vertex 2.36885 9.58333 1
      vertex 2.44061 9.72296 3
      vertex 2.44061 9.72296 1
    endloop
  endfacet
  facet normal -0.889417 0.457098 0
    outer loop
      vertex 2.44061 9.72296 3
      vertex 2.36885 9.58333 1
      vertex 2.36885 9.58333 3
    endloop
  endfacet
  facet normal 0.936323 0.351139 0
    outer loop
      vertex 8.14813 9.45132 3
      vertex 8.05211 9.70736 1
      vertex 8.05211 9.70736 3
    endloop
  endfacet
  facet normal 0.936323 0.351139 0
    outer loop
      vertex 8.05211 9.70736 1
      vertex 8.14813 9.45132 3
      vertex 8.14813 9.45132 1
    endloop
  endfacet
  facet normal 0.662271 0.248365 0.706903
    outer loop
      vertex 7.12823 9.32468 4
      vertex 8.14813 9.45132 3
      vertex 8.05211 9.70736 3
    endloop
  endfacet
  facet normal 0.662273 0.248356 0.706904
    outer loop
      vertex 8.14813 9.45132 3
      vertex 7.12823 9.32468 4
      vertex 7.22425 9.06863 4
    endloop
  endfacet
  facet normal -0.629312 0.323369 0.706682
    outer loop
      vertex 2.44061 9.72296 3
      vertex 3.22733 9.06863 4
      vertex 3.3589 9.32468 4
    endloop
  endfacet
  facet normal -0.629285 0.323408 0.706687
    outer loop
      vertex 3.22733 9.06863 4
      vertex 2.44061 9.72296 3
      vertex 2.36885 9.58333 3
    endloop
  endfacet
  facet normal -0.629312 0.323369 -0.706682
    outer loop
      vertex 3.22733 9.06863 0
      vertex 2.44061 9.72296 1
      vertex 3.3589 9.32468 0
    endloop
  endfacet
  facet normal -0.629285 0.323408 -0.706687
    outer loop
      vertex 2.44061 9.72296 1
      vertex 3.22733 9.06863 0
      vertex 2.36885 9.58333 1
    endloop
  endfacet
  facet normal 0.662278 0.248348 -0.706903
    outer loop
      vertex 7.02657 9.59578 0
      vertex 8.05211 9.70736 1
      vertex 7.12823 9.32468 0
    endloop
  endfacet
  facet normal 0.662278 0.248348 -0.706903
    outer loop
      vertex 8.05211 9.70736 1
      vertex 7.02657 9.59578 0
      vertex 7.95045 9.97846 1
    endloop
  endfacet
  facet normal -0.666158 0.238397 0.706683
    outer loop
      vertex 2.44061 9.72296 3
      vertex 3.45593 9.59578 4
      vertex 2.49905 9.88626 3
    endloop
  endfacet
  facet normal -0.666152 0.238424 0.70668
    outer loop
      vertex 3.45593 9.59578 4
      vertex 2.44061 9.72296 3
      vertex 3.3589 9.32468 4
    endloop
  endfacet
  facet normal 0.662278 0.248348 0.706903
    outer loop
      vertex 7.02657 9.59578 4
      vertex 8.05211 9.70736 3
      vertex 7.95045 9.97846 3
    endloop
  endfacet
  facet normal 0.662278 0.248348 0.706903
    outer loop
      vertex 8.05211 9.70736 3
      vertex 7.02657 9.59578 4
      vertex 7.12823 9.32468 4
    endloop
  endfacet
  facet normal -0.941525 0.336943 0
    outer loop
      vertex 2.44061 9.72296 1
      vertex 2.49905 9.88626 3
      vertex 2.49905 9.88626 1
    endloop
  endfacet
  facet normal -0.941525 0.336943 0
    outer loop
      vertex 2.49905 9.88626 3
      vertex 2.44061 9.72296 1
      vertex 2.44061 9.72296 3
    endloop
  endfacet
  facet normal 0.936332 0.351116 0
    outer loop
      vertex 8.05211 9.70736 3
      vertex 7.95045 9.97846 1
      vertex 7.95045 9.97846 3
    endloop
  endfacet
  facet normal 0.936332 0.351116 0
    outer loop
      vertex 7.95045 9.97846 1
      vertex 8.05211 9.70736 3
      vertex 8.05211 9.70736 1
    endloop
  endfacet
  facet normal -0.666152 0.238424 -0.70668
    outer loop
      vertex 2.44061 9.72296 1
      vertex 3.45593 9.59578 0
      vertex 3.3589 9.32468 0
    endloop
  endfacet
  facet normal -0.666158 0.238397 -0.706683
    outer loop
      vertex 3.45593 9.59578 0
      vertex 2.44061 9.72296 1
      vertex 2.49905 9.88626 1
    endloop
  endfacet
  facet normal 0.831332 0.555776 0
    outer loop
      vertex 6.99641 12.3692 3
      vertex 6.92374 12.4779 1
      vertex 6.92374 12.4779 3
    endloop
  endfacet
  facet normal 0.831332 0.555776 0
    outer loop
      vertex 6.92374 12.4779 1
      vertex 6.99641 12.3692 3
      vertex 6.99641 12.3692 1
    endloop
  endfacet
  facet normal 0.84984 0.527041 0
    outer loop
      vertex 7.07914 12.2358 3
      vertex 6.99641 12.3692 1
      vertex 6.99641 12.3692 3
    endloop
  endfacet
  facet normal 0.84984 0.527041 0
    outer loop
      vertex 6.99641 12.3692 1
      vertex 7.07914 12.2358 3
      vertex 7.07914 12.2358 1
    endloop
  endfacet
  facet normal 0.684323 0.729179 -0
    outer loop
      vertex 6.73807 12.6978 1
      vertex 6.62363 12.8052 3
      vertex 6.73807 12.6978 3
    endloop
  endfacet
  facet normal 0.684323 0.729179 0
    outer loop
      vertex 6.62363 12.8052 3
      vertex 6.73807 12.6978 1
      vertex 6.62363 12.8052 1
    endloop
  endfacet
  facet normal -0.411546 0.911389 0
    outer loop
      vertex 4.35011 13.2189 1
      vertex 4.20705 13.1543 3
      vertex 4.35011 13.2189 3
    endloop
  endfacet
  facet normal -0.411546 0.911389 0
    outer loop
      vertex 4.20705 13.1543 3
      vertex 4.35011 13.2189 1
      vertex 4.20705 13.1543 1
    endloop
  endfacet
  facet normal 0.601078 0.372768 0.70693
    outer loop
      vertex 6.99641 12.3692 3
      vertex 6.21312 11.7358 4
      vertex 7.07914 12.2358 3
    endloop
  endfacet
  facet normal 0.601078 0.372768 0.70693
    outer loop
      vertex 6.21312 11.7358 4
      vertex 6.99641 12.3692 3
      vertex 6.13039 11.8692 4
    endloop
  endfacet
  facet normal 0.583496 0.812116 -0
    outer loop
      vertex 6.52528 12.8914 1
      vertex 6.39779 12.983 3
      vertex 6.52528 12.8914 3
    endloop
  endfacet
  facet normal 0.583496 0.812116 0
    outer loop
      vertex 6.39779 12.983 3
      vertex 6.52528 12.8914 1
      vertex 6.39779 12.983 1
    endloop
  endfacet
  facet normal 0.634833 0.313141 0.706349
    outer loop
      vertex 7.07914 12.2358 3
      vertex 6.21312 11.7358 4
      vertex 7.137 12.1185 3
    endloop
  endfacet
  facet normal 0.659127 0.752032 -0
    outer loop
      vertex 6.62363 12.8052 1
      vertex 6.52528 12.8914 3
      vertex 6.62363 12.8052 3
    endloop
  endfacet
  facet normal 0.659127 0.752032 0
    outer loop
      vertex 6.52528 12.8914 3
      vertex 6.62363 12.8052 1
      vertex 6.52528 12.8914 1
    endloop
  endfacet
  facet normal -0.633328 0.773883 0
    outer loop
      vertex 3.84757 12.941 1
      vertex 3.72611 12.8416 3
      vertex 3.84757 12.941 3
    endloop
  endfacet
  facet normal -0.633328 0.773883 0
    outer loop
      vertex 3.72611 12.8416 3
      vertex 3.84757 12.941 1
      vertex 3.72611 12.8416 1
    endloop
  endfacet
  facet normal 0.313273 0.63477 0.706348
    outer loop
      vertex 6.03338 13.1877 3
      vertex 5.6507 12.2638 4
      vertex 6.1507 13.1298 3
    endloop
  endfacet
  facet normal 0.0465374 0.706341 0.706341
    outer loop
      vertex 5.19484 13.3707 3
      vertex 5.19484 12.3707 4
      vertex 5.32537 13.3621 3
    endloop
  endfacet
  facet normal -0.670261 0.227661 0.706344
    outer loop
      vertex 3.07643 11.8837 3
      vertex 3.03438 11.7599 3
      vertex 4.00031 11.5011 4
    endloop
  endfacet
  facet normal -0.161816 0.986821 0
    outer loop
      vertex 4.90742 13.3572 1
      vertex 4.75252 13.3318 3
      vertex 4.90742 13.3572 3
    endloop
  endfacet
  facet normal -0.161816 0.986821 0
    outer loop
      vertex 4.75252 13.3318 3
      vertex 4.90742 13.3572 1
      vertex 4.75252 13.3318 1
    endloop
  endfacet
  facet normal -0.515584 0.484171 0.706932
    outer loop
      vertex 3.52033 12.6409 3
      vertex 4.33487 12.0482 4
      vertex 3.62776 12.7553 3
    endloop
  endfacet
  facet normal -0.515563 0.484196 0.706929
    outer loop
      vertex 4.33487 12.0482 4
      vertex 3.52033 12.6409 3
      vertex 4.22743 11.9338 4
    endloop
  endfacet
  facet normal 0.54737 0.447942 0.706918
    outer loop
      vertex 6.82431 12.5994 3
      vertex 6.13039 11.8692 4
      vertex 6.92374 12.4779 3
    endloop
  endfacet
  facet normal 0.547175 0.448152 0.706936
    outer loop
      vertex 6.13039 11.8692 4
      vertex 6.82431 12.5994 3
      vertex 6.03096 11.9906 4
    endloop
  endfacet
  facet normal 0.93633 0.351122 0
    outer loop
      vertex 7.95045 9.97846 3
      vertex 7.2016 11.9754 1
      vertex 7.2016 11.9754 3
    endloop
  endfacet
  facet normal 0.93633 0.351122 0
    outer loop
      vertex 7.2016 11.9754 1
      vertex 7.95045 9.97846 3
      vertex 7.95045 9.97846 1
    endloop
  endfacet
  facet normal -0.588609 0.393199 0.706353
    outer loop
      vertex 3.3425 12.4151 3
      vertex 3.26982 12.3063 3
      vertex 4.13585 11.8063 4
    endloop
  endfacet
  facet normal -0.634946 0.31293 0.706341
    outer loop
      vertex 3.19567 12.168 3
      vertex 3.13781 12.0506 3
      vertex 4.06169 11.668 4
    endloop
  endfacet
  facet normal -0.574309 0.412835 0.706921
    outer loop
      vertex 3.3425 12.4151 3
      vertex 4.22743 11.9338 4
      vertex 3.43408 12.5425 3
    endloop
  endfacet
  facet normal -0.574449 0.412612 0.706937
    outer loop
      vertex 4.22743 11.9338 4
      vertex 3.3425 12.4151 3
      vertex 4.13585 11.8063 4
    endloop
  endfacet
  facet normal 0.644639 0.291011 0.706932
    outer loop
      vertex 7.137 12.1185 3
      vertex 6.27773 11.5927 4
      vertex 7.2016 11.9754 3
    endloop
  endfacet
  facet normal 0.64462 0.291047 0.706935
    outer loop
      vertex 6.27773 11.5927 4
      vertex 7.137 12.1185 3
      vertex 6.21312 11.7358 4
    endloop
  endfacet
  facet normal -0.291076 0.644603 0.706938
    outer loop
      vertex 4.20705 13.1543 3
      vertex 4.73279 12.295 4
      vertex 4.35011 13.2189 3
    endloop
  endfacet
  facet normal -0.291093 0.644595 0.706939
    outer loop
      vertex 4.73279 12.295 4
      vertex 4.20705 13.1543 3
      vertex 4.58974 12.2304 4
    endloop
  endfacet
  facet normal 0.161315 0.688652 0.70692
    outer loop
      vertex 5.60985 13.321 3
      vertex 5.50386 12.3193 4
      vertex 5.76268 13.2852 3
    endloop
  endfacet
  facet normal 0.161315 0.688652 0.70692
    outer loop
      vertex 5.50386 12.3193 4
      vertex 5.60985 13.321 3
      vertex 5.35103 12.3551 4
    endloop
  endfacet
  facet normal -0.532327 0.466597 0.706339
    outer loop
      vertex 3.52033 12.6409 3
      vertex 3.43408 12.5425 3
      vertex 4.22743 11.9338 4
    endloop
  endfacet
  facet normal 0.662277 0.248353 0.706902
    outer loop
      vertex 6.27773 11.5927 4
      vertex 7.95045 9.97846 3
      vertex 7.2016 11.9754 3
    endloop
  endfacet
  facet normal 0.662276 0.248352 0.706903
    outer loop
      vertex 7.95045 9.97846 3
      vertex 6.27773 11.5927 4
      vertex 7.02657 9.59578 4
    endloop
  endfacet
  facet normal -0.393367 0.588481 -0.706366
    outer loop
      vertex 4.45633 12.1476 0
      vertex 3.84757 12.941 1
      vertex 3.95633 13.0137 1
    endloop
  endfacet
  facet normal 0.472195 0.881494 -0
    outer loop
      vertex 6.28903 13.0557 1
      vertex 6.1507 13.1298 3
      vertex 6.28903 13.0557 3
    endloop
  endfacet
  facet normal 0.472195 0.881494 0
    outer loop
      vertex 6.1507 13.1298 3
      vertex 6.28903 13.0557 1
      vertex 6.1507 13.1298 1
    endloop
  endfacet
  facet normal -0.946871 0.321615 0
    outer loop
      vertex 3.03438 11.7599 1
      vertex 3.07643 11.8837 3
      vertex 3.07643 11.8837 1
    endloop
  endfacet
  facet normal -0.946871 0.321615 0
    outer loop
      vertex 3.07643 11.8837 3
      vertex 3.03438 11.7599 1
      vertex 3.03438 11.7599 3
    endloop
  endfacet
  facet normal -0.670261 0.227661 -0.706344
    outer loop
      vertex 4.00031 11.5011 0
      vertex 3.03438 11.7599 1
      vertex 3.07643 11.8837 1
    endloop
  endfacet
  facet normal 0.532335 0.466551 0.706364
    outer loop
      vertex 6.73807 12.6978 3
      vertex 6.03096 11.9906 4
      vertex 6.82431 12.5994 3
    endloop
  endfacet
  facet normal -0.0657427 0.997837 0
    outer loop
      vertex 5.03795 13.3658 1
      vertex 4.90742 13.3572 3
      vertex 5.03795 13.3658 3
    endloop
  endfacet
  facet normal -0.0657427 0.997837 0
    outer loop
      vertex 4.90742 13.3572 3
      vertex 5.03795 13.3658 1
      vertex 4.90742 13.3572 1
    endloop
  endfacet
  facet normal -0.555723 0.831368 0
    outer loop
      vertex 3.95633 13.0137 1
      vertex 3.84757 12.941 3
      vertex 3.95633 13.0137 3
    endloop
  endfacet
  facet normal -0.555723 0.831368 0
    outer loop
      vertex 3.84757 12.941 3
      vertex 3.95633 13.0137 1
      vertex 3.84757 12.941 1
    endloop
  endfacet
  facet normal -0.659559 0.751653 0
    outer loop
      vertex 3.72611 12.8416 1
      vertex 3.62776 12.7553 3
      vertex 3.72611 12.8416 3
    endloop
  endfacet
  facet normal -0.659559 0.751653 0
    outer loop
      vertex 3.62776 12.7553 3
      vertex 3.72611 12.8416 1
      vertex 3.62776 12.7553 1
    endloop
  endfacet
  facet normal -0.447933 0.547343 0.706945
    outer loop
      vertex 3.72611 12.8416 3
      vertex 4.45633 12.1476 4
      vertex 3.84757 12.941 3
    endloop
  endfacet
  facet normal -0.447933 0.547343 0.706945
    outer loop
      vertex 4.45633 12.1476 4
      vertex 3.72611 12.8416 3
      vertex 4.33487 12.0482 4
    endloop
  endfacet
  facet normal -0.623339 0.334205 0.706933
    outer loop
      vertex 3.19567 12.168 3
      vertex 4.13585 11.8063 4
      vertex 3.26982 12.3063 3
    endloop
  endfacet
  facet normal -0.623323 0.334242 0.706931
    outer loop
      vertex 4.13585 11.8063 4
      vertex 3.19567 12.168 3
      vertex 4.06169 11.668 4
    endloop
  endfacet
  facet normal -0.679947 0.194271 0.707058
    outer loop
      vertex 3.03438 11.7599 3
      vertex 3.45593 9.59578 4
      vertex 4.00031 11.5011 4
    endloop
  endfacet
  facet normal -0.679946 0.194272 0.707059
    outer loop
      vertex 3.45593 9.59578 4
      vertex 3.03438 11.7599 3
      vertex 2.49905 9.88626 3
    endloop
  endfacet
  facet normal -0.372652 0.601154 0.706926
    outer loop
      vertex 3.95633 13.0137 3
      vertex 4.58974 12.2304 4
      vertex 4.08974 13.0964 3
    endloop
  endfacet
  facet normal -0.372964 0.600932 0.70695
    outer loop
      vertex 4.58974 12.2304 4
      vertex 3.95633 13.0137 3
      vertex 4.45633 12.1476 4
    endloop
  endfacet
  facet normal -0.372964 0.600932 -0.70695
    outer loop
      vertex 3.95633 13.0137 1
      vertex 4.58974 12.2304 0
      vertex 4.45633 12.1476 0
    endloop
  endfacet
  facet normal -0.372652 0.601154 -0.706926
    outer loop
      vertex 4.58974 12.2304 0
      vertex 3.95633 13.0137 1
      vertex 4.08974 13.0964 1
    endloop
  endfacet
  facet normal 0.89683 0.442375 0
    outer loop
      vertex 7.137 12.1185 3
      vertex 7.07914 12.2358 1
      vertex 7.07914 12.2358 3
    endloop
  endfacet
  facet normal 0.89683 0.442375 0
    outer loop
      vertex 7.07914 12.2358 1
      vertex 7.137 12.1185 3
      vertex 7.137 12.1185 1
    endloop
  endfacet
  facet normal 0.353552 0.935415 -0
    outer loop
      vertex 6.03338 13.1877 1
      vertex 5.88654 13.2432 3
      vertex 6.03338 13.1877 3
    endloop
  endfacet
  facet normal 0.353552 0.935415 0
    outer loop
      vertex 5.88654 13.2432 3
      vertex 6.03338 13.1877 1
      vertex 5.88654 13.2432 1
    endloop
  endfacet
  facet normal 0.483994 0.515719 0.706954
    outer loop
      vertex 6.62363 12.8052 3
      vertex 6.03096 11.9906 4
      vertex 6.73807 12.6978 3
    endloop
  endfacet
  facet normal 0.484247 0.51551 0.706933
    outer loop
      vertex 6.03096 11.9906 4
      vertex 6.62363 12.8052 3
      vertex 5.91652 12.0981 4
    endloop
  endfacet
  facet normal -0.89698 0.442072 0
    outer loop
      vertex 3.13781 12.0506 1
      vertex 3.19567 12.168 3
      vertex 3.19567 12.168 1
    endloop
  endfacet
  facet normal -0.89698 0.442072 0
    outer loop
      vertex 3.19567 12.168 3
      vertex 3.13781 12.0506 1
      vertex 3.13781 12.0506 3
    endloop
  endfacet
  facet normal -0.227318 0.670373 0.706348
    outer loop
      vertex 4.47397 13.2609 3
      vertex 4.35011 13.2189 3
      vertex 4.73279 12.295 4
    endloop
  endfacet
  facet normal 0.33398 0.623475 0.70692
    outer loop
      vertex 6.1507 13.1298 3
      vertex 5.78903 12.1897 4
      vertex 6.28903 13.0557 3
    endloop
  endfacet
  facet normal 0.33398 0.623475 0.70692
    outer loop
      vertex 5.78903 12.1897 4
      vertex 6.1507 13.1298 3
      vertex 5.6507 12.2638 4
    endloop
  endfacet
  facet normal 0.250058 0.661595 0.70694
    outer loop
      vertex 5.88654 13.2432 3
      vertex 5.6507 12.2638 4
      vertex 6.03338 13.1877 3
    endloop
  endfacet
  facet normal 0.250058 0.661595 0.70694
    outer loop
      vertex 5.6507 12.2638 4
      vertex 5.88654 13.2432 3
      vertex 5.50386 12.3193 4
    endloop
  endfacet
  facet normal 0.227318 0.670373 -0.706348
    outer loop
      vertex 5.88654 13.2432 1
      vertex 5.50386 12.3193 0
      vertex 5.76268 13.2852 1
    endloop
  endfacet
  facet normal -0.0312169 0.999513 0
    outer loop
      vertex 5.19484 13.3707 1
      vertex 5.03795 13.3658 3
      vertex 5.19484 13.3707 3
    endloop
  endfacet
  facet normal -0.0312169 0.999513 0
    outer loop
      vertex 5.03795 13.3658 3
      vertex 5.19484 13.3707 1
      vertex 5.03795 13.3658 1
    endloop
  endfacet
  facet normal 0.250058 0.661595 -0.70694
    outer loop
      vertex 5.6507 12.2638 0
      vertex 5.88654 13.2432 1
      vertex 6.03338 13.1877 1
    endloop
  endfacet
  facet normal 0.250058 0.661595 -0.70694
    outer loop
      vertex 5.88654 13.2432 1
      vertex 5.6507 12.2638 0
      vertex 5.50386 12.3193 0
    endloop
  endfacet
  facet normal 0.321132 0.947034 -0
    outer loop
      vertex 5.88654 13.2432 1
      vertex 5.76268 13.2852 3
      vertex 5.88654 13.2432 3
    endloop
  endfacet
  facet normal 0.321132 0.947034 0
    outer loop
      vertex 5.76268 13.2852 3
      vertex 5.88654 13.2432 1
      vertex 5.76268 13.2852 1
    endloop
  endfacet
  facet normal -0.19494 0.980815 0
    outer loop
      vertex 4.75252 13.3318 1
      vertex 4.62422 13.3063 3
      vertex 4.75252 13.3318 3
    endloop
  endfacet
  facet normal -0.19494 0.980815 0
    outer loop
      vertex 4.62422 13.3063 3
      vertex 4.75252 13.3318 1
      vertex 4.62422 13.3063 1
    endloop
  endfacet
  facet normal -0.0465374 0.706341 0.706341
    outer loop
      vertex 5.03795 13.3658 3
      vertex 4.90742 13.3572 3
      vertex 5.03795 12.3658 4
    endloop
  endfacet
  facet normal 0.0987593 0.995111 -0
    outer loop
      vertex 5.48155 13.3466 1
      vertex 5.32537 13.3621 3
      vertex 5.48155 13.3466 3
    endloop
  endfacet
  facet normal 0.0987593 0.995111 0
    outer loop
      vertex 5.32537 13.3621 3
      vertex 5.48155 13.3466 1
      vertex 5.32537 13.3621 1
    endloop
  endfacet
  facet normal -0.728965 0.684551 0
    outer loop
      vertex 3.52033 12.6409 1
      vertex 3.62776 12.7553 3
      vertex 3.62776 12.7553 1
    endloop
  endfacet
  facet normal -0.728965 0.684551 0
    outer loop
      vertex 3.62776 12.7553 3
      vertex 3.52033 12.6409 1
      vertex 3.52033 12.6409 3
    endloop
  endfacet
  facet normal -0.393367 0.588481 0.706366
    outer loop
      vertex 3.95633 13.0137 3
      vertex 3.84757 12.941 3
      vertex 4.45633 12.1476 4
    endloop
  endfacet
  facet normal 0.195675 0.980669 -0
    outer loop
      vertex 5.60985 13.321 1
      vertex 5.48155 13.3466 3
      vertex 5.60985 13.321 3
    endloop
  endfacet
  facet normal 0.195675 0.980669 0
    outer loop
      vertex 5.48155 13.3466 3
      vertex 5.60985 13.321 1
      vertex 5.48155 13.3466 1
    endloop
  endfacet
  facet normal -0.679947 0.194271 -0.707058
    outer loop
      vertex 3.45593 9.59578 0
      vertex 3.03438 11.7599 1
      vertex 4.00031 11.5011 0
    endloop
  endfacet
  facet normal -0.679946 0.194272 -0.707059
    outer loop
      vertex 3.03438 11.7599 1
      vertex 3.45593 9.59578 0
      vertex 2.49905 9.88626 1
    endloop
  endfacet
  facet normal 0.393383 0.588505 -0.706337
    outer loop
      vertex 6.39779 12.983 1
      vertex 5.78903 12.1897 0
      vertex 6.28903 13.0557 1
    endloop
  endfacet
  facet normal 0.0657427 0.997837 -0
    outer loop
      vertex 5.32537 13.3621 1
      vertex 5.19484 13.3707 3
      vertex 5.32537 13.3621 3
    endloop
  endfacet
  facet normal 0.0657427 0.997837 0
    outer loop
      vertex 5.19484 13.3707 3
      vertex 5.32537 13.3621 1
      vertex 5.19484 13.3707 1
    endloop
  endfacet
  facet normal -0.663929 0.24417 0.70681
    outer loop
      vertex 3.07643 11.8837 3
      vertex 4.06169 11.668 4
      vertex 3.13781 12.0506 3
    endloop
  endfacet
  facet normal -0.663929 0.24417 0.70681
    outer loop
      vertex 4.06169 11.668 4
      vertex 3.07643 11.8837 3
      vertex 4.00031 11.5011 4
    endloop
  endfacet
  facet normal -0.881319 0.472522 0
    outer loop
      vertex 3.19567 12.168 1
      vertex 3.26982 12.3063 3
      vertex 3.26982 12.3063 1
    endloop
  endfacet
  facet normal -0.881319 0.472522 0
    outer loop
      vertex 3.26982 12.3063 3
      vertex 3.19567 12.168 1
      vertex 3.19567 12.168 3
    endloop
  endfacet
  facet normal 0.412705 0.574408 -0.706916
    outer loop
      vertex 5.91652 12.0981 0
      vertex 6.39779 12.983 1
      vertex 6.52528 12.8914 1
    endloop
  endfacet
  facet normal 0.412705 0.574408 -0.706916
    outer loop
      vertex 6.39779 12.983 1
      vertex 5.91652 12.0981 0
      vertex 5.78903 12.1897 0
    endloop
  endfacet
  facet normal 0.773892 0.633318 0
    outer loop
      vertex 6.92374 12.4779 3
      vertex 6.82431 12.5994 1
      vertex 6.82431 12.5994 3
    endloop
  endfacet
  facet normal 0.773892 0.633318 0
    outer loop
      vertex 6.82431 12.5994 1
      vertex 6.92374 12.4779 3
      vertex 6.92374 12.4779 1
    endloop
  endfacet
  facet normal 0.393383 0.588505 0.706337
    outer loop
      vertex 6.28903 13.0557 3
      vertex 5.78903 12.1897 4
      vertex 6.39779 12.983 3
    endloop
  endfacet
  facet normal 0.412705 0.574408 0.706916
    outer loop
      vertex 6.39779 12.983 3
      vertex 5.91652 12.0981 4
      vertex 6.52528 12.8914 3
    endloop
  endfacet
  facet normal 0.412705 0.574408 0.706916
    outer loop
      vertex 5.91652 12.0981 4
      vertex 6.39779 12.983 3
      vertex 5.78903 12.1897 4
    endloop
  endfacet
  facet normal -0.204582 0.677059 0.706921
    outer loop
      vertex 4.47397 13.2609 3
      vertex 4.88304 12.3404 4
      vertex 4.62422 13.3063 3
    endloop
  endfacet
  facet normal -0.204582 0.677059 0.706921
    outer loop
      vertex 4.88304 12.3404 4
      vertex 4.47397 13.2609 3
      vertex 4.73279 12.295 4
    endloop
  endfacet
  facet normal 0.0698493 0.703811 0.706945
    outer loop
      vertex 5.32537 13.3621 3
      vertex 5.35103 12.3551 4
      vertex 5.48155 13.3466 3
    endloop
  endfacet
  facet normal 0.0702938 0.703794 0.706917
    outer loop
      vertex 5.35103 12.3551 4
      vertex 5.32537 13.3621 3
      vertex 5.19484 12.3707 4
    endloop
  endfacet
  facet normal 0.13851 0.694176 0.706353
    outer loop
      vertex 5.48155 13.3466 3
      vertex 5.35103 12.3551 4
      vertex 5.60985 13.321 3
    endloop
  endfacet
  facet normal 0.911432 0.41145 0
    outer loop
      vertex 7.2016 11.9754 3
      vertex 7.137 12.1185 1
      vertex 7.137 12.1185 3
    endloop
  endfacet
  facet normal 0.911432 0.41145 0
    outer loop
      vertex 7.137 12.1185 1
      vertex 7.2016 11.9754 3
      vertex 7.2016 11.9754 1
    endloop
  endfacet
  facet normal 0.555723 0.831368 -0
    outer loop
      vertex 6.39779 12.983 1
      vertex 6.28903 13.0557 3
      vertex 6.39779 12.983 3
    endloop
  endfacet
  facet normal 0.555723 0.831368 0
    outer loop
      vertex 6.28903 13.0557 3
      vertex 6.39779 12.983 1
      vertex 6.28903 13.0557 1
    endloop
  endfacet
  facet normal -0.938543 0.345163 0
    outer loop
      vertex 3.07643 11.8837 1
      vertex 3.13781 12.0506 3
      vertex 3.13781 12.0506 1
    endloop
  endfacet
  facet normal -0.938543 0.345163 0
    outer loop
      vertex 3.13781 12.0506 3
      vertex 3.07643 11.8837 1
      vertex 3.07643 11.8837 3
    endloop
  endfacet
  facet normal 0.228073 0.973644 -0
    outer loop
      vertex 5.76268 13.2852 1
      vertex 5.60985 13.321 3
      vertex 5.76268 13.2852 3
    endloop
  endfacet
  facet normal 0.228073 0.973644 0
    outer loop
      vertex 5.60985 13.321 3
      vertex 5.76268 13.2852 1
      vertex 5.60985 13.321 1
    endloop
  endfacet
  facet normal -0.313294 0.634759 0.706348
    outer loop
      vertex 4.20705 13.1543 3
      vertex 4.08974 13.0964 3
      vertex 4.58974 12.2304 4
    endloop
  endfacet
  facet normal -0.466875 0.532064 0.706354
    outer loop
      vertex 3.72611 12.8416 3
      vertex 3.62776 12.7553 3
      vertex 4.33487 12.0482 4
    endloop
  endfacet
  facet normal -0.442591 0.896724 0
    outer loop
      vertex 4.20705 13.1543 1
      vertex 4.08974 13.0964 3
      vertex 4.20705 13.1543 3
    endloop
  endfacet
  facet normal -0.442591 0.896724 0
    outer loop
      vertex 4.08974 13.0964 3
      vertex 4.20705 13.1543 1
      vertex 4.08974 13.0964 1
    endloop
  endfacet
  facet normal -0.961523 0.274723 0
    outer loop
      vertex 2.49905 9.88626 1
      vertex 3.03438 11.7599 3
      vertex 3.03438 11.7599 1
    endloop
  endfacet
  facet normal -0.961523 0.274723 0
    outer loop
      vertex 3.03438 11.7599 3
      vertex 2.49905 9.88626 1
      vertex 2.49905 9.88626 3
    endloop
  endfacet
  facet normal -0.515563 0.484196 -0.706929
    outer loop
      vertex 3.52033 12.6409 1
      vertex 4.33487 12.0482 0
      vertex 4.22743 11.9338 0
    endloop
  endfacet
  facet normal -0.515584 0.484171 -0.706932
    outer loop
      vertex 4.33487 12.0482 0
      vertex 3.52033 12.6409 1
      vertex 3.62776 12.7553 1
    endloop
  endfacet
  facet normal 0.752046 0.65911 0
    outer loop
      vertex 6.82431 12.5994 3
      vertex 6.73807 12.6978 1
      vertex 6.73807 12.6978 3
    endloop
  endfacet
  facet normal 0.752046 0.65911 0
    outer loop
      vertex 6.73807 12.6978 1
      vertex 6.82431 12.5994 3
      vertex 6.82431 12.5994 1
    endloop
  endfacet
  facet normal -0.811981 0.583683 0
    outer loop
      vertex 3.3425 12.4151 1
      vertex 3.43408 12.5425 3
      vertex 3.43408 12.5425 1
    endloop
  endfacet
  facet normal -0.811981 0.583683 0
    outer loop
      vertex 3.43408 12.5425 3
      vertex 3.3425 12.4151 1
      vertex 3.3425 12.4151 3
    endloop
  endfacet
  facet normal 0.466577 0.532342 0.706341
    outer loop
      vertex 6.52528 12.8914 3
      vertex 5.91652 12.0981 4
      vertex 6.62363 12.8052 3
    endloop
  endfacet
  facet normal -0.831533 0.555476 0
    outer loop
      vertex 3.26982 12.3063 1
      vertex 3.3425 12.4151 3
      vertex 3.3425 12.4151 1
    endloop
  endfacet
  facet normal -0.831533 0.555476 0
    outer loop
      vertex 3.3425 12.4151 3
      vertex 3.26982 12.3063 1
      vertex 3.26982 12.3063 3
    endloop
  endfacet
  facet normal -0.752008 0.659154 0
    outer loop
      vertex 3.43408 12.5425 1
      vertex 3.52033 12.6409 3
      vertex 3.52033 12.6409 1
    endloop
  endfacet
  facet normal -0.752008 0.659154 0
    outer loop
      vertex 3.52033 12.6409 3
      vertex 3.43408 12.5425 1
      vertex 3.43408 12.5425 3
    endloop
  endfacet
  facet normal 0.227318 0.670373 0.706348
    outer loop
      vertex 5.76268 13.2852 3
      vertex 5.50386 12.3193 4
      vertex 5.88654 13.2432 3
    endloop
  endfacet
  facet normal -0.022079 0.706934 0.706934
    outer loop
      vertex 5.19484 13.3707 3
      vertex 5.03795 12.3658 4
      vertex 5.19484 12.3707 4
    endloop
  endfacet
  facet normal -0.022079 0.706934 0.706934
    outer loop
      vertex 5.03795 12.3658 4
      vertex 5.19484 13.3707 3
      vertex 5.03795 13.3658 3
    endloop
  endfacet
  facet normal -0.634946 0.31293 -0.706341
    outer loop
      vertex 4.06169 11.668 0
      vertex 3.13781 12.0506 1
      vertex 3.19567 12.168 1
    endloop
  endfacet
  facet normal -0.532327 0.466597 -0.706339
    outer loop
      vertex 4.22743 11.9338 0
      vertex 3.43408 12.5425 1
      vertex 3.52033 12.6409 1
    endloop
  endfacet
  facet normal 0.588476 0.393418 0.706341
    outer loop
      vertex 6.92374 12.4779 3
      vertex 6.13039 11.8692 4
      vertex 6.99641 12.3692 3
    endloop
  endfacet
  facet normal 0.44256 0.896739 -0
    outer loop
      vertex 6.1507 13.1298 1
      vertex 6.03338 13.1877 3
      vertex 6.1507 13.1298 3
    endloop
  endfacet
  facet normal 0.44256 0.896739 0
    outer loop
      vertex 6.03338 13.1877 3
      vertex 6.1507 13.1298 1
      vertex 6.03338 13.1877 1
    endloop
  endfacet
  facet normal -0.321132 0.947034 0
    outer loop
      vertex 4.47397 13.2609 1
      vertex 4.35011 13.2189 3
      vertex 4.47397 13.2609 3
    endloop
  endfacet
  facet normal -0.321132 0.947034 0
    outer loop
      vertex 4.35011 13.2189 3
      vertex 4.47397 13.2609 1
      vertex 4.35011 13.2189 1
    endloop
  endfacet
  facet normal -0.526874 0.849943 0
    outer loop
      vertex 4.08974 13.0964 1
      vertex 3.95633 13.0137 3
      vertex 4.08974 13.0964 3
    endloop
  endfacet
  facet normal -0.526874 0.849943 0
    outer loop
      vertex 3.95633 13.0137 3
      vertex 4.08974 13.0964 1
      vertex 3.95633 13.0137 1
    endloop
  endfacet
  facet normal -0.313294 0.634759 -0.706348
    outer loop
      vertex 4.58974 12.2304 0
      vertex 4.08974 13.0964 1
      vertex 4.20705 13.1543 1
    endloop
  endfacet
  facet normal -0.137993 0.694296 0.706336
    outer loop
      vertex 4.75252 13.3318 3
      vertex 4.62422 13.3063 3
      vertex 4.88304 12.3404 4
    endloop
  endfacet
  facet normal -0.114452 0.697978 0.706914
    outer loop
      vertex 4.75252 13.3318 3
      vertex 5.03795 12.3658 4
      vertex 4.90742 13.3572 3
    endloop
  endfacet
  facet normal -0.114445 0.697979 0.706914
    outer loop
      vertex 5.03795 12.3658 4
      vertex 4.75252 13.3318 3
      vertex 4.88304 12.3404 4
    endloop
  endfacet
  facet normal -0.289247 0.957255 0
    outer loop
      vertex 4.62422 13.3063 1
      vertex 4.47397 13.2609 3
      vertex 4.62422 13.3063 3
    endloop
  endfacet
  facet normal -0.289247 0.957255 0
    outer loop
      vertex 4.47397 13.2609 3
      vertex 4.62422 13.3063 1
      vertex 4.47397 13.2609 1
    endloop
  endfacet
  facet normal 0.483994 0.515719 -0.706954
    outer loop
      vertex 6.03096 11.9906 0
      vertex 6.62363 12.8052 1
      vertex 6.73807 12.6978 1
    endloop
  endfacet
  facet normal 0.484247 0.51551 -0.706933
    outer loop
      vertex 6.62363 12.8052 1
      vertex 6.03096 11.9906 0
      vertex 5.91652 12.0981 0
    endloop
  endfacet
  facet normal -0.623323 0.334242 -0.706931
    outer loop
      vertex 3.19567 12.168 1
      vertex 4.13585 11.8063 0
      vertex 4.06169 11.668 0
    endloop
  endfacet
  facet normal -0.623339 0.334205 -0.706933
    outer loop
      vertex 4.13585 11.8063 0
      vertex 3.19567 12.168 1
      vertex 3.26982 12.3063 1
    endloop
  endfacet
  facet normal 0.662276 0.248352 -0.706903
    outer loop
      vertex 6.27773 11.5927 0
      vertex 7.95045 9.97846 1
      vertex 7.02657 9.59578 0
    endloop
  endfacet
  facet normal 0.662277 0.248353 -0.706902
    outer loop
      vertex 7.95045 9.97846 1
      vertex 6.27773 11.5927 0
      vertex 7.2016 11.9754 1
    endloop
  endfacet
  facet normal 0.0698493 0.703811 -0.706945
    outer loop
      vertex 5.35103 12.3551 0
      vertex 5.32537 13.3621 1
      vertex 5.48155 13.3466 1
    endloop
  endfacet
  facet normal 0.0702938 0.703794 -0.706917
    outer loop
      vertex 5.32537 13.3621 1
      vertex 5.35103 12.3551 0
      vertex 5.19484 12.3707 0
    endloop
  endfacet
  facet normal 0.0465374 0.706341 -0.706341
    outer loop
      vertex 5.32537 13.3621 1
      vertex 5.19484 12.3707 0
      vertex 5.19484 13.3707 1
    endloop
  endfacet
  facet normal -0.588609 0.393199 -0.706353
    outer loop
      vertex 4.13585 11.8063 0
      vertex 3.26982 12.3063 1
      vertex 3.3425 12.4151 1
    endloop
  endfacet
  facet normal 0.634833 0.313141 -0.706349
    outer loop
      vertex 7.137 12.1185 1
      vertex 6.21312 11.7358 0
      vertex 7.07914 12.2358 1
    endloop
  endfacet
  facet normal 0.588476 0.393418 -0.706341
    outer loop
      vertex 6.99641 12.3692 1
      vertex 6.13039 11.8692 0
      vertex 6.92374 12.4779 1
    endloop
  endfacet
  facet normal -0.574449 0.412612 -0.706937
    outer loop
      vertex 3.3425 12.4151 1
      vertex 4.22743 11.9338 0
      vertex 4.13585 11.8063 0
    endloop
  endfacet
  facet normal -0.574309 0.412835 -0.706921
    outer loop
      vertex 4.22743 11.9338 0
      vertex 3.3425 12.4151 1
      vertex 3.43408 12.5425 1
    endloop
  endfacet
  facet normal -0.663929 0.24417 -0.70681
    outer loop
      vertex 3.07643 11.8837 1
      vertex 4.06169 11.668 0
      vertex 4.00031 11.5011 0
    endloop
  endfacet
  facet normal -0.663929 0.24417 -0.70681
    outer loop
      vertex 4.06169 11.668 0
      vertex 3.07643 11.8837 1
      vertex 3.13781 12.0506 1
    endloop
  endfacet
  facet normal -0.114445 0.697979 -0.706914
    outer loop
      vertex 4.75252 13.3318 1
      vertex 5.03795 12.3658 0
      vertex 4.88304 12.3404 0
    endloop
  endfacet
  facet normal -0.114452 0.697978 -0.706914
    outer loop
      vertex 5.03795 12.3658 0
      vertex 4.75252 13.3318 1
      vertex 4.90742 13.3572 1
    endloop
  endfacet
  facet normal 0.532335 0.466551 -0.706364
    outer loop
      vertex 6.82431 12.5994 1
      vertex 6.03096 11.9906 0
      vertex 6.73807 12.6978 1
    endloop
  endfacet
  facet normal -0.204582 0.677059 -0.706921
    outer loop
      vertex 4.47397 13.2609 1
      vertex 4.88304 12.3404 0
      vertex 4.73279 12.295 0
    endloop
  endfacet
  facet normal -0.204582 0.677059 -0.706921
    outer loop
      vertex 4.88304 12.3404 0
      vertex 4.47397 13.2609 1
      vertex 4.62422 13.3063 1
    endloop
  endfacet
  facet normal 0.33398 0.623475 -0.70692
    outer loop
      vertex 5.78903 12.1897 0
      vertex 6.1507 13.1298 1
      vertex 6.28903 13.0557 1
    endloop
  endfacet
  facet normal 0.33398 0.623475 -0.70692
    outer loop
      vertex 6.1507 13.1298 1
      vertex 5.78903 12.1897 0
      vertex 5.6507 12.2638 0
    endloop
  endfacet
  facet normal -0.466875 0.532064 -0.706354
    outer loop
      vertex 4.33487 12.0482 0
      vertex 3.62776 12.7553 1
      vertex 3.72611 12.8416 1
    endloop
  endfacet
  facet normal -0.447933 0.547343 -0.706945
    outer loop
      vertex 3.72611 12.8416 1
      vertex 4.45633 12.1476 0
      vertex 4.33487 12.0482 0
    endloop
  endfacet
  facet normal -0.447933 0.547343 -0.706945
    outer loop
      vertex 4.45633 12.1476 0
      vertex 3.72611 12.8416 1
      vertex 3.84757 12.941 1
    endloop
  endfacet
  facet normal 0.161315 0.688652 -0.70692
    outer loop
      vertex 5.50386 12.3193 0
      vertex 5.60985 13.321 1
      vertex 5.76268 13.2852 1
    endloop
  endfacet
  facet normal 0.161315 0.688652 -0.70692
    outer loop
      vertex 5.60985 13.321 1
      vertex 5.50386 12.3193 0
      vertex 5.35103 12.3551 0
    endloop
  endfacet
  facet normal 0.54737 0.447942 -0.706918
    outer loop
      vertex 6.13039 11.8692 0
      vertex 6.82431 12.5994 1
      vertex 6.92374 12.4779 1
    endloop
  endfacet
  facet normal 0.547175 0.448152 -0.706936
    outer loop
      vertex 6.82431 12.5994 1
      vertex 6.13039 11.8692 0
      vertex 6.03096 11.9906 0
    endloop
  endfacet
  facet normal 0.466577 0.532342 -0.706341
    outer loop
      vertex 6.62363 12.8052 1
      vertex 5.91652 12.0981 0
      vertex 6.52528 12.8914 1
    endloop
  endfacet
  facet normal -0.137993 0.694296 -0.706336
    outer loop
      vertex 4.88304 12.3404 0
      vertex 4.62422 13.3063 1
      vertex 4.75252 13.3318 1
    endloop
  endfacet
  facet normal 0.601078 0.372768 -0.70693
    outer loop
      vertex 6.21312 11.7358 0
      vertex 6.99641 12.3692 1
      vertex 7.07914 12.2358 1
    endloop
  endfacet
  facet normal 0.601078 0.372768 -0.70693
    outer loop
      vertex 6.99641 12.3692 1
      vertex 6.21312 11.7358 0
      vertex 6.13039 11.8692 0
    endloop
  endfacet
  facet normal 0.313273 0.63477 -0.706348
    outer loop
      vertex 6.1507 13.1298 1
      vertex 5.6507 12.2638 0
      vertex 6.03338 13.1877 1
    endloop
  endfacet
  facet normal 0.13851 0.694176 -0.706353
    outer loop
      vertex 5.60985 13.321 1
      vertex 5.35103 12.3551 0
      vertex 5.48155 13.3466 1
    endloop
  endfacet
  facet normal -0.0465374 0.706341 -0.706341
    outer loop
      vertex 5.03795 12.3658 0
      vertex 4.90742 13.3572 1
      vertex 5.03795 13.3658 1
    endloop
  endfacet
  facet normal -0.022079 0.706934 -0.706934
    outer loop
      vertex 5.19484 12.3707 0
      vertex 5.03795 13.3658 1
      vertex 5.19484 13.3707 1
    endloop
  endfacet
  facet normal -0.022079 0.706934 -0.706934
    outer loop
      vertex 5.03795 13.3658 1
      vertex 5.19484 12.3707 0
      vertex 5.03795 12.3658 0
    endloop
  endfacet
  facet normal -0.291093 0.644595 -0.706939
    outer loop
      vertex 4.20705 13.1543 1
      vertex 4.73279 12.295 0
      vertex 4.58974 12.2304 0
    endloop
  endfacet
  facet normal -0.291076 0.644603 -0.706938
    outer loop
      vertex 4.73279 12.295 0
      vertex 4.20705 13.1543 1
      vertex 4.35011 13.2189 1
    endloop
  endfacet
  facet normal -0.227318 0.670373 -0.706348
    outer loop
      vertex 4.73279 12.295 0
      vertex 4.35011 13.2189 1
      vertex 4.47397 13.2609 1
    endloop
  endfacet
  facet normal 0.644639 0.291011 -0.706932
    outer loop
      vertex 6.27773 11.5927 0
      vertex 7.137 12.1185 1
      vertex 7.2016 11.9754 1
    endloop
  endfacet
  facet normal 0.64462 0.291047 -0.706935
    outer loop
      vertex 7.137 12.1185 1
      vertex 6.27773 11.5927 0
      vertex 6.21312 11.7358 0
    endloop
  endfacet
  facet normal -0.447618 -0.547627 -0.706925
    outer loop
      vertex -9.56096 -10.1888 1
      vertex -7.42928 -10.6403 0
      vertex -8.03804 -11.4336 1
    endloop
  endfacet
  facet normal -0.447619 -0.547616 -0.706932
    outer loop
      vertex -7.42928 -10.6403 0
      vertex -9.56096 -10.1888 1
      vertex -8.95219 -9.39548 0
    endloop
  endfacet
  facet normal -0.632865 -0.774263 0
    outer loop
      vertex -9.56096 -10.1888 1
      vertex -8.03804 -11.4336 3
      vertex -9.56096 -10.1888 3
    endloop
  endfacet
  facet normal -0.632865 -0.774263 -0
    outer loop
      vertex -8.03804 -11.4336 3
      vertex -9.56096 -10.1888 1
      vertex -8.03804 -11.4336 1
    endloop
  endfacet
  facet normal 0.632865 -0.774263 0
    outer loop
      vertex 8.03804 -11.4336 1
      vertex 9.56096 -10.1888 3
      vertex 8.03804 -11.4336 3
    endloop
  endfacet
  facet normal 0.632865 -0.774263 0
    outer loop
      vertex 9.56096 -10.1888 3
      vertex 8.03804 -11.4336 1
      vertex 9.56096 -10.1888 1
    endloop
  endfacet
  facet normal -0.447619 -0.547616 0.706932
    outer loop
      vertex -9.56096 -10.1888 3
      vertex -7.42928 -10.6403 4
      vertex -8.95219 -9.39548 4
    endloop
  endfacet
  facet normal -0.447618 -0.547627 0.706925
    outer loop
      vertex -7.42928 -10.6403 4
      vertex -9.56096 -10.1888 3
      vertex -8.03804 -11.4336 3
    endloop
  endfacet
  facet normal 0.447619 -0.547616 0.706932
    outer loop
      vertex 7.42928 -10.6403 4
      vertex 9.56096 -10.1888 3
      vertex 8.95219 -9.39548 4
    endloop
  endfacet
  facet normal 0.447618 -0.547627 0.706925
    outer loop
      vertex 9.56096 -10.1888 3
      vertex 7.42928 -10.6403 4
      vertex 8.03804 -11.4336 3
    endloop
  endfacet
  facet normal 0.447618 -0.547627 -0.706925
    outer loop
      vertex 7.42928 -10.6403 0
      vertex 9.56096 -10.1888 1
      vertex 8.03804 -11.4336 1
    endloop
  endfacet
  facet normal 0.447619 -0.547616 -0.706932
    outer loop
      vertex 9.56096 -10.1888 1
      vertex 7.42928 -10.6403 0
      vertex 8.95219 -9.39548 0
    endloop
  endfacet
  facet normal -0.773554 0.63373 0
    outer loop
      vertex -8.55136 8.60876 1
      vertex -8.53595 8.62757 3
      vertex -8.53595 8.62757 1
    endloop
  endfacet
  facet normal -0.773554 0.63373 0
    outer loop
      vertex -8.53595 8.62757 3
      vertex -8.55136 8.60876 1
      vertex -8.55136 8.60876 3
    endloop
  endfacet
  facet normal -0.547265 0.448053 -0.70693
    outer loop
      vertex -7.758 8 0
      vertex -8.53595 8.62757 1
      vertex -7.7426 8.01881 0
    endloop
  endfacet
  facet normal -0.547123 0.448228 -0.706929
    outer loop
      vertex -8.53595 8.62757 1
      vertex -7.758 8 0
      vertex -8.55136 8.60876 1
    endloop
  endfacet
  facet normal 0.0462936 0.706349 -0.706349
    outer loop
      vertex -1.34052 8 0
      vertex -1.49722 9.01027 1
      vertex -1.34052 9 1
    endloop
  endfacet
  facet normal 0.0462602 0.706347 -0.706352
    outer loop
      vertex -1.49722 9.01027 1
      vertex -1.34052 8 0
      vertex -1.62773 8.01881 0
    endloop
  endfacet
  facet normal 0.0653989 0.997859 -0
    outer loop
      vertex -1.34052 9 1
      vertex -1.49722 9.01027 3
      vertex -1.34052 9 3
    endloop
  endfacet
  facet normal 0.0653989 0.997859 0
    outer loop
      vertex -1.49722 9.01027 3
      vertex -1.34052 9 1
      vertex -1.49722 9.01027 1
    endloop
  endfacet
  facet normal 0.0462936 0.706349 0.706349
    outer loop
      vertex -1.49722 9.01027 3
      vertex -1.34052 8 4
      vertex -1.34052 9 3
    endloop
  endfacet
  facet normal 0.0462602 0.706347 0.706352
    outer loop
      vertex -1.34052 8 4
      vertex -1.49722 9.01027 3
      vertex -1.62773 8.01881 4
    endloop
  endfacet
  facet normal -0.547265 0.448053 0.70693
    outer loop
      vertex -8.53595 8.62757 3
      vertex -7.758 8 4
      vertex -7.7426 8.01881 4
    endloop
  endfacet
  facet normal -0.547123 0.448228 0.706929
    outer loop
      vertex -7.758 8 4
      vertex -8.53595 8.62757 3
      vertex -8.55136 8.60876 3
    endloop
  endfacet
  facet normal 0.138085 0.694261 0.706353
    outer loop
      vertex -1.65102 9.04086 3
      vertex -1.62773 8.01881 4
      vertex -1.49722 9.01027 3
    endloop
  endfacet
  facet normal 0.138133 0.694257 0.706348
    outer loop
      vertex -1.62773 8.01881 4
      vertex -1.65102 9.04086 3
      vertex -1.90984 8.07494 4
    endloop
  endfacet
  facet normal 0.138085 0.694261 -0.706353
    outer loop
      vertex -1.62773 8.01881 0
      vertex -1.65102 9.04086 1
      vertex -1.49722 9.01027 1
    endloop
  endfacet
  facet normal 0.138133 0.694257 -0.706348
    outer loop
      vertex -1.65102 9.04086 1
      vertex -1.62773 8.01881 0
      vertex -1.90984 8.07494 0
    endloop
  endfacet
  facet normal 0.195074 0.980789 -0
    outer loop
      vertex -1.49722 9.01027 1
      vertex -1.65102 9.04086 3
      vertex -1.49722 9.01027 3
    endloop
  endfacet
  facet normal 0.195074 0.980789 0
    outer loop
      vertex -1.65102 9.04086 3
      vertex -1.49722 9.01027 1
      vertex -1.65102 9.04086 1
    endloop
  endfacet
  facet normal -0.547286 0.448027 -0.70693
    outer loop
      vertex -7.7426 8.01881 0
      vertex -8.49 8.6837 1
      vertex -7.69665 8.07494 0
    endloop
  endfacet
  facet normal -0.547286 0.448027 -0.70693
    outer loop
      vertex -8.49 8.6837 1
      vertex -7.7426 8.01881 0
      vertex -8.53595 8.62757 1
    endloop
  endfacet
  facet normal -0.547286 0.448027 0.70693
    outer loop
      vertex -8.49 8.6837 3
      vertex -7.7426 8.01881 4
      vertex -7.69665 8.07494 4
    endloop
  endfacet
  facet normal -0.547286 0.448027 0.70693
    outer loop
      vertex -7.7426 8.01881 4
      vertex -8.49 8.6837 3
      vertex -8.53595 8.62757 3
    endloop
  endfacet
  facet normal -0.773785 0.633448 0
    outer loop
      vertex -8.53595 8.62757 1
      vertex -8.49 8.6837 3
      vertex -8.49 8.6837 1
    endloop
  endfacet
  facet normal -0.773785 0.633448 0
    outer loop
      vertex -8.49 8.6837 3
      vertex -8.53595 8.62757 1
      vertex -8.53595 8.62757 3
    endloop
  endfacet
  facet normal 0.227503 0.67031 -0.706348
    outer loop
      vertex -2.0406 8.11932 0
      vertex -1.65102 9.04086 1
      vertex -1.90984 8.07494 0
    endloop
  endfacet
  facet normal 0.227549 0.670292 -0.70635
    outer loop
      vertex -1.65102 9.04086 1
      vertex -2.0406 8.11932 0
      vertex -1.78178 9.08525 1
    endloop
  endfacet
  facet normal -0.773709 0.633541 0
    outer loop
      vertex -8.49 8.6837 1
      vertex -8.47522 8.70175 3
      vertex -8.47522 8.70175 1
    endloop
  endfacet
  facet normal -0.773709 0.633541 0
    outer loop
      vertex -8.47522 8.70175 3
      vertex -8.49 8.6837 1
      vertex -8.49 8.6837 3
    endloop
  endfacet
  facet normal 0.321459 0.946924 -0
    outer loop
      vertex -1.65102 9.04086 1
      vertex -1.78178 9.08525 3
      vertex -1.65102 9.04086 3
    endloop
  endfacet
  facet normal 0.321459 0.946924 0
    outer loop
      vertex -1.78178 9.08525 3
      vertex -1.65102 9.04086 1
      vertex -1.78178 9.08525 1
    endloop
  endfacet
  facet normal 0.227549 0.670292 0.70635
    outer loop
      vertex -2.0406 8.11932 4
      vertex -1.65102 9.04086 3
      vertex -1.78178 9.08525 3
    endloop
  endfacet
  facet normal 0.227503 0.67031 0.706348
    outer loop
      vertex -1.65102 9.04086 3
      vertex -2.0406 8.11932 4
      vertex -1.90984 8.07494 4
    endloop
  endfacet
  facet normal -0.547233 0.448095 -0.706928
    outer loop
      vertex -7.69665 8.07494 0
      vertex -8.13654 8.45969 0.584398
      vertex -7.66031 8.11932 0
    endloop
  endfacet
  facet normal -0.547209 0.448123 -0.706928
    outer loop
      vertex -8.49 8.6837 1
      vertex -8.13654 8.45969 0.584398
      vertex -7.69665 8.07494 0
    endloop
  endfacet
  facet normal -0.547231 0.448093 -0.70693
    outer loop
      vertex -8.13654 8.45969 0.584398
      vertex -8.49 8.6837 1
      vertex -8.47522 8.70175 1
    endloop
  endfacet
  facet normal -0.547234 0.448096 0.706926
    outer loop
      vertex -8.13654 8.45969 3.4156
      vertex -7.69665 8.07494 4
      vertex -7.66031 8.11932 4
    endloop
  endfacet
  facet normal -0.54723 0.448092 0.706932
    outer loop
      vertex -8.49 8.6837 3
      vertex -8.13654 8.45969 3.4156
      vertex -8.47522 8.70175 3
    endloop
  endfacet
  facet normal -0.547186 0.448153 0.706928
    outer loop
      vertex -8.13654 8.45969 3.4156
      vertex -8.49 8.6837 3
      vertex -7.69665 8.07494 4
    endloop
  endfacet
  facet normal 0.44221 0.896912 -0
    outer loop
      vertex -1.79983 9.09138 1
      vertex -1.94055 9.16076 3
      vertex -1.79983 9.09138 3
    endloop
  endfacet
  facet normal 0.44221 0.896912 0
    outer loop
      vertex -1.94055 9.16076 3
      vertex -1.79983 9.09138 1
      vertex -1.94055 9.16076 1
    endloop
  endfacet
  facet normal 0.313045 0.634933 0.706302
    outer loop
      vertex -1.96434 9.11955 3.04759
      vertex -1.79983 9.09138 3
      vertex -1.94055 9.16076 3
    endloop
  endfacet
  facet normal 0.313049 0.634879 0.706349
    outer loop
      vertex -1.96434 9.11955 3.04759
      vertex -2.18251 8.1675 4
      vertex -1.79983 9.09138 3
    endloop
  endfacet
  facet normal 0.313058 0.634875 0.706348
    outer loop
      vertex -2.18251 8.1675 4
      vertex -1.96434 9.11955 3.04759
      vertex -2.44055 8.29474 4
    endloop
  endfacet
  facet normal -0.601101 0.372735 -0.706927
    outer loop
      vertex -8.13654 8.45969 0.584398
      vertex -7.55154 8.29474 0
      vertex -7.63044 8.1675 0
    endloop
  endfacet
  facet normal -0.601111 0.372713 -0.706931
    outer loop
      vertex -8.13654 8.45969 0.584398
      vertex -8.41756 8.79474 1
      vertex -7.55154 8.29474 0
    endloop
  endfacet
  facet normal -0.601102 0.372723 -0.706933
    outer loop
      vertex -8.41756 8.79474 1
      vertex -8.13654 8.45969 0.584398
      vertex -8.47522 8.70175 1
    endloop
  endfacet
  facet normal -0.849877 0.526981 0
    outer loop
      vertex -8.47522 8.70175 1
      vertex -8.41756 8.79474 3
      vertex -8.41756 8.79474 1
    endloop
  endfacet
  facet normal -0.849877 0.526981 0
    outer loop
      vertex -8.41756 8.79474 3
      vertex -8.47522 8.70175 1
      vertex -8.47522 8.70175 3
    endloop
  endfacet
  facet normal 0.313055 0.634953 -0.70628
    outer loop
      vertex -1.79983 9.09138 1
      vertex -1.96434 9.11955 0.952407
      vertex -1.94055 9.16076 1
    endloop
  endfacet
  facet normal 0.313061 0.634873 -0.706349
    outer loop
      vertex -2.18251 8.1675 0
      vertex -1.96434 9.11955 0.952407
      vertex -1.79983 9.09138 1
    endloop
  endfacet
  facet normal 0.313058 0.634874 -0.706349
    outer loop
      vertex -1.96434 9.11955 0.952407
      vertex -2.18251 8.1675 0
      vertex -2.44055 8.29474 0
    endloop
  endfacet
  facet normal -0.601102 0.372736 0.706926
    outer loop
      vertex -7.55154 8.29474 4
      vertex -8.13654 8.45969 3.4156
      vertex -7.63044 8.1675 4
    endloop
  endfacet
  facet normal -0.601115 0.372705 0.706931
    outer loop
      vertex -8.41756 8.79474 3
      vertex -8.13654 8.45969 3.4156
      vertex -7.55154 8.29474 4
    endloop
  endfacet
  facet normal -0.601101 0.372722 0.706934
    outer loop
      vertex -8.13654 8.45969 3.4156
      vertex -8.41756 8.79474 3
      vertex -8.47522 8.70175 3
    endloop
  endfacet
  facet normal 0.321574 0.946885 -0
    outer loop
      vertex -1.78178 9.08525 1
      vertex -1.79983 9.09138 3
      vertex -1.78178 9.08525 3
    endloop
  endfacet
  facet normal 0.321574 0.946885 0
    outer loop
      vertex -1.79983 9.09138 3
      vertex -1.78178 9.08525 1
      vertex -1.79983 9.09138 1
    endloop
  endfacet
  facet normal 0.227631 0.670267 0.706347
    outer loop
      vertex -1.79983 9.09138 3
      vertex -2.0406 8.11932 4
      vertex -1.78178 9.08525 3
    endloop
  endfacet
  facet normal 0.227569 0.670285 0.70635
    outer loop
      vertex -2.0406 8.11932 4
      vertex -1.79983 9.09138 3
      vertex -2.18251 8.1675 4
    endloop
  endfacet
  facet normal -0.601133 0.372682 -0.706928
    outer loop
      vertex -7.66031 8.11932 0
      vertex -8.13654 8.45969 0.584398
      vertex -7.63044 8.1675 0
    endloop
  endfacet
  facet normal -0.601134 0.372683 0.706927
    outer loop
      vertex -7.63044 8.1675 4
      vertex -8.13654 8.45969 3.4156
      vertex -7.66031 8.11932 4
    endloop
  endfacet
  facet normal 0.227631 0.670267 -0.706347
    outer loop
      vertex -2.0406 8.11932 0
      vertex -1.79983 9.09138 1
      vertex -1.78178 9.08525 1
    endloop
  endfacet
  facet normal 0.227569 0.670285 -0.70635
    outer loop
      vertex -1.79983 9.09138 1
      vertex -2.0406 8.11932 0
      vertex -2.18251 8.1675 0
    endloop
  endfacet
  facet normal -0.601082 0.372756 -0.706933
    outer loop
      vertex -7.55154 8.29474 0
      vertex -8.39256 8.83507 1
      vertex -7.50862 8.36395 0
    endloop
  endfacet
  facet normal -0.601151 0.372645 -0.706932
    outer loop
      vertex -8.39256 8.83507 1
      vertex -7.55154 8.29474 0
      vertex -8.41756 8.79474 1
    endloop
  endfacet
  facet normal -0.601082 0.372756 0.706933
    outer loop
      vertex -8.39256 8.83507 3
      vertex -7.55154 8.29474 4
      vertex -7.50862 8.36395 4
    endloop
  endfacet
  facet normal -0.601151 0.372645 0.706932
    outer loop
      vertex -7.55154 8.29474 4
      vertex -8.39256 8.83507 3
      vertex -8.41756 8.79474 3
    endloop
  endfacet
  facet normal 0.393268 0.588567 0.706349
    outer loop
      vertex -1.96434 9.11955 3.04759
      vertex -2.54413 8.36395 4
      vertex -2.44055 8.29474 4
    endloop
  endfacet
  facet normal -0.849946 0.52687 0
    outer loop
      vertex -8.41756 8.79474 1
      vertex -8.39256 8.83507 3
      vertex -8.39256 8.83507 1
    endloop
  endfacet
  facet normal -0.849946 0.52687 0
    outer loop
      vertex -8.39256 8.83507 3
      vertex -8.41756 8.79474 1
      vertex -8.41756 8.79474 3
    endloop
  endfacet
  facet normal 0.393268 0.588566 -0.70635
    outer loop
      vertex -2.44055 8.29474 0
      vertex -2.54413 8.36395 0
      vertex -1.96434 9.11955 0.952407
    endloop
  endfacet
  facet normal 0.46676 0.532167 -0.706352
    outer loop
      vertex -2.67975 8.45457 0
      vertex -2.16832 9.33331 1
      vertex -2.07093 9.24789 1
    endloop
  endfacet
  facet normal 0.466778 0.532155 -0.70635
    outer loop
      vertex -2.16832 9.33331 1
      vertex -2.67975 8.45457 0
      vertex -2.87543 8.62621 0
    endloop
  endfacet
  facet normal -0.911351 0.411629 0
    outer loop
      vertex -8.39157 8.83726 1
      vertex -8.31405 9.00889 3
      vertex -8.31405 9.00889 1
    endloop
  endfacet
  facet normal -0.911351 0.411629 0
    outer loop
      vertex -8.31405 9.00889 3
      vertex -8.39157 8.83726 1
      vertex -8.39157 8.83726 3
    endloop
  endfacet
  facet normal 0.659395 0.751797 -0
    outer loop
      vertex -2.07093 9.24789 1
      vertex -2.16832 9.33331 3
      vertex -2.07093 9.24789 3
    endloop
  endfacet
  facet normal 0.659395 0.751797 0
    outer loop
      vertex -2.16832 9.33331 3
      vertex -2.07093 9.24789 1
      vertex -2.16832 9.33331 1
    endloop
  endfacet
  facet normal 0.46676 0.532167 0.706352
    outer loop
      vertex -2.16832 9.33331 3
      vertex -2.67975 8.45457 4
      vertex -2.07093 9.24789 3
    endloop
  endfacet
  facet normal 0.466778 0.532155 0.70635
    outer loop
      vertex -2.67975 8.45457 4
      vertex -2.16832 9.33331 3
      vertex -2.87543 8.62621 4
    endloop
  endfacet
  facet normal -0.644589 0.291124 -0.706931
    outer loop
      vertex -7.46769 8.45457 0
      vertex -8.31405 9.00889 1
      vertex -7.39017 8.62621 0
    endloop
  endfacet
  facet normal -0.644582 0.291138 -0.706932
    outer loop
      vertex -8.31405 9.00889 1
      vertex -7.46769 8.45457 0
      vertex -8.39157 8.83726 1
    endloop
  endfacet
  facet normal -0.644589 0.291124 0.706931
    outer loop
      vertex -8.31405 9.00889 3
      vertex -7.46769 8.45457 4
      vertex -7.39017 8.62621 4
    endloop
  endfacet
  facet normal -0.644582 0.291138 0.706932
    outer loop
      vertex -7.46769 8.45457 4
      vertex -8.31405 9.00889 3
      vertex -8.39157 8.83726 3
    endloop
  endfacet
  facet normal -0.911219 0.411921 0
    outer loop
      vertex -8.39256 8.83507 1
      vertex -8.39157 8.83726 3
      vertex -8.39157 8.83726 1
    endloop
  endfacet
  facet normal -0.911219 0.411921 0
    outer loop
      vertex -8.39157 8.83726 3
      vertex -8.39256 8.83507 1
      vertex -8.39256 8.83507 3
    endloop
  endfacet
  facet normal -0.644582 0.291136 -0.706932
    outer loop
      vertex -8.39256 8.83507 1
      vertex -7.46769 8.45457 0
      vertex -7.50862 8.36395 0
    endloop
  endfacet
  facet normal -0.644492 0.291346 -0.706928
    outer loop
      vertex -7.46769 8.45457 0
      vertex -8.39256 8.83507 1
      vertex -8.39157 8.83726 1
    endloop
  endfacet
  facet normal -0.644492 0.291346 0.706928
    outer loop
      vertex -8.39256 8.83507 3
      vertex -7.46769 8.45457 4
      vertex -8.39157 8.83726 3
    endloop
  endfacet
  facet normal -0.644582 0.291136 0.706932
    outer loop
      vertex -7.46769 8.45457 4
      vertex -8.39256 8.83507 3
      vertex -7.50862 8.36395 4
    endloop
  endfacet
  facet normal 0.393347 0.588599 -0.706278
    outer loop
      vertex -1.96434 9.11955 0.952407
      vertex -2.07093 9.24789 1
      vertex -1.94055 9.16076 1
    endloop
  endfacet
  facet normal 0.393272 0.588563 -0.706351
    outer loop
      vertex -2.67975 8.45457 0
      vertex -1.96434 9.11955 0.952407
      vertex -2.54413 8.36395 0
    endloop
  endfacet
  facet normal 0.393272 0.588563 -0.70635
    outer loop
      vertex -1.96434 9.11955 0.952407
      vertex -2.67975 8.45457 0
      vertex -2.07093 9.24789 1
    endloop
  endfacet
  facet normal 0.555627 0.831432 -0
    outer loop
      vertex -1.94055 9.16076 1
      vertex -2.07093 9.24789 3
      vertex -1.94055 9.16076 3
    endloop
  endfacet
  facet normal 0.555627 0.831432 0
    outer loop
      vertex -2.07093 9.24789 3
      vertex -1.94055 9.16076 1
      vertex -2.07093 9.24789 1
    endloop
  endfacet
  facet normal 0.393335 0.588581 0.706301
    outer loop
      vertex -2.07093 9.24789 3
      vertex -1.96434 9.11955 3.04759
      vertex -1.94055 9.16076 3
    endloop
  endfacet
  facet normal 0.393282 0.588555 0.706351
    outer loop
      vertex -2.67975 8.45457 4
      vertex -1.96434 9.11955 3.04759
      vertex -2.07093 9.24789 3
    endloop
  endfacet
  facet normal 0.393273 0.588564 0.706349
    outer loop
      vertex -1.96434 9.11955 3.04759
      vertex -2.67975 8.45457 4
      vertex -2.54413 8.36395 4
    endloop
  endfacet
  facet normal 0.751776 0.659419 0
    outer loop
      vertex -2.18904 9.35149 3
      vertex -2.29264 9.4696 1
      vertex -2.29264 9.4696 3
    endloop
  endfacet
  facet normal 0.751776 0.659419 0
    outer loop
      vertex -2.29264 9.4696 1
      vertex -2.18904 9.35149 3
      vertex -2.18904 9.35149 1
    endloop
  endfacet
  facet normal -0.662274 0.248358 -0.706903
    outer loop
      vertex -8.31405 9.00889 1
      vertex -7.11569 9.35814 0
      vertex -7.39017 8.62621 0
    endloop
  endfacet
  facet normal -0.662274 0.248358 -0.706903
    outer loop
      vertex -7.11569 9.35814 0
      vertex -8.31405 9.00889 1
      vertex -8.03957 9.74082 1
    endloop
  endfacet
  facet normal 0.532152 0.466776 0.706352
    outer loop
      vertex -2.29264 9.4696 3
      vertex -2.89615 8.64438 4
      vertex -2.18904 9.35149 3
    endloop
  endfacet
  facet normal 0.532173 0.466758 0.706349
    outer loop
      vertex -2.89615 8.64438 4
      vertex -2.29264 9.4696 3
      vertex -3.08595 8.86078 4
    endloop
  endfacet
  facet normal 0.532152 0.466776 -0.706352
    outer loop
      vertex -2.89615 8.64438 0
      vertex -2.29264 9.4696 1
      vertex -2.18904 9.35149 1
    endloop
  endfacet
  facet normal 0.532173 0.466758 -0.706349
    outer loop
      vertex -2.29264 9.4696 1
      vertex -2.89615 8.64438 0
      vertex -3.08595 8.86078 0
    endloop
  endfacet
  facet normal -0.936327 0.35113 0
    outer loop
      vertex -8.31405 9.00889 1
      vertex -8.03957 9.74082 3
      vertex -8.03957 9.74082 1
    endloop
  endfacet
  facet normal -0.936327 0.35113 0
    outer loop
      vertex -8.03957 9.74082 3
      vertex -8.31405 9.00889 1
      vertex -8.31405 9.00889 3
    endloop
  endfacet
  facet normal -0.662274 0.248358 0.706903
    outer loop
      vertex -8.31405 9.00889 3
      vertex -7.11569 9.35814 4
      vertex -8.03957 9.74082 3
    endloop
  endfacet
  facet normal -0.662274 0.248358 0.706903
    outer loop
      vertex -7.11569 9.35814 4
      vertex -8.31405 9.00889 3
      vertex -7.39017 8.62621 4
    endloop
  endfacet
  facet normal 0.466856 0.532082 0.706353
    outer loop
      vertex -2.18904 9.35149 3
      vertex -2.87543 8.62621 4
      vertex -2.16832 9.33331 3
    endloop
  endfacet
  facet normal 0.466713 0.532212 0.70635
    outer loop
      vertex -2.87543 8.62621 4
      vertex -2.18904 9.35149 3
      vertex -2.89615 8.64438 4
    endloop
  endfacet
  facet normal 0.466856 0.532082 -0.706353
    outer loop
      vertex -2.87543 8.62621 0
      vertex -2.18904 9.35149 1
      vertex -2.16832 9.33331 1
    endloop
  endfacet
  facet normal 0.466713 0.532212 -0.70635
    outer loop
      vertex -2.18904 9.35149 1
      vertex -2.87543 8.62621 0
      vertex -2.89615 8.64438 0
    endloop
  endfacet
  facet normal 0.659531 0.751677 -0
    outer loop
      vertex -2.16832 9.33331 1
      vertex -2.18904 9.35149 3
      vertex -2.16832 9.33331 3
    endloop
  endfacet
  facet normal 0.659531 0.751677 0
    outer loop
      vertex -2.18904 9.35149 3
      vertex -2.16832 9.33331 1
      vertex -2.18904 9.35149 1
    endloop
  endfacet
  facet normal 0.58857 0.393268 0.706347
    outer loop
      vertex -2.37975 9.59997 3
      vertex -3.08595 8.86078 4
      vertex -2.29264 9.4696 3
    endloop
  endfacet
  facet normal 0.588562 0.393277 0.706349
    outer loop
      vertex -3.08595 8.86078 4
      vertex -2.37975 9.59997 3
      vertex -3.24577 9.09996 4
    endloop
  endfacet
  facet normal 0.58857 0.393268 -0.706347
    outer loop
      vertex -3.08595 8.86078 0
      vertex -2.37975 9.59997 1
      vertex -2.29264 9.4696 1
    endloop
  endfacet
  facet normal 0.588562 0.393277 -0.706349
    outer loop
      vertex -2.37975 9.59997 1
      vertex -3.08595 8.86078 0
      vertex -3.24577 9.09996 0
    endloop
  endfacet
  facet normal 0.831471 0.555568 0
    outer loop
      vertex -2.29264 9.4696 3
      vertex -2.37975 9.59997 1
      vertex -2.37975 9.59997 3
    endloop
  endfacet
  facet normal 0.831471 0.555568 0
    outer loop
      vertex -2.37975 9.59997 1
      vertex -2.29264 9.4696 3
      vertex -2.29264 9.4696 1
    endloop
  endfacet
  facet normal 0.634854 0.3131 -0.706349
    outer loop
      vertex -3.24577 9.09996 0
      vertex -2.44922 9.74083 1
      vertex -2.37975 9.59997 1
    endloop
  endfacet
  facet normal 0.634866 0.313081 -0.706347
    outer loop
      vertex -2.44922 9.74083 1
      vertex -3.24577 9.09996 0
      vertex -3.37309 9.35814 0
    endloop
  endfacet
  facet normal 0.896859 0.442317 0
    outer loop
      vertex -2.37975 9.59997 3
      vertex -2.44922 9.74083 1
      vertex -2.44922 9.74083 3
    endloop
  endfacet
  facet normal 0.896859 0.442317 0
    outer loop
      vertex -2.44922 9.74083 1
      vertex -2.37975 9.59997 3
      vertex -2.37975 9.59997 1
    endloop
  endfacet
  facet normal 0.634854 0.3131 0.706349
    outer loop
      vertex -2.44922 9.74083 3
      vertex -3.24577 9.09996 4
      vertex -2.37975 9.59997 3
    endloop
  endfacet
  facet normal 0.634866 0.313081 0.706347
    outer loop
      vertex -3.24577 9.09996 4
      vertex -2.44922 9.74083 3
      vertex -3.37309 9.35814 4
    endloop
  endfacet
  facet normal 0.668234 0.232992 0.706525
    outer loop
      vertex -2.49515 9.87256 3
      vertex -3.37309 9.35814 4
      vertex -2.44922 9.74083 3
    endloop
  endfacet
  facet normal 0.66822 0.233022 0.706528
    outer loop
      vertex -3.37309 9.35814 4
      vertex -2.49515 9.87256 3
      vertex -3.45589 9.59558 4
    endloop
  endfacet
  facet normal -0.936329 0.351123 0
    outer loop
      vertex -8.03957 9.74082 1
      vertex -7.95053 9.97826 3
      vertex -7.95053 9.97826 1
    endloop
  endfacet
  facet normal -0.936329 0.351123 0
    outer loop
      vertex -7.95053 9.97826 3
      vertex -8.03957 9.74082 1
      vertex -8.03957 9.74082 3
    endloop
  endfacet
  facet normal 0.668234 0.232992 -0.706525
    outer loop
      vertex -3.37309 9.35814 0
      vertex -2.49515 9.87256 1
      vertex -2.44922 9.74083 1
    endloop
  endfacet
  facet normal 0.66822 0.233022 -0.706528
    outer loop
      vertex -2.49515 9.87256 1
      vertex -3.37309 9.35814 0
      vertex -3.45589 9.59558 0
    endloop
  endfacet
  facet normal -0.662276 0.248353 0.706903
    outer loop
      vertex -8.03957 9.74082 3
      vertex -7.02665 9.59558 4
      vertex -7.95053 9.97826 3
    endloop
  endfacet
  facet normal -0.662276 0.248353 0.706903
    outer loop
      vertex -7.02665 9.59558 4
      vertex -8.03957 9.74082 3
      vertex -7.11569 9.35814 4
    endloop
  endfacet
  facet normal -0.662276 0.248353 -0.706903
    outer loop
      vertex -8.03957 9.74082 1
      vertex -7.02665 9.59558 0
      vertex -7.11569 9.35814 0
    endloop
  endfacet
  facet normal -0.662276 0.248353 -0.706903
    outer loop
      vertex -7.02665 9.59558 0
      vertex -8.03957 9.74082 1
      vertex -7.95053 9.97826 1
    endloop
  endfacet
  facet normal 0.94425 0.329229 0
    outer loop
      vertex -2.44922 9.74083 3
      vertex -2.49515 9.87256 1
      vertex -2.49515 9.87256 3
    endloop
  endfacet
  facet normal 0.94425 0.329229 0
    outer loop
      vertex -2.49515 9.87256 1
      vertex -2.44922 9.74083 3
      vertex -2.44922 9.74083 1
    endloop
  endfacet
  facet normal 0.822272 0.569094 0
    outer loop
      vertex -3.33159 12.3972 3
      vertex -3.42094 12.5263 1
      vertex -3.42094 12.5263 3
    endloop
  endfacet
  facet normal 0.822272 0.569094 0
    outer loop
      vertex -3.42094 12.5263 1
      vertex -3.33159 12.3972 3
      vertex -3.33159 12.3972 1
    endloop
  endfacet
  facet normal 0.302438 0.639627 0.706688
    outer loop
      vertex -4.71327 12.2875 4
      vertex -4.18868 13.1443 3
      vertex -4.33059 13.2114 3
    endloop
  endfacet
  facet normal 0.302455 0.639618 0.706689
    outer loop
      vertex -4.18868 13.1443 3
      vertex -4.71327 12.2875 4
      vertex -4.57137 12.2204 4
    endloop
  endfacet
  facet normal -0.227302 0.670379 0.706347
    outer loop
      vertex -5.74261 13.2911 3
      vertex -5.86648 13.2491 3
      vertex -5.4838 12.3252 4
    endloop
  endfacet
  facet normal 0.666103 0.23857 -0.706676
    outer loop
      vertex -4.05321 11.6488 0
      vertex -3.07643 11.8837 1
      vertex -4.00031 11.5011 0
    endloop
  endfacet
  facet normal 0.666146 0.238425 -0.706684
    outer loop
      vertex -3.07643 11.8837 1
      vertex -4.05321 11.6488 0
      vertex -3.12933 12.0315 1
    endloop
  endfacet
  facet normal -0.323238 0.629391 -0.706671
    outer loop
      vertex -5.77119 12.2006 0
      vertex -6.13158 13.1383 1
      vertex -5.63158 12.2723 0
    endloop
  endfacet
  facet normal -0.323238 0.629391 -0.706671
    outer loop
      vertex -6.13158 13.1383 1
      vertex -5.77119 12.2006 0
      vertex -6.27119 13.0666 1
    endloop
  endfacet
  facet normal 0.45758 0.539629 0.706698
    outer loop
      vertex -4.43942 12.1353 4
      vertex -3.71096 12.8272 3
      vertex -3.83066 12.9287 3
    endloop
  endfacet
  facet normal 0.45758 0.539629 0.706698
    outer loop
      vertex -3.71096 12.8272 3
      vertex -4.43942 12.1353 4
      vertex -4.31972 12.0338 4
    endloop
  endfacet
  facet normal -0.0576965 0.70516 -0.706697
    outer loop
      vertex -5.33037 12.3584 0
      vertex -5.30446 13.3627 1
      vertex -5.17393 12.3712 0
    endloop
  endfacet
  facet normal -0.05815 0.705147 -0.706673
    outer loop
      vertex -5.30446 13.3627 1
      vertex -5.33037 12.3584 0
      vertex -5.46089 13.3498 1
    endloop
  endfacet
  facet normal -0.393357 0.588521 -0.706338
    outer loop
      vertex -5.77119 12.2006 0
      vertex -6.37996 12.9939 1
      vertex -6.27119 13.0666 1
    endloop
  endfacet
  facet normal 0.679946 0.194267 -0.70706
    outer loop
      vertex -3.45589 9.59558 0
      vertex -3.03438 11.7599 1
      vertex -2.49515 9.87256 1
    endloop
  endfacet
  facet normal 0.679948 0.194266 -0.707058
    outer loop
      vertex -3.03438 11.7599 1
      vertex -3.45589 9.59558 0
      vertex -4.00031 11.5011 0
    endloop
  endfacet
  facet normal -0.321109 0.947042 0
    outer loop
      vertex -5.74261 13.2911 1
      vertex -5.86648 13.2491 3
      vertex -5.74261 13.2911 3
    endloop
  endfacet
  facet normal -0.321109 0.947042 0
    outer loop
      vertex -5.86648 13.2491 3
      vertex -5.74261 13.2911 1
      vertex -5.86648 13.2491 1
    endloop
  endfacet
  facet normal -0.44256 0.896739 0
    outer loop
      vertex -6.01426 13.1962 1
      vertex -6.13158 13.1383 3
      vertex -6.01426 13.1962 3
    endloop
  endfacet
  facet normal -0.44256 0.896739 0
    outer loop
      vertex -6.13158 13.1383 3
      vertex -6.01426 13.1962 1
      vertex -6.13158 13.1383 1
    endloop
  endfacet
  facet normal 0.383469 0.59458 -0.706701
    outer loop
      vertex -4.57137 12.2204 0
      vertex -3.93942 13.0014 1
      vertex -4.43942 12.1353 0
    endloop
  endfacet
  facet normal 0.383162 0.594803 -0.70668
    outer loop
      vertex -3.93942 13.0014 1
      vertex -4.57137 12.2204 0
      vertex -4.07137 13.0864 1
    endloop
  endfacet
  facet normal -0.936329 0.351124 0
    outer loop
      vertex -7.95053 9.97826 1
      vertex -7.2016 11.9754 3
      vertex -7.2016 11.9754 1
    endloop
  endfacet
  facet normal -0.936329 0.351124 0
    outer loop
      vertex -7.2016 11.9754 3
      vertex -7.95053 9.97826 1
      vertex -7.95053 9.97826 3
    endloop
  endfacet
  facet normal 0.393367 0.588481 -0.706366
    outer loop
      vertex -3.83066 12.9287 1
      vertex -4.43942 12.1353 0
      vertex -3.93942 13.0014 1
    endloop
  endfacet
  facet normal -0.137993 0.694296 -0.706336
    outer loop
      vertex -5.33037 12.3584 0
      vertex -5.58919 13.3243 1
      vertex -5.46089 13.3498 1
    endloop
  endfacet
  facet normal -0.313273 0.63477 0.706348
    outer loop
      vertex -6.01426 13.1962 3
      vertex -6.13158 13.1383 3
      vertex -5.63158 12.2723 4
    endloop
  endfacet
  facet normal 0.126651 0.696086 0.706699
    outer loop
      vertex -5.01715 12.3635 4
      vertex -4.73219 13.3269 3
      vertex -4.88663 13.355 3
    endloop
  endfacet
  facet normal 0.126227 0.696187 0.706676
    outer loop
      vertex -4.73219 13.3269 3
      vertex -5.01715 12.3635 4
      vertex -4.86272 12.3355 4
    endloop
  endfacet
  facet normal 0.532083 0.466858 0.706351
    outer loop
      vertex -3.50719 12.6246 3
      vertex -4.21429 11.9175 4
      vertex -3.42094 12.5263 3
    endloop
  endfacet
  facet normal 0.0347075 0.706681 -0.706681
    outer loop
      vertex -5.01715 12.3635 0
      vertex -5.17393 13.3712 1
      vertex -5.01715 13.3635 1
    endloop
  endfacet
  facet normal 0.0347075 0.706681 -0.706681
    outer loop
      vertex -5.17393 13.3712 1
      vertex -5.01715 12.3635 0
      vertex -5.17393 12.3712 0
    endloop
  endfacet
  facet normal -0.642185 0.296677 0.706811
    outer loop
      vertex -7.127 12.1368 3
      vertex -6.27773 11.5927 4
      vertex -6.20312 11.7542 4
    endloop
  endfacet
  facet normal -0.642122 0.296792 0.70682
    outer loop
      vertex -6.27773 11.5927 4
      vertex -7.127 12.1368 3
      vertex -7.2016 11.9754 3
    endloop
  endfacet
  facet normal -0.751714 0.659489 0
    outer loop
      vertex -6.80989 12.6146 1
      vertex -6.72365 12.7129 3
      vertex -6.72365 12.7129 1
    endloop
  endfacet
  facet normal -0.751714 0.659489 0
    outer loop
      vertex -6.72365 12.7129 3
      vertex -6.80989 12.6146 1
      vertex -6.80989 12.6146 3
    endloop
  endfacet
  facet normal 0.629413 0.323177 0.706679
    outer loop
      vertex -4.12494 11.7885 4
      vertex -3.18718 12.1488 3
      vertex -3.25891 12.2885 3
    endloop
  endfacet
  facet normal 0.629413 0.323177 0.706679
    outer loop
      vertex -3.18718 12.1488 3
      vertex -4.12494 11.7885 4
      vertex -4.05321 11.6488 4
    endloop
  endfacet
  facet normal -0.662276 0.248354 0.706902
    outer loop
      vertex -7.95053 9.97826 3
      vertex -6.27773 11.5927 4
      vertex -7.2016 11.9754 3
    endloop
  endfacet
  facet normal -0.662276 0.248353 0.706903
    outer loop
      vertex -6.27773 11.5927 4
      vertex -7.95053 9.97826 3
      vertex -7.02665 9.59558 4
    endloop
  endfacet
  facet normal -0.149637 0.691531 0.706678
    outer loop
      vertex -5.58919 13.3243 3
      vertex -5.4838 12.3252 4
      vertex -5.33037 12.3584 4
    endloop
  endfacet
  facet normal -0.149646 0.691529 0.706678
    outer loop
      vertex -5.4838 12.3252 4
      vertex -5.58919 13.3243 3
      vertex -5.74261 13.2911 3
    endloop
  endfacet
  facet normal -0.475153 0.524246 0.70668
    outer loop
      vertex -6.60736 12.8183 3
      vertex -6.01654 12.0058 4
      vertex -5.90025 12.1112 4
    endloop
  endfacet
  facet normal -0.475153 0.524246 0.70668
    outer loop
      vertex -6.01654 12.0058 4
      vertex -6.60736 12.8183 3
      vertex -6.72365 12.7129 3
    endloop
  endfacet
  facet normal 0.634854 0.313097 0.706351
    outer loop
      vertex -3.18718 12.1488 3
      vertex -4.05321 11.6488 4
      vertex -3.12933 12.0315 3
    endloop
  endfacet
  facet normal -0.532109 0.466826 -0.706352
    outer loop
      vertex -6.01654 12.0058 0
      vertex -6.80989 12.6146 1
      vertex -6.72365 12.7129 1
    endloop
  endfacet
  facet normal 0.831297 0.555829 0
    outer loop
      vertex -3.25891 12.2885 3
      vertex -3.33159 12.3972 1
      vertex -3.33159 12.3972 3
    endloop
  endfacet
  facet normal 0.831297 0.555829 0
    outer loop
      vertex -3.33159 12.3972 1
      vertex -3.25891 12.2885 3
      vertex -3.25891 12.2885 1
    endloop
  endfacet
  facet normal -0.313273 0.63477 -0.706348
    outer loop
      vertex -5.63158 12.2723 0
      vertex -6.13158 13.1383 1
      vertex -6.01426 13.1962 1
    endloop
  endfacet
  facet normal -0.762583 0.64689 0
    outer loop
      vertex -6.91143 12.4949 1
      vertex -6.80989 12.6146 3
      vertex -6.80989 12.6146 1
    endloop
  endfacet
  facet normal -0.762583 0.64689 0
    outer loop
      vertex -6.80989 12.6146 3
      vertex -6.91143 12.4949 1
      vertex -6.91143 12.4949 3
    endloop
  endfacet
  facet normal -0.662276 0.248353 -0.706903
    outer loop
      vertex -7.95053 9.97826 1
      vertex -6.27773 11.5927 0
      vertex -7.02665 9.59558 0
    endloop
  endfacet
  facet normal -0.662276 0.248354 -0.706902
    outer loop
      vertex -6.27773 11.5927 0
      vertex -7.95053 9.97826 1
      vertex -7.2016 11.9754 1
    endloop
  endfacet
  facet normal 0.0649865 0.997886 -0
    outer loop
      vertex -4.88663 13.355 1
      vertex -5.01715 13.3635 3
      vertex -4.88663 13.355 3
    endloop
  endfacet
  facet normal 0.0649865 0.997886 0
    outer loop
      vertex -5.01715 13.3635 3
      vertex -4.88663 13.355 1
      vertex -5.01715 13.3635 1
    endloop
  endfacet
  facet normal -0.337022 0.941497 0
    outer loop
      vertex -5.86648 13.2491 1
      vertex -6.01426 13.1962 3
      vertex -5.86648 13.2491 3
    endloop
  endfacet
  facet normal -0.337022 0.941497 0
    outer loop
      vertex -6.01426 13.1962 3
      vertex -5.86648 13.2491 1
      vertex -6.01426 13.1962 1
    endloop
  endfacet
  facet normal -0.539567 0.457663 0.706691
    outer loop
      vertex -6.80989 12.6146 3
      vertex -6.11807 11.8861 4
      vertex -6.01654 12.0058 4
    endloop
  endfacet
  facet normal -0.539544 0.457688 0.706693
    outer loop
      vertex -6.11807 11.8861 4
      vertex -6.80989 12.6146 3
      vertex -6.91143 12.4949 3
    endloop
  endfacet
  facet normal -0.466875 0.532064 0.706354
    outer loop
      vertex -6.50901 12.9046 3
      vertex -6.60736 12.8183 3
      vertex -5.90025 12.1112 4
    endloop
  endfacet
  facet normal -0.588633 0.393161 -0.706354
    outer loop
      vertex -6.11807 11.8861 0
      vertex -6.9841 12.3861 1
      vertex -6.91143 12.4949 1
    endloop
  endfacet
  facet normal -0.402893 0.581626 0.706674
    outer loop
      vertex -6.37996 12.9939 3
      vertex -5.90025 12.1112 4
      vertex -5.77119 12.2006 4
    endloop
  endfacet
  facet normal -0.402599 0.581808 0.706692
    outer loop
      vertex -5.90025 12.1112 4
      vertex -6.37996 12.9939 3
      vertex -6.50901 12.9046 3
    endloop
  endfacet
  facet normal 0.393367 0.588481 0.706366
    outer loop
      vertex -3.93942 13.0014 3
      vertex -4.43942 12.1353 4
      vertex -3.83066 12.9287 3
    endloop
  endfacet
  facet normal 0.961525 0.274716 0
    outer loop
      vertex -2.49515 9.87256 3
      vertex -3.03438 11.7599 1
      vertex -3.03438 11.7599 3
    endloop
  endfacet
  facet normal 0.961525 0.274716 0
    outer loop
      vertex -3.03438 11.7599 1
      vertex -2.49515 9.87256 3
      vertex -2.49515 9.87256 1
    endloop
  endfacet
  facet normal 0.679946 0.194267 0.70706
    outer loop
      vertex -3.03438 11.7599 3
      vertex -3.45589 9.59558 4
      vertex -2.49515 9.87256 3
    endloop
  endfacet
  facet normal 0.679948 0.194266 0.707058
    outer loop
      vertex -3.45589 9.59558 4
      vertex -3.03438 11.7599 3
      vertex -4.00031 11.5011 4
    endloop
  endfacet
  facet normal 0.89686 0.442314 0
    outer loop
      vertex -3.12933 12.0315 3
      vertex -3.18718 12.1488 1
      vertex -3.18718 12.1488 3
    endloop
  endfacet
  facet normal 0.89686 0.442314 0
    outer loop
      vertex -3.18718 12.1488 1
      vertex -3.12933 12.0315 3
      vertex -3.12933 12.0315 1
    endloop
  endfacet
  facet normal -0.0576965 0.70516 0.706697
    outer loop
      vertex -5.30446 13.3627 3
      vertex -5.33037 12.3584 4
      vertex -5.17393 12.3712 4
    endloop
  endfacet
  facet normal -0.05815 0.705147 0.706673
    outer loop
      vertex -5.33037 12.3584 4
      vertex -5.30446 13.3627 3
      vertex -5.46089 13.3498 3
    endloop
  endfacet
  facet normal 0.581645 0.402868 -0.706673
    outer loop
      vertex -4.21429 11.9175 0
      vertex -3.33159 12.3972 1
      vertex -4.12494 11.7885 0
    endloop
  endfacet
  facet normal 0.581779 0.402649 -0.706687
    outer loop
      vertex -3.33159 12.3972 1
      vertex -4.21429 11.9175 0
      vertex -3.42094 12.5263 1
    endloop
  endfacet
  facet normal -0.588633 0.393161 0.706354
    outer loop
      vertex -6.91143 12.4949 3
      vertex -6.9841 12.3861 3
      vertex -6.11807 11.8861 4
    endloop
  endfacet
  facet normal 0.670261 0.227661 -0.706344
    outer loop
      vertex -3.03438 11.7599 1
      vertex -4.00031 11.5011 0
      vertex -3.07643 11.8837 1
    endloop
  endfacet
  facet normal 0.466875 0.532064 -0.706354
    outer loop
      vertex -3.61261 12.7409 1
      vertex -4.31972 12.0338 0
      vertex -3.71096 12.8272 1
    endloop
  endfacet
  facet normal -0.594633 0.383423 0.706681
    outer loop
      vertex -6.9841 12.3861 3
      vertex -6.20312 11.7542 4
      vertex -6.11807 11.8861 4
    endloop
  endfacet
  facet normal -0.594633 0.383423 0.706681
    outer loop
      vertex -6.20312 11.7542 4
      vertex -6.9841 12.3861 3
      vertex -7.06915 12.2542 3
    endloop
  endfacet
  facet normal -0.323238 0.629391 0.706671
    outer loop
      vertex -6.13158 13.1383 3
      vertex -5.77119 12.2006 4
      vertex -5.63158 12.2723 4
    endloop
  endfacet
  facet normal -0.323238 0.629391 0.706671
    outer loop
      vertex -5.77119 12.2006 4
      vertex -6.13158 13.1383 3
      vertex -6.27119 13.0666 3
    endloop
  endfacet
  facet normal 0.321132 0.947034 -0
    outer loop
      vertex -4.33059 13.2114 1
      vertex -4.45445 13.2534 3
      vertex -4.33059 13.2114 3
    endloop
  endfacet
  facet normal 0.321132 0.947034 0
    outer loop
      vertex -4.45445 13.2534 3
      vertex -4.33059 13.2114 1
      vertex -4.45445 13.2534 1
    endloop
  endfacet
  facet normal 0.0490543 0.998796 -0
    outer loop
      vertex -5.01715 13.3635 1
      vertex -5.17393 13.3712 3
      vertex -5.01715 13.3635 3
    endloop
  endfacet
  facet normal 0.0490543 0.998796 0
    outer loop
      vertex -5.17393 13.3712 3
      vertex -5.01715 13.3635 1
      vertex -5.17393 13.3712 1
    endloop
  endfacet
  facet normal 0.659559 0.751653 -0
    outer loop
      vertex -3.61261 12.7409 1
      vertex -3.71096 12.8272 3
      vertex -3.61261 12.7409 3
    endloop
  endfacet
  facet normal 0.659559 0.751653 0
    outer loop
      vertex -3.71096 12.8272 3
      vertex -3.61261 12.7409 1
      vertex -3.71096 12.8272 1
    endloop
  endfacet
  facet normal 0.629413 0.323177 -0.706679
    outer loop
      vertex -4.12494 11.7885 0
      vertex -3.18718 12.1488 1
      vertex -4.05321 11.6488 0
    endloop
  endfacet
  facet normal 0.629413 0.323177 -0.706679
    outer loop
      vertex -3.18718 12.1488 1
      vertex -4.12494 11.7885 0
      vertex -3.25891 12.2885 1
    endloop
  endfacet
  facet normal -0.634966 0.312886 0.706343
    outer loop
      vertex -7.06915 12.2542 3
      vertex -7.127 12.1368 3
      vertex -6.20312 11.7542 4
    endloop
  endfacet
  facet normal 0.302455 0.639618 -0.706689
    outer loop
      vertex -4.71327 12.2875 0
      vertex -4.18868 13.1443 1
      vertex -4.57137 12.2204 0
    endloop
  endfacet
  facet normal 0.302438 0.639627 -0.706688
    outer loop
      vertex -4.18868 13.1443 1
      vertex -4.71327 12.2875 0
      vertex -4.33059 13.2114 1
    endloop
  endfacet
  facet normal -0.227302 0.670379 -0.706347
    outer loop
      vertex -5.4838 12.3252 0
      vertex -5.86648 13.2491 1
      vertex -5.74261 13.2911 1
    endloop
  endfacet
  facet normal -0.456847 0.889545 0
    outer loop
      vertex -6.13158 13.1383 1
      vertex -6.27119 13.0666 3
      vertex -6.13158 13.1383 3
    endloop
  endfacet
  facet normal -0.456847 0.889545 0
    outer loop
      vertex -6.27119 13.0666 3
      vertex -6.13158 13.1383 1
      vertex -6.27119 13.0666 1
    endloop
  endfacet
  facet normal -0.840432 0.541916 0
    outer loop
      vertex -7.06915 12.2542 1
      vertex -6.9841 12.3861 3
      vertex -6.9841 12.3861 1
    endloop
  endfacet
  facet normal -0.840432 0.541916 0
    outer loop
      vertex -6.9841 12.3861 3
      vertex -7.06915 12.2542 1
      vertex -7.06915 12.2542 3
    endloop
  endfacet
  facet normal -0.634966 0.312886 -0.706343
    outer loop
      vertex -6.20312 11.7542 0
      vertex -7.127 12.1368 1
      vertex -7.06915 12.2542 1
    endloop
  endfacet
  facet normal 0.313294 0.634759 0.706348
    outer loop
      vertex -4.18868 13.1443 3
      vertex -4.57137 12.2204 4
      vertex -4.07137 13.0864 3
    endloop
  endfacet
  facet normal 0.646742 0.762709 -0
    outer loop
      vertex -3.71096 12.8272 1
      vertex -3.83066 12.9287 3
      vertex -3.71096 12.8272 3
    endloop
  endfacet
  facet normal 0.646742 0.762709 0
    outer loop
      vertex -3.83066 12.9287 3
      vertex -3.71096 12.8272 1
      vertex -3.83066 12.9287 1
    endloop
  endfacet
  facet normal 0.383162 0.594803 0.70668
    outer loop
      vertex -4.57137 12.2204 4
      vertex -3.93942 13.0014 3
      vertex -4.07137 13.0864 3
    endloop
  endfacet
  facet normal 0.383469 0.59458 0.706701
    outer loop
      vertex -3.93942 13.0014 3
      vertex -4.57137 12.2204 4
      vertex -4.43942 12.1353 4
    endloop
  endfacet
  facet normal 0.740914 0.6716 0
    outer loop
      vertex -3.50719 12.6246 3
      vertex -3.61261 12.7409 1
      vertex -3.61261 12.7409 3
    endloop
  endfacet
  facet normal 0.740914 0.6716 0
    outer loop
      vertex -3.61261 12.7409 1
      vertex -3.50719 12.6246 3
      vertex -3.50719 12.6246 1
    endloop
  endfacet
  facet normal 0.941511 0.336982 0
    outer loop
      vertex -3.07643 11.8837 3
      vertex -3.12933 12.0315 1
      vertex -3.12933 12.0315 3
    endloop
  endfacet
  facet normal 0.941511 0.336982 0
    outer loop
      vertex -3.12933 12.0315 1
      vertex -3.07643 11.8837 3
      vertex -3.07643 11.8837 1
    endloop
  endfacet
  facet normal 0.666146 0.238425 0.706684
    outer loop
      vertex -4.05321 11.6488 4
      vertex -3.07643 11.8837 3
      vertex -3.12933 12.0315 3
    endloop
  endfacet
  facet normal 0.666103 0.23857 0.706676
    outer loop
      vertex -3.07643 11.8837 3
      vertex -4.05321 11.6488 4
      vertex -4.00031 11.5011 4
    endloop
  endfacet
  facet normal -0.0649815 0.997886 0
    outer loop
      vertex -5.17393 13.3712 1
      vertex -5.30446 13.3627 3
      vertex -5.17393 13.3712 3
    endloop
  endfacet
  facet normal -0.0649815 0.997886 0
    outer loop
      vertex -5.30446 13.3627 3
      vertex -5.17393 13.3712 1
      vertex -5.30446 13.3627 1
    endloop
  endfacet
  facet normal 0.126227 0.696187 -0.706676
    outer loop
      vertex -5.01715 12.3635 0
      vertex -4.73219 13.3269 1
      vertex -4.86272 12.3355 0
    endloop
  endfacet
  facet normal 0.126651 0.696086 -0.706699
    outer loop
      vertex -4.73219 13.3269 1
      vertex -5.01715 12.3635 0
      vertex -4.88663 13.355 1
    endloop
  endfacet
  facet normal 0.046001 0.706358 -0.706358
    outer loop
      vertex -4.88663 13.355 1
      vertex -5.01715 12.3635 0
      vertex -5.01715 13.3635 1
    endloop
  endfacet
  facet normal -0.238451 0.666131 -0.706689
    outer loop
      vertex -5.63158 12.2723 0
      vertex -5.86648 13.2491 1
      vertex -5.4838 12.3252 0
    endloop
  endfacet
  facet normal -0.238451 0.666131 -0.706689
    outer loop
      vertex -5.86648 13.2491 1
      vertex -5.63158 12.2723 0
      vertex -6.01426 13.1962 1
    endloop
  endfacet
  facet normal 0.21636 0.673647 -0.706674
    outer loop
      vertex -4.86272 12.3355 0
      vertex -4.45445 13.2534 1
      vertex -4.71327 12.2875 0
    endloop
  endfacet
  facet normal 0.21636 0.673647 -0.706674
    outer loop
      vertex -4.45445 13.2534 1
      vertex -4.86272 12.3355 0
      vertex -4.6039 13.3014 1
    endloop
  endfacet
  facet normal -0.532109 0.466826 0.706352
    outer loop
      vertex -6.72365 12.7129 3
      vertex -6.80989 12.6146 3
      vertex -6.01654 12.0058 4
    endloop
  endfacet
  facet normal -0.539567 0.457663 -0.706691
    outer loop
      vertex -6.11807 11.8861 0
      vertex -6.80989 12.6146 1
      vertex -6.01654 12.0058 0
    endloop
  endfacet
  facet normal -0.539544 0.457688 -0.706693
    outer loop
      vertex -6.80989 12.6146 1
      vertex -6.11807 11.8861 0
      vertex -6.91143 12.4949 1
    endloop
  endfacet
  facet normal -0.89701 0.44201 0
    outer loop
      vertex -7.127 12.1368 1
      vertex -7.06915 12.2542 3
      vertex -7.06915 12.2542 1
    endloop
  endfacet
  facet normal -0.89701 0.44201 0
    outer loop
      vertex -7.06915 12.2542 3
      vertex -7.127 12.1368 1
      vertex -7.127 12.1368 3
    endloop
  endfacet
  facet normal -0.831568 0.555423 0
    outer loop
      vertex -6.9841 12.3861 1
      vertex -6.91143 12.4949 3
      vertex -6.91143 12.4949 1
    endloop
  endfacet
  facet normal -0.831568 0.555423 0
    outer loop
      vertex -6.91143 12.4949 3
      vertex -6.9841 12.3861 1
      vertex -6.9841 12.3861 3
    endloop
  endfacet
  facet normal 0.046001 0.706358 0.706358
    outer loop
      vertex -5.01715 13.3635 3
      vertex -5.01715 12.3635 4
      vertex -4.88663 13.355 3
    endloop
  endfacet
  facet normal -0.238451 0.666131 0.706689
    outer loop
      vertex -5.86648 13.2491 3
      vertex -5.63158 12.2723 4
      vertex -5.4838 12.3252 4
    endloop
  endfacet
  facet normal -0.238451 0.666131 0.706689
    outer loop
      vertex -5.63158 12.2723 4
      vertex -5.86648 13.2491 3
      vertex -6.01426 13.1962 3
    endloop
  endfacet
  facet normal -0.149637 0.691531 -0.706678
    outer loop
      vertex -5.4838 12.3252 0
      vertex -5.58919 13.3243 1
      vertex -5.33037 12.3584 0
    endloop
  endfacet
  facet normal -0.149646 0.691529 -0.706678
    outer loop
      vertex -5.58919 13.3243 1
      vertex -5.4838 12.3252 0
      vertex -5.74261 13.2911 1
    endloop
  endfacet
  facet normal -0.211504 0.977377 0
    outer loop
      vertex -5.58919 13.3243 1
      vertex -5.74261 13.2911 3
      vertex -5.58919 13.3243 3
    endloop
  endfacet
  facet normal -0.211504 0.977377 0
    outer loop
      vertex -5.74261 13.2911 3
      vertex -5.58919 13.3243 1
      vertex -5.74261 13.2911 1
    endloop
  endfacet
  facet normal -0.19494 0.980815 0
    outer loop
      vertex -5.46089 13.3498 1
      vertex -5.58919 13.3243 3
      vertex -5.46089 13.3498 3
    endloop
  endfacet
  facet normal -0.19494 0.980815 0
    outer loop
      vertex -5.58919 13.3243 3
      vertex -5.46089 13.3498 1
      vertex -5.58919 13.3243 1
    endloop
  endfacet
  facet normal 0.138004 0.694294 0.706336
    outer loop
      vertex -4.73219 13.3269 3
      vertex -4.86272 12.3355 4
      vertex -4.6039 13.3014 3
    endloop
  endfacet
  facet normal -0.082186 0.996617 0
    outer loop
      vertex -5.30446 13.3627 1
      vertex -5.46089 13.3498 3
      vertex -5.30446 13.3627 3
    endloop
  endfacet
  facet normal -0.082186 0.996617 0
    outer loop
      vertex -5.46089 13.3498 3
      vertex -5.30446 13.3627 1
      vertex -5.46089 13.3498 1
    endloop
  endfacet
  facet normal -0.0459974 0.706358 -0.706358
    outer loop
      vertex -5.17393 12.3712 0
      vertex -5.30446 13.3627 1
      vertex -5.17393 13.3712 1
    endloop
  endfacet
  facet normal -0.659559 0.751653 0
    outer loop
      vertex -6.50901 12.9046 1
      vertex -6.60736 12.8183 3
      vertex -6.50901 12.9046 3
    endloop
  endfacet
  facet normal -0.659559 0.751653 0
    outer loop
      vertex -6.60736 12.8183 3
      vertex -6.50901 12.9046 1
      vertex -6.60736 12.8183 1
    endloop
  endfacet
  facet normal -0.466875 0.532064 -0.706354
    outer loop
      vertex -5.90025 12.1112 0
      vertex -6.60736 12.8183 1
      vertex -6.50901 12.9046 1
    endloop
  endfacet
  facet normal -0.393357 0.588521 0.706338
    outer loop
      vertex -6.27119 13.0666 3
      vertex -6.37996 12.9939 3
      vertex -5.77119 12.2006 4
    endloop
  endfacet
  facet normal -0.569028 0.822318 0
    outer loop
      vertex -6.37996 12.9939 1
      vertex -6.50901 12.9046 3
      vertex -6.37996 12.9939 3
    endloop
  endfacet
  facet normal -0.569028 0.822318 0
    outer loop
      vertex -6.50901 12.9046 3
      vertex -6.37996 12.9939 1
      vertex -6.50901 12.9046 1
    endloop
  endfacet
  facet normal 0.634854 0.313097 -0.706351
    outer loop
      vertex -3.12933 12.0315 1
      vertex -4.05321 11.6488 0
      vertex -3.18718 12.1488 1
    endloop
  endfacet
  facet normal 0.58845 0.393455 0.706343
    outer loop
      vertex -3.33159 12.3972 3
      vertex -4.12494 11.7885 4
      vertex -3.25891 12.2885 3
    endloop
  endfacet
  facet normal 0.21636 0.673647 0.706674
    outer loop
      vertex -4.86272 12.3355 4
      vertex -4.45445 13.2534 3
      vertex -4.6039 13.3014 3
    endloop
  endfacet
  facet normal 0.21636 0.673647 0.706674
    outer loop
      vertex -4.45445 13.2534 3
      vertex -4.86272 12.3355 4
      vertex -4.71327 12.2875 4
    endloop
  endfacet
  facet normal 0.889587 0.456765 0
    outer loop
      vertex -3.18718 12.1488 3
      vertex -3.25891 12.2885 1
      vertex -3.25891 12.2885 3
    endloop
  endfacet
  facet normal 0.889587 0.456765 0
    outer loop
      vertex -3.25891 12.2885 1
      vertex -3.18718 12.1488 3
      vertex -3.18718 12.1488 1
    endloop
  endfacet
  facet normal 0.670261 0.227661 0.706344
    outer loop
      vertex -3.07643 11.8837 3
      vertex -4.00031 11.5011 4
      vertex -3.03438 11.7599 3
    endloop
  endfacet
  facet normal 0.179009 0.983847 -0
    outer loop
      vertex -4.73219 13.3269 1
      vertex -4.88663 13.355 3
      vertex -4.73219 13.3269 3
    endloop
  endfacet
  facet normal 0.179009 0.983847 0
    outer loop
      vertex -4.88663 13.355 3
      vertex -4.73219 13.3269 1
      vertex -4.88663 13.355 1
    endloop
  endfacet
  facet normal 0.194955 0.980812 -0
    outer loop
      vertex -4.6039 13.3014 1
      vertex -4.73219 13.3269 3
      vertex -4.6039 13.3014 3
    endloop
  endfacet
  facet normal 0.194955 0.980812 0
    outer loop
      vertex -4.73219 13.3269 3
      vertex -4.6039 13.3014 1
      vertex -4.73219 13.3269 1
    endloop
  endfacet
  facet normal 0.524199 0.475205 -0.706679
    outer loop
      vertex -4.31972 12.0338 0
      vertex -3.50719 12.6246 1
      vertex -4.21429 11.9175 0
    endloop
  endfacet
  facet normal 0.524221 0.475179 -0.706681
    outer loop
      vertex -3.50719 12.6246 1
      vertex -4.31972 12.0338 0
      vertex -3.61261 12.7409 1
    endloop
  endfacet
  facet normal -0.594633 0.383423 -0.706681
    outer loop
      vertex -6.20312 11.7542 0
      vertex -6.9841 12.3861 1
      vertex -6.11807 11.8861 0
    endloop
  endfacet
  facet normal -0.594633 0.383423 -0.706681
    outer loop
      vertex -6.9841 12.3861 1
      vertex -6.20312 11.7542 0
      vertex -7.06915 12.2542 1
    endloop
  endfacet
  facet normal -0.642185 0.296677 -0.706811
    outer loop
      vertex -6.27773 11.5927 0
      vertex -7.127 12.1368 1
      vertex -6.20312 11.7542 0
    endloop
  endfacet
  facet normal -0.642122 0.296792 -0.70682
    outer loop
      vertex -7.127 12.1368 1
      vertex -6.27773 11.5927 0
      vertex -7.2016 11.9754 1
    endloop
  endfacet
  facet normal -0.907729 0.419557 0
    outer loop
      vertex -7.2016 11.9754 1
      vertex -7.127 12.1368 3
      vertex -7.127 12.1368 1
    endloop
  endfacet
  facet normal -0.907729 0.419557 0
    outer loop
      vertex -7.127 12.1368 3
      vertex -7.2016 11.9754 1
      vertex -7.2016 11.9754 3
    endloop
  endfacet
  facet normal 0.555723 0.831368 -0
    outer loop
      vertex -3.83066 12.9287 1
      vertex -3.93942 13.0014 3
      vertex -3.83066 12.9287 3
    endloop
  endfacet
  facet normal 0.555723 0.831368 0
    outer loop
      vertex -3.93942 13.0014 3
      vertex -3.83066 12.9287 1
      vertex -3.93942 13.0014 1
    endloop
  endfacet
  facet normal 0.227318 0.670373 0.706348
    outer loop
      vertex -4.45445 13.2534 3
      vertex -4.71327 12.2875 4
      vertex -4.33059 13.2114 3
    endloop
  endfacet
  facet normal -0.137993 0.694296 0.706336
    outer loop
      vertex -5.46089 13.3498 3
      vertex -5.58919 13.3243 3
      vertex -5.33037 12.3584 4
    endloop
  endfacet
  facet normal -0.555688 0.831391 0
    outer loop
      vertex -6.27119 13.0666 1
      vertex -6.37996 12.9939 3
      vertex -6.27119 13.0666 3
    endloop
  endfacet
  facet normal -0.555688 0.831391 0
    outer loop
      vertex -6.37996 12.9939 3
      vertex -6.27119 13.0666 1
      vertex -6.37996 12.9939 1
    endloop
  endfacet
  facet normal 0.227318 0.670373 -0.706348
    outer loop
      vertex -4.33059 13.2114 1
      vertex -4.71327 12.2875 0
      vertex -4.45445 13.2534 1
    endloop
  endfacet
  facet normal 0.427459 0.904035 -0
    outer loop
      vertex -4.18868 13.1443 1
      vertex -4.33059 13.2114 3
      vertex -4.18868 13.1443 3
    endloop
  endfacet
  facet normal 0.427459 0.904035 0
    outer loop
      vertex -4.33059 13.2114 3
      vertex -4.18868 13.1443 1
      vertex -4.33059 13.2114 1
    endloop
  endfacet
  facet normal 0.581779 0.402649 0.706687
    outer loop
      vertex -4.21429 11.9175 4
      vertex -3.33159 12.3972 3
      vertex -3.42094 12.5263 3
    endloop
  endfacet
  facet normal 0.581645 0.402868 0.706673
    outer loop
      vertex -3.33159 12.3972 3
      vertex -4.21429 11.9175 4
      vertex -4.12494 11.7885 4
    endloop
  endfacet
  facet normal 0.58845 0.393455 -0.706343
    outer loop
      vertex -3.25891 12.2885 1
      vertex -4.12494 11.7885 0
      vertex -3.33159 12.3972 1
    endloop
  endfacet
  facet normal 0.946871 0.321615 0
    outer loop
      vertex -3.03438 11.7599 3
      vertex -3.07643 11.8837 1
      vertex -3.07643 11.8837 3
    endloop
  endfacet
  facet normal 0.946871 0.321615 0
    outer loop
      vertex -3.07643 11.8837 1
      vertex -3.03438 11.7599 3
      vertex -3.03438 11.7599 1
    endloop
  endfacet
  facet normal 0.138004 0.694294 -0.706336
    outer loop
      vertex -4.6039 13.3014 1
      vertex -4.86272 12.3355 0
      vertex -4.73219 13.3269 1
    endloop
  endfacet
  facet normal 0.541546 0.840671 -0
    outer loop
      vertex -3.93942 13.0014 1
      vertex -4.07137 13.0864 3
      vertex -3.93942 13.0014 3
    endloop
  endfacet
  facet normal 0.541546 0.840671 0
    outer loop
      vertex -4.07137 13.0864 3
      vertex -3.93942 13.0014 1
      vertex -4.07137 13.0864 1
    endloop
  endfacet
  facet normal 0.442591 0.896724 -0
    outer loop
      vertex -4.07137 13.0864 1
      vertex -4.18868 13.1443 3
      vertex -4.07137 13.0864 3
    endloop
  endfacet
  facet normal 0.442591 0.896724 0
    outer loop
      vertex -4.18868 13.1443 3
      vertex -4.07137 13.0864 1
      vertex -4.18868 13.1443 1
    endloop
  endfacet
  facet normal -0.402893 0.581626 -0.706674
    outer loop
      vertex -5.90025 12.1112 0
      vertex -6.37996 12.9939 1
      vertex -5.77119 12.2006 0
    endloop
  endfacet
  facet normal -0.402599 0.581808 -0.706692
    outer loop
      vertex -6.37996 12.9939 1
      vertex -5.90025 12.1112 0
      vertex -6.50901 12.9046 1
    endloop
  endfacet
  facet normal 0.45758 0.539629 -0.706698
    outer loop
      vertex -4.43942 12.1353 0
      vertex -3.71096 12.8272 1
      vertex -4.31972 12.0338 0
    endloop
  endfacet
  facet normal 0.45758 0.539629 -0.706698
    outer loop
      vertex -3.71096 12.8272 1
      vertex -4.43942 12.1353 0
      vertex -3.83066 12.9287 1
    endloop
  endfacet
  facet normal 0.466875 0.532064 0.706354
    outer loop
      vertex -3.71096 12.8272 3
      vertex -4.31972 12.0338 4
      vertex -3.61261 12.7409 3
    endloop
  endfacet
  facet normal 0.532083 0.466858 -0.706351
    outer loop
      vertex -3.42094 12.5263 1
      vertex -4.21429 11.9175 0
      vertex -3.50719 12.6246 1
    endloop
  endfacet
  facet normal 0.305793 0.952098 -0
    outer loop
      vertex -4.45445 13.2534 1
      vertex -4.6039 13.3014 3
      vertex -4.45445 13.2534 3
    endloop
  endfacet
  facet normal 0.305793 0.952098 0
    outer loop
      vertex -4.6039 13.3014 3
      vertex -4.45445 13.2534 1
      vertex -4.6039 13.3014 1
    endloop
  endfacet
  facet normal 0.0347075 0.706681 0.706681
    outer loop
      vertex -5.01715 13.3635 3
      vertex -5.17393 12.3712 4
      vertex -5.01715 12.3635 4
    endloop
  endfacet
  facet normal 0.0347075 0.706681 0.706681
    outer loop
      vertex -5.17393 12.3712 4
      vertex -5.01715 13.3635 3
      vertex -5.17393 13.3712 3
    endloop
  endfacet
  facet normal 0.313294 0.634759 -0.706348
    outer loop
      vertex -4.07137 13.0864 1
      vertex -4.57137 12.2204 0
      vertex -4.18868 13.1443 1
    endloop
  endfacet
  facet normal 0.524221 0.475179 0.706681
    outer loop
      vertex -4.31972 12.0338 4
      vertex -3.50719 12.6246 3
      vertex -3.61261 12.7409 3
    endloop
  endfacet
  facet normal 0.524199 0.475205 0.706679
    outer loop
      vertex -3.50719 12.6246 3
      vertex -4.31972 12.0338 4
      vertex -4.21429 11.9175 4
    endloop
  endfacet
  facet normal -0.475153 0.524246 -0.70668
    outer loop
      vertex -6.01654 12.0058 0
      vertex -6.60736 12.8183 1
      vertex -5.90025 12.1112 0
    endloop
  endfacet
  facet normal -0.475153 0.524246 -0.70668
    outer loop
      vertex -6.60736 12.8183 1
      vertex -6.01654 12.0058 0
      vertex -6.72365 12.7129 1
    endloop
  endfacet
  facet normal -0.671562 0.740948 0
    outer loop
      vertex -6.60736 12.8183 1
      vertex -6.72365 12.7129 3
      vertex -6.60736 12.8183 3
    endloop
  endfacet
  facet normal -0.671562 0.740948 0
    outer loop
      vertex -6.72365 12.7129 3
      vertex -6.60736 12.8183 1
      vertex -6.72365 12.7129 1
    endloop
  endfacet
  facet normal -0.0459974 0.706358 0.706358
    outer loop
      vertex -5.17393 13.3712 3
      vertex -5.30446 13.3627 3
      vertex -5.17393 12.3712 4
    endloop
  endfacet
  facet normal 0.751676 0.659533 0
    outer loop
      vertex -3.42094 12.5263 3
      vertex -3.50719 12.6246 1
      vertex -3.50719 12.6246 3
    endloop
  endfacet
  facet normal 0.751676 0.659533 0
    outer loop
      vertex -3.50719 12.6246 1
      vertex -3.42094 12.5263 3
      vertex -3.42094 12.5263 1
    endloop
  endfacet
  facet normal 0.0453189 0.998973 -0
    outer loop
      vertex -9.40623 8.2013 1
      vertex -9.62578 8.21126 3
      vertex -9.40623 8.2013 3
    endloop
  endfacet
  facet normal 0.0453189 0.998973 0
    outer loop
      vertex -9.62578 8.21126 3
      vertex -9.40623 8.2013 1
      vertex -9.62578 8.21126 1
    endloop
  endfacet
  facet normal -0.624196 -0.332683 0.706895
    outer loop
      vertex -40.6546 6.71492 3
      vertex -39.7806 7.19991 4
      vertex -39.7886 7.21492 4
    endloop
  endfacet
  facet normal -0.624196 -0.332683 0.706895
    outer loop
      vertex -39.7806 7.19991 4
      vertex -40.6546 6.71492 3
      vertex -40.6466 6.69991 3
    endloop
  endfacet
  facet normal -0.882483 -0.470344 0
    outer loop
      vertex -40.6466 6.69991 1
      vertex -40.6546 6.71492 3
      vertex -40.6546 6.71492 1
    endloop
  endfacet
  facet normal -0.882483 -0.470344 0
    outer loop
      vertex -40.6546 6.71492 3
      vertex -40.6466 6.69991 1
      vertex -40.6466 6.69991 3
    endloop
  endfacet
  facet normal 0.0320618 0.706744 -0.706743
    outer loop
      vertex -9.40623 8.2013 1
      vertex -9.70648 7.38739 0.172468
      vertex -9.62578 8.21126 1
    endloop
  endfacet
  facet normal 0.0320567 0.706745 -0.706742
    outer loop
      vertex -9.3755 7.19991 0
      vertex -9.70648 7.38739 0.172468
      vertex -9.40623 8.2013 1
    endloop
  endfacet
  facet normal 0.0320508 0.706739 -0.706748
    outer loop
      vertex -9.70648 7.38739 0.172468
      vertex -9.3755 7.19991 0
      vertex -9.70648 7.21492 0
    endloop
  endfacet
  facet normal 0.0320509 0.706743 0.706743
    outer loop
      vertex -9.3755 7.19991 4
      vertex -9.70648 7.38739 3.82753
      vertex -9.70648 7.21492 4
    endloop
  endfacet
  facet normal 0.0320523 0.706745 0.706742
    outer loop
      vertex -9.40623 8.2013 3
      vertex -9.70648 7.38739 3.82753
      vertex -9.3755 7.19991 4
    endloop
  endfacet
  facet normal 0.0320618 0.706743 0.706744
    outer loop
      vertex -9.70648 7.38739 3.82753
      vertex -9.40623 8.2013 3
      vertex -9.62578 8.21126 3
    endloop
  endfacet
  facet normal -0.624196 -0.332683 -0.706895
    outer loop
      vertex -40.6546 6.71492 1
      vertex -39.7806 7.19991 0
      vertex -40.6466 6.69991 1
    endloop
  endfacet
  facet normal -0.624196 -0.332683 -0.706895
    outer loop
      vertex -39.7806 7.19991 0
      vertex -40.6546 6.71492 1
      vertex -39.7886 7.21492 0
    endloop
  endfacet
  facet normal 0.0878175 0.70164 -0.707099
    outer loop
      vertex -9.70648 7.38739 0.172468
      vertex -9.93754 8.25028 1
      vertex -9.62578 8.21126 1
    endloop
  endfacet
  facet normal 0.0878056 0.701631 -0.70711
    outer loop
      vertex -10.0681 7.25883 0
      vertex -9.70648 7.38739 0.172468
      vertex -9.7233 7.21568 0
    endloop
  endfacet
  facet normal 0.0877991 0.701639 -0.707103
    outer loop
      vertex -9.70648 7.38739 0.172468
      vertex -10.0681 7.25883 0
      vertex -9.93754 8.25028 1
    endloop
  endfacet
  facet normal 0.124191 0.992258 -0
    outer loop
      vertex -9.62578 8.21126 1
      vertex -9.93754 8.25028 3
      vertex -9.62578 8.21126 3
    endloop
  endfacet
  facet normal 0.124191 0.992258 0
    outer loop
      vertex -9.93754 8.25028 3
      vertex -9.62578 8.21126 1
      vertex -9.93754 8.25028 1
    endloop
  endfacet
  facet normal 0.0878174 0.701639 0.7071
    outer loop
      vertex -9.93754 8.25028 3
      vertex -9.70648 7.38739 3.82753
      vertex -9.62578 8.21126 3
    endloop
  endfacet
  facet normal 0.0878033 0.701638 0.707103
    outer loop
      vertex -10.0681 7.25883 4
      vertex -9.70648 7.38739 3.82753
      vertex -9.93754 8.25028 3
    endloop
  endfacet
  facet normal 0.0878061 0.701635 0.707106
    outer loop
      vertex -9.70648 7.38739 3.82753
      vertex -10.0681 7.25883 4
      vertex -9.7233 7.21568 4
    endloop
  endfacet
  facet normal -0.618505 -0.342839 0.707045
    outer loop
      vertex -40.6894 6.77774 3
      vertex -39.789 7.21568 4
      vertex -39.8234 7.27774 4
    endloop
  endfacet
  facet normal -0.618908 -0.342065 0.707068
    outer loop
      vertex -39.789 7.21568 4
      vertex -40.6894 6.77774 3
      vertex -40.6551 6.71568 3
    endloop
  endfacet
  facet normal -0.87522 -0.483726 0
    outer loop
      vertex -40.6551 6.71568 1
      vertex -40.6894 6.77774 3
      vertex -40.6894 6.77774 1
    endloop
  endfacet
  facet normal -0.87522 -0.483726 0
    outer loop
      vertex -40.6894 6.77774 3
      vertex -40.6551 6.71568 1
      vertex -40.6551 6.71568 3
    endloop
  endfacet
  facet normal -0.618908 -0.342065 -0.707068
    outer loop
      vertex -40.6894 6.77774 1
      vertex -39.789 7.21568 0
      vertex -40.6551 6.71568 1
    endloop
  endfacet
  facet normal -0.618505 -0.342839 -0.707045
    outer loop
      vertex -39.789 7.21568 0
      vertex -40.6894 6.77774 1
      vertex -39.8234 7.27774 0
    endloop
  endfacet
  facet normal -0.62595 -0.329448 0.706859
    outer loop
      vertex -40.6551 6.71568 3
      vertex -39.7886 7.21492 4
      vertex -39.789 7.21568 4
    endloop
  endfacet
  facet normal -0.591237 -0.388972 0.706498
    outer loop
      vertex -39.7886 7.21492 4
      vertex -40.6551 6.71568 3
      vertex -40.6546 6.71492 3
    endloop
  endfacet
  facet normal -0.591237 -0.388972 -0.706498
    outer loop
      vertex -40.6551 6.71568 1
      vertex -39.7886 7.21492 0
      vertex -40.6546 6.71492 1
    endloop
  endfacet
  facet normal -0.62595 -0.329448 -0.706859
    outer loop
      vertex -39.7886 7.21492 0
      vertex -40.6551 6.71568 1
      vertex -39.789 7.21568 0
    endloop
  endfacet
  facet normal 0.0319338 0.706746 0.706746
    outer loop
      vertex -9.70648 7.38739 3.82753
      vertex -9.7233 7.21568 4
      vertex -9.70648 7.21492 4
    endloop
  endfacet
  facet normal -0.835417 -0.549617 0
    outer loop
      vertex -40.6546 6.71492 1
      vertex -40.6551 6.71568 3
      vertex -40.6551 6.71568 1
    endloop
  endfacet
  facet normal -0.835417 -0.549617 0
    outer loop
      vertex -40.6551 6.71568 3
      vertex -40.6546 6.71492 1
      vertex -40.6546 6.71492 3
    endloop
  endfacet
  facet normal 0.0319336 0.706742 -0.70675
    outer loop
      vertex -9.70648 7.21492 0
      vertex -9.7233 7.21568 0
      vertex -9.70648 7.38739 0.172468
    endloop
  endfacet
  facet normal 0.10758 0.69896 0.707023
    outer loop
      vertex -10.1909 7.27774 4
      vertex -9.93754 8.25028 3
      vertex -10.0604 8.26919 3
    endloop
  endfacet
  facet normal 0.107631 0.698949 0.707026
    outer loop
      vertex -9.93754 8.25028 3
      vertex -10.1909 7.27774 4
      vertex -10.0681 7.25883 4
    endloop
  endfacet
  facet normal 0.152124 0.988361 -0
    outer loop
      vertex -9.93754 8.25028 1
      vertex -10.0604 8.26919 3
      vertex -9.93754 8.25028 3
    endloop
  endfacet
  facet normal 0.152124 0.988361 0
    outer loop
      vertex -10.0604 8.26919 3
      vertex -9.93754 8.25028 1
      vertex -10.0604 8.26919 1
    endloop
  endfacet
  facet normal 0.107631 0.698949 -0.707026
    outer loop
      vertex -10.1909 7.27774 0
      vertex -9.93754 8.25028 1
      vertex -10.0681 7.25883 0
    endloop
  endfacet
  facet normal 0.10758 0.69896 -0.707023
    outer loop
      vertex -9.93754 8.25028 1
      vertex -10.1909 7.27774 0
      vertex -10.0604 8.26919 1
    endloop
  endfacet
  facet normal 0.141454 0.693404 0.706528
    outer loop
      vertex -12.1734 8.65649 3
      vertex -12.3374 7.67102 4
      vertex -12.1659 8.65496 3
    endloop
  endfacet
  facet normal 0.142939 0.693128 0.706499
    outer loop
      vertex -12.3374 7.67102 4
      vertex -12.1734 8.65649 3
      vertex -12.4322 7.69057 4
    endloop
  endfacet
  facet normal 0.141454 0.693404 -0.706528
    outer loop
      vertex -12.3374 7.67102 0
      vertex -12.1734 8.65649 1
      vertex -12.1659 8.65496 1
    endloop
  endfacet
  facet normal 0.142939 0.693128 -0.706499
    outer loop
      vertex -12.1734 8.65649 1
      vertex -12.3374 7.67102 0
      vertex -12.4322 7.69057 0
    endloop
  endfacet
  facet normal 0.199883 0.97982 -0
    outer loop
      vertex -12.1659 8.65496 1
      vertex -12.1734 8.65649 3
      vertex -12.1659 8.65496 3
    endloop
  endfacet
  facet normal 0.199883 0.97982 0
    outer loop
      vertex -12.1734 8.65649 3
      vertex -12.1659 8.65496 1
      vertex -12.1734 8.65649 1
    endloop
  endfacet
  facet normal -0.619004 -0.341956 0.707036
    outer loop
      vertex -40.9179 7.19057 3
      vertex -40.0411 7.67102 4
      vertex -40.0519 7.69057 4
    endloop
  endfacet
  facet normal -0.619004 -0.341956 0.707036
    outer loop
      vertex -40.0411 7.67102 4
      vertex -40.9179 7.19057 3
      vertex -40.9071 7.17102 3
    endloop
  endfacet
  facet normal -0.875316 -0.483551 0
    outer loop
      vertex -40.9071 7.17102 1
      vertex -40.9179 7.19057 3
      vertex -40.9179 7.19057 1
    endloop
  endfacet
  facet normal -0.875316 -0.483551 0
    outer loop
      vertex -40.9179 7.19057 3
      vertex -40.9071 7.17102 1
      vertex -40.9071 7.17102 3
    endloop
  endfacet
  facet normal -0.619004 -0.341956 -0.707036
    outer loop
      vertex -40.9179 7.19057 1
      vertex -40.0411 7.67102 0
      vertex -40.9071 7.17102 1
    endloop
  endfacet
  facet normal -0.619004 -0.341956 -0.707036
    outer loop
      vertex -40.0411 7.67102 0
      vertex -40.9179 7.19057 1
      vertex -40.0519 7.69057 0
    endloop
  endfacet
  facet normal 0.18022 0.983626 -0
    outer loop
      vertex -10.0604 8.26919 1
      vertex -12.1659 8.65496 3
      vertex -10.0604 8.26919 3
    endloop
  endfacet
  facet normal 0.18022 0.983626 0
    outer loop
      vertex -12.1659 8.65496 3
      vertex -10.0604 8.26919 1
      vertex -12.1659 8.65496 1
    endloop
  endfacet
  facet normal -0.874901 -0.484301 0
    outer loop
      vertex -40.6894 6.77774 1
      vertex -40.9071 7.17102 3
      vertex -40.9071 7.17102 1
    endloop
  endfacet
  facet normal -0.874901 -0.484301 0
    outer loop
      vertex -40.9071 7.17102 3
      vertex -40.6894 6.77774 1
      vertex -40.6894 6.77774 3
    endloop
  endfacet
  facet normal 0.127515 0.695968 0.70666
    outer loop
      vertex -12.3374 7.67102 4
      vertex -10.0604 8.26919 3
      vertex -12.1659 8.65496 3
    endloop
  endfacet
  facet normal 0.127515 0.695969 0.706659
    outer loop
      vertex -10.0604 8.26919 3
      vertex -12.3374 7.67102 4
      vertex -10.1909 7.27774 4
    endloop
  endfacet
  facet normal -0.618706 -0.342484 0.707041
    outer loop
      vertex -40.9071 7.17102 3
      vertex -39.8234 7.27774 4
      vertex -40.0411 7.67102 4
    endloop
  endfacet
  facet normal -0.618706 -0.342484 0.707041
    outer loop
      vertex -39.8234 7.27774 4
      vertex -40.9071 7.17102 3
      vertex -40.6894 6.77774 3
    endloop
  endfacet
  facet normal 0.127515 0.695969 -0.706659
    outer loop
      vertex -12.3374 7.67102 0
      vertex -10.0604 8.26919 1
      vertex -10.1909 7.27774 0
    endloop
  endfacet
  facet normal 0.127515 0.695968 -0.70666
    outer loop
      vertex -10.0604 8.26919 1
      vertex -12.3374 7.67102 0
      vertex -12.1659 8.65496 1
    endloop
  endfacet
  facet normal -0.618706 -0.342484 -0.707041
    outer loop
      vertex -40.9071 7.17102 1
      vertex -39.8234 7.27774 0
      vertex -40.6894 6.77774 1
    endloop
  endfacet
  facet normal -0.618706 -0.342484 -0.707041
    outer loop
      vertex -39.8234 7.27774 0
      vertex -40.9071 7.17102 1
      vertex -40.0411 7.67102 0
    endloop
  endfacet
  facet normal -0.618675 -0.342538 0.707042
    outer loop
      vertex -41.2073 7.71327 3
      vertex -40.0519 7.69057 4
      vertex -40.3413 8.21327 4
    endloop
  endfacet
  facet normal -0.618675 -0.342538 0.707042
    outer loop
      vertex -40.0519 7.69057 4
      vertex -41.2073 7.71327 3
      vertex -40.9179 7.19057 3
    endloop
  endfacet
  facet normal -0.874859 -0.484378 0
    outer loop
      vertex -40.9179 7.19057 1
      vertex -41.2073 7.71327 3
      vertex -41.2073 7.71327 1
    endloop
  endfacet
  facet normal -0.874859 -0.484378 0
    outer loop
      vertex -41.2073 7.71327 3
      vertex -40.9179 7.19057 1
      vertex -40.9179 7.19057 3
    endloop
  endfacet
  facet normal 0.223564 0.974689 -0
    outer loop
      vertex -12.1734 8.65649 1
      vertex -14.4523 9.1792 3
      vertex -12.1734 8.65649 3
    endloop
  endfacet
  facet normal 0.223564 0.974689 0
    outer loop
      vertex -14.4523 9.1792 3
      vertex -12.1734 8.65649 1
      vertex -14.4523 9.1792 1
    endloop
  endfacet
  facet normal 0.158137 0.68944 0.70687
    outer loop
      vertex -14.4523 9.1792 3
      vertex -12.4322 7.69057 4
      vertex -12.1734 8.65649 3
    endloop
  endfacet
  facet normal 0.158133 0.689438 0.706873
    outer loop
      vertex -12.4322 7.69057 4
      vertex -14.4523 9.1792 3
      vertex -14.7111 8.21327 4
    endloop
  endfacet
  facet normal -0.618675 -0.342538 -0.707042
    outer loop
      vertex -41.2073 7.71327 1
      vertex -40.0519 7.69057 0
      vertex -40.9179 7.19057 1
    endloop
  endfacet
  facet normal -0.618675 -0.342538 -0.707042
    outer loop
      vertex -40.0519 7.69057 0
      vertex -41.2073 7.71327 1
      vertex -40.3413 8.21327 0
    endloop
  endfacet
  facet normal 0.158137 0.68944 -0.70687
    outer loop
      vertex -12.4322 7.69057 0
      vertex -14.4523 9.1792 1
      vertex -12.1734 8.65649 1
    endloop
  endfacet
  facet normal 0.158133 0.689438 -0.706873
    outer loop
      vertex -14.4523 9.1792 1
      vertex -12.4322 7.69057 0
      vertex -14.7111 8.21327 0
    endloop
  endfacet
  facet normal 0.170101 0.686407 -0.707044
    outer loop
      vertex -14.7111 8.21327 0
      vertex -14.5255 9.19734 1
      vertex -14.4523 9.1792 1
    endloop
  endfacet
  facet normal 0.170101 0.686407 -0.707044
    outer loop
      vertex -14.5255 9.19734 1
      vertex -14.7111 8.21327 0
      vertex -14.7843 8.23141 0
    endloop
  endfacet
  facet normal 0.240538 0.97064 -0
    outer loop
      vertex -14.4523 9.1792 1
      vertex -14.5255 9.19734 3
      vertex -14.4523 9.1792 3
    endloop
  endfacet
  facet normal 0.240538 0.97064 0
    outer loop
      vertex -14.5255 9.19734 3
      vertex -14.4523 9.1792 1
      vertex -14.5255 9.19734 1
    endloop
  endfacet
  facet normal -0.619314 -0.341408 0.70703
    outer loop
      vertex -41.2173 7.73141 3
      vertex -40.3413 8.21327 4
      vertex -40.3513 8.23141 4
    endloop
  endfacet
  facet normal -0.619314 -0.341408 0.70703
    outer loop
      vertex -40.3413 8.21327 4
      vertex -41.2173 7.73141 3
      vertex -41.2073 7.71327 3
    endloop
  endfacet
  facet normal -0.875747 -0.482771 0
    outer loop
      vertex -41.2073 7.71327 1
      vertex -41.2173 7.73141 3
      vertex -41.2173 7.73141 1
    endloop
  endfacet
  facet normal -0.875747 -0.482771 0
    outer loop
      vertex -41.2173 7.73141 3
      vertex -41.2073 7.71327 1
      vertex -41.2073 7.71327 3
    endloop
  endfacet
  facet normal -0.619314 -0.341408 -0.70703
    outer loop
      vertex -41.2173 7.73141 1
      vertex -40.3413 8.21327 0
      vertex -41.2073 7.71327 1
    endloop
  endfacet
  facet normal -0.619314 -0.341408 -0.70703
    outer loop
      vertex -40.3413 8.21327 0
      vertex -41.2173 7.73141 1
      vertex -40.3513 8.23141 0
    endloop
  endfacet
  facet normal 0.170101 0.686407 0.707044
    outer loop
      vertex -14.5255 9.19734 3
      vertex -14.7111 8.21327 4
      vertex -14.4523 9.1792 3
    endloop
  endfacet
  facet normal 0.170101 0.686407 0.707044
    outer loop
      vertex -14.7111 8.21327 4
      vertex -14.5255 9.19734 3
      vertex -14.7843 8.23141 4
    endloop
  endfacet
  facet normal 0.181816 0.683333 -0.707106
    outer loop
      vertex -14.7843 8.23141 0
      vertex -15.4351 9.43936 1
      vertex -14.5255 9.19734 1
    endloop
  endfacet
  facet normal 0.181816 0.683333 -0.707106
    outer loop
      vertex -15.4351 9.43936 1
      vertex -14.7843 8.23141 0
      vertex -15.6939 8.47343 0
    endloop
  endfacet
  facet normal 0.257127 0.966378 -0
    outer loop
      vertex -14.5255 9.19734 1
      vertex -15.4351 9.43936 3
      vertex -14.5255 9.19734 3
    endloop
  endfacet
  facet normal 0.257127 0.966378 0
    outer loop
      vertex -15.4351 9.43936 3
      vertex -14.5255 9.19734 1
      vertex -15.4351 9.43936 1
    endloop
  endfacet
  facet normal -0.618673 -0.342543 -0.707042
    outer loop
      vertex -41.3513 7.97343 1
      vertex -40.3513 8.23141 0
      vertex -41.2173 7.73141 1
    endloop
  endfacet
  facet normal -0.618673 -0.342543 -0.707042
    outer loop
      vertex -40.3513 8.23141 0
      vertex -41.3513 7.97343 1
      vertex -40.4853 8.47343 0
    endloop
  endfacet
  facet normal 0.181816 0.683333 0.707106
    outer loop
      vertex -15.4351 9.43936 3
      vertex -14.7843 8.23141 4
      vertex -14.5255 9.19734 3
    endloop
  endfacet
  facet normal 0.181816 0.683333 0.707106
    outer loop
      vertex -14.7843 8.23141 4
      vertex -15.4351 9.43936 3
      vertex -15.6939 8.47343 4
    endloop
  endfacet
  facet normal -0.618673 -0.342543 0.707042
    outer loop
      vertex -41.3513 7.97343 3
      vertex -40.3513 8.23141 4
      vertex -40.4853 8.47343 4
    endloop
  endfacet
  facet normal -0.618673 -0.342543 0.707042
    outer loop
      vertex -40.3513 8.23141 4
      vertex -41.3513 7.97343 3
      vertex -41.2173 7.73141 3
    endloop
  endfacet
  facet normal -0.874855 -0.484384 0
    outer loop
      vertex -41.2173 7.73141 1
      vertex -41.3513 7.97343 3
      vertex -41.3513 7.97343 1
    endloop
  endfacet
  facet normal -0.874855 -0.484384 0
    outer loop
      vertex -41.3513 7.97343 3
      vertex -41.2173 7.73141 1
      vertex -41.2173 7.73141 3
    endloop
  endfacet
  facet normal -0.781167 -0.624322 0
    outer loop
      vertex -24.0044 -7.44879 1
      vertex -24.1024 -7.32617 3
      vertex -24.1024 -7.32617 1
    endloop
  endfacet
  facet normal -0.781167 -0.624322 0
    outer loop
      vertex -24.1024 -7.32617 3
      vertex -24.0044 -7.44879 1
      vertex -24.0044 -7.44879 3
    endloop
  endfacet
  facet normal 0.138095 -0.694263 -0.706349
    outer loop
      vertex -21.9368 -8.19468 1
      vertex -22.0673 -7.20323 0
      vertex -21.8085 -8.16916 1
    endloop
  endfacet
  facet normal 0.196459 -0.679339 -0.707038
    outer loop
      vertex -22.0673 -7.20323 0
      vertex -21.6577 -8.12555 1
      vertex -21.8085 -8.16916 1
    endloop
  endfacet
  facet normal 0.196459 -0.679339 -0.707038
    outer loop
      vertex -21.6577 -8.12555 1
      vertex -22.0673 -7.20323 0
      vertex -21.9165 -7.15962 0
    endloop
  endfacet
  facet normal -0.896724 -0.442591 0
    outer loop
      vertex -24.2562 -7.08305 1
      vertex -24.3141 -6.96574 3
      vertex -24.3141 -6.96574 1
    endloop
  endfacet
  facet normal -0.896724 -0.442591 0
    outer loop
      vertex -24.3141 -6.96574 3
      vertex -24.2562 -7.08305 1
      vertex -24.2562 -7.08305 3
    endloop
  endfacet
  facet normal -0.693208 -0.720738 0
    outer loop
      vertex -23.9181 -7.54713 1
      vertex -23.805 -7.65591 3
      vertex -23.9181 -7.54713 3
    endloop
  endfacet
  facet normal -0.693208 -0.720738 -0
    outer loop
      vertex -23.805 -7.65591 3
      vertex -23.9181 -7.54713 1
      vertex -23.805 -7.65591 1
    endloop
  endfacet
  facet normal -0.313097 -0.634854 -0.706351
    outer loop
      vertex -23.2167 -8.04154 1
      vertex -23.334 -7.98369 1
      vertex -22.834 -7.11766 0
    endloop
  endfacet
  facet normal -0.588743 -0.393 -0.706352
    outer loop
      vertex -24.1024 -7.32617 1
      vertex -24.175 -7.21741 1
      vertex -23.309 -6.71741 0
    endloop
  endfacet
  facet normal -0.650888 -0.27632 0.707101
    outer loop
      vertex -23.392 -6.57881 4
      vertex -24.3141 -6.96574 3
      vertex -23.3902 -6.58305 4
    endloop
  endfacet
  facet normal -0.651121 -0.275769 0.707102
    outer loop
      vertex -24.3141 -6.96574 3
      vertex -23.392 -6.57881 4
      vertex -24.3159 -6.96149 3
    endloop
  endfacet
  facet normal 0.421644 -0.906761 0
    outer loop
      vertex -21.5339 -8.0835 1
      vertex -21.3419 -7.99422 3
      vertex -21.5339 -8.0835 3
    endloop
  endfacet
  facet normal 0.421644 -0.906761 0
    outer loop
      vertex -21.3419 -7.99422 3
      vertex -21.5339 -8.0835 1
      vertex -21.3419 -7.99422 1
    endloop
  endfacet
  facet normal 0.500056 -0.865993 0
    outer loop
      vertex -21.2246 -7.93637 1
      vertex -20.3803 -7.44884 3
      vertex -21.2246 -7.93637 3
    endloop
  endfacet
  facet normal 0.500056 -0.865993 0
    outer loop
      vertex -20.3803 -7.44884 3
      vertex -21.2246 -7.93637 1
      vertex -20.3803 -7.44884 1
    endloop
  endfacet
  facet normal -0.341303 -0.619363 -0.707038
    outer loop
      vertex -23.334 -7.98369 1
      vertex -22.9715 -7.04189 0
      vertex -22.834 -7.11766 0
    endloop
  endfacet
  facet normal -0.341338 -0.619346 -0.707035
    outer loop
      vertex -22.9715 -7.04189 0
      vertex -23.334 -7.98369 1
      vertex -23.4715 -7.90791 1
    endloop
  endfacet
  facet normal -0.605243 -0.365776 -0.707028
    outer loop
      vertex -24.175 -7.21741 1
      vertex -23.3902 -6.58305 0
      vertex -23.309 -6.71741 0
    endloop
  endfacet
  facet normal -0.605243 -0.365776 -0.707028
    outer loop
      vertex -23.3902 -6.58305 0
      vertex -24.175 -7.21741 1
      vertex -24.2562 -7.08305 1
    endloop
  endfacet
  facet normal 0.106136 -0.699165 -0.707038
    outer loop
      vertex -22.2225 -7.22679 0
      vertex -21.9368 -8.19468 1
      vertex -22.092 -8.21824 1
    endloop
  endfacet
  facet normal 0.106136 -0.699165 -0.707038
    outer loop
      vertex -21.9368 -8.19468 1
      vertex -22.2225 -7.22679 0
      vertex -22.0673 -7.20323 0
    endloop
  endfacet
  facet normal 0.353599 -0.612359 -0.707095
    outer loop
      vertex -21.2246 -7.93637 1
      vertex -20.8733 -6.57881 0
      vertex -20.3803 -7.44884 1
    endloop
  endfacet
  facet normal 0.35357 -0.612361 -0.707108
    outer loop
      vertex -20.8733 -6.57881 0
      vertex -21.2246 -7.93637 1
      vertex -21.7246 -7.07034 0
    endloop
  endfacet
  facet normal -0.532041 -0.466902 -0.706353
    outer loop
      vertex -23.9181 -7.54713 1
      vertex -24.0044 -7.44879 1
      vertex -23.211 -6.84003 0
    endloop
  endfacet
  facet normal -0.138094 -0.69426 0.706352
    outer loop
      vertex -22.5354 -7.21248 4
      vertex -22.7943 -8.1784 3
      vertex -22.666 -8.20392 3
    endloop
  endfacet
  facet normal -0.239597 -0.970873 0
    outer loop
      vertex -22.9467 -8.14079 1
      vertex -22.7943 -8.1784 3
      vertex -22.9467 -8.14079 3
    endloop
  endfacet
  facet normal -0.239597 -0.970873 -0
    outer loop
      vertex -22.7943 -8.1784 3
      vertex -22.9467 -8.14079 1
      vertex -22.7943 -8.1784 1
    endloop
  endfacet
  facet normal 0.0653771 -0.997861 0
    outer loop
      vertex -22.2225 -8.22679 1
      vertex -22.092 -8.21824 3
      vertex -22.2225 -8.22679 3
    endloop
  endfacet
  facet normal 0.0653771 -0.997861 0
    outer loop
      vertex -22.092 -8.21824 3
      vertex -22.2225 -8.22679 1
      vertex -22.092 -8.21824 1
    endloop
  endfacet
  facet normal -0.920818 -0.389993 0
    outer loop
      vertex -24.3141 -6.96574 1
      vertex -24.3159 -6.96149 3
      vertex -24.3159 -6.96149 1
    endloop
  endfacet
  facet normal -0.920818 -0.389993 0
    outer loop
      vertex -24.3159 -6.96149 3
      vertex -24.3141 -6.96574 1
      vertex -24.3141 -6.96574 3
    endloop
  endfacet
  facet normal -0.195087 -0.980786 0
    outer loop
      vertex -22.7943 -8.1784 1
      vertex -22.666 -8.20392 3
      vertex -22.7943 -8.1784 3
    endloop
  endfacet
  facet normal -0.195087 -0.980786 -0
    outer loop
      vertex -22.666 -8.20392 3
      vertex -22.7943 -8.1784 1
      vertex -22.666 -8.20392 1
    endloop
  endfacet
  facet normal 0.227661 -0.670261 -0.706344
    outer loop
      vertex -21.6577 -8.12555 1
      vertex -21.9165 -7.15962 0
      vertex -21.5339 -8.0835 1
    endloop
  endfacet
  facet normal 0.313097 -0.634854 -0.706351
    outer loop
      vertex -21.3419 -7.99422 1
      vertex -21.7246 -7.07034 0
      vertex -21.2246 -7.93637 1
    endloop
  endfacet
  facet normal -0.490221 -0.509689 -0.707036
    outer loop
      vertex -23.805 -7.65591 1
      vertex -23.211 -6.84003 0
      vertex -23.0979 -6.94881 0
    endloop
  endfacet
  facet normal -0.490221 -0.509689 -0.707036
    outer loop
      vertex -23.211 -6.84003 0
      vertex -23.805 -7.65591 1
      vertex -23.9181 -7.54713 1
    endloop
  endfacet
  facet normal -0.592964 -0.805229 0
    outer loop
      vertex -23.7066 -7.74216 1
      vertex -23.5802 -7.83524 3
      vertex -23.7066 -7.74216 3
    endloop
  endfacet
  facet normal -0.592964 -0.805229 -0
    outer loop
      vertex -23.5802 -7.83524 3
      vertex -23.7066 -7.74216 1
      vertex -23.5802 -7.83524 1
    endloop
  endfacet
  facet normal 0.195087 -0.980786 0
    outer loop
      vertex -21.9368 -8.19468 1
      vertex -21.8085 -8.16916 3
      vertex -21.9368 -8.19468 3
    endloop
  endfacet
  facet normal 0.195087 -0.980786 0
    outer loop
      vertex -21.8085 -8.16916 3
      vertex -21.9368 -8.19468 1
      vertex -21.8085 -8.16916 1
    endloop
  endfacet
  facet normal -0.490221 -0.509689 0.707036
    outer loop
      vertex -23.211 -6.84003 4
      vertex -23.805 -7.65591 3
      vertex -23.0979 -6.94881 4
    endloop
  endfacet
  facet normal -0.490221 -0.509689 0.707036
    outer loop
      vertex -23.805 -7.65591 3
      vertex -23.211 -6.84003 4
      vertex -23.9181 -7.54713 3
    endloop
  endfacet
  facet normal -0.634759 -0.313294 -0.706348
    outer loop
      vertex -24.2562 -7.08305 1
      vertex -24.3141 -6.96574 1
      vertex -23.3902 -6.58305 0
    endloop
  endfacet
  facet normal -0.393418 -0.588476 -0.706341
    outer loop
      vertex -23.4715 -7.90791 1
      vertex -23.5802 -7.83524 1
      vertex -22.9715 -7.04189 0
    endloop
  endfacet
  facet normal -0.482677 -0.875799 0
    outer loop
      vertex -23.4715 -7.90791 1
      vertex -23.334 -7.98369 3
      vertex -23.4715 -7.90791 3
    endloop
  endfacet
  facet normal -0.482677 -0.875799 -0
    outer loop
      vertex -23.334 -7.98369 3
      vertex -23.4715 -7.90791 1
      vertex -23.334 -7.98369 1
    endloop
  endfacet
  facet normal -0.364351 -0.931262 0
    outer loop
      vertex -23.2167 -8.04154 1
      vertex -23.0705 -8.09874 3
      vertex -23.2167 -8.04154 3
    endloop
  endfacet
  facet normal -0.364351 -0.931262 -0
    outer loop
      vertex -23.0705 -8.09874 3
      vertex -23.2167 -8.04154 1
      vertex -23.0705 -8.09874 1
    endloop
  endfacet
  facet normal 0.0139695 -0.707038 0.707038
    outer loop
      vertex -22.3794 -8.22989 3
      vertex -22.2225 -7.22679 4
      vertex -22.3794 -7.22989 4
    endloop
  endfacet
  facet normal 0.0139695 -0.707038 0.707038
    outer loop
      vertex -22.2225 -7.22679 4
      vertex -22.3794 -8.22989 3
      vertex -22.2225 -8.22679 3
    endloop
  endfacet
  facet normal -0.419338 -0.569449 -0.707024
    outer loop
      vertex -23.5802 -7.83524 1
      vertex -23.0979 -6.94881 0
      vertex -22.9715 -7.04189 0
    endloop
  endfacet
  facet normal -0.419338 -0.569449 -0.707024
    outer loop
      vertex -23.0979 -6.94881 0
      vertex -23.5802 -7.83524 1
      vertex -23.7066 -7.74216 1
    endloop
  endfacet
  facet normal -0.659154 -0.752008 0
    outer loop
      vertex -23.805 -7.65591 1
      vertex -23.7066 -7.74216 3
      vertex -23.805 -7.65591 3
    endloop
  endfacet
  facet normal -0.659154 -0.752008 -0
    outer loop
      vertex -23.7066 -7.74216 3
      vertex -23.805 -7.65591 1
      vertex -23.7066 -7.74216 1
    endloop
  endfacet
  facet normal -0.2577 -0.658551 -0.707037
    outer loop
      vertex -23.0705 -8.09874 1
      vertex -22.834 -7.11766 0
      vertex -22.6878 -7.17487 0
    endloop
  endfacet
  facet normal -0.25766 -0.658564 -0.70704
    outer loop
      vertex -22.834 -7.11766 0
      vertex -23.0705 -8.09874 1
      vertex -23.2167 -8.04154 1
    endloop
  endfacet
  facet normal -0.634759 -0.313294 0.706348
    outer loop
      vertex -23.3902 -6.58305 4
      vertex -24.3141 -6.96574 3
      vertex -24.2562 -7.08305 3
    endloop
  endfacet
  facet normal 0.150085 -0.988673 0
    outer loop
      vertex -22.092 -8.21824 1
      vertex -21.9368 -8.19468 3
      vertex -22.092 -8.21824 3
    endloop
  endfacet
  facet normal 0.150085 -0.988673 0
    outer loop
      vertex -21.9368 -8.19468 3
      vertex -22.092 -8.21824 1
      vertex -21.9368 -8.19468 1
    endloop
  endfacet
  facet normal 0.298288 -0.641479 -0.706774
    outer loop
      vertex -21.9165 -7.15962 0
      vertex -21.3419 -7.99422 1
      vertex -21.5339 -8.0835 1
    endloop
  endfacet
  facet normal 0.29841 -0.641408 -0.706786
    outer loop
      vertex -21.3419 -7.99422 1
      vertex -21.9165 -7.15962 0
      vertex -21.7246 -7.07034 0
    endloop
  endfacet
  facet normal -0.555776 -0.831332 0
    outer loop
      vertex -23.5802 -7.83524 1
      vertex -23.4715 -7.90791 3
      vertex -23.5802 -7.83524 3
    endloop
  endfacet
  facet normal -0.555776 -0.831332 -0
    outer loop
      vertex -23.4715 -7.90791 3
      vertex -23.5802 -7.83524 1
      vertex -23.4715 -7.90791 1
    endloop
  endfacet
  facet normal -0.169436 -0.686573 0.707042
    outer loop
      vertex -22.6878 -7.17487 4
      vertex -22.7943 -8.1784 3
      vertex -22.5354 -7.21248 4
    endloop
  endfacet
  facet normal -0.169436 -0.686573 0.707042
    outer loop
      vertex -22.7943 -8.1784 3
      vertex -22.6878 -7.17487 4
      vertex -22.9467 -8.14079 3
    endloop
  endfacet
  facet normal 0.277807 -0.960637 0
    outer loop
      vertex -21.8085 -8.16916 1
      vertex -21.6577 -8.12555 3
      vertex -21.8085 -8.16916 3
    endloop
  endfacet
  facet normal 0.277807 -0.960637 0
    outer loop
      vertex -21.6577 -8.12555 3
      vertex -21.8085 -8.16916 1
      vertex -21.6577 -8.12555 1
    endloop
  endfacet
  facet normal 0.138095 -0.694263 0.706349
    outer loop
      vertex -21.8085 -8.16916 3
      vertex -22.0673 -7.20323 4
      vertex -21.9368 -8.19468 3
    endloop
  endfacet
  facet normal -0.138094 -0.69426 -0.706352
    outer loop
      vertex -22.666 -8.20392 1
      vertex -22.7943 -8.1784 1
      vertex -22.5354 -7.21248 0
    endloop
  endfacet
  facet normal -0.75162 -0.659597 0
    outer loop
      vertex -23.9181 -7.54713 1
      vertex -24.0044 -7.44879 3
      vertex -24.0044 -7.44879 1
    endloop
  endfacet
  facet normal -0.75162 -0.659597 0
    outer loop
      vertex -24.0044 -7.44879 3
      vertex -23.9181 -7.54713 1
      vertex -23.9181 -7.54713 3
    endloop
  endfacet
  facet normal -0.442314 -0.89686 0
    outer loop
      vertex -23.334 -7.98369 1
      vertex -23.2167 -8.04154 3
      vertex -23.334 -7.98369 3
    endloop
  endfacet
  facet normal -0.442314 -0.89686 -0
    outer loop
      vertex -23.2167 -8.04154 3
      vertex -23.334 -7.98369 1
      vertex -23.2167 -8.04154 1
    endloop
  endfacet
  facet normal -0.110914 -0.99383 0
    outer loop
      vertex -22.666 -8.20392 1
      vertex -22.51 -8.22133 3
      vertex -22.666 -8.20392 3
    endloop
  endfacet
  facet normal -0.110914 -0.99383 -0
    outer loop
      vertex -22.51 -8.22133 3
      vertex -22.666 -8.20392 1
      vertex -22.51 -8.22133 1
    endloop
  endfacet
  facet normal -0.321615 -0.946871 0
    outer loop
      vertex -23.0705 -8.09874 1
      vertex -22.9467 -8.14079 3
      vertex -23.0705 -8.09874 3
    endloop
  endfacet
  facet normal -0.321615 -0.946871 -0
    outer loop
      vertex -22.9467 -8.14079 3
      vertex -23.0705 -8.09874 1
      vertex -22.9467 -8.14079 1
    endloop
  endfacet
  facet normal -0.227659 -0.670253 -0.706352
    outer loop
      vertex -22.9467 -8.14079 1
      vertex -23.0705 -8.09874 1
      vertex -22.6878 -7.17487 0
    endloop
  endfacet
  facet normal 0.442314 -0.89686 0
    outer loop
      vertex -21.3419 -7.99422 1
      vertex -21.2246 -7.93637 3
      vertex -21.3419 -7.99422 3
    endloop
  endfacet
  facet normal 0.442314 -0.89686 0
    outer loop
      vertex -21.2246 -7.93637 3
      vertex -21.3419 -7.99422 1
      vertex -21.2246 -7.93637 1
    endloop
  endfacet
  facet normal 0.321615 -0.946871 0
    outer loop
      vertex -21.6577 -8.12555 1
      vertex -21.5339 -8.0835 3
      vertex -21.6577 -8.12555 3
    endloop
  endfacet
  facet normal 0.321615 -0.946871 0
    outer loop
      vertex -21.5339 -8.0835 3
      vertex -21.6577 -8.12555 1
      vertex -21.5339 -8.0835 1
    endloop
  endfacet
  facet normal -0.0462967 -0.706349 -0.706349
    outer loop
      vertex -22.3794 -8.22989 1
      vertex -22.51 -8.22133 1
      vertex -22.3794 -7.22989 0
    endloop
  endfacet
  facet normal 0.0139695 -0.707038 -0.707038
    outer loop
      vertex -22.3794 -7.22989 0
      vertex -22.2225 -8.22679 1
      vertex -22.3794 -8.22989 1
    endloop
  endfacet
  facet normal 0.0139695 -0.707038 -0.707038
    outer loop
      vertex -22.2225 -8.22679 1
      vertex -22.3794 -7.22989 0
      vertex -22.2225 -7.22679 0
    endloop
  endfacet
  facet normal 0.019754 -0.999805 0
    outer loop
      vertex -22.3794 -8.22989 1
      vertex -22.2225 -8.22679 3
      vertex -22.3794 -8.22989 3
    endloop
  endfacet
  facet normal 0.019754 -0.999805 0
    outer loop
      vertex -22.2225 -8.22679 3
      vertex -22.3794 -8.22989 1
      vertex -22.2225 -8.22679 1
    endloop
  endfacet
  facet normal -0.169436 -0.686573 -0.707042
    outer loop
      vertex -22.7943 -8.1784 1
      vertex -22.6878 -7.17487 0
      vertex -22.5354 -7.21248 0
    endloop
  endfacet
  facet normal -0.169436 -0.686573 -0.707042
    outer loop
      vertex -22.6878 -7.17487 0
      vertex -22.7943 -8.1784 1
      vertex -22.9467 -8.14079 1
    endloop
  endfacet
  facet normal -0.419338 -0.569449 0.707024
    outer loop
      vertex -23.0979 -6.94881 4
      vertex -23.5802 -7.83524 3
      vertex -22.9715 -7.04189 4
    endloop
  endfacet
  facet normal -0.419338 -0.569449 0.707024
    outer loop
      vertex -23.5802 -7.83524 3
      vertex -23.0979 -6.94881 4
      vertex -23.7066 -7.74216 3
    endloop
  endfacet
  facet normal -0.0654033 -0.997859 0
    outer loop
      vertex -22.51 -8.22133 1
      vertex -22.3794 -8.22989 3
      vertex -22.51 -8.22133 3
    endloop
  endfacet
  facet normal -0.0654033 -0.997859 -0
    outer loop
      vertex -22.3794 -8.22989 3
      vertex -22.51 -8.22133 1
      vertex -22.3794 -8.22989 1
    endloop
  endfacet
  facet normal -0.650888 -0.27632 -0.707101
    outer loop
      vertex -24.3141 -6.96574 1
      vertex -23.392 -6.57881 0
      vertex -23.3902 -6.58305 0
    endloop
  endfacet
  facet normal -0.651121 -0.275769 -0.707102
    outer loop
      vertex -23.392 -6.57881 0
      vertex -24.3141 -6.96574 1
      vertex -24.3159 -6.96149 1
    endloop
  endfacet
  facet normal -0.341303 -0.619363 0.707038
    outer loop
      vertex -22.9715 -7.04189 4
      vertex -23.334 -7.98369 3
      vertex -22.834 -7.11766 4
    endloop
  endfacet
  facet normal -0.341338 -0.619346 0.707035
    outer loop
      vertex -23.334 -7.98369 3
      vertex -22.9715 -7.04189 4
      vertex -23.4715 -7.90791 3
    endloop
  endfacet
  facet normal 0.196459 -0.679339 0.707038
    outer loop
      vertex -22.0673 -7.20323 4
      vertex -21.6577 -8.12555 3
      vertex -21.9165 -7.15962 4
    endloop
  endfacet
  facet normal 0.196459 -0.679339 0.707038
    outer loop
      vertex -21.6577 -8.12555 3
      vertex -22.0673 -7.20323 4
      vertex -21.8085 -8.16916 3
    endloop
  endfacet
  facet normal -0.466597 -0.532327 -0.706339
    outer loop
      vertex -23.7066 -7.74216 1
      vertex -23.805 -7.65591 1
      vertex -23.0979 -6.94881 0
    endloop
  endfacet
  facet normal 0.353599 -0.612359 0.707095
    outer loop
      vertex -20.8733 -6.57881 4
      vertex -21.2246 -7.93637 3
      vertex -20.3803 -7.44884 3
    endloop
  endfacet
  facet normal 0.35357 -0.612361 0.707108
    outer loop
      vertex -21.2246 -7.93637 3
      vertex -20.8733 -6.57881 4
      vertex -21.7246 -7.07034 4
    endloop
  endfacet
  facet normal -0.0784355 -0.702811 -0.707039
    outer loop
      vertex -22.51 -8.22133 1
      vertex -22.5354 -7.21248 0
      vertex -22.3794 -7.22989 0
    endloop
  endfacet
  facet normal -0.0784355 -0.702811 -0.707039
    outer loop
      vertex -22.5354 -7.21248 0
      vertex -22.51 -8.22133 1
      vertex -22.666 -8.20392 1
    endloop
  endfacet
  facet normal 0.0462781 -0.706349 -0.706349
    outer loop
      vertex -22.092 -8.21824 1
      vertex -22.2225 -8.22679 1
      vertex -22.2225 -7.22679 0
    endloop
  endfacet
  facet normal -0.831721 -0.555194 0
    outer loop
      vertex -24.1024 -7.32617 1
      vertex -24.175 -7.21741 3
      vertex -24.175 -7.21741 1
    endloop
  endfacet
  facet normal -0.831721 -0.555194 0
    outer loop
      vertex -24.175 -7.21741 3
      vertex -24.1024 -7.32617 1
      vertex -24.1024 -7.32617 3
    endloop
  endfacet
  facet normal -0.0784355 -0.702811 0.707039
    outer loop
      vertex -22.5354 -7.21248 4
      vertex -22.51 -8.22133 3
      vertex -22.3794 -7.22989 4
    endloop
  endfacet
  facet normal -0.0784355 -0.702811 0.707039
    outer loop
      vertex -22.51 -8.22133 3
      vertex -22.5354 -7.21248 4
      vertex -22.666 -8.20392 3
    endloop
  endfacet
  facet normal -0.552413 -0.441498 -0.70705
    outer loop
      vertex -24.0044 -7.44879 1
      vertex -23.309 -6.71741 0
      vertex -23.211 -6.84003 0
    endloop
  endfacet
  facet normal -0.552413 -0.441498 -0.70705
    outer loop
      vertex -23.309 -6.71741 0
      vertex -24.0044 -7.44879 1
      vertex -24.1024 -7.32617 1
    endloop
  endfacet
  facet normal -0.855847 -0.517228 0
    outer loop
      vertex -24.175 -7.21741 1
      vertex -24.2562 -7.08305 3
      vertex -24.2562 -7.08305 1
    endloop
  endfacet
  facet normal -0.855847 -0.517228 0
    outer loop
      vertex -24.2562 -7.08305 3
      vertex -24.175 -7.21741 1
      vertex -24.175 -7.21741 3
    endloop
  endfacet
  facet normal -0.227659 -0.670253 0.706352
    outer loop
      vertex -22.6878 -7.17487 4
      vertex -23.0705 -8.09874 3
      vertex -22.9467 -8.14079 3
    endloop
  endfacet
  facet normal -0.588743 -0.393 0.706352
    outer loop
      vertex -23.309 -6.71741 4
      vertex -24.175 -7.21741 3
      vertex -24.1024 -7.32617 3
    endloop
  endfacet
  facet normal -0.313097 -0.634854 0.706351
    outer loop
      vertex -22.834 -7.11766 4
      vertex -23.334 -7.98369 3
      vertex -23.2167 -8.04154 3
    endloop
  endfacet
  facet normal -0.393418 -0.588476 0.706341
    outer loop
      vertex -22.9715 -7.04189 4
      vertex -23.5802 -7.83524 3
      vertex -23.4715 -7.90791 3
    endloop
  endfacet
  facet normal -0.2577 -0.658551 0.707037
    outer loop
      vertex -22.834 -7.11766 4
      vertex -23.0705 -8.09874 3
      vertex -22.6878 -7.17487 4
    endloop
  endfacet
  facet normal -0.25766 -0.658564 0.70704
    outer loop
      vertex -23.0705 -8.09874 3
      vertex -22.834 -7.11766 4
      vertex -23.2167 -8.04154 3
    endloop
  endfacet
  facet normal -0.466597 -0.532327 0.706339
    outer loop
      vertex -23.0979 -6.94881 4
      vertex -23.805 -7.65591 3
      vertex -23.7066 -7.74216 3
    endloop
  endfacet
  facet normal 0.29841 -0.641408 0.706786
    outer loop
      vertex -21.9165 -7.15962 4
      vertex -21.3419 -7.99422 3
      vertex -21.7246 -7.07034 4
    endloop
  endfacet
  facet normal 0.298288 -0.641479 0.706774
    outer loop
      vertex -21.3419 -7.99422 3
      vertex -21.9165 -7.15962 4
      vertex -21.5339 -8.0835 3
    endloop
  endfacet
  facet normal -0.0462967 -0.706349 0.706349
    outer loop
      vertex -22.3794 -7.22989 4
      vertex -22.51 -8.22133 3
      vertex -22.3794 -8.22989 3
    endloop
  endfacet
  facet normal -0.552413 -0.441498 0.70705
    outer loop
      vertex -23.309 -6.71741 4
      vertex -24.0044 -7.44879 3
      vertex -23.211 -6.84003 4
    endloop
  endfacet
  facet normal -0.552413 -0.441498 0.70705
    outer loop
      vertex -24.0044 -7.44879 3
      vertex -23.309 -6.71741 4
      vertex -24.1024 -7.32617 3
    endloop
  endfacet
  facet normal -0.532041 -0.466902 0.706353
    outer loop
      vertex -23.211 -6.84003 4
      vertex -24.0044 -7.44879 3
      vertex -23.9181 -7.54713 3
    endloop
  endfacet
  facet normal 0.227661 -0.670261 0.706344
    outer loop
      vertex -21.5339 -8.0835 3
      vertex -21.9165 -7.15962 4
      vertex -21.6577 -8.12555 3
    endloop
  endfacet
  facet normal -0.605243 -0.365776 0.707028
    outer loop
      vertex -23.3902 -6.58305 4
      vertex -24.175 -7.21741 3
      vertex -23.309 -6.71741 4
    endloop
  endfacet
  facet normal -0.605243 -0.365776 0.707028
    outer loop
      vertex -24.175 -7.21741 3
      vertex -23.3902 -6.58305 4
      vertex -24.2562 -7.08305 3
    endloop
  endfacet
  facet normal 0.313097 -0.634854 0.706351
    outer loop
      vertex -21.2246 -7.93637 3
      vertex -21.7246 -7.07034 4
      vertex -21.3419 -7.99422 3
    endloop
  endfacet
  facet normal 0.0462781 -0.706349 0.706349
    outer loop
      vertex -22.2225 -7.22679 4
      vertex -22.2225 -8.22679 3
      vertex -22.092 -8.21824 3
    endloop
  endfacet
  facet normal 0.106136 -0.699165 0.707038
    outer loop
      vertex -22.2225 -7.22679 4
      vertex -21.9368 -8.19468 3
      vertex -22.0673 -7.20323 4
    endloop
  endfacet
  facet normal 0.106136 -0.699165 0.707038
    outer loop
      vertex -21.9368 -8.19468 3
      vertex -22.2225 -7.22679 4
      vertex -22.092 -8.21824 3
    endloop
  endfacet
  facet normal 0.374756 -0.927124 0
    outer loop
      vertex -20.215 -7.36823 1
      vertex -19.4009 -7.03916 3
      vertex -20.215 -7.36823 3
    endloop
  endfacet
  facet normal 0.374756 -0.927124 0
    outer loop
      vertex -19.4009 -7.03916 3
      vertex -20.215 -7.36823 1
      vertex -19.4009 -7.03916 1
    endloop
  endfacet
  facet normal 0.264998 -0.655584 0.707097
    outer loop
      vertex -20.5977 -6.44435 4
      vertex -19.4009 -7.03916 3
      vertex -19.751 -6.1021 4
    endloop
  endfacet
  facet normal 0.264996 -0.655585 0.707096
    outer loop
      vertex -19.4009 -7.03916 3
      vertex -20.5977 -6.44435 4
      vertex -20.215 -7.36823 3
    endloop
  endfacet
  facet normal -0.665316 -0.240559 0.706743
    outer loop
      vertex -24.4989 -6.48478 3
      vertex -23.4531 -6.43924 4
      vertex -23.575 -6.1021 4
    endloop
  endfacet
  facet normal -0.665316 -0.240559 0.706743
    outer loop
      vertex -23.4531 -6.43924 4
      vertex -24.4989 -6.48478 3
      vertex -24.377 -6.82192 3
    endloop
  endfacet
  facet normal 0.264996 -0.655585 -0.707096
    outer loop
      vertex -20.5977 -6.44435 0
      vertex -19.4009 -7.03916 1
      vertex -20.215 -7.36823 1
    endloop
  endfacet
  facet normal 0.264998 -0.655584 -0.707097
    outer loop
      vertex -19.4009 -7.03916 1
      vertex -20.5977 -6.44435 0
      vertex -19.751 -6.1021 0
    endloop
  endfacet
  facet normal -0.918493 -0.395437 0
    outer loop
      vertex -24.3748 -6.82703 1
      vertex -24.377 -6.82192 3
      vertex -24.377 -6.82192 1
    endloop
  endfacet
  facet normal -0.918493 -0.395437 0
    outer loop
      vertex -24.377 -6.82192 3
      vertex -24.3748 -6.82703 1
      vertex -24.3748 -6.82703 3
    endloop
  endfacet
  facet normal -0.940416 -0.340027 0
    outer loop
      vertex -24.377 -6.82192 1
      vertex -24.4989 -6.48478 3
      vertex -24.4989 -6.48478 1
    endloop
  endfacet
  facet normal -0.940416 -0.340027 0
    outer loop
      vertex -24.4989 -6.48478 3
      vertex -24.377 -6.82192 1
      vertex -24.377 -6.82192 3
    endloop
  endfacet
  facet normal -0.649498 -0.279627 -0.707079
    outer loop
      vertex -24.3748 -6.82703 1
      vertex -23.4531 -6.43924 0
      vertex -23.4509 -6.44435 0
    endloop
  endfacet
  facet normal -0.649498 -0.279627 -0.707079
    outer loop
      vertex -23.4531 -6.43924 0
      vertex -24.3748 -6.82703 1
      vertex -24.377 -6.82192 1
    endloop
  endfacet
  facet normal -0.665316 -0.240559 -0.706743
    outer loop
      vertex -24.4989 -6.48478 1
      vertex -23.4531 -6.43924 0
      vertex -24.377 -6.82192 1
    endloop
  endfacet
  facet normal -0.665316 -0.240559 -0.706743
    outer loop
      vertex -23.4531 -6.43924 0
      vertex -24.4989 -6.48478 1
      vertex -23.575 -6.1021 0
    endloop
  endfacet
  facet normal -0.649498 -0.279627 0.707079
    outer loop
      vertex -23.4531 -6.43924 4
      vertex -24.3748 -6.82703 3
      vertex -23.4509 -6.44435 4
    endloop
  endfacet
  facet normal -0.649498 -0.279627 0.707079
    outer loop
      vertex -24.3748 -6.82703 3
      vertex -23.4531 -6.43924 4
      vertex -24.377 -6.82192 3
    endloop
  endfacet
  facet normal -0.647751 -0.283746 0.707041
    outer loop
      vertex -23.4509 -6.44435 4
      vertex -24.3159 -6.96149 3
      vertex -23.392 -6.57881 4
    endloop
  endfacet
  facet normal -0.647751 -0.283746 0.707041
    outer loop
      vertex -24.3159 -6.96149 3
      vertex -23.4509 -6.44435 4
      vertex -24.3748 -6.82703 3
    endloop
  endfacet
  facet normal 0.310225 -0.636151 -0.70645
    outer loop
      vertex -20.3803 -7.44884 1
      vertex -20.5977 -6.44435 0
      vertex -20.215 -7.36823 1
    endloop
  endfacet
  facet normal 0.310346 -0.63611 -0.706435
    outer loop
      vertex -20.5977 -6.44435 0
      vertex -20.3803 -7.44884 1
      vertex -20.8733 -6.57881 0
    endloop
  endfacet
  facet normal 0.438318 -0.89882 0
    outer loop
      vertex -20.3803 -7.44884 1
      vertex -20.215 -7.36823 3
      vertex -20.3803 -7.44884 3
    endloop
  endfacet
  facet normal 0.438318 -0.89882 0
    outer loop
      vertex -20.215 -7.36823 3
      vertex -20.3803 -7.44884 1
      vertex -20.215 -7.36823 1
    endloop
  endfacet
  facet normal -0.647751 -0.283746 -0.707041
    outer loop
      vertex -24.3159 -6.96149 1
      vertex -23.4509 -6.44435 0
      vertex -23.392 -6.57881 0
    endloop
  endfacet
  facet normal -0.647751 -0.283746 -0.707041
    outer loop
      vertex -23.4509 -6.44435 0
      vertex -24.3159 -6.96149 1
      vertex -24.3748 -6.82703 1
    endloop
  endfacet
  facet normal 0.310225 -0.636151 0.70645
    outer loop
      vertex -20.5977 -6.44435 4
      vertex -20.3803 -7.44884 3
      vertex -20.215 -7.36823 3
    endloop
  endfacet
  facet normal 0.310346 -0.63611 0.706435
    outer loop
      vertex -20.3803 -7.44884 3
      vertex -20.5977 -6.44435 4
      vertex -20.8733 -6.57881 4
    endloop
  endfacet
  facet normal -0.915973 -0.40124 0
    outer loop
      vertex -24.3159 -6.96149 1
      vertex -24.3748 -6.82703 3
      vertex -24.3748 -6.82703 1
    endloop
  endfacet
  facet normal -0.915973 -0.40124 0
    outer loop
      vertex -24.3748 -6.82703 3
      vertex -24.3159 -6.96149 1
      vertex -24.3159 -6.96149 3
    endloop
  endfacet
  facet normal -0.665299 -0.240601 0.706745
    outer loop
      vertex -24.5362 -6.38165 3
      vertex -23.575 -6.1021 4
      vertex -23.6123 -5.99896 4
    endloop
  endfacet
  facet normal -0.665292 -0.240622 0.706744
    outer loop
      vertex -23.575 -6.1021 4
      vertex -24.5362 -6.38165 3
      vertex -24.4989 -6.48478 3
    endloop
  endfacet
  facet normal -0.940383 -0.340117 0
    outer loop
      vertex -24.4989 -6.48478 1
      vertex -24.5362 -6.38165 3
      vertex -24.5362 -6.38165 1
    endloop
  endfacet
  facet normal -0.940383 -0.340117 0
    outer loop
      vertex -24.5362 -6.38165 3
      vertex -24.4989 -6.48478 1
      vertex -24.4989 -6.48478 3
    endloop
  endfacet
  facet normal -0.665292 -0.240622 -0.706744
    outer loop
      vertex -24.5362 -6.38165 1
      vertex -23.575 -6.1021 0
      vertex -24.4989 -6.48478 1
    endloop
  endfacet
  facet normal -0.665299 -0.240601 -0.706745
    outer loop
      vertex -23.575 -6.1021 0
      vertex -24.5362 -6.38165 1
      vertex -23.6123 -5.99896 0
    endloop
  endfacet
  facet normal 0.213358 -0.674519 -0.706755
    outer loop
      vertex -19.4009 -7.03916 1
      vertex -19.4249 -5.99896 0
      vertex -19.1661 -6.96489 1
    endloop
  endfacet
  facet normal 0.21334 -0.674522 -0.706758
    outer loop
      vertex -19.4249 -5.99896 0
      vertex -19.4009 -7.03916 1
      vertex -19.751 -6.1021 0
    endloop
  endfacet
  facet normal 0.301584 -0.95344 0
    outer loop
      vertex -19.4009 -7.03916 1
      vertex -19.1661 -6.96489 3
      vertex -19.4009 -7.03916 3
    endloop
  endfacet
  facet normal 0.301584 -0.95344 0
    outer loop
      vertex -19.1661 -6.96489 3
      vertex -19.4009 -7.03916 1
      vertex -19.1661 -6.96489 1
    endloop
  endfacet
  facet normal 0.213358 -0.674519 0.706755
    outer loop
      vertex -19.4249 -5.99896 4
      vertex -19.4009 -7.03916 3
      vertex -19.1661 -6.96489 3
    endloop
  endfacet
  facet normal 0.21334 -0.674522 0.706758
    outer loop
      vertex -19.4009 -7.03916 3
      vertex -19.4249 -5.99896 4
      vertex -19.751 -6.1021 4
    endloop
  endfacet
  facet normal 0.293002 0.956112 -0
    outer loop
      vertex -19.4537 10.5815 1
      vertex -19.4971 10.5948 3
      vertex -19.4537 10.5815 3
    endloop
  endfacet
  facet normal 0.293002 0.956112 0
    outer loop
      vertex -19.4971 10.5948 3
      vertex -19.4537 10.5815 1
      vertex -19.4971 10.5948 1
    endloop
  endfacet
  facet normal -0.609731 -0.358125 -0.707089
    outer loop
      vertex -42.0234 9.11555 1
      vertex -41.1652 9.62883 0
      vertex -41.1574 9.61555 0
    endloop
  endfacet
  facet normal -0.609731 -0.358125 -0.707089
    outer loop
      vertex -41.1652 9.62883 0
      vertex -42.0234 9.11555 1
      vertex -42.0312 9.12883 1
    endloop
  endfacet
  facet normal -0.862268 -0.506453 0
    outer loop
      vertex -42.0234 9.11555 1
      vertex -42.0312 9.12883 3
      vertex -42.0312 9.12883 1
    endloop
  endfacet
  facet normal -0.862268 -0.506453 0
    outer loop
      vertex -42.0312 9.12883 3
      vertex -42.0234 9.11555 1
      vertex -42.0234 9.11555 3
    endloop
  endfacet
  facet normal -0.609731 -0.358125 0.707089
    outer loop
      vertex -41.1652 9.62883 4
      vertex -42.0234 9.11555 3
      vertex -41.1574 9.61555 4
    endloop
  endfacet
  facet normal -0.609731 -0.358125 0.707089
    outer loop
      vertex -42.0234 9.11555 3
      vertex -41.1652 9.62883 4
      vertex -42.0312 9.12883 3
    endloop
  endfacet
  facet normal 0.207245 0.676275 0.706896
    outer loop
      vertex -19.7559 9.62883 4
      vertex -19.4537 10.5815 3
      vertex -19.4971 10.5948 3
    endloop
  endfacet
  facet normal 0.207397 0.676227 0.706897
    outer loop
      vertex -19.4537 10.5815 3
      vertex -19.7559 9.62883 4
      vertex -19.7126 9.61555 4
    endloop
  endfacet
  facet normal 0.207397 0.676227 -0.706897
    outer loop
      vertex -19.7559 9.62883 0
      vertex -19.4537 10.5815 1
      vertex -19.7126 9.61555 0
    endloop
  endfacet
  facet normal 0.207245 0.676275 -0.706896
    outer loop
      vertex -19.4537 10.5815 1
      vertex -19.7559 9.62883 0
      vertex -19.4971 10.5948 1
    endloop
  endfacet
  facet normal 0.200178 0.67828 0.707011
    outer loop
      vertex -19.7126 9.61555 4
      vertex -16.9731 9.84941 3
      vertex -19.4537 10.5815 3
    endloop
  endfacet
  facet normal 0.200171 0.6783 0.706994
    outer loop
      vertex -16.9731 9.84941 3
      vertex -19.7126 9.61555 4
      vertex -17.2319 8.88348 4
    endloop
  endfacet
  facet normal -0.861538 -0.507694 0
    outer loop
      vertex -41.592 8.38348 1
      vertex -42.0234 9.11555 3
      vertex -42.0234 9.11555 1
    endloop
  endfacet
  facet normal -0.861538 -0.507694 0
    outer loop
      vertex -42.0234 9.11555 3
      vertex -41.592 8.38348 1
      vertex -41.592 8.38348 3
    endloop
  endfacet
  facet normal -0.609218 -0.359005 0.707085
    outer loop
      vertex -41.1574 9.61555 4
      vertex -41.592 8.38348 3
      vertex -40.726 8.88348 4
    endloop
  endfacet
  facet normal -0.609218 -0.359005 0.707085
    outer loop
      vertex -41.592 8.38348 3
      vertex -41.1574 9.61555 4
      vertex -42.0234 9.11555 3
    endloop
  endfacet
  facet normal 0.200171 0.6783 -0.706994
    outer loop
      vertex -19.7126 9.61555 0
      vertex -16.9731 9.84941 1
      vertex -17.2319 8.88348 0
    endloop
  endfacet
  facet normal 0.200178 0.67828 -0.707011
    outer loop
      vertex -16.9731 9.84941 1
      vertex -19.7126 9.61555 0
      vertex -19.4537 10.5815 1
    endloop
  endfacet
  facet normal 0.283056 0.959103 -0
    outer loop
      vertex -16.9731 9.84941 1
      vertex -19.4537 10.5815 3
      vertex -16.9731 9.84941 3
    endloop
  endfacet
  facet normal 0.283056 0.959103 0
    outer loop
      vertex -19.4537 10.5815 3
      vertex -16.9731 9.84941 1
      vertex -19.4537 10.5815 1
    endloop
  endfacet
  facet normal -0.609218 -0.359005 -0.707085
    outer loop
      vertex -41.592 8.38348 1
      vertex -41.1574 9.61555 0
      vertex -40.726 8.88348 0
    endloop
  endfacet
  facet normal -0.609218 -0.359005 -0.707085
    outer loop
      vertex -41.1574 9.61555 0
      vertex -41.592 8.38348 1
      vertex -42.0234 9.11555 1
    endloop
  endfacet
  facet normal -0.608208 -0.360673 -0.707105
    outer loop
      vertex -41.5826 8.36746 1
      vertex -40.726 8.88348 0
      vertex -40.7165 8.86746 0
    endloop
  endfacet
  facet normal -0.609885 -0.35786 -0.70709
    outer loop
      vertex -40.726 8.88348 0
      vertex -41.5826 8.36746 1
      vertex -41.592 8.38348 1
    endloop
  endfacet
  facet normal -0.862487 -0.506079 0
    outer loop
      vertex -41.5826 8.36746 1
      vertex -41.592 8.38348 3
      vertex -41.592 8.38348 1
    endloop
  endfacet
  facet normal -0.862487 -0.506079 0
    outer loop
      vertex -41.592 8.38348 3
      vertex -41.5826 8.36746 1
      vertex -41.5826 8.36746 3
    endloop
  endfacet
  facet normal 0.191015 0.680834 -0.707092
    outer loop
      vertex -17.2319 8.88348 0
      vertex -16.9159 9.83339 1
      vertex -17.1748 8.86746 0
    endloop
  endfacet
  facet normal 0.190707 0.680928 -0.707084
    outer loop
      vertex -16.9159 9.83339 1
      vertex -17.2319 8.88348 0
      vertex -16.9731 9.84941 1
    endloop
  endfacet
  facet normal 0.269692 0.962947 -0
    outer loop
      vertex -16.9159 9.83339 1
      vertex -16.9731 9.84941 3
      vertex -16.9159 9.83339 3
    endloop
  endfacet
  facet normal 0.269692 0.962947 0
    outer loop
      vertex -16.9731 9.84941 3
      vertex -16.9159 9.83339 1
      vertex -16.9731 9.84941 1
    endloop
  endfacet
  facet normal -0.608208 -0.360673 0.707105
    outer loop
      vertex -40.726 8.88348 4
      vertex -41.5826 8.36746 3
      vertex -40.7165 8.86746 4
    endloop
  endfacet
  facet normal -0.609885 -0.35786 0.70709
    outer loop
      vertex -41.5826 8.36746 3
      vertex -40.726 8.88348 4
      vertex -41.592 8.38348 3
    endloop
  endfacet
  facet normal 0.190707 0.680928 0.707084
    outer loop
      vertex -17.2319 8.88348 4
      vertex -16.9159 9.83339 3
      vertex -16.9731 9.84941 3
    endloop
  endfacet
  facet normal 0.191015 0.680834 0.707092
    outer loop
      vertex -16.9159 9.83339 3
      vertex -17.2319 8.88348 4
      vertex -17.1748 8.86746 4
    endloop
  endfacet
  facet normal 0.214189 0.674262 -0.706749
    outer loop
      vertex -20.2569 9.78798 0
      vertex -19.4971 10.5948 1
      vertex -19.7559 9.62883 0
    endloop
  endfacet
  facet normal 0.214133 0.674296 -0.706733
    outer loop
      vertex -19.4971 10.5948 1
      vertex -20.2569 9.78798 0
      vertex -19.9981 10.7539 1
    endloop
  endfacet
  facet normal 0.30267 0.953096 -0
    outer loop
      vertex -19.4971 10.5948 1
      vertex -19.9981 10.7539 3
      vertex -19.4971 10.5948 3
    endloop
  endfacet
  facet normal 0.30267 0.953096 0
    outer loop
      vertex -19.9981 10.7539 3
      vertex -19.4971 10.5948 1
      vertex -19.9981 10.7539 1
    endloop
  endfacet
  facet normal -0.609193 -0.359047 0.707085
    outer loop
      vertex -41.259 9.78798 4
      vertex -42.0312 9.12883 3
      vertex -41.1652 9.62883 4
    endloop
  endfacet
  facet normal -0.609193 -0.359047 0.707085
    outer loop
      vertex -42.0312 9.12883 3
      vertex -41.259 9.78798 4
      vertex -42.125 9.28798 3
    endloop
  endfacet
  facet normal 0.214133 0.674296 0.706733
    outer loop
      vertex -20.2569 9.78798 4
      vertex -19.4971 10.5948 3
      vertex -19.9981 10.7539 3
    endloop
  endfacet
  facet normal 0.214189 0.674262 0.706749
    outer loop
      vertex -19.4971 10.5948 3
      vertex -20.2569 9.78798 4
      vertex -19.7559 9.62883 4
    endloop
  endfacet
  facet normal -0.861503 -0.507753 0
    outer loop
      vertex -42.0312 9.12883 1
      vertex -42.125 9.28798 3
      vertex -42.125 9.28798 1
    endloop
  endfacet
  facet normal -0.861503 -0.507753 0
    outer loop
      vertex -42.125 9.28798 3
      vertex -42.0312 9.12883 1
      vertex -42.0312 9.12883 3
    endloop
  endfacet
  facet normal -0.609193 -0.359047 -0.707085
    outer loop
      vertex -42.0312 9.12883 1
      vertex -41.259 9.78798 0
      vertex -41.1652 9.62883 0
    endloop
  endfacet
  facet normal -0.609193 -0.359047 -0.707085
    outer loop
      vertex -41.259 9.78798 0
      vertex -42.0312 9.12883 1
      vertex -42.125 9.28798 1
    endloop
  endfacet
  facet normal -0.60011 -0.37438 -0.7069
    outer loop
      vertex -42.5317 9.94006 1
      vertex -41.6725 10.451 0
      vertex -41.6657 10.4401 0
    endloop
  endfacet
  facet normal -0.599053 -0.376112 -0.706877
    outer loop
      vertex -41.6725 10.451 0
      vertex -42.5317 9.94006 1
      vertex -42.5386 9.95105 1
    endloop
  endfacet
  facet normal 0.217754 0.673238 -0.706635
    outer loop
      vertex -22.3434 10.451 0
      vertex -22.0509 11.406 1
      vertex -22.3097 10.4401 0
    endloop
  endfacet
  facet normal 0.220157 0.672479 -0.706614
    outer loop
      vertex -22.0509 11.406 1
      vertex -22.3434 10.451 0
      vertex -22.0845 11.417 1
    endloop
  endfacet
  facet normal -0.846914 -0.53173 0
    outer loop
      vertex -42.5317 9.94006 1
      vertex -42.5386 9.95105 3
      vertex -42.5386 9.95105 1
    endloop
  endfacet
  facet normal -0.846914 -0.53173 0
    outer loop
      vertex -42.5386 9.95105 3
      vertex -42.5317 9.94006 1
      vertex -42.5317 9.94006 3
    endloop
  endfacet
  facet normal -0.60011 -0.37438 0.7069
    outer loop
      vertex -41.6725 10.451 4
      vertex -42.5317 9.94006 3
      vertex -41.6657 10.4401 4
    endloop
  endfacet
  facet normal -0.599053 -0.376112 0.706877
    outer loop
      vertex -42.5317 9.94006 3
      vertex -41.6725 10.451 4
      vertex -42.5386 9.95105 3
    endloop
  endfacet
  facet normal 0.220157 0.672479 0.706614
    outer loop
      vertex -22.3434 10.451 4
      vertex -22.0509 11.406 3
      vertex -22.0845 11.417 3
    endloop
  endfacet
  facet normal 0.217754 0.673238 0.706635
    outer loop
      vertex -22.0509 11.406 3
      vertex -22.3434 10.451 4
      vertex -22.3097 10.4401 4
    endloop
  endfacet
  facet normal 0.311132 0.950367 -0
    outer loop
      vertex -22.0509 11.406 1
      vertex -22.0845 11.417 3
      vertex -22.0509 11.406 3
    endloop
  endfacet
  facet normal 0.311132 0.950367 0
    outer loop
      vertex -22.0845 11.417 3
      vertex -22.0509 11.406 1
      vertex -22.0845 11.417 1
    endloop
  endfacet
  facet normal -0.599824 -0.374871 -0.706883
    outer loop
      vertex -42.1547 9.33687 1
      vertex -41.6657 10.4401 0
      vertex -41.2887 9.83687 0
    endloop
  endfacet
  facet normal -0.599806 -0.374885 -0.70689
    outer loop
      vertex -41.6657 10.4401 0
      vertex -42.1547 9.33687 1
      vertex -42.5317 9.94006 1
    endloop
  endfacet
  facet normal -0.847994 -0.530005 0
    outer loop
      vertex -42.1547 9.33687 1
      vertex -42.5317 9.94006 3
      vertex -42.5317 9.94006 1
    endloop
  endfacet
  facet normal -0.847994 -0.530005 0
    outer loop
      vertex -42.5317 9.94006 3
      vertex -42.1547 9.33687 1
      vertex -42.1547 9.33687 3
    endloop
  endfacet
  facet normal -0.599824 -0.374871 0.706883
    outer loop
      vertex -41.6657 10.4401 4
      vertex -42.1547 9.33687 3
      vertex -41.2887 9.83687 4
    endloop
  endfacet
  facet normal -0.599806 -0.374885 0.70689
    outer loop
      vertex -42.1547 9.33687 3
      vertex -41.6657 10.4401 4
      vertex -42.5317 9.94006 3
    endloop
  endfacet
  facet normal 0.214192 0.674286 0.706725
    outer loop
      vertex -22.3097 10.4401 4
      vertex -20.152 10.8028 3
      vertex -22.0509 11.406 3
    endloop
  endfacet
  facet normal 0.214199 0.674273 0.706735
    outer loop
      vertex -20.152 10.8028 3
      vertex -22.3097 10.4401 4
      vertex -20.4108 9.83687 4
    endloop
  endfacet
  facet normal 0.30275 0.95307 -0
    outer loop
      vertex -20.152 10.8028 1
      vertex -22.0509 11.406 3
      vertex -20.152 10.8028 3
    endloop
  endfacet
  facet normal 0.30275 0.95307 0
    outer loop
      vertex -22.0509 11.406 3
      vertex -20.152 10.8028 1
      vertex -22.0509 11.406 1
    endloop
  endfacet
  facet normal 0.214199 0.674273 -0.706735
    outer loop
      vertex -22.3097 10.4401 0
      vertex -20.152 10.8028 1
      vertex -20.4108 9.83687 0
    endloop
  endfacet
  facet normal 0.214192 0.674286 -0.706725
    outer loop
      vertex -20.152 10.8028 1
      vertex -22.3097 10.4401 0
      vertex -22.0509 11.406 1
    endloop
  endfacet
  facet normal 0.327408 0.944883 -0
    outer loop
      vertex -24.6288 12.2683 1
      vertex -27.2377 13.1723 3
      vertex -24.6288 12.2683 3
    endloop
  endfacet
  facet normal 0.327408 0.944883 0
    outer loop
      vertex -27.2377 13.1723 3
      vertex -24.6288 12.2683 1
      vertex -27.2377 13.1723 1
    endloop
  endfacet
  facet normal -0.590473 -0.390154 -0.706485
    outer loop
      vertex -43.0954 10.8302 1
      vertex -42.836 12.2484 0
      vertex -42.2293 11.3302 0
    endloop
  endfacet
  facet normal -0.590525 -0.390125 -0.706458
    outer loop
      vertex -42.836 12.2484 0
      vertex -43.0954 10.8302 1
      vertex -43.702 11.7484 1
    endloop
  endfacet
  facet normal 0.231719 0.668759 -0.706448
    outer loop
      vertex -27.6204 12.2484 0
      vertex -24.8988 11.5031 0.187161
      vertex -24.9704 11.3302 0
    endloop
  endfacet
  facet normal 0.231714 0.668715 -0.706491
    outer loop
      vertex -24.8988 11.5031 0.187161
      vertex -27.2377 13.1723 1
      vertex -24.6288 12.2683 1
    endloop
  endfacet
  facet normal 0.231709 0.66871 -0.706497
    outer loop
      vertex -24.8988 11.5031 0.187161
      vertex -27.6204 12.2484 0
      vertex -27.2377 13.1723 1
    endloop
  endfacet
  facet normal 0.231714 0.668715 0.70649
    outer loop
      vertex -27.2377 13.1723 3
      vertex -24.8988 11.5031 3.81284
      vertex -24.6288 12.2683 3
    endloop
  endfacet
  facet normal 0.231709 0.668711 0.706497
    outer loop
      vertex -27.6204 12.2484 4
      vertex -24.8988 11.5031 3.81284
      vertex -27.2377 13.1723 3
    endloop
  endfacet
  facet normal 0.231718 0.668757 0.706449
    outer loop
      vertex -24.8988 11.5031 3.81284
      vertex -27.6204 12.2484 4
      vertex -24.9704 11.3302 4
    endloop
  endfacet
  facet normal -0.590473 -0.390154 0.706485
    outer loop
      vertex -42.836 12.2484 4
      vertex -43.0954 10.8302 3
      vertex -42.2293 11.3302 4
    endloop
  endfacet
  facet normal -0.590525 -0.390125 0.706458
    outer loop
      vertex -43.0954 10.8302 3
      vertex -42.836 12.2484 4
      vertex -43.702 11.7484 3
    endloop
  endfacet
  facet normal -0.834364 -0.551214 0
    outer loop
      vertex -43.0954 10.8302 1
      vertex -43.702 11.7484 3
      vertex -43.702 11.7484 1
    endloop
  endfacet
  facet normal -0.834364 -0.551214 0
    outer loop
      vertex -43.702 11.7484 3
      vertex -43.0954 10.8302 1
      vertex -43.0954 10.8302 3
    endloop
  endfacet
  facet normal 0.230002 0.66941 -0.706392
    outer loop
      vertex -24.9509 11.3235 0
      vertex -24.9704 11.3302 0
      vertex -24.8988 11.5031 0.187161
    endloop
  endfacet
  facet normal -0.835869 -0.548929 0
    outer loop
      vertex -43.091 10.8235 1
      vertex -43.0954 10.8302 3
      vertex -43.0954 10.8302 1
    endloop
  endfacet
  facet normal -0.835869 -0.548929 0
    outer loop
      vertex -43.0954 10.8302 3
      vertex -43.091 10.8235 1
      vertex -43.091 10.8235 3
    endloop
  endfacet
  facet normal -0.591519 -0.38846 -0.706544
    outer loop
      vertex -43.091 10.8235 1
      vertex -42.2293 11.3302 0
      vertex -42.2249 11.3235 0
    endloop
  endfacet
  facet normal -0.591519 -0.38846 -0.706544
    outer loop
      vertex -42.2293 11.3302 0
      vertex -43.091 10.8235 1
      vertex -43.0954 10.8302 1
    endloop
  endfacet
  facet normal -0.591519 -0.38846 0.706544
    outer loop
      vertex -42.2293 11.3302 4
      vertex -43.091 10.8235 3
      vertex -42.2249 11.3235 4
    endloop
  endfacet
  facet normal -0.591519 -0.38846 0.706544
    outer loop
      vertex -43.091 10.8235 3
      vertex -42.2293 11.3302 4
      vertex -43.0954 10.8302 3
    endloop
  endfacet
  facet normal 0.230002 0.669408 0.706394
    outer loop
      vertex -24.8988 11.5031 3.81284
      vertex -24.9704 11.3302 4
      vertex -24.9509 11.3235 4
    endloop
  endfacet
  facet normal 0.31734 0.948312 -0
    outer loop
      vertex -24.1686 12.1143 1
      vertex -24.6288 12.2683 3
      vertex -24.1686 12.1143 3
    endloop
  endfacet
  facet normal 0.31734 0.948312 0
    outer loop
      vertex -24.6288 12.2683 3
      vertex -24.1686 12.1143 1
      vertex -24.6288 12.2683 1
    endloop
  endfacet
  facet normal -0.834097 -0.551618 0
    outer loop
      vertex -42.9752 10.6484 1
      vertex -43.091 10.8235 3
      vertex -43.091 10.8235 1
    endloop
  endfacet
  facet normal -0.834097 -0.551618 0
    outer loop
      vertex -43.091 10.8235 3
      vertex -42.9752 10.6484 1
      vertex -42.9752 10.6484 3
    endloop
  endfacet
  facet normal 0.224602 0.671181 0.706449
    outer loop
      vertex -24.8988 11.5031 3.81284
      vertex -24.1686 12.1143 3
      vertex -24.6288 12.2683 3
    endloop
  endfacet
  facet normal 0.224566 0.671207 0.706436
    outer loop
      vertex -24.1686 12.1143 3
      vertex -24.8988 11.5031 3.81284
      vertex -24.4274 11.1484 4
    endloop
  endfacet
  facet normal 0.224483 0.671143 0.706523
    outer loop
      vertex -24.4274 11.1484 4
      vertex -24.8988 11.5031 3.81284
      vertex -24.9509 11.3235 4
    endloop
  endfacet
  facet normal 0.224565 0.671207 -0.706436
    outer loop
      vertex -24.8988 11.5031 0.187161
      vertex -24.1686 12.1143 1
      vertex -24.4274 11.1484 0
    endloop
  endfacet
  facet normal 0.224602 0.67118 -0.70645
    outer loop
      vertex -24.1686 12.1143 1
      vertex -24.8988 11.5031 0.187161
      vertex -24.6288 12.2683 1
    endloop
  endfacet
  facet normal 0.224484 0.671145 -0.706521
    outer loop
      vertex -24.8988 11.5031 0.187161
      vertex -24.4274 11.1484 0
      vertex -24.9509 11.3235 0
    endloop
  endfacet
  facet normal -0.590493 -0.390177 0.706456
    outer loop
      vertex -42.2249 11.3235 4
      vertex -42.9752 10.6484 3
      vertex -42.1092 11.1484 4
    endloop
  endfacet
  facet normal -0.59032 -0.3904 0.706477
    outer loop
      vertex -42.9752 10.6484 3
      vertex -42.2249 11.3235 4
      vertex -43.091 10.8235 3
    endloop
  endfacet
  facet normal -0.590493 -0.390177 -0.706456
    outer loop
      vertex -42.9752 10.6484 1
      vertex -42.2249 11.3235 0
      vertex -42.1092 11.1484 0
    endloop
  endfacet
  facet normal -0.59032 -0.3904 -0.706477
    outer loop
      vertex -42.2249 11.3235 0
      vertex -42.9752 10.6484 1
      vertex -43.091 10.8235 1
    endloop
  endfacet
  facet normal 0.3405 -0.619815 -0.707028
    outer loop
      vertex -34.3223 -1.97651 1
      vertex -34.7289 -1.05917 0
      vertex -34.2289 -1.9252 1
    endloop
  endfacet
  facet normal 0.340552 -0.619789 -0.707026
    outer loop
      vertex -34.7289 -1.05917 0
      vertex -34.3223 -1.97651 1
      vertex -34.8223 -1.11049 0
    endloop
  endfacet
  facet normal 0.130494 -0.991449 0
    outer loop
      vertex -35.1441 -2.22306 1
      vertex -34.9885 -2.20258 3
      vertex -35.1441 -2.22306 3
    endloop
  endfacet
  facet normal 0.130494 -0.991449 0
    outer loop
      vertex -34.9885 -2.20258 3
      vertex -35.1441 -2.22306 1
      vertex -34.9885 -2.20258 1
    endloop
  endfacet
  facet normal 0.0462781 -0.706349 0.706349
    outer loop
      vertex -35.2746 -1.23161 4
      vertex -35.2746 -2.23161 3
      vertex -35.1441 -2.22306 3
    endloop
  endfacet
  facet normal 0.36776 -0.604058 -0.707012
    outer loop
      vertex -34.7289 -1.05917 0
      vertex -33.4122 -1.42798 1
      vertex -34.2289 -1.9252 1
    endloop
  endfacet
  facet normal 0.36776 -0.604059 -0.707012
    outer loop
      vertex -33.4122 -1.42798 1
      vertex -34.7289 -1.05917 0
      vertex -33.9122 -0.561951 0
    endloop
  endfacet
  facet normal 0.270357 -0.653379 0.707109
    outer loop
      vertex -34.8223 -1.11049 4
      vertex -34.5847 -2.09441 3
      vertex -34.4396 -2.03437 3
    endloop
  endfacet
  facet normal 0.270357 -0.653379 0.707109
    outer loop
      vertex -34.5847 -2.09441 3
      vertex -34.8223 -1.11049 4
      vertex -34.9674 -1.17053 4
    endloop
  endfacet
  facet normal -0.353717 -0.61228 -0.707105
    outer loop
      vertex -36.3838 -1.97636 1
      vertex -36.0197 -1.03183 0
      vertex -35.8838 -1.11034 0
    endloop
  endfacet
  facet normal -0.353717 -0.61228 -0.707105
    outer loop
      vertex -36.0197 -1.03183 0
      vertex -36.3838 -1.97636 1
      vertex -36.5197 -1.89785 1
    endloop
  endfacet
  facet normal 0.138096 -0.694267 -0.706345
    outer loop
      vertex -34.9885 -2.20258 1
      vertex -35.119 -1.21114 0
      vertex -34.8602 -2.17706 1
    endloop
  endfacet
  facet normal 0.182809 -0.683058 0.707116
    outer loop
      vertex -34.9674 -1.17053 4
      vertex -34.8602 -2.17706 3
      vertex -34.7085 -2.13646 3
    endloop
  endfacet
  facet normal 0.182967 -0.683029 0.707103
    outer loop
      vertex -34.8602 -2.17706 3
      vertex -34.9674 -1.17053 4
      vertex -35.119 -1.21114 4
    endloop
  endfacet
  facet normal 0.0653771 -0.997861 0
    outer loop
      vertex -35.2746 -2.23161 1
      vertex -35.1441 -2.22306 3
      vertex -35.2746 -2.23161 3
    endloop
  endfacet
  facet normal 0.0653771 -0.997861 0
    outer loop
      vertex -35.1441 -2.22306 3
      vertex -35.2746 -2.23161 1
      vertex -35.1441 -2.22306 1
    endloop
  endfacet
  facet normal -0.0462781 -0.706349 -0.706349
    outer loop
      vertex -35.4316 -2.23158 1
      vertex -35.5621 -2.22303 1
      vertex -35.4316 -1.23158 0
    endloop
  endfacet
  facet normal -0.092406 -0.701042 0.707107
    outer loop
      vertex -35.5872 -1.21107 4
      vertex -35.5621 -2.22303 3
      vertex -35.4316 -1.23158 4
    endloop
  endfacet
  facet normal -0.092406 -0.701042 0.707107
    outer loop
      vertex -35.5621 -2.22303 3
      vertex -35.5872 -1.21107 4
      vertex -35.7177 -2.20252 3
    endloop
  endfacet
  facet normal -0.89704 -0.441948 0
    outer loop
      vertex -37.2953 -1.06476 1
      vertex -37.3531 -0.947441 3
      vertex -37.3531 -0.947441 1
    endloop
  endfacet
  facet normal -0.89704 -0.441948 0
    outer loop
      vertex -37.3531 -0.947441 3
      vertex -37.2953 -1.06476 1
      vertex -37.2953 -1.06476 3
    endloop
  endfacet
  facet normal -0.092406 -0.701042 -0.707107
    outer loop
      vertex -35.5621 -2.22303 1
      vertex -35.5872 -1.21107 0
      vertex -35.4316 -1.23158 0
    endloop
  endfacet
  facet normal -0.092406 -0.701042 -0.707107
    outer loop
      vertex -35.5872 -1.21107 0
      vertex -35.5621 -2.22303 1
      vertex -35.7177 -2.20252 1
    endloop
  endfacet
  facet normal -0.393163 -0.588635 0.706351
    outer loop
      vertex -36.0197 -1.03183 4
      vertex -36.6285 -1.82518 3
      vertex -36.5197 -1.89785 3
    endloop
  endfacet
  facet normal 0.227658 -0.67025 0.706355
    outer loop
      vertex -34.5847 -2.09441 3
      vertex -34.9674 -1.17053 4
      vertex -34.7085 -2.13646 3
    endloop
  endfacet
  facet normal -0.532322 -0.46656 0.706367
    outer loop
      vertex -36.2552 -0.825241 4
      vertex -37.0486 -1.434 3
      vertex -36.9624 -1.53235 3
    endloop
  endfacet
  facet normal -0.612546 -0.353268 -0.707099
    outer loop
      vertex -37.2168 -1.2007 1
      vertex -36.4292 -0.564758 0
      vertex -36.3508 -0.700699 0
    endloop
  endfacet
  facet normal -0.612323 -0.353592 -0.70713
    outer loop
      vertex -36.4292 -0.564758 0
      vertex -37.2168 -1.2007 1
      vertex -37.2953 -1.06476 1
    endloop
  endfacet
  facet normal -0.560898 -0.430552 0.707119
    outer loop
      vertex -36.3508 -0.700699 4
      vertex -37.0486 -1.434 3
      vertex -36.2552 -0.825241 4
    endloop
  endfacet
  facet normal -0.561134 -0.43029 0.707092
    outer loop
      vertex -37.0486 -1.434 3
      vertex -36.3508 -0.700699 4
      vertex -37.1441 -1.30946 3
    endloop
  endfacet
  facet normal -0.532322 -0.46656 -0.706367
    outer loop
      vertex -36.9624 -1.53235 1
      vertex -37.0486 -1.434 1
      vertex -36.2552 -0.825241 0
    endloop
  endfacet
  facet normal 0.0462781 -0.706349 -0.706349
    outer loop
      vertex -35.1441 -2.22306 1
      vertex -35.2746 -2.23161 1
      vertex -35.2746 -1.23161 0
    endloop
  endfacet
  facet normal -0.227496 -0.670314 0.706346
    outer loop
      vertex -35.7388 -1.17043 4
      vertex -36.1215 -2.0943 3
      vertex -35.9976 -2.13635 3
    endloop
  endfacet
  facet normal -0.0653771 -0.997861 0
    outer loop
      vertex -35.5621 -2.22303 1
      vertex -35.4316 -2.23158 3
      vertex -35.5621 -2.22303 3
    endloop
  endfacet
  facet normal -0.0653771 -0.997861 -0
    outer loop
      vertex -35.4316 -2.23158 3
      vertex -35.5621 -2.22303 1
      vertex -35.4316 -2.23158 1
    endloop
  endfacet
  facet normal -0.588505 -0.393383 0.706337
    outer loop
      vertex -36.3508 -0.700699 4
      vertex -37.2168 -1.2007 3
      vertex -37.1441 -1.30946 3
    endloop
  endfacet
  facet normal -0.183092 -0.682992 0.707106
    outer loop
      vertex -35.7388 -1.17043 4
      vertex -35.846 -2.177 3
      vertex -35.5872 -1.21107 4
    endloop
  endfacet
  facet normal -0.183135 -0.682984 0.707103
    outer loop
      vertex -35.846 -2.177 3
      vertex -35.7388 -1.17043 4
      vertex -35.9976 -2.13635 3
    endloop
  endfacet
  facet normal -0.321382 -0.94695 0
    outer loop
      vertex -36.1215 -2.0943 1
      vertex -35.9976 -2.13635 3
      vertex -36.1215 -2.0943 3
    endloop
  endfacet
  facet normal -0.321382 -0.94695 -0
    outer loop
      vertex -35.9976 -2.13635 3
      vertex -36.1215 -2.0943 1
      vertex -35.9976 -2.13635 1
    endloop
  endfacet
  facet normal -0.612546 -0.353268 0.707099
    outer loop
      vertex -36.4292 -0.564758 4
      vertex -37.2168 -1.2007 3
      vertex -36.3508 -0.700699 4
    endloop
  endfacet
  facet normal -0.612323 -0.353592 0.70713
    outer loop
      vertex -37.2168 -1.2007 3
      vertex -36.4292 -0.564758 4
      vertex -37.2953 -1.06476 3
    endloop
  endfacet
  facet normal -0.70717 -0.707043 0
    outer loop
      vertex -36.8514 -1.64337 1
      vertex -36.9624 -1.53235 3
      vertex -36.9624 -1.53235 1
    endloop
  endfacet
  facet normal -0.70717 -0.707043 0
    outer loop
      vertex -36.9624 -1.53235 3
      vertex -36.8514 -1.64337 1
      vertex -36.8514 -1.64337 3
    endloop
  endfacet
  facet normal -0.865984 -0.500072 0
    outer loop
      vertex -37.2168 -1.2007 1
      vertex -37.2953 -1.06476 3
      vertex -37.2953 -1.06476 1
    endloop
  endfacet
  facet normal -0.865984 -0.500072 0
    outer loop
      vertex -37.2953 -1.06476 3
      vertex -37.2168 -1.2007 1
      vertex -37.2168 -1.2007 3
    endloop
  endfacet
  facet normal -0.442314 -0.89686 0
    outer loop
      vertex -36.3838 -1.97636 1
      vertex -36.2665 -2.03421 3
      vertex -36.3838 -1.97636 3
    endloop
  endfacet
  facet normal -0.442314 -0.89686 -0
    outer loop
      vertex -36.2665 -2.03421 3
      vertex -36.3838 -1.97636 1
      vertex -36.2665 -2.03421 1
    endloop
  endfacet
  facet normal 0.182809 -0.683058 -0.707116
    outer loop
      vertex -34.8602 -2.17706 1
      vertex -34.9674 -1.17053 0
      vertex -34.7085 -2.13646 1
    endloop
  endfacet
  facet normal 0.182967 -0.683029 -0.707103
    outer loop
      vertex -34.9674 -1.17053 0
      vertex -34.8602 -2.17706 1
      vertex -35.119 -1.21114 0
    endloop
  endfacet
  facet normal -0.382841 -0.923814 0
    outer loop
      vertex -36.2665 -2.03421 1
      vertex -36.1215 -2.0943 3
      vertex -36.2665 -2.03421 3
    endloop
  endfacet
  facet normal -0.382841 -0.923814 -0
    outer loop
      vertex -36.1215 -2.0943 3
      vertex -36.2665 -2.03421 1
      vertex -36.1215 -2.0943 1
    endloop
  endfacet
  facet normal -0.0462781 -0.706349 0.706349
    outer loop
      vertex -35.4316 -1.23158 4
      vertex -35.5621 -2.22303 3
      vertex -35.4316 -2.23158 3
    endloop
  endfacet
  facet normal -0.555423 -0.831568 0
    outer loop
      vertex -36.6285 -1.82518 1
      vertex -36.5197 -1.89785 3
      vertex -36.6285 -1.82518 3
    endloop
  endfacet
  facet normal -0.555423 -0.831568 -0
    outer loop
      vertex -36.5197 -1.89785 3
      vertex -36.6285 -1.82518 1
      vertex -36.5197 -1.89785 1
    endloop
  endfacet
  facet normal -0.258991 -0.96588 0
    outer loop
      vertex -35.9976 -2.13635 1
      vertex -35.846 -2.177 3
      vertex -35.9976 -2.13635 3
    endloop
  endfacet
  facet normal -0.258991 -0.96588 -0
    outer loop
      vertex -35.846 -2.177 3
      vertex -35.9976 -2.13635 1
      vertex -35.846 -2.177 1
    endloop
  endfacet
  facet normal -0.466596 -0.532326 0.706341
    outer loop
      vertex -36.1443 -0.936264 4
      vertex -36.8514 -1.64337 3
      vertex -36.753 -1.72962 3
    endloop
  endfacet
  facet normal -0.353717 -0.61228 0.707105
    outer loop
      vertex -36.0197 -1.03183 4
      vertex -36.3838 -1.97636 3
      vertex -35.8838 -1.11034 4
    endloop
  endfacet
  facet normal -0.353717 -0.61228 0.707105
    outer loop
      vertex -36.3838 -1.97636 3
      vertex -36.0197 -1.03183 4
      vertex -36.5197 -1.89785 3
    endloop
  endfacet
  facet normal -0.27071 -0.653236 -0.707106
    outer loop
      vertex -36.1215 -2.0943 1
      vertex -35.8838 -1.11034 0
      vertex -35.7388 -1.17043 0
    endloop
  endfacet
  facet normal -0.27071 -0.653236 -0.707106
    outer loop
      vertex -35.8838 -1.11034 0
      vertex -36.1215 -2.0943 1
      vertex -36.2665 -2.03421 1
    endloop
  endfacet
  facet normal -0.227496 -0.670314 -0.706346
    outer loop
      vertex -35.9976 -2.13635 1
      vertex -36.1215 -2.0943 1
      vertex -35.7388 -1.17043 0
    endloop
  endfacet
  facet normal -0.634969 -0.312833 0.706364
    outer loop
      vertex -36.4292 -0.564758 4
      vertex -37.3531 -0.947441 3
      vertex -37.2953 -1.06476 3
    endloop
  endfacet
  facet normal -0.138095 -0.694263 0.706349
    outer loop
      vertex -35.5872 -1.21107 4
      vertex -35.846 -2.177 3
      vertex -35.7177 -2.20252 3
    endloop
  endfacet
  facet normal -0.000135116 -0.707107 0.707107
    outer loop
      vertex -35.4316 -2.23158 3
      vertex -35.2746 -1.23161 4
      vertex -35.4316 -1.23158 4
    endloop
  endfacet
  facet normal -0.000135116 -0.707107 0.707107
    outer loop
      vertex -35.2746 -1.23161 4
      vertex -35.4316 -2.23158 3
      vertex -35.2746 -2.23161 3
    endloop
  endfacet
  facet normal -0.831368 -0.555723 0
    outer loop
      vertex -37.1441 -1.30946 1
      vertex -37.2168 -1.2007 3
      vertex -37.2168 -1.2007 1
    endloop
  endfacet
  facet normal -0.831368 -0.555723 0
    outer loop
      vertex -37.2168 -1.2007 3
      vertex -37.1441 -1.30946 1
      vertex -37.1441 -1.30946 3
    endloop
  endfacet
  facet normal -0.430333 -0.561073 0.707114
    outer loop
      vertex -36.1443 -0.936264 4
      vertex -36.6285 -1.82518 3
      vertex -36.0197 -1.03183 4
    endloop
  endfacet
  facet normal -0.430546 -0.560935 0.707094
    outer loop
      vertex -36.6285 -1.82518 3
      vertex -36.1443 -0.936264 4
      vertex -36.753 -1.72962 3
    endloop
  endfacet
  facet normal -0.466596 -0.532326 -0.706341
    outer loop
      vertex -36.753 -1.72962 1
      vertex -36.8514 -1.64337 1
      vertex -36.1443 -0.936264 0
    endloop
  endfacet
  facet normal -0.393163 -0.588635 -0.706351
    outer loop
      vertex -36.5197 -1.89785 1
      vertex -36.6285 -1.82518 1
      vertex -36.0197 -1.03183 0
    endloop
  endfacet
  facet normal -0.500278 -0.499724 0.707105
    outer loop
      vertex -36.2552 -0.825241 4
      vertex -36.8514 -1.64337 3
      vertex -36.1443 -0.936264 4
    endloop
  endfacet
  facet normal -0.500028 -0.499938 0.707131
    outer loop
      vertex -36.8514 -1.64337 3
      vertex -36.2552 -0.825241 4
      vertex -36.9624 -1.53235 3
    endloop
  endfacet
  facet normal 0.313141 -0.634833 -0.706349
    outer loop
      vertex -34.4396 -2.03437 1
      vertex -34.8223 -1.11049 0
      vertex -34.3223 -1.97651 1
    endloop
  endfacet
  facet normal -0.130682 -0.991424 0
    outer loop
      vertex -35.7177 -2.20252 1
      vertex -35.5621 -2.22303 3
      vertex -35.7177 -2.20252 3
    endloop
  endfacet
  facet normal -0.130682 -0.991424 -0
    outer loop
      vertex -35.5621 -2.22303 3
      vertex -35.7177 -2.20252 1
      vertex -35.5621 -2.22303 1
    endloop
  endfacet
  facet normal 0.195087 -0.980786 0
    outer loop
      vertex -34.9885 -2.20258 1
      vertex -34.8602 -2.17706 3
      vertex -34.9885 -2.20258 3
    endloop
  endfacet
  facet normal 0.195087 -0.980786 0
    outer loop
      vertex -34.8602 -2.17706 3
      vertex -34.9885 -2.20258 1
      vertex -34.8602 -2.17706 1
    endloop
  endfacet
  facet normal -0.793547 -0.608509 0
    outer loop
      vertex -37.0486 -1.434 1
      vertex -37.1441 -1.30946 3
      vertex -37.1441 -1.30946 1
    endloop
  endfacet
  facet normal -0.793547 -0.608509 0
    outer loop
      vertex -37.1441 -1.30946 3
      vertex -37.0486 -1.434 1
      vertex -37.0486 -1.434 3
    endloop
  endfacet
  facet normal -0.500278 -0.499724 -0.707105
    outer loop
      vertex -36.8514 -1.64337 1
      vertex -36.2552 -0.825241 0
      vertex -36.1443 -0.936264 0
    endloop
  endfacet
  facet normal -0.500028 -0.499938 -0.707131
    outer loop
      vertex -36.2552 -0.825241 0
      vertex -36.8514 -1.64337 1
      vertex -36.9624 -1.53235 1
    endloop
  endfacet
  facet normal -0.430333 -0.561073 -0.707114
    outer loop
      vertex -36.6285 -1.82518 1
      vertex -36.1443 -0.936264 0
      vertex -36.0197 -1.03183 0
    endloop
  endfacet
  facet normal -0.430546 -0.560935 -0.707094
    outer loop
      vertex -36.1443 -0.936264 0
      vertex -36.6285 -1.82518 1
      vertex -36.753 -1.72962 1
    endloop
  endfacet
  facet normal 0.138096 -0.694267 0.706345
    outer loop
      vertex -34.8602 -2.17706 3
      vertex -35.119 -1.21114 4
      vertex -34.9885 -2.20258 3
    endloop
  endfacet
  facet normal 0.227658 -0.67025 -0.706355
    outer loop
      vertex -34.7085 -2.13646 1
      vertex -34.9674 -1.17053 0
      vertex -34.5847 -2.09441 1
    endloop
  endfacet
  facet normal -0.919551 -0.392971 0
    outer loop
      vertex -37.3531 -0.947441 1
      vertex -37.3543 -0.944633 3
      vertex -37.3543 -0.944633 1
    endloop
  endfacet
  facet normal -0.919551 -0.392971 0
    outer loop
      vertex -37.3543 -0.944633 3
      vertex -37.3531 -0.947441 1
      vertex -37.3531 -0.947441 3
    endloop
  endfacet
  facet normal -0.659154 -0.752008 0
    outer loop
      vertex -36.8514 -1.64337 1
      vertex -36.753 -1.72962 3
      vertex -36.8514 -1.64337 3
    endloop
  endfacet
  facet normal -0.659154 -0.752008 -0
    outer loop
      vertex -36.753 -1.72962 3
      vertex -36.8514 -1.64337 1
      vertex -36.753 -1.72962 1
    endloop
  endfacet
  facet normal 0.313141 -0.634833 0.706349
    outer loop
      vertex -34.3223 -1.97651 3
      vertex -34.8223 -1.11049 4
      vertex -34.4396 -2.03437 3
    endloop
  endfacet
  facet normal -0.588505 -0.393383 -0.706337
    outer loop
      vertex -37.1441 -1.30946 1
      vertex -37.2168 -1.2007 1
      vertex -36.3508 -0.700699 0
    endloop
  endfacet
  facet normal -0.000135116 -0.707107 -0.707107
    outer loop
      vertex -35.4316 -1.23158 0
      vertex -35.2746 -2.23161 1
      vertex -35.4316 -2.23158 1
    endloop
  endfacet
  facet normal -0.000135116 -0.707107 -0.707107
    outer loop
      vertex -35.2746 -2.23161 1
      vertex -35.4316 -1.23158 0
      vertex -35.2746 -1.23161 0
    endloop
  endfacet
  facet normal -0.608873 -0.793268 0
    outer loop
      vertex -36.753 -1.72962 1
      vertex -36.6285 -1.82518 3
      vertex -36.753 -1.72962 3
    endloop
  endfacet
  facet normal -0.608873 -0.793268 -0
    outer loop
      vertex -36.6285 -1.82518 3
      vertex -36.753 -1.72962 1
      vertex -36.6285 -1.82518 1
    endloop
  endfacet
  facet normal -0.50023 -0.865893 0
    outer loop
      vertex -36.5197 -1.89785 1
      vertex -36.3838 -1.97636 3
      vertex -36.5197 -1.89785 3
    endloop
  endfacet
  facet normal -0.50023 -0.865893 -0
    outer loop
      vertex -36.3838 -1.97636 3
      vertex -36.5197 -1.89785 1
      vertex -36.3838 -1.97636 1
    endloop
  endfacet
  facet normal -0.313098 -0.634856 0.706348
    outer loop
      vertex -35.8838 -1.11034 4
      vertex -36.3838 -1.97636 3
      vertex -36.2665 -2.03421 3
    endloop
  endfacet
  facet normal 0.0922736 -0.701063 0.707104
    outer loop
      vertex -35.119 -1.21114 4
      vertex -35.1441 -2.22306 3
      vertex -34.9885 -2.20258 3
    endloop
  endfacet
  facet normal 0.0922289 -0.701066 0.707107
    outer loop
      vertex -35.1441 -2.22306 3
      vertex -35.119 -1.21114 4
      vertex -35.2746 -1.23161 4
    endloop
  endfacet
  facet normal -0.634969 -0.312833 -0.706364
    outer loop
      vertex -37.2953 -1.06476 1
      vertex -37.3531 -0.947441 1
      vertex -36.4292 -0.564758 0
    endloop
  endfacet
  facet normal -0.6502 -0.277962 -0.707091
    outer loop
      vertex -37.3531 -0.947441 1
      vertex -36.4304 -0.561951 0
      vertex -36.4292 -0.564758 0
    endloop
  endfacet
  facet normal -0.650235 -0.277878 -0.707091
    outer loop
      vertex -36.4304 -0.561951 0
      vertex -37.3531 -0.947441 1
      vertex -37.3543 -0.944633 1
    endloop
  endfacet
  facet normal 0.382344 -0.92402 0
    outer loop
      vertex -34.5847 -2.09441 1
      vertex -34.4396 -2.03437 3
      vertex -34.5847 -2.09441 3
    endloop
  endfacet
  facet normal 0.382344 -0.92402 0
    outer loop
      vertex -34.4396 -2.03437 3
      vertex -34.5847 -2.09441 1
      vertex -34.4396 -2.03437 1
    endloop
  endfacet
  facet normal -0.000191083 -1 0
    outer loop
      vertex -35.4316 -2.23158 1
      vertex -35.2746 -2.23161 3
      vertex -35.4316 -2.23158 3
    endloop
  endfacet
  facet normal -0.000191083 -1 -0
    outer loop
      vertex -35.2746 -2.23161 3
      vertex -35.4316 -2.23158 1
      vertex -35.2746 -2.23161 1
    endloop
  endfacet
  facet normal -0.195087 -0.980786 0
    outer loop
      vertex -35.846 -2.177 1
      vertex -35.7177 -2.20252 3
      vertex -35.846 -2.177 3
    endloop
  endfacet
  facet normal -0.195087 -0.980786 -0
    outer loop
      vertex -35.7177 -2.20252 3
      vertex -35.846 -2.177 1
      vertex -35.7177 -2.20252 1
    endloop
  endfacet
  facet normal -0.752032 -0.659127 0
    outer loop
      vertex -36.9624 -1.53235 1
      vertex -37.0486 -1.434 3
      vertex -37.0486 -1.434 1
    endloop
  endfacet
  facet normal -0.752032 -0.659127 0
    outer loop
      vertex -37.0486 -1.434 3
      vertex -36.9624 -1.53235 1
      vertex -36.9624 -1.53235 3
    endloop
  endfacet
  facet normal -0.27071 -0.653236 0.707106
    outer loop
      vertex -35.8838 -1.11034 4
      vertex -36.1215 -2.0943 3
      vertex -35.7388 -1.17043 4
    endloop
  endfacet
  facet normal -0.27071 -0.653236 0.707106
    outer loop
      vertex -36.1215 -2.0943 3
      vertex -35.8838 -1.11034 4
      vertex -36.2665 -2.03421 3
    endloop
  endfacet
  facet normal 0.321615 -0.946871 0
    outer loop
      vertex -34.7085 -2.13646 1
      vertex -34.5847 -2.09441 3
      vertex -34.7085 -2.13646 3
    endloop
  endfacet
  facet normal 0.321615 -0.946871 0
    outer loop
      vertex -34.5847 -2.09441 3
      vertex -34.7085 -2.13646 1
      vertex -34.5847 -2.09441 1
    endloop
  endfacet
  facet normal -0.560898 -0.430552 -0.707119
    outer loop
      vertex -37.0486 -1.434 1
      vertex -36.3508 -0.700699 0
      vertex -36.2552 -0.825241 0
    endloop
  endfacet
  facet normal -0.561134 -0.43029 -0.707092
    outer loop
      vertex -36.3508 -0.700699 0
      vertex -37.0486 -1.434 1
      vertex -37.1441 -1.30946 1
    endloop
  endfacet
  facet normal -0.6502 -0.277962 0.707091
    outer loop
      vertex -36.4304 -0.561951 4
      vertex -37.3531 -0.947441 3
      vertex -36.4292 -0.564758 4
    endloop
  endfacet
  facet normal -0.650235 -0.277878 0.707091
    outer loop
      vertex -37.3531 -0.947441 3
      vertex -36.4304 -0.561951 4
      vertex -37.3543 -0.944633 3
    endloop
  endfacet
  facet normal 0.520022 -0.854153 0
    outer loop
      vertex -34.2289 -1.9252 1
      vertex -33.4122 -1.42798 3
      vertex -34.2289 -1.9252 3
    endloop
  endfacet
  facet normal 0.520022 -0.854153 0
    outer loop
      vertex -33.4122 -1.42798 3
      vertex -34.2289 -1.9252 1
      vertex -33.4122 -1.42798 1
    endloop
  endfacet
  facet normal 0.0922736 -0.701063 -0.707104
    outer loop
      vertex -35.1441 -2.22306 1
      vertex -35.119 -1.21114 0
      vertex -34.9885 -2.20258 1
    endloop
  endfacet
  facet normal 0.0922289 -0.701066 -0.707107
    outer loop
      vertex -35.119 -1.21114 0
      vertex -35.1441 -2.22306 1
      vertex -35.2746 -1.23161 0
    endloop
  endfacet
  facet normal 0.270357 -0.653379 -0.707109
    outer loop
      vertex -34.5847 -2.09441 1
      vertex -34.8223 -1.11049 0
      vertex -34.4396 -2.03437 1
    endloop
  endfacet
  facet normal 0.270357 -0.653379 -0.707109
    outer loop
      vertex -34.8223 -1.11049 0
      vertex -34.5847 -2.09441 1
      vertex -34.9674 -1.17053 0
    endloop
  endfacet
  facet normal 0.36776 -0.604059 0.707012
    outer loop
      vertex -34.7289 -1.05917 4
      vertex -33.4122 -1.42798 3
      vertex -33.9122 -0.561951 4
    endloop
  endfacet
  facet normal 0.36776 -0.604058 0.707012
    outer loop
      vertex -33.4122 -1.42798 3
      vertex -34.7289 -1.05917 4
      vertex -34.2289 -1.9252 3
    endloop
  endfacet
  facet normal 0.481486 -0.876454 0
    outer loop
      vertex -34.3223 -1.97651 1
      vertex -34.2289 -1.9252 3
      vertex -34.3223 -1.97651 3
    endloop
  endfacet
  facet normal 0.481486 -0.876454 0
    outer loop
      vertex -34.2289 -1.9252 3
      vertex -34.3223 -1.97651 1
      vertex -34.2289 -1.9252 1
    endloop
  endfacet
  facet normal 0.442375 -0.89683 0
    outer loop
      vertex -34.4396 -2.03437 1
      vertex -34.3223 -1.97651 3
      vertex -34.4396 -2.03437 3
    endloop
  endfacet
  facet normal 0.442375 -0.89683 0
    outer loop
      vertex -34.3223 -1.97651 3
      vertex -34.4396 -2.03437 1
      vertex -34.3223 -1.97651 1
    endloop
  endfacet
  facet normal 0.258534 -0.966002 0
    outer loop
      vertex -34.8602 -2.17706 1
      vertex -34.7085 -2.13646 3
      vertex -34.8602 -2.17706 3
    endloop
  endfacet
  facet normal 0.258534 -0.966002 0
    outer loop
      vertex -34.7085 -2.13646 3
      vertex -34.8602 -2.17706 1
      vertex -34.7085 -2.13646 1
    endloop
  endfacet
  facet normal -0.183092 -0.682992 -0.707106
    outer loop
      vertex -35.846 -2.177 1
      vertex -35.7388 -1.17043 0
      vertex -35.5872 -1.21107 0
    endloop
  endfacet
  facet normal -0.183135 -0.682984 -0.707103
    outer loop
      vertex -35.7388 -1.17043 0
      vertex -35.846 -2.177 1
      vertex -35.9976 -2.13635 1
    endloop
  endfacet
  facet normal 0.3405 -0.619815 0.707028
    outer loop
      vertex -34.7289 -1.05917 4
      vertex -34.3223 -1.97651 3
      vertex -34.2289 -1.9252 3
    endloop
  endfacet
  facet normal 0.340552 -0.619789 0.707026
    outer loop
      vertex -34.3223 -1.97651 3
      vertex -34.7289 -1.05917 4
      vertex -34.8223 -1.11049 4
    endloop
  endfacet
  facet normal -0.138095 -0.694263 -0.706349
    outer loop
      vertex -35.7177 -2.20252 1
      vertex -35.846 -2.177 1
      vertex -35.5872 -1.21107 0
    endloop
  endfacet
  facet normal -0.313098 -0.634856 -0.706348
    outer loop
      vertex -36.2665 -2.03421 1
      vertex -36.3838 -1.97636 1
      vertex -35.8838 -1.11034 0
    endloop
  endfacet
  facet normal -0.652618 -0.272181 0.707112
    outer loop
      vertex -36.4893 -0.419724 4
      vertex -37.4048 -0.822548 3
      vertex -36.4809 -0.439865 4
    endloop
  endfacet
  facet normal -0.652623 -0.272169 0.707112
    outer loop
      vertex -37.4048 -0.822548 3
      vertex -36.4893 -0.419724 4
      vertex -37.4132 -0.802406 3
    endloop
  endfacet
  facet normal 0.293767 -0.64344 0.706885
    outer loop
      vertex -32.8801 -0.0737762 4
      vertex -33.2401 -1.33674 3
      vertex -32.4974 -0.997655 3
    endloop
  endfacet
  facet normal 0.293784 -0.643439 0.706878
    outer loop
      vertex -33.2401 -1.33674 3
      vertex -32.8801 -0.0737762 4
      vertex -33.6819 -0.439865 4
    endloop
  endfacet
  facet normal 0.293767 -0.64344 -0.706885
    outer loop
      vertex -33.2401 -1.33674 1
      vertex -32.8801 -0.0737762 0
      vertex -32.4974 -0.997655 1
    endloop
  endfacet
  facet normal 0.293784 -0.643439 -0.706878
    outer loop
      vertex -32.8801 -0.0737762 0
      vertex -33.2401 -1.33674 1
      vertex -33.6819 -0.439865 0
    endloop
  endfacet
  facet normal -0.652618 -0.272181 -0.707112
    outer loop
      vertex -37.4048 -0.822548 1
      vertex -36.4893 -0.419724 0
      vertex -36.4809 -0.439865 0
    endloop
  endfacet
  facet normal -0.652623 -0.272169 -0.707112
    outer loop
      vertex -36.4893 -0.419724 0
      vertex -37.4048 -0.822548 1
      vertex -37.4132 -0.802406 1
    endloop
  endfacet
  facet normal 0.415319 -0.909676 0
    outer loop
      vertex -33.2401 -1.33674 1
      vertex -32.4974 -0.997655 3
      vertex -33.2401 -1.33674 3
    endloop
  endfacet
  facet normal 0.415319 -0.909676 0
    outer loop
      vertex -32.4974 -0.997655 3
      vertex -33.2401 -1.33674 1
      vertex -32.4974 -0.997655 1
    endloop
  endfacet
  facet normal -0.922955 -0.384908 0
    outer loop
      vertex -37.4048 -0.822548 1
      vertex -37.4132 -0.802406 3
      vertex -37.4132 -0.802406 1
    endloop
  endfacet
  facet normal -0.922955 -0.384908 0
    outer loop
      vertex -37.4132 -0.802406 3
      vertex -37.4048 -0.822548 1
      vertex -37.4048 -0.822548 3
    endloop
  endfacet
  facet normal -0.947038 -0.321123 0
    outer loop
      vertex -37.4132 -0.802406 1
      vertex -37.4552 -0.678542 3
      vertex -37.4552 -0.678542 1
    endloop
  endfacet
  facet normal -0.947038 -0.321123 0
    outer loop
      vertex -37.4552 -0.678542 3
      vertex -37.4132 -0.802406 1
      vertex -37.4132 -0.802406 3
    endloop
  endfacet
  facet normal -0.670324 -0.22748 0.706342
    outer loop
      vertex -36.6067 -0.0737762 4
      vertex -37.4552 -0.678542 3
      vertex -36.4893 -0.419724 4
    endloop
  endfacet
  facet normal -0.670324 -0.22748 0.706342
    outer loop
      vertex -37.4552 -0.678542 3
      vertex -36.6067 -0.0737762 4
      vertex -37.5726 -0.332595 3
    endloop
  endfacet
  facet normal -0.670375 -0.227312 -0.706348
    outer loop
      vertex -37.4132 -0.802406 1
      vertex -37.4552 -0.678542 1
      vertex -36.4893 -0.419724 0
    endloop
  endfacet
  facet normal -0.946958 -0.321358 0
    outer loop
      vertex -37.4552 -0.678542 1
      vertex -37.5726 -0.332595 3
      vertex -37.5726 -0.332595 1
    endloop
  endfacet
  facet normal -0.946958 -0.321358 0
    outer loop
      vertex -37.5726 -0.332595 3
      vertex -37.4552 -0.678542 1
      vertex -37.4552 -0.678542 3
    endloop
  endfacet
  facet normal -0.670324 -0.22748 -0.706342
    outer loop
      vertex -37.4552 -0.678542 1
      vertex -36.6067 -0.0737762 0
      vertex -36.4893 -0.419724 0
    endloop
  endfacet
  facet normal -0.670324 -0.22748 -0.706342
    outer loop
      vertex -36.6067 -0.0737762 0
      vertex -37.4552 -0.678542 1
      vertex -37.5726 -0.332595 1
    endloop
  endfacet
  facet normal -0.670375 -0.227312 0.706348
    outer loop
      vertex -36.4893 -0.419724 4
      vertex -37.4552 -0.678542 3
      vertex -37.4132 -0.802406 3
    endloop
  endfacet
  facet normal -0.924065 -0.382236 0
    outer loop
      vertex -37.3543 -0.944633 1
      vertex -37.4048 -0.822548 3
      vertex -37.4048 -0.822548 1
    endloop
  endfacet
  facet normal -0.924065 -0.382236 0
    outer loop
      vertex -37.4048 -0.822548 3
      vertex -37.3543 -0.944633 1
      vertex -37.3543 -0.944633 3
    endloop
  endfacet
  facet normal -0.653407 -0.270277 -0.707113
    outer loop
      vertex -37.3543 -0.944633 1
      vertex -36.4809 -0.439865 0
      vertex -36.4304 -0.561951 0
    endloop
  endfacet
  facet normal -0.653406 -0.270279 -0.707113
    outer loop
      vertex -36.4809 -0.439865 0
      vertex -37.3543 -0.944633 1
      vertex -37.4048 -0.822548 1
    endloop
  endfacet
  facet normal -0.653407 -0.270277 0.707113
    outer loop
      vertex -36.4809 -0.439865 4
      vertex -37.3543 -0.944633 3
      vertex -36.4304 -0.561951 4
    endloop
  endfacet
  facet normal -0.653406 -0.270279 0.707113
    outer loop
      vertex -37.3543 -0.944633 3
      vertex -36.4809 -0.439865 4
      vertex -37.4048 -0.822548 3
    endloop
  endfacet
  facet normal 0.331319 -0.624945 -0.706874
    outer loop
      vertex -33.4122 -1.42798 1
      vertex -33.6819 -0.439865 0
      vertex -33.2401 -1.33674 1
    endloop
  endfacet
  facet normal 0.331298 -0.624953 -0.706877
    outer loop
      vertex -33.6819 -0.439865 0
      vertex -33.4122 -1.42798 1
      vertex -33.9122 -0.561951 0
    endloop
  endfacet
  facet normal 0.468402 -0.883516 0
    outer loop
      vertex -33.4122 -1.42798 1
      vertex -33.2401 -1.33674 3
      vertex -33.4122 -1.42798 3
    endloop
  endfacet
  facet normal 0.468402 -0.883516 0
    outer loop
      vertex -33.2401 -1.33674 3
      vertex -33.4122 -1.42798 1
      vertex -33.2401 -1.33674 1
    endloop
  endfacet
  facet normal 0.331319 -0.624945 0.706874
    outer loop
      vertex -33.6819 -0.439865 4
      vertex -33.4122 -1.42798 3
      vertex -33.2401 -1.33674 3
    endloop
  endfacet
  facet normal 0.331298 -0.624953 0.706877
    outer loop
      vertex -33.4122 -1.42798 3
      vertex -33.6819 -0.439865 4
      vertex -33.9122 -0.561951 4
    endloop
  endfacet
  facet normal -0.946963 -0.321342 0
    outer loop
      vertex -37.5726 -0.332595 1
      vertex -37.6084 -0.227096 3
      vertex -37.6084 -0.227096 1
    endloop
  endfacet
  facet normal -0.946963 -0.321342 0
    outer loop
      vertex -37.6084 -0.227096 3
      vertex -37.5726 -0.332595 1
      vertex -37.5726 -0.332595 3
    endloop
  endfacet
  facet normal -0.670327 -0.227468 -0.706342
    outer loop
      vertex -37.5726 -0.332595 1
      vertex -36.6425 0.031723 0
      vertex -36.6067 -0.0737762 0
    endloop
  endfacet
  facet normal -0.670327 -0.227469 -0.706342
    outer loop
      vertex -36.6425 0.031723 0
      vertex -37.5726 -0.332595 1
      vertex -37.6084 -0.227096 1
    endloop
  endfacet
  facet normal 0.352575 -0.935784 0
    outer loop
      vertex -32.4974 -0.997655 1
      vertex -32.2804 -0.915896 3
      vertex -32.4974 -0.997655 3
    endloop
  endfacet
  facet normal 0.352575 -0.935784 0
    outer loop
      vertex -32.2804 -0.915896 3
      vertex -32.4974 -0.997655 1
      vertex -32.2804 -0.915896 1
    endloop
  endfacet
  facet normal 0.249372 -0.66187 0.706924
    outer loop
      vertex -32.6001 0.031723 4
      vertex -32.4974 -0.997655 3
      vertex -32.2804 -0.915896 3
    endloop
  endfacet
  facet normal 0.24938 -0.661868 0.706923
    outer loop
      vertex -32.4974 -0.997655 3
      vertex -32.6001 0.031723 4
      vertex -32.8801 -0.0737762 4
    endloop
  endfacet
  facet normal -0.670327 -0.227468 0.706342
    outer loop
      vertex -36.6425 0.031723 4
      vertex -37.5726 -0.332595 3
      vertex -36.6067 -0.0737762 4
    endloop
  endfacet
  facet normal -0.670327 -0.227469 0.706342
    outer loop
      vertex -37.5726 -0.332595 3
      vertex -36.6425 0.031723 4
      vertex -37.6084 -0.227096 3
    endloop
  endfacet
  facet normal 0.249372 -0.66187 -0.706924
    outer loop
      vertex -32.4974 -0.997655 1
      vertex -32.6001 0.031723 0
      vertex -32.2804 -0.915896 1
    endloop
  endfacet
  facet normal 0.24938 -0.661868 -0.706923
    outer loop
      vertex -32.6001 0.031723 0
      vertex -32.4974 -0.997655 1
      vertex -32.8801 -0.0737762 0
    endloop
  endfacet
  facet normal -0.820552 -0.571572 0
    outer loop
      vertex -44.2837 12.589 1
      vertex -44.6533 13.1196 3
      vertex -44.6533 13.1196 1
    endloop
  endfacet
  facet normal -0.820552 -0.571572 0
    outer loop
      vertex -44.6533 13.1196 3
      vertex -44.2837 12.589 1
      vertex -44.2837 12.589 3
    endloop
  endfacet
  facet normal -0.580532 -0.404381 0.706724
    outer loop
      vertex -44.6533 13.1196 3
      vertex -43.4904 13.1978 4
      vertex -43.86 13.7284 4
    endloop
  endfacet
  facet normal -0.580532 -0.404381 0.706724
    outer loop
      vertex -43.4904 13.1978 4
      vertex -44.6533 13.1196 3
      vertex -44.2837 12.589 3
    endloop
  endfacet
  facet normal 0.335847 0.941916 -0
    outer loop
      vertex -29.9215 14.1216 1
      vertex -31.4099 14.6523 3
      vertex -29.9215 14.1216 3
    endloop
  endfacet
  facet normal 0.335847 0.941916 0
    outer loop
      vertex -31.4099 14.6523 3
      vertex -29.9215 14.1216 1
      vertex -31.4099 14.6523 1
    endloop
  endfacet
  facet normal -0.580532 -0.404381 -0.706724
    outer loop
      vertex -44.6533 13.1196 1
      vertex -43.4904 13.1978 0
      vertex -44.2837 12.589 1
    endloop
  endfacet
  facet normal -0.580532 -0.404381 -0.706724
    outer loop
      vertex -43.4904 13.1978 0
      vertex -44.6533 13.1196 1
      vertex -43.86 13.7284 0
    endloop
  endfacet
  facet normal 0.237638 0.666478 -0.706637
    outer loop
      vertex -30.3042 13.1978 0
      vertex -31.4099 14.6523 1
      vertex -29.9215 14.1216 1
    endloop
  endfacet
  facet normal 0.237587 0.666462 -0.706669
    outer loop
      vertex -31.4099 14.6523 1
      vertex -30.3042 13.1978 0
      vertex -31.7926 13.7284 0
    endloop
  endfacet
  facet normal 0.237638 0.666478 0.706637
    outer loop
      vertex -31.4099 14.6523 3
      vertex -30.3042 13.1978 4
      vertex -29.9215 14.1216 3
    endloop
  endfacet
  facet normal 0.237587 0.666462 0.706669
    outer loop
      vertex -30.3042 13.1978 4
      vertex -31.4099 14.6523 3
      vertex -31.7926 13.7284 4
    endloop
  endfacet
  facet normal -0.820631 -0.571459 0
    outer loop
      vertex -43.7702 11.8516 1
      vertex -44.2837 12.589 3
      vertex -44.2837 12.589 1
    endloop
  endfacet
  facet normal -0.820631 -0.571459 0
    outer loop
      vertex -44.2837 12.589 3
      vertex -43.7702 11.8516 1
      vertex -43.7702 11.8516 3
    endloop
  endfacet
  facet normal -0.580582 -0.404298 -0.70673
    outer loop
      vertex -44.2837 12.589 1
      vertex -42.9768 12.4603 0
      vertex -43.7702 11.8516 1
    endloop
  endfacet
  facet normal -0.580578 -0.404319 -0.706722
    outer loop
      vertex -42.9768 12.4603 0
      vertex -44.2837 12.589 1
      vertex -43.4904 13.1978 0
    endloop
  endfacet
  facet normal 0.235962 0.667087 -0.706624
    outer loop
      vertex -28.2195 12.4603 0
      vertex -29.9215 14.1216 1
      vertex -27.8368 13.3842 1
    endloop
  endfacet
  facet normal 0.236001 0.667107 -0.706591
    outer loop
      vertex -29.9215 14.1216 1
      vertex -28.2195 12.4603 0
      vertex -30.3042 13.1978 0
    endloop
  endfacet
  facet normal -0.580578 -0.404319 0.706722
    outer loop
      vertex -44.2837 12.589 3
      vertex -42.9768 12.4603 4
      vertex -43.4904 13.1978 4
    endloop
  endfacet
  facet normal -0.580582 -0.404298 0.70673
    outer loop
      vertex -42.9768 12.4603 4
      vertex -44.2837 12.589 3
      vertex -43.7702 11.8516 3
    endloop
  endfacet
  facet normal 0.235962 0.667087 0.706624
    outer loop
      vertex -29.9215 14.1216 3
      vertex -28.2195 12.4603 4
      vertex -27.8368 13.3842 3
    endloop
  endfacet
  facet normal 0.236001 0.667107 0.706591
    outer loop
      vertex -28.2195 12.4603 4
      vertex -29.9215 14.1216 3
      vertex -30.3042 13.1978 4
    endloop
  endfacet
  facet normal 0.333473 0.94276 -0
    outer loop
      vertex -27.8368 13.3842 1
      vertex -29.9215 14.1216 3
      vertex -27.8368 13.3842 3
    endloop
  endfacet
  facet normal 0.333473 0.94276 0
    outer loop
      vertex -29.9215 14.1216 3
      vertex -27.8368 13.3842 1
      vertex -29.9215 14.1216 1
    endloop
  endfacet
  facet normal 0.237586 0.666462 -0.706669
    outer loop
      vertex -31.9114 13.7708 0
      vertex -32.5882 15.0724 1
      vertex -31.5287 14.6947 1
    endloop
  endfacet
  facet normal 0.23761 0.666466 -0.706657
    outer loop
      vertex -32.5882 15.0724 1
      vertex -31.9114 13.7708 0
      vertex -32.9708 14.1485 0
    endloop
  endfacet
  facet normal -0.806875 -0.590723 0
    outer loop
      vertex -44.6836 13.162 1
      vertex -45.6147 14.4338 3
      vertex -45.6147 14.4338 1
    endloop
  endfacet
  facet normal -0.806875 -0.590723 0
    outer loop
      vertex -45.6147 14.4338 3
      vertex -44.6836 13.162 1
      vertex -44.6836 13.162 3
    endloop
  endfacet
  facet normal 0.236627 0.666844 -0.706631
    outer loop
      vertex -32.9708 14.1485 0
      vertex -35.1076 15.9664 1
      vertex -32.5882 15.0724 1
    endloop
  endfacet
  facet normal 0.236615 0.666836 -0.706642
    outer loop
      vertex -35.1076 15.9664 1
      vertex -32.9708 14.1485 0
      vertex -35.4903 15.0425 0
    endloop
  endfacet
  facet normal 0.334416 0.942425 -0
    outer loop
      vertex -32.5882 15.0724 1
      vertex -35.1076 15.9664 3
      vertex -32.5882 15.0724 3
    endloop
  endfacet
  facet normal 0.334416 0.942425 0
    outer loop
      vertex -35.1076 15.9664 3
      vertex -32.5882 15.0724 1
      vertex -35.1076 15.9664 1
    endloop
  endfacet
  facet normal -0.570602 -0.417744 -0.707038
    outer loop
      vertex -45.6147 14.4338 1
      vertex -43.8902 13.7708 0
      vertex -44.6836 13.162 1
    endloop
  endfacet
  facet normal -0.570603 -0.417778 -0.707018
    outer loop
      vertex -43.8902 13.7708 0
      vertex -45.6147 14.4338 1
      vertex -44.8213 15.0425 0
    endloop
  endfacet
  facet normal 0.33579 0.941937 -0
    outer loop
      vertex -31.5287 14.6947 1
      vertex -32.5882 15.0724 3
      vertex -31.5287 14.6947 3
    endloop
  endfacet
  facet normal 0.33579 0.941937 0
    outer loop
      vertex -32.5882 15.0724 3
      vertex -31.5287 14.6947 1
      vertex -32.5882 15.0724 1
    endloop
  endfacet
  facet normal 0.236627 0.666844 0.706631
    outer loop
      vertex -35.1076 15.9664 3
      vertex -32.9708 14.1485 4
      vertex -32.5882 15.0724 3
    endloop
  endfacet
  facet normal 0.236615 0.666836 0.706642
    outer loop
      vertex -32.9708 14.1485 4
      vertex -35.1076 15.9664 3
      vertex -35.4903 15.0425 4
    endloop
  endfacet
  facet normal 0.237586 0.666462 0.706669
    outer loop
      vertex -32.5882 15.0724 3
      vertex -31.9114 13.7708 4
      vertex -31.5287 14.6947 3
    endloop
  endfacet
  facet normal 0.23761 0.666466 0.706657
    outer loop
      vertex -31.9114 13.7708 4
      vertex -32.5882 15.0724 3
      vertex -32.9708 14.1485 4
    endloop
  endfacet
  facet normal -0.570603 -0.417778 0.707018
    outer loop
      vertex -45.6147 14.4338 3
      vertex -43.8902 13.7708 4
      vertex -44.8213 15.0425 4
    endloop
  endfacet
  facet normal -0.570602 -0.417744 0.707038
    outer loop
      vertex -43.8902 13.7708 4
      vertex -45.6147 14.4338 3
      vertex -44.6836 13.162 3
    endloop
  endfacet
  facet normal -0.706358 0.046008 0.706358
    outer loop
      vertex -46.8684 16.9905 3
      vertex -46.8769 16.86 3
      vertex -45.8769 16.86 4
    endloop
  endfacet
  facet normal -0.908723 -0.417401 0
    outer loop
      vertex -46.6569 15.8731 1
      vertex -46.7224 16.0157 3
      vertex -46.7224 16.0157 1
    endloop
  endfacet
  facet normal -0.908723 -0.417401 0
    outer loop
      vertex -46.7224 16.0157 3
      vertex -46.6569 15.8731 1
      vertex -46.6569 15.8731 3
    endloop
  endfacet
  facet normal -0.995606 0.0936367 0
    outer loop
      vertex -46.8684 16.9905 1
      vertex -46.8537 17.1468 3
      vertex -46.8537 17.1468 1
    endloop
  endfacet
  facet normal -0.995606 0.0936367 0
    outer loop
      vertex -46.8537 17.1468 3
      vertex -46.8684 16.9905 1
      vertex -46.8684 16.9905 3
    endloop
  endfacet
  facet normal -0.999317 -0.0369645 0
    outer loop
      vertex -46.8711 16.7032 1
      vertex -46.8769 16.86 3
      vertex -46.8769 16.86 1
    endloop
  endfacet
  facet normal -0.999317 -0.0369645 0
    outer loop
      vertex -46.8769 16.86 3
      vertex -46.8711 16.7032 1
      vertex -46.8711 16.7032 3
    endloop
  endfacet
  facet normal -0.694298 0.137994 0.706335
    outer loop
      vertex -46.8282 17.2751 3
      vertex -46.8537 17.1468 3
      vertex -45.8623 17.0163 4
    endloop
  endfacet
  facet normal 0.157313 0.689652 0.706847
    outer loop
      vertex -44.2287 18.9772 3
      vertex -44.3345 17.9764 4
      vertex -44.0757 18.9423 3
    endloop
  endfacet
  facet normal 0.157313 0.689652 0.706847
    outer loop
      vertex -44.3345 17.9764 4
      vertex -44.2287 18.9772 3
      vertex -44.4875 18.0113 4
    endloop
  endfacet
  facet normal -0.985855 -0.167602 0
    outer loop
      vertex -46.8362 16.4179 1
      vertex -46.8625 16.5726 3
      vertex -46.8625 16.5726 1
    endloop
  endfacet
  facet normal -0.985855 -0.167602 0
    outer loop
      vertex -46.8625 16.5726 3
      vertex -46.8362 16.4179 1
      vertex -46.8362 16.4179 3
    endloop
  endfacet
  facet normal -0.208628 0.675901 0.706846
    outer loop
      vertex -45.3642 18.9134 3
      vertex -44.9554 17.9938 4
      vertex -45.2142 18.9597 3
    endloop
  endfacet
  facet normal -0.208628 0.675901 0.706846
    outer loop
      vertex -44.9554 17.9938 4
      vertex -45.3642 18.9134 3
      vertex -45.1054 17.9475 4
    endloop
  endfacet
  facet normal -0.697378 -0.118482 0.706842
    outer loop
      vertex -45.8711 16.7032 4
      vertex -46.8362 16.4179 3
      vertex -45.8448 16.5484 4
    endloop
  endfacet
  facet normal -0.697361 -0.118556 0.706847
    outer loop
      vertex -46.8362 16.4179 3
      vertex -45.8711 16.7032 4
      vertex -46.8625 16.5726 3
    endloop
  endfacet
  facet normal -0.0261301 0.706865 0.706865
    outer loop
      vertex -44.6438 19.0259 3
      vertex -44.8007 18.0201 4
      vertex -44.6438 18.0259 4
    endloop
  endfacet
  facet normal -0.0261301 0.706865 0.706865
    outer loop
      vertex -44.8007 18.0201 4
      vertex -44.6438 19.0259 3
      vertex -44.8007 19.0201 3
    endloop
  endfacet
  facet normal 0.319774 0.947494 -0
    outer loop
      vertex -37.9808 16.9677 1
      vertex -40.5281 17.8274 3
      vertex -37.9808 16.9677 3
    endloop
  endfacet
  facet normal 0.319774 0.947494 0
    outer loop
      vertex -40.5281 17.8274 3
      vertex -37.9808 16.9677 1
      vertex -40.5281 17.8274 1
    endloop
  endfacet
  facet normal -0.518752 0.480894 0.70685
    outer loop
      vertex -46.3157 18.2904 3
      vertex -45.5019 17.6984 4
      vertex -46.209 18.4055 3
    endloop
  endfacet
  facet normal -0.518752 0.480894 0.70685
    outer loop
      vertex -45.5019 17.6984 4
      vertex -46.3157 18.2904 3
      vertex -45.6086 17.5833 4
    endloop
  endfacet
  facet normal -0.312873 0.634948 0.706365
    outer loop
      vertex -45.6308 18.8059 3
      vertex -45.7481 18.7481 3
      vertex -45.2481 17.882 4
    endloop
  endfacet
  facet normal 0.202063 0.677776 0.706958
    outer loop
      vertex -44.3345 17.9764 4
      vertex -43.0399 18.6335 3
      vertex -44.0757 18.9423 3
    endloop
  endfacet
  facet normal 0.202129 0.677712 0.707001
    outer loop
      vertex -43.0399 18.6335 3
      vertex -44.3345 17.9764 4
      vertex -43.2988 17.6675 4
    endloop
  endfacet
  facet normal -0.417159 0.908834 0
    outer loop
      vertex -45.4881 18.8714 1
      vertex -45.6308 18.8059 3
      vertex -45.4881 18.8714 3
    endloop
  endfacet
  facet normal -0.417159 0.908834 0
    outer loop
      vertex -45.6308 18.8059 3
      vertex -45.4881 18.8714 1
      vertex -45.6308 18.8059 1
    endloop
  endfacet
  facet normal -0.312873 0.634948 -0.706365
    outer loop
      vertex -45.2481 17.882 0
      vertex -45.7481 18.7481 1
      vertex -45.6308 18.8059 1
    endloop
  endfacet
  facet normal 0.321958 0.946754 -0
    outer loop
      vertex -37.857 16.9256 1
      vertex -37.9808 16.9677 3
      vertex -37.857 16.9256 3
    endloop
  endfacet
  facet normal 0.321958 0.946754 0
    outer loop
      vertex -37.9808 16.9677 3
      vertex -37.857 16.9256 1
      vertex -37.9808 16.9677 1
    endloop
  endfacet
  facet normal -0.531944 0.467006 0.706358
    outer loop
      vertex -46.3157 18.2904 3
      vertex -46.402 18.1921 3
      vertex -45.6086 17.5833 4
    endloop
  endfacet
  facet normal -0.635061 -0.312662 -0.706357
    outer loop
      vertex -46.5991 15.7557 1
      vertex -46.6569 15.8731 1
      vertex -45.733 16.2557 0
    endloop
  endfacet
  facet normal -0.704259 0.0662355 0.706846
    outer loop
      vertex -46.8684 16.9905 3
      vertex -45.8623 17.0163 4
      vertex -46.8537 17.1468 3
    endloop
  endfacet
  facet normal -0.704274 0.0657863 0.706873
    outer loop
      vertex -45.8623 17.0163 4
      vertex -46.8684 16.9905 3
      vertex -45.8769 16.86 4
    endloop
  endfacet
  facet normal -0.93758 0.347771 0
    outer loop
      vertex -46.7513 17.552 1
      vertex -46.6967 17.6992 3
      vertex -46.6967 17.6992 1
    endloop
  endfacet
  facet normal -0.93758 0.347771 0
    outer loop
      vertex -46.6967 17.6992 3
      vertex -46.7513 17.552 1
      vertex -46.7513 17.552 3
    endloop
  endfacet
  facet normal -0.896709 0.442621 0
    outer loop
      vertex -46.6967 17.6992 1
      vertex -46.6388 17.8165 3
      vertex -46.6388 17.8165 1
    endloop
  endfacet
  facet normal -0.896709 0.442621 0
    outer loop
      vertex -46.6388 17.8165 3
      vertex -46.6967 17.6992 1
      vertex -46.6967 17.6992 3
    endloop
  endfacet
  facet normal 0.232993 0.66827 -0.706491
    outer loop
      vertex -35.6234 15.0898 0
      vertex -37.8457 16.9218 1
      vertex -35.2408 16.0136 1
    endloop
  endfacet
  facet normal 0.232947 0.668239 -0.706535
    outer loop
      vertex -37.8457 16.9218 1
      vertex -35.6234 15.0898 0
      vertex -38.2284 15.9979 0
    endloop
  endfacet
  facet normal 0.202129 0.677712 -0.707001
    outer loop
      vertex -44.3345 17.9764 0
      vertex -43.0399 18.6335 1
      vertex -43.2988 17.6675 0
    endloop
  endfacet
  facet normal 0.202063 0.677776 -0.706958
    outer loop
      vertex -43.0399 18.6335 1
      vertex -44.3345 17.9764 0
      vertex -44.0757 18.9423 1
    endloop
  endfacet
  facet normal -0.658937 0.752198 0
    outer loop
      vertex -46.1106 18.4917 1
      vertex -46.209 18.4055 3
      vertex -46.1106 18.4917 3
    endloop
  endfacet
  facet normal -0.658937 0.752198 0
    outer loop
      vertex -46.209 18.4055 3
      vertex -46.1106 18.4917 1
      vertex -46.209 18.4055 1
    endloop
  endfacet
  facet normal -0.706865 -0.0261468 -0.706865
    outer loop
      vertex -45.8711 16.7032 0
      vertex -46.8769 16.86 1
      vertex -45.8769 16.86 0
    endloop
  endfacet
  facet normal -0.706865 -0.0261468 -0.706865
    outer loop
      vertex -46.8769 16.86 1
      vertex -45.8711 16.7032 0
      vertex -46.8711 16.7032 1
    endloop
  endfacet
  facet normal -0.751486 0.659749 0
    outer loop
      vertex -46.402 18.1921 1
      vertex -46.3157 18.2904 3
      vertex -46.3157 18.2904 1
    endloop
  endfacet
  facet normal -0.751486 0.659749 0
    outer loop
      vertex -46.3157 18.2904 3
      vertex -46.402 18.1921 1
      vertex -46.402 18.1921 3
    endloop
  endfacet
  facet normal -0.955517 -0.294936 0
    outer loop
      vertex -46.7644 16.1396 1
      vertex -46.8107 16.2896 3
      vertex -46.8107 16.2896 1
    endloop
  endfacet
  facet normal -0.955517 -0.294936 0
    outer loop
      vertex -46.8107 16.2896 3
      vertex -46.7644 16.1396 1
      vertex -46.7644 16.1396 3
    endloop
  endfacet
  facet normal -0.670395 0.227253 0.706348
    outer loop
      vertex -46.7513 17.552 3
      vertex -46.7933 17.4281 3
      vertex -45.8274 17.1693 4
    endloop
  endfacet
  facet normal -0.831226 0.555935 0
    outer loop
      vertex -46.5655 17.9553 1
      vertex -46.4928 18.064 3
      vertex -46.4928 18.064 1
    endloop
  endfacet
  facet normal -0.831226 0.555935 0
    outer loop
      vertex -46.4928 18.064 3
      vertex -46.5655 17.9553 1
      vertex -46.5655 17.9553 3
    endloop
  endfacet
  facet normal -0.793104 -0.609087 0
    outer loop
      vertex -45.6441 14.4731 1
      vertex -46.4226 15.4868 3
      vertex -46.4226 15.4868 1
    endloop
  endfacet
  facet normal -0.793104 -0.609087 0
    outer loop
      vertex -46.4226 15.4868 3
      vertex -45.6441 14.4731 1
      vertex -45.6441 14.4731 3
    endloop
  endfacet
  facet normal -0.694298 0.137994 -0.706335
    outer loop
      vertex -45.8623 17.0163 0
      vertex -46.8537 17.1468 1
      vertex -46.8282 17.2751 1
    endloop
  endfacet
  facet normal -0.392898 0.588806 -0.706355
    outer loop
      vertex -45.381 17.7985 0
      vertex -45.9898 18.5919 1
      vertex -45.881 18.6645 1
    endloop
  endfacet
  facet normal 0.0936367 0.995606 -0
    outer loop
      vertex -44.357 19.0027 1
      vertex -44.5133 19.0174 3
      vertex -44.357 19.0027 3
    endloop
  endfacet
  facet normal 0.0936367 0.995606 0
    outer loop
      vertex -44.5133 19.0174 3
      vertex -44.357 19.0027 1
      vertex -44.5133 19.0174 1
    endloop
  endfacet
  facet normal -0.706341 -0.0465125 0.706341
    outer loop
      vertex -45.8711 16.7032 4
      vertex -46.8711 16.7032 3
      vertex -46.8625 16.5726 3
    endloop
  endfacet
  facet normal -0.321039 0.947066 0
    outer loop
      vertex -45.3642 18.9134 1
      vertex -45.4881 18.8714 3
      vertex -45.3642 18.9134 3
    endloop
  endfacet
  facet normal -0.321039 0.947066 0
    outer loop
      vertex -45.4881 18.8714 3
      vertex -45.3642 18.9134 1
      vertex -45.4881 18.8714 1
    endloop
  endfacet
  facet normal 0.285701 0.958319 -0
    outer loop
      vertex -43.0399 18.6335 1
      vertex -44.0757 18.9423 3
      vertex -43.0399 18.6335 3
    endloop
  endfacet
  facet normal 0.285701 0.958319 0
    outer loop
      vertex -44.0757 18.9423 3
      vertex -43.0399 18.6335 1
      vertex -44.0757 18.9423 1
    endloop
  endfacet
  facet normal -0.560879 -0.430645 -0.707079
    outer loop
      vertex -45.6441 14.4731 1
      vertex -45.6292 16.0956 0
      vertex -44.8508 15.0818 0
    endloop
  endfacet
  facet normal -0.560792 -0.430676 -0.707128
    outer loop
      vertex -45.6292 16.0956 0
      vertex -45.6441 14.4731 1
      vertex -46.4226 15.4868 1
    endloop
  endfacet
  facet normal -0.466449 0.532466 0.706333
    outer loop
      vertex -46.1106 18.4917 3
      vertex -46.209 18.4055 3
      vertex -45.5019 17.6984 4
    endloop
  endfacet
  facet normal -0.588806 -0.392898 0.706355
    outer loop
      vertex -45.6292 16.0956 4
      vertex -46.4952 15.5956 3
      vertex -46.4226 15.4868 3
    endloop
  endfacet
  facet normal 0.226347 0.670669 0.706378
    outer loop
      vertex -40.7869 16.8615 4
      vertex -37.9808 16.9677 3
      vertex -40.5281 17.8274 3
    endloop
  endfacet
  facet normal 0.226352 0.670656 0.706389
    outer loop
      vertex -37.9808 16.9677 3
      vertex -40.7869 16.8615 4
      vertex -38.2397 16.0018 4
    endloop
  endfacet
  facet normal -0.980815 0.19494 0
    outer loop
      vertex -46.8537 17.1468 1
      vertex -46.8282 17.2751 3
      vertex -46.8282 17.2751 1
    endloop
  endfacet
  facet normal -0.980815 0.19494 0
    outer loop
      vertex -46.8282 17.2751 3
      vertex -46.8537 17.1468 1
      vertex -46.8537 17.1468 3
    endloop
  endfacet
  facet normal 0.296904 0.954907 -0
    outer loop
      vertex -43.0161 18.6261 1
      vertex -43.0399 18.6335 3
      vertex -43.0161 18.6261 3
    endloop
  endfacet
  facet normal 0.296904 0.954907 0
    outer loop
      vertex -43.0399 18.6335 3
      vertex -43.0161 18.6261 1
      vertex -43.0399 18.6335 1
    endloop
  endfacet
  facet normal -0.663194 0.245994 0.706867
    outer loop
      vertex -46.7513 17.552 3
      vertex -45.7728 17.3165 4
      vertex -46.6967 17.6992 3
    endloop
  endfacet
  facet normal -0.663194 0.245994 0.706867
    outer loop
      vertex -45.7728 17.3165 4
      vertex -46.7513 17.552 3
      vertex -45.8274 17.1693 4
    endloop
  endfacet
  facet normal 0.3326 0.943068 -0
    outer loop
      vertex -35.2184 16.0057 1
      vertex -35.2408 16.0136 3
      vertex -35.2184 16.0057 3
    endloop
  endfacet
  facet normal 0.3326 0.943068 0
    outer loop
      vertex -35.2408 16.0136 3
      vertex -35.2184 16.0057 1
      vertex -35.2408 16.0136 1
    endloop
  endfacet
  facet normal -0.694298 -0.137994 0.706335
    outer loop
      vertex -45.8448 16.5484 4
      vertex -46.8362 16.4179 3
      vertex -46.8107 16.2896 3
    endloop
  endfacet
  facet normal -0.670395 -0.227253 -0.706348
    outer loop
      vertex -46.7224 16.0157 1
      vertex -46.7644 16.1396 1
      vertex -45.7985 16.3984 0
    endloop
  endfacet
  facet normal -0.884268 0.46698 0
    outer loop
      vertex -46.6388 17.8165 1
      vertex -46.5655 17.9553 3
      vertex -46.5655 17.9553 1
    endloop
  endfacet
  facet normal -0.884268 0.46698 0
    outer loop
      vertex -46.5655 17.9553 3
      vertex -46.6388 17.8165 1
      vertex -46.6388 17.8165 3
    endloop
  endfacet
  facet normal -0.689652 0.157313 0.706847
    outer loop
      vertex -46.8282 17.2751 3
      vertex -45.8274 17.1693 4
      vertex -46.7933 17.4281 3
    endloop
  endfacet
  facet normal -0.689652 0.157313 0.706847
    outer loop
      vertex -45.8274 17.1693 4
      vertex -46.8282 17.2751 3
      vertex -45.8623 17.0163 4
    endloop
  endfacet
  facet normal 0.227906 0.670185 0.706336
    outer loop
      vertex -37.9808 16.9677 3
      vertex -38.2397 16.0018 4
      vertex -37.857 16.9256 3
    endloop
  endfacet
  facet normal 0.046008 0.706358 0.706358
    outer loop
      vertex -44.6438 19.0259 3
      vertex -44.6438 18.0259 4
      vertex -44.5133 19.0174 3
    endloop
  endfacet
  facet normal 0.312874 0.949795 -0
    outer loop
      vertex -40.5281 17.8274 1
      vertex -40.5451 17.833 3
      vertex -40.5281 17.8274 3
    endloop
  endfacet
  facet normal 0.312874 0.949795 0
    outer loop
      vertex -40.5451 17.833 3
      vertex -40.5281 17.8274 1
      vertex -40.5451 17.833 1
    endloop
  endfacet
  facet normal -0.670395 -0.227253 0.706348
    outer loop
      vertex -45.7985 16.3984 4
      vertex -46.7644 16.1396 3
      vertex -46.7224 16.0157 3
    endloop
  endfacet
  facet normal -0.560879 -0.430645 0.707079
    outer loop
      vertex -45.6292 16.0956 4
      vertex -45.6441 14.4731 3
      vertex -44.8508 15.0818 4
    endloop
  endfacet
  facet normal -0.560792 -0.430676 0.707128
    outer loop
      vertex -45.6441 14.4731 3
      vertex -45.6292 16.0956 4
      vertex -46.4226 15.4868 3
    endloop
  endfacet
  facet normal -0.518752 0.480894 -0.70685
    outer loop
      vertex -46.3157 18.2904 1
      vertex -45.5019 17.6984 0
      vertex -45.6086 17.5833 0
    endloop
  endfacet
  facet normal -0.518752 0.480894 -0.70685
    outer loop
      vertex -45.5019 17.6984 0
      vertex -46.3157 18.2904 1
      vertex -46.209 18.4055 1
    endloop
  endfacet
  facet normal -0.138097 0.694274 0.706338
    outer loop
      vertex -45.086 18.9852 3
      vertex -45.2142 18.9597 3
      vertex -44.9554 17.9938 4
    endloop
  endfacet
  facet normal -0.831815 -0.555053 0
    outer loop
      vertex -46.4226 15.4868 1
      vertex -46.4952 15.5956 3
      vertex -46.4952 15.5956 1
    endloop
  endfacet
  facet normal -0.831815 -0.555053 0
    outer loop
      vertex -46.4952 15.5956 3
      vertex -46.4226 15.4868 1
      vertex -46.4226 15.4868 3
    endloop
  endfacet
  facet normal 0.0649964 0.997886 -0
    outer loop
      vertex -44.5133 19.0174 1
      vertex -44.6438 19.0259 3
      vertex -44.5133 19.0174 3
    endloop
  endfacet
  facet normal 0.0649964 0.997886 0
    outer loop
      vertex -44.6438 19.0259 3
      vertex -44.5133 19.0174 1
      vertex -44.6438 19.0259 1
    endloop
  endfacet
  facet normal -0.442006 0.897012 0
    outer loop
      vertex -45.6308 18.8059 1
      vertex -45.7481 18.7481 3
      vertex -45.6308 18.8059 3
    endloop
  endfacet
  facet normal -0.442006 0.897012 0
    outer loop
      vertex -45.7481 18.7481 3
      vertex -45.6308 18.8059 1
      vertex -45.7481 18.7481 1
    endloop
  endfacet
  facet normal 0.19494 0.980815 -0
    outer loop
      vertex -44.2287 18.9772 1
      vertex -44.357 19.0027 3
      vertex -44.2287 18.9772 3
    endloop
  endfacet
  facet normal 0.19494 0.980815 0
    outer loop
      vertex -44.357 19.0027 3
      vertex -44.2287 18.9772 1
      vertex -44.357 19.0027 1
    endloop
  endfacet
  facet normal 0.137994 0.694298 0.706335
    outer loop
      vertex -44.357 19.0027 3
      vertex -44.4875 18.0113 4
      vertex -44.2287 18.9772 3
    endloop
  endfacet
  facet normal -0.733361 0.67984 0
    outer loop
      vertex -46.3157 18.2904 1
      vertex -46.209 18.4055 3
      vertex -46.209 18.4055 1
    endloop
  endfacet
  facet normal -0.733361 0.67984 0
    outer loop
      vertex -46.209 18.4055 3
      vertex -46.3157 18.2904 1
      vertex -46.3157 18.2904 3
    endloop
  endfacet
  facet normal -0.997839 -0.0657076 0
    outer loop
      vertex -46.8625 16.5726 1
      vertex -46.8711 16.7032 3
      vertex -46.8711 16.7032 1
    endloop
  endfacet
  facet normal -0.997839 -0.0657076 0
    outer loop
      vertex -46.8711 16.7032 3
      vertex -46.8625 16.5726 1
      vertex -46.8625 16.5726 3
    endloop
  endfacet
  facet normal 0.0662355 0.704259 0.706846
    outer loop
      vertex -44.5133 19.0174 3
      vertex -44.4875 18.0113 4
      vertex -44.357 19.0027 3
    endloop
  endfacet
  facet normal 0.0657863 0.704274 0.706873
    outer loop
      vertex -44.4875 18.0113 4
      vertex -44.5133 19.0174 3
      vertex -44.6438 18.0259 4
    endloop
  endfacet
  facet normal 0.216229 0.673688 0.706675
    outer loop
      vertex -43.2749 17.6602 4
      vertex -40.5451 17.833 3
      vertex -43.0161 18.6261 3
    endloop
  endfacet
  facet normal 0.216234 0.673675 0.706686
    outer loop
      vertex -40.5451 17.833 3
      vertex -43.2749 17.6602 4
      vertex -40.804 16.8671 4
    endloop
  endfacet
  facet normal -0.0657577 0.997836 0
    outer loop
      vertex -44.8007 19.0201 1
      vertex -44.9312 19.0115 3
      vertex -44.8007 19.0201 3
    endloop
  endfacet
  facet normal -0.0657577 0.997836 0
    outer loop
      vertex -44.9312 19.0115 3
      vertex -44.8007 19.0201 1
      vertex -44.9312 19.0115 1
    endloop
  endfacet
  facet normal -0.997886 0.0649964 0
    outer loop
      vertex -46.8769 16.86 1
      vertex -46.8684 16.9905 3
      vertex -46.8684 16.9905 1
    endloop
  endfacet
  facet normal -0.997886 0.0649964 0
    outer loop
      vertex -46.8684 16.9905 3
      vertex -46.8769 16.86 1
      vertex -46.8769 16.86 3
    endloop
  endfacet
  facet normal -0.980815 -0.19494 0
    outer loop
      vertex -46.8107 16.2896 1
      vertex -46.8362 16.4179 3
      vertex -46.8362 16.4179 1
    endloop
  endfacet
  facet normal -0.980815 -0.19494 0
    outer loop
      vertex -46.8362 16.4179 3
      vertex -46.8107 16.2896 1
      vertex -46.8107 16.2896 3
    endloop
  endfacet
  facet normal -0.947066 -0.321039 0
    outer loop
      vertex -46.7224 16.0157 1
      vertex -46.7644 16.1396 3
      vertex -46.7644 16.1396 1
    endloop
  endfacet
  facet normal -0.947066 -0.321039 0
    outer loop
      vertex -46.7644 16.1396 3
      vertex -46.7224 16.0157 1
      vertex -46.7224 16.0157 3
    endloop
  endfacet
  facet normal -0.295077 0.642861 0.706866
    outer loop
      vertex -45.6308 18.8059 3
      vertex -45.1054 17.9475 4
      vertex -45.4881 18.8714 3
    endloop
  endfacet
  facet normal -0.295077 0.642861 0.706866
    outer loop
      vertex -45.1054 17.9475 4
      vertex -45.6308 18.8059 3
      vertex -45.2481 17.882 4
    endloop
  endfacet
  facet normal -0.638428 0.769682 0
    outer loop
      vertex -45.9898 18.5919 1
      vertex -46.1106 18.4917 3
      vertex -45.9898 18.5919 3
    endloop
  endfacet
  facet normal -0.638428 0.769682 0
    outer loop
      vertex -46.1106 18.4917 3
      vertex -45.9898 18.5919 1
      vertex -46.1106 18.4917 1
    endloop
  endfacet
  facet normal -0.635061 -0.312662 0.706357
    outer loop
      vertex -45.733 16.2557 4
      vertex -46.6569 15.8731 3
      vertex -46.5991 15.7557 3
    endloop
  endfacet
  facet normal -0.642875 -0.295083 0.706851
    outer loop
      vertex -45.7985 16.3984 4
      vertex -46.6569 15.8731 3
      vertex -45.733 16.2557 4
    endloop
  endfacet
  facet normal -0.642786 -0.295249 0.706862
    outer loop
      vertex -46.6569 15.8731 3
      vertex -45.7985 16.3984 4
      vertex -46.7224 16.0157 3
    endloop
  endfacet
  facet normal -0.227253 0.670395 0.706348
    outer loop
      vertex -45.3642 18.9134 3
      vertex -45.4881 18.8714 3
      vertex -45.1054 17.9475 4
    endloop
  endfacet
  facet normal -0.706341 -0.0465125 -0.706341
    outer loop
      vertex -46.8625 16.5726 1
      vertex -46.8711 16.7032 1
      vertex -45.8711 16.7032 0
    endloop
  endfacet
  facet normal -0.577073 0.409042 0.706874
    outer loop
      vertex -46.4928 18.064 3
      vertex -45.6086 17.5833 4
      vertex -46.402 18.1921 3
    endloop
  endfacet
  facet normal -0.576935 0.409263 0.706859
    outer loop
      vertex -45.6086 17.5833 4
      vertex -46.4928 18.064 3
      vertex -45.6994 17.4553 4
    endloop
  endfacet
  facet normal -0.195086 0.980786 0
    outer loop
      vertex -45.086 18.9852 1
      vertex -45.2142 18.9597 3
      vertex -45.086 18.9852 3
    endloop
  endfacet
  facet normal -0.195086 0.980786 0
    outer loop
      vertex -45.2142 18.9597 3
      vertex -45.086 18.9852 1
      vertex -45.2142 18.9597 1
    endloop
  endfacet
  facet normal -0.138097 0.694274 -0.706338
    outer loop
      vertex -44.9554 17.9938 0
      vertex -45.2142 18.9597 1
      vertex -45.086 18.9852 1
    endloop
  endfacet
  facet normal -0.0465481 0.70634 0.70634
    outer loop
      vertex -44.8007 19.0201 3
      vertex -44.9312 19.0115 3
      vertex -44.8007 18.0201 4
    endloop
  endfacet
  facet normal -0.974957 0.222392 0
    outer loop
      vertex -46.8282 17.2751 1
      vertex -46.7933 17.4281 3
      vertex -46.7933 17.4281 1
    endloop
  endfacet
  facet normal -0.974957 0.222392 0
    outer loop
      vertex -46.7933 17.4281 3
      vertex -46.8282 17.2751 1
      vertex -46.8282 17.2751 3
    endloop
  endfacet
  facet normal -0.0261301 0.706865 -0.706865
    outer loop
      vertex -44.6438 18.0259 0
      vertex -44.8007 19.0201 1
      vertex -44.6438 19.0259 1
    endloop
  endfacet
  facet normal -0.0261301 0.706865 -0.706865
    outer loop
      vertex -44.8007 19.0201 1
      vertex -44.6438 18.0259 0
      vertex -44.8007 18.0201 0
    endloop
  endfacet
  facet normal -0.815837 0.578282 0
    outer loop
      vertex -46.4928 18.064 1
      vertex -46.402 18.1921 3
      vertex -46.402 18.1921 1
    endloop
  endfacet
  facet normal -0.815837 0.578282 0
    outer loop
      vertex -46.402 18.1921 3
      vertex -46.4928 18.064 1
      vertex -46.4928 18.064 3
    endloop
  endfacet
  facet normal -0.694298 -0.137994 -0.706335
    outer loop
      vertex -46.8107 16.2896 1
      vertex -46.8362 16.4179 1
      vertex -45.8448 16.5484 0
    endloop
  endfacet
  facet normal -0.118556 0.697361 -0.706847
    outer loop
      vertex -45.086 18.9852 1
      vertex -44.8007 18.0201 0
      vertex -44.9554 17.9938 0
    endloop
  endfacet
  facet normal -0.118482 0.697378 -0.706842
    outer loop
      vertex -44.8007 18.0201 0
      vertex -45.086 18.9852 1
      vertex -44.9312 19.0115 1
    endloop
  endfacet
  facet normal 0.225645 0.670998 0.70629
    outer loop
      vertex -37.857 16.9256 3
      vertex -38.2284 15.9979 4
      vertex -37.8457 16.9218 3
    endloop
  endfacet
  facet normal 0.230911 0.669049 0.706437
    outer loop
      vertex -38.2284 15.9979 4
      vertex -37.857 16.9256 3
      vertex -38.2397 16.0018 4
    endloop
  endfacet
  facet normal 0.23535 0.667321 0.706607
    outer loop
      vertex -35.2408 16.0136 3
      vertex -35.6011 15.0818 4
      vertex -35.2184 16.0057 3
    endloop
  endfacet
  facet normal 0.238922 0.665996 0.706658
    outer loop
      vertex -35.6011 15.0818 4
      vertex -35.2408 16.0136 3
      vertex -35.6234 15.0898 4
    endloop
  endfacet
  facet normal -0.036941 0.999317 0
    outer loop
      vertex -44.6438 19.0259 1
      vertex -44.8007 19.0201 3
      vertex -44.6438 19.0259 3
    endloop
  endfacet
  facet normal -0.036941 0.999317 0
    outer loop
      vertex -44.8007 19.0201 3
      vertex -44.6438 19.0259 1
      vertex -44.8007 19.0201 1
    endloop
  endfacet
  facet normal -0.392898 0.588806 0.706355
    outer loop
      vertex -45.881 18.6645 3
      vertex -45.9898 18.5919 3
      vertex -45.381 17.7985 4
    endloop
  endfacet
  facet normal 0.305608 0.952158 -0
    outer loop
      vertex -40.5451 17.833 1
      vertex -43.0161 18.6261 3
      vertex -40.5451 17.833 3
    endloop
  endfacet
  facet normal 0.305608 0.952158 0
    outer loop
      vertex -43.0161 18.6261 3
      vertex -40.5451 17.833 1
      vertex -43.0161 18.6261 1
    endloop
  endfacet
  facet normal -0.576935 0.409263 -0.706859
    outer loop
      vertex -46.4928 18.064 1
      vertex -45.6086 17.5833 0
      vertex -45.6994 17.4553 0
    endloop
  endfacet
  facet normal -0.577073 0.409042 -0.706874
    outer loop
      vertex -45.6086 17.5833 0
      vertex -46.4928 18.064 1
      vertex -46.402 18.1921 1
    endloop
  endfacet
  facet normal 0.222392 0.974957 -0
    outer loop
      vertex -44.0757 18.9423 1
      vertex -44.2287 18.9772 3
      vertex -44.0757 18.9423 3
    endloop
  endfacet
  facet normal 0.222392 0.974957 0
    outer loop
      vertex -44.2287 18.9772 3
      vertex -44.0757 18.9423 1
      vertex -44.2287 18.9772 1
    endloop
  endfacet
  facet normal -0.706865 -0.0261468 0.706865
    outer loop
      vertex -46.8711 16.7032 3
      vertex -45.8769 16.86 4
      vertex -46.8769 16.86 3
    endloop
  endfacet
  facet normal -0.706865 -0.0261468 0.706865
    outer loop
      vertex -45.8769 16.86 4
      vertex -46.8711 16.7032 3
      vertex -45.8711 16.7032 4
    endloop
  endfacet
  facet normal -0.593719 -0.384935 0.706628
    outer loop
      vertex -45.733 16.2557 4
      vertex -46.4952 15.5956 3
      vertex -45.6292 16.0956 4
    endloop
  endfacet
  facet normal -0.593532 -0.385184 0.70665
    outer loop
      vertex -46.4952 15.5956 3
      vertex -45.733 16.2557 4
      vertex -46.5991 15.7557 3
    endloop
  endfacet
  facet normal -0.838838 -0.54438 0
    outer loop
      vertex -46.4952 15.5956 1
      vertex -46.5991 15.7557 3
      vertex -46.5991 15.7557 1
    endloop
  endfacet
  facet normal -0.838838 -0.54438 0
    outer loop
      vertex -46.5991 15.7557 3
      vertex -46.4952 15.5956 1
      vertex -46.4952 15.5956 3
    endloop
  endfacet
  facet normal -0.897161 -0.441703 0
    outer loop
      vertex -46.5991 15.7557 1
      vertex -46.6569 15.8731 3
      vertex -46.6569 15.8731 1
    endloop
  endfacet
  facet normal -0.897161 -0.441703 0
    outer loop
      vertex -46.6569 15.8731 3
      vertex -46.5991 15.7557 1
      vertex -46.5991 15.7557 3
    endloop
  endfacet
  facet normal 0.137994 0.694298 -0.706335
    outer loop
      vertex -44.2287 18.9772 1
      vertex -44.4875 18.0113 0
      vertex -44.357 19.0027 1
    endloop
  endfacet
  facet normal -0.947066 0.321039 0
    outer loop
      vertex -46.7933 17.4281 1
      vertex -46.7513 17.552 3
      vertex -46.7513 17.552 1
    endloop
  endfacet
  facet normal -0.947066 0.321039 0
    outer loop
      vertex -46.7513 17.552 3
      vertex -46.7933 17.4281 1
      vertex -46.7933 17.4281 3
    endloop
  endfacet
  facet normal 0.318743 0.947841 -0
    outer loop
      vertex -37.8457 16.9218 1
      vertex -37.857 16.9256 3
      vertex -37.8457 16.9218 3
    endloop
  endfacet
  facet normal 0.318743 0.947841 0
    outer loop
      vertex -37.857 16.9256 3
      vertex -37.8457 16.9218 1
      vertex -37.857 16.9256 1
    endloop
  endfacet
  facet normal 0.220235 0.672503 -0.706567
    outer loop
      vertex -40.804 16.8671 0
      vertex -40.5281 17.8274 1
      vertex -40.7869 16.8615 0
    endloop
  endfacet
  facet normal 0.221411 0.672141 -0.706544
    outer loop
      vertex -40.5281 17.8274 1
      vertex -40.804 16.8671 0
      vertex -40.5451 17.833 1
    endloop
  endfacet
  facet normal 0.210015 0.675455 0.706862
    outer loop
      vertex -43.2988 17.6675 4
      vertex -43.0161 18.6261 3
      vertex -43.0399 18.6335 3
    endloop
  endfacet
  facet normal 0.206623 0.676478 0.706884
    outer loop
      vertex -43.0161 18.6261 3
      vertex -43.2988 17.6675 4
      vertex -43.2749 17.6602 4
    endloop
  endfacet
  facet normal -0.376628 0.598731 0.706875
    outer loop
      vertex -45.881 18.6645 3
      vertex -45.2481 17.882 4
      vertex -45.7481 18.7481 3
    endloop
  endfacet
  facet normal -0.376318 0.598953 0.706852
    outer loop
      vertex -45.2481 17.882 4
      vertex -45.881 18.6645 3
      vertex -45.381 17.7985 4
    endloop
  endfacet
  facet normal -0.532458 0.846456 0
    outer loop
      vertex -45.7481 18.7481 1
      vertex -45.881 18.6645 3
      vertex -45.7481 18.7481 3
    endloop
  endfacet
  facet normal -0.532458 0.846456 0
    outer loop
      vertex -45.881 18.6645 3
      vertex -45.7481 18.7481 1
      vertex -45.881 18.6645 1
    endloop
  endfacet
  facet normal -0.555053 0.831815 0
    outer loop
      vertex -45.881 18.6645 1
      vertex -45.9898 18.5919 3
      vertex -45.881 18.6645 3
    endloop
  endfacet
  facet normal -0.555053 0.831815 0
    outer loop
      vertex -45.9898 18.5919 3
      vertex -45.881 18.6645 1
      vertex -45.9898 18.5919 1
    endloop
  endfacet
  facet normal -0.294936 0.955517 0
    outer loop
      vertex -45.2142 18.9597 1
      vertex -45.3642 18.9134 3
      vertex -45.2142 18.9597 3
    endloop
  endfacet
  facet normal -0.294936 0.955517 0
    outer loop
      vertex -45.3642 18.9134 3
      vertex -45.2142 18.9597 1
      vertex -45.3642 18.9134 1
    endloop
  endfacet
  facet normal 0.329215 0.944255 -0
    outer loop
      vertex -35.2408 16.0136 1
      vertex -37.8457 16.9218 3
      vertex -35.2408 16.0136 3
    endloop
  endfacet
  facet normal 0.329215 0.944255 0
    outer loop
      vertex -37.8457 16.9218 3
      vertex -35.2408 16.0136 1
      vertex -37.8457 16.9218 1
    endloop
  endfacet
  facet normal -0.167496 0.985873 0
    outer loop
      vertex -44.9312 19.0115 1
      vertex -45.086 18.9852 3
      vertex -44.9312 19.0115 3
    endloop
  endfacet
  facet normal -0.167496 0.985873 0
    outer loop
      vertex -45.086 18.9852 3
      vertex -44.9312 19.0115 1
      vertex -45.086 18.9852 1
    endloop
  endfacet
  facet normal -0.208628 0.675901 -0.706846
    outer loop
      vertex -45.3642 18.9134 1
      vertex -44.9554 17.9938 0
      vertex -45.1054 17.9475 0
    endloop
  endfacet
  facet normal -0.208628 0.675901 -0.706846
    outer loop
      vertex -44.9554 17.9938 0
      vertex -45.3642 18.9134 1
      vertex -45.2142 18.9597 1
    endloop
  endfacet
  facet normal -0.625309 0.330675 -0.706855
    outer loop
      vertex -46.6388 17.8165 1
      vertex -45.6994 17.4553 0
      vertex -45.7728 17.3165 0
    endloop
  endfacet
  facet normal -0.625474 0.330311 -0.706878
    outer loop
      vertex -45.6994 17.4553 0
      vertex -46.6388 17.8165 1
      vertex -46.5655 17.9553 1
    endloop
  endfacet
  facet normal -0.675901 -0.208628 0.706846
    outer loop
      vertex -45.8448 16.5484 4
      vertex -46.7644 16.1396 3
      vertex -45.7985 16.3984 4
    endloop
  endfacet
  facet normal -0.675901 -0.208628 0.706846
    outer loop
      vertex -46.7644 16.1396 3
      vertex -45.8448 16.5484 4
      vertex -46.8107 16.2896 3
    endloop
  endfacet
  facet normal -0.634748 0.313315 0.706349
    outer loop
      vertex -46.6388 17.8165 3
      vertex -46.6967 17.6992 3
      vertex -45.7728 17.3165 4
    endloop
  endfacet
  facet normal -0.625474 0.330311 0.706878
    outer loop
      vertex -46.6388 17.8165 3
      vertex -45.6994 17.4553 4
      vertex -46.5655 17.9553 3
    endloop
  endfacet
  facet normal -0.625309 0.330675 0.706855
    outer loop
      vertex -45.6994 17.4553 4
      vertex -46.6388 17.8165 3
      vertex -45.7728 17.3165 4
    endloop
  endfacet
  facet normal -0.451586 0.544427 0.706873
    outer loop
      vertex -46.1106 18.4917 3
      vertex -45.381 17.7985 4
      vertex -45.9898 18.5919 3
    endloop
  endfacet
  facet normal -0.451121 0.544861 0.706836
    outer loop
      vertex -45.381 17.7985 4
      vertex -46.1106 18.4917 3
      vertex -45.5019 17.6984 4
    endloop
  endfacet
  facet normal -0.689652 0.157313 -0.706847
    outer loop
      vertex -46.8282 17.2751 1
      vertex -45.8274 17.1693 0
      vertex -45.8623 17.0163 0
    endloop
  endfacet
  facet normal -0.689652 0.157313 -0.706847
    outer loop
      vertex -45.8274 17.1693 0
      vertex -46.8282 17.2751 1
      vertex -46.7933 17.4281 1
    endloop
  endfacet
  facet normal -0.670395 0.227253 -0.706348
    outer loop
      vertex -45.8274 17.1693 0
      vertex -46.7933 17.4281 1
      vertex -46.7513 17.552 1
    endloop
  endfacet
  facet normal 0.221411 0.672141 0.706544
    outer loop
      vertex -40.804 16.8671 4
      vertex -40.5281 17.8274 3
      vertex -40.5451 17.833 3
    endloop
  endfacet
  facet normal 0.220235 0.672503 0.706567
    outer loop
      vertex -40.5281 17.8274 3
      vertex -40.804 16.8671 4
      vertex -40.7869 16.8615 4
    endloop
  endfacet
  facet normal 0.227906 0.670185 -0.706336
    outer loop
      vertex -37.857 16.9256 1
      vertex -38.2397 16.0018 0
      vertex -37.9808 16.9677 1
    endloop
  endfacet
  facet normal -0.588385 0.39352 0.70636
    outer loop
      vertex -46.4928 18.064 3
      vertex -46.5655 17.9553 3
      vertex -45.6994 17.4553 4
    endloop
  endfacet
  facet normal 0.232993 0.66827 0.706491
    outer loop
      vertex -37.8457 16.9218 3
      vertex -35.6234 15.0898 4
      vertex -35.2408 16.0136 3
    endloop
  endfacet
  facet normal 0.232947 0.668239 0.706535
    outer loop
      vertex -35.6234 15.0898 4
      vertex -37.8457 16.9218 3
      vertex -38.2284 15.9979 4
    endloop
  endfacet
  facet normal -0.118482 0.697378 0.706842
    outer loop
      vertex -45.086 18.9852 3
      vertex -44.8007 18.0201 4
      vertex -44.9312 19.0115 3
    endloop
  endfacet
  facet normal -0.118556 0.697361 0.706847
    outer loop
      vertex -44.8007 18.0201 4
      vertex -45.086 18.9852 3
      vertex -44.9554 17.9938 4
    endloop
  endfacet
  facet normal -0.634748 0.313315 -0.706349
    outer loop
      vertex -45.7728 17.3165 0
      vertex -46.6967 17.6992 1
      vertex -46.6388 17.8165 1
    endloop
  endfacet
  facet normal -0.697378 -0.118482 -0.706842
    outer loop
      vertex -46.8362 16.4179 1
      vertex -45.8711 16.7032 0
      vertex -45.8448 16.5484 0
    endloop
  endfacet
  facet normal -0.697361 -0.118556 -0.706847
    outer loop
      vertex -45.8711 16.7032 0
      vertex -46.8362 16.4179 1
      vertex -46.8625 16.5726 1
    endloop
  endfacet
  facet normal -0.675901 -0.208628 -0.706846
    outer loop
      vertex -46.7644 16.1396 1
      vertex -45.8448 16.5484 0
      vertex -45.7985 16.3984 0
    endloop
  endfacet
  facet normal -0.675901 -0.208628 -0.706846
    outer loop
      vertex -45.8448 16.5484 0
      vertex -46.7644 16.1396 1
      vertex -46.8107 16.2896 1
    endloop
  endfacet
  facet normal -0.706358 0.046008 -0.706358
    outer loop
      vertex -45.8769 16.86 0
      vertex -46.8769 16.86 1
      vertex -46.8684 16.9905 1
    endloop
  endfacet
  facet normal -0.704274 0.0657863 -0.706873
    outer loop
      vertex -46.8684 16.9905 1
      vertex -45.8623 17.0163 0
      vertex -45.8769 16.86 0
    endloop
  endfacet
  facet normal -0.704259 0.0662355 -0.706846
    outer loop
      vertex -45.8623 17.0163 0
      vertex -46.8684 16.9905 1
      vertex -46.8537 17.1468 1
    endloop
  endfacet
  facet normal -0.588385 0.39352 -0.70636
    outer loop
      vertex -45.6994 17.4553 0
      vertex -46.5655 17.9553 1
      vertex -46.4928 18.064 1
    endloop
  endfacet
  facet normal -0.376318 0.598953 -0.706852
    outer loop
      vertex -45.881 18.6645 1
      vertex -45.2481 17.882 0
      vertex -45.381 17.7985 0
    endloop
  endfacet
  facet normal -0.376628 0.598731 -0.706875
    outer loop
      vertex -45.2481 17.882 0
      vertex -45.881 18.6645 1
      vertex -45.7481 18.7481 1
    endloop
  endfacet
  facet normal -0.588806 -0.392898 -0.706355
    outer loop
      vertex -46.4226 15.4868 1
      vertex -46.4952 15.5956 1
      vertex -45.6292 16.0956 0
    endloop
  endfacet
  facet normal -0.642875 -0.295083 -0.706851
    outer loop
      vertex -46.6569 15.8731 1
      vertex -45.7985 16.3984 0
      vertex -45.733 16.2557 0
    endloop
  endfacet
  facet normal -0.642786 -0.295249 -0.706862
    outer loop
      vertex -45.7985 16.3984 0
      vertex -46.6569 15.8731 1
      vertex -46.7224 16.0157 1
    endloop
  endfacet
  facet normal 0.226352 0.670656 -0.706389
    outer loop
      vertex -40.7869 16.8615 0
      vertex -37.9808 16.9677 1
      vertex -38.2397 16.0018 0
    endloop
  endfacet
  facet normal 0.226347 0.670669 -0.706378
    outer loop
      vertex -37.9808 16.9677 1
      vertex -40.7869 16.8615 0
      vertex -40.5281 17.8274 1
    endloop
  endfacet
  facet normal -0.295077 0.642861 -0.706866
    outer loop
      vertex -45.6308 18.8059 1
      vertex -45.1054 17.9475 0
      vertex -45.2481 17.882 0
    endloop
  endfacet
  facet normal -0.295077 0.642861 -0.706866
    outer loop
      vertex -45.1054 17.9475 0
      vertex -45.6308 18.8059 1
      vertex -45.4881 18.8714 1
    endloop
  endfacet
  facet normal -0.227253 0.670395 -0.706348
    outer loop
      vertex -45.1054 17.9475 0
      vertex -45.4881 18.8714 1
      vertex -45.3642 18.9134 1
    endloop
  endfacet
  facet normal -0.663194 0.245994 -0.706867
    outer loop
      vertex -46.7513 17.552 1
      vertex -45.7728 17.3165 0
      vertex -45.8274 17.1693 0
    endloop
  endfacet
  facet normal -0.663194 0.245994 -0.706867
    outer loop
      vertex -45.7728 17.3165 0
      vertex -46.7513 17.552 1
      vertex -46.6967 17.6992 1
    endloop
  endfacet
  facet normal -0.531944 0.467006 -0.706358
    outer loop
      vertex -45.6086 17.5833 0
      vertex -46.402 18.1921 1
      vertex -46.3157 18.2904 1
    endloop
  endfacet
  facet normal -0.593719 -0.384935 -0.706628
    outer loop
      vertex -46.4952 15.5956 1
      vertex -45.733 16.2557 0
      vertex -45.6292 16.0956 0
    endloop
  endfacet
  facet normal -0.593532 -0.385184 -0.70665
    outer loop
      vertex -45.733 16.2557 0
      vertex -46.4952 15.5956 1
      vertex -46.5991 15.7557 1
    endloop
  endfacet
  facet normal 0.216234 0.673675 -0.706686
    outer loop
      vertex -43.2749 17.6602 0
      vertex -40.5451 17.833 1
      vertex -40.804 16.8671 0
    endloop
  endfacet
  facet normal 0.216229 0.673688 -0.706675
    outer loop
      vertex -40.5451 17.833 1
      vertex -43.2749 17.6602 0
      vertex -43.0161 18.6261 1
    endloop
  endfacet
  facet normal 0.157313 0.689652 -0.706847
    outer loop
      vertex -44.3345 17.9764 0
      vertex -44.2287 18.9772 1
      vertex -44.0757 18.9423 1
    endloop
  endfacet
  facet normal 0.157313 0.689652 -0.706847
    outer loop
      vertex -44.2287 18.9772 1
      vertex -44.3345 17.9764 0
      vertex -44.4875 18.0113 0
    endloop
  endfacet
  facet normal 0.225645 0.670998 -0.70629
    outer loop
      vertex -38.2284 15.9979 0
      vertex -37.857 16.9256 1
      vertex -37.8457 16.9218 1
    endloop
  endfacet
  facet normal 0.230911 0.669049 -0.706437
    outer loop
      vertex -37.857 16.9256 1
      vertex -38.2284 15.9979 0
      vertex -38.2397 16.0018 0
    endloop
  endfacet
  facet normal -0.466449 0.532466 -0.706333
    outer loop
      vertex -45.5019 17.6984 0
      vertex -46.209 18.4055 1
      vertex -46.1106 18.4917 1
    endloop
  endfacet
  facet normal -0.451121 0.544861 -0.706836
    outer loop
      vertex -46.1106 18.4917 1
      vertex -45.381 17.7985 0
      vertex -45.5019 17.6984 0
    endloop
  endfacet
  facet normal -0.451586 0.544427 -0.706873
    outer loop
      vertex -45.381 17.7985 0
      vertex -46.1106 18.4917 1
      vertex -45.9898 18.5919 1
    endloop
  endfacet
  facet normal 0.206623 0.676478 -0.706884
    outer loop
      vertex -43.2988 17.6675 0
      vertex -43.0161 18.6261 1
      vertex -43.2749 17.6602 0
    endloop
  endfacet
  facet normal 0.210015 0.675455 -0.706862
    outer loop
      vertex -43.0161 18.6261 1
      vertex -43.2988 17.6675 0
      vertex -43.0399 18.6335 1
    endloop
  endfacet
  facet normal 0.23535 0.667321 -0.706607
    outer loop
      vertex -35.6011 15.0818 0
      vertex -35.2408 16.0136 1
      vertex -35.2184 16.0057 1
    endloop
  endfacet
  facet normal 0.238922 0.665996 -0.706658
    outer loop
      vertex -35.2408 16.0136 1
      vertex -35.6011 15.0818 0
      vertex -35.6234 15.0898 0
    endloop
  endfacet
  facet normal -0.0465481 0.70634 -0.70634
    outer loop
      vertex -44.8007 18.0201 0
      vertex -44.9312 19.0115 1
      vertex -44.8007 19.0201 1
    endloop
  endfacet
  facet normal 0.046008 0.706358 -0.706358
    outer loop
      vertex -44.5133 19.0174 1
      vertex -44.6438 18.0259 0
      vertex -44.6438 19.0259 1
    endloop
  endfacet
  facet normal 0.0662355 0.704259 -0.706846
    outer loop
      vertex -44.4875 18.0113 0
      vertex -44.5133 19.0174 1
      vertex -44.357 19.0027 1
    endloop
  endfacet
  facet normal 0.0657863 0.704274 -0.706873
    outer loop
      vertex -44.5133 19.0174 1
      vertex -44.4875 18.0113 0
      vertex -44.6438 18.0259 0
    endloop
  endfacet
  facet normal -0.604416 -0.367174 0.707011
    outer loop
      vertex -41.2887 9.83687 4
      vertex -42.125 9.28798 3
      vertex -41.259 9.78798 4
    endloop
  endfacet
  facet normal -0.604416 -0.367174 0.707011
    outer loop
      vertex -42.125 9.28798 3
      vertex -41.2887 9.83687 4
      vertex -42.1547 9.33687 3
    endloop
  endfacet
  facet normal -0.854657 -0.519193 0
    outer loop
      vertex -42.125 9.28798 1
      vertex -42.1547 9.33687 3
      vertex -42.1547 9.33687 1
    endloop
  endfacet
  facet normal -0.854657 -0.519193 0
    outer loop
      vertex -42.1547 9.33687 3
      vertex -42.125 9.28798 1
      vertex -42.125 9.28798 3
    endloop
  endfacet
  facet normal 0.2142 0.674276 -0.706732
    outer loop
      vertex -20.4108 9.83687 0
      vertex -19.9981 10.7539 1
      vertex -20.2569 9.78798 0
    endloop
  endfacet
  facet normal 0.214239 0.674261 -0.706734
    outer loop
      vertex -19.9981 10.7539 1
      vertex -20.4108 9.83687 0
      vertex -20.152 10.8028 1
    endloop
  endfacet
  facet normal -0.604416 -0.367174 -0.707011
    outer loop
      vertex -42.125 9.28798 1
      vertex -41.2887 9.83687 0
      vertex -41.259 9.78798 0
    endloop
  endfacet
  facet normal -0.604416 -0.367174 -0.707011
    outer loop
      vertex -41.2887 9.83687 0
      vertex -42.125 9.28798 1
      vertex -42.1547 9.33687 1
    endloop
  endfacet
  facet normal 0.214239 0.674261 0.706734
    outer loop
      vertex -20.4108 9.83687 4
      vertex -19.9981 10.7539 3
      vertex -20.152 10.8028 3
    endloop
  endfacet
  facet normal 0.2142 0.674276 0.706732
    outer loop
      vertex -19.9981 10.7539 3
      vertex -20.4108 9.83687 4
      vertex -20.2569 9.78798 4
    endloop
  endfacet
  facet normal 0.30282 0.953048 -0
    outer loop
      vertex -19.9981 10.7539 1
      vertex -20.152 10.8028 3
      vertex -19.9981 10.7539 3
    endloop
  endfacet
  facet normal 0.30282 0.953048 0
    outer loop
      vertex -20.152 10.8028 3
      vertex -19.9981 10.7539 1
      vertex -20.152 10.8028 1
    endloop
  endfacet
  facet normal -0.861539 -0.507691 0
    outer loop
      vertex -41.3808 8.02501 1
      vertex -41.5826 8.36746 3
      vertex -41.5826 8.36746 1
    endloop
  endfacet
  facet normal -0.861539 -0.507691 0
    outer loop
      vertex -41.5826 8.36746 3
      vertex -41.3808 8.02501 1
      vertex -41.3808 8.02501 3
    endloop
  endfacet
  facet normal 0.181829 0.683333 0.707103
    outer loop
      vertex -16.9159 9.83339 3
      vertex -15.8877 8.52501 4
      vertex -15.6289 9.49093 3
    endloop
  endfacet
  facet normal 0.181808 0.683326 0.707115
    outer loop
      vertex -15.8877 8.52501 4
      vertex -16.9159 9.83339 3
      vertex -17.1748 8.86746 4
    endloop
  endfacet
  facet normal 0.181829 0.683333 -0.707103
    outer loop
      vertex -15.8877 8.52501 0
      vertex -16.9159 9.83339 1
      vertex -15.6289 9.49093 1
    endloop
  endfacet
  facet normal 0.181808 0.683326 -0.707115
    outer loop
      vertex -16.9159 9.83339 1
      vertex -15.8877 8.52501 0
      vertex -17.1748 8.86746 0
    endloop
  endfacet
  facet normal 0.257144 0.966373 -0
    outer loop
      vertex -15.6289 9.49093 1
      vertex -16.9159 9.83339 3
      vertex -15.6289 9.49093 3
    endloop
  endfacet
  facet normal 0.257144 0.966373 0
    outer loop
      vertex -16.9159 9.83339 3
      vertex -15.6289 9.49093 1
      vertex -16.9159 9.83339 1
    endloop
  endfacet
  facet normal -0.609193 -0.358987 0.707115
    outer loop
      vertex -40.7165 8.86746 4
      vertex -41.3808 8.02501 3
      vertex -40.5147 8.52501 4
    endloop
  endfacet
  facet normal -0.609193 -0.358987 0.707115
    outer loop
      vertex -41.3808 8.02501 3
      vertex -40.7165 8.86746 4
      vertex -41.5826 8.36746 3
    endloop
  endfacet
  facet normal -0.609193 -0.358987 -0.707115
    outer loop
      vertex -41.3808 8.02501 1
      vertex -40.7165 8.86746 0
      vertex -40.5147 8.52501 0
    endloop
  endfacet
  facet normal -0.609193 -0.358987 -0.707115
    outer loop
      vertex -40.7165 8.86746 0
      vertex -41.3808 8.02501 1
      vertex -41.5826 8.36746 1
    endloop
  endfacet
  facet normal 0.257151 0.966371 -0
    outer loop
      vertex -15.4351 9.43936 1
      vertex -15.6289 9.49093 3
      vertex -15.4351 9.43936 3
    endloop
  endfacet
  facet normal 0.257151 0.966371 0
    outer loop
      vertex -15.6289 9.49093 3
      vertex -15.4351 9.43936 1
      vertex -15.6289 9.49093 1
    endloop
  endfacet
  facet normal 0.181833 0.683329 0.707106
    outer loop
      vertex -15.6289 9.49093 3
      vertex -15.6939 8.47343 4
      vertex -15.4351 9.43936 3
    endloop
  endfacet
  facet normal 0.181867 0.683323 0.707103
    outer loop
      vertex -15.6939 8.47343 4
      vertex -15.6289 9.49093 3
      vertex -15.8877 8.52501 4
    endloop
  endfacet
  facet normal -0.868057 -0.496465 0
    outer loop
      vertex -41.3513 7.97343 1
      vertex -41.3808 8.02501 3
      vertex -41.3808 8.02501 1
    endloop
  endfacet
  facet normal -0.868057 -0.496465 0
    outer loop
      vertex -41.3808 8.02501 3
      vertex -41.3513 7.97343 1
      vertex -41.3513 7.97343 3
    endloop
  endfacet
  facet normal -0.614333 -0.350163 0.707094
    outer loop
      vertex -40.5147 8.52501 4
      vertex -41.3513 7.97343 3
      vertex -40.4853 8.47343 4
    endloop
  endfacet
  facet normal -0.613791 -0.351044 0.707127
    outer loop
      vertex -41.3513 7.97343 3
      vertex -40.5147 8.52501 4
      vertex -41.3808 8.02501 3
    endloop
  endfacet
  facet normal -0.614333 -0.350163 -0.707094
    outer loop
      vertex -41.3513 7.97343 1
      vertex -40.5147 8.52501 0
      vertex -40.4853 8.47343 0
    endloop
  endfacet
  facet normal -0.613791 -0.351044 -0.707127
    outer loop
      vertex -40.5147 8.52501 0
      vertex -41.3513 7.97343 1
      vertex -41.3808 8.02501 1
    endloop
  endfacet
  facet normal 0.181833 0.683329 -0.707106
    outer loop
      vertex -15.6939 8.47343 0
      vertex -15.6289 9.49093 1
      vertex -15.4351 9.43936 1
    endloop
  endfacet
  facet normal 0.181867 0.683323 -0.707103
    outer loop
      vertex -15.6289 9.49093 1
      vertex -15.6939 8.47343 0
      vertex -15.8877 8.52501 0
    endloop
  endfacet
  facet normal -0.595583 -0.381881 0.706716
    outer loop
      vertex -42.1092 11.1484 4
      vertex -42.945 10.6013 3
      vertex -42.079 11.1013 4
    endloop
  endfacet
  facet normal -0.595583 -0.381881 0.706716
    outer loop
      vertex -42.945 10.6013 3
      vertex -42.1092 11.1484 4
      vertex -42.9752 10.6484 3
    endloop
  endfacet
  facet normal -0.841817 -0.539764 0
    outer loop
      vertex -42.945 10.6013 1
      vertex -42.9752 10.6484 3
      vertex -42.9752 10.6484 1
    endloop
  endfacet
  facet normal -0.841817 -0.539764 0
    outer loop
      vertex -42.9752 10.6484 3
      vertex -42.945 10.6013 1
      vertex -42.945 10.6013 3
    endloop
  endfacet
  facet normal 0.224813 0.671097 -0.706461
    outer loop
      vertex -24.4274 11.1484 0
      vertex -24.028 12.0673 1
      vertex -24.2868 11.1013 0
    endloop
  endfacet
  facet normal 0.22439 0.67126 -0.706442
    outer loop
      vertex -24.028 12.0673 1
      vertex -24.4274 11.1484 0
      vertex -24.1686 12.1143 1
    endloop
  endfacet
  facet normal -0.595583 -0.381881 -0.706716
    outer loop
      vertex -42.945 10.6013 1
      vertex -42.1092 11.1484 0
      vertex -42.079 11.1013 0
    endloop
  endfacet
  facet normal -0.595583 -0.381881 -0.706716
    outer loop
      vertex -42.1092 11.1484 0
      vertex -42.945 10.6013 1
      vertex -42.9752 10.6484 1
    endloop
  endfacet
  facet normal 0.22439 0.67126 0.706442
    outer loop
      vertex -24.4274 11.1484 4
      vertex -24.028 12.0673 3
      vertex -24.1686 12.1143 3
    endloop
  endfacet
  facet normal 0.224813 0.671097 0.706461
    outer loop
      vertex -24.028 12.0673 3
      vertex -24.4274 11.1484 4
      vertex -24.2868 11.1013 4
    endloop
  endfacet
  facet normal 0.317037 0.948413 -0
    outer loop
      vertex -24.028 12.0673 1
      vertex -24.1686 12.1143 3
      vertex -24.028 12.0673 3
    endloop
  endfacet
  facet normal 0.317037 0.948413 0
    outer loop
      vertex -24.1686 12.1143 3
      vertex -24.028 12.0673 1
      vertex -24.1686 12.1143 1
    endloop
  endfacet
  facet normal 0.317311 0.948322 -0
    outer loop
      vertex -22.0845 11.417 1
      vertex -24.028 12.0673 3
      vertex -22.0845 11.417 3
    endloop
  endfacet
  facet normal 0.317311 0.948322 0
    outer loop
      vertex -24.028 12.0673 3
      vertex -22.0845 11.417 1
      vertex -24.028 12.0673 1
    endloop
  endfacet
  facet normal 0.224582 0.671155 -0.70648
    outer loop
      vertex -24.2868 11.1013 0
      vertex -22.0845 11.417 1
      vertex -22.3434 10.451 0
    endloop
  endfacet
  facet normal 0.224575 0.671169 -0.706469
    outer loop
      vertex -22.0845 11.417 1
      vertex -24.2868 11.1013 0
      vertex -24.028 12.0673 1
    endloop
  endfacet
  facet normal -0.599773 -0.374916 -0.706902
    outer loop
      vertex -42.5386 9.95105 1
      vertex -42.079 11.1013 0
      vertex -41.6725 10.451 0
    endloop
  endfacet
  facet normal -0.599818 -0.37488 -0.706883
    outer loop
      vertex -42.079 11.1013 0
      vertex -42.5386 9.95105 1
      vertex -42.945 10.6013 1
    endloop
  endfacet
  facet normal -0.848002 -0.529993 0
    outer loop
      vertex -42.5386 9.95105 1
      vertex -42.945 10.6013 3
      vertex -42.945 10.6013 1
    endloop
  endfacet
  facet normal -0.848002 -0.529993 0
    outer loop
      vertex -42.945 10.6013 3
      vertex -42.5386 9.95105 1
      vertex -42.5386 9.95105 3
    endloop
  endfacet
  facet normal 0.224575 0.671169 0.706469
    outer loop
      vertex -24.2868 11.1013 4
      vertex -22.0845 11.417 3
      vertex -24.028 12.0673 3
    endloop
  endfacet
  facet normal 0.224582 0.671155 0.70648
    outer loop
      vertex -22.0845 11.417 3
      vertex -24.2868 11.1013 4
      vertex -22.3434 10.451 4
    endloop
  endfacet
  facet normal -0.599773 -0.374916 0.706902
    outer loop
      vertex -42.079 11.1013 4
      vertex -42.5386 9.95105 3
      vertex -41.6725 10.451 4
    endloop
  endfacet
  facet normal -0.599818 -0.37488 0.706883
    outer loop
      vertex -42.5386 9.95105 3
      vertex -42.079 11.1013 4
      vertex -42.945 10.6013 3
    endloop
  endfacet
  facet normal 0.333658 0.942694 -0
    outer loop
      vertex -27.7074 13.3384 1
      vertex -27.8368 13.3842 3
      vertex -27.7074 13.3384 3
    endloop
  endfacet
  facet normal 0.333658 0.942694 0
    outer loop
      vertex -27.8368 13.3842 3
      vertex -27.7074 13.3384 1
      vertex -27.8368 13.3842 1
    endloop
  endfacet
  facet normal 0.236092 0.667037 -0.706628
    outer loop
      vertex -28.0901 12.4145 0
      vertex -27.8368 13.3842 1
      vertex -27.7074 13.3384 1
    endloop
  endfacet
  facet normal 0.236092 0.667037 -0.706628
    outer loop
      vertex -27.8368 13.3842 1
      vertex -28.0901 12.4145 0
      vertex -28.2195 12.4603 0
    endloop
  endfacet
  facet normal 0.236092 0.667037 0.706628
    outer loop
      vertex -27.8368 13.3842 3
      vertex -28.0901 12.4145 4
      vertex -27.7074 13.3384 3
    endloop
  endfacet
  facet normal 0.236092 0.667037 0.706628
    outer loop
      vertex -28.0901 12.4145 4
      vertex -27.8368 13.3842 3
      vertex -28.2195 12.4603 4
    endloop
  endfacet
  facet normal -0.585477 -0.397562 0.706513
    outer loop
      vertex -43.7702 11.8516 3
      vertex -42.9457 12.4145 4
      vertex -42.9768 12.4603 4
    endloop
  endfacet
  facet normal -0.600372 -0.375233 0.706225
    outer loop
      vertex -42.9457 12.4145 4
      vertex -43.7702 11.8516 3
      vertex -43.7697 11.8508 3
    endloop
  endfacet
  facet normal -0.847998 -0.529999 0
    outer loop
      vertex -43.7697 11.8508 1
      vertex -43.7702 11.8516 3
      vertex -43.7702 11.8516 1
    endloop
  endfacet
  facet normal -0.847998 -0.529999 0
    outer loop
      vertex -43.7702 11.8516 3
      vertex -43.7697 11.8508 1
      vertex -43.7697 11.8508 3
    endloop
  endfacet
  facet normal -0.600372 -0.375233 -0.706225
    outer loop
      vertex -43.7702 11.8516 1
      vertex -42.9457 12.4145 0
      vertex -43.7697 11.8508 1
    endloop
  endfacet
  facet normal -0.585477 -0.397562 -0.706513
    outer loop
      vertex -42.9457 12.4145 0
      vertex -43.7702 11.8516 1
      vertex -42.9768 12.4603 0
    endloop
  endfacet
  facet normal 0.333497 0.942751 -0
    outer loop
      vertex -27.2486 13.1761 1
      vertex -27.7074 13.3384 3
      vertex -27.2486 13.1761 3
    endloop
  endfacet
  facet normal 0.333497 0.942751 0
    outer loop
      vertex -27.7074 13.3384 3
      vertex -27.2486 13.1761 1
      vertex -27.7074 13.3384 1
    endloop
  endfacet
  facet normal -0.834127 -0.551573 0
    outer loop
      vertex -43.7045 11.7522 1
      vertex -43.7697 11.8508 3
      vertex -43.7697 11.8508 1
    endloop
  endfacet
  facet normal -0.834127 -0.551573 0
    outer loop
      vertex -43.7697 11.8508 3
      vertex -43.7045 11.7522 1
      vertex -43.7045 11.7522 3
    endloop
  endfacet
  facet normal -0.59056 -0.390068 -0.70646
    outer loop
      vertex -43.7045 11.7522 1
      vertex -42.9457 12.4145 0
      vertex -42.8385 12.2522 0
    endloop
  endfacet
  facet normal -0.590335 -0.390364 -0.706484
    outer loop
      vertex -42.9457 12.4145 0
      vertex -43.7045 11.7522 1
      vertex -43.7697 11.8508 1
    endloop
  endfacet
  facet normal -0.59056 -0.390068 0.70646
    outer loop
      vertex -42.9457 12.4145 4
      vertex -43.7045 11.7522 3
      vertex -42.8385 12.2522 4
    endloop
  endfacet
  facet normal -0.590335 -0.390364 0.706484
    outer loop
      vertex -43.7045 11.7522 3
      vertex -42.9457 12.4145 4
      vertex -43.7697 11.8508 3
    endloop
  endfacet
  facet normal 0.235979 0.66708 -0.706624
    outer loop
      vertex -27.6313 12.2522 0
      vertex -27.7074 13.3384 1
      vertex -27.2486 13.1761 1
    endloop
  endfacet
  facet normal 0.235979 0.66708 -0.706624
    outer loop
      vertex -27.7074 13.3384 1
      vertex -27.6313 12.2522 0
      vertex -28.0901 12.4145 0
    endloop
  endfacet
  facet normal 0.235979 0.66708 0.706624
    outer loop
      vertex -27.7074 13.3384 3
      vertex -27.6313 12.2522 4
      vertex -27.2486 13.1761 3
    endloop
  endfacet
  facet normal 0.235979 0.66708 0.706624
    outer loop
      vertex -27.6313 12.2522 4
      vertex -27.7074 13.3384 3
      vertex -28.0901 12.4145 4
    endloop
  endfacet
  facet normal -0.575477 -0.411249 -0.706895
    outer loop
      vertex -44.6836 13.162 1
      vertex -43.86 13.7284 0
      vertex -44.6533 13.1196 1
    endloop
  endfacet
  facet normal -0.576112 -0.410344 -0.706904
    outer loop
      vertex -43.86 13.7284 0
      vertex -44.6836 13.162 1
      vertex -43.8902 13.7708 0
    endloop
  endfacet
  facet normal -0.576112 -0.410344 0.706904
    outer loop
      vertex -44.6836 13.162 3
      vertex -43.86 13.7284 4
      vertex -43.8902 13.7708 4
    endloop
  endfacet
  facet normal -0.575477 -0.411249 0.706895
    outer loop
      vertex -43.86 13.7284 4
      vertex -44.6836 13.162 3
      vertex -44.6533 13.1196 3
    endloop
  endfacet
  facet normal -0.813604 -0.58142 0
    outer loop
      vertex -44.6533 13.1196 1
      vertex -44.6836 13.162 3
      vertex -44.6836 13.162 1
    endloop
  endfacet
  facet normal -0.813604 -0.58142 0
    outer loop
      vertex -44.6836 13.162 3
      vertex -44.6533 13.1196 1
      vertex -44.6533 13.1196 3
    endloop
  endfacet
  facet normal 0.237829 0.666369 -0.706675
    outer loop
      vertex -31.7926 13.7284 0
      vertex -31.5287 14.6947 1
      vertex -31.4099 14.6523 1
    endloop
  endfacet
  facet normal 0.237829 0.666369 -0.706675
    outer loop
      vertex -31.5287 14.6947 1
      vertex -31.7926 13.7284 0
      vertex -31.9114 13.7708 0
    endloop
  endfacet
  facet normal 0.237829 0.666369 0.706675
    outer loop
      vertex -31.5287 14.6947 3
      vertex -31.7926 13.7284 4
      vertex -31.4099 14.6523 3
    endloop
  endfacet
  facet normal 0.237829 0.666369 0.706675
    outer loop
      vertex -31.7926 13.7284 4
      vertex -31.5287 14.6947 3
      vertex -31.9114 13.7708 4
    endloop
  endfacet
  facet normal 0.336136 0.941814 -0
    outer loop
      vertex -31.4099 14.6523 1
      vertex -31.5287 14.6947 3
      vertex -31.4099 14.6523 3
    endloop
  endfacet
  facet normal 0.336136 0.941814 0
    outer loop
      vertex -31.5287 14.6947 3
      vertex -31.4099 14.6523 1
      vertex -31.5287 14.6947 1
    endloop
  endfacet
  facet normal 0.334288 0.942471 -0
    outer loop
      vertex -35.1076 15.9664 1
      vertex -35.2184 16.0057 3
      vertex -35.1076 15.9664 3
    endloop
  endfacet
  facet normal 0.334288 0.942471 0
    outer loop
      vertex -35.2184 16.0057 3
      vertex -35.1076 15.9664 1
      vertex -35.2184 16.0057 1
    endloop
  endfacet
  facet normal -0.565551 -0.424523 0.707059
    outer loop
      vertex -45.6441 14.4731 3
      vertex -44.8213 15.0425 4
      vertex -44.8508 15.0818 4
    endloop
  endfacet
  facet normal -0.566225 -0.423588 0.707081
    outer loop
      vertex -44.8213 15.0425 4
      vertex -45.6441 14.4731 3
      vertex -45.6147 14.4338 3
    endloop
  endfacet
  facet normal -0.566225 -0.423588 -0.707081
    outer loop
      vertex -45.6441 14.4731 1
      vertex -44.8213 15.0425 0
      vertex -45.6147 14.4338 1
    endloop
  endfacet
  facet normal -0.565551 -0.424523 -0.707059
    outer loop
      vertex -44.8213 15.0425 0
      vertex -45.6441 14.4731 1
      vertex -44.8508 15.0818 0
    endloop
  endfacet
  facet normal 0.236533 0.666867 -0.70664
    outer loop
      vertex -35.4903 15.0425 0
      vertex -35.2184 16.0057 1
      vertex -35.1076 15.9664 1
    endloop
  endfacet
  facet normal 0.236533 0.666867 -0.70664
    outer loop
      vertex -35.2184 16.0057 1
      vertex -35.4903 15.0425 0
      vertex -35.6011 15.0818 0
    endloop
  endfacet
  facet normal -0.800733 -0.599022 0
    outer loop
      vertex -45.6147 14.4338 1
      vertex -45.6441 14.4731 3
      vertex -45.6441 14.4731 1
    endloop
  endfacet
  facet normal -0.800733 -0.599022 0
    outer loop
      vertex -45.6441 14.4731 3
      vertex -45.6147 14.4338 1
      vertex -45.6147 14.4338 3
    endloop
  endfacet
  facet normal 0.236533 0.666867 0.70664
    outer loop
      vertex -35.2184 16.0057 3
      vertex -35.4903 15.0425 4
      vertex -35.1076 15.9664 3
    endloop
  endfacet
  facet normal 0.236533 0.666867 0.70664
    outer loop
      vertex -35.4903 15.0425 4
      vertex -35.2184 16.0057 3
      vertex -35.6011 15.0818 4
    endloop
  endfacet
  facet normal 0.151341 -0.691105 0.706732
    outer loop
      vertex -31.5514 0.320297 4
      vertex -31.6217 -0.71771 3
      vertex -31.3883 -0.666599 3
    endloop
  endfacet
  facet normal 0.151325 -0.691106 0.706734
    outer loop
      vertex -31.6217 -0.71771 3
      vertex -31.5514 0.320297 4
      vertex -31.8806 0.248215 4
    endloop
  endfacet
  facet normal 0.213916 -0.976852 0
    outer loop
      vertex -31.6217 -0.71771 1
      vertex -31.3883 -0.666599 3
      vertex -31.6217 -0.71771 3
    endloop
  endfacet
  facet normal 0.213916 -0.976852 0
    outer loop
      vertex -31.3883 -0.666599 3
      vertex -31.6217 -0.71771 1
      vertex -31.3883 -0.666599 1
    endloop
  endfacet
  facet normal 0.151341 -0.691105 -0.706732
    outer loop
      vertex -31.6217 -0.71771 1
      vertex -31.5514 0.320297 0
      vertex -31.3883 -0.666599 1
    endloop
  endfacet
  facet normal 0.151325 -0.691106 -0.706734
    outer loop
      vertex -31.5514 0.320297 0
      vertex -31.6217 -0.71771 1
      vertex -31.8806 0.248215 0
    endloop
  endfacet
  facet normal -0.670226 -0.227803 -0.706331
    outer loop
      vertex -37.6818 -0.0106039 1
      vertex -36.7404 0.320297 0
      vertex -36.7159 0.248215 0
    endloop
  endfacet
  facet normal -0.670226 -0.227802 -0.706331
    outer loop
      vertex -36.7404 0.320297 0
      vertex -37.6818 -0.0106039 1
      vertex -37.7063 0.0614786 1
    endloop
  endfacet
  facet normal -0.670226 -0.227803 0.706331
    outer loop
      vertex -36.7404 0.320297 4
      vertex -37.6818 -0.0106039 3
      vertex -36.7159 0.248215 4
    endloop
  endfacet
  facet normal -0.670226 -0.227802 0.706331
    outer loop
      vertex -37.6818 -0.0106039 3
      vertex -36.7404 0.320297 4
      vertex -37.7063 0.0614786 3
    endloop
  endfacet
  facet normal -0.946805 -0.321808 0
    outer loop
      vertex -37.6818 -0.0106039 1
      vertex -37.7063 0.0614786 3
      vertex -37.7063 0.0614786 1
    endloop
  endfacet
  facet normal -0.946805 -0.321808 0
    outer loop
      vertex -37.7063 0.0614786 3
      vertex -37.6818 -0.0106039 1
      vertex -37.6818 -0.0106039 3
    endloop
  endfacet
  facet normal 0.203774 -0.677272 0.706951
    outer loop
      vertex -31.8806 0.248215 4
      vertex -32.2804 -0.915896 3
      vertex -31.6217 -0.71771 3
    endloop
  endfacet
  facet normal 0.203786 -0.677272 0.706947
    outer loop
      vertex -32.2804 -0.915896 3
      vertex -31.8806 0.248215 4
      vertex -32.6001 0.031723 4
    endloop
  endfacet
  facet normal -0.670382 -0.227288 0.706348
    outer loop
      vertex -36.7159 0.248215 4
      vertex -37.6084 -0.227096 3
      vertex -36.6425 0.031723 4
    endloop
  endfacet
  facet normal -0.670382 -0.227288 0.706348
    outer loop
      vertex -37.6084 -0.227096 3
      vertex -36.7159 0.248215 4
      vertex -37.6818 -0.0106039 3
    endloop
  endfacet
  facet normal -0.947049 -0.32109 0
    outer loop
      vertex -37.6084 -0.227096 1
      vertex -37.6818 -0.0106039 3
      vertex -37.6818 -0.0106039 1
    endloop
  endfacet
  facet normal -0.947049 -0.32109 0
    outer loop
      vertex -37.6818 -0.0106039 3
      vertex -37.6084 -0.227096 1
      vertex -37.6084 -0.227096 3
    endloop
  endfacet
  facet normal -0.670382 -0.227288 -0.706348
    outer loop
      vertex -37.6084 -0.227096 1
      vertex -36.7159 0.248215 0
      vertex -36.6425 0.031723 0
    endloop
  endfacet
  facet normal -0.670382 -0.227288 -0.706348
    outer loop
      vertex -36.7159 0.248215 0
      vertex -37.6084 -0.227096 1
      vertex -37.6818 -0.0106039 1
    endloop
  endfacet
  facet normal 0.288116 -0.957596 0
    outer loop
      vertex -32.2804 -0.915896 1
      vertex -31.6217 -0.71771 3
      vertex -32.2804 -0.915896 3
    endloop
  endfacet
  facet normal 0.288116 -0.957596 0
    outer loop
      vertex -31.6217 -0.71771 3
      vertex -32.2804 -0.915896 1
      vertex -31.6217 -0.71771 1
    endloop
  endfacet
  facet normal 0.203774 -0.677272 -0.706951
    outer loop
      vertex -32.2804 -0.915896 1
      vertex -31.8806 0.248215 0
      vertex -31.6217 -0.71771 1
    endloop
  endfacet
  facet normal 0.203786 -0.677272 -0.706947
    outer loop
      vertex -31.8806 0.248215 0
      vertex -32.2804 -0.915896 1
      vertex -32.6001 0.031723 0
    endloop
  endfacet
  facet normal -0.670426 -0.227144 0.706353
    outer loop
      vertex -36.7707 0.409729 4
      vertex -37.7063 0.0614786 3
      vertex -36.7404 0.320297 4
    endloop
  endfacet
  facet normal -0.670425 -0.227145 0.706353
    outer loop
      vertex -37.7063 0.0614786 3
      vertex -36.7707 0.409729 4
      vertex -37.7366 0.15091 3
    endloop
  endfacet
  facet normal 0.138516 -0.99036 0
    outer loop
      vertex -31.3883 -0.666599 1
      vertex -30.7972 -0.583925 3
      vertex -31.3883 -0.666599 3
    endloop
  endfacet
  facet normal 0.138516 -0.99036 0
    outer loop
      vertex -30.7972 -0.583925 3
      vertex -31.3883 -0.666599 1
      vertex -30.7972 -0.583925 1
    endloop
  endfacet
  facet normal 0.0979477 -0.700303 -0.707094
    outer loop
      vertex -31.3883 -0.666599 1
      vertex -30.9119 0.409729 0
      vertex -30.7972 -0.583925 1
    endloop
  endfacet
  facet normal 0.0979348 -0.700301 -0.707098
    outer loop
      vertex -30.9119 0.409729 0
      vertex -31.3883 -0.666599 1
      vertex -31.5514 0.320297 0
    endloop
  endfacet
  facet normal -0.670426 -0.227144 -0.706353
    outer loop
      vertex -37.7063 0.0614786 1
      vertex -36.7707 0.409729 0
      vertex -36.7404 0.320297 0
    endloop
  endfacet
  facet normal -0.670425 -0.227145 -0.706353
    outer loop
      vertex -36.7707 0.409729 0
      vertex -37.7063 0.0614786 1
      vertex -37.7366 0.15091 1
    endloop
  endfacet
  facet normal -0.947117 -0.32089 0
    outer loop
      vertex -37.7063 0.0614786 1
      vertex -37.7366 0.15091 3
      vertex -37.7366 0.15091 1
    endloop
  endfacet
  facet normal -0.947117 -0.32089 0
    outer loop
      vertex -37.7366 0.15091 3
      vertex -37.7063 0.0614786 1
      vertex -37.7063 0.0614786 3
    endloop
  endfacet
  facet normal 0.0979477 -0.700303 0.707094
    outer loop
      vertex -30.9119 0.409729 4
      vertex -31.3883 -0.666599 3
      vertex -30.7972 -0.583925 3
    endloop
  endfacet
  facet normal 0.0979348 -0.700301 0.707098
    outer loop
      vertex -31.3883 -0.666599 3
      vertex -30.9119 0.409729 4
      vertex -31.5514 0.320297 4
    endloop
  endfacet
  facet normal -0.946922 -0.321464 0
    outer loop
      vertex -37.7366 0.15091 1
      vertex -37.7435 0.171235 3
      vertex -37.7435 0.171235 1
    endloop
  endfacet
  facet normal -0.946922 -0.321464 0
    outer loop
      vertex -37.7435 0.171235 3
      vertex -37.7366 0.15091 1
      vertex -37.7366 0.15091 3
    endloop
  endfacet
  facet normal 0.0390881 -0.706567 0.706566
    outer loop
      vertex -30.7972 -0.583925 3
      vertex -30.5445 0.430054 4
      vertex -30.9119 0.409729 4
    endloop
  endfacet
  facet normal 0.0390862 -0.706566 0.706566
    outer loop
      vertex -30.5445 0.430054 4
      vertex -30.7972 -0.583925 3
      vertex -30.5445 -0.569946 3
    endloop
  endfacet
  facet normal 0.0552341 -0.998473 0
    outer loop
      vertex -30.7972 -0.583925 1
      vertex -30.5445 -0.569946 3
      vertex -30.7972 -0.583925 3
    endloop
  endfacet
  facet normal 0.0552341 -0.998473 0
    outer loop
      vertex -30.5445 -0.569946 3
      vertex -30.7972 -0.583925 1
      vertex -30.5445 -0.569946 1
    endloop
  endfacet
  facet normal -0.670301 -0.227556 0.706339
    outer loop
      vertex -36.7776 0.430054 4
      vertex -37.7366 0.15091 3
      vertex -36.7707 0.409729 4
    endloop
  endfacet
  facet normal -0.670301 -0.227556 0.706339
    outer loop
      vertex -37.7366 0.15091 3
      vertex -36.7776 0.430054 4
      vertex -37.7435 0.171235 3
    endloop
  endfacet
  facet normal -0.670301 -0.227556 -0.706339
    outer loop
      vertex -37.7366 0.15091 1
      vertex -36.7776 0.430054 0
      vertex -36.7707 0.409729 0
    endloop
  endfacet
  facet normal -0.670301 -0.227556 -0.706339
    outer loop
      vertex -36.7776 0.430054 0
      vertex -37.7366 0.15091 1
      vertex -37.7435 0.171235 1
    endloop
  endfacet
  facet normal 0.0390881 -0.706567 -0.706566
    outer loop
      vertex -30.5445 0.430054 0
      vertex -30.7972 -0.583925 1
      vertex -30.9119 0.409729 0
    endloop
  endfacet
  facet normal 0.0390862 -0.706566 -0.706566
    outer loop
      vertex -30.7972 -0.583925 1
      vertex -30.5445 0.430054 0
      vertex -30.5445 -0.569946 1
    endloop
  endfacet
  facet normal 0.232962 0.668234 0.706536
    outer loop
      vertex -27.2486 13.1761 3
      vertex -27.6204 12.2484 4
      vertex -27.2377 13.1723 3
    endloop
  endfacet
  facet normal 0.232962 0.668234 0.706536
    outer loop
      vertex -27.6204 12.2484 4
      vertex -27.2486 13.1761 3
      vertex -27.6313 12.2522 4
    endloop
  endfacet
  facet normal -0.591237 -0.388972 -0.706498
    outer loop
      vertex -43.702 11.7484 1
      vertex -42.8385 12.2522 0
      vertex -42.836 12.2484 0
    endloop
  endfacet
  facet normal -0.591237 -0.388972 -0.706498
    outer loop
      vertex -42.8385 12.2522 0
      vertex -43.702 11.7484 1
      vertex -43.7045 11.7522 1
    endloop
  endfacet
  facet normal 0.232962 0.668234 -0.706536
    outer loop
      vertex -27.6204 12.2484 0
      vertex -27.2486 13.1761 1
      vertex -27.2377 13.1723 1
    endloop
  endfacet
  facet normal 0.232962 0.668234 -0.706536
    outer loop
      vertex -27.2486 13.1761 1
      vertex -27.6204 12.2484 0
      vertex -27.6313 12.2522 0
    endloop
  endfacet
  facet normal -0.835417 -0.549617 0
    outer loop
      vertex -43.702 11.7484 1
      vertex -43.7045 11.7522 3
      vertex -43.7045 11.7522 1
    endloop
  endfacet
  facet normal -0.835417 -0.549617 0
    outer loop
      vertex -43.7045 11.7522 3
      vertex -43.702 11.7484 1
      vertex -43.702 11.7484 3
    endloop
  endfacet
  facet normal 0.329193 0.944263 -0
    outer loop
      vertex -27.2377 13.1723 1
      vertex -27.2486 13.1761 3
      vertex -27.2377 13.1723 3
    endloop
  endfacet
  facet normal 0.329193 0.944263 0
    outer loop
      vertex -27.2486 13.1761 3
      vertex -27.2377 13.1723 1
      vertex -27.2486 13.1761 1
    endloop
  endfacet
  facet normal -0.591237 -0.388972 0.706498
    outer loop
      vertex -42.8385 12.2522 4
      vertex -43.702 11.7484 3
      vertex -42.836 12.2484 4
    endloop
  endfacet
  facet normal -0.591237 -0.388972 0.706498
    outer loop
      vertex -43.702 11.7484 3
      vertex -42.8385 12.2522 4
      vertex -43.7045 11.7522 3
    endloop
  endfacet
  facet normal 0.22659 -0.97399 0
    outer loop
      vertex -19.1661 -6.96489 1
      vertex -18.4152 -6.7902 3
      vertex -19.1661 -6.96489 3
    endloop
  endfacet
  facet normal 0.22659 -0.97399 0
    outer loop
      vertex -18.4152 -6.7902 3
      vertex -19.1661 -6.96489 1
      vertex -18.4152 -6.7902 1
    endloop
  endfacet
  facet normal -0.940331 -0.340261 0
    outer loop
      vertex -24.5362 -6.38165 1
      vertex -24.6059 -6.18903 3
      vertex -24.6059 -6.18903 1
    endloop
  endfacet
  facet normal -0.940331 -0.340261 0
    outer loop
      vertex -24.6059 -6.18903 3
      vertex -24.5362 -6.38165 1
      vertex -24.5362 -6.38165 3
    endloop
  endfacet
  facet normal 0.160256 -0.688914 0.706906
    outer loop
      vertex -19.4249 -5.99896 4
      vertex -18.4152 -6.7902 3
      vertex -18.5969 -5.80635 4
    endloop
  endfacet
  facet normal 0.160267 -0.688905 0.706911
    outer loop
      vertex -18.4152 -6.7902 3
      vertex -19.4249 -5.99896 4
      vertex -19.1661 -6.96489 3
    endloop
  endfacet
  facet normal 0.160267 -0.688905 -0.706911
    outer loop
      vertex -19.4249 -5.99896 0
      vertex -18.4152 -6.7902 1
      vertex -19.1661 -6.96489 1
    endloop
  endfacet
  facet normal 0.160256 -0.688914 -0.706906
    outer loop
      vertex -18.4152 -6.7902 1
      vertex -19.4249 -5.99896 0
      vertex -18.5969 -5.80635 0
    endloop
  endfacet
  facet normal -0.665252 -0.240723 -0.706748
    outer loop
      vertex -24.6059 -6.18903 1
      vertex -23.6123 -5.99896 0
      vertex -24.5362 -6.38165 1
    endloop
  endfacet
  facet normal -0.665248 -0.240734 -0.706747
    outer loop
      vertex -23.6123 -5.99896 0
      vertex -24.6059 -6.18903 1
      vertex -23.682 -5.80635 0
    endloop
  endfacet
  facet normal -0.665248 -0.240734 0.706747
    outer loop
      vertex -24.6059 -6.18903 3
      vertex -23.6123 -5.99896 4
      vertex -23.682 -5.80635 4
    endloop
  endfacet
  facet normal -0.665252 -0.240723 0.706748
    outer loop
      vertex -23.6123 -5.99896 4
      vertex -24.6059 -6.18903 3
      vertex -24.5362 -6.38165 3
    endloop
  endfacet
  facet normal 0.497983 -0.502015 -0.707103
    outer loop
      vertex 4.58482 -14.6502 1
      vertex 3.92378 -13.8974 0
      vertex 4.63089 -14.6045 1
    endloop
  endfacet
  facet normal 0.498039 -0.501962 -0.707101
    outer loop
      vertex 3.92378 -13.8974 0
      vertex 4.58482 -14.6502 1
      vertex 3.87772 -13.9431 0
    endloop
  endfacet
  facet normal 0.497983 -0.502015 0.707103
    outer loop
      vertex 3.92378 -13.8974 4
      vertex 4.58482 -14.6502 3
      vertex 4.63089 -14.6045 3
    endloop
  endfacet
  facet normal 0.498039 -0.501962 0.707101
    outer loop
      vertex 4.58482 -14.6502 3
      vertex 3.92378 -13.8974 4
      vertex 3.87772 -13.9431 4
    endloop
  endfacet
  facet normal -0.70425 -0.709952 0
    outer loop
      vertex -4.63089 -14.6045 1
      vertex -4.58482 -14.6502 3
      vertex -4.63089 -14.6045 3
    endloop
  endfacet
  facet normal -0.70425 -0.709952 -0
    outer loop
      vertex -4.58482 -14.6502 3
      vertex -4.63089 -14.6045 1
      vertex -4.58482 -14.6502 1
    endloop
  endfacet
  facet normal -0.498039 -0.501962 0.707101
    outer loop
      vertex -3.92378 -13.8974 4
      vertex -4.58482 -14.6502 3
      vertex -3.87772 -13.9431 4
    endloop
  endfacet
  facet normal -0.497983 -0.502015 0.707103
    outer loop
      vertex -4.58482 -14.6502 3
      vertex -3.92378 -13.8974 4
      vertex -4.63089 -14.6045 3
    endloop
  endfacet
  facet normal 0.70425 -0.709952 0
    outer loop
      vertex 4.58482 -14.6502 1
      vertex 4.63089 -14.6045 3
      vertex 4.58482 -14.6502 3
    endloop
  endfacet
  facet normal 0.70425 -0.709952 0
    outer loop
      vertex 4.63089 -14.6045 3
      vertex 4.58482 -14.6502 1
      vertex 4.63089 -14.6045 1
    endloop
  endfacet
  facet normal -0.498039 -0.501962 -0.707101
    outer loop
      vertex -4.58482 -14.6502 1
      vertex -3.92378 -13.8974 0
      vertex -3.87772 -13.9431 0
    endloop
  endfacet
  facet normal -0.497983 -0.502015 -0.707103
    outer loop
      vertex -3.92378 -13.8974 0
      vertex -4.58482 -14.6502 1
      vertex -4.63089 -14.6045 1
    endloop
  endfacet
  facet normal 0.490675 -0.50924 0.707045
    outer loop
      vertex 5.66444 -12.2202 4
      vertex 4.63089 -14.6045 3
      vertex 6.37155 -12.9273 3
    endloop
  endfacet
  facet normal 0.490675 -0.50924 0.707045
    outer loop
      vertex 4.63089 -14.6045 3
      vertex 5.66444 -12.2202 4
      vertex 3.92378 -13.8974 4
    endloop
  endfacet
  facet normal -0.490675 -0.50924 -0.707045
    outer loop
      vertex -4.63089 -14.6045 1
      vertex -5.66444 -12.2202 0
      vertex -3.92378 -13.8974 0
    endloop
  endfacet
  facet normal -0.490675 -0.50924 -0.707045
    outer loop
      vertex -5.66444 -12.2202 0
      vertex -4.63089 -14.6045 1
      vertex -6.37155 -12.9273 1
    endloop
  endfacet
  facet normal -0.490675 -0.50924 0.707045
    outer loop
      vertex -5.66444 -12.2202 4
      vertex -4.63089 -14.6045 3
      vertex -3.92378 -13.8974 4
    endloop
  endfacet
  facet normal -0.490675 -0.50924 0.707045
    outer loop
      vertex -4.63089 -14.6045 3
      vertex -5.66444 -12.2202 4
      vertex -6.37155 -12.9273 3
    endloop
  endfacet
  facet normal -0.693858 -0.720112 0
    outer loop
      vertex -6.37155 -12.9273 1
      vertex -4.63089 -14.6045 3
      vertex -6.37155 -12.9273 3
    endloop
  endfacet
  facet normal -0.693858 -0.720112 -0
    outer loop
      vertex -4.63089 -14.6045 3
      vertex -6.37155 -12.9273 1
      vertex -4.63089 -14.6045 1
    endloop
  endfacet
  facet normal 0.693858 -0.720112 0
    outer loop
      vertex 4.63089 -14.6045 1
      vertex 6.37155 -12.9273 3
      vertex 4.63089 -14.6045 3
    endloop
  endfacet
  facet normal 0.693858 -0.720112 0
    outer loop
      vertex 6.37155 -12.9273 3
      vertex 4.63089 -14.6045 1
      vertex 6.37155 -12.9273 1
    endloop
  endfacet
  facet normal 0.490675 -0.50924 -0.707045
    outer loop
      vertex 4.63089 -14.6045 1
      vertex 5.66444 -12.2202 0
      vertex 6.37155 -12.9273 1
    endloop
  endfacet
  facet normal 0.490675 -0.50924 -0.707045
    outer loop
      vertex 5.66444 -12.2202 0
      vertex 4.63089 -14.6045 1
      vertex 3.92378 -13.8974 0
    endloop
  endfacet
  facet normal 0.146552 -0.989203 0
    outer loop
      vertex -18.4152 -6.7902 1
      vertex -18.1122 -6.74531 3
      vertex -18.4152 -6.7902 3
    endloop
  endfacet
  facet normal 0.146552 -0.989203 0
    outer loop
      vertex -18.1122 -6.74531 3
      vertex -18.4152 -6.7902 1
      vertex -18.1122 -6.74531 1
    endloop
  endfacet
  facet normal -0.940295 -0.340362 0
    outer loop
      vertex -24.6059 -6.18903 1
      vertex -24.6249 -6.13654 3
      vertex -24.6249 -6.13654 1
    endloop
  endfacet
  facet normal -0.940295 -0.340362 0
    outer loop
      vertex -24.6249 -6.13654 3
      vertex -24.6059 -6.18903 1
      vertex -24.6059 -6.18903 3
    endloop
  endfacet
  facet normal 0.103634 -0.699512 0.707066
    outer loop
      vertex -18.2428 -5.75386 4
      vertex -18.4152 -6.7902 3
      vertex -18.1122 -6.74531 3
    endloop
  endfacet
  facet normal 0.103692 -0.699513 0.707057
    outer loop
      vertex -18.4152 -6.7902 3
      vertex -18.2428 -5.75386 4
      vertex -18.5969 -5.80635 4
    endloop
  endfacet
  facet normal -0.665225 -0.240794 -0.706749
    outer loop
      vertex -24.6249 -6.13654 1
      vertex -23.682 -5.80635 0
      vertex -24.6059 -6.18903 1
    endloop
  endfacet
  facet normal -0.665225 -0.240794 -0.706749
    outer loop
      vertex -23.682 -5.80635 0
      vertex -24.6249 -6.13654 1
      vertex -23.701 -5.75386 0
    endloop
  endfacet
  facet normal -0.665225 -0.240794 0.706749
    outer loop
      vertex -24.6249 -6.13654 3
      vertex -23.682 -5.80635 4
      vertex -23.701 -5.75386 4
    endloop
  endfacet
  facet normal -0.665225 -0.240794 0.706749
    outer loop
      vertex -23.682 -5.80635 4
      vertex -24.6249 -6.13654 3
      vertex -24.6059 -6.18903 3
    endloop
  endfacet
  facet normal 0.103634 -0.699512 -0.707066
    outer loop
      vertex -18.4152 -6.7902 1
      vertex -18.2428 -5.75386 0
      vertex -18.1122 -6.74531 1
    endloop
  endfacet
  facet normal 0.103692 -0.699513 -0.707057
    outer loop
      vertex -18.2428 -5.75386 0
      vertex -18.4152 -6.7902 1
      vertex -18.5969 -5.80635 0
    endloop
  endfacet
  facet normal 0.0464503 -0.706337 0.706351
    outer loop
      vertex -17.3975 -5.69829 4
      vertex -18.1122 -6.74531 3
      vertex -17.3972 -6.69829 3
    endloop
  endfacet
  facet normal 0.0464342 -0.706331 0.706357
    outer loop
      vertex -18.1122 -6.74531 3
      vertex -17.3975 -5.69829 4
      vertex -18.2428 -5.75386 4
    endloop
  endfacet
  facet normal 0.0656205 -0.997845 0
    outer loop
      vertex -18.1122 -6.74531 1
      vertex -17.3972 -6.69829 3
      vertex -18.1122 -6.74531 3
    endloop
  endfacet
  facet normal 0.0656205 -0.997845 0
    outer loop
      vertex -17.3972 -6.69829 3
      vertex -18.1122 -6.74531 1
      vertex -17.3972 -6.69829 1
    endloop
  endfacet
  facet normal -0.940375 -0.340139 0
    outer loop
      vertex -24.6249 -6.13654 1
      vertex -24.645 -6.08097 3
      vertex -24.645 -6.08097 1
    endloop
  endfacet
  facet normal -0.940375 -0.340139 0
    outer loop
      vertex -24.645 -6.08097 3
      vertex -24.6249 -6.13654 1
      vertex -24.6249 -6.13654 3
    endloop
  endfacet
  facet normal -0.665286 -0.240638 -0.706745
    outer loop
      vertex -24.645 -6.08097 1
      vertex -23.701 -5.75386 0
      vertex -24.6249 -6.13654 1
    endloop
  endfacet
  facet normal -0.665286 -0.240638 -0.706745
    outer loop
      vertex -23.701 -5.75386 0
      vertex -24.645 -6.08097 1
      vertex -23.7211 -5.69829 0
    endloop
  endfacet
  facet normal -0.665286 -0.240638 0.706745
    outer loop
      vertex -24.645 -6.08097 3
      vertex -23.701 -5.75386 4
      vertex -23.7211 -5.69829 4
    endloop
  endfacet
  facet normal -0.665286 -0.240638 0.706745
    outer loop
      vertex -23.701 -5.75386 4
      vertex -24.645 -6.08097 3
      vertex -24.6249 -6.13654 3
    endloop
  endfacet
  facet normal 0.0464503 -0.706337 -0.706351
    outer loop
      vertex -18.1122 -6.74531 1
      vertex -17.3975 -5.69829 0
      vertex -17.3972 -6.69829 1
    endloop
  endfacet
  facet normal 0.0464342 -0.706331 -0.706357
    outer loop
      vertex -17.3975 -5.69829 0
      vertex -18.1122 -6.74531 1
      vertex -18.2428 -5.75386 0
    endloop
  endfacet
  facet normal 0.481268 -0.518392 -0.70686
    outer loop
      vertex 6.37155 -12.9273 1
      vertex 5.7224 -12.1664 0
      vertex 6.4295 -12.8735 1
    endloop
  endfacet
  facet normal 0.481223 -0.518432 -0.706861
    outer loop
      vertex 5.7224 -12.1664 0
      vertex 6.37155 -12.9273 1
      vertex 5.66444 -12.2202 0
    endloop
  endfacet
  facet normal 0.481268 -0.518392 0.70686
    outer loop
      vertex 5.7224 -12.1664 4
      vertex 6.37155 -12.9273 3
      vertex 6.4295 -12.8735 3
    endloop
  endfacet
  facet normal 0.481223 -0.518432 0.706861
    outer loop
      vertex 6.37155 -12.9273 3
      vertex 5.7224 -12.1664 4
      vertex 5.66444 -12.2202 4
    endloop
  endfacet
  facet normal -0.481223 -0.518432 0.706861
    outer loop
      vertex -5.7224 -12.1664 4
      vertex -6.37155 -12.9273 3
      vertex -5.66444 -12.2202 4
    endloop
  endfacet
  facet normal -0.481268 -0.518392 0.70686
    outer loop
      vertex -6.37155 -12.9273 3
      vertex -5.7224 -12.1664 4
      vertex -6.4295 -12.8735 3
    endloop
  endfacet
  facet normal 0.680378 -0.732861 0
    outer loop
      vertex 6.37155 -12.9273 1
      vertex 6.4295 -12.8735 3
      vertex 6.37155 -12.9273 3
    endloop
  endfacet
  facet normal 0.680378 -0.732861 0
    outer loop
      vertex 6.4295 -12.8735 3
      vertex 6.37155 -12.9273 1
      vertex 6.4295 -12.8735 1
    endloop
  endfacet
  facet normal -0.680378 -0.732861 0
    outer loop
      vertex -6.4295 -12.8735 1
      vertex -6.37155 -12.9273 3
      vertex -6.4295 -12.8735 3
    endloop
  endfacet
  facet normal -0.680378 -0.732861 -0
    outer loop
      vertex -6.37155 -12.9273 3
      vertex -6.4295 -12.8735 1
      vertex -6.37155 -12.9273 1
    endloop
  endfacet
  facet normal -0.481223 -0.518432 -0.706861
    outer loop
      vertex -6.37155 -12.9273 1
      vertex -5.7224 -12.1664 0
      vertex -5.66444 -12.2202 0
    endloop
  endfacet
  facet normal -0.481268 -0.518392 -0.70686
    outer loop
      vertex -5.7224 -12.1664 0
      vertex -6.37155 -12.9273 1
      vertex -6.4295 -12.8735 1
    endloop
  endfacet
endsolid OpenSCAD_Model
